0 0 0.21751 0 0 0 0 0 0 0 0 0
0 0 0.2175 0 0 0 0 0 0 0 0 0
0 0 0.217498 0 0 0 0 0 0 0 0 0
0 0 0.217506 0 0 0 0 0 0 0 0 0
0 0 0.217482 0 0 0 0 0 0 0 0 0
0 0 0.217504 0 0 0 0 0 0 0 0 0
0 0 0.217495 0 0 0 0 0 0 0 0 0
0 0 0.217491 0 0 0 0 0 0 0 0 0
0 0 0.217501 0 0 0 0 0 0 0 0 0
0 0 0.217492 0 0 0 0 0 0 0 0 0
0 0 0.217481 0 0 0 0 0 0 0 0 0
0 0 0.217482 0 0 0 0 0 0 0 0 0
0 0 0.217503 0 0 0 0 0 0 0 0 0
0 0 0.217477 0 0 0 0 0 0 0 0 0
0 0 0.217486 0 0 0 0 0 0 0 0 0
0 0 0.217483 0 0 0 0 0 0 0 0 0
0 0 0.217475 0 0 0 0 0 0 0 0 0
0 0 0.217495 0 0 0 0 0 0 0 0 0
0 0 0.217484 0 0 0 0 0 0 0 0 0
0 0 0.217497 0 0 0 0 0 0 0 0 0
0 0 0.217485 0 0 0 0 0 0 0 0 0
0 0 0.217465 0 0 0 0 0 0 0 0 0
0 0 0.217485 0 0 0 0 0 0 0 0 0
0 0 0.217501 0 0 0 0 0 0 0 0 0
0 0 0.217486 0 0 0 0 0 0 0 0 0
0 0 0.217485 0 0 0 0 0 0 0 0 0
0 0 0.217501 0 0 0 0 0 0 0 0 0
0 0 0.217507 0 0 0 0 0 0 0 0 0
0 0 0.217468 0 0 0 0 0 0 0 0 0
0 0 0.217494 0 0 0 0 0 0 0 0 0
0 0 0.217506 0 0 0 0 0 0 0 0 0
0 0 0.217472 0 0 0 0 0 0 0 0 0
0 0 0.217495 0 0 0 0 0 0 0 0 0
0 0 0.217483 0 0 0 0 0 0 0 0 0
0 0 0.21749 0 0 0 0 0 0 0 0 0
0 0 0.217478 0 0 0 0 0 0 0 0 0
0 0 0.217494 0 0 0 0 0 0 0 0 0
0 0 0.21748 0 0 0 0 0 0 0 0 0
0 0 0.21749 0 0 0 0 0 0 0 0 0
0 0 0.21748 0 0 0 0 0 0 0 0 0
0 0 0.217468 0 0 0 0 0 0 0 0 0
0 0 0.217476 0 0 0 0 0 0 0 0 0
0 0 0.217487 0 0 0 0 0 0 0 0 0
0 0 0.217486 0 0 0 0 0 0 0 0 0
0 0 0.217476 0 0 0 0 0 0 0 0 0
0 0 0.217491 0 0 0 0 0 0 0 0 0
0 0 0.217485 0 0 0 0 0 0 0 0 0
0 0 0.217496 0 0 0 0 0 0 0 0 0
0 0 0.217497 0 0 0 0 0 0 0 0 0
0 0 0.217498 0 0 0 0 0 0 0 0 0
0 0 0.217492 0 0 0 0 0 0 0 0 0
0 0 0.217495 0 0 0 0 0 0 0 0 0
0 0 0.217494 0 0 0 0 0 0 0 0 0
0 0 0.217474 0 0 0 0 0 0 0 0 0
0 0 0.217494 0 0 0 0 0 0 0 0 0
0 0 0.217485 0 0 0 0 0 0 0 0 0
0 0 0.217476 0 0 0 0 0 0 0 0 0
0 0 0.217473 0 0 0 0 0 0 0 0 0
0 0 0.217501 0 0 0 0 0 0 0 0 0
0 0 0.217481 0 0 0 0 0 0 0 0 0
0 0 0.217486 0 0 0 0 0 0 0 0 0
0 0 0.217496 0 0 0 0 0 0 0 0 0
0 0 0.217499 0 0 0 0 0 0 0 0 0
0 0 0.217478 0 0 0 0 0 0 0 0 0
0 0 0.217486 0 0 0 0 0 0 0 0 0
0 0 0.217496 0 0 0 0 0 0 0 0 0
0 0 0.217477 0 0 0 0 0 0 0 0 0
0 0 0.217495 0 0 0 0 0 0 0 0 0
0 0 0.21748 0 0 0 0 0 0 0 0 0
0 0 0.217494 0 0 0 0 0 0 0 0 0
0 0 0.217483 0 0 0 0 0 0 0 0 0
0 0 0.217507 0 0 0 0 0 0 0 0 0
0 0 0.217461 0 0 0 0 0 0 0 0 0
0 0 0.21747 0 0 0 0 0 0 0 0 0
0 0 0.217481 0 0 0 0 0 0 0 0 0
0 0 0.217482 0 0 0 0 0 0 0 0 0
0 0 0.217497 0 0 0 0 0 0 0 0 0
0 0 0.217482 0 0 0 0 0 0 0 0 0
0 0 0.217472 0 0 0 0 0 0 0 0 0
0 0 0.21748 0 0 0 0 0 0 0 0 0
0 0 0.217493 0 0 0 0 0 0 0 0 0
0 0 0.217471 0 0 0 0 0 0 0 0 0
0 0 0.217485 0 0 0 0 0 0 0 0 0
0 0 0.217489 0 0 0 0 0 0 0 0 0
0 0 0.217512 0 0 0 0 0 0 0 0 0
0 0 0.217516 0 0 0 0 0 0 0 0 0
0 0 0.21749 0 0 0 0 0 0 0 0 0
0 0 0.217492 0 0 0 0 0 0 0 0 0
0 0 0.217504 0 0 0 0 0 0 0 0 0
0 0 0.217502 0 0 0 0 0 0 0 0 0
0 0 0.217494 0 0 0 0 0 0 0 0 0
0 0 0.2175 0 0 0 0 0 0 0 0 0
0 0 0.217515 0 0 0 0 0 0 0 0 0
0 0 0.217491 0 0 0 0 0 0 0 0 0
0 0 0.21749 0 0 0 0 0 0 0 0 0
0 0 0.217503 0 0 0 0 0 0 0 0 0
0 0 0.217492 0 0 0 0 0 0 0 0 0
0 0 0.217494 0 0 0 0 0 0 0 0 0
0 0 0.217482 0 0 0 0 0 0 0 0 0
0 0 0.217489 0 0 0 0 0 0 0 0 0
0 0 0.217484 0 0 0 0 0 0 0 0 0
0 0 0.217483 0 0 0 0 0 0 0 0 0
0 0 0.217492 0 0 0 0 0 0 0 0 0
0 0 0.217495 0 0 0 0 0 0 0 0 0
0 0 0.217485 0 0 0 0 0 0 0 0 0
0 0 0.217475 0 0 0 0 0 0 0 0 0
0 0 0.21749 0 0 0 0 0 0 0 0 0
0 0 0.217489 0 0 0 0 0 0 0 0 0
0 0 0.217477 0 0 0 0 0 0 0 0 0
0 0 0.217485 0 0 0 0 0 0 0 0 0
0 0 0.217501 0 0 0 0 0 0 0 0 0
0 0 0.217487 0 0 0 0 0 0 0 0 0
0 0 0.217491 0 0 0 0 0 0 0 0 0
0 0 0.217484 0 0 0 0 0 0 0 0 0
0 0 0.217501 0 0 0 0 0 0 0 0 0
0 0 0.217488 0 0 0 0 0 0 0 0 0
0 0 0.217492 0 0 0 0 0 0 0 0 0
0 0 0.21749 0 0 0 0 0 0 0 0 0
0 0 0.217495 0 0 0 0 0 0 0 0 0
0 0 0.217505 0 0 0 0 0 0 0 0 0
0 0 0.217494 0 0 0 0 0 0 0 0 0
0 0 0.217473 0 0 0 0 0 0 0 0 0
0 0 0.217498 0 0 0 0 0 0 0 0 0
0 0 0.217496 0 0 0 0 0 0 0 0 0
0 0 0.21748 0 0 0 0 0 0 0 0 0
0 0 0.217494 0 0 0 0 0 0 0 0 0
0 0 0.217504 0 0 0 0 0 0 0 0 0
0 0 0.217478 0 0 0 0 0 0 0 0 0
0 0 0.217475 0 0 0 0 0 0 0 0 0
0 0 0.217475 0 0 0 0 0 0 0 0 0
0 0 0.217485 0 0 0 0 0 0 0 0 0
0 0 0.217497 0 0 0 0 0 0 0 0 0
0 0 0.217495 0 0 0 0 0 0 0 0 0
0 0 0.217501 0 0 0 0 0 0 0 0 0
0 0 0.217473 0 0 0 0 0 0 0 0 0
0 0 0.217495 0 0 0 0 0 0 0 0 0
0 0 0.217482 0 0 0 0 0 0 0 0 0
0 0 0.217493 0 0 0 0 0 0 0 0 0
0 0 0.217451 0 0 0 0 0 0 0 0 0
0 0 0.217482 0 0 0 0 0 0 0 0 0
0 0 0.217487 0 0 0 0 0 0 0 0 0
0 0 0.217504 0 0 0 0 0 0 0 0 0
0 0 0.217485 0 0 0 0 0 0 0 0 0
0 0 0.217502 0 0 0 0 0 0 0 0 0
0 0 0.217484 0 0 0 0 0 0 0 0 0
0 0 0.217494 0 0 0 0 0 0 0 0 0
0 0 0.217508 0 0 0 0 0 0 0 0 0
0 0 0.217497 0 0 0 0 0 0 0 0 0
0 0 0.217467 0 0 0 0 0 0 0 0 0
0 0 0.217487 0 0 0 0 0 0 0 0 0
0 0 0.217477 0 0 0 0 0 0 0 0 0
0 0 0.21748 0 0 0 0 0 0 0 0 0
0 0 0.217493 0 0 0 0 0 0 0 0 0
0 0 0.217498 0 0 0 0 0 0 0 0 0
0 0 0.217491 0 0 0 0 0 0 0 0 0
0 0 0.217494 0 0 0 0 0 0 0 0 0
0 0 0.217492 0 0 0 0 0 0 0 0 0
0 0 0.21749 0 0 0 0 0 0 0 0 0
0 0 0.217506 0 0 0 0 0 0 0 0 0
0 0 0.217462 0 0 0 0 0 0 0 0 0
0 0 0.217482 0 0 0 0 0 0 0 0 0
0 0 0.217491 0 0 0 0 0 0 0 0 0
0 0 0.2175 0 0 0 0 0 0 0 0 0
0 0 0.217487 0 0 0 0 0 0 0 0 0
0 0 0.217485 0 0 0 0 0 0 0 0 0
0 0 0.217494 0 0 0 0 0 0 0 0 0
0 0 0.217485 0 0 0 0 0 0 0 0 0
0 0 0.217502 0 0 0 0 0 0 0 0 0
0 0 0.217476 0 0 0 0 0 0 0 0 0
0 0 0.217493 0 0 0 0 0 0 0 0 0
0 0 0.217494 0 0 0 0 0 0 0 0 0
0 0 0.217488 0 0 0.22 0 0 0 0 0 0
0 0 0.21759 0 0 0.22 0 0 0 0 0 0
0 0 0.218523 0 0 0.22 0 0 0 0 0 0
0 0 0.220002 0 0 0.22 0 0 0 0 0 0
0 0 0.221046 0 0 0.22 0 0 0 0 0 0
0 0 0.222002 0 0 0.22 0 0 0 0 0 0
0 0 0.22214 0 0 0.22 0 0 0 0 0 0
0 0 0.222205 0 0 0.22 0 0 0 0 0 0
0 0 0.222439 0 0 0.22 0 0 0 0 0 0
0 0 0.222714 0 0 0.22 0 0 0 0 0 0
0 0 0.222975 0 0 0.22 0 0 0 0 0 0
0 0 0.223183 0 0 0.22 0 0 0 0 0 0
0 0 0.223369 0 0 0.22 0 0 0 0 0 0
0 0 0.223541 0 0 0.22 0 0 0 0 0 0
0 0 0.223655 0 0 0.22 0 0 0 0 0 0
0 0 0.223754 0 0 0.22 0 0 0 0 0 0
0 0 0.22383 0 0 0.22 0 0 0 0 0 0
0 0 0.223831 0 0 0.22 0 0 0 0 0 0
0 0 0.223883 0 0 0.22 0 0 0 0 0 0
0 0 0.223878 0 0 0.22 0 0 0 0 0 0
0 0 0.223916 0 0 0.22 0 0 0 0 0 0
0 0 0.223935 0 0 0.22 0 0 0 0 0 0
0 0 0.224019 0 0 0.22 0 0 0 0 0 0
0 0 0.224089 0 0 0.22 0 0 0 0 0 0
0 0 0.224143 0 0 0.22 0 0 0 0 0 0
0 0 0.224174 0 0 0.22 0 0 0 0 0 0
0 0 0.224229 0 0 0.22 0 0 0 0 0 0
0 0 0.22431 0 0 0.22 0 0 0 0 0 0
0 0 0.224324 0 0 0.22 0 0 0 0 0 0
0 0 0.224332 0 0 0.22 0 0 0 0 0 0
0 0 0.224347 0 0 0.22 0 0 0 0 0 0
0 0 0.224323 0 0 0.22 0 0 0 0 0 0
0 0 0.224356 0 0 0.22 0 0 0 0 0 0
0 0 0.224363 0 0 0.22 0 0 0 0 0 0
0 0 0.224408 0 0 0.22 0 0 0 0 0 0
0 0 0.224415 0 0 0.22 0 0 0 0 0 0
0 0 0.224448 0 0 0.22 0 0 0 0 0 0
0 0 0.22446 0 0 0.22 0 0 0 0 0 0
0 0 0.224466 0 0 0.22 0 0 0 0 0 0
0 0 0.22447 0 0 0.22 0 0 0 0 0 0
0 0 0.224444 0 0 0.22 0 0 0 0 0 0
0 0 0.224465 0 0 0.22 0 0 0 0 0 0
0 0 0.224438 0 0 0.22 0 0 0 0 0 0
0 0 0.224432 0 0 0.22 0 0 0 0 0 0
0 0 0.224445 0 0 0.22 0 0 0 0 0 0
0 0 0.224472 0 0 0.22 0 0 0 0 0 0
0 0 0.224466 0 0 0.22 0 0 0 0 0 0
0 0 0.22445 0 0 0.22 0 0 0 0 0 0
0 0 0.224442 0 0 0.22 0 0 0 0 0 0
0 0 0.22446 0 0 0.22 0 0 0 0 0 0
0 0 0.224485 0 0 0.22 0 0 0 0 0 0
0 0 0.224478 0 0 0.22 0 0 0 0 0 0
0 0 0.224441 0 0 0.22 0 0 0 0 0 0
0 0 0.224471 0 0 0.22 0 0 0 0 0 0
0 0 0.224472 0 0 0.22 0 0 0 0 0 0
0 0 0.224483 0 0 0.22 0 0 0 0 0 0
0 0 0.224475 0 0 0.22 0 0 0 0 0 0
0 0 0.224489 0 0 0.22 0 0 0 0 0 0
0 0 0.224484 0 0 0.22 0 0 0 0 0 0
0 0 0.224465 0 0 0.22 0 0 0 0 0 0
0 0 0.224458 0 0 0.22 0 0 0 0 0 0
0 0 0.224476 0 0 0.22 0 0 0 0 0 0
0 0 0.224469 0 0 0.22 0 0 0 0 0 0
0 0 0.224474 0 0 0.22 0 0 0 0 0 0
0 0 0.224484 0 0 0.22 0 0 0 0 0 0
0 0 0.224484 0 0 0.22 0 0 0 0 0 0
0 0 0.224477 0 0 0.22 0 0 0 0 0 0
0 0 0.224464 0 0 0.22 0 0 0 0 0 0
0 0 0.224488 0 0 0.22 0 0 0 0 0 0
0 0 0.224477 0 0 0.22 0 0 0 0 0 0
0 0 0.224452 0 0 0.22 0 0 0 0 0 0
0 0 0.224492 0 0 0.22 0 0 0 0 0 0
0 0 0.224488 0 0 0.22 0 0 0 0 0 0
0 0 0.224478 0 0 0.22 0 0 0 0 0 0
0 0 0.22447 0 0 0.22 0 0 0 0 0 0
0 0 0.224478 0 0 0.22 0 0 0 0 0 0
0 0 0.224478 0 0 0.22 0 0 0 0 0 0
0 0 0.224469 0 0 0.22 0 0 0 0 0 0
0 0 0.224492 0 0 0.22 0 0 0 0 0 0
0 0 0.224478 0 0 0.22 0 0 0 0 0 0
0 0 0.224455 0 0 0.22 0 0 0 0 0 0
0 0 0.224475 0 0 0.22 0 0 0 0 0 0
0 0 0.224495 0 0 0.22 0 0 0 0 0 0
0 0 0.224481 0 0 0.22 0 0 0 0 0 0
0 0 0.224498 0 0 0.22 0 0 0 0 0 0
0 0 0.22447 0 0 0.22 0 0 0 0 0 0
0 0 0.224481 0 0 0.22 0 0 0 0 0 0
0 0 0.224499 0 0 0.22 0 0 0 0 0 0
0 0 0.224467 0 0 0.22 0 0 0 0 0 0
0 0 0.22449 0 0 0.22 0 0 0 0 0 0
0 0 0.224481 0 0 0.22 0 0 0 0 0 0
0 0 0.224482 0 0 0.22 0 0 0 0 0 0
0 0 0.224491 0 0 0.22 0 0 0 0 0 0
0 0 0.224478 0 0 0.22 0 0 0 0 0 0
0 0 0.224492 0 0 0.22 0 0 0 0 0 0
0 0 0.22447 0 0 0.22 0 0 0 0 0 0
0 0 0.224481 0 0 0.22 0 0 0 0 0 0
0 0 0.224477 0 0 0.22 0 0 0 0 0 0
0 0 0.224472 0 0 0.22 0 0 0 0 0 0
0 0 0.224491 0 0 0.22 0 0 0 0 0 0
0 0 0.224472 0 0 0.22 0 0 0 0 0 0
0 0 0.224481 0 0 0.22 0 0 0 0 0 0
0 0 0.224481 0 0 0.22 0 0 0 0 0 0
0 0 0.224478 0 0 0.22 0 0 0 0 0 0
0 0 0.22448 0 0 0.22 0 0 0 0 0 0
0 0 0.224463 0 0 0.22 0 0 0 0 0 0
0 0 0.22447 0 0 0.22 0 0 0 0 0 0
0 0 0.224514 0 0 0.22 0 0 0 0 0 0
0 0 0.224479 0 0 0.22 0 0 0 0 0 0
0 0 0.224493 0 0 0.22 0 0 0 0 0 0
0 0 0.224485 0 0 0.22 0 0 0 0 0 0
0 0 0.224489 0 0 0.22 0 0 0 0 0 0
0 0 0.224477 0 0 0.22 0 0 0 0 0 0
0 0 0.224494 0 0 0.22 0 0 0 0 0 0
0 0 0.224474 0 0 0.22 0 0 0 0 0 0
0 0 0.224467 0 0 0.22 0 0 0 0 0 0
0 0 0.2245 0 0 0.22 0 0 0 0 0 0
0 0 0.224487 0 0 0.22 0 0 0 0 0 0
0 0 0.224467 0 0 0.22 0 0 0 0 0 0
0 0 0.224492 0 0 0.22 0 0 0 0 0 0
0 0 0.224471 0 0 0.22 0 0 0 0 0 0
0 0 0.22448 0 0 0.22 0 0 0 0 0 0
0 0 0.22449 0 0 0.22 0 0 0 0 0 0
0 0 0.224499 0 0 0.22 0 0 0 0 0 0
0 0 0.224499 0 0 0.22 0 0 0 0 0 0
0 0 0.224495 0 0 0.22 0 0 0 0 0 0
0 0 0.224478 0 0 0.22 0 0 0 0 0 0
0 0 0.224472 0 0 0.22 0 0 0 0 0 0
0 0 0.224485 0 0 0.22 0 0 0 0 0 0
0 0 0.224487 0 0 0.22 0 0 0 0 0 0
0 0 0.224474 0 0 0.22 0 0 0 0 0 0
0 0 0.224481 0 0 0.22 0 0 0 0 0 0
0 0 0.224494 0 0 0.22 0 0 0 0 0 0
0 0 0.22447 0 0 0.22 0 0 0 0 0 0
0 0 0.224492 0 0 0.22 0 0 0 0 0 0
0 0 0.224489 0 0 0.22 0 0 0 0 0 0
0 0 0.224484 0 0 0.22 0 0 0 0 0 0
0 0 0.224503 0 0 0.22 0 0 0 0 0 0
0 0 0.2245 0 0 0.22 0 0 0 0 0 0
0 0 0.224492 0 0 0.22 0 0 0 0 0 0
0 0 0.224462 0 0 0.22 0 0 0 0 0 0
0 0 0.224493 0 0 0.22 0 0 0 0 0 0
0 0 0.224496 0 0 0.22 0 0 0 0 0 0
0 0 0.224477 0 0 0.22 0 0 0 0 0 0
0 0 0.224482 0 0 0.22 0 0 0 0 0 0
0 0 0.224487 0 0 0.22 0 0 0 0 0 0
0 0 0.224482 0 0 0.22 0 0 0 0 0 0
0 0 0.224486 0 0 0.22 0 0 0 0 0 0
0 0 0.224492 0 0 0.22 0 0 0 0 0 0
0 0 0.224478 0 0 0.22 0 0 0 0 0 0
0 0 0.224471 0 0 0.22 0 0 0 0 0 0
0 0 0.224483 0 0 0.22 0 0 0 0 0 0
0 0 0.224486 0 0 0.22 0 0 0 0 0 0
0 0 0.224477 0 0 0.22 0 0 0 0 0 0
0 0 0.224493 0 0 0.22 0 0 0 0 0 0
0 0 0.224463 0 0 0.22 0 0 0 0 0 0
0 0 0.224498 0 0 0.22 0 0 0 0 0 0
0 0 0.224488 0 0 0.22 0 0 0 0 0 0
0 0 0.224493 0 0 0.22 0 0 0 0 0 0
0 0 0.224504 0 0 0.22 0 0 0 0 0 0
0 0 0.2245 0 0 0.22 0 0 0 0 0 0
0 0 0.224483 0 0 0.22 0 0 0 0 0 0
0 0 0.224482 0 0 0.22 0 0 0 0 0 0
0 0 0.224462 0 0 0.22 0 0 0 0 0 0
0 0 0.224496 0 0 0.22 0 0 0 0 0 0
0 0 0.224502 0 0 0.22 0 0 0 0 0 0
0 0 0.22449 0 0 0.22 0 0 0 0 0 0
0 0 0.224483 0 0 0.22 0 0 0 0 0 0
0 0 0.224494 0 0 0.22 0 0 0 0 0 0
0 0 0.22449 0 0 0.22 0 0 0 0 0 0
0 0 0.224483 0 0 0.22 0 0 0 0 0 0
0 0 0.224483 0 0 0.22 0 0 0 0 0 0
0 0 0.224486 0 0 0.22 0 0 0 0 0 0
0 0 0.224481 0 0 0.22 0 0 0 0 0 0
0 0 0.224486 0 0 0.22 0 0 0 0 0 0
0 0 0.224484 0 0 0.22 0 0 0 0 0 0
0 0 0.2245 0 0 0.22 0 0 0 0 0 0
0 0 0.224481 0 0 0.22 0 0 0 0 0 0
0 0 0.224495 0 0 0.22 0 0 0 0 0 0
0 0 0.224473 0 0 0.22 0 0 0 0 0 0
0 0 0.224484 0 0 0.22 0 0 0 0 0 0
0 0 0.224487 0 0 0.22 0 0 0 0 0 0
0 0 0.224499 0 0 0.22 0 0 0 0 0 0
0 0 0.2245 0 0 0.22 0 0 0 0 0 0
0 0 0.224475 0 0 0.22 0 0 0 0 0 0
0 0 0.224489 0 0 0.22 0 0 0 0 0 0
0 0 0.224486 0 0 0.22 0 0 0 0 0 0
0 0 0.2245 0 0 0.22 0 0 0 0 0 0
0 0 0.224475 -1.85313e-07 1.99938e-05 0.22 0 0 0 -4.63282e-05 0.00499845 0.000115603
0 0 0.224484 -7.38828e-07 7.99751e-05 0.22 0 0 0 -4.60713e-05 0.00499844 0.000116139
0 0 0.224501 -1.10639e-06 0.000119962 0.22 0 0 0 -4.59372e-05 0.00499843 0.000116584
0 0 0.224499 -1.56464e-06 0.000169947 0.22 0 0 0 -4.5825e-05 0.00499844 0.000116281
0 0 0.224489 -2.02435e-06 0.000219931 0.22 0 0 0 -4.60601e-05 0.00499844 0.000116161
0 0 0.224493 -2.48642e-06 0.000269916 0.22 0 0 0 -4.62676e-05 0.00499843 0.000116323
0 0 0.224493 -2.95009e-06 0.0003199 0.22 0 0 0 -4.63729e-05 0.00499844 0.000116084
0 0 0.22451 -3.4144e-06 0.000369884 0.22 0 0 0 -4.64273e-05 0.00499844 0.000116135
0 0 0.224501 -3.87702e-06 0.000419869 0.22 0 0 0 -4.61967e-05 0.00499845 0.000115519
0 0 0.224477 -4.33629e-06 0.000469853 0.22 0 0 0 -4.58407e-05 0.00499847 0.000115051
0 0 0.224483 -4.79324e-06 0.000519838 0.22 0 0 0 -4.56784e-05 0.00499846 0.000115366
0 0 0.224495 -5.24944e-06 0.000569823 0.22 0 0 0 -4.56452e-05 0.00499845 0.000115679
0 0 0.224479 -5.70737e-06 0.000619807 0.22 0 0 0 -4.58465e-05 0.00499845 0.000115777
0 0 0.224492 -6.16828e-06 0.000669792 0.22 0 0 0 -4.61345e-05 0.00499846 0.000115167
0 0 0.224484 -6.63157e-06 0.000719777 0.22 0 0 0 -4.63782e-05 0.00499849 0.000113927
0 0 0.224485 -7.09547e-06 0.000769761 0.22 0 0 0 -4.63822e-05 0.00499849 0.000113941
0 0 0.224508 -7.55831e-06 0.000819746 0.22 0 0 0 -4.62496e-05 0.00499848 0.000114097
0 0 0.224502 -8.0188e-06 0.000869731 0.22 0 0 0 -4.60134e-05 0.00499847 0.000114602
0 0 0.22449 -8.47717e-06 0.000919716 0.22 0 0 0 -4.5805e-05 0.00499849 0.000114163
0 0 0.224499 -8.9354e-06 0.000969701 0.22 0 0 0 -4.58649e-05 0.00499849 0.000114138
0 0 0.224497 -9.3957e-06 0.00101969 0.22 0 0 0 -4.60624e-05 0.00499849 0.000114131
0 0 0.224485 -9.85926e-06 0.00106967 0.22 0 0 0 -4.63874e-05 0.00499845 0.000115365
0 0 0.224483 -1.03242e-05 0.00111965 0.22 0 0 0 -4.65137e-05 0.00499846 0.000114917
0 0 0.224486 -1.07894e-05 0.00116964 0.22 0 0 0 -4.65124e-05 0.00499847 0.000114615
0 0 0.224493 -1.12534e-05 0.00121962 0.22 0 0 0 -4.63563e-05 0.00499848 0.000114441
0 0 0.22452 -1.17146e-05 0.00126961 0.22 0 0 0 -4.60717e-05 0.00499847 0.000114843
0 0 0.224483 -1.21744e-05 0.00131959 0.22 0 0 0 -4.59579e-05 0.00499845 0.0001155
0 0 0.224492 -1.26337e-05 0.00136958 0.22 0 0 0 -4.59301e-05 0.00499845 0.000115654
0 0 0.224506 -1.30941e-05 0.00141956 0.22 0 0 0 -4.60874e-05 0.00499848 0.000114426
0 0 0.224494 -1.36496e-05 0.00147954 0.22 0 0 0 -4.63547e-05 0.00499848 0.000114203
0 0 0.224499 -1.41141e-05 0.00152953 0.22 0 0 0 -4.64639e-05 0.00499847 0.000114478
0 0 0.2245 -1.4578e-05 0.00157951 0.22 0 0 0 -4.63456e-05 0.00499847 0.00011465
0 0 0.224488 -1.50392e-05 0.0016295 0.22 0 0 0 -4.60187e-05 0.00499847 0.000114824
0 0 0.224499 -1.54982e-05 0.00167948 0.22 0 0 0 -4.58616e-05 0.00499847 0.000114719
0 0 0.224486 -1.59559e-05 0.00172947 0.22 0 0 0 -4.57751e-05 0.00499848 0.00011446
0 0 0.224492 -1.64141e-05 0.00177945 0.22 0 0 0 -4.58395e-05 0.00499847 0.000115041
0 0 0.224493 -1.68746e-05 0.00182944 0.22 0 0 0 -4.61258e-05 0.00499846 0.000115412
0 0 0.224507 -1.7337e-05 0.00187942 0.22 0 0 0 -4.62788e-05 0.00499845 0.000115386
0 0 0.224467 -1.78007e-05 0.00192941 0.22 0 0 0 -4.63605e-05 0.00499848 0.000114218
0 0 0.224473 -1.82634e-05 0.00197939 0.22 0 0 0 -4.62103e-05 0.0049985 0.000113568
0 0 0.224491 -1.87239e-05 0.00202938 0.22 0 0 0 -4.59672e-05 0.0049985 0.000113695
0 0 0.22448 -1.91823e-05 0.00207936 0.22 0 0 0 -4.58338e-05 0.00499848 0.000114644
0 0 0.224518 -1.96402e-05 0.00212935 0.22 0 0 0 -4.5812e-05 0.00499846 0.000115131
0 0 0.224479 -2.00997e-05 0.00217933 0.22 0 0 0 -4.59872e-05 0.00499847 0.000114725
0 0 0.224473 -2.05613e-05 0.00222932 0.22 0 0 0 -4.61918e-05 0.00499848 0.000114204
0 0 0.22451 -2.10242e-05 0.0022793 0.22 0 0 0 -4.63008e-05 0.00499848 0.000114071
0 0 0.224486 -2.14871e-05 0.00232929 0.22 0 0 0 -4.62824e-05 0.00499847 0.000114645
0 0 0.224494 -2.1949e-05 0.00237927 0.22 0 0 0 -4.61661e-05 0.00499847 0.000114705
0 0 0.224503 -2.2409e-05 0.00242925 0.22 0 0 0 -4.59509e-05 0.00499849 0.000114142
0 0 0.224501 -2.30507e-05 0.00249923 0.22 0 0 0 -9.16247e-05 0.00999698 0.00022789
-2.8264e-05 5.92598e-06 0.22451 -2.39667e-05 0.0025992 0.22 -0.00493629 -0.00604436 0.00134491 -9.16041e-05 0.00999698 0.000228098
-2.05492e-05 0.000165556 0.224484 -2.48846e-05 0.00269917 0.22 -0.00035492 0.0303441 -0.000673966 -9.18331e-05 0.00999694 0.000229587
-1.48287e-05 0.000200566 0.224474 -2.59891e-05 0.00281914 0.22 0.00125125 0.0153443 -0.0034977 -0.0001381 0.0149954 0.000345398
-8.40468e-06 0.000237969 0.224482 -2.7368e-05 0.00296909 0.22 0.00237578 0.00736079 0.000679629 -0.000137666 0.0149953 0.000347836
-1.94066e-05 0.000367665 0.224483 -2.87375e-05 0.00311904 0.22 -0.000348382 0.019785 -0.00411444 -0.000136815 0.0149953 0.000348211
-1.1899e-05 0.000431574 0.224475 -3.03596e-05 0.00329899 0.22 0.000288997 0.00605546 0.00555835 -0.000179929 0.0199937 0.000470097
-7.691e-06 0.000493048 0.224468 -3.21423e-05 0.00349892 0.22 0.00108065 0.00133009 0.00561149 -0.000177746 0.0199935 0.000477244
-7.691e-06 0.000493048 0.224478 -3.39076e-05 0.00369885 0.22 0 0 0 -0.000176187 0.0199935 0.000479556
-7.691e-06 0.000493048 0.221512 -3.58378e-05 0.00391878 0.22 0 0 0 -0.000219253 0.0249918 0.00060343
-1.22474e-05 0.000825874 0.222572 -3.80229e-05 0.0041687 0.22 0.00231012 0.0887152 0.0880048 -0.000218451 0.0249918 0.00060254
-1.48987e-05 0.00119516 0.223037 -4.02004e-05 0.00441862 0.22 -0.00439619 -0.0120666 0.0184197 -0.00021762 0.0249919 0.000599379
-4.27496e-05 0.00120779 0.22337 -4.25526e-05 0.00468853 0.22 0.00239315 0.0402659 0.0479059 -0.000261629 0.0299898 0.000736209
-4.72919e-05 0.00165309 0.223707 -4.52257e-05 0.00498843 0.22 -0.00172472 0.0496448 0.0215529 -0.000269527 0.0299897 0.000737831
-5.94005e-05 0.00184289 0.224018 -4.79549e-05 0.00528832 0.22 -0.000507069 0.0320391 0.0196719 -0.000274536 0.0299898 0.000733546
-8.00343e-05 0.00201987 0.22427 -5.09285e-05 0.00560821 0.22 -0.0030769 -0.00214814 0.0247127 -0.00032628 0.034988 0.000858512
-8.56238e-05 0.00211928 0.224409 -5.42369e-05 0.00595809 0.22 -0.00650412 0.0218211 -0.00156417 -0.00033168 0.0349879 0.000859952
-7.58319e-05 0.00242221 0.224569 -5.75756e-05 0.00630797 0.22 0.0071386 0.0231196 0.0169703 -0.000333512 0.0349877 0.000864066
-0.000118689 0.00245739 0.224723 -6.10795e-05 0.00667784 0.22 -0.00452123 -0.0055796 0.0199431 -0.000377867 0.0399865 0.000967849
-9.91409e-05 0.00263878 0.224768 -6.4786e-05 0.00707771 0.22 0.00623349 0.000508908 0.00145197 -0.000369852 0.0399872 0.000941575
-9.47719e-05 0.00284168 0.224794 -6.83419e-05 0.00747759 0.22 0.00309626 0.0249197 0.00562211 -0.000352751 0.0399877 0.000928414
-0.000110632 0.00304573 0.224711 -7.19606e-05 0.00789746 0.22 -0.00161709 0.0298196 -0.0152161 -0.0003853 0.0449864 0.00103528
-0.000117536 0.00328224 0.224662 -7.5769e-05 0.00834733 0.22 -0.00594833 0.0337542 0.0105898 -0.000380018 0.0449866 0.00103069
-0.000146125 0.00359005 0.224596 -7.95428e-05 0.00879719 0.22 -0.00869613 0.0734226 -0.00283025 -0.00037769 0.0449863 0.00104375
-0.000176181 0.00384335 0.224501 -8.34812e-05 0.00926705 0.22 0.00207617 0.00116166 -0.0105559 -0.000418529 0.0499847 0.00116625
-0.000213972 0.00409744 0.224425 -8.7635e-05 0.00976689 0.22 -0.00563869 0.0268654 0.00180849 -0.000414255 0.0499841 0.00119088
-0.00020933 0.00449795 0.2244 -9.17282e-05 0.0102667 0.22 0.00508677 0.043775 -0.00488459 -0.000408491 0.0499842 0.00119034
-0.000222512 0.00486154 0.224363 -9.5748e-05 0.0107666 0.22 0.00509446 0.047592 -0.00192833 -0.000401937 0.049984 0.00120053
-0.000222528 0.00518981 0.224428 -0.000100269 0.0113264 0.22 0.00339537 0.0509718 0.00475726 -0.000445316 0.0549823 0.00132063
-0.000222744 0.00570958 0.224508 -0.000104794 0.0118762 0.22 7.17466e-05 0.0538612 0.0126482 -0.000453776 0.0549824 0.00131367
-0.000216579 0.00629812 0.224689 -0.000109522 0.012446 0.22 0.000513417 0.0617494 0.022932 -0.000496441 0.0599805 0.00144761
-0.000211448 0.00688774 0.224763 -0.000114436 0.0130458 0.22 -0.00133504 0.0672427 0.0111811 -0.000489311 0.0599793 0.00149753
-0.000235616 0.00766775 0.224981 -0.000119204 0.0136456 0.22 -0.00605444 0.0679676 0.0331158 -0.000475793 0.0599773 0.00158099
-0.000255605 0.0082008 0.225229 -0.000124092 0.0142653 0.22 0.00184847 0.0512389 0.0328364 -0.000513324 0.0649727 0.00181401
-0.000310632 0.00901719 0.225527 -0.000129426 0.014915 0.22 -0.00391309 0.0567284 0.0431839 -0.000542042 0.064969 0.00193367
-0.000393712 0.00955225 0.225917 -0.000134997 0.0155647 0.22 -0.00667674 0.0493632 0.0247761 -0.000562651 0.0649671 0.00199156
-0.000464668 0.0100779 0.226255 -0.000140604 0.0162144 0.22 -0.0138055 0.0658849 0.0480778 -0.000558951 0.0649664 0.00201404
-0.000509785 0.0105736 0.226652 -0.000146405 0.016924 0.22 0.00786177 0.0673822 0.0249355 -0.000568277 0.0699632 0.00219814
-0.000483599 0.0112016 0.226969 -0.000151699 0.0176236 0.22 -0.0049387 0.0586698 0.0231232 -0.000531088 0.0699633 0.00220509
-0.000509884 0.0117612 0.227183 -0.000157133 0.0183233 0.22 0.00707242 0.0695323 0.0253382 -0.000554886 0.0699606 0.0022822
-0.000536763 0.0123592 0.227449 -0.000163589 0.0190828 0.22 -0.00196759 0.0564906 0.0307919 -0.000662565 0.0749567 0.00245946
-0.000581636 0.013087 0.227711 -0.000170616 0.0198324 0.22 0.00101438 0.0931684 0.00171828 -0.000707005 0.0749566 0.00245294
-0.000608659 0.0137702 0.22781 -0.00017776 0.020582 0.22 -0.00546346 0.0171723 0.0151711 -0.000710474 0.0749566 0.00244952
-0.000636279 0.0142186 0.227911 -0.000185028 0.0213915 0.22 -0.000605526 0.0857917 0.00101063 -0.000709731 0.0799538 0.0026242
-0.000654272 0.0148733 0.227934 -0.000191786 0.022191 0.22 0 0 0 -0.000667939 0.0799542 0.00262266
-0.000654272 0.0148733 0.158636 -0.000198176 0.0229906 0.22 0 0 0 -0.000634748 0.0799536 0.00264924
-0.000654272 0.0148733 0.166856 -0.000204808 0.0238501 0.22 0 0 0 -0.000650811 0.0849509 0.00281614
-0.000664548 0.0150554 0.177772 -0.000211144 0.0246995 0.22 -0.00182245 0.0946552 0.890798 -0.000628521 0.0849439 0.00302209
-0.000710895 0.0162733 0.190207 -0.000217414 0.025549 0.22 0.00279744 0.183792 0.889578 -0.000626789 0.084948 0.00290524
-0.000601145 0.0182676 0.201868 -0.000224086 0.0264585 0.22 0.0149872 0.166827 0.806853 -0.000659177 0.0899487 0.00296545
-0.000492402 0.020082 0.211174 -0.000230635 0.027358 0.22 -0.00541281 0.281827 0.519808 -0.000653296 0.0899515 0.00288181
-0.000484313 0.0218477 0.217374 -0.000236767 0.0282576 0.22 0.00198978 -0.149608 0.218537 -0.000596515 0.089961 0.00258207
-0.000664288 0.0203307 0.218768 -0.000242908 0.0292173 0.22 -0.0412184 0.047466 0.0819147 -0.000603921 0.0949801 0.0018501
-0.000874923 0.0217329 0.218428 -0.000249577 0.0303572 0.22 -0.00385306 0.0857701 -0.0942132 -0.000523352 0.094993 0.00103284
-0.000984379 0.0226295 0.217376 -0.000254531 0.0313071 0.22 -0.0151427 0.12984 -0.0578104 -0.000485555 0.0949924 0.00110005
-0.00120101 0.0245897 0.216898 -0.000259714 0.0323169 0.22 -0.0194456 0.194181 -0.0576713 -0.000519753 0.0999759 0.00213185
-0.00130695 0.0262899 0.216345 -0.000265809 0.0333164 0.22 -0.00392667 0.153794 -0.0474883 -0.000629496 0.0999454 0.0032428
-0.00136184 0.0277114 0.21578 -0.000272792 0.0343155 0.22 0.0045162 0.108723 -0.0479882 -0.000707457 0.0999081 0.00422733
-0.00123276 0.0285094 0.21531 -0.000279623 0.0353145 0.22 0.00939807 0.0541155 -0.0162748 -0.000658217 0.0998975 0.00447884
-0.00104594 0.0289843 0.21513 -0.000285506 0.0363135 0.22 0.0188489 0.0684374 -0.0123407 -0.000544796 0.0998989 0.00446247
-0.000819061 0.0295618 0.215095 -0.000290074 0.0373126 0.22 0.0181078 0.0441168 0.0143419 -0.00044433 0.099906 0.00431236
-0.000626823 0.030108 0.215441 -0.000293498 0.0383117 0.22 0.0230793 0.0670022 0.0528481 -0.000338878 0.0999177 0.00404261
-0.000410141 0.0309307 0.216229 -0.000296567 0.039311 0.22 0.0104536 0.0695504 0.076044 -0.000295151 0.0999249 0.00386414
-0.000411434 0.0316519 0.217438 -0.000299224 0.0403102 0.22 -0.0105277 0.0837838 0.0944172 -0.000257707 0.0999275 0.00379929
-0.000520018 0.0327239 0.218799 -0.000301905 0.0413095 0.22 -0.00805904 0.109806 0.114323 -0.000276052 0.0999191 0.0040117
-0.000598826 0.0334605 0.220292 -0.000305039 0.0423085 0.22 -0.0096553 0.0572689 0.116827 -0.000317271 0.099909 0.00425434
-0.000645704 0.034211 0.221666 -0.000308802 0.0433075 0.22 -0.00200805 0.0945761 0.102 -0.000379469 0.0998941 0.00458599
-0.000714454 0.0349021 0.222769 -0.000312611 0.0443064 0.22 -0.00374883 0.0524181 0.0898092 -0.000375833 0.099889 0.00469505
-0.000674832 0.0356261 0.223803 -0.000315779 0.0453053 0.22 0.0089902 0.0992793 0.0855649 -0.00030506 0.0998893 0.00469506
-0.000619451 0.0362292 0.224813 -0.000318161 0.0463042 0.22 0.00901315 0.0505927 0.0884353 -0.000224615 0.0998954 0.00456752
-0.000527008 0.0368403 0.225826 -0.000320387 0.0473033 0.22 0.0101344 0.0594234 0.0844126 -0.000236939 0.0999063 0.00432261
-0.000436201 0.037599 0.226772 -0.000323084 0.0483024 0.22 0.00490353 0.0996121 0.0748698 -0.000282832 0.0999116 0.00419385
-0.000446661 0.0385597 0.227691 -0.000326678 0.0493015 0.22 -0.0025243 0.0797189 0.0804927 -0.000371474 0.0999148 0.00411068
-0.000463203 0.0395744 0.228532 -0.000331181 0.0503007 0.22 -0.00412034 0.131925 0.0755491 -0.000461225 0.0999147 0.00410403
-0.000513142 0.0407581 0.229224 -0.000335942 0.0512998 0.22 -0.00358903 0.105232 0.0510297 -0.000466453 0.0999111 0.0041902
-0.000539179 0.041829 0.229796 -0.000340129 0.0522989 0.22 0.00580171 0.119356 0.049599 -0.000388561 0.0999075 0.00428164
-0.000563582 0.0430556 0.230344 -0.000343352 0.0532979 0.22 0.00107853 0.0973977 0.0394641 -0.000290522 0.0999045 0.00435999
-0.000522515 0.0441538 0.2307 -0.000346007 0.054297 0.22 0.0031339 0.109426 0.0249065 -0.000265234 0.0999052 0.00434588
-0.00047929 0.0452312 0.230933 -0.000348915 0.0552961 0.22 0.00717089 0.112189 0.0156122 -0.000296497 0.0999093 0.00424759
-0.000456272 0.0464353 0.23109 -0.000352518 0.0562952 0.22 -0.00652926 0.117187 0.0184261 -0.000374262 0.0999136 0.00413924
-0.000430301 0.0476704 0.231273 -0.000356683 0.0572943 0.22 0.00503667 0.123159 0.00900612 -0.000427225 0.0999145 0.00411117
-0.000392105 0.0483515 0.231369 -0.000361022 0.0582935 0.22 0 0 0 -0.000431687 0.0999152 0.00409571
-0.000392105 0.0483515 0.160929 -0.000365149 0.0592926 0.22 0 0 0 -0.00040567 0.0999135 0.00413913
-0.000392105 0.0483515 0.169634 -0.000368792 0.0602918 0.22 0 0 0 -0.000351241 0.0999144 0.0041212
-0.000278184 0.051291 0.181854 -0.000371783 0.0612909 0.22 0.0210705 0.550497 1.01329 -0.000282599 0.0999177 0.00404715
-0.000104041 0.0553709 0.194179 -0.000374228 0.0622901 0.22 -0.00677544 0.280518 0.812851 -0.00023743 0.0999226 0.00392629
-0.000232325 0.0570993 0.203068 -0.00037614 0.0632894 0.22 -0.0198452 -0.0394582 0.51567 -0.000180204 0.0999212 0.00396552
-0.000385935 0.0559697 0.208883 -0.000377614 0.0642885 0.22 -0.0143754 0.0213933 0.288631 -0.000144937 0.0999133 0.00416175
-0.000731719 0.0579309 0.210846 -0.000378735 0.0652874 0.22 -0.0364614 0.294221 0.0672577 -8.29557e-05 0.0998799 0.00489959
-0.00120378 0.0590114 0.211106 -0.000379247 0.066286 0.22 -0.0291085 -0.0828899 0.0412533 -3.78178e-05 0.0998212 0.0059768
-0.00136981 0.0584667 0.211351 -0.000379194 0.0672843 0.22 -0.00523085 0.00639037 0.0107898 5.67913e-06 0.0998421 0.00561676
-0.00137134 0.0590505 0.211271 -0.000379845 0.0684831 0.22 0.0132876 0.0348581 0.00347836 -7.18492e-05 0.0999094 0.00425565
-0.0013949 0.0588276 0.210954 -0.000381083 0.0694825 0.22 -0.0134693 -0.00495757 -0.0299856 -0.00013073 0.0999504 0.00314626
-0.00152947 0.0596165 0.210557 -0.000383217 0.0704823 0.22 -0.0216926 0.124599 -0.00517205 -0.000232865 0.0999757 0.00219412
-0.00165568 0.0605585 0.210377 -0.000386518 0.0714821 0.22 -0.0134323 0.050402 0.00162485 -0.000351697 0.0999875 0.0015425
-0.00168189 0.0615255 0.210302 -0.000390423 0.072482 0.22 0.00624228 0.121273 0.0180668 -0.000409192 0.0999912 0.00125871
-0.00161459 0.0628953 0.210337 -0.000394663 0.0734819 0.22 0.00441983 0.140449 0.0122603 -0.000426801 0.0999929 0.00111655
-0.00149759 0.0639987 0.210579 -0.000398783 0.0744819 0.22 0.00792081 0.106991 0.034512 -0.000408474 0.0999944 0.000978108
-0.00138487 0.0653562 0.211218 -0.000402263 0.0754819 0.22 0.00883527 0.120798 0.0674032 -0.000330238 0.0999966 0.000752572
-0.0013561 0.0666022 0.212 -0.000404985 0.0764818 0.22 0.0104737 0.123816 0.0684443 -0.00024116 0.0999986 0.000478191
-0.00135091 0.0679694 0.213054 -0.000406939 0.0774818 0.22 -0.00137413 0.13612 0.0907176 -0.000174168 0.0999997 0.000175943
-0.00133896 0.0694668 0.214273 -0.000408407 0.0784818 0.22 0.0109778 0.161854 0.0940004 -0.000143942 0.0999999 -2.26843e-05
-0.00130167 0.0711062 0.215642 -0.000409719 0.0794818 0.22 0.0117887 0.16434 0.114079 -0.000132526 0.0999997 -0.000205023
-0.00127041 0.0728253 0.216971 -0.000411138 0.0804818 0.22 0.00169797 0.172684 0.113228 -0.000143382 0.0999994 -0.000320617
-0.00129606 0.0748331 0.218304 -0.000412506 0.0814818 0.22 -0.00308222 0.200209 0.112744 -0.000131421 0.0999995 -0.000282022
-0.00128725 0.0766999 0.219597 -0.000413434 0.0824818 0.22 0.00936973 0.21 0.0921632 -8.03588e-05 0.0999998 -0.000170942
-0.00118584 0.0784092 0.220778 -0.000413726 0.0834818 0.22 0.00761232 0.192649 0.110778 -1.69317e-05 0.1 -2.15479e-05
-0.00107884 0.0802678 0.222164 -0.000413713 0.0844818 0.22 0.0159124 0.168633 0.105815 -5.44483e-06 0.0999999 0.000129453
-0.000991481 0.0818067 0.223472 -0.00041406 0.0854818 0.22 -0.0010372 0.133448 0.0954674 -5.26725e-05 0.0999997 0.000228481
-0.00102493 0.0832788 0.224708 -0.00041527 0.0864818 0.22 -0.000774675 0.131295 0.109015 -0.00013591 0.0999997 0.000185768
-0.00101052 0.0845897 0.225939 -0.0004168 0.0874818 0.22 -0.0022776 0.113282 0.0782624 -0.000149609 0.0999998 0.000103948
-0.000944654 0.0858008 0.226917 -0.000417704 0.0884818 0.22 0.0104797 0.144774 0.0535496 -7.38721e-05 0.1 2.74683e-05
-0.000836628 0.0871091 0.227663 -0.000417467 0.0894818 0.22 0.012214 0.0896186 0.076691 5.83593e-05 0.1 -1.26325e-05
-0.000788828 0.0881557 0.228349 -0.000416703 0.0904818 0.22 0.00554114 0.14081 0.0564123 7.63904e-05 0.1 -4.86615e-06
-0.000798652 0.0893154 0.228968 -0.000416669 0.0914818 0.22 -0.00409495 0.090791 0.0414101 -8.35677e-06 0.1 9.04717e-06
-0.000823034 0.0903131 0.229329 -0.000418044 0.0924818 0.22 -0.00453304 0.103828 0.03385 -0.000162171 0.0999999 1.52712e-05
-0.000834828 0.0913477 0.229615 -0.000420911 0.0934818 0.22 0.00253361 0.0757328 0.0296345 -0.000313933 0.0999995 6.58793e-05
-0.00086575 0.0922424 0.229753 -0.000424269 0.0944818 0.22 0.00293419 0.0888702 0.00370588 -0.000337484 0.0999993 0.000147259
-0.000863614 0.0926081 0.229883 -0.00042717 0.0954818 0.22 0 0 0 -0.000272406 0.0999994 0.000214637
-0.000863614 0.0926081 0.166485 -0.000429177 0.0964818 0.22 0 0 0 -0.000188186 0.0999996 0.000217365
-0.000863614 0.0926081 0.17528 -0.00042972 0.0974818 0.22 0 0 0 -3.82878e-05 0.0999999 0.000123277
-0.000877072 0.0934077 0.189172 -0.000429257 0.0986818 0.22 -0.0148655 0.128544 0.899859 5.21456e-05 0.0999996 0.000265453
-0.000964823 0.0949227 0.200518 -0.000428396 0.0996818 0.22 0.00211889 0.182433 0.781081 0.000117949 0.0999999 7.89027e-05
-0.000984847 0.0963517 0.207688 -0.000427068 0.100482 0.22 -0.021101 0.00976058 0.501559 0.00013694 0.0999999 1.97651e-05
-0.00148619 0.0964794 0.214532 -0.000425532 0.101682 0.22 -0.0294164 0.253098 0.298284 0.000123377 0.0999999 3.96257e-05
-0.00164385 0.0998401 0.217456 -0.000424096 0.102682 0.22 -0.0174849 0.282729 0.179246 0.000146022 0.0999991 0.000386459
-0.00192089 0.101019 0.21896 -0.000422193 0.103682 0.22 -0.0246077 0.00182902 0.0985613 0.000192338 0.0999953 0.000946802
-0.00236329 0.100868 0.218348 -0.000420477 0.104682 0.22 -0.0309354 0.056978 -0.0365153 0.000160095 0.0999945 0.00103567
-0.00260047 0.102659 0.217546 -0.000419625 0.105682 0.22 -0.0149867 0.197138 -0.0454713 5.85011e-05 0.099996 0.000889145
-0.00263274 0.103656 0.216478 -0.000420067 0.106682 0.22 0.0101852 0.0582796 -0.0785649 -6.18693e-05 0.0999933 0.00115567
-0.00241974 0.104626 0.215601 -0.00042112 0.107681 0.22 0.0206999 0.134254 -0.0850302 -0.000116599 0.0999828 0.00185331
-0.0022031 0.105695 0.215147 -0.000422313 0.108681 0.22 0.0332503 0.0694821 -0.0359703 -0.000115612 0.0999747 0.00224567
-0.00200338 0.106167 0.214953 -0.000422893 0.109681 0.22 0.0208618 0.0611275 -0.0261154 -3.50477e-05 0.0999603 0.00281738
-0.00183853 0.106926 0.214543 -0.000422106 0.11068 0.22 0.0201217 0.0840815 -0.0288473 8.22118e-05 0.0999433 0.00336659
-0.00163769 0.107047 0.214419 -0.000420632 0.11168 0.22 0.012749 -0.0196417 0.00191963 0.000154791 0.0999321 0.0036814
-0.00148385 0.107051 0.214465 -0.000418936 0.112679 0.22 0.0115513 0.018247 0.00965125 0.000166679 0.099928 0.00379109
-0.00139421 0.107021 0.214722 -0.000417342 0.113678 0.22 0.00967725 -0.0148396 0.0358418 0.000154296 0.0999319 0.0036877
-0.00135731 0.106905 0.215385 -0.000415882 0.114678 0.22 0.00121718 -0.0142607 0.0656999 0.000145382 0.0999342 0.00362327
-0.00129693 0.106936 0.216351 -0.000414312 0.115677 0.22 0.0047157 0.0043207 0.0882897 0.000160535 0.0999343 0.00362136
-0.00119654 0.107239 0.217543 -0.000412059 0.116676 0.22 0.0108573 0.0511766 0.0979898 0.000243428 0.0999265 0.00382499
-0.00119581 0.107381 0.218825 -0.000409092 0.117675 0.22 0.00691894 0.00905578 0.10293 0.00031119 0.0999164 0.0040752
-0.00110571 0.107634 0.22002 -0.000405744 0.118674 0.22 0.00117118 0.0226855 0.0794244 0.000338848 0.0999066 0.00430758
-0.00109586 0.107905 0.22106 -0.000402205 0.119673 0.22 0.00104837 0.0328404 0.082578 0.000356795 0.0998725 0.00503536
-0.00110716 0.108219 0.222016 -0.000398854 0.120672 0.22 -0.00257774 0.00226146 0.0687024 0.00032958 0.0998536 0.00539888
-0.00108488 0.108416 0.222845 -0.0003958 0.12167 0.22 -0.00289515 0.0194877 0.0744311 0.000300547 0.0998568 0.00534057
-0.00102266 0.108935 0.223692 -0.000392921 0.122669 0.22 0.00461631 0.0678179 0.0654921 0.000286926 0.0998625 0.00523394
-0.000976295 0.109574 0.224451 -0.000389871 0.123668 0.22 0.00431565 0.046069 0.0707739 0.000313738 0.0998669 0.00514739
-0.000952105 0.110265 0.225349 -0.000386139 0.124666 0.22 -0.002452 0.0999898 0.0657152 0.00039945 0.0998663 0.00515341
-0.000970199 0.111168 0.226027 -0.000381816 0.125665 0.22 -0.00249842 0.109037 0.0461685 0.00044222 0.0998628 0.00521764
-0.000947893 0.112272 0.226668 -0.000377192 0.126664 0.22 -0.00328045 0.119379 0.0500095 0.000460957 0.0998552 0.00535913
-0.00094499 0.11333 0.227263 -0.00037263 0.127662 0.22 0.00563888 0.0944207 0.0387125 0.000453785 0.0998488 0.00547885
-0.00094421 0.114531 0.227688 -0.000368169 0.128661 0.22 -0.00412011 0.137248 0.0291031 0.000447667 0.0998407 0.00562497
-0.000937442 0.115936 0.228024 -0.000363455 0.129659 0.22 0.00832656 0.133265 0.045588 0.000489197 0.099833 0.00575676
-0.000896994 0.117194 0.228421 -0.000358068 0.130657 0.22 0.00752376 0.130023 0.0336584 0.000553516 0.0998167 0.00602688
-0.00083634 0.118585 0.228642 -0.000351592 0.131655 0.22 0.00583228 0.136444 0.0204675 0.000652673 0.0997985 0.00631213
-0.00083634 0.118585 0.228739 -0.000344183 0.132653 0.22 0 0 0 0.000755017 0.0997925 0.00639502
-0.00083634 0.118585 0.166264 -0.00033614 0.133651 0.22 0 0 0 0.000818966 0.0997898 0.00642922
-0.000731303 0.11944 0.17712 -0.000327667 0.134649 0.22 0.047348 0.490102 1.007 0.000856553 0.0997759 0.0066356
-0.000272289 0.124699 0.190581 -0.000319085 0.135646 0.22 0.03487 0.417015 0.971806 0.000856446 0.0997813 0.00655372
-0.000147237 0.127633 0.200454 -0.000310402 0.136644 0.22 -0.00115596 0.241758 0.500105 0.000880746 0.0997966 0.0063141
-0.000130672 0.129183 0.206649 -0.000301377 0.137642 0.22 -0.02416 -0.134264 0.294013 0.000898448 0.0998075 0.00613586
-0.000164647 0.128762 0.208965 -0.000292678 0.138641 0.22 0.0353928 0.202104 0.0260859 0.000866192 0.0998434 0.00552642
9.04515e-05 0.130888 0.208455 -0.000284418 0.139639 0.22 0.0233534 0.124001 0.00678172 0.000813046 0.0998653 0.00512423
0.000223754 0.131391 0.208511 -0.000277591 0.140638 0.22 0.00311675 0.0682484 -0.00856326 0.000599535 0.0998803 0.00485406
0.000178112 0.132956 0.208154 -0.000273236 0.141637 0.22 -0.0150863 0.139013 -0.00667897 0.000374575 0.0998875 0.00472784
-3.73891e-05 0.133932 0.208149 -0.000272021 0.142636 0.22 -0.0236909 0.0455613 0.0218178 9.84006e-05 0.0998964 0.00454978
-0.000265526 0.134864 0.208281 -0.000273284 0.143635 0.22 -0.0200848 0.134301 0.021451 -0.000135436 0.0999058 0.0043383
-0.000373932 0.136262 0.208663 -0.000276236 0.144634 0.22 -0.00713907 0.0788704 0.0676789 -0.000331359 0.0999227 0.00391758
-0.00032932 0.137175 0.209613 -0.000280113 0.145634 0.22 2.24317e-05 0.124598 0.0805199 -0.000412253 0.0999326 0.00364719
-0.00029008 0.138517 0.210489 -0.000284477 0.146633 0.22 0.00295654 0.116677 0.080312 -0.00043959 0.0999385 0.00347846
-0.000285601 0.139695 0.211504 -0.000288899 0.147632 0.22 -0.00193681 0.109677 0.0962476 -0.00043901 0.0999445 0.00330108
-0.00028904 0.140994 0.212735 -0.000292748 0.148632 0.22 0.00175998 0.169206 0.121512 -0.000381115 0.0999506 0.00311872
-0.000227599 0.142524 0.214106 -0.000295588 0.149631 0.22 0.00273766 0.146192 0.108606 -0.000265789 0.0999586 0.00286657
-0.000201473 0.143851 0.215501 -0.000297625 0.150631 0.22 0.00891562 0.113638 0.09907 -0.000184371 0.0999616 0.002766
-0.000241473 0.145663 0.217155 -0.000299202 0.151831 0.22 -0.0072657 0.182778 0.121906 -0.000117269 0.0999643 0.00266753
-0.000341024 0.147174 0.218721 -0.00030017 0.15283 0.22 -0.0122312 0.140757 0.123646 -9.06131e-05 0.0999718 0.0023722
-0.000404719 0.148491 0.220217 -0.000301034 0.15383 0.22 -0.000985302 0.16429 0.114931 -8.60872e-05 0.0999731 0.00231972
-0.000424058 0.150167 0.221661 -0.000301782 0.15483 0.22 0.0023542 0.136174 0.12874 -7.20155e-05 0.0999742 0.00227237
-0.000387746 0.151594 0.223085 -0.000302295 0.15583 0.22 -0.00673781 0.151022 0.111072 -4.47281e-05 0.0999737 0.00229388
-0.0003434 0.153049 0.224131 -0.000302485 0.156829 0.22 0.00516163 0.153634 0.0977433 -1.11343e-05 0.0999718 0.00237389
-0.000353121 0.154645 0.225268 -0.0003025 0.157829 0.22 -0.00439435 0.148612 0.0987429 -2.06868e-06 0.0999692 0.00248035
-0.00035288 0.155824 0.226377 -0.000302835 0.158829 0.22 -0.00374677 0.120501 0.0765927 -5.08995e-05 0.0999668 0.00257443
-0.000343695 0.15709 0.227336 -0.000303675 0.159828 0.22 0.00715683 0.124963 0.0779697 -0.000100048 0.0999671 0.00256479
-0.000364217 0.158185 0.22829 -0.000304952 0.160828 0.22 -0.00165149 0.0790604 0.0655919 -0.000129422 0.0999682 0.00251907
-0.000379222 0.159319 0.229035 -0.0003059 0.161828 0.22 -0.001801 0.108268 0.0685514 -8.75904e-05 0.0999689 0.00249158
-0.00037395 0.160436 0.229522 -0.000306008 0.162827 0.22 0.00137651 0.10563 0.0336337 4.14465e-06 0.0999684 0.002512
-0.000284718 0.161421 0.229874 -0.000305533 0.163827 0.22 0.00841474 0.123898 0.0345552 4.45777e-05 0.0999657 0.002619
-0.000266488 0.162322 0.230227 -0.000305488 0.164827 0.22 0.00586032 0.072005 0.031784 -2.33012e-05 0.0999635 0.00270034
-0.000314819 0.163268 0.230443 -0.000306373 0.165826 0.22 -0.00148757 0.0880741 0.0161277 -9.97114e-05 0.0999627 0.0027283
-0.00038153 0.164103 0.230636 -0.000308277 0.166826 0.22 -0.00822921 0.0862287 0.0056539 -0.000191277 0.0999628 0.002722
-0.00041978 0.164765 0.230723 -0.00031039 0.167826 0.22 0.0016179 0.0653697 0.0106253 -0.000202985 0.0999631 0.00270951
-0.000428291 0.165222 0.230694 -0.00031194 0.168825 0.22 0 0 0 -0.000135097 0.0999635 0.00269958
-0.000428291 0.165222 0.159108 -0.000312612 0.169825 0.22 0 0 0 -3.72421e-05 0.0999647 0.00265706
-0.000428291 0.165222 0.167316 -0.000312388 0.170824 0.22 0 0 0 3.04845e-05 0.0999654 0.00263121
-0.000332861 0.165522 0.178114 -0.000311264 0.171824 0.22 0.0294182 0.0719702 0.848607 0.000121085 0.0999651 0.00263988
-0.000268293 0.16686 0.190392 -0.000309726 0.172824 0.22 -0.0109316 0.185316 0.878581 0.000157332 0.099964 0.00267992
-0.000219679 0.168611 0.20163 -0.00030822 0.173823 0.22 0.0135157 0.186213 0.800106 0.000145803 0.0999616 0.00276786
-0.000123095 0.169493 0.211856 -0.000306958 0.174823 0.22 0.00426218 0.0245664 0.710376 0.0001212 0.0999607 0.00279928
-0.000160424 0.17057 0.219976 -0.000305812 0.175823 0.22 0.0022684 0.172991 0.487106 0.000116711 0.0999631 0.00271432
-4.09753e-05 0.172094 0.225355 -0.000304545 0.176822 0.22 0.0144769 0.00616997 0.169724 0.00013405 0.0999682 0.00251797
-0.000232255 0.171252 0.225556 -0.000302654 0.177822 0.22 -0.0383066 -0.0404261 -0.129376 0.000191584 0.0999817 0.00190441
-0.000338663 0.172581 0.223913 -0.000300125 0.178822 0.22 0.00301053 0.353228 -0.106493 0.000271774 0.0999916 0.00127064
-0.000347481 0.175345 0.222804 -0.000295958 0.179822 0.22 -0.00398 0.147175 -0.0787732 0.000471636 0.0999798 0.00195458
-0.000410252 0.17667 0.222024 -0.000290197 0.180821 0.22 -0.00828799 0.136976 -0.0588782 0.000615933 0.0999442 0.00328145
-0.000501993 0.178732 0.221288 -0.000283715 0.181821 0.22 -0.00472156 0.267668 -0.0464856 0.000659089 0.0999099 0.00419175
-0.000585631 0.180691 0.220442 -0.000276341 0.182819 0.22 -0.0220465 0.102137 -0.0880643 0.000745708 0.0998663 0.00511449
-0.000704484 0.181635 0.21938 -0.000267549 0.183818 0.22 -0.00390647 0.0735802 -0.0496485 0.000906739 0.0998305 0.00574919
-0.00063801 0.182229 0.218761 -0.000257498 0.184816 0.22 0.00331525 0.0326979 -0.0344707 0.00103571 0.0998253 0.00581642
-0.000591961 0.182453 0.21844 -0.000246493 0.185814 0.22 -0.00140048 0.016406 -0.0106012 0.00113348 0.0998295 0.0057264
-0.000563735 0.182718 0.21837 -0.000234681 0.186813 0.22 0.00641059 0.0439568 0.0120887 0.00118608 0.0998364 0.0055926
-0.000512754 0.183014 0.218759 -0.000222363 0.187811 0.22 -0.00602543 0.0150758 0.0482887 0.00123581 0.0998428 0.00546624
-0.000490582 0.183408 0.21955 -0.000209926 0.188809 0.22 0.00863535 0.0517892 0.0872101 0.00124287 0.0998405 0.00550652
-0.000498224 0.18384 0.220567 -0.000197709 0.189808 0.22 -0.00074614 0.0272292 0.0821232 0.0012131 0.0998312 0.00567997
-0.000567128 0.184181 0.221733 -0.000183721 0.191006 0.22 -0.00592959 0.0304528 0.081078 0.00114739 0.0998179 0.00592265
-0.000692193 0.18445 0.222799 -0.000172623 0.192004 0.22 -0.00821674 0.00241288 0.0813449 0.0011024 0.099813 0.00601274
-0.000764838 0.184556 0.22375 -0.000161744 0.193002 0.22 -0.00541571 0.0169435 0.0677192 0.00108825 0.0998132 0.00601113
-0.000752872 0.184679 0.224554 -0.000150728 0.194 0.22 0.006079 0.0169247 0.067235 0.00110135 0.0998013 0.00620364
-0.000720632 0.184859 0.225414 -0.000139763 0.194998 0.22 0.00534221 -0.0078579 0.0799552 0.00109154 0.0997764 0.00659413
-0.000681445 0.184796 0.226233 -0.000129428 0.195995 0.22 0.00241624 0.016667 0.0687876 0.00101888 0.0997936 0.00634094
-0.000649659 0.185171 0.226948 -0.000120097 0.196993 0.22 0.00354816 0.0395425 0.0597211 0.000910729 0.0998113 0.00607319
-0.000621165 0.185589 0.227577 -0.000111914 0.197992 0.22 -0.00326426 0.0815204 0.0575058 0.000789785 0.0998298 0.00577793
-0.000549346 0.186266 0.228275 -0.000104276 0.19899 0.22 0.0137418 0.0607547 0.0685921 0.000758321 0.0998377 0.00564441
-0.000496405 0.187059 0.229013 -9.65464e-05 0.199988 0.22 0.00907244 0.094518 0.0612417 0.000777903 0.0998121 0.00607768
-0.000444015 0.188174 0.229638 -8.83592e-05 0.200986 0.22 0.000694646 0.100417 0.047442 0.000826559 0.0998116 0.00607946
-0.000383006 0.189126 0.230106 -7.99287e-05 0.201984 0.22 0.0073158 0.0886552 0.0403626 0.000843085 0.0997862 0.00648028
-0.000347874 0.190383 0.230423 -7.16976e-05 0.202982 0.22 0.000539656 0.123208 0.0248795 0.000808697 0.0997859 0.00649037
-0.000295774 0.191439 0.230619 -6.39383e-05 0.20398 0.22 0.00426021 0.0852346 0.0232558 0.000762212 0.0997902 0.00642855
-0.000242252 0.192449 0.230685 -5.6555e-05 0.204978 0.22 0.00688969 0.106008 0.0106788 0.000736237 0.0997974 0.00632027
-0.000198191 0.193151 0.230689 -4.90697e-05 0.205976 0.22 0 0 0 0.000758976 0.0998119 0.00608349
-0.000198191 0.193151 0.163806 -4.0879e-05 0.206974 0.22 0 0 0 0.000837026 0.0998204 0.00593265
-0.000198191 0.193151 0.173171 -3.18136e-05 0.207972 0.22 0 0 0 0.000929605 0.0998281 0.00578626
2.24155e-07 0.196396 0.18559 -2.18341e-05 0.208971 0.22 0.0332093 0.55985 1.01863 0.00101359 0.0998341 0.0056681
0.000212198 0.200817 0.197534 -1.11819e-05 0.209969 0.22 0.0114527 0.355102 0.836399 0.00107618 0.0998426 0.00550443
0.000244203 0.203607 0.206609 3.03132e-07 0.210968 0.22 -0.00103414 0.208128 0.501725 0.00116736 0.099839 0.00555045
0.000292237 0.20406 0.210995 1.24931e-05 0.211966 0.22 -0.00712538 0.0034054 0.128003 0.00122976 0.0998353 0.00560402
0.000175086 0.204896 0.211433 2.51941e-05 0.212964 0.22 0.00778938 0.149826 -0.0329988 0.00128166 0.0998601 0.0051293
0.000245034 0.206096 0.211209 3.81238e-05 0.213963 0.22 0.0126194 -0.0109894 0.0353821 0.00127975 0.09989 0.00451108
0.000462025 0.206166 0.211142 5.00699e-05 0.214962 0.22 0.0194719 0.0837897 -0.0520837 0.00112483 0.0999191 0.00386045
0.000518118 0.207219 0.210698 6.00951e-05 0.215962 0.22 -0.00569678 0.0797071 -0.00763331 0.000954377 0.0999341 0.00350163
0.000450273 0.207973 0.210593 6.70733e-05 0.216961 0.22 -0.00948087 0.0749472 -0.0112703 0.000681366 0.0999512 0.00304945
0.000392472 0.208937 0.210462 7.09642e-05 0.217961 0.22 0.00101464 0.113579 0.0173377 0.000339495 0.0999651 0.00262038
0.000388221 0.210202 0.21074 7.27891e-05 0.21896 0.22 -0.00785425 0.117814 0.0386528 0.000101496 0.099974 0.00227606
0.000320067 0.211436 0.211252 7.27669e-05 0.21996 0.22 0.00351493 0.112457 0.0426173 -3.54227e-05 0.0999779 0.00210027
0.000292105 0.212695 0.21181 7.12957e-05 0.22096 0.22 -0.00339196 0.117936 0.0714098 -0.000148494 0.0999815 0.00191828
0.000290646 0.213968 0.21265 6.9167e-05 0.22196 0.22 -0.0101532 0.158717 0.0630814 -0.000213715 0.0999852 0.00170979
0.000219227 0.215287 0.213575 6.69436e-05 0.22296 0.22 0.0034523 0.153099 0.0830853 -0.000212825 0.0999893 0.00144857
0.000181094 0.216792 0.214759 6.53484e-05 0.22396 0.22 -0.0041854 0.138509 0.104521 -0.000123185 0.099992 0.0012592
0.000134513 0.218339 0.21602 6.51727e-05 0.22496 0.22 0.0102321 0.132285 0.100116 9.70158e-06 0.0999939 0.00110036
0.000148582 0.219806 0.217351 6.60264e-05 0.22596 0.22 -0.00645559 0.153302 0.11099 8.82163e-05 0.0999951 0.000984312
0.00014113 0.221448 0.218742 6.7553e-05 0.22696 0.22 0.00206655 0.15005 0.111445 0.000156237 0.0999963 0.000841532
0.000131367 0.223079 0.220084 6.93648e-05 0.22796 0.22 -0.00757923 0.171817 0.11276 0.000184561 0.0999966 0.000798641
0.000127754 0.225064 0.221648 7.14411e-05 0.229159 0.22 -0.00194332 0.169989 0.109072 0.000163777 0.099997 0.000763037
8.02143e-05 0.226634 0.22293 7.28709e-05 0.230159 0.22 -0.00299749 0.175836 0.0937282 0.000135211 0.0999966 0.000811216
1.94352e-05 0.228198 0.224225 7.41269e-05 0.231159 0.22 -0.000882357 0.142611 0.11592 0.000125064 0.0999964 0.000840555
1.79298e-05 0.229581 0.225324 7.55265e-05 0.232159 0.22 0.00589812 0.136826 0.10544 0.000150042 0.0999962 0.000858665
2.5691e-05 0.230868 0.226417 7.71505e-05 0.233159 0.22 0.0073717 0.10635 0.0908549 0.000167448 0.0999961 0.000863963
-7.94527e-06 0.232119 0.227355 7.87483e-05 0.234159 0.22 -0.00676656 0.109423 0.0685018 0.000152813 0.0999964 0.000834556
-2.71513e-05 0.233168 0.228279 7.96526e-05 0.235159 0.22 -0.0077603 0.0878261 0.0665774 7.4887e-05 0.0999969 0.000784654
-3.06493e-05 0.23417 0.229011 7.95334e-05 0.236159 0.22 0.00718078 0.114943 0.0484508 -2.49321e-05 0.0999977 0.000673313
-1.19369e-05 0.235171 0.229671 7.90284e-05 0.237159 0.22 0.00138198 0.0889116 0.0564123 -4.17839e-05 0.0999987 0.000511756
9.25207e-06 0.23604 0.230158 7.89704e-05 0.238159 0.22 0.000106936 0.0762674 0.0271452 1.01364e-05 0.099999 0.000448307
0.000110056 0.236869 0.230435 7.99522e-05 0.239159 0.22 0.00758181 0.0935305 0.0172491 0.000102329 0.0999991 0.000417259
0.000171502 0.237744 0.23064 8.12922e-05 0.240159 0.22 0.00436053 0.102944 0.00521638 0.000132246 0.0999991 0.000394929
0.000155591 0.238547 0.230693 8.20381e-05 0.241159 0.22 0.00610325 0.0927878 -0.00614328 4.97962e-05 0.0999992 0.000398282
0.000139327 0.239416 0.230642 8.20378e-05 0.242159 0.22 0.00387848 0.0797682 -0.0021198 -2.54966e-05 0.0999991 0.000417622
0.000155172 0.239764 0.230587 8.14472e-05 0.243159 0.22 0 0 0 -6.51563e-05 0.0999991 0.000418134
0.000155172 0.239764 0.165205 8.0581e-05 0.244159 0.22 0 0 0 -8.47447e-05 0.0999991 0.0004147
0.000155172 0.239764 0.174775 7.99222e-05 0.245159 0.22 0 0 0 -5.76188e-05 0.1 -3.25714e-05
0.000207228 0.24041 0.186774 7.97049e-05 0.246159 0.22 0.00281264 0.126036 0.912504 -9.64718e-06 0.1 -4.22868e-06
0.000273878 0.242074 0.198333 7.99199e-05 0.247159 0.22 0.00940158 0.20048 0.784845 3.09585e-05 0.1 4.24815e-05
0.000505722 0.24314 0.207335 8.06235e-05 0.248159 0.22 0.0396847 0.0268117 0.572727 8.23293e-05 0.0999998 0.000175757
0.000680112 0.244886 0.212263 8.20613e-05 0.249159 0.22 0.00430484 0.219705 0.332186 0.000163799 0.0999989 0.000433998
0.000802316 0.246658 0.215879 8.4437e-05 0.250159 0.22 0.0102242 0.164777 0.16056 0.000259274 0.0999972 0.000703777
0.000715958 0.24682 0.215561 8.76695e-05 0.251159 0.22 -0.0151739 -0.00489133 -0.0564552 0.000341977 0.0999973 0.000654149
0.000691603 0.248108 0.21493 9.21799e-05 0.252159 0.22 0.031655 0.239662 -0.0553267 0.000477923 0.0999976 0.000507187
0.000931638 0.249853 0.214287 9.89044e-05 0.253159 0.22 0.0205304 0.106426 -0.0594941 0.000736513 0.0999935 0.000869286
0.00103659 0.250972 0.213532 0.000107326 0.254159 0.22 -0.00173682 0.142904 -0.0573123 0.000891726 0.0999872 0.00133141
0.000826506 0.252396 0.213232 0.000117254 0.255159 0.22 -0.0217322 0.136429 -0.0218349 0.00100847 0.0999762 0.00193253
0.000587426 0.253718 0.213124 0.000127569 0.256158 0.22 -0.0313333 0.118743 0.00121136 0.0010313 0.0999604 0.00261838
0.000265798 0.254896 0.213063 0.000137495 0.257158 0.22 -0.0281266 0.102475 -0.00954369 0.000972634 0.0999366 0.00342421
1.61456e-05 0.255891 0.212917 0.000146771 0.258157 0.22 -0.0241902 0.0618547 -0.00426172 0.000902434 0.0999186 0.00393275
-6.22828e-05 0.256142 0.212993 0.000155482 0.259156 0.22 0.00488224 -0.0134988 0.0130335 0.00086272 0.0999068 0.00422861
-5.69999e-06 0.256227 0.213172 0.000164013 0.260155 0.22 0.0158126 0.0296363 0.0220163 0.000854863 0.0998976 0.00444265
0.000156671 0.256345 0.213399 0.000174391 0.261354 0.22 0.00638553 0.0151282 0.0307324 0.000867659 0.0998962 0.00447281
0.00024283 0.256213 0.213916 0.000183012 0.262353 0.22 0.00539783 -0.00382253 0.0625142 0.000857882 0.0998965 0.0044668
0.000264209 0.256195 0.214568 0.000190849 0.263352 0.22 0.000517254 0.000466554 0.0581708 0.000749657 0.0998913 0.00460024
0.000246329 0.256205 0.215452 0.000197641 0.264351 0.22 -0.00172392 0.0215488 0.0776348 0.000642239 0.0998887 0.00467263
0.000209451 0.256489 0.216701 0.00020356 0.265349 0.22 -0.0102387 0.032006 0.0997263 0.000583034 0.0998871 0.00471437
0.000211739 0.25683 0.218076 0.000209304 0.266348 0.22 0.000794572 0.0412546 0.0976171 0.00058127 0.0998811 0.00483991
0.000232436 0.256855 0.219247 0.000215864 0.267347 0.22 0.0051482 0.0249056 0.0900755 0.000675922 0.09987 0.00505152
0.000226602 0.257289 0.220273 0.000223093 0.268346 0.22 9.8818e-05 0.0609724 0.0930468 0.000732784 0.0998629 0.00518247
0.000245371 0.257939 0.221425 0.00023035 0.269344 0.22 -0.00311654 0.0702538 0.0886387 0.000719384 0.0998694 0.00505807
0.00023847 0.258673 0.222444 0.000237026 0.270343 0.22 -0.00423265 0.0775495 0.0731131 0.000650489 0.0998768 0.00491875
0.000292214 0.259415 0.223339 0.000242794 0.271342 0.22 0.00556 0.0914691 0.0540103 0.000559133 0.0998707 0.00505234
0.000368672 0.260293 0.224336 0.000247989 0.272341 0.22 0.0103041 0.0856554 0.0722041 0.000512517 0.0998714 0.00504296
0.00048894 0.261072 0.225141 0.000253369 0.273339 0.22 0.0125547 0.0985755 0.0673482 0.000551663 0.0998692 0.00508224
0.000520317 0.26201 0.225916 0.000259704 0.274338 0.22 -0.00715732 0.0711993 0.0567472 0.000656485 0.0998642 0.00516915
0.000494058 0.262968 0.226471 0.000266919 0.275337 0.22 0.000732917 0.100034 0.055431 0.000727423 0.0998597 0.00524448
0.000473917 0.26396 0.226863 0.000274131 0.276335 0.22 0.00704712 0.106559 0.0181222 0.000715077 0.099859 0.00526079
0.000511259 0.264984 0.22722 0.000280669 0.277334 0.22 0.00751658 0.125622 0.0377252 0.000634162 0.0998436 0.00555492
0.000568422 0.266207 0.227551 0.000286103 0.278332 0.22 0.00572345 0.111997 0.0245871 0.000528613 0.0998504 0.00544184
0.000620856 0.267313 0.227896 0.000290876 0.279331 0.22 0.00326086 0.132477 0.0329792 0.000478308 0.0998536 0.00538872
0.000620856 0.267313 0.228216 0.00029564 0.280329 0.22 0 0 0 0.000481801 0.099855 0.00536246
0.000620856 0.267313 0.167481 0.000300742 0.281328 0.22 0 0 0 0.000528853 0.0998572 0.00531656
0.000600777 0.268181 0.178423 0.000306494 0.282326 0.22 -0.0100392 0.433592 0.930756 0.000583067 0.0998529 0.00539101
0.000439316 0.27322 0.191083 0.000312996 0.283325 0.22 -0.00734863 0.412709 0.918053 0.000653169 0.0998549 0.00534567
0.000203648 0.276302 0.19929 0.000320339 0.284323 0.22 -0.0356874 0.278332 0.520394 0.000755889 0.099859 0.00525502
2.89843e-05 0.277658 0.206132 0.00032839 0.285322 0.22 -0.0211322 0.081825 0.518722 0.000814244 0.0998703 0.00502611
-0.000241264 0.278265 0.211278 0.000336464 0.286321 0.22 -0.0235204 0.0222503 0.271002 0.000802109 0.0999061 0.00425854
-0.000191399 0.27891 0.213754 0.000344226 0.28732 0.22 0.0297358 0.141614 0.0352575 0.000769672 0.0999369 0.00346708
8.60166e-06 0.281293 0.213575 0.000351728 0.28832 0.22 0.00312764 0.186577 0.000953182 0.000755196 0.0999295 0.00367827
4.31029e-05 0.282325 0.213051 0.0003595 0.289319 0.22 -0.00241145 0.0944618 -0.0522522 0.000787279 0.0999255 0.00377865
0.00017027 0.283855 0.212401 0.000368151 0.290318 0.22 0.0278165 0.166054 -0.00389001 0.000881524 0.0999209 0.00387701
0.000443346 0.28504 0.212382 0.00037789 0.291317 0.22 0.0355 0.0581967 0.00775028 0.000995516 0.0999254 0.0037318
0.000916664 0.285755 0.212546 0.000388194 0.292317 0.22 0.0371188 0.106036 0.0563839 0.00102654 0.099944 0.00318466
0.00131348 0.286732 0.213376 0.000398286 0.293316 0.22 0.0265823 0.0808909 0.07669 0.00100055 0.0999588 0.002692
0.00153402 0.287464 0.214129 0.000407642 0.294316 0.22 0.0163914 0.13228 0.0618839 0.000923804 0.0999754 0.00201627
0.00164924 0.288821 0.214876 0.000415925 0.295316 0.22 0.00915928 0.138893 0.0774847 0.000810495 0.0999863 0.00144392
0.00165607 0.2903 0.215745 0.000422933 0.296316 0.22 0.00147138 0.176498 0.0558017 0.000665111 0.0999911 0.00116072
0.00163945 0.291985 0.216581 0.000428881 0.297316 0.22 -0.00298582 0.188373 0.0904604 0.000558811 0.0999918 0.00115205
0.00162899 0.293828 0.217707 0.000433894 0.298316 0.22 0.00255115 0.141074 0.106381 0.000479908 0.099992 0.0011665
0.00168618 0.295805 0.219218 0.000438306 0.299516 0.22 0.00256853 0.188378 0.101075 0.000346947 0.0999931 0.00112575
0.00170877 0.297498 0.220581 0.000441016 0.300516 0.22 -0.00101083 0.157115 0.119301 0.000269365 0.0999943 0.00103774
0.00169739 0.299164 0.221949 0.000443249 0.301516 0.22 -0.00055571 0.186549 0.106329 0.00022229 0.0999985 0.000491693
0.00168833 0.30072 0.223165 0.000445314 0.302516 0.22 -0.00333848 0.163674 0.101509 0.000207504 0.0999997 -0.000117519
0.00171877 0.302418 0.224326 0.000447431 0.303516 0.22 0.00389313 0.173941 0.0920207 0.000213073 0.0999997 -0.000127992
0.00172545 0.303995 0.225355 0.00044949 0.304516 0.22 -0.00162961 0.169536 0.0730194 0.000201459 0.0999998 -7.99527e-05
0.00172394 0.305705 0.226185 0.000451011 0.305516 0.22 -0.00550825 0.172051 0.0678768 0.000146529 0.0999996 -0.000237011
0.00166821 0.307224 0.227106 0.000451646 0.306516 0.22 -0.0104147 0.126724 0.0736809 5.43505e-05 0.0999976 -0.000690319
0.00156633 0.308419 0.227831 0.000451915 0.307515 0.22 -0.0190256 0.120232 0.0675071 2.20199e-05 0.099998 -0.000631761
0.00155085 0.309724 0.228487 0.000452313 0.308515 0.22 0.00472653 0.148261 0.0495144 4.94028e-05 0.0999984 -0.000560093
0.00154441 0.310932 0.229139 0.00045324 0.309515 0.22 -0.00131253 0.0679332 0.0617183 0.000104158 0.0999987 -0.000496763
0.00155047 0.31189 0.229662 0.000454539 0.310515 0.22 -0.00519535 0.0856971 0.0502869 0.000128747 0.0999988 -0.000472945
0.00151722 0.31304 0.230113 0.000455667 0.311515 0.22 -0.00556802 0.117841 0.0338738 0.000102183 0.0999988 -0.000482696
0.00143817 0.313759 0.230394 0.000456164 0.312515 0.22 -0.0055114 0.0830383 0.0256535 3.52025e-05 0.0999989 -0.000476979
0.00134661 0.314809 0.230587 0.00045612 0.313515 0.22 -0.0105234 0.124043 0.00300916 -7.22886e-06 0.099999 -0.000442842
0.00127961 0.315618 0.230754 0.000456157 0.314515 0.22 -0.00931013 0.102939 0.00918122 8.9827e-06 0.0999993 -0.000372923
0.00122539 0.316567 0.230854 0.000456658 0.315515 0.22 -0.0157943 0.063235 -0.00134185 7.12534e-05 0.0999984 -0.000562593
0.00113801 0.317086 0.230762 0.000457727 0.316515 0.22 0 0 0 0.000119814 0.0999987 -0.000503332
0.00113801 0.317086 0.158834 0.000459439 0.317515 0.22 0 0 0 0.000172163 0.099999 -0.00042193
0.00113801 0.317086 0.166986 0.000461459 0.318515 0.22 0 0 0 0.000204886 0.0999992 -0.000346485
0.00110336 0.317191 0.177878 0.000463537 0.319515 0.22 -0.0187285 0.0207228 0.882636 0.000207851 0.0999994 -0.000274301
0.00096493 0.317216 0.188349 0.000465568 0.320515 0.22 0.0182862 0.0174642 0.628909 0.000199915 0.0999996 -0.000200637
0.00116792 0.318026 0.196661 0.000467536 0.321515 0.22 0.0221746 0.248041 0.507353 0.000199687 0.0999997 0.000114342
0.00116372 0.321211 0.20164 0.000469352 0.322515 0.22 0.00117294 0.110557 0.319391 0.000186332 0.0999936 0.00111366
0.00124654 0.321686 0.20529 0.000471592 0.323515 0.22 0.00185741 0.0102203 0.204838 0.000242172 0.0999893 0.00144464
0.0013811 0.321956 0.207613 0.000474417 0.324515 0.22 0.0352518 0.0431719 0.107903 0.00030333 0.0999918 0.00124168
0.00168046 0.321432 0.207171 0.000478878 0.325515 0.22 0.0148029 -0.024584 -0.0639325 0.000487505 0.0999978 0.000450562
0.00197483 0.321951 0.206315 0.000485665 0.326515 0.22 0.0445651 0.151579 -0.0413406 0.000769496 0.0999965 -0.000316462
0.0023717 0.323281 0.205986 0.000494734 0.327515 0.22 0.0132204 0.0815535 -0.0129891 0.000979116 0.099995 -0.000189091
0.00224681 0.324025 0.205996 0.000507148 0.328515 0.22 -0.0359988 0.119154 0.0127255 0.00129855 0.0999901 0.000543484
0.00174877 0.325367 0.206567 0.000521111 0.329515 0.22 -0.0605834 0.109687 0.078011 0.00139731 0.0999808 0.00137077
0.00117217 0.326459 0.207439 0.000534514 0.330514 0.22 -0.047618 0.091955 0.0299804 0.00130593 0.0999625 0.00240716
0.000734786 0.32739 0.207705 0.00054666 0.331514 0.22 -0.0442356 0.0879421 0.022156 0.00114846 0.0999498 0.00295421
0.000382188 0.32816 0.208081 0.000557061 0.332513 0.22 -0.0130837 0.0159603 0.0350492 0.000998365 0.099945 0.00316122
0.000226605 0.327952 0.208757 0.000564873 0.333513 0.22 -0.0101892 0.00592954 0.0696382 0.000768067 0.0999467 0.00317211
0.000265217 0.328033 0.209713 0.000570233 0.334512 0.22 0.0124566 0.0165791 0.0810021 0.000523968 0.0999522 0.00304663
0.000486783 0.328289 0.211184 0.000573724 0.335712 0.22 0.0201917 0.0508889 0.119143 0.000235202 0.0999596 0.00283235
0.000703641 0.328492 0.212661 0.000574197 0.336712 0.22 0.016812 0.0177999 0.114315 -4.27551e-06 0.0999609 0.00279659
0.000847143 0.329069 0.214222 0.000573209 0.337711 0.22 0.017409 0.0911087 0.118894 -0.00014349 0.0999649 0.00264458
0.000852425 0.329638 0.215885 0.000571228 0.338711 0.22 -0.0078447 0.0415991 0.119408 -0.000215737 0.0999617 0.0027605
0.000824202 0.329973 0.217474 0.000568542 0.33971 0.22 -0.00954968 0.0544359 0.125632 -0.000266608 0.0999567 0.00292895
0.000769529 0.330686 0.219126 0.000566339 0.34071 0.22 -0.00490961 0.0780321 0.122104 -0.000194821 0.0999538 0.0030345
0.000651209 0.331214 0.220525 0.000565322 0.341709 0.22 -0.0115119 0.0477983 0.113117 -4.92953e-05 0.0999533 0.00305474
0.00053345 0.331953 0.221721 0.000565602 0.342709 0.22 -0.0106955 0.115723 0.0918115 6.18046e-05 0.0999539 0.00303662
0.000496345 0.332979 0.22287 0.000566472 0.343709 0.22 -0.00680664 0.111234 0.0813845 8.69866e-05 0.0999555 0.0029807
0.000460074 0.333881 0.224062 0.000567153 0.344708 0.22 0.0018026 0.0949937 0.0889582 6.56042e-05 0.0999433 0.00336526
0.00046314 0.335126 0.225206 0.000567227 0.345707 0.22 0.00126542 0.131789 0.0866544 -6.74056e-06 0.0999425 0.0033901
0.000495602 0.336321 0.22625 0.000566697 0.346707 0.22 0.0018415 0.130861 0.0693754 -6.64985e-05 0.0999397 0.003473
0.000556972 0.337668 0.227053 0.000565824 0.347706 0.22 0.00850896 0.145715 0.0594479 -8.94053e-05 0.0999361 0.00357443
0.000617219 0.33888 0.227698 0.000564912 0.348705 0.22 0.00513306 0.131722 0.044922 -9.0918e-05 0.0999342 0.0036254
0.000642938 0.340168 0.228217 0.000564037 0.349705 0.22 -0.00224449 0.129598 0.0362149 -8.86792e-05 0.0999334 0.00364922
0.000652513 0.34168 0.22853 0.000562932 0.350704 0.22 0.00380831 0.13289 0.0189922 -0.000119987 0.0999344 0.00361858
0.000705751 0.342891 0.228835 0.000561009 0.351704 0.22 0.0105134 0.127369 0.0147453 -0.000208444 0.0999356 0.00358091
0.000724983 0.344348 0.229027 0.000557873 0.352703 0.22 0.0047065 0.156664 0.0101954 -0.000333702 0.099937 0.00353363
0.000749127 0.345292 0.228998 0.00055341 0.353702 0.22 0 0 0 -0.000487228 0.0999381 0.00348539
0.000749127 0.345292 0.162873 0.00054797 0.354702 0.22 0 0 0 -0.000562709 0.0999386 0.00345747
0.000749127 0.345292 0.171658 0.0005417 0.355701 0.22 0 0 0 -0.000630723 0.0999394 0.00342388
0.000588135 0.348171 0.183976 0.000535141 0.356701 0.22 -0.0547997 0.52205 1.01537 -0.000658062 0.0999533 0.00298456
0.000113298 0.352551 0.196293 0.000528427 0.3577 0.22 -0.0393297 0.255181 0.69677 -0.000678927 0.0999577 0.0028291
-5.99078e-05 0.355081 0.203086 0.000521444 0.358699 0.22 -0.00985336 0.165936 0.428727 -0.000700352 0.0998252 0.00586831
-0.000183855 0.355571 0.208845 0.000514588 0.359698 0.22 -0.00974757 0.0261475 0.454227 -0.000677338 0.0998337 0.0057246
-0.000293068 0.355919 0.21318 0.000508433 0.360696 0.22 -0.0192924 0.0951262 0.258729 -0.000609921 0.0998792 0.00487636
-0.000426133 0.356882 0.21605 0.000503525 0.361696 0.22 -0.000969075 0.0925402 0.175968 -0.00045783 0.0999414 0.00339264
-0.000353278 0.357938 0.217322 0.000500561 0.362695 0.22 0.0112986 0.174586 0.123161 -0.000198175 0.0999661 0.00259776
-0.000396304 0.360323 0.218767 0.000501466 0.363895 0.22 -0.0114345 0.224036 0.114348 0.000251006 0.0999706 0.00241292
-0.000530804 0.362094 0.21994 0.000507054 0.364894 0.22 -0.0058446 0.153138 0.0959327 0.000733234 0.0999607 0.00270469
-0.000466684 0.363912 0.221344 0.000517916 0.365894 0.22 0.0141326 0.18421 0.131791 0.00123398 0.0999481 0.00297659
-0.000461276 0.365772 0.223053 0.000533213 0.366893 0.22 0.00640877 0.192987 0.128665 0.00157156 0.099941 0.0030531
-0.000448788 0.366999 0.222952 0.000552798 0.367893 0.22 0.00323155 0.103325 -0.070416 0.00198832 0.0999377 0.00291546
-0.00057673 0.367479 0.222057 0.000573783 0.368892 0.22 -0.0206312 0.0151583 -0.0713616 0.00211555 0.0999495 0.00237046
-0.000681484 0.367815 0.221449 0.000594763 0.369892 0.22 0.00487212 0.093216 -0.0221277 0.00208404 0.0999686 0.00138823
-0.000448491 0.368524 0.221161 0.000614362 0.370892 0.22 0.0256333 0.034713 -0.0327156 0.00191403 0.0999807 0.000450204
7.09559e-05 0.369077 0.2208 0.000630506 0.371892 0.22 0.0672947 0.069814 -0.0296071 0.00147699 0.0999888 -0.000260514
0.000779329 0.370641 0.220481 0.000643304 0.372891 0.22 0.0718345 0.174338 -0.00939535 0.00118037 0.0999922 -0.000418728
0.00136189 0.37192 0.220486 0.000651648 0.373891 0.22 0.0507826 0.128658 0.00697959 0.000746246 0.0999957 -0.000554514
0.00165132 0.373656 0.220747 0.000655975 0.374891 0.22 0.0190044 0.212879 0.023381 0.000387713 0.0999971 -0.000660082
0.00169456 0.375265 0.221282 0.000658024 0.375891 0.22 0.00544061 0.131012 0.0430689 0.000183438 0.0999943 -0.00105451
0.00168246 0.37693 0.222004 0.000658908 0.376891 0.22 0.0053454 0.181844 0.0578924 6.6651e-05 0.0999944 -0.00105841
0.00166251 0.378786 0.222811 0.000659337 0.377891 0.22 -0.00107405 0.201753 0.0701914 3.56842e-05 0.0999942 -0.00107508
0.00155243 0.380701 0.22371 0.000659639 0.378891 0.22 -0.0170534 0.15359 0.066932 3.80406e-05 0.0999942 -0.00107767
0.00146779 0.382569 0.224585 0.00066079 0.379891 0.22 -0.0214387 0.204815 0.0671 0.00013396 0.099995 -0.000993508
0.00143456 0.384447 0.225449 0.000663382 0.380891 0.22 -0.00160404 0.173135 0.0711211 0.000299164 0.0999965 -0.000781442
0.0014422 0.386243 0.226264 0.000667153 0.381891 0.22 0.00428948 0.17709 0.0705773 0.000414814 0.0999973 -0.000600724
0.00152528 0.387801 0.227163 0.000671731 0.382891 0.22 0.010782 0.131614 0.0760673 0.000471856 0.099997 -0.000620845
0.00164929 0.389243 0.227982 0.00067695 0.383891 0.22 0.0111185 0.147249 0.0612662 0.000522399 0.0999968 -0.000604174
0.00174329 0.390665 0.228747 0.000682342 0.384891 0.22 -0.0125191 0.130552 0.061866 0.000536156 0.0999965 -0.000648465
0.0016475 0.391937 0.229386 0.000687525 0.385891 0.22 -0.016416 0.132641 0.0418083 0.000511324 0.0999965 -0.00066154
0.00143202 0.393379 0.229742 0.000692558 0.386891 0.22 -0.0235124 0.110883 0.0253449 0.000503753 0.099997 -0.000593526
0.00116566 0.394556 0.229938 0.00069786 0.387891 0.22 -0.0182697 0.114682 0.0174558 0.000537247 0.0999974 -0.000477829
0.000994991 0.395697 0.230191 0.000703946 0.388891 0.22 -0.0160999 0.0788697 0.0270641 0.000612533 0.0999977 -0.000306291
0.000885107 0.396494 0.230405 0.000710603 0.389891 0.22 -0.00475316 0.103577 0.0110006 0.000664345 0.0999976 -0.000187296
0.00086169 0.396876 0.230557 0.000717091 0.390891 0.22 0 0 0 0.000640207 0.0999978 -0.000200031
0.00086169 0.396876 0.16373 0.000722862 0.391891 0.22 0 0 0 0.00056308 0.0999949 -0.000840838
0.00086169 0.396876 0.172612 0.000727693 0.392891 0.22 0 0 0 0.000463034 0.0999947 -0.000914587
0.000904957 0.396957 0.184418 0.000731493 0.393891 0.22 0.0140517 0.0311088 0.900436 0.000351357 0.0999954 -0.000891369
0.00102624 0.397713 0.1965 0.000734484 0.394891 0.22 0.023159 0.124917 0.829324 0.000279042 0.0999962 -0.000822903
0.00128604 0.398981 0.207129 0.000736337 0.395891 0.22 0.0385577 0.00878044 0.401191 0.000180321 0.0999977 -0.000655352
0.00144808 0.39825 0.209369 0.000737169 0.396891 0.22 0.00100856 0.00926154 0.107935 7.91021e-05 0.0999984 -0.000564801
0.00131342 0.399756 0.210467 0.000736439 0.398091 0.22 -0.00588611 0.111791 0.0134145 -0.000121875 0.0999999 -0.000117774
0.00133246 0.40043 0.209769 0.000732953 0.399091 0.22 0.0282103 0.0145566 -0.037955 -0.000410367 0.0999981 0.000455339
0.00138741 0.400741 0.209439 0.000727375 0.40009 0.22 -0.00661876 0.0765942 -0.017143 -0.000663069 0.099996 0.000596492
0.00139638 0.401376 0.208792 0.000719383 0.40109 0.22 0.00979834 0.0431795 -0.0720076 -0.00084187 0.0999942 0.000673308
0.00145917 0.401881 0.208125 0.00070939 0.40209 0.22 -0.0072143 0.0613504 -0.0319336 -0.00100432 0.0999924 0.000711102
0.00143145 0.402837 0.207972 0.000698507 0.40309 0.22 0.00547947 0.10617 -0.0110845 -0.0010866 0.099991 0.000790847
0.00145793 0.403499 0.208278 0.000687481 0.40409 0.22 0.00627429 0.0332856 0.0272276 -0.00110049 0.0999873 0.00114838
0.00150914 0.404296 0.208905 0.000676761 0.40509 0.22 0.0081218 0.0976842 0.0360201 -0.00104954 0.0999839 0.00145433
0.00146933 0.405163 0.20937 0.000666907 0.40609 0.22 -0.00537781 0.100418 0.0442881 -0.00097384 0.0999812 0.00167611
0.0014514 0.405862 0.209967 0.000658208 0.40709 0.22 -0.000454296 0.0617017 0.0495378 -0.000871732 0.0999778 0.00191708
0.00144832 0.406456 0.210797 0.000650255 0.408089 0.22 -0.00010131 0.0740659 0.0665329 -0.000782818 0.0999759 0.00204902
0.00135788 0.406851 0.211732 0.000642948 0.409089 0.22 -0.0123411 0.0272457 0.0703686 -0.000718615 0.0999767 0.00203644
0.0011574 0.407437 0.212814 0.000636104 0.410089 0.22 -0.0259882 0.0718272 0.0889275 -0.000680185 0.099978 0.00198329
0.00091892 0.408143 0.214046 0.000629483 0.411089 0.22 -0.0196357 0.0644486 0.101914 -0.000658397 0.0999783 0.00197424
0.000751687 0.408747 0.215497 0.000623083 0.412088 0.22 -0.0179058 0.0381621 0.12427 -0.000632649 0.0999767 0.00206603
0.0005564 0.409417 0.216984 0.00061693 0.413088 0.22 -0.023819 0.0681004 0.107751 -0.00060768 0.0999745 0.00217452
0.000359572 0.410208 0.218306 0.000611239 0.414088 0.22 -0.0231136 0.0903544 0.110885 -0.00056749 0.0999692 0.00241632
0.000175206 0.410919 0.219605 0.000605847 0.415088 0.22 -0.0185514 0.0508265 0.0935993 -0.000534017 0.0999567 0.00289314
4.93341e-05 0.411561 0.2208 0.00060079 0.416087 0.22 -0.00800892 0.0926544 0.0795993 -0.00049907 0.0999359 0.00354404
-2.235e-05 0.412356 0.22192 0.000595994 0.417086 0.22 -0.00756714 0.0934503 0.093086 -0.000468652 0.0999395 0.00344669
-0.000126179 0.413245 0.222923 0.000591479 0.418086 0.22 -0.011158 0.0808819 0.0747726 -0.000453825 0.0999287 0.00374829
-0.000294036 0.414142 0.223912 0.000587329 0.419085 0.22 -0.011353 0.100613 0.0796531 -0.000414346 0.0999326 0.0036485
-0.000451979 0.415295 0.224901 0.000583442 0.420084 0.22 -0.0209698 0.122898 0.0826606 -0.000385197 0.0999357 0.00356393
-0.000641073 0.416457 0.225822 0.000579619 0.421084 0.22 -0.0242588 0.126812 0.0596956 -0.000382248 0.0999355 0.0035712
-0.00082198 0.417836 0.226594 0.000575818 0.422083 0.22 -0.0102972 0.130633 0.0632792 -0.000378602 0.0999335 0.0036259
-0.000951106 0.419156 0.22734 0.000572094 0.423082 0.22 -0.0132856 0.104277 0.0483547 -0.000370754 0.0999321 0.00366538
-0.00108109 0.420366 0.227969 0.000568706 0.424082 0.22 -0.018745 0.155692 0.0329757 -0.000331986 0.0999299 0.00372798
-0.00117305 0.42176 0.228394 0.00056566 0.425081 0.22 0.000808486 0.139138 0.0261293 -0.000298189 0.0999235 0.00389962
-0.00121337 0.423069 0.228754 0.000562837 0.42608 0.22 -0.0134699 0.157171 0.0326548 -0.00027893 0.099924 0.00388912
-0.00129017 0.424439 0.229023 0.000560034 0.427079 0.22 -0.00129013 0.14263 0.00856532 -0.00028192 0.0999248 0.0038664
-0.00129275 0.424724 0.22918 0.000557046 0.428079 0.22 0 0 0 -0.000309495 0.0999264 0.0038234
-0.00129275 0.424724 0.166364 0.000553745 0.429078 0.22 0 0 0 -0.000341889 0.0999279 0.00378185
-0.00129275 0.424724 0.177405 0.000549864 0.430077 0.22 0 0 0 -0.000400078 0.0999341 0.00360875
-0.00115598 0.429285 0.190928 0.000545333 0.431077 0.22 -0.00991816 0.380229 0.987631 -0.000462871 0.0999351 0.00357263
-0.00132485 0.431736 0.202429 0.000539972 0.432076 0.22 0.00730044 0.123177 0.747136 -0.000551332 0.0999392 0.00344355
-0.00116804 0.432543 0.210596 0.000533762 0.433075 0.22 -0.0285564 0.185386 0.405241 -0.000643421 0.0999374 0.00347993
-0.00157852 0.433824 0.214257 0.000527139 0.434075 0.22 -0.0289193 0.00457319 0.23215 -0.00066216 0.0999336 0.00358301
-0.00154603 0.434301 0.217163 0.000520479 0.435074 0.22 0.0302347 0.147362 0.161699 -0.000677164 0.0999466 0.00319633
-0.00150707 0.435533 0.218309 0.000512955 0.436074 0.22 -0.0226477 0.124007 0.0671898 -0.000765514 0.099968 0.00241118
-0.00172004 0.436708 0.219139 0.000505204 0.437074 0.22 -0.0334206 0.16276 0.0855564 -0.000759485 0.0999803 0.00183192
-0.002107 0.438838 0.220143 0.000498559 0.438273 0.22 -0.025597 0.217527 0.0318182 -0.000594662 0.0999815 0.00183028
-0.00223814 0.440559 0.219353 0.000494106 0.439273 0.22 -0.00303869 0.098136 -0.0571949 -0.000230908 0.0999754 0.00220549
-0.00237982 0.440841 0.218659 0.000493815 0.440273 0.22 -0.011524 0.054399 -0.0179645 7.54361e-05 0.0999782 0.00208612
-0.00249228 0.442032 0.218604 0.000496555 0.441273 0.22 -0.00629831 0.103099 -0.00698113 0.000306027 0.0999843 0.00174697
-0.00243001 0.441843 0.218822 0.000502118 0.442273 0.22 0.0155907 -0.0405008 0.00826168 0.000558756 0.0999925 0.00109271
-0.00207128 0.442341 0.219074 0.000508741 0.443273 0.22 0.0453421 0.106552 0.0246635 0.000662626 0.0999976 0.000221527
-0.00162503 0.443155 0.21953 0.000515009 0.444273 0.22 0.0518234 0.0593529 0.0282992 0.000607986 0.0999976 -0.00034617
-0.00110499 0.443989 0.219993 0.000520393 0.445273 0.22 0.0673155 0.143371 0.0547923 0.000496029 0.0999966 -0.000664526
-0.000658511 0.445719 0.220561 0.000524445 0.446273 0.22 0.0352978 0.168275 0.051261 0.000391317 0.0999962 -0.000773839
-0.000466764 0.44706 0.221223 0.00052712 0.447273 0.22 0.021132 0.170759 0.0538712 0.000256841 0.0999973 -0.000693543
-0.000330522 0.448809 0.222088 0.000529118 0.448273 0.22 0.0062634 0.167612 0.0797345 0.000182847 0.0999981 -0.000584495
-0.000207161 0.450327 0.223163 0.000530531 0.449273 0.22 0.013235 0.145937 0.0752427 0.000128441 0.0999985 -0.000532287
-9.50398e-05 0.45178 0.224357 0.000531459 0.450273 0.22 0.0131594 0.155819 0.0878506 8.53712e-05 0.0999983 -0.000575578
-3.69324e-05 0.45328 0.225517 0.000532228 0.451272 0.22 0.00634039 0.132859 0.0904672 7.91297e-05 0.0999978 -0.000662423
7.37486e-05 0.454546 0.226568 0.000533038 0.452272 0.22 0.012265 0.125921 0.0924245 8.11248e-05 0.0999975 -0.000701682
0.000195111 0.456375 0.22758 0.000533779 0.453272 0.22 0.00968512 0.186106 0.0864026 7.15523e-05 0.0999944 -0.00105113
0.000254988 0.457651 0.228505 0.000534273 0.454272 0.22 0.00268733 0.101681 0.0687355 4.43616e-05 0.0999949 -0.00101292
0.000372194 0.459184 0.229323 0.000534505 0.455272 0.22 0.0194177 0.198334 0.0722037 2.07588e-05 0.0999815 -0.00192077
0.000504019 0.460579 0.230187 0.000534832 0.456272 0.22 0.00765022 0.076649 0.0693573 4.46e-05 0.0999831 -0.00183983
0.00063305 0.461752 0.230794 0.000535598 0.457272 0.22 0.0183105 0.155502 0.0342929 9.03828e-05 0.0999841 -0.00178205
0.000776939 0.463184 0.231352 0.000537261 0.458272 0.22 0.0124547 0.134304 0.0409835 0.000170662 0.0999851 -0.00171661
0.000925974 0.464271 0.231862 0.000539604 0.459272 0.22 0.011374 0.108666 0.0363669 0.000235258 0.0999867 -0.00161568
0.000977028 0.465524 0.232224 0.000542072 0.460271 0.22 0.0128835 0.14303 0.0349848 0.000241837 0.0999848 -0.00172541
0.000943216 0.466509 0.232548 0.000544359 0.461271 0.22 -0.00723004 0.0774955 0.02059 0.000223819 0.0999862 -0.00164412
0.000915828 0.467556 0.232809 0.000546487 0.462271 0.22 -0.004426 0.119716 0.0115231 0.000211991 0.099987 -0.00159832
0.000907294 0.468522 0.232856 0.000548783 0.463271 0.22 -0.00183079 0.0689575 0.0159183 0.000234992 0.0999878 -0.00154449
0.000906114 0.469256 0.232879 0.000551898 0.464271 0.22 0 0 0 0.000324179 0.0999898 -0.00139022
0.000906114 0.469256 0.15971 0.000555717 0.465271 0.22 0 0 0 0.00039556 0.0999911 -0.00127088
0.000906114 0.469256 0.16798 0.000559992 0.466271 0.22 0 0 0 0.000428614 0.099996 -0.000790186
0.0010447 0.469179 0.178802 0.000564127 0.467271 0.22 0.0264286 -0.0188588 0.873593 0.000406142 0.0999968 -0.000692616
0.00135873 0.469506 0.190959 0.000567779 0.468271 0.22 0.033757 0.0768539 0.83463 0.000339675 0.0999985 -0.000423431
0.00154641 0.470571 0.198584 0.000570399 0.469271 0.22 -0.0133778 -0.0271684 0.312116 0.000230477 0.0999994 -0.000249749
0.00147476 0.470568 0.201814 0.000571657 0.470271 0.22 -0.0227225 0.0736985 0.205197 0.000100908 0.0999999 -1.2091e-05
0.00125492 0.471563 0.204542 0.000571031 0.471271 0.22 -0.0134114 0.0422498 0.166577 -9.906e-05 0.0999998 0.000193121
0.00131888 0.471582 0.206083 0.000568244 0.472271 0.22 0.0235206 -0.0282517 0.036148 -0.000311847 0.0999994 0.000171506
0.00156043 0.471691 0.20619 0.000564747 0.473271 0.22 0.0198715 0.107129 -0.00964395 -0.000369993 0.0999993 1.11435e-05
0.00166618 0.472917 0.206066 0.000561016 0.474271 0.22 -0.00332772 0.113023 -0.0226783 -0.000371398 0.0999959 -0.000821271
0.0015713 0.473862 0.205819 0.000557492 0.475271 0.22 -0.0053281 0.0954803 -0.015046 -0.0003499 0.099998 -0.000531075
0.00145921 0.475196 0.205882 0.000554032 0.476271 0.22 -0.0160356 0.115706 -0.00281731 -0.000349392 0.0999994 -8.09197e-05
0.00129824 0.476372 0.206331 0.000549339 0.477471 0.22 -0.0214154 0.107929 0.0434533 -0.000399581 0.0999974 0.000608225
0.00107523 0.477285 0.20696 0.000544951 0.478471 0.22 -0.0186938 0.106522 0.0432876 -0.000443812 0.0999915 0.00122622
0.000807204 0.478279 0.207509 0.000540737 0.479471 0.22 -0.0315108 0.0823712 0.0520097 -0.000404623 0.099986 0.00162326
0.000635715 0.47887 0.208172 0.000537169 0.48047 0.22 -0.00740284 0.0542827 0.0435139 -0.000329034 0.0999819 0.00187141
0.00052156 0.479415 0.209046 0.000534393 0.48147 0.22 -0.00980589 0.0422365 0.0700919 -0.000269489 0.0999804 0.00196132
0.000424508 0.479908 0.210149 0.000532411 0.48247 0.22 -0.0141655 0.0555546 0.0952944 -0.00019639 0.0999797 0.00200306
0.000327399 0.480467 0.211451 0.000530826 0.48347 0.22 -0.00368103 0.0652495 0.104017 -0.000155566 0.0999799 0.0020003
0.000228728 0.480925 0.212863 0.00052938 0.48447 0.22 -0.0180863 0.0661034 0.118716 -0.00014107 0.0999799 0.00200179
0.000134776 0.48159 0.21433 0.000528142 0.485469 0.22 -0.0138228 0.0692691 0.119892 -0.000118074 0.0999807 0.00195861
-4.63184e-06 0.482327 0.215929 0.000527254 0.486469 0.22 -0.0209576 0.0876099 0.125711 -8.56932e-05 0.0999787 0.00206171
-0.000274996 0.483061 0.217421 0.000527038 0.487469 0.22 -0.032811 0.0548257 0.108982 -1.09722e-05 0.0999694 0.00247375
-0.000556796 0.483576 0.219018 0.000527307 0.488468 0.22 -0.0320451 0.0595208 0.118321 3.85912e-05 0.0999538 0.00304028
-0.000728503 0.484084 0.220449 0.000527891 0.489468 0.22 -0.0175958 0.0596692 0.110842 5.89386e-05 0.0999196 0.0040079
-0.000897792 0.484794 0.221556 0.000528385 0.490467 0.22 -0.00961897 0.0714294 0.0916121 4.59089e-05 0.0999008 0.00445302
-0.00105246 0.485578 0.22258 0.000528803 0.491466 0.22 -0.00654015 0.0728483 0.0874592 4.50049e-05 0.099912 0.00419514
-0.00117631 0.48638 0.223698 0.000529426 0.492465 0.22 -0.00974508 0.0931931 0.0894187 7.05775e-05 0.0999195 0.0040105
-0.00132104 0.487309 0.224771 0.000530587 0.493464 0.22 -0.0121031 0.100157 0.092176 0.000131386 0.099923 0.00392079
-0.00147105 0.488427 0.225695 0.000532426 0.494463 0.22 -0.0126806 0.113318 0.0697179 0.000190631 0.0999256 0.00385325
-0.0015599 0.489652 0.226675 0.000534384 0.495463 0.22 -0.0187984 0.120818 0.0697821 0.000185564 0.0999269 0.00381722
-0.00163257 0.49098 0.227499 0.000535816 0.496462 0.22 0.00158583 0.131928 0.0511378 0.000111182 0.0999285 0.00377952
-0.00162451 0.492218 0.228146 0.000536527 0.497461 0.22 -0.00135373 0.152209 0.0428929 5.87144e-05 0.0999293 0.00375806
-0.00160096 0.493703 0.228699 0.000536982 0.498461 0.22 -0.00334848 0.134921 0.046312 5.13804e-05 0.0999311 0.00371205
-0.00160521 0.495305 0.229268 0.000538319 0.49966 0.22 -0.000507643 0.120663 0.0349985 0.00013261 0.0999334 0.00364611
-0.00157284 0.496721 0.229588 0.000539696 0.500459 0.22 0.00132314 0.11906 0.0101174 0.000177971 0.0999341 0.00362682
-0.00153995 0.49762 0.229787 0.000541874 0.501658 0.22 0 0 0 0.000175364 0.0999353 0.00359132
-0.00153995 0.49762 0.165787 0.000543382 0.502658 0.22 0 0 0 0.000134971 0.0999373 0.00353755
-0.00153995 0.49762 0.175351 0.000544434 0.503657 0.22 0 0 0 9.49552e-05 0.0999396 0.00347401
-0.00115352 0.501241 0.188095 0.000544966 0.504657 0.22 0.0462575 0.505122 1.02769 5.10077e-05 0.0999434 0.0033651
-0.000923816 0.504167 0.19966 0.000545133 0.505656 0.22 0.00764736 0.175715 0.770485 1.08292e-05 0.0999495 0.0031779
-0.000763357 0.505274 0.209003 0.000545081 0.506656 0.22 0.024124 0.0400647 0.661642 -1.25318e-05 0.0999495 0.0031774
-0.000777354 0.505398 0.217419 0.000544843 0.507655 0.22 -0.0117208 0.0203883 0.557293 -1.87043e-05 0.0999469 0.00325958
-0.000866641 0.505683 0.223248 0.000544762 0.508655 0.22 0.0107029 0.197186 0.460098 -7.44345e-06 0.099943 0.00337499
-0.000669511 0.507857 0.227764 0.00054502 0.509654 0.22 0.0177278 0.166303 0.203528 3.88657e-05 0.0999255 0.00385911
-0.000833863 0.509865 0.226493 0.000546182 0.510653 0.22 -0.0170949 0.0993909 -0.133752 0.000140779 0.0999014 0.00443792
-0.000946088 0.509143 0.225401 0.000548146 0.511652 0.22 -0.0172801 -0.0775785 -0.0619114 0.000209202 0.0999099 0.00423799
-0.00110948 0.509707 0.224775 0.000550174 0.512651 0.22 -0.0218111 0.0724107 -0.0516669 0.00019601 0.0999514 0.00311211
-0.00120724 0.508565 0.224417 0.000552062 0.513651 0.22 -0.0109313 -0.193826 -0.04652 0.000184884 0.0999907 0.00134975
-0.00125247 0.508148 0.223872 0.000553607 0.514651 0.22 0.0022096 0.0374467 -0.0515982 0.000141775 0.099999 0.000425275
-0.0012821 0.508959 0.22339 0.000554615 0.515651 0.22 -0.00683398 0.0935916 -0.0182381 9.38311e-05 0.0999992 -0.000379251
-0.00133406 0.509885 0.223112 0.000555416 0.516651 0.22 -0.00532113 0.125143 -0.0164693 7.85462e-05 0.0999979 -0.000644816
-0.00133147 0.511582 0.222866 0.000555952 0.517651 0.22 0.00778669 0.144938 0.00737991 4.20373e-05 0.0999989 -0.00047708
-0.0011737 0.513305 0.223113 0.000556096 0.518651 0.22 0.0229621 0.176883 0.0412434 -5.70351e-06 0.0999998 -0.000196571
-0.0010338 0.515099 0.223533 0.000555709 0.519651 0.22 0.0144996 0.168271 0.0585094 -5.10957e-05 0.1 -6.03182e-05
-0.000913747 0.516682 0.224304 0.000554757 0.520651 0.22 0.013401 0.124418 0.07189 -9.34844e-05 0.0999999 -4.12504e-05
-0.00081529 0.517963 0.225193 0.000554088 0.521651 0.22 0.0106928 0.149208 0.0857289 -5.27394e-05 0.0999982 -0.000597455
-0.000679061 0.519569 0.226288 0.000554143 0.522651 0.22 0.0184701 0.173881 0.0934661 2.59769e-05 0.0999968 -0.000801097
-0.000528544 0.521165 0.227282 0.000554855 0.523651 0.22 0.011929 0.13807 0.0868974 9.07696e-05 0.0999956 -0.000938536
-0.000412019 0.522951 0.228167 0.000555887 0.524651 0.22 0.0141228 0.207019 0.0594826 0.000102885 0.0999953 -0.000963625
-0.000277906 0.524915 0.22901 0.000556921 0.525651 0.22 0.00966227 0.193908 0.0573168 0.000105065 0.0999969 -0.000783945
-0.000162621 0.526812 0.22976 0.000558047 0.526651 0.22 0.0172234 0.215567 0.0630017 0.000115343 0.0999986 -0.000524359
-1.225e-05 0.528855 0.23058 0.000559472 0.527651 0.22 0.0190709 0.192318 0.0632889 0.000155278 0.0999995 -0.000266742
0.000191615 0.530615 0.231405 0.000561653 0.528651 0.22 0.0215016 0.158137 0.0874385 0.000235831 0.0999997 -5.29174e-05
0.000371941 0.532241 0.232226 0.000564807 0.529651 0.22 0.0204181 0.151186 0.0789859 0.000345086 0.0999993 0.000112536
0.000540242 0.533734 0.232988 0.000568606 0.530651 0.22 0.0112943 0.10411 0.0546653 0.000395226 0.0999991 0.000183613
0.00064741 0.534967 0.233541 0.000572856 0.531651 0.22 0.0103716 0.146226 0.0531651 0.000430536 0.0999988 0.000213246
0.000768247 0.536667 0.234231 0.000578182 0.532851 0.22 0.0140862 0.128142 0.0384185 0.000446556 0.0999988 0.00019476
0.000813618 0.537917 0.234626 0.000582858 0.533851 0.22 0.00843715 0.10745 0.0281315 0.000473484 0.0999987 0.000209684
0.000875378 0.539321 0.234865 0.000588149 0.534851 0.22 0.00911864 0.124292 0.0348593 0.00054309 0.0999981 0.000302953
0.000946088 0.540553 0.234942 0.000594529 0.535851 0.22 0.00923263 0.129844 0.00932973 0.000676332 0.0999964 0.000510905
0.0010506 0.541589 0.234958 0.000601822 0.536851 0.22 0.00920996 0.115192 0.00479816 0.000747382 0.0999953 0.000624524
0.00115918 0.542659 0.234912 0.000609979 0.537851 0.22 0.012041 0.120681 0.00152306 0.000817046 0.0999939 0.000748208
0.0011788 0.542881 0.234838 0.000618543 0.538851 0.22 0 0 0 0.000861366 0.0999925 0.000867386
0.0011788 0.542881 0.165162 0.00062724 0.539851 0.22 0 0 0 0.000865367 0.0999914 0.000985338
0.0011788 0.542881 0.174539 0.000635698 0.54085 0.22 0 0 0 0.000833551 0.0999911 0.00104231
0.0013931 0.542763 0.184888 0.000643868 0.54185 0.22 0.0115707 -0.00764912 0.712498 0.000815393 0.0999902 0.00113493
0.00133308 0.543452 0.19404 0.000651323 0.54285 0.22 -0.00536208 0.144309 0.664075 0.000726012 0.0999864 0.00147991
0.00140651 0.544839 0.202389 0.000657864 0.54385 0.22 0.00410978 0.0941261 0.574492 0.000613931 0.0999768 0.00206528
0.0012794 0.544868 0.207394 0.000663118 0.54485 0.22 -0.00686501 0.0660499 0.157807 0.000495172 0.0999617 0.00272186
0.00115208 0.546158 0.208271 0.000667301 0.545849 0.22 -0.0122436 0.154656 0.0557931 0.000407255 0.0999448 0.00329687
0.00094125 0.54749 0.207218 0.000669681 0.546848 0.22 -0.0284777 0.0972751 -0.0876526 0.000205647 0.0999216 0.00395459
0.000920029 0.547883 0.205998 0.000670347 0.547848 0.22 0.0127834 -0.00278388 -0.0678018 1.8246e-05 0.0999192 0.00401935
0.00112163 0.548375 0.205368 0.000669061 0.548847 0.22 0.0293357 0.0902846 -0.0333445 -0.000175249 0.0999279 0.00379157
0.00134871 0.549118 0.204916 0.000666342 0.549846 0.22 0.0213557 0.0658106 -0.0326709 -0.000287821 0.0999286 0.00376614
0.00142917 0.549887 0.20471 0.000663112 0.550845 0.22 0.0069334 0.0967263 0.00771589 -0.000320161 0.0999175 0.00404838
0.00161027 0.550731 0.205717 0.000660225 0.551844 0.22 0.0134814 0.0567309 0.085653 -0.000272749 0.0999016 0.00442566
0.00171787 0.551267 0.206829 0.000658468 0.552843 0.22 -0.00143604 0.0699254 0.0618184 -0.000147174 0.099877 0.004957
0.00169559 0.552204 0.207484 0.00065835 0.553842 0.22 -0.0138298 0.0711513 0.0508757 1.26952e-05 0.0998503 0.00546909
0.00159943 0.552695 0.208439 0.000660037 0.55484 0.22 -0.0025625 0.0504808 0.0890736 0.000217805 0.0998266 0.0058818
0.00140998 0.553266 0.209386 0.000663221 0.555838 0.22 -0.0141327 0.052511 0.094036 0.000386833 0.0998153 0.00606331
0.00122309 0.553605 0.210486 0.000668065 0.556836 0.22 -0.0180878 0.0301931 0.104133 0.000519674 0.0998091 0.00615343
0.001043 0.55394 0.211801 0.000674719 0.557835 0.22 -0.0205578 0.045538 0.119898 0.000669806 0.0998082 0.0061538
0.00083784 0.554451 0.213388 0.000682719 0.558833 0.22 -0.0164215 0.0411312 0.128714 0.000823556 0.0998057 0.00617622
0.000708551 0.555061 0.214981 0.00069152 0.559831 0.22 -0.0110224 0.0663635 0.128225 0.000900455 0.0997879 0.00644726
0.000581507 0.555774 0.21657 0.000700596 0.560828 0.22 -0.0156771 0.0613668 0.121752 0.000896215 0.0997481 0.00703646
0.00045368 0.55661 0.218162 0.000709196 0.561826 0.22 -0.00584161 0.0958027 0.125108 0.000851178 0.0997336 0.00724516
0.000348633 0.55743 0.219605 0.000716567 0.562823 0.22 -0.0146151 0.0458228 0.11517 0.000734934 0.099715 0.00750878
0.00022931 0.558063 0.220845 0.000722785 0.56382 0.22 -0.0115218 0.0810935 0.103229 0.000597194 0.0996952 0.00777915
9.44091e-05 0.558893 0.22195 0.000728722 0.564817 0.22 -0.0103634 0.116539 0.109487 0.000590048 0.0997154 0.00751587
-2.9004e-05 0.55973 0.223113 0.000735442 0.565814 0.22 -0.0135094 0.0858736 0.0816187 0.000696913 0.0997161 0.00749815
-0.000124161 0.560959 0.224308 0.000745211 0.56701 0.22 -0.00615346 0.134162 0.0900362 0.000842996 0.0997121 0.00753611
-0.000207889 0.562119 0.22532 0.000753999 0.568008 0.22 -0.0192868 0.108761 0.0802688 0.000881899 0.0997093 0.00756814
-0.000339011 0.563536 0.226292 0.00076303 0.569005 0.22 -0.0187132 0.166805 0.0775238 0.000902451 0.0996942 0.00776255
-0.000494519 0.565074 0.227085 0.000771962 0.570001 0.22 -0.0174291 0.140719 0.0631005 0.000889293 0.0996733 0.00802799
-0.000585799 0.566465 0.227822 0.000780755 0.570998 0.22 -0.00235786 0.162626 0.0683595 0.000879145 0.0996501 0.0083116
-0.000610972 0.567958 0.228487 0.000789808 0.571994 0.22 0.00250388 0.119366 0.0598399 0.000917243 0.0996277 0.00857229
-0.000624458 0.569177 0.228862 0.000799891 0.57299 0.22 0.00256567 0.128052 0.0328333 0.00105199 0.0996071 0.00879309
-0.000536012 0.570651 0.229187 0.000811102 0.573986 0.22 0.0062861 0.14032 0.0258224 0.00114592 0.0995996 0.00886549
-0.000501364 0.571871 0.229377 0.000823545 0.574982 0.22 0.0048013 0.110696 0.00401886 0.00125069 0.0995964 0.00888756
-0.000501364 0.571871 0.229448 0.000836542 0.575978 0.22 0 0 0 0.00130509 0.0995982 0.00885997
-0.000501364 0.571871 0.171071 0.000849576 0.576974 0.22 0 0 0 0.00129429 0.0996 0.00884062
-0.000391657 0.572629 0.181553 0.000862219 0.57797 0.22 0.0548536 0.378743 0.912 0.00124586 0.099598 0.0088703
0.000132564 0.577488 0.194295 0.000874306 0.578966 0.22 0.0367952 0.423391 0.99613 0.00119402 0.0995975 0.00888347
0.000178392 0.580126 0.204771 0.000885539 0.579962 0.22 -0.00251721 0.181937 0.683752 0.00112138 0.0996054 0.00880415
0.000202209 0.581626 0.211176 0.000896202 0.580958 0.22 0.00344556 0.0737918 0.451759 0.00104898 0.0996109 0.00875011
0.00017526 0.581655 0.217364 0.00090624 0.581955 0.22 0.00553761 0.016035 0.414157 0.000986945 0.0996514 0.0082837
0.000372207 0.581559 0.220562 0.000915757 0.582952 0.22 0.052765 0.0817242 0.235428 0.000929221 0.0997034 0.00763972
0.0010615 0.582688 0.222381 0.000924288 0.583949 0.22 0.0567252 0.112748 0.146931 0.000832123 0.0997327 0.00725857
0.00149684 0.583721 0.223814 0.000931532 0.584946 0.22 0.0344162 0.0887709 0.0911173 0.000689374 0.0997207 0.00743729
0.001652 0.585144 0.223259 0.000936955 0.585943 0.22 0.00971128 0.223911 -0.0698347 0.00049112 0.0996893 0.0078609
0.00162651 0.586222 0.222237 0.000940264 0.58694 0.22 -0.000514928 0.0204168 -0.054317 0.000289246 0.0996787 0.00800498
0.00166669 0.58605 0.221622 0.000941239 0.587937 0.22 -0.000798288 0.00960113 -0.042622 4.69431e-05 0.0997179 0.0075064
0.00158115 0.586375 0.221325 0.000939564 0.588935 0.22 -0.0134658 0.0091883 -0.0100788 -0.000238793 0.0998039 0.00625545
0.00134456 0.586256 0.221305 0.000936448 0.589933 0.22 -0.0334558 0.0563094 -0.002808 -0.000344393 0.0998458 0.00554076
0.00103851 0.587069 0.221019 0.000932259 0.590932 0.22 -0.0284218 0.0950778 -0.00980729 -0.000428703 0.0998839 0.00479921
0.000731667 0.587899 0.221017 0.000928218 0.591931 0.22 -0.0283971 0.123544 -0.00133691 -0.00039342 0.099897 0.00452069
0.000537812 0.58959 0.220954 0.000925208 0.59293 0.22 -0.0146272 0.213854 0.0171054 -0.000263529 0.0998926 0.00462642
0.000493353 0.591038 0.221325 0.00092352 0.593929 0.22 0.00584445 0.110793 0.0480609 -0.000116971 0.0998812 0.00487192
0.000587374 0.592724 0.221889 0.000923175 0.594927 0.22 0.0159032 0.20596 0.0747733 5.1296e-06 0.099873 0.00503917
0.000716696 0.594457 0.222886 0.000923822 0.595926 0.22 0.00549317 0.130903 0.100235 7.33936e-05 0.0998724 0.00505026
0.000835638 0.595729 0.223879 0.000925397 0.596925 0.22 0.0149087 0.1555 0.0966746 0.000161574 0.0998766 0.00496439
0.000987979 0.59739 0.224987 0.000927773 0.597924 0.22 0.0159642 0.177534 0.0949015 0.000247658 0.0998948 0.00457938
0.00112786 0.599004 0.226014 0.00093053 0.598923 0.22 0.00296491 0.187135 0.0875921 0.000282646 0.0998975 0.00451755
0.00116576 0.600786 0.226884 0.000933393 0.599922 0.22 0.0107558 0.180364 0.0992277 0.000284856 0.0998934 0.00460799
0.00118082 0.602634 0.227779 0.000936202 0.600921 0.22 -0.00203975 0.16614 0.0710515 0.000277985 0.0999044 0.00436341
0.00114679 0.60435 0.228533 0.000938965 0.60192 0.22 0.000824031 0.138869 0.074161 0.000279046 0.0999141 0.00413367
0.00110014 0.605999 0.229295 0.000942116 0.602919 0.22 -0.00111965 0.163054 0.0742351 0.000328323 0.0999063 0.00431653
0.00111606 0.607603 0.229943 0.000946169 0.603918 0.22 0.0121322 0.144984 0.0688011 0.000422279 0.0999196 0.00398668
0.00127586 0.609088 0.230635 0.000951017 0.604918 0.22 0.0219441 0.123733 0.0681638 0.000494477 0.0999184 0.00400754
0.00148117 0.61035 0.231304 0.000955918 0.605917 0.22 0.0314299 0.120107 0.0413798 0.00047042 0.0999109 0.00419451
0.00168655 0.611795 0.231715 0.000960142 0.606916 0.22 0.0112651 0.118668 0.0498533 0.000403385 0.0999078 0.0042744
0.00183819 0.612945 0.232207 0.00096339 0.607915 0.22 0.0159058 0.117041 0.0361974 0.000320738 0.099903 0.00439177
0.00202473 0.614292 0.232453 0.000966526 0.608914 0.22 0.0206068 0.164008 0.0289536 0.000319038 0.0998956 0.00455748
0.0022622 0.615675 0.232642 0.000971274 0.610112 0.22 0.0232992 0.0781527 0.0230619 0.000419877 0.0998828 0.00482214
0.00244796 0.616696 0.232783 0.000976024 0.611111 0.22 0.0155905 0.091784 0.0309114 0.000481289 0.0998716 0.00504208
0.00250765 0.617438 0.232908 0.00098076 0.61211 0.22 0 0 0 0.000464748 0.0998667 0.00513988
0.00250765 0.617438 0.160583 0.000985184 0.613108 0.22 0 0 0 0.000438964 0.0998768 0.00494267
0.00250765 0.617438 0.169077 0.00098912 0.614107 0.22 0 0 0 0.000391331 0.099878 0.00492222
0.00261686 0.617419 0.18016 0.000992741 0.615106 0.22 0.0156062 0.00990883 0.877937 0.000362939 0.0998775 0.00493578
0.00269002 0.618205 0.192069 0.000996383 0.616105 0.22 -0.00429657 0.128802 0.86505 0.000364594 0.0998717 0.00505155
0.00277845 0.61964 0.203271 0.000999853 0.617103 0.22 0.00253911 0.136594 0.789821 0.000330384 0.0998629 0.00522495
0.0028191 0.619853 0.212977 0.00100266 0.618102 0.22 -0.010187 -0.0923941 0.600941 0.00027202 0.099859 0.00530194
0.00263205 0.619225 0.21856 0.00100432 0.619101 0.22 -0.0294478 0.220947 0.273995 0.000141744 0.0998564 0.00535593
0.00233206 0.621952 0.220206 0.00100496 0.620099 0.22 -0.0357861 0.155365 0.0213924 5.10484e-05 0.099843 0.00560143
0.00216723 0.621796 0.218803 0.00100501 0.621097 0.22 -0.0126134 0.022543 -0.0876077 -7.14765e-06 0.0998229 0.00594929
0.00196672 0.623618 0.217692 0.00100418 0.622095 0.22 -0.0125506 0.176614 -0.0728717 -0.000114332 0.0997975 0.00636013
0.00191087 0.624343 0.216473 0.00100109 0.623093 0.22 0.00707917 0.0135656 -0.0933964 -0.000394597 0.0997702 0.00676423
0.00204238 0.625079 0.2154 0.00099577 0.624091 0.22 0.0175628 0.123741 -0.076595 -0.000584071 0.0997492 0.00705362
0.00225559 0.6261 0.2146 0.000987911 0.625088 0.22 0.0158516 0.0709907 -0.0371396 -0.000832269 0.0997307 0.00728673
0.00250099 0.62675 0.214616 0.000978275 0.626085 0.22 0.0209752 0.0846204 0.0144133 -0.000975754 0.0997074 0.00758135
0.00269028 0.627472 0.214578 0.000968699 0.627082 0.22 0.0122754 0.0514434 -0.00906535 -0.00093411 0.0996728 0.0080286
0.00275285 0.62813 0.214758 0.000960016 0.628079 0.22 0.00636648 0.0347967 0.0297409 -0.000829385 0.0996517 0.0082977
0.00276396 0.628403 0.215156 0.000952425 0.629075 0.22 -0.00527971 0.0122569 0.0363609 -0.000731937 0.0996431 0.00840903
0.00280857 0.628833 0.215807 0.000946503 0.630071 0.22 0.00807338 0.0680096 0.068735 -0.000583907 0.0996407 0.00844974
0.00284578 0.62921 0.216546 0.000942321 0.631068 0.22 0.00177412 0.0269611 0.0672559 -0.000387601 0.0996437 0.00842539
0.00277737 0.629562 0.217639 0.000939404 0.632064 0.22 -0.0104659 0.0479979 0.105452 -0.000240227 0.0996449 0.00841623
0.00265633 0.630018 0.218884 0.000937952 0.633061 0.22 -0.00504894 0.0272507 0.0921911 -9.48171e-05 0.099638 0.00850046
0.00262302 0.630611 0.220214 0.000937813 0.634057 0.22 0.00661988 0.0617935 0.111635 -3.56597e-06 0.0996292 0.00860382
0.00261986 0.631272 0.221544 0.000938531 0.635053 0.22 0.003323 0.040271 0.101004 7.26158e-05 0.0996113 0.00880766
0.00262084 0.631723 0.222711 0.000939068 0.636049 0.22 0.00785628 0.0568297 0.0886764 4.68907e-05 0.0995528 0.00944656
0.002726 0.634371 0.226591 0.000935659 0.64023 0.22 0.00524354 0.0598421 0.0633394 -9.26358e-05 0.0995678 0.00928656
0.00272722 0.635157 0.227296 0.000935045 0.641226 0.22 0.000828046 0.108824 0.0663212 -5.65222e-05 0.0995739 0.00922153
0.00270464 0.63626 0.22801 0.000934296 0.642222 0.22 0.00441936 0.133256 0.0544999 -8.69918e-05 0.0995753 0.00920562
0.00271352 0.637636 0.228699 0.000932331 0.643416 0.22 0.00492024 0.103056 0.0483614 -0.000194948 0.0995693 0.00926912
0.0027681 0.638732 0.229226 0.00092984 0.644412 0.22 0.00712864 0.101301 0.0487035 -0.000255675 0.0995651 0.00931272
0.00278963 0.639935 0.229649 0.000926921 0.645408 0.22 0.000168431 0.119413 0.0487368 -0.000287837 0.0995627 0.00933705
0.00282058 0.641167 0.229937 0.000924566 0.646403 0.22 -0.0017507 0.140014 0.028949 -0.000223955 0.0995627 0.00933943
0.00286422 0.642534 0.230164 0.000922844 0.647399 0.22 0.0102853 0.132359 0.032978 -0.00016497 0.0995634 0.00933295
0.00293039 0.643788 0.230321 0.000921433 0.648395 0.22 0.0105654 0.112874 0.0160999 -0.000140204 0.0995614 0.00935502
0.0029391 0.643993 0.230434 0.000919981 0.64939 0.22 0 0 0 -0.000147142 0.0995625 0.00934248
0.0029391 0.643993 0.167117 0.000918387 0.650386 0.22 0 0 0 -0.00016637 0.0995625 0.00934266
0.0029391 0.643993 0.177123 0.000916609 0.651381 0.22 0 0 0 -0.000181581 0.0995626 0.00934124
0.00293456 0.648874 0.189776 0.000914675 0.652377 0.22 -0.00740795 0.5011 1.01223 -0.000193769 0.0995632 0.00933469
0.00288688 0.651486 0.198181 0.000912821 0.653373 0.22 0.00226328 0.0951405 0.359887 -0.000181774 0.0995766 0.00919051
0.00295795 0.65096 0.200467 0.000911071 0.654369 0.22 0.0152791 -0.0472807 0.178146 -0.000176381 0.099604 0.00888886
0.00322677 0.652429 0.202897 0.000909312 0.655365 0.22 0.0406062 0.241014 0.187704 -0.000175608 0.0996181 0.00872898
0.00352081 0.654329 0.203621 0.000907464 0.656361 0.22 0.0152084 0.114909 0.0429721 -0.000188309 0.0996137 0.00877945
0.00371883 0.654866 0.203792 0.000905008 0.657357 0.22 0.0212246 0.0419762 0.0283598 -0.000254675 0.099612 0.008797
0.00390727 0.655939 0.204146 0.00090088 0.658354 0.22 0.0125745 0.119057 0.0474849 -0.000453723 0.0996619 0.00820345
0.00380999 0.656636 0.204688 0.000894852 0.659351 0.22 -0.00821897 0.0389966 0.0417816 -0.000648373 0.0997137 0.00753416
0.00359311 0.657075 0.205136 0.000887205 0.660348 0.22 -0.0189591 0.0784403 0.0339176 -0.000791686 0.0997582 0.00690521
0.00344091 0.658219 0.205563 0.0008785 0.661346 0.22 -0.0190696 0.0938272 0.0477464 -0.000880027 0.0997871 0.00646194
0.00328276 0.659261 0.206333 0.00086905 0.662344 0.22 -0.0132908 0.0999232 0.0723279 -0.000944432 0.0998155 0.00599816
0.00315689 0.660504 0.207157 0.000859685 0.663342 0.22 -0.0113783 0.124817 0.0732975 -0.000930655 0.0998264 0.00581503
0.00306978 0.661694 0.208164 0.000850815 0.664341 0.22 -0.0060772 0.141554 0.0989214 -0.000871945 0.0998332 0.00570711
0.00303327 0.663111 0.209375 0.000842785 0.665339 0.22 0.00291962 0.142872 0.11575 -0.000785283 0.0998408 0.00558478
0.00302268 0.664415 0.210771 0.000835602 0.666338 0.22 -0.00539558 0.1326 0.118032 -0.000696997 0.0998529 0.00537747
0.00301798 0.665673 0.212243 0.000828876 0.667336 0.22 -0.0020689 0.136775 0.136575 -0.000664733 0.0998609 0.00523107
0.00297277 0.667127 0.213861 0.000822607 0.668335 0.22 -0.00280194 0.149514 0.13854 -0.000624545 0.0998703 0.00505331
0.00291178 0.668508 0.215583 0.000816752 0.669334 0.22 -0.00514235 0.146132 0.138159 -0.000583393 0.0998803 0.00485598
0.00281899 0.669984 0.217243 0.000811273 0.670333 0.22 -0.0187513 0.176182 0.13491 -0.000539524 0.0998896 0.00466695
0.002678 0.671676 0.218906 0.00080596 0.671332 0.22 -0.00782369 0.148601 0.125014 -0.000528011 0.0999128 0.00414054
0.00257692 0.673219 0.22036 0.000800742 0.672331 0.22 -0.0118484 0.131141 0.118867 -0.000520677 0.099928 0.00375925
0.00249227 0.674663 0.221739 0.00079555 0.67333 0.22 -0.0106856 0.179306 0.117061 -0.000520012 0.0999359 0.00354241
0.00242015 0.676435 0.223085 0.000790255 0.67433 0.22 0.00552864 0.175402 0.0930947 -0.000532093 0.0999305 0.00368913
0.00239335 0.677811 0.22436 0.000784821 0.675329 0.22 0.00252866 0.122248 0.0923729 -0.000547818 0.0999263 0.00379977
0.00236644 0.679274 0.225461 0.000779157 0.676328 0.22 9.55893e-05 0.171348 0.0935896 -0.00057175 0.0999225 0.00389535
0.00234482 0.680657 0.226605 0.000773249 0.677327 0.22 -0.00816029 0.135505 0.0757907 -0.000593699 0.0999204 0.00394587
0.00232389 0.681914 0.227382 0.000766948 0.678326 0.22 -0.00152377 0.121429 0.0680591 -0.000637331 0.099916 0.00404845
0.0022969 0.683073 0.228202 0.000760245 0.679326 0.22 0.000286353 0.120574 0.0623247 -0.000678538 0.0999126 0.00412375
0.00224196 0.684142 0.228861 0.000753094 0.680325 0.22 0.00479986 0.101271 0.0579559 -0.000724394 0.0999104 0.0041702
0.00219462 0.685231 0.229371 0.000745557 0.681324 0.22 -0.000231073 0.0942094 0.0525901 -0.000759668 0.0999083 0.00421289
0.00214467 0.686161 0.229744 0.000737773 0.682323 0.22 -0.00678119 0.106828 0.0261861 -0.000782737 0.0999049 0.00428985
0.00211804 0.687223 0.230058 0.000728374 0.683522 0.22 0.00178687 0.085353 0.0171425 -0.000783165 0.099901 0.00438026
0.00210088 0.68805 0.230221 0.000720474 0.684521 0.22 0.00107014 0.0627542 0.01527 -0.000794939 0.099899 0.00442237
0.00207742 0.688771 0.230293 0.000712293 0.68552 0.22 -0.00366165 0.0661301 0.0152706 -0.000823719 0.0998967 0.00446778
0.00207742 0.688771 0.158723 0.000703856 0.686519 0.22 0 0 0 -0.000846862 0.0998942 0.00451955
0.00207742 0.688771 0.167121 0.000695238 0.687517 0.22 0 0 0 -0.000863788 0.099892 0.00456596
0.00202782 0.688757 0.177952 0.000686512 0.688516 0.22 -0.0247996 -0.0070891 0.858238 -0.000879417 0.0998285 0.00578811
0.00175387 0.689374 0.190446 0.000677791 0.689514 0.22 -0.0232098 0.107517 0.91005 -0.000868071 0.0998279 0.00579911
0.00156825 0.690825 0.202237 0.000669474 0.690513 0.22 -0.0209653 0.164532 0.838669 -0.000828614 0.0998241 0.00586966
0.00136393 0.691461 0.212699 0.000661551 0.691511 0.22 -0.0177886 -0.00820554 0.751921 -0.000791631 0.0998193 0.00595602
0.00107414 0.691056 0.221878 0.00065395 0.692509 0.22 -0.0210728 0.00253641 0.599162 -0.000756906 0.0998212 0.00592896
0.000730993 0.690645 0.226124 0.000646287 0.693507 0.22 -0.0504091 0.0469965 0.274036 -0.000780523 0.0998297 0.00578198
0.000535098 0.693482 0.228688 0.000638121 0.694506 0.22 -0.00790762 0.379787 0.16935 -0.000822786 0.0998244 0.00586702
0.000456626 0.694475 0.229284 0.000629715 0.695503 0.22 -0.0112289 -0.0355666 0.0158468 -0.000837716 0.0997817 0.00654989
0.000336762 0.694426 0.229079 0.000620837 0.696501 0.22 -0.00581975 0.0400606 -0.0243124 -0.000913846 0.0997373 0.00718555
0.000381873 0.695347 0.22892 0.000610478 0.697498 0.22 0.00249233 0.0784989 2.89844e-06 -0.00108275 0.0997309 0.00725077
0.000469033 0.694716 0.227132 0.000597873 0.698496 0.22 0.00670221 -0.0851575 -0.198176 -0.00132313 0.0997539 0.00688546
0.000365077 0.695359 0.224941 0.000582434 0.699493 0.22 -0.0220495 0.136222 -0.137286 -0.00160438 0.0997744 0.00651895
0.000127933 0.696686 0.223438 0.000563578 0.700491 0.22 -0.00725304 0.0496257 -0.0891691 -0.00198517 0.0997581 0.00666145
0.000172427 0.697248 0.222871 0.000542393 0.701488 0.22 0.0217637 0.131124 -0.0222968 -0.00216375 0.0997337 0.00696473
0.000471781 0.698873 0.222564 0.000519432 0.702485 0.22 0.0338788 0.151655 -0.0246251 -0.00233314 0.0996878 0.00754301
0.000894912 0.700306 0.222392 0.000495474 0.703482 0.22 0.0499635 0.12097 0.000201599 -0.00240328 0.0996407 0.00812076
0.00135078 0.701385 0.222448 0.00047178 0.704478 0.22 0.0408119 0.0904564 0.0152657 -0.00233237 0.0995977 0.00865202
0.00166209 0.702287 0.222599 0.000449224 0.705474 0.22 0.0172008 0.0639928 0.0234738 -0.00219718 0.0995838 0.00884509
0.0017764 0.702863 0.222969 0.0004282 0.70647 0.22 0.013545 0.0555108 0.0440148 -0.00206754 0.0995863 0.00884879
0.00182743 0.703406 0.223522 0.000409107 0.707466 0.22 0.000631565 0.0905925 0.0693747 -0.00190159 0.099602 0.00870781
0.00186986 0.704184 0.224362 0.000391669 0.708462 0.22 0.0110245 0.0822292 0.0901375 -0.00169509 0.099622 0.00851923
0.00191109 0.704996 0.225466 0.000375743 0.709458 0.22 0.0141767 0.0737578 0.0953554 -0.00153854 0.0996243 0.00852253
0.00198405 0.705712 0.226569 0.000361133 0.710454 0.22 0.00337485 0.0746156 0.0984488 -0.00142763 0.0995914 0.00891708
0.00201488 0.70659 0.227722 0.000347779 0.71145 0.22 0.00167117 0.0634134 0.0799169 -0.0013279 0.0995534 0.00934654
0.00196702 0.707403 0.228677 0.000334854 0.712445 0.22 -0.00751495 0.095425 0.0819634 -0.00129881 0.099545 0.00943959
0.00190727 0.708209 0.229436 0.000321564 0.713441 0.22 -0.010434 0.0661552 0.0646883 -0.00134955 0.0995461 0.00942048
0.00186973 0.709067 0.230045 0.000307563 0.714436 0.22 -0.00216339 0.0734281 0.0460048 -0.0014277 0.0995566 0.00929706
0.00182694 0.709814 0.230503 0.000293115 0.715432 0.22 -0.00277886 0.0864709 0.037163 -0.00143426 0.0996111 0.00869367
0.00177127 0.710804 0.231115 0.000276477 0.716628 0.22 -5.87068e-05 0.0908883 0.0500034 -0.00136094 0.0996664 0.00804709
0.00170495 0.711952 0.231609 0.000263317 0.717625 0.22 -0.0144146 0.122772 0.0435198 -0.00130831 0.0996716 0.00799189
0.00164575 0.712921 0.232071 0.000250447 0.718621 0.22 -0.00822136 0.104094 0.0338901 -0.0013038 0.099668 0.00803666
0.00156204 0.714154 0.232548 0.000236524 0.719618 0.22 -0.00811824 0.121929 0.0505106 -0.00141913 0.0996601 0.00811449
0.00144003 0.715406 0.2328 0.000221119 0.720615 0.22 -0.011963 0.114886 0.0261605 -0.00157237 0.0996468 0.00824829
0.00132489 0.716485 0.232988 0.000204458 0.721611 0.22 -0.00954961 0.112397 0.0132179 -0.0016861 0.0996399 0.00830939
0.00123307 0.71728 0.233045 0.000187024 0.722607 0.22 0 0 0 -0.0017473 0.099638 0.00831939
0.00123307 0.71728 0.162079 0.00016965 0.723604 0.22 0 0 0 -0.00172971 0.0996444 0.00824679
0.00123307 0.71728 0.170558 0.000153 0.7246 0.22 0 0 0 -0.00164546 0.0996781 0.00784712
0.0012659 0.719987 0.182318 0.000137261 0.725597 0.22 -0.0028258 0.494713 1.03597 -0.00156303 0.0996844 0.00778258
0.00117737 0.724159 0.194793 0.000122087 0.726594 0.22 -0.00329392 0.306996 0.909248 -0.00150395 0.0997012 0.00757644
0.00113759 0.725816 0.204374 0.000107526 0.727591 0.22 -0.0118495 0.150258 0.654117 -0.0014227 0.0997025 0.00757498
0.000959925 0.725854 0.209441 9.39698e-05 0.728588 0.22 -0.0128396 -0.0568392 0.288546 -0.00133807 0.0996966 0.00766759
0.000703019 0.726254 0.212095 8.17539e-05 0.729585 0.22 -0.0102523 0.128917 0.195952 -0.00121456 0.0996921 0.00774672
0.00039348 0.727933 0.214717 7.06198e-05 0.73058 0.22 -0.0256016 0.107265 0.23019 -0.00109693 0.0994813 0.0101131
0.000353067 0.729288 0.214541 6.00829e-05 0.731575 0.22 0.0170543 0.0978878 -0.072106 -0.00103846 0.0994719 0.0102111
0.000474601 0.729354 0.213952 5.01419e-05 0.73257 0.22 -0.00763673 -0.0242238 -0.0155378 -0.000969292 0.0995143 0.00979663
0.000497105 0.729309 0.213754 4.08838e-05 0.733565 0.22 0.00502595 0.0252963 -0.00968187 -0.000917465 0.0995747 0.00916685
0.00063731 0.729482 0.213535 3.3146e-05 0.734562 0.22 0.0135807 -0.0161785 -0.00639875 -0.000751237 0.0996815 0.0079392
0.000856516 0.729318 0.213439 2.64776e-05 0.735559 0.22 0.0226665 0.0444195 0.00519973 -0.000643272 0.0997517 0.00701342
0.00102468 0.729956 0.213598 2.05836e-05 0.736557 0.22 0.0117782 0.114036 0.0329586 -0.000573344 0.0997958 0.0063616
0.00105802 0.730774 0.213866 1.53132e-05 0.737555 0.22 -0.00667145 0.0953304 0.0431177 -0.00051541 0.0998213 0.00595283
0.000927852 0.731842 0.214265 1.05266e-05 0.738554 0.22 -0.024143 0.13998 0.0517255 -0.000476958 0.0998321 0.00577306
0.00067344 0.733335 0.214773 6.0758e-06 0.739552 0.22 -0.0249127 0.142584 0.0627588 -0.000443254 0.0998449 0.00554945
0.000368614 0.734789 0.215614 1.67106e-06 0.740551 0.22 -0.0253194 0.171101 0.077865 -0.000439865 0.09985 0.00545677
7.91484e-05 0.73656 0.216564 -2.688e-06 0.741549 0.22 -0.025819 0.158156 0.105529 -0.000435419 0.0998574 0.00532092
-0.000164121 0.738082 0.217673 -6.99716e-06 0.742548 0.22 -0.024926 0.172447 0.0927124 -0.000429762 0.0998618 0.00523742
-0.000408916 0.739856 0.218862 -1.11914e-05 0.743547 0.22 -0.0185885 0.178152 0.118379 -0.000415877 0.0998642 0.00519321
-0.000616449 0.741835 0.220151 -1.53563e-05 0.744545 0.22 -0.014535 0.192296 0.124374 -0.000419773 0.0998667 0.0051451
-0.000795772 0.743566 0.221504 -1.97304e-05 0.745544 0.22 -0.0229414 0.191376 0.107908 -0.000445559 0.0998683 0.00511101
-0.000942613 0.745634 0.222827 -2.48417e-05 0.746543 0.22 -0.0149868 0.209871 0.117877 -0.000512365 0.0998956 0.0045403
-0.00110098 0.747738 0.224321 -3.16815e-05 0.747742 0.22 -0.0168845 0.164528 0.118764 -0.000586833 0.0998918 0.00461304
-0.00129171 0.749713 0.22549 -3.79005e-05 0.74874 0.22 -0.0192409 0.209032 0.112687 -0.000620768 0.0998871 0.00470962
-0.0015137 0.751525 0.226593 -4.4205e-05 0.749739 0.22 -0.0258754 0.141077 0.105234 -0.000631312 0.0998818 0.0048195
-0.00171568 0.753408 0.227608 -5.07082e-05 0.750738 0.22 -0.0170158 0.225597 0.0945956 -0.000660313 0.0998727 0.00500078
-0.00188793 0.755201 0.228474 -5.76961e-05 0.751737 0.22 -0.0123575 0.125437 0.0757362 -0.00072474 0.0998635 0.00517322
-0.00206522 0.756628 0.229296 -6.54873e-05 0.752735 0.22 -0.0180086 0.139438 0.0758418 -0.000800012 0.0998574 0.00527784
-0.00223034 0.758194 0.230012 -7.43106e-05 0.753734 0.22 -0.0187547 0.151924 0.0681092 -0.000882481 0.0998539 0.00533121
-0.00237341 0.759589 0.230609 -8.32843e-05 0.754732 0.22 -0.0138934 0.131443 0.0504292 -0.000895551 0.0998523 0.00535864
-0.00244121 0.760843 0.231081 -9.18779e-05 0.755731 0.22 -0.00190671 0.131546 0.0538212 -0.00084962 0.0998489 0.00542957
-0.00247649 0.762217 0.231302 -0.000100094 0.756729 0.22 -0.00715867 0.129493 0.0315842 -0.000814138 0.0998428 0.005545
-0.00253686 0.763397 0.231431 -0.000108233 0.757728 0.22 0.00527253 0.13071 0.0147687 -0.000818481 0.0998339 0.00570243
-0.00256552 0.764467 0.231543 -0.000116597 0.758726 0.22 -0.00691449 0.0795261 0.00682076 -0.00083965 0.0998279 0.00580471
-0.00256047 0.764912 0.231546 -0.000125202 0.759724 0.22 0 0 0 -0.000859218 0.0998213 0.00591303
-0.00256047 0.764912 0.164741 -0.000133672 0.760722 0.22 0 0 0 -0.000840319 0.0998221 0.00590337
-0.00256047 0.764912 0.173706 -0.000141525 0.761721 0.22 0 0 0 -0.000765939 0.0998253 0.00585942
-0.00254944 0.76497 0.18517 -0.000148305 0.762719 0.22 -0.00680304 0.0996262 0.90151 -0.000655104 0.0998277 0.0058308
-0.00254852 0.76604 0.196934 -0.00015361 0.763717 0.22 0.00783276 0.161028 0.823875 -0.000471536 0.0998298 0.00581235
-0.0024813 0.767352 0.207694 -0.000157381 0.764715 0.22 0.00721514 0.0364911 0.749882 -0.000342623 0.099826 0.00588597
-0.00249611 0.767084 0.217549 -0.000159309 0.765714 0.22 -0.0126848 0.0468355 0.611896 -0.000177153 0.0998233 0.005939
-0.00265029 0.769271 0.224294 -0.000159793 0.766712 0.22 -0.0237845 0.182239 0.425869 -2.7571e-05 0.0998221 0.00596146
-0.00280557 0.769288 0.227246 -0.000158974 0.76771 0.22 -0.014556 -0.266784 -0.10667 0.000110157 0.0998499 0.00547579
-0.00307645 0.768218 0.225176 -0.000157324 0.768709 0.22 -0.00544892 0.131281 -0.0909911 0.000197245 0.0998886 0.00471465
-0.00306352 0.770214 0.224046 -0.000154669 0.769708 0.22 -0.00842743 0.181142 -0.0803994 0.000288208 0.0998951 0.00456928
-0.00315352 0.77142 0.222848 -0.000150742 0.770707 0.22 -0.0104695 0.0944743 -0.0685544 0.000400202 0.0998678 0.00512422
-0.00336574 0.772938 0.221972 -0.000146572 0.771705 0.22 -0.0223899 0.182973 -0.0785701 0.000400209 0.0997921 0.00643244
-0.00359007 0.774666 0.221194 -0.000142926 0.772702 0.22 -0.00610978 0.14042 -0.0549335 0.000354618 0.0997317 0.00731191
-0.00358911 0.775968 0.220381 -0.000139572 0.773699 0.22 0.00165842 0.0902531 -0.0691705 0.000327876 0.09968 0.00798732
-0.00345775 0.77694 0.219503 -0.000136463 0.774696 0.22 0.0233455 0.0871532 -0.0393715 0.00030846 0.0996601 0.0082323
-0.00320258 0.777657 0.219076 -0.000133503 0.775692 0.22 0.0366126 0.0406962 -0.0145737 0.000293802 0.0996573 0.00826608
-0.00290655 0.778122 0.218976 -0.000130743 0.776689 0.22 0.0252374 0.065694 0.0138674 0.000271295 0.0996643 0.00818201
-0.00264997 0.778759 0.219301 -0.000128383 0.777686 0.22 0.0276956 0.0638016 0.0671022 0.000220595 0.0996713 0.00809872
-0.00240646 0.77936 0.220073 -0.000126892 0.778682 0.22 0.0234466 0.0445388 0.0727788 0.000129387 0.0996692 0.00812588
-0.00220611 0.780119 0.220987 -0.000126359 0.779679 0.22 0.0131818 0.117534 0.0882617 2.70426e-05 0.0996515 0.00834106
-0.00212378 0.781135 0.222044 -0.000126358 0.780675 0.22 0.00479864 0.0672029 0.0929513 -8.10753e-06 0.099645 0.00841834
-0.00216324 0.78169 0.223338 -0.000126652 0.781672 0.22 -0.00354029 0.036466 0.0595853 -3.03927e-05 0.099626 0.00864045
-0.00224659 0.78222 0.224369 -0.000127147 0.782867 0.22 -0.00985622 0.0479523 0.0778283 -4.35339e-05 0.0996178 0.00873457
-0.00226167 0.782566 0.22534 -0.000127694 0.783863 0.22 0.00193478 0.0408066 0.0826895 -5.71986e-05 0.0996245 0.00865823
-0.00215143 0.783085 0.226219 -0.00012843 0.78486 0.22 0.0155888 0.0415359 0.0770578 -7.93798e-05 0.099637 0.00851205
-0.00205197 0.783629 0.227203 -0.000129513 0.785856 0.22 0.00953045 0.0415778 0.0866627 -0.000113988 0.0996392 0.00848575
-0.0019952 0.784242 0.228142 -0.000130933 0.786853 0.22 0.00351494 0.0686284 0.0771634 -0.000152959 0.0996434 0.00843567
-0.00197789 0.785173 0.229069 -0.000133005 0.787849 0.22 0.00485233 0.0910481 0.0684852 -0.000210543 0.0996415 0.00845751
-0.00192677 0.786041 0.229925 -0.000135718 0.788845 0.22 0.00155816 0.0813459 0.0673921 -0.000274111 0.0996338 0.00854534
-0.001935 0.786966 0.230639 -0.000138889 0.789842 0.22 -0.00111621 0.0795136 0.0488992 -0.000325738 0.099627 0.0086226
-0.00195441 0.787826 0.231124 -0.000142269 0.790838 0.22 0.00111778 0.0993529 0.0422152 -0.000343045 0.0996289 0.00859991
-0.00194641 0.788744 0.231478 -0.000145761 0.791834 0.22 0.000252022 0.10025 0.0401776 -0.000350157 0.0996348 0.00853138
-0.00199368 0.789717 0.231814 -0.000149439 0.792831 0.22 0.00131085 0.102512 0.0279819 -0.000370743 0.0996455 0.00840418
-0.00204357 0.790822 0.23215 -0.000153583 0.793827 0.22 -0.0106172 0.110101 0.0266315 -0.000416497 0.0996725 0.00807631
-0.00209744 0.791996 0.232418 -0.000158158 0.794824 0.22 -0.0100183 0.106362 0.00492508 -0.000471115 0.0996732 0.00806416
-0.0021361 0.793037 0.232748 -0.000163259 0.795821 0.22 -0.00543408 0.111161 0.0258475 -0.000525989 0.0996697 0.00810448
-0.0021476 0.793257 0.232909 -0.000168787 0.796817 0.22 0 0 0 -0.000556071 0.0996661 0.00814671
-0.0021476 0.793257 0.16603 -0.000174562 0.797814 0.22 0 0 0 -0.000571475 0.0996863 0.00789361
-0.0021476 0.793257 0.176195 -0.000180223 0.798811 0.22 0 0 0 -0.000561246 0.0997133 0.00754555
-0.00191386 0.797364 0.188822 -0.000185732 0.799808 0.22 0.0121387 0.340665 0.931674 -0.0005472 0.0997244 0.00739916
-0.00184959 0.799738 0.199785 -0.000190907 0.800806 0.22 -0.0170511 0.184436 0.708078 -0.000504773 0.099741 0.00717511
-0.00186576 0.801379 0.207116 -0.000195097 0.801803 0.22 0.0160519 0.16782 0.423969 -0.000390891 0.0997337 0.00728295
-0.00191485 0.802808 0.211051 -0.000198639 0.8028 0.22 -0.0384763 -0.0140031 0.143454 -0.000336249 0.0997434 0.00715171
-0.00198611 0.802252 0.212 -0.000201436 0.803798 0.22 0.0165268 0.0392391 -0.0184087 -0.000278073 0.0997885 0.00649499
-0.00189923 0.803503 0.211571 -0.000204569 0.804797 0.22 -0.0106256 0.114575 0.0259262 -0.000324179 0.0998369 0.00570025
-0.00189364 0.803863 0.211469 -0.000208994 0.805795 0.22 -0.00744781 0.023943 -0.0364916 -0.000484186 0.0998711 0.00505214
-0.00206045 0.804726 0.210912 -0.000214695 0.806794 0.22 -0.0191765 0.122759 -0.0297074 -0.000630804 0.0998785 0.0048865
-0.00224977 0.805799 0.210458 -0.000221816 0.807793 0.22 -0.0101616 0.0850819 -0.0204114 -0.000739155 0.0998829 0.00478218
-0.00245005 0.806801 0.210264 -0.000231682 0.808991 0.22 -0.0159848 0.136111 0.0134914 -0.00084438 0.0998875 0.00466633
-0.00247972 0.808179 0.2108 -0.000238699 0.80999 0.22 -0.00708708 0.131749 0.0540145 -0.000892205 0.0999002 0.00437553
-0.00249736 0.808929 0.211417 -0.000249419 0.810989 0.22 0.00335352 0.0574844 0.0501416 -0.000885466 0.0999117 0.00410793
-0.00256185 0.810007 0.212223 -0.00025804 0.811989 0.22 -0.0100834 0.140582 0.0784642 -0.000851603 0.099922 0.00385602
-0.00262684 0.811236 0.21322 -0.000266016 0.812988 0.22 -0.0111056 0.118584 0.0976267 -0.000787785 0.0999363 0.00348079
-0.0027074 0.812447 0.214339 -0.000273315 0.813987 0.22 -0.00887093 0.154109 0.093019 -0.000713369 0.0999498 0.00308535
-0.00276394 0.813914 0.215541 -0.000280199 0.814987 0.22 -0.00156254 0.149274 0.104296 -0.000682393 0.0999569 0.00285457
-0.00282969 0.815253 0.216859 -0.000286994 0.815987 0.22 -0.0109024 0.129553 0.116896 -0.000680711 0.0999617 0.00268365
-0.00291171 0.816839 0.218262 -0.000293908 0.816986 0.22 -0.00632943 0.185476 0.123487 -0.000693927 0.0999651 0.00254743
-0.00307402 0.818396 0.219755 -0.000301079 0.817986 0.22 -0.0133633 0.141344 0.126161 -0.000716222 0.0999784 0.00195269
-0.00317113 0.819784 0.221147 -0.000308229 0.818986 0.22 -0.0135574 0.15562 0.115665 -0.000712183 0.0999839 0.00164529
-0.00327079 0.821535 0.222501 -0.000315274 0.819986 0.22 -0.00544295 0.164951 0.110851 -0.000702499 0.0999858 0.00153459
-0.00335301 0.822968 0.223751 -0.000322341 0.820986 0.22 -0.00622046 0.139161 0.0976859 -0.00071131 0.0999863 0.0014915
-0.00338024 0.824508 0.224898 -0.000329844 0.821985 0.22 -0.0159773 0.174986 0.0998172 -0.000764157 0.0999859 0.00149586
-0.0035008 0.826122 0.226086 -0.000338202 0.822985 0.22 -0.00972506 0.118331 0.0996137 -0.000860894 0.0999856 0.00146359
-0.00360399 0.827301 0.227184 -0.000347038 0.823985 0.22 0.0028352 0.105738 0.0798151 -0.000892381 0.0999863 0.00139361
-0.003622 0.828642 0.22808 -0.00035595 0.824985 0.22 -0.00228812 0.142569 0.0905341 -0.0008869 0.0999882 0.00125711
-0.00359892 0.829792 0.229025 -0.000364561 0.825985 0.22 0.0127698 0.102447 0.060299 -0.000856753 0.0999898 0.00114014
-0.00352726 0.830909 0.22971 -0.000373123 0.826985 0.22 0.00630694 0.090472 0.0567629 -0.000860578 0.0999909 0.00104012
-0.00346529 0.831943 0.230288 -0.000382337 0.827985 0.22 -0.00407331 0.0932808 0.0406271 -0.000953971 0.0999915 0.000892908
-0.00342431 0.833019 0.230722 -0.00039256 0.828985 0.22 0.00834004 0.103587 0.0472802 -0.00105917 0.0999913 0.000791842
-0.00338073 0.834006 0.231014 -0.000403574 0.829985 0.22 0.00187029 0.0706709 0.0250445 -0.00111304 0.0999912 0.000727791
-0.00332025 0.834987 0.231308 -0.000414812 0.830985 0.22 0.00737566 0.08135 0.0222167 -0.00111965 0.0999913 0.000681877
-0.00330924 0.835776 0.231408 -0.000427853 0.832184 0.22 -0.00844014 0.106883 -0.00844994 -0.00107864 0.0999923 0.000610739
-0.00324819 0.836331 0.231524 -0.000438333 0.833184 0.22 0 0 0 -0.00104277 0.0999933 0.000509959
-0.00324819 0.836331 0.163201 -0.000448495 0.834184 0.22 0 0 0 -0.00100936 0.0999948 0.000110083
-0.00324819 0.836331 0.171403 -0.000458444 0.835184 0.22 0 0 0 -0.000986757 0.0999951 -1.83951e-06
-0.00319493 0.836451 0.181918 -0.000468121 0.836184 0.22 0.017236 0.032824 0.829179 -0.000955541 0.0999954 -8.58377e-05
-0.00308562 0.83724 0.193956 -0.00047734 0.837184 0.22 0.0082336 0.112855 0.867906 -0.000915702 0.0999957 -0.000134374
-0.00289274 0.838727 0.205014 -0.000485763 0.838184 0.22 0.0236369 0.158536 0.7753 -0.000841384 0.0999964 -0.000121471
-0.00272927 0.8395 0.214952 -0.000493423 0.839184 0.22 0.0084179 0.00913029 0.714582 -0.000752121 0.0999971 -0.000103014
-0.00269223 0.839681 0.223966 -0.000500329 0.840184 0.22 0.00392636 0.0630782 0.583084 -0.000671312 0.0999977 -0.000125084
-0.00280807 0.840626 0.225938 -0.000506714 0.841184 0.22 -0.0283077 0.0501381 -0.0453844 -0.000634547 0.0999978 -0.000191891
-0.00295437 0.841598 0.224951 -0.000512864 0.842184 0.22 0.00942656 0.183639 -0.104098 -0.000608713 0.0999979 -0.000205449
-0.00298667 0.843188 0.223226 -0.0005182 0.843184 0.22 -0.0043617 0.135663 -0.116916 -0.000523425 0.0999975 0.000466481
-0.00300032 0.844348 0.221701 -0.000523302 0.844184 0.22 -0.014392 0.11802 -0.0917454 -0.000512727 0.0999943 0.000937411
-0.00305316 0.845381 0.220424 -0.000528652 0.845184 0.22 -0.00972284 0.053558 -0.122472 -0.000540109 0.0999889 0.00138871
-0.00306161 0.84618 0.21916 -0.000534179 0.846184 0.22 -0.0070778 0.121752 -0.0629672 -0.000557123 0.0999851 0.0016365
-0.00310178 0.847283 0.218498 -0.000540036 0.847184 0.22 0.00430617 0.030653 -0.0441979 -0.000589193 0.0999828 0.00175595
-0.00303286 0.84784 0.218133 -0.000545843 0.848183 0.22 0.00644681 0.102029 -0.0108859 -0.000567944 0.0999803 0.00190056
-0.0029689 0.848876 0.21806 -0.000551173 0.849183 0.22 0.00751382 0.108614 -0.00371128 -0.000518791 0.0999778 0.00204027
-0.00286748 0.849617 0.21817 -0.000555652 0.850183 0.22 0.0136954 0.0474089 0.0358872 -0.000445195 0.0999746 0.00220738
-0.00276649 0.850265 0.218718 -0.00055972 0.851183 0.22 0.000410573 0.0642284 0.0440951 -0.000403562 0.0999718 0.0023412
-0.00276262 0.851053 0.219384 -0.000563817 0.852182 0.22 -0.00171805 0.0804802 0.0663153 -0.000417145 0.0999693 0.00244307
-0.00279469 0.851718 0.22027 -0.000568171 0.853182 0.22 -0.0041242 0.0354748 0.0707694 -0.000445586 0.0999637 0.00265775
-0.00279727 0.852197 0.22127 -0.000572825 0.854182 0.22 0.00247771 0.0502529 0.087864 -0.000466725 0.0999622 0.00271048
-0.00277193 0.852844 0.222377 -0.000577385 0.855181 0.22 -0.00332174 0.0658763 0.0911802 -0.000451748 0.0999601 0.00278708
-0.00278518 0.853496 0.223583 -0.000582242 0.856381 0.22 -0.00516579 0.0466634 0.076648 -0.000398269 0.0999587 0.00284586
-0.00278718 0.853797 0.224545 -0.00058596 0.85738 0.22 0.00465905 0.0241002 0.0808171 -0.000373209 0.0999433 0.00334609
-0.00272998 0.854227 0.225395 -0.000589944 0.85838 0.22 0.00134928 0.0546122 0.0777046 -0.000414098 0.0999349 0.00358501
-0.00269787 0.854793 0.226188 -0.0005947 0.859379 0.22 0.00205836 0.0457515 0.0608165 -0.000496178 0.0999421 0.00336625
-0.00267971 0.855306 0.226964 -0.000600112 0.860378 0.22 -0.00403405 0.063766 0.0701313 -0.000558198 0.0999594 0.00279565
-0.00261849 0.856044 0.227849 -0.000605901 0.861378 0.22 0.00593739 0.0761842 0.0733506 -0.000579376 0.0999624 0.00268013
-0.00259559 0.856937 0.228609 -0.000611433 0.862378 0.22 -0.00342207 0.101769 0.0715901 -0.000541706 0.0999661 0.00254524
-0.0026457 0.858091 0.229368 -0.000616428 0.863377 0.22 -0.0134845 0.11465 0.06334 -0.000491663 0.0999662 0.00255135
-0.00268422 0.859116 0.230022 -0.000621422 0.864377 0.22 -0.00794184 0.0859444 0.0456903 -0.000507344 0.0999648 0.00260537
-0.00270931 0.860351 0.230658 -0.000626956 0.865377 0.22 -0.00651142 0.132932 0.0469322 -0.000567675 0.0999631 0.00265761
-0.00273438 0.861457 0.231108 -0.000633468 0.866376 0.22 -0.00476308 0.10434 0.0208249 -0.000684193 0.0999622 0.0026614
-0.00278262 0.862631 0.231459 -0.000640626 0.867376 0.22 -0.00819068 0.128196 0.0302278 -0.000727897 0.0999681 0.00241903
-0.00284205 0.863834 0.231739 -0.000647984 0.868376 0.22 -0.0061704 0.0978676 0.0179137 -0.000734563 0.0999681 0.00241583
-0.00287544 0.86489 0.232013 -0.000655114 0.869375 0.22 -0.003627 0.142769 0.00229177 -0.000707412 0.0999693 0.00237639
-0.00290182 0.865709 0.232098 -0.0006618 0.870375 0.22 0 0 0 -0.000657727 0.0999708 0.00232514
-0.00290182 0.865709 0.163671 -0.000667923 0.871375 0.22 0 0 0 -0.000595369 0.0999725 0.0022665
-0.00290182 0.865709 0.172288 -0.000673622 0.872375 0.22 0 0 0 -0.000560767 0.0999734 0.00223493
-0.00275381 0.868275 0.184464 -0.000678832 0.873374 0.22 0.0235283 0.492863 1.02084 -0.000519765 0.099974 0.00221797
-0.00250861 0.872325 0.195978 -0.000683622 0.874374 0.22 -0.00789213 0.296147 0.567586 -0.000475125 0.0999762 0.00212791
-0.00271643 0.874187 0.202736 -0.000687395 0.875373 0.22 -0.0077698 0.0195976 0.521045 -0.000355528 0.0999335 0.00362934
-0.00281634 0.873351 0.207892 -0.000690767 0.876373 0.22 -0.0108431 -0.0297977 0.256682 -0.000337726 0.0999525 0.00306166
-0.00288509 0.874243 0.210566 -0.000694264 0.877373 0.22 -0.011317 0.198787 0.182081 -0.000352308 0.0999713 0.00236752
-0.00307181 0.87631 0.211711 -0.000697877 0.878372 0.22 -0.0109575 0.139766 0.0032221 -0.000364126 0.0999745 0.00222825
-0.00309482 0.87719 0.211182 -0.000701168 0.879372 0.22 0.00121025 0.0626975 -0.0452748 -0.000313621 0.0999707 0.00240056
-0.00297533 0.878001 0.210792 -0.000703815 0.880372 0.22 0.0128993 0.0836302 0.0118006 -0.000248206 0.0999758 0.00218606
-0.00285757 0.878459 0.210854 -0.000705162 0.881572 0.22 0.0143952 0.00753026 0.0136888 -4.84846e-05 0.0999888 0.00149876
-0.00267167 0.878505 0.210935 -0.000704852 0.882371 0.22 0.0211196 0.0326604 0.0165017 5.52301e-05 0.0999962 0.000865953
-0.00244768 0.879142 0.211494 -0.000702867 0.883571 0.22 0.00829618 0.0443833 0.0645951 0.000195977 0.0999995 -0.000260677
-0.00249614 0.879799 0.212078 -0.000700377 0.884571 0.22 -0.00679023 0.0847636 0.0346304 0.000254899 0.0999962 -0.000830382
-0.00257241 0.881109 0.212602 -0.000697497 0.885571 0.22 -0.0044012 0.147985 0.0525862 0.000282356 0.0999888 -0.00147218
-0.00265905 0.882471 0.213274 -0.000695064 0.886571 0.22 -0.0121595 0.151317 0.0627025 0.000228463 0.0999856 -0.00168249
-0.00275278 0.884273 0.213991 -0.000693631 0.887571 0.22 -0.00242841 0.206288 0.0573413 0.000117567 0.099985 -0.00172718
-0.00286972 0.885982 0.214974 -0.000693522 0.888571 0.22 -0.0115764 0.170455 0.0873481 -1.59371e-05 0.0999853 -0.00171221
-0.00297103 0.887576 0.216164 -0.000694822 0.889571 0.22 -0.014658 0.161385 0.106547 -0.000164891 0.0999833 -0.00182053
-0.00307246 0.889289 0.217612 -0.000697183 0.890571 0.22 -0.0150235 0.161999 0.129693 -0.000283485 0.0999793 -0.0020135
-0.00317429 0.890891 0.219027 -0.000700684 0.89157 0.22 -0.0140044 0.156728 0.11131 -0.000373005 0.0999676 -0.00251622
-0.00329511 0.892515 0.220402 -0.000705559 0.89257 0.22 -0.0110504 0.179494 0.119175 -0.000491827 0.0999617 -0.00272501
-0.00340989 0.89432 0.22182 -0.000711447 0.893569 0.22 -0.00525194 0.209012 0.0897198 -0.000602153 0.0999372 -0.00349062
-0.00349438 0.896138 0.22299 -0.000717831 0.894569 0.22 -0.00594092 0.151783 0.0913793 -0.000655601 0.0999112 -0.00416213
-0.00357977 0.897597 0.224166 -0.000724631 0.895568 0.22 -0.0141781 0.167935 0.078125 -0.000689656 0.099914 -0.00408758
-0.00366808 0.899432 0.225214 -0.000731611 0.896567 0.22 0.00479267 0.163674 0.0860152 -0.000698313 0.0999167 -0.00401947
-0.00369417 0.90105 0.226201 -0.00073856 0.897566 0.22 -0.00194371 0.175711 0.0625183 -0.000692418 0.0999093 -0.0042013
-0.00370029 0.902521 0.227151 -0.000745767 0.898565 0.22 0.00694375 0.152632 0.0641517 -0.000732284 0.0999132 -0.00410184
-0.00368987 0.903987 0.227928 -0.000753563 0.899564 0.22 0.00167157 0.113282 0.0599722 -0.000796761 0.0999148 -0.00404926
-0.00371275 0.905246 0.228593 -0.000761968 0.900563 0.22 -0.0110863 0.106879 0.0532384 -0.000853485 0.099915 -0.00403408
-0.00377791 0.906384 0.229157 -0.000770462 0.901563 0.22 -0.00814373 0.119072 0.0347824 -0.000844678 0.0999149 -0.00403792
-0.00377501 0.907726 0.229736 -0.000779648 0.902762 0.22 -0.000378391 0.106252 0.0399026 -0.000753477 0.0999163 -0.00402108
-0.00368218 0.908663 0.230107 -0.000786518 0.903761 0.22 0.0100211 0.104477 0.0191776 -0.000690191 0.0999183 -0.00398132
-0.00364039 0.909569 0.230261 -0.000793434 0.90476 0.22 0.000633085 0.114953 -0.00441808 -0.000700703 0.0999057 -0.00428424
-0.00362695 0.910357 0.230448 -0.000800733 0.905759 0.22 -0.00356321 0.0358963 0.0126587 -0.000739241 0.0999069 -0.00424978
-0.00358295 0.911143 0.230465 -0.000808379 0.906758 0.22 0.00271978 0.0749501 0.000319953 -0.000769489 0.0998776 -0.00488672
-0.00357619 0.911301 0.230312 -0.000816163 0.907757 0.22 0 0 0 -0.000779332 0.09988 -0.00483533
-0.00357619 0.911301 0.168922 -0.00082397 0.908755 0.22 0 0 0 -0.000777945 0.099886 -0.00470919
-0.00357619 0.911301 0.179035 -0.00083157 0.909754 0.22 0 0 0 -0.000754962 0.0998934 -0.00455503
-0.00334721 0.911345 0.190972 -0.000838879 0.910753 0.22 0.0295476 0.011245 0.910167 -0.000726431 0.0999011 -0.00438636
-0.00308929 0.912192 0.202656 -0.000845846 0.911752 0.22 0.0253556 0.109723 0.818212 -0.000687509 0.0999074 -0.00424713
-0.00278235 0.913287 0.212754 -0.000852263 0.912751 0.22 0.0220113 0.0747966 0.667267 -0.00062376 0.0999128 -0.00412818
-0.00292845 0.915756 0.219729 -0.000858084 0.913751 0.22 -0.0102276 0.196619 0.475545 -0.000555709 0.0999124 -0.0041476
-0.00308124 0.914779 0.221772 -0.00086354 0.91475 0.22 -0.039363 -0.279779 -0.0445938 -0.000548554 0.0998993 -0.00445358
-0.00318814 0.914566 0.220384 -0.000869376 0.915748 0.22 0.0070722 0.174764 -0.0550416 -0.000579852 0.0998696 -0.00507255
-0.00314533 0.916049 0.219637 -0.000875325 0.916747 0.22 -0.0109945 0.0825289 -0.0617029 -0.000603406 0.0998651 -0.00515647
-0.00324041 0.916727 0.218882 -0.000882201 0.917746 0.22 -0.0184305 0.128866 -0.0552008 -0.000718089 0.0999007 -0.0043981
-0.00343383 0.91808 0.218236 -0.000890431 0.918745 0.22 -0.0321284 0.076212 -0.0940318 -0.00089065 0.0999347 -0.00350201
-0.00377073 0.918782 0.217284 -0.000900737 0.919745 0.22 -0.017018 0.108863 -0.0460286 -0.00105145 0.0999516 -0.00292814
-0.00392388 0.91976 0.216738 -0.000912896 0.920744 0.22 -0.00695465 0.0316204 -0.0390565 -0.00122057 0.0999628 -0.00244015
-0.00397384 0.920286 0.216288 -0.000926267 0.921744 0.22 -0.00302231 0.064918 -0.026154 -0.0013524 0.099968 -0.00213744
-0.00387449 0.920702 0.21608 -0.000940216 0.922744 0.22 0.0206873 0.0375945 -0.0103322 -0.00140417 0.0999689 -0.00205938
-0.00369263 0.921144 0.216159 -0.000954163 0.923743 0.22 0.0201916 0.0574251 0.00542879 -0.00138691 0.0999696 -0.00203608
-0.00349298 0.921638 0.216476 -0.000967529 0.924743 0.22 0.0176408 0.0588071 0.0381357 -0.0013258 0.0999707 -0.00202606
-0.00326634 0.922096 0.217161 -0.000979447 0.925743 0.22 0.0185251 0.0557433 0.0648994 -0.00117076 0.099973 -0.00200608
-0.00304031 0.922617 0.218043 -0.000990183 0.926742 0.22 0.0221122 0.0381799 0.0689194 -0.00105 0.0999746 -0.00199383
-0.00291304 0.923158 0.21894 -0.000999804 0.927742 0.22 0.00142169 0.0672395 0.0703033 -0.000941724 0.0999757 -0.00199388
-0.0029353 0.923752 0.220155 -0.00100841 0.928742 0.22 0.00369342 0.0255212 0.0785568 -0.000816738 0.099976 -0.00203287
-0.0029458 0.924287 0.221357 -0.00101752 0.929942 0.22 0.00138346 0.0535061 0.0788968 -0.000739309 0.0999757 -0.00207803
-0.0029691 0.925066 0.222502 -0.0010245 0.930941 0.22 -0.00374879 0.0700361 0.0840232 -0.000690217 0.099975 -0.00212887
-0.00295895 0.925708 0.223606 -0.00103129 0.931941 0.22 0.00031957 0.0745364 0.0817557 -0.000683699 0.0999853 -0.00157314
-0.00291312 0.926496 0.224678 -0.00103839 0.932941 0.22 0.00614512 0.096097 0.0795095 -0.000721692 0.0999859 -0.00151669
-0.00289674 0.927433 0.225719 -0.00104591 0.933941 0.22 -0.00496686 0.093409 0.0702132 -0.000755308 0.0999866 -0.00145292
-0.00286597 0.928243 0.226599 -0.00105348 0.934941 0.22 0.00885896 0.0845861 0.0745433 -0.000753951 0.0999859 -0.00149722
-0.00285809 0.929121 0.227348 -0.00106062 0.935941 0.22 -0.0026386 0.0897685 0.0551226 -0.000695257 0.0999852 -0.00157065
-0.00289661 0.930143 0.227994 -0.00106731 0.936941 0.22 -0.00796306 0.0870273 0.0378914 -0.00066018 0.0999956 -0.000659905
-0.00295013 0.931122 0.228523 -0.00107391 0.93794 0.22 -0.00501551 0.0844722 0.0406113 -0.000667334 0.0999949 -0.000760605
-0.0030215 0.932217 0.229006 -0.00108145 0.93894 0.22 -0.0124335 0.107369 0.0353719 -0.000762159 0.099993 -0.000904252
-0.00307761 0.933248 0.229424 -0.00109018 0.93994 0.22 -0.00510715 0.113228 0.0200402 -0.000905549 0.09999 -0.00108204
-0.00311958 0.934455 0.229782 -0.00109963 0.94094 0.22 -0.00563214 0.145026 0.024102 -0.000949673 0.0999879 -0.00123529
-0.00326209 0.935709 0.230066 -0.00110875 0.94194 0.22 -0.00914938 0.116296 0.017056 -0.000898643 0.0999863 -0.0013876
-0.00338818 0.937042 0.230366 -0.00111734 0.94294 0.22 -0.00749163 0.135284 0.0159823 -0.000854215 0.0999858 -0.00145029
-0.00349514 0.938416 0.230543 -0.00112576 0.94394 0.22 -0.0077795 0.133338 -0.000962635 -0.000847117 0.099985 -0.00151251
-0.00349514 0.938416 0.16086 -0.00113449 0.94494 0.22 0 0 0 -0.000880904 0.0999843 -0.0015358
-0.00349514 0.938416 0.169303 -0.00114368 0.945939 0.22 0 0 0 -0.000932984 0.099983 -0.00158871
-0.00326681 0.940012 0.18084 -0.00115343 0.946939 0.22 0.0637622 0.482783 0.985128 -0.000984763 0.0999802 -0.00172849
-0.00267728 0.944288 0.193834 -0.0011636 0.947939 0.22 0.0426623 0.19261 0.829081 -0.0010189 0.0999743 -0.00202696
-0.00251644 0.94559 0.202918 -0.00117344 0.948939 0.22 -0.0219193 -0.0851095 0.430955 -0.000965828 0.0999714 -0.00218782
-0.00278348 0.945352 0.207605 -0.00118232 0.949938 0.22 -0.0205703 0.201666 0.213937 -0.000868142 0.0999738 -0.00211683
-0.00262977 0.948592 0.208797 -0.00118972 0.950938 0.22 0.0286036 0.264403 0.00732346 -0.000715381 0.0999456 -0.00322011
-0.00252083 0.949342 0.20874 -0.00119528 0.951938 0.22 -0.0125157 -0.0934685 -0.023238 -0.000501008 0.0999629 -0.00267556
-0.00267799 0.949161 0.208363 -0.00119961 0.952937 0.22 -0.00927908 0.129556 -9.33207e-05 -0.000393857 0.0999503 -0.00312914
-0.00275876 0.950027 0.208878 -0.00120302 0.953936 0.22 -0.0134885 -0.0400647 0.0410562 -0.000322133 0.0999252 -0.00385478
-0.00286592 0.949235 0.209152 -0.00120539 0.954935 0.22 -0.00250354 0.00678197 -0.00262874 -0.000235093 0.0998832 -0.00482559
-0.0029682 0.950112 0.209205 -0.00120768 0.955934 0.22 -0.0132862 0.102143 0.0185591 -0.000234669 0.0998397 -0.00565484
-0.00316541 0.950905 0.209547 -0.00121141 0.957131 0.22 -0.0246238 0.0728994 0.0340096 -0.000326134 0.0998008 -0.00630051
-0.00325572 0.952147 0.210084 -0.00121567 0.958129 0.22 -0.00574145 0.180602 0.0591317 -0.00044589 0.0997926 -0.00642152
-0.00335599 0.953689 0.210772 -0.00122078 0.959127 0.22 -0.012765 0.11991 0.0456696 -0.000545836 0.0997986 -0.00631952
-0.00344469 0.954926 0.211533 -0.00122679 0.960125 0.22 -0.00284458 0.135629 0.0648414 -0.000628022 0.0998081 -0.00616004
-0.00346598 0.956395 0.21268 -0.00123345 0.961123 0.22 -0.00527601 0.118498 0.0870302 -0.000670729 0.0998106 -0.00611487
-0.003431 0.9577 0.214127 -0.00124056 0.962122 0.22 0.000121484 0.139625 0.108948 -0.000711741 0.099805 -0.00620069
-0.00347036 0.958989 0.215714 -0.00124767 0.963119 0.22 -0.0163652 0.139952 0.120925 -0.000708711 0.0997933 -0.00638711
-0.0035323 0.960271 0.217335 -0.00125463 0.964117 0.22 -0.00303189 0.147078 0.117608 -0.000692208 0.099778 -0.00662414
-0.00358725 0.961775 0.21897 -0.00126157 0.965115 0.22 -0.00585244 0.155804 0.120995 -0.000696688 0.0997651 -0.00681512
-0.00359551 0.963348 0.220484 -0.00126861 0.966112 0.22 0.00785833 0.141818 0.0963056 -0.00070714 0.0997378 -0.00720216
-0.00354953 0.964863 0.22185 -0.001276 0.967109 0.22 0.0069412 0.15598 0.101071 -0.000743418 0.0997172 -0.00747796
-0.00352508 0.966451 0.223238 -0.00128337 0.968106 0.22 0.00467577 0.144717 0.0969371 -0.000735478 0.0996923 -0.00780473
-0.00343429 0.967915 0.224589 -0.00129052 0.969103 0.22 0.00866075 0.163117 0.0908333 -0.000710085 0.0997035 -0.00766155
-0.00333775 0.969422 0.225834 -0.00129723 0.9701 0.22 0.00187871 0.162662 0.0936057 -0.000660232 0.0997141 -0.00752683
-0.00326288 0.970874 0.227061 -0.00130356 0.971098 0.22 0.00351611 0.117941 0.0833241 -0.000631479 0.0997255 -0.00737696
-0.00324359 0.972043 0.228004 -0.00130995 0.972095 0.22 -0.00422468 0.105908 0.0798529 -0.000643129 0.0997316 -0.00729335
-0.0032149 0.973199 0.228973 -0.00131667 0.973092 0.22 0.000250077 0.104973 0.0759782 -0.000677363 0.0997377 -0.00720631
-0.00317799 0.974294 0.229793 -0.00132385 0.97409 0.22 -0.00886158 0.132458 0.0500428 -0.000719571 0.0997397 -0.00717449
-0.00313621 0.975347 0.230424 -0.00133118 0.975087 0.22 0.00417291 0.0852275 0.0361124 -0.000727639 0.0997404 -0.00716379
-0.00308434 0.976243 0.230915 -0.00133811 0.976085 0.22 0.00660473 0.124886 0.0127196 -0.000678766 0.0997444 -0.00711226
-0.00303869 0.977107 0.231241 -0.00134437 0.977082 0.22 0.00973939 0.0707737 0.0204745 -0.000613146 0.0997493 -0.00704985
-0.0029762 0.977951 0.231494 -0.00135018 0.97808 0.22 0.004125 0.0910387 0.00927012 -0.000577547 0.0997521 -0.00701363
-0.00291275 0.978668 0.231629 -0.00135576 0.979077 0.22 0.000453718 0.0484485 -0.0007318 -0.000555758 0.0997531 -0.0070009
-0.00287498 0.97948 0.231642 -0.00136106 0.980075 0.22 0.00367547 0.0926581 -0.0117251 -0.000519536 0.099756 -0.00696211
-0.00283513 0.979854 0.23157 -0.00136583 0.981072 0.22 0 0 0 -0.000465558 0.0997596 -0.00691362
-0.00283513 0.979854 0.165366 -0.00137084 0.982269 0.22 0 0 0 -0.000401797 0.0997631 -0.00686689
-0.00283513 0.979854 0.172304 -0.0013738 0.983068 0.22 0 0 0 -0.000360759 0.0997656 -0.00683355
-0.00241262 0.980114 0.185741 -0.00137779 0.984265 0.22 0.0461087 0.0458413 0.886882 -0.000320551 0.0997697 -0.00677462
-0.00203767 0.981084 0.197493 -0.00138054 0.985262 0.22 0.0379095 0.137677 0.822387 -0.000274066 0.0997761 -0.00668239
-0.00188749 0.98387 0.205944 -0.00138329 0.98626 0.22 -0.0151082 0.342978 0.501437 -0.000276387 0.0997797 -0.00662812
-0.00190221 0.985044 0.212159 -0.00138624 0.987258 0.22 -0.000960018 -0.0173155 0.366431 -0.000302772 0.0997596 -0.00692342
-0.0019085 0.983253 0.214332 -0.00138996 0.988255 0.22 0.0228866 -0.137341 0.151263 -0.000389833 0.099702 -0.00770475
-0.00187289 0.983844 0.216294 -0.00139437 0.989252 0.22 -0.00588552 0.127566 0.137625 -0.000457847 0.0996239 -0.00865322
-0.00181002 0.985065 0.217393 -0.00139898 0.990248 0.22 0.0150468 0.0115558 -0.0314585 -0.000459384 0.0996114 -0.00879501
-0.00181281 0.985417 0.216889 -0.00140353 0.991244 0.22 0.00180209 0.146463 -0.0495923 -0.000457541 0.0996359 -0.00851366
-0.00158003 0.987756 0.216494 -0.00140758 0.992241 0.22 0.0323716 0.203682 -0.0676242 -0.000387896 0.0996996 -0.007736
-0.00159129 0.988654 0.21584 -0.00140996 0.993238 0.22 -0.00676177 0.0585993 -0.0633145 -0.000179845 0.0997747 -0.00670695
-0.00173327 0.989754 0.215122 -0.00141039 0.994236 0.22 -0.0303716 0.141202 -0.0621123 3.22531e-05 0.0998065 -0.00621748
-0.00203025 0.990842 0.21469 -0.00140909 0.995235 0.22 -0.0362829 0.0711191 -0.0396491 0.000161598 0.0998148 -0.00608114
-0.00233468 0.991357 0.214424 -0.00140623 0.996233 0.22 -0.0226926 0.0512874 -0.0170069 0.00028902 0.0998171 -0.00603824
-0.00243959 0.992224 0.214489 -0.00140272 0.997231 0.22 0.00502499 0.110263 0.00218345 0.000350442 0.0998106 -0.00614256
-0.00241896 0.993029 0.214899 -0.00139929 0.998229 0.22 -4.40347e-05 0.0734994 0.0544813 0.000337129 0.099806 -0.00621714
-0.00244264 0.993826 0.215665 -0.00139634 0.999227 0.22 0.00597737 0.0859377 0.0578332 0.000265236 0.0998048 -0.00623988
-0.00240097 0.994804 0.21674 -0.00139438 1.00022 0.22 0.00494541 0.0838 0.0804099 0.000185515 0.0998069 -0.00620884
-0.00236406 0.995708 0.217851 -0.00139359 1.00122 0.22 -0.000824009 0.0815769 0.0942984 6.64057e-05 0.099824 -0.00593062
-0.00237062 0.996392 0.219028 -0.00139329 1.00222 0.22 -0.00433421 0.0640488 0.10976 1.39582e-05 0.0998377 -0.00569428
-0.00238619 0.996959 0.220365 -0.00139354 1.00322 0.22 -0.00549325 0.0651661 0.0875686 -3.77983e-05 0.0998722 -0.00505451
-0.00245918 0.997574 0.221497 -0.00139435 1.00422 0.22 -0.00199512 0.0559581 0.0822261 -9.12594e-05 0.0998737 -0.00502377
-0.00250235 0.998261 0.222524 -0.0013956 1.00522 0.22 0.00150019 0.0860926 0.0757209 -0.000131288 0.0998715 -0.00506545
-0.00254099 0.998887 0.223713 -0.00139754 1.00642 0.22 -0.0045166 0.0439894 0.0770194 -0.000174304 0.0998581 -0.00532339
-0.00250891 0.999606 0.224726 -0.00139967 1.00741 0.22 0.00931451 0.080099 0.0716852 -0.000216419 0.0998483 -0.00550128
-0.00243661 1.00027 0.225707 -0.00140265 1.00841 0.22 0.0125371 0.0547078 0.0726657 -0.000309719 0.0998298 -0.00582389
-0.00235631 1.0012 0.226622 -0.00140616 1.00941 0.22 0.0121396 0.106535 0.0701652 -0.000358141 0.0998171 -0.00603484
-0.00229392 1.00216 0.227319 -0.00140985 1.01041 0.22 0.00709537 0.0916268 0.0493102 -0.000369255 0.0998062 -0.006212
-0.00227365 1.00317 0.228092 -0.00141345 1.01141 0.22 -0.00125436 0.113633 0.0461348 -0.00035583 0.0997984 -0.00633707
-0.00219928 1.00427 0.22881 -0.00141704 1.01241 0.22 0.0127693 0.0922719 0.0464383 -0.000367338 0.0997896 -0.0064726
-0.00212974 1.00534 0.229415 -0.00142092 1.0134 0.22 0.00545457 0.0995819 0.0323163 -0.000396762 0.0997846 -0.00654766
-0.00206678 1.0066 0.229875 -0.00142542 1.0144 0.22 0.00892312 0.126042 0.0253181 -0.000457633 0.0997774 -0.00665237
-0.00200267 1.00781 0.230249 -0.00143049 1.0154 0.22 0.00439103 0.138525 0.014433 -0.000514644 0.0997717 -0.00673413
-0.00195689 1.00903 0.23055 -0.00143594 1.0164 0.22 -0.00151131 0.126837 0.00893979 -0.000549955 0.0997604 -0.00689683
-0.00188807 1.01021 0.230785 -0.00144144 1.01739 0.22 0.00527204 0.122907 0.0034192 -0.00054732 0.0997555 -0.00696666
-0.00187981 1.0105 0.23093 -0.00144674 1.01839 0.22 0 0 0 -0.000522549 0.0997519 -0.00702004
-0.00187981 1.0105 0.167812 -0.00145159 1.01939 0.22 0 0 0 -0.000482541 0.0997449 -0.00712175
-0.00187981 1.0105 0.176832 -0.00145592 1.02039 0.22 0 0 0 -0.000421971 0.0997348 -0.0072657
-0.00154832 1.01352 0.186586 -0.00145969 1.02138 0.22 -0.0011318 0.144879 0.531055 -0.000359229 0.0997321 -0.00730606
-0.00161055 1.01484 0.19255 -0.00146254 1.02238 0.22 -0.000790923 0.0792701 0.491507 -0.000238869 0.0997632 -0.00687302
-0.00158292 1.01543 0.19916 -0.00146389 1.02338 0.22 0.00952163 0.0414098 0.50466 -0.000118863 0.0998076 -0.00619975
-0.00140047 1.01576 0.205334 -0.00146348 1.02438 0.22 0.0101961 0.1825 0.242872 5.8519e-05 0.0998793 -0.00491139
-0.00149027 1.01884 0.206145 -0.00146215 1.02538 0.22 -0.0239853 0.129492 0.0135606 0.000152119 0.0999179 -0.00404866
-0.00162839 1.01798 0.206142 -0.00146018 1.02638 0.22 -0.0113549 -0.183471 0.0411223 0.000204696 0.0999283 -0.00378159
-0.00169327 1.01706 0.206606 -0.00145857 1.02737 0.22 -0.0124195 -0.0271806 0.0271174 0.000140273 0.0998712 -0.00507252
-0.00188102 1.01663 0.206672 -0.00145816 1.02837 0.22 -0.0276605 -0.112767 -0.0337318 3.23575e-05 0.0998036 -0.00626448
-0.00218173 1.01601 0.206175 -0.00145946 1.02937 0.22 -0.0225818 0.0322585 -0.00852086 -0.000167673 0.0996907 -0.00785728
-0.00237672 1.01664 0.205972 -0.00146328 1.03037 0.22 -0.0141774 0.065595 -0.0196441 -0.00043427 0.0996131 -0.00877726
-0.00258543 1.01734 0.206047 -0.00147097 1.03156 0.22 -0.0265715 0.0807394 0.0208228 -0.000677816 0.0995501 -0.00945082
-0.00276397 1.01838 0.206298 -0.00147885 1.03256 0.22 -0.0135084 0.11397 0.0212316 -0.000811011 0.0995225 -0.00972743
-0.00294446 1.01947 0.206703 -0.00148769 1.03355 0.22 -0.0124899 0.125237 0.0435604 -0.000896078 0.0994998 -0.00994953
-0.00303984 1.02055 0.207234 -0.0014973 1.03455 0.22 -0.00554549 0.122096 0.0373132 -0.000971878 0.0994723 -0.0102138
-0.00306616 1.02193 0.208116 -0.00150749 1.03554 0.22 0.00174414 0.148728 0.069373 -0.00102804 0.0994311 -0.0106023
-0.00306407 1.02325 0.209188 -0.00151779 1.03653 0.22 0.00367423 0.139121 0.0801665 -0.00102869 0.0994066 -0.0108291
-0.00303772 1.02493 0.210485 -0.0015278 1.03753 0.22 0.0184439 0.172747 0.0966717 -0.000997459 0.0993792 -0.011081
-0.00293918 1.02692 0.211893 -0.00153749 1.03852 0.22 0.0139079 0.209657 0.102472 -0.000966899 0.0993656 -0.011205
-0.00290731 1.02911 0.213307 -0.00154719 1.03952 0.22 0.00035939 0.206492 0.0930763 -0.000975848 0.0993772 -0.0111006
-0.00286024 1.03149 0.214583 -0.0015571 1.04051 0.22 0.00391667 0.222808 0.0965981 -0.00099946 0.0994138 -0.0107655
-0.00278214 1.03394 0.216025 -0.0015672 1.0415 0.22 0.00532007 0.248002 0.0982541 -0.00101041 0.0994498 -0.010427
-0.00274906 1.03628 0.217533 -0.00157705 1.0425 0.22 -0.00333227 0.236202 0.094739 -0.00098096 0.0994956 -0.00998311
-0.0026896 1.03853 0.219165 -0.00158601 1.04349 0.22 0.00480077 0.204346 0.117296 -0.000874352 0.0995404 -0.00953662
-0.00258292 1.04053 0.220731 -0.00159405 1.04449 0.22 0.0109637 0.201511 0.116793 -0.000782365 0.0995687 -0.0092446
-0.00251455 1.04256 0.222274 -0.0016015 1.04549 0.22 0.000963215 0.184073 0.106113 -0.000740706 0.0995895 -0.00902084
-0.00242437 1.0442 0.223695 -0.00160888 1.04648 0.22 0.0148102 0.138146 0.0972789 -0.000739012 0.0996012 -0.00889159
-0.00235669 1.04573 0.224987 -0.00161654 1.04748 0.22 0.0103023 0.150808 0.0854327 -0.000773081 0.0996163 -0.00871775
-0.00224411 1.04728 0.226175 -0.0016244 1.04847 0.22 0.00578002 0.111146 0.0876926 -0.000784988 0.0996222 -0.00864929
-0.00216021 1.04853 0.227245 -0.00163176 1.04947 0.22 0.00673797 0.136963 0.0504027 -0.00072117 0.0996269 -0.00859963
-0.00201787 1.04981 0.22806 -0.00163785 1.05047 0.22 0.0153393 0.103908 0.0501772 -0.000585304 0.0996343 -0.00852426
-0.00183927 1.05094 0.228694 -0.00164246 1.05146 0.22 0.0153687 0.12629 0.0247475 -0.000425801 0.099649 -0.00836073
-0.00175414 1.05213 0.229239 -0.00164654 1.05246 0.22 0.00435322 0.0999353 0.0297276 -0.000406221 0.0996571 -0.00826408
-0.00176318 1.05301 0.229591 -0.00165077 1.05346 0.22 -0.00256543 0.0663384 0.0116634 -0.000424092 0.0996644 -0.00817421
-0.00174983 1.05384 0.229834 -0.00165502 1.05465 0.22 0 0 0 -0.000418224 0.0996715 -0.0080885
-0.00174983 1.05384 0.164131 -0.00165984 1.05565 0.22 0 0 0 -0.000395822 0.0996749 -0.00804736
-0.00174983 1.05384 0.172721 -0.00166369 1.05665 0.22 0 0 0 -0.000383939 0.0996767 -0.00802487
-0.00153989 1.05396 0.183829 -0.00166747 1.05764 0.22 0.060935 0.00694825 0.896685 -0.000374168 0.0996778 -0.00801257
-0.00119498 1.05466 0.196265 -0.00167128 1.05864 0.22 0.0210161 0.0973137 0.892736 -0.000392035 0.0996743 -0.00805514
-0.000857981 1.0559 0.207335 -0.00167552 1.05964 0.22 0.0300262 0.115644 0.774896 -0.000428741 0.0996698 -0.0081084
-0.000723913 1.05652 0.215861 -0.00168032 1.06063 0.22 -0.00822993 -0.0192737 0.486673 -0.000483753 0.099662 -0.00820131
-0.000629373 1.05612 0.220374 -0.00168589 1.06163 0.22 -0.000843635 0.149389 0.180556 -0.000606468 0.0996361 -0.00850202
-0.000825892 1.05765 0.221249 -0.00169194 1.06263 0.22 -0.0179123 0.0134942 -0.0307321 -0.000604946 0.0996607 -0.0082089
-0.00098676 1.05742 0.219909 -0.00169791 1.06362 0.22 -0.0146433 0.0508496 -0.098366 -0.000584422 0.0996737 -0.00805006
-0.000883038 1.05844 0.218781 -0.00170306 1.06462 0.22 0.0126507 0.0592881 -0.0847546 -0.000501163 0.0996813 -0.00796113
-0.0008399 1.05883 0.218054 -0.00170627 1.06562 0.22 -0.00187409 0.0368891 -0.0510728 -0.000288436 0.0996901 -0.00786078
-0.0010016 1.05962 0.21734 -0.00170783 1.06661 0.22 -0.0230426 0.128253 -0.0689556 -0.000130149 0.0996979 -0.00776589
-0.00118764 1.06108 0.216884 -0.00170843 1.06761 0.22 -0.019128 0.114109 -0.0312689 -3.90656e-05 0.0997121 -0.00758275
-0.00126297 1.06168 0.217077 -0.00170842 1.06861 0.22 0.00267427 0.0563755 0.0077678 7.48941e-06 0.0997367 -0.00725192
-0.00126094 1.06283 0.217585 -0.00170827 1.06961 0.22 -0.000201039 0.118878 0.0231733 1.32639e-05 0.0997603 -0.00691999
-0.00132006 1.06381 0.218107 -0.00170825 1.0706 0.22 -0.0075026 0.100415 0.045405 -3.05485e-06 0.099788 -0.00650862
-0.00134584 1.06495 0.218751 -0.00170838 1.0716 0.22 0.00236415 0.125169 0.0491581 -1.81192e-05 0.0998011 -0.00630434
-0.00137929 1.06595 0.219579 -0.00170874 1.0726 0.22 0.00218133 0.0696645 0.0527868 -3.70297e-05 0.0998143 -0.0060908
-0.00139189 1.06675 0.220465 -0.00170917 1.0736 0.22 -0.00232459 0.089199 0.0643404 -4.25092e-05 0.0998248 -0.00591753
-0.00145742 1.06767 0.221477 -0.00170959 1.0746 0.22 -0.0100261 0.0972295 0.0842748 -4.18523e-05 0.0998323 -0.00578921
-0.00153425 1.06855 0.222515 -0.00170994 1.07559 0.22 -0.00522096 0.0896649 0.0780364 -3.11353e-05 0.0998373 -0.00570272
-0.001632 1.06946 0.223609 -0.00171025 1.07659 0.22 -0.0137687 0.0717984 0.0782627 -3.19347e-05 0.0998404 -0.00564817
-0.00175288 1.07034 0.224651 -0.00171063 1.07759 0.22 -0.00707318 0.0908073 0.0708179 -3.75632e-05 0.0998446 -0.00557195
-0.00183765 1.07127 0.225632 -0.00171092 1.07859 0.22 -0.00795907 0.106148 0.085586 -2.52478e-05 0.0998612 -0.00526633
-0.00193476 1.0723 0.226617 -0.00171111 1.07959 0.22 -0.0148902 0.0903436 0.0692022 -1.67044e-05 0.099865 -0.005195
-0.00204767 1.0732 0.227457 -0.00171118 1.08059 0.22 -0.010742 0.112984 0.0607151 -4.235e-06 0.0998891 -0.00470886
-0.00213185 1.07427 0.228177 -0.00171125 1.08159 0.22 -0.0090575 0.102215 0.0450212 -1.02319e-05 0.0998853 -0.00478868
-0.0021818 1.07533 0.228858 -0.00171141 1.08258 0.22 -0.00443625 0.11154 0.0410701 -1.72981e-05 0.0998827 -0.00484241
-0.00219816 1.07669 0.229571 -0.00171182 1.08378 0.22 0.00105065 0.115617 0.033422 -4.58419e-05 0.0998785 -0.00492753
-0.00220853 1.0779 0.230221 -0.00171251 1.08478 0.22 -0.0023697 0.114951 0.052671 -5.80476e-05 0.0998711 -0.00507462
-0.00224199 1.07919 0.230756 -0.00171301 1.08578 0.22 -0.00305668 0.133108 0.0363334 -4.63682e-05 0.0998685 -0.00512676
-0.00225304 1.0805 0.231233 -0.0017133 1.08678 0.22 6.71308e-05 0.118538 0.0332893 -2.24126e-05 0.0998734 -0.00503033
-0.00224618 1.08189 0.231742 -0.00171336 1.08778 0.22 0.0016999 0.13038 0.033911 -4.37448e-06 0.0998802 -0.00489318
-0.00226512 1.08324 0.232146 -0.00171351 1.08878 0.22 0.00469274 0.125114 0.0118534 -1.86332e-05 0.0998843 -0.004809
-0.00223589 1.08464 0.232355 -0.00171427 1.08978 0.22 0.000452498 0.143013 -0.000355324 -9.20008e-05 0.0998879 -0.00473177
-0.00222804 1.08599 0.232514 -0.00171534 1.09077 0.22 -0.00559441 0.134618 -0.00105995 -0.000111435 0.099889 -0.00470921
-0.00222785 1.08682 0.232683 -0.00171638 1.09177 0.22 0 0 0 -0.000100311 0.0998901 -0.00468674
-0.00222785 1.08682 0.164411 -0.00171708 1.09277 0.22 0 0 0 -6.26445e-05 0.0998943 -0.00459716
-0.00222785 1.08682 0.173796 -0.00171731 1.09377 0.22 0 0 0 -1.60286e-05 0.0998942 -0.00459924
-0.00200762 1.08901 0.186124 -0.00171718 1.09477 0.22 0.0292151 0.333387 0.947895 2.52605e-05 0.0998617 -0.00525779
-0.00183111 1.09122 0.197708 -0.00171674 1.09577 0.22 -0.0223046 -0.0441781 0.570192 5.33431e-05 0.0998601 -0.00528686
-0.00210329 1.09009 0.203264 -0.00171571 1.09677 0.22 -0.0127369 -0.00601061 0.356665 0.000102691 0.0998681 -0.00513326
-0.00213593 1.09126 0.207932 -0.00171422 1.09777 0.22 -0.0065677 0.130016 0.396831 0.000156349 0.0998984 -0.0045033
-0.00197547 1.09229 0.212544 -0.00171204 1.09877 0.22 0.0257652 0.177387 0.218117 0.000229101 0.0999478 -0.0032228
-0.00196352 1.09414 0.214346 -0.00170951 1.09977 0.22 -0.0313927 0.120978 -0.0036366 0.000269557 0.0999746 -0.00223832
-0.00223505 1.09447 0.213625 -0.00170673 1.10077 0.22 -0.028728 -0.0839606 -0.0489899 0.000274359 0.0999802 -0.00197022
-0.00237597 1.09379 0.213082 -0.00170474 1.10176 0.22 0.00803318 -0.00995495 -0.00737823 0.000191399 0.0999612 -0.00278013
-0.00227936 1.09367 0.212836 -0.00170356 1.10276 0.22 0.00781863 -0.088824 -0.0365095 0.000112728 0.0999042 -0.00437517
-0.00224504 1.09302 0.212186 -0.00170282 1.10376 0.22 -0.00497243 0.0119623 -0.0380921 4.95003e-05 0.0998527 -0.00542466
-0.00231681 1.09343 0.211871 -0.00170297 1.10476 0.22 -0.00940105 0.0361468 -0.00283311 -3.80728e-05 0.0998166 -0.00605368
-0.00245117 1.09417 0.211678 -0.0017044 1.10596 0.22 -0.00729802 0.106491 5.06105e-05 -0.000148392 0.0997989 -0.00633727
-0.0024532 1.0956 0.211859 -0.00170642 1.10696 0.22 -0.000707958 0.148891 0.0177744 -0.000228881 0.0998045 -0.00624525
-0.00247885 1.09691 0.212386 -0.00170913 1.10795 0.22 -0.00264566 0.121581 0.021625 -0.000277972 0.0998175 -0.00603271
-0.00253336 1.09842 0.2131 -0.00171217 1.10895 0.22 -0.0105978 0.151963 0.0759425 -0.000312662 0.0998305 -0.00581174
-0.00252781 1.10001 0.214125 -0.00171535 1.10995 0.22 0.00481809 0.124402 0.0756671 -0.000318288 0.0998344 -0.00574317
-0.00250596 1.10142 0.215316 -0.00171841 1.11095 0.22 0.00208018 0.165949 0.0923222 -0.000301167 0.0998371 -0.00569701
-0.00249024 1.10327 0.216743 -0.00172108 1.11195 0.22 0.00169113 0.160944 0.112506 -0.000259814 0.0998422 -0.00560982
-0.00242503 1.10494 0.218273 -0.00172327 1.11295 0.22 0.00795022 0.155622 0.104916 -0.000208761 0.0998516 -0.00544257
-0.00232727 1.10686 0.219696 -0.00172525 1.11394 0.22 0.0125349 0.212989 0.103491 -0.000195091 0.0998445 -0.00557072
-0.0022192 1.10887 0.22124 -0.00172716 1.11494 0.22 0.00874396 0.180415 0.106079 -0.000190689 0.0998285 -0.0058513
-0.00217032 1.11075 0.222605 -0.0017289 1.11594 0.22 0.00754733 0.198575 0.088979 -0.000171561 0.0998484 -0.00550108
-0.00211784 1.11284 0.223993 -0.00173018 1.11694 0.22 0.00139335 0.216576 0.0921015 -0.000115181 0.0998718 -0.00506096
-0.00205476 1.11472 0.225354 -0.00173087 1.11794 0.22 0.0077043 0.180664 0.0976479 -4.32318e-05 0.0998885 -0.00471991
-0.00199249 1.11636 0.226461 -0.0017309 1.11894 0.22 0.0101461 0.159833 0.0841946 1.47252e-05 0.0999025 -0.00441408
-0.00198607 1.1179 0.227602 -0.0017306 1.11994 0.22 -0.00310872 0.132929 0.0982332 3.13832e-05 0.0999112 -0.00421312
-0.00197156 1.11934 0.228699 -0.00173037 1.12094 0.22 0.0049606 0.137247 0.0854199 1.91416e-05 0.0999203 -0.00399222
-0.00197195 1.12061 0.22957 -0.00173048 1.12194 0.22 0.00678014 0.128186 0.0638023 -1.23366e-05 0.0999265 -0.00383346
-0.00194041 1.12189 0.230229 -0.00173035 1.12294 0.22 0.000236414 0.103416 0.0480353 2.72357e-05 0.0999304 -0.00373075
-0.00193174 1.12302 0.230712 -0.00172927 1.12393 0.22 0.00972156 0.115078 0.0320266 0.000133033 0.0999369 -0.00355034
-0.00187835 1.12413 0.231087 -0.00172704 1.12493 0.22 -0.00242462 0.0947937 0.0140305 0.000241535 0.0999442 -0.003332
-0.00188312 1.12518 0.231413 -0.00172448 1.12593 0.22 -0.00274135 0.107524 0.019784 0.00023807 0.0999501 -0.0031504
-0.00191057 1.12603 0.23162 -0.00172249 1.12693 0.22 0.00708782 0.0574235 0.00619785 0.000185306 0.099952 -0.00309267
-0.00191575 1.12684 0.231714 -0.00172124 1.12793 0.22 -0.00670484 0.095979 0.00500118 0.000118958 0.0999539 -0.00303273
-0.00192916 1.12704 0.231675 -0.00172039 1.12893 0.22 0 0 0 8.20399e-05 0.0999569 -0.00293613
-0.00192916 1.12704 0.168624 -0.00171964 1.12993 0.22 0 0 0 7.48797e-05 0.0999612 -0.00278592
-0.00192916 1.12704 0.178033 -0.00171885 1.13093 0.22 0 0 0 8.16486e-05 0.0999573 -0.00292223
-0.00158917 1.12744 0.189582 -0.00171784 1.13193 0.22 0.0232973 0.0791577 0.866513 0.000101743 0.0999606 -0.00280544
-0.00136942 1.12851 0.20078 -0.00171689 1.13293 0.22 0.0253377 0.122038 0.778987 8.43144e-05 0.0999606 -0.00280663
-0.00117204 1.12963 0.210444 -0.00171635 1.13393 0.22 0.000698003 -0.0660552 0.578284 3.47291e-05 0.0999582 -0.00288969
-0.00128503 1.12858 0.218078 -0.00171632 1.13513 0.22 -0.0108478 0.0111273 0.400222 -6.30318e-06 0.0999579 -0.00290023
-0.00144533 1.13132 0.221369 -0.00171642 1.13613 0.22 -0.0254012 0.30804 0.168728 -1.07494e-05 0.0999682 -0.00252355
-0.00157812 1.13183 0.221245 -0.00171635 1.13713 0.22 -0.0108602 -0.0717146 -0.0871667 7.38355e-06 0.0999766 -0.00216269
-0.0017169 1.13236 0.219762 -0.0017161 1.13813 0.22 -0.00812787 0.181704 -0.111893 3.46192e-05 0.0999805 -0.00197623
-0.00162819 1.13398 0.218313 -0.00171445 1.13913 0.22 0.00497749 0.0858275 -0.109284 0.000212198 0.0999801 -0.0019854
-0.00173745 1.13422 0.217162 -0.0017113 1.14013 0.22 -0.0208541 0.0244447 -0.0972176 0.000384016 0.0999833 -0.00178715
-0.00190703 1.13544 0.216481 -0.0017068 1.14113 0.22 -0.017872 0.182189 -0.0639004 0.000475125 0.0999865 -0.00157484
-0.00204047 1.13641 0.216327 -0.00170169 1.14213 0.22 -0.0187162 0.0360085 0.00184443 0.000516712 0.0999905 -0.00127788
-0.00215099 1.13715 0.216586 -0.00169614 1.14313 0.22 -0.0135038 0.0916681 0.0131986 0.000551708 0.0999954 -0.000787982
-0.00223528 1.13842 0.216866 -0.00169073 1.14413 0.22 -0.00942103 0.0950572 0.021342 0.000536048 0.0999983 -0.000248035
-0.00225839 1.13904 0.217208 -0.00168556 1.14513 0.22 0.00801041 0.0781125 0.0279208 0.000509625 0.0999986 0.000131598
-0.00215697 1.13998 0.217803 -0.00168076 1.14613 0.22 0.00903929 0.0762246 0.0614538 0.000473011 0.0999982 0.000363518
-0.00201673 1.14054 0.218535 -0.00167623 1.14713 0.22 0.000969836 0.0518871 0.0784244 0.000450296 0.0999977 0.000499453
-0.00192245 1.14116 0.219555 -0.00167194 1.14813 0.22 0.00560013 0.0900888 0.0825314 0.000424213 0.0999967 0.000686695
-0.00185283 1.14197 0.220605 -0.00166792 1.14913 0.22 0.00741355 0.0460389 0.0848848 0.00039645 0.0999957 0.000841557
-0.00182937 1.14246 0.221729 -0.0016642 1.15013 0.22 0.00528463 0.066427 0.0960128 0.000364746 0.0999939 0.00104534
-0.00181738 1.14334 0.222956 -0.00166078 1.15113 0.22 -8.41711e-05 0.106428 0.0848025 0.000336437 0.0999911 0.00129423
-0.00178023 1.14414 0.224034 -0.00165745 1.15213 0.22 0.000590145 0.0519985 0.0817106 0.000337918 0.0999864 0.00161609
-0.00175108 1.14473 0.225048 -0.00165389 1.15313 0.22 0.00889953 0.102625 0.0849718 0.000370684 0.0999831 0.00180325
-0.00169551 1.14567 0.225977 -0.0016499 1.15413 0.22 0.0095477 0.076908 0.0629167 0.000409003 0.0999812 0.00189516
-0.00160604 1.14636 0.226758 -0.00164534 1.15513 0.22 0.0113357 0.0744892 0.0605893 0.000458226 0.0999725 0.00229772
-0.00150503 1.14738 0.227522 -0.0016405 1.15613 0.22 0.00334831 0.120376 0.0584493 0.00048663 0.0999711 0.00235577
-0.00144048 1.14847 0.22823 -0.00163557 1.15713 0.22 0.00118646 0.103929 0.0450241 0.000491796 0.0999688 0.00244752
-0.00138459 1.14949 0.228789 -0.00163074 1.15813 0.22 -0.00117096 0.118728 0.0506388 0.000477218 0.0999662 0.00255468
-0.0013607 1.15071 0.229321 -0.00162603 1.15913 0.22 0.00328078 0.11418 0.037594 0.000471496 0.0999642 0.00263518
-0.00128233 1.15188 0.22974 -0.00162119 1.16013 0.22 0.00574417 0.0988277 0.0265065 0.000485976 0.0999601 0.00278407
-0.00122193 1.15347 0.230246 -0.00161498 1.16132 0.22 0.00169458 0.143482 0.0408512 0.000525299 0.0999501 0.00311448
-0.00115025 1.15479 0.230612 -0.00160921 1.16232 0.22 0.0105607 0.136817 0.0227441 0.000579942 0.0999434 0.00331274
-0.00108963 1.15612 0.230775 -0.00160289 1.16332 0.22 0.00507585 0.124578 0.00374511 0.000646072 0.099935 0.00354661
-0.0010036 1.15733 0.230879 -0.00159613 1.16432 0.22 0.00394742 0.127972 0.0236721 0.00068467 0.0999296 0.00368978
-0.000920703 1.15828 0.230978 -0.00158909 1.16532 0.22 0 0 0 0.000715311 0.099927 0.00375237
-0.000920703 1.15828 0.162602 -0.00158172 1.16632 0.22 0 0 0 0.000740798 0.0999265 0.00376079
-0.000920703 1.15828 0.170807 -0.00157391 1.16732 0.22 0 0 0 0.000786168 0.0999282 0.00370687
-0.000773951 1.15989 0.182086 -0.00156577 1.16832 0.22 0.0346781 0.434779 0.96992 0.000819036 0.0999281 0.00370251
-0.000591166 1.16363 0.194647 -0.00155757 1.16932 0.22 0.0181103 0.29146 0.935982 0.000820284 0.0999297 0.00365944
-0.000722684 1.16528 0.204905 -0.00154914 1.17032 0.22 -0.0105955 0.100175 0.726303 0.000851546 0.099927 0.00372502
-0.000817954 1.16586 0.213262 -0.00154047 1.17132 0.22 -0.0218914 0.0500072 0.483451 0.000869219 0.09992 0.00390365
-0.00120235 1.16643 0.21621 -0.0015315 1.17232 0.22 -0.0277777 0.139975 0.195764 0.000908097 0.099917 0.00397061
-0.000931892 1.16744 0.217525 -0.00152255 1.17332 0.22 0.0196177 0.117109 0.0448326 0.000875908 0.0999218 0.00385473
-0.000981688 1.16863 0.216838 -0.00151481 1.17432 0.22 0.00606466 0.0592149 -0.0629247 0.000752218 0.0999256 0.00378282
-0.00110391 1.16855 0.216027 -0.00150865 1.17531 0.22 -0.0180127 0.00810152 -0.0723378 0.000597388 0.0999373 0.00349089
-0.00108503 1.16916 0.215284 -0.00150358 1.17631 0.22 0.011017 0.0599253 -0.0498458 0.000487293 0.0999558 0.00293278
-0.000828632 1.16916 0.214767 -0.00149883 1.17731 0.22 0.0281917 0.0037736 -0.054113 0.000473261 0.0999658 0.00257263
-0.000515411 1.16955 0.21444 -0.0014941 1.17831 0.22 0.03166 0.115833 0.00274532 0.000472062 0.0999764 0.00212277
-0.00032856 1.17038 0.214601 -0.00148944 1.17931 0.22 0.00320539 0.0525942 0.010536 0.00046573 0.0999829 0.00178965
-0.000345188 1.17113 0.214776 -0.00148507 1.18031 0.22 -0.00631618 0.122543 0.0297414 0.000427346 0.0999869 0.00156252
-0.000397388 1.17249 0.215238 -0.00148107 1.18131 0.22 -0.00708146 0.0977441 0.0272332 0.000385216 0.0999885 0.0014664
-0.000484407 1.17355 0.215871 -0.00147751 1.18231 0.22 -0.00861092 0.101774 0.0612138 0.00033925 0.0999893 0.00142482
-0.000541461 1.1749 0.216742 -0.00147438 1.18331 0.22 -0.00238268 0.197281 0.093418 0.00031079 0.0999895 0.00141317
-0.000525755 1.17652 0.217836 -0.0014715 1.18431 0.22 0.000959611 0.155255 0.0833993 0.000284804 0.0999892 0.00144483
-0.000493241 1.17798 0.218917 -0.00146887 1.18531 0.22 0.00796652 0.11337 0.106951 0.000254802 0.0999883 0.0015077
-0.000429645 1.17961 0.220211 -0.00146667 1.18631 0.22 0.00583153 0.144259 0.1116 0.000206027 0.0999872 0.00158858
-0.000332656 1.1811 0.22155 -0.00146509 1.18731 0.22 0.00613156 0.15281 0.109117 0.000146742 0.0999864 0.00164352
-0.000276474 1.18264 0.22287 -0.00146396 1.18831 0.22 0.00223025 0.172403 0.131147 0.00010671 0.0999898 0.00142417
-0.000230243 1.18425 0.224249 -0.00146296 1.18931 0.22 0.00426454 0.171901 0.0970639 0.000103771 0.0999888 0.00149206
-0.000175589 1.18569 0.225375 -0.00146177 1.19031 0.22 0.0099367 0.161805 0.0949581 0.000126558 0.0999877 0.001565
-0.000145583 1.18735 0.226468 -0.00146012 1.19131 0.22 -0.000186643 0.177809 0.0844067 0.00016766 0.099985 0.00172417
-0.000156899 1.18915 0.227708 -0.00145801 1.19251 0.22 0.00200652 0.163233 0.0821323 0.000170371 0.0999798 0.0020019
-0.000162989 1.19056 0.228703 -0.00145671 1.19351 0.22 -0.00213441 0.158871 0.0763804 0.000121302 0.099978 0.00209207
-0.000185425 1.19183 0.229627 -0.00145591 1.19451 0.22 -0.00815468 0.108285 0.0770671 7.18694e-05 0.0999816 0.00191722
-0.000202734 1.19305 0.230362 -0.00145507 1.19551 0.22 0.00331009 0.146822 0.0587673 0.000106371 0.0999809 0.00194982
-0.00018161 1.1943 0.23093 -0.00145345 1.19651 0.22 0.00963052 0.10272 0.0477561 0.000184702 0.0999799 0.00199646
-0.000106726 1.19535 0.231418 -0.00145059 1.19751 0.22 0.0106547 0.105657 0.0366857 0.000293137 0.099978 0.00207905
-7.81896e-05 1.19641 0.231791 -0.00144739 1.19851 0.22 0.00403405 0.105447 0.035009 0.000317208 0.0999765 0.00214433
-0.000110603 1.19743 0.232151 -0.00144494 1.19951 0.22 -0.00476224 0.0923248 0.0214135 0.000210754 0.0999759 0.0021864
-0.000192683 1.1983 0.23233 -0.00144365 1.20051 0.22 -0.00839755 0.086291 0.0061712 8.47925e-05 0.0999759 0.00219552
-0.000238249 1.19922 0.232448 -0.00144327 1.20151 0.22 0.0015372 0.0951606 0.0112667 2.65937e-05 0.0999752 0.0022276
-0.000310367 1.19973 0.232402 -0.00144312 1.20251 0.22 0 0 0 1.9311e-05 0.099974 0.00227974
-0.000310367 1.19973 0.163331 -0.00144232 1.20351 0.22 0 0 0 9.88843e-05 0.0999724 0.00234535
-0.000310367 1.19973 0.171887 -0.00144065 1.20451 0.22 0 0 0 0.000189051 0.0999715 0.00238145
-0.000181565 1.20001 0.182792 -0.00143815 1.20551 0.22 0.0154445 0.088091 0.891001 0.000269797 0.09997 0.00243414
-0.000133732 1.20129 0.194537 -0.00143508 1.20651 0.22 -0.0042192 0.155254 0.834003 0.000310775 0.0999703 0.00241556
-0.000118816 1.20302 0.205295 -0.00143205 1.20751 0.22 0.00400938 0.146721 0.742829 0.000300416 0.0999701 0.00242545
-0.000136714 1.20364 0.214977 -0.00142957 1.20851 0.22 -0.0184261 0.0278273 0.620665 0.000238208 0.0999711 0.00239078
-0.000475578 1.20518 0.220468 -0.00142748 1.20951 0.22 -0.0385214 0.0665778 0.179907 0.000204165 0.0999724 0.00234085
-0.000596944 1.20497 0.220378 -0.0014256 1.21051 0.22 -0.00468983 0.0553647 -0.12478 0.000186596 0.0999776 0.0021089
-0.000644853 1.20678 0.218689 -0.00142384 1.21151 0.22 0.033284 0.257576 -0.113192 0.000184697 0.0999822 0.00187961
-0.00036253 1.2085 0.217303 -0.00142168 1.21251 0.22 0.0145684 0.084014 -0.0572373 0.000238384 0.0999755 0.00220046
-0.000284071 1.20947 0.216732 -0.00141883 1.21351 0.22 -0.0002241 0.106723 -0.0859206 0.000298376 0.0999627 0.00271456
-0.000382579 1.21091 0.215803 -0.00141549 1.21451 0.22 -0.00395969 0.14788 -0.0662091 0.000331568 0.099943 0.0033586
-0.000438341 1.21185 0.21537 -0.0014121 1.21551 0.22 -0.00766609 0.0247727 -0.00849198 0.000340319 0.0999244 0.00387232
-0.000489416 1.21247 0.215252 -0.00140868 1.2165 0.22 -0.00316787 0.0656662 -0.0178252 0.000337962 0.0999074 0.00428944
-0.000521522 1.21321 0.215062 -0.00140535 1.2175 0.22 0.00622671 0.047289 0.00726959 0.000333592 0.0999014 0.00442799
-0.000461831 1.21349 0.215298 -0.00140192 1.2185 0.22 0.0125034 0.0689388 0.0232974 0.000344098 0.0998973 0.00451704
-0.000379478 1.21413 0.215725 -0.00139832 1.2195 0.22 0.00452993 0.0235349 0.0408816 0.000361607 0.0998954 0.00455815
-0.000307824 1.21445 0.216564 -0.00139455 1.2205 0.22 0.00768205 0.0598539 0.0814457 0.000377449 0.09989 0.00467348
-0.000238578 1.2152 0.217646 -0.00139087 1.2215 0.22 0.00552423 0.0703546 0.0886052 0.000363762 0.099883 0.00482162
-0.000200148 1.21588 0.219062 -0.00138678 1.2227 0.22 0.000984134 0.050426 0.102917 0.000328084 0.099866 0.00516486
-0.000182224 1.21635 0.220347 -0.00138367 1.2237 0.22 -0.00324543 0.0511338 0.101452 0.000302136 0.0998516 0.00543712
-0.000200004 1.21686 0.221585 -0.00138065 1.22469 0.22 -0.00457237 0.0527196 0.0862729 0.000304326 0.0998072 0.006199
-0.000207931 1.2171 0.22265 -0.00137725 1.22569 0.22 0.00436443 0.0315469 0.0893581 0.000342137 0.0997705 0.00676286
-0.000245862 1.21755 0.223761 -0.00137334 1.22669 0.22 -0.000838186 0.0501477 0.105117 0.000401831 0.0997452 0.00712244
-0.000257466 1.21789 0.224636 -0.00136906 1.22769 0.22 0.00595815 0.0413873 0.0676037 0.000430675 0.0997059 0.00765169
-0.000234145 1.21834 0.225516 -0.00136488 1.22868 0.22 0.00600315 0.0488861 0.0749738 0.00041207 0.0997178 0.00749571
-0.000195451 1.21895 0.226291 -0.00136106 1.22968 0.22 0.00463141 0.0509282 0.0578044 0.000376698 0.0997295 0.00733999
-0.0001383 1.21984 0.227113 -0.00135745 1.23068 0.22 0.00854621 0.0878912 0.0619099 0.000360967 0.0997361 0.00725138
-7.82907e-05 1.22069 0.227859 -0.00135367 1.23168 0.22 0.00748585 0.0833502 0.0638684 0.000386487 0.0997364 0.00724589
-5.12732e-05 1.22169 0.228493 -0.00134921 1.23267 0.22 0.00225174 0.110827 0.0474671 0.000451006 0.0997354 0.00725628
-6.10383e-05 1.22265 0.228967 -0.00134402 1.23367 0.22 -0.00115413 0.111481 0.0482861 0.000521515 0.0997342 0.00726782
-3.50292e-05 1.22383 0.229388 -0.00133868 1.23467 0.22 -0.00386667 0.0807271 0.0360763 0.000525764 0.0996649 0.00816244
-2.37914e-05 1.2249 0.229715 -0.00133378 1.23566 0.22 -0.00799868 0.110299 0.0173938 0.000467717 0.099668 0.00812813
-1.85902e-05 1.2262 0.229891 -0.00132951 1.23666 0.22 0.0134038 0.135294 0.0214503 0.000415934 0.0996712 0.00809179
6.65442e-05 1.22734 0.230116 -0.00132573 1.23766 0.22 0.00700073 0.0988363 0.0156602 0.000378018 0.0996769 0.00802288
0.000121323 1.22855 0.230285 -0.00132181 1.23865 0.22 0.00950047 0.150307 0.0183488 0.000401899 0.0996818 0.00796044
0.000151973 1.22922 0.230333 -0.0013175 1.23965 0.22 0 0 0 0.000449617 0.0996997 0.00773116
0.000151973 1.22922 0.165954 -0.00131259 1.24065 0.22 0 0 0 0.000511201 0.099708 0.00761987
0.000151973 1.22922 0.176144 -0.00130712 1.24165 0.22 0 0 0 0.000554789 0.0997061 0.00764114
0.000301437 1.23406 0.18922 -0.00130142 1.24264 0.22 0.0316435 0.475779 1.0055 0.000573331 0.0997078 0.00761788
0.000328643 1.23741 0.200792 -0.00129559 1.24364 0.22 -0.0172943 0.207109 0.756745 0.000588991 0.0997127 0.00755191
0.000222467 1.23865 0.209815 -0.00128937 1.24464 0.22 -0.0225509 -0.109524 0.464574 0.00062879 0.0997106 0.00757572
1.4838e-05 1.23796 0.214434 -0.00128309 1.24563 0.22 0.0134379 0.156739 0.180829 0.000624992 0.0997045 0.00765598
4.43942e-05 1.24112 0.215951 -0.00127575 1.24683 0.22 -0.0108005 0.203288 0.160955 0.000616844 0.0996552 0.00827434
-8.55708e-05 1.24172 0.217656 -0.0012696 1.24783 0.22 -0.00200248 0.0320813 0.136016 0.000603379 0.0996231 0.0086532
-0.000197525 1.24278 0.21925 -0.00126418 1.24882 0.22 -0.0240176 0.108174 0.153269 0.00052384 0.0996241 0.00864673
-0.000568336 1.24406 0.219398 -0.00125895 1.24982 0.22 -0.0374655 0.11273 -0.0525198 0.000528025 0.0996396 0.00846539
-0.000780078 1.24418 0.218508 -0.00125322 1.25082 0.22 -0.014372 -0.0603469 -0.0793671 0.000585614 0.099684 0.00792194
-0.000829194 1.24443 0.217954 -0.00124656 1.25181 0.22 0.00598557 0.056432 -0.0389209 0.000685506 0.0997421 0.00714482
-0.000713931 1.24485 0.217644 -0.00123824 1.25281 0.22 0.00975036 0.0211931 -0.0109261 0.00087139 0.0997902 0.00641582
-0.000554828 1.24531 0.217329 -0.00122926 1.25381 0.22 0.0150568 0.0838202 -0.0237161 0.000902238 0.0998126 0.0060528
-0.000413439 1.24644 0.217209 -0.00122032 1.25481 0.22 0.0183969 0.123117 -0.00521294 0.000888208 0.0998212 0.00591018
-0.000238494 1.2475 0.217394 -0.00121211 1.2558 0.22 0.014158 0.0966992 0.0309537 0.000813485 0.0998271 0.0058209
-4.07849e-05 1.2489 0.217937 -0.00120506 1.2568 0.22 0.0287539 0.16164 0.0797684 0.000686534 0.0998292 0.00580132
0.000138006 1.25039 0.218697 -0.0011986 1.2578 0.22 0.0240702 0.165548 0.0751967 0.000627831 0.0998283 0.0058243
0.000215757 1.25178 0.219653 -0.00119247 1.2588 0.22 0.00535798 0.166006 0.083896 0.000609358 0.0998275 0.00583952
0.000219994 1.25344 0.220786 -0.00118625 1.2598 0.22 -0.0132114 0.168682 0.100098 0.000625605 0.0998274 0.00583888
0.00027731 1.25494 0.221926 -0.00117964 1.2608 0.22 0.00551196 0.144911 0.107773 0.000661591 0.0998256 0.00586642
0.000341578 1.25664 0.223115 -0.00117291 1.26179 0.22 0.0111365 0.180156 0.108651 0.000667439 0.0998185 0.00598454
0.000402014 1.25843 0.224298 -0.00116662 1.26279 0.22 0.00674396 0.184541 0.112647 0.000611909 0.099812 0.00609864
0.000459919 1.26017 0.225425 -0.00116106 1.26379 0.22 0.00245663 0.204828 0.0956214 0.000545047 0.0998528 0.00539695
0.000490812 1.26187 0.22651 -0.00115577 1.26479 0.22 -0.000780748 0.157431 0.0794496 0.000531855 0.0998417 0.00559959
0.000500967 1.26347 0.227449 -0.00114987 1.26579 0.22 0.00328786 0.167082 0.0885805 0.00062277 0.0998239 0.00589844
0.000616158 1.26508 0.228454 -0.0011431 1.26679 0.22 0.00801915 0.14399 0.0865421 0.000697063 0.0998143 0.00605094
0.000748366 1.26644 0.229334 -0.00113557 1.26778 0.22 0.00785794 0.168233 0.0762305 0.000756337 0.099788 0.00646397
0.000827573 1.268 0.230094 -0.00112803 1.26878 0.22 0.0103881 0.153929 0.0636506 0.000748209 0.0997756 0.00665333
0.000899058 1.26921 0.23075 -0.00112109 1.26978 0.22 -0.00715856 0.10294 0.0616683 0.000672152 0.0997647 0.0068235
0.00087324 1.27033 0.23127 -0.0011147 1.27078 0.22 -0.00719291 0.132766 0.0589315 0.000629735 0.0997569 0.00694005
0.000857859 1.27154 0.231789 -0.00110815 1.27177 0.22 -0.00610673 0.0856393 0.0267258 0.000671734 0.0997504 0.00702919
0.000890674 1.27257 0.232093 -0.00110003 1.27277 0.22 0.00583871 0.0991931 0.0294946 0.00082422 0.099739 0.00717265
0.000961495 1.2738 0.232402 -0.00108805 1.27397 0.22 0.00255934 0.0863102 0.0255757 0.00102371 0.0997233 0.00736368
0.000982517 1.27455 0.232574 -0.00107948 1.27477 0.22 0.00163943 0.0922724 -0.0024604 0.00107272 0.0997135 0.00748729
0.000962812 1.27545 0.232719 -0.00106692 1.27596 0.22 0 0 0 0.00102601 0.099704 0.00761905
0.000962812 1.27545 0.159736 -0.00105711 1.27696 0.22 0 0 0 0.000954422 0.0997046 0.00762082
0.000962812 1.27545 0.167965 -0.00104806 1.27796 0.22 0 0 0 0.000897552 0.0997012 0.00767263
0.00103958 1.27553 0.178672 -0.00103968 1.27895 0.22 0.0207129 0.0291458 0.845596 0.000835413 0.0996946 0.00776418
0.00114084 1.27661 0.190559 -0.00103187 1.27995 0.22 0.00795662 0.168645 0.884212 0.000768957 0.0996835 0.00791228
0.00124203 1.27845 0.201607 -0.00102477 1.28095 0.22 0.0122897 0.189441 0.771531 0.000688143 0.0996707 0.00807961
0.00112229 1.28 0.210043 -0.00101864 1.28194 0.22 -0.0187498 0.134066 0.539399 0.000569946 0.0996659 0.0081474
0.000706702 1.27973 0.213667 -0.00101368 1.28294 0.22 -0.0360702 -0.154434 0.139032 0.000484179 0.099677 0.00801683
0.00059949 1.27993 0.214026 -0.00101052 1.28394 0.22 -0.0137499 0.12784 -0.0733983 0.000281087 0.0997295 0.00734462
0.000596828 1.28117 0.21264 -0.00100812 1.28494 0.22 0.00796354 0.14539 -0.0700918 0.000223591 0.0997458 0.00712222
0.00076727 1.28243 0.212009 -0.00100588 1.28593 0.22 0.00919689 0.131546 -0.0197907 0.000233492 0.0997328 0.00730123
0.000820322 1.28395 0.211787 -0.00100255 1.28693 0.22 -0.000114329 0.154555 -0.0129274 0.000357231 0.0996724 0.00807936
0.000697799 1.28512 0.211402 -0.000997639 1.28793 0.22 -0.0227453 0.112651 -0.0146911 0.000513508 0.099606 0.00885332
0.000620439 1.28633 0.211349 -0.000991167 1.28892 0.22 -0.00155924 0.0926243 -0.00437699 0.00069446 0.099534 0.0096173
0.00047111 1.28705 0.211461 -0.000983606 1.28992 0.22 -0.0125012 0.0668763 0.0104749 0.000777137 0.0995104 0.00985251
0.000323187 1.28771 0.211521 -0.000974962 1.29091 0.22 -0.0111984 0.0628126 0.0192625 0.000867227 0.0994939 0.0100103
0.000282524 1.28831 0.211876 -0.000965898 1.29191 0.22 -0.00154877 0.0348971 0.0541746 0.000903762 0.099492 0.0100264
0.000302193 1.2887 0.212578 -0.000957081 1.2929 0.22 -0.00427001 0.0303246 0.069194 0.000869492 0.0994966 0.00998331
0.000365624 1.28927 0.213594 -0.00094874 1.2939 0.22 0.00461356 0.0855887 0.0941395 0.000812666 0.0994919 0.0100347
0.000461216 1.28993 0.214807 -0.000940992 1.29489 0.22 0.00764178 0.0624559 0.118956 0.000770075 0.0994779 0.0101761
0.000532014 1.29069 0.216278 -0.000933597 1.29589 0.22 0.00263999 0.065621 0.118196 0.000741536 0.0994475 0.0104715
0.000550162 1.2913 0.217745 -0.000926218 1.29688 0.22 0.000121716 0.0105366 0.114715 0.000737007 0.0993889 0.011014
0.000501501 1.29167 0.2191 -0.000918645 1.29787 0.22 -0.0106987 0.0437434 0.10568 0.000764173 0.0993625 0.0112477
0.000431748 1.29223 0.220268 -0.000910858 1.29887 0.22 -0.00340335 0.0464896 0.102431 0.000781215 0.099331 0.0115213
0.000376681 1.29277 0.221431 -0.000903064 1.29986 0.22 -0.0025 0.0399621 0.0942186 0.00077592 0.0993346 0.0114906
0.00035962 1.29326 0.222522 -0.000895413 1.30085 0.22 0.00404836 0.0799036 0.0914911 0.000752519 0.0993017 0.0117728
0.000356435 1.29403 0.223554 -0.000887839 1.30185 0.22 0.00922363 0.0740245 0.101248 0.000755078 0.0992863 0.0119019
0.000372056 1.29492 0.224702 -0.000879862 1.30284 0.22 0.00185605 0.0961205 0.0984142 0.000807462 0.0992901 0.0118673
0.000365912 1.29593 0.225731 -0.000871159 1.30383 0.22 -0.00799924 0.105836 0.081185 0.000881007 0.0992831 0.0119203
0.000332781 1.29697 0.226611 -0.000861884 1.30482 0.22 -0.0029444 0.104759 0.0747916 0.000939065 0.0992682 0.0120392
0.00029472 1.29841 0.227495 -0.000850549 1.30602 0.22 -0.00604534 0.112757 0.066832 0.000940849 0.0992584 0.0121199
0.000278775 1.29962 0.228128 -0.000841242 1.30701 0.22 0.000492423 0.109281 0.052518 0.000927932 0.0992553 0.0121462
0.000267331 1.30075 0.228593 -0.000831804 1.308 0.22 -0.00485222 0.131711 0.0508215 0.000952782 0.0992363 0.0122984
0.00027323 1.30198 0.229039 -0.000821609 1.30899 0.22 0.00545342 0.125006 0.0363763 0.00103522 0.0992331 0.0123175
0.000316428 1.30315 0.229396 -0.000810241 1.30999 0.22 0.00163026 0.115835 0.0292524 0.00115547 0.0992287 0.0123423
0.000363329 1.30457 0.229726 -0.000797839 1.31098 0.22 0.00366391 0.146525 0.0438332 0.00126271 0.0992042 0.0125271
0.000379737 1.30589 0.229924 -0.000785052 1.31197 0.22 0.00242191 0.132705 0.017369 0.00128165 0.0991999 0.0125592
0.000398515 1.30666 0.230085 -0.00077229 1.31296 0.22 0 0 0 0.00127296 0.0991936 0.0126096
0.000398515 1.30666 0.163756 -0.000759949 1.31395 0.22 0 0 0 0.00122592 0.0991913 0.0126329
0.000398515 1.30666 0.17246 -0.000748237 1.31495 0.22 0 0 0 0.00116078 0.0991943 0.0126155
0.000628809 1.30922 0.18456 -0.000736928 1.31594 0.22 0.0415524 0.47472 1.06796 0.00112133 0.0991983 0.0125877
0.000819446 1.31355 0.197203 -0.000725935 1.31693 0.22 0.0148919 0.329587 0.920335 0.00109433 0.0992127 0.0124759
0.000705216 1.31527 0.206739 -0.000714834 1.31792 0.22 -0.0116376 0.0922188 0.688704 0.00111527 0.0992167 0.0124421
0.000667992 1.31565 0.215283 -0.000703248 1.31891 0.22 -0.00479031 -0.0263439 0.639749 0.0011574 0.0991975 0.0125905
0.000699709 1.31598 0.222534 -0.000691548 1.31991 0.22 -0.032562 -0.0273467 0.293494 0.00116996 0.0991766 0.0127526
0.000656132 1.31842 0.225233 -0.000680122 1.3209 0.22 0.0135574 0.501753 0.104315 0.00112838 0.0991587 0.0128948
0.000787317 1.32126 0.225025 -0.000669045 1.32189 0.22 0.0236 0.0352373 -0.0355474 0.00110926 0.0991302 0.013114
0.000817462 1.32151 0.224053 -0.000658187 1.32288 0.22 -0.0065534 0.103269 -0.0635391 0.00107685 0.0991871 0.0126789
0.000719485 1.32259 0.223003 -0.000647459 1.32387 0.22 -0.0169376 -0.00532415 -0.0790221 0.0010741 0.0992443 0.0122233
0.000518855 1.32223 0.22194 -0.000636477 1.32487 0.22 -0.019402 0.00903763 -0.0816509 0.00110482 0.099325 0.011547
0.000400715 1.32291 0.220923 -0.000625165 1.32586 0.22 0.000593166 0.100883 -0.0551499 0.00113554 0.0993975 0.0109014
0.000394389 1.32334 0.220207 -0.00061364 1.32685 0.22 -0.0057752 -0.00691146 -0.051742 0.00115377 0.0994584 0.0103297
0.000411133 1.32386 0.219659 -0.000602285 1.32785 0.22 0.00163492 0.105555 -0.0287135 0.00111589 0.0994808 0.0101157
0.000429202 1.32476 0.219336 -0.00059165 1.32884 0.22 0.0112916 0.0808163 -0.00701936 0.00104195 0.0994896 0.010037
0.000512597 1.32559 0.219413 -0.000582323 1.32984 0.22 0.00659108 0.0719109 0.0195962 0.00090004 0.0994936 0.0100106
0.000583145 1.32651 0.219861 -0.000572322 1.33103 0.22 0.00771315 0.0783941 0.0703008 0.000809715 0.0994957 0.00999743
0.000667092 1.3273 0.220599 -0.000564698 1.33203 0.22 0.00530605 0.077606 0.0705869 0.000756269 0.0995 0.00995905
0.000736922 1.32821 0.221516 -0.000557319 1.33302 0.22 0.00741771 0.102405 0.0936198 0.000738103 0.0995113 0.00984642
0.000817558 1.32927 0.222617 -0.000549805 1.33402 0.22 0.00323774 0.0791607 0.116077 0.000764019 0.0995334 0.00961872
0.000914124 1.33032 0.223716 -0.000542019 1.33501 0.22 0.00400907 0.127669 0.0995967 0.000786234 0.0995352 0.00959849
0.00101813 1.3317 0.224685 -0.000534085 1.33601 0.22 0.0143706 0.120503 0.105375 0.000793239 0.0995303 0.00964804
0.00111607 1.33318 0.225702 -0.000526329 1.337 0.22 0.00457203 0.168207 0.0984478 0.00077383 0.0995161 0.00979504
0.00121811 1.33461 0.226629 -0.00051858 1.338 0.22 0.0137149 0.123941 0.0956006 0.000775637 0.0995437 0.00951079
0.00131214 1.33614 0.227582 -0.000510618 1.33899 0.22 0.00759119 0.14427 0.102413 0.000813351 0.0995469 0.009474
0.00142721 1.33749 0.228489 -0.000501892 1.33999 0.22 0.0224481 0.130146 0.0875124 0.000890356 0.0995239 0.00970568
0.00157988 1.33879 0.229377 -0.000492343 1.34098 0.22 0.0176985 0.157406 0.0840217 0.00095912 0.0995096 0.00984489
0.00177345 1.34 0.230194 -0.000482034 1.34198 0.22 0.020811 0.0919835 0.0738264 0.00103121 0.099489 0.0100435
0.00197928 1.34108 0.230982 -0.000471808 1.34297 0.22 0.02218 0.133134 0.0730158 0.00101565 0.0994794 0.0101397
0.00213583 1.34208 0.231677 -0.000462117 1.34397 0.22 0.0160292 0.117097 0.0689884 0.000960247 0.0994765 0.010174
0.0021839 1.34308 0.232337 -0.000452739 1.34496 0.22 -0.00274583 0.0808761 0.0604241 0.000937971 0.099477 0.0101711
0.0022589 1.34422 0.232776 -0.000442685 1.34596 0.22 0.00753231 0.123845 0.0403596 0.00105161 0.0994701 0.0102275
0.00241656 1.3452 0.233151 -0.000431265 1.34695 0.22 0.0182955 0.0603384 0.0443518 0.00117638 0.0994603 0.0103084
0.00256685 1.34605 0.233428 -0.00041812 1.34795 0.22 0.00465073 0.0947516 0.0179369 0.00131634 0.0994482 0.0104083
0.00259787 1.34698 0.233624 -0.000404425 1.34894 0.22 -0.000488596 0.107254 0.0178266 0.00137365 0.0994408 0.0104712
0.00260466 1.34738 0.233745 -0.000390753 1.34994 0.22 0 0 0 0.00135776 0.099426 0.0106123
0.00260466 1.34738 0.163596 -0.000377562 1.35093 0.22 0 0 0 0.00129512 0.099421 0.0106675
0.00260466 1.34738 0.173173 -0.000365079 1.35192 0.22 0 0 0 0.00123604 0.0994173 0.010709
0.00281894 1.34832 0.184792 -0.000353341 1.35292 0.22 0.0124045 0.246262 0.868174 0.0011738 0.099408 0.0108014
0.00294819 1.35163 0.194462 -0.000342198 1.35391 0.22 0.000163577 0.337526 0.573483 0.0010985 0.0993917 0.0109582
0.00291033 1.35375 0.200811 -0.000331912 1.35491 0.22 -0.00425182 0.0567353 0.434232 0.00100238 0.0994139 0.0107648
0.00276312 1.35326 0.205229 -0.000321167 1.3561 0.22 -0.0135731 -0.106227 0.175667 0.000840562 0.0995483 0.00945635
0.00273596 1.35352 0.206619 -0.000313143 1.3571 0.22 -0.0273827 0.0699861 0.0323503 0.000793063 0.0996337 0.00851467
0.00255298 1.35501 0.206788 -0.000305145 1.35809 0.22 0.00893984 0.1813 0.0546023 0.000804844 0.0996428 0.00840576
0.00272037 1.3569 0.207065 -0.000295923 1.35909 0.22 0.018943 0.174071 0.0425353 0.000925182 0.099584 0.00906498
0.00290526 1.35842 0.207219 -0.000284849 1.36008 0.22 0.00883829 0.11117 -0.000691001 0.00115942 0.0994254 0.0106417
0.00291526 1.35982 0.20653 -0.000271298 1.36108 0.22 -0.00344301 0.181624 -0.0596131 0.00142151 0.0993121 0.0116226
0.00291488 1.36134 0.205459 -0.000254904 1.36207 0.22 -0.0106452 0.0865302 -0.0654698 0.00169329 0.09925 0.0121065
0.0027268 1.36187 0.204948 -0.000236484 1.36306 0.22 -0.0190096 0.0473755 -0.00843942 0.00186015 0.0992318 0.0122306
0.00246626 1.36236 0.204733 -0.000215992 1.36405 0.22 -0.0319149 0.04157 -0.0111787 0.00206764 0.0992276 0.0122311
0.00204043 1.36277 0.204614 -0.000194757 1.36505 0.22 -0.0431507 0.0418054 0.006756 0.00212929 0.0992219 0.0122668
0.00160164 1.36324 0.204806 -0.00017368 1.36604 0.22 -0.0369913 0.046955 0.0456969 0.00209409 0.0992185 0.0123006
0.00133314 1.36388 0.205359 -0.00015357 1.36703 0.22 -0.0155913 0.0614602 0.0490967 0.00198436 0.0992012 0.0124575
0.00120557 1.3643 0.206039 -0.000135406 1.36802 0.22 -0.0164239 0.0613737 0.0733734 0.00173855 0.0991727 0.0127179
0.0010394 1.36456 0.207088 -0.000119298 1.36901 0.22 -0.0294351 0.0148803 0.0956301 0.001528 0.0991534 0.0128947
0.000790562 1.36463 0.208381 -0.000105101 1.37001 0.22 -0.0252351 0.0168115 0.0938992 0.00138152 0.0991439 0.0129838
0.000554202 1.36465 0.209583 -9.27992e-05 1.371 0.22 -0.0137649 0.00813228 0.108122 0.00120466 0.0991402 0.0130297
0.000488518 1.36468 0.210869 -8.22615e-05 1.37199 0.22 -0.00353104 0.00464646 0.116923 0.0010338 0.0991578 0.0129095
0.000533996 1.36484 0.212279 -7.23e-05 1.37298 0.22 0.00268111 0.020652 0.103727 0.000987141 0.0991855 0.0126992
0.000589812 1.36512 0.213728 -6.2036e-05 1.37397 0.22 -0.00204823 0.0419892 0.121193 0.00106102 0.0992129 0.0124767
0.000578067 1.36551 0.215239 -5.03863e-05 1.37496 0.22 -0.000614628 0.071673 0.131341 0.00118375 0.0992272 0.0123516
0.000574081 1.36606 0.216867 -3.66613e-05 1.37596 0.22 -0.00859069 0.0569975 0.140836 0.00139446 0.0992347 0.0122687
0.000472051 1.36678 0.218529 -2.16862e-05 1.37695 0.22 -0.00705838 0.0954846 0.128122 0.00152908 0.0992305 0.0122868
0.000386529 1.36776 0.219958 -5.62192e-06 1.37794 0.22 -0.015729 0.0991055 0.111349 0.00162185 0.0992254 0.0123161
0.000296161 1.3687 0.221273 1.10517e-05 1.37893 0.22 -0.00423172 0.089006 0.114451 0.00167593 0.099223 0.0123286
0.000240457 1.36968 0.222603 2.75197e-05 1.37992 0.22 0.0023718 0.108239 0.101765 0.00163674 0.0991227 0.0131152
0.00023955 1.37091 0.223652 4.35968e-05 1.38092 0.22 -0.00595568 0.128091 0.0855561 0.00159129 0.0991222 0.0131247
0.000183844 1.37196 0.224589 5.88466e-05 1.38191 0.22 -0.0013561 0.0661516 0.0544536 0.00150899 0.0991219 0.0131364
0.000206921 1.37339 0.225639 7.6389e-05 1.3831 0.22 0.0084532 0.13121 0.062443 0.0014563 0.0991365 0.0130319
0.00028966 1.37483 0.226204 9.11771e-05 1.38409 0.22 0.0139385 0.147841 0.0618331 0.00148887 0.0991459 0.0129565
0.000389325 1.37604 0.226735 0.000106439 1.38508 0.22 0.0104117 0.125572 0.0448718 0.0015347 0.0991478 0.012937
0.000527208 1.37735 0.227204 0.000122022 1.38607 0.22 0 0 0 0.00156272 0.099141 0.0129857
0.000527208 1.37735 0.162255 0.000137647 1.38706 0.22 0 0 0 0.00156077 0.0991335 0.0130425
0.000527208 1.37735 0.17035 0.000153117 1.38805 0.22 0 0 0 0.00154308 0.0991272 0.0130924
0.000708436 1.3792 0.182122 0.000168434 1.38905 0.22 0.0382143 0.482851 1.07534 0.00153032 0.0991256 0.0131061
0.00095355 1.38422 0.195055 0.000183555 1.39004 0.22 0.0162152 0.393292 0.963055 0.00150437 0.0991374 0.0130197
0.00089679 1.38704 0.204917 0.000198701 1.39103 0.22 -0.00312358 0.197218 0.720857 0.00152632 0.0991365 0.0130239
0.000850042 1.38772 0.213676 0.000214005 1.39202 0.22 -0.0154344 -0.0212937 0.650096 0.00152895 0.0991272 0.0130945
0.000984404 1.38833 0.221468 0.000229283 1.39301 0.22 0.0268511 0.0912965 0.502456 0.00152795 0.0991102 0.0132223
0.00111364 1.39017 0.225502 0.000244119 1.394 0.22 0.00574873 0.399281 0.252961 0.00146172 0.0990961 0.0133355
0.000915324 1.39262 0.226606 0.000258639 1.39499 0.22 -0.0258518 0.0592853 0.0302615 0.00145795 0.0990569 0.0136233
0.000669748 1.3931 0.225693 0.00027311 1.39598 0.22 -0.0205405 0.143065 -0.0963205 0.00144006 0.099045 0.0137119
0.000524786 1.39436 0.224323 0.000287061 1.39697 0.22 -0.021721 0.0301874 -0.0716389 0.00138208 0.0990945 0.0133556
0.000358953 1.39419 0.223407 0.000300553 1.39797 0.22 -0.0109083 -0.0299189 -0.0639801 0.00134179 0.0992086 0.0124843
0.000276302 1.39425 0.222728 0.0003138 1.39896 0.22 0.00277909 0.043794 -0.0688702 0.00131449 0.0992842 0.0118711
0.000322766 1.39464 0.222025 0.00032655 1.39995 0.22 0.0026938 0.0199101 -0.0307489 0.00126181 0.0993629 0.0111992
0.000407047 1.39507 0.221669 0.00033866 1.40095 0.22 0.0202694 0.0965332 -0.017551 0.00120013 0.0994124 0.0107583
0.000539444 1.39615 0.221318 0.000349993 1.40194 0.22 0.00872828 0.104283 0.00469785 0.00111595 0.0994391 0.0105179
0.000613848 1.39713 0.221446 0.000360386 1.40293 0.22 0.0132041 0.0982599 0.0409866 0.00101047 0.0994482 0.0104422
0.000700508 1.39817 0.221798 0.000370049 1.40393 0.22 0.0130158 0.130828 0.0728152 0.000949889 0.0994525 0.0104067
0.000799344 1.3994 0.222422 0.00037872 1.40492 0.22 0.00842588 0.111694 0.0789029 0.000862052 0.0994635 0.0103084
0.000909604 1.40042 0.223328 0.000386633 1.40592 0.22 0.00781683 0.139119 0.0842727 0.000780526 0.0994806 0.0101491
0.000990734 1.40161 0.22425 0.000393957 1.40691 0.22 0.0171339 0.146901 0.086929 0.00072196 0.0995031 0.00993039
0.00114957 1.40294 0.225176 0.000401088 1.40791 0.22 0.0186046 0.134424 0.0870071 0.000712362 0.0995135 0.0098267
0.0013036 1.4045 0.226106 0.000408336 1.4089 0.22 0.0211227 0.139615 0.101128 0.000730154 0.0995143 0.00981654
0.001536 1.40603 0.22697 0.00041608 1.4099 0.22 0.0277499 0.159392 0.0821976 0.000777661 0.0995055 0.00990171
0.00180155 1.40764 0.22777 0.00042439 1.41089 0.22 0.0168276 0.171146 0.0747417 0.000829446 0.099501 0.00994325
0.00202351 1.40919 0.228591 0.000432435 1.41189 0.22 0.0133874 0.145626 0.104654 0.000791863 0.0994837 0.0101176
0.00217899 1.41103 0.229661 0.000441468 1.41308 0.22 0.0129861 0.138525 0.0970077 0.000722382 0.0995015 0.00994684
0.0022751 1.41234 0.230498 0.000448494 1.41408 0.22 0.0127699 0.139771 0.0797884 0.000702171 0.0994965 0.00999759
0.00240683 1.41366 0.231285 0.000455931 1.41507 0.22 0.0158846 0.139748 0.0712025 0.000753301 0.0994921 0.0100375
0.00255858 1.41486 0.231976 0.000464475 1.41607 0.22 0.0112694 0.0866382 0.0670584 0.000855834 0.0994876 0.0100736
0.00273242 1.41598 0.232537 0.000473972 1.41706 0.22 0.0130206 0.142128 0.0551544 0.000955761 0.0994791 0.0101484
0.00280738 1.41722 0.233114 0.000483407 1.41806 0.22 0.000635116 0.142064 0.0600074 0.00093453 0.0994803 0.0101391
0.00283157 1.4181 0.233562 0.000492299 1.41905 0.22 0.00215301 0.0869256 0.0632426 0.000875416 0.0994787 0.0101597
0.00280222 1.41917 0.233871 0.000500521 1.42005 0.22 0.00701646 0.101289 0.0320339 0.000818781 0.099479 0.0101615
0.00278229 1.4203 0.2341 0.000508304 1.42104 0.22 -0.00158035 0.124356 0.0408802 0.000783576 0.099473 0.0102231
0.00278747 1.4213 0.234167 0.000516471 1.42204 0.22 0.00178443 0.0928479 0.00756669 0.000829736 0.0994648 0.0102985
0.00281242 1.42199 0.234228 0.000525525 1.42303 0.22 0 0 0 0.000920619 0.099455 0.010385
0.00281242 1.42199 0.160313 0.000535546 1.42402 0.22 0 0 0 0.00101714 0.0994482 0.0104414
0.00281242 1.42199 0.168609 0.000546524 1.42502 0.22 0 0 0 0.00111896 0.0994314 0.0105895
0.00295473 1.42243 0.179479 0.000557935 1.42601 0.22 0.0257487 0.149351 0.89797 0.00114814 0.0994294 0.0106057
0.00312842 1.42446 0.190957 0.000569494 1.42701 0.22 0.0171319 0.313839 0.73253 0.0011477 0.0994252 0.0106451
0.00278414 1.4276 0.198716 0.000580249 1.428 0.22 -0.0385671 0.17981 0.504343 0.0010695 0.0994204 0.0106978
0.00242067 1.42849 0.204684 0.000589552 1.429 0.22 -0.0318833 0.024773 0.410386 0.00088644 0.0994919 0.0100289
0.00217268 1.42793 0.20821 0.000596924 1.42999 0.22 0.00366069 -0.00588706 0.186626 0.000690755 0.0995957 0.00895704
0.00225276 1.42878 0.209154 0.00060298 1.43099 0.22 -0.0121892 0.164697 -0.0250125 0.000561492 0.0996768 0.00801365
0.00211388 1.43072 0.209282 0.000607637 1.43199 0.22 -0.0033901 0.25147 0.0707342 0.000452539 0.0996896 0.00785944
0.00192127 1.43353 0.209985 0.000611319 1.43298 0.22 -0.0301992 0.259008 0.0671848 0.000368224 0.0995998 0.0089303
0.00160649 1.43554 0.210179 0.000614601 1.43398 0.22 -0.0326968 0.203125 -0.0180641 0.00031142 0.099446 0.0105071
0.00143816 1.43796 0.209471 0.000617065 1.43497 0.22 -0.00518416 0.234695 -0.0689932 0.000223922 0.0993136 0.0116944
0.0013088 1.43977 0.208392 0.000618738 1.43596 0.22 -0.0154804 0.112263 -0.0303395 0.000154298 0.0992278 0.0124024
0.00111187 1.44051 0.207797 0.000619753 1.43695 0.22 -0.0232162 0.0846162 -0.0282253 9.74683e-05 0.0992036 0.0125951
0.000962494 1.44126 0.207345 0.000620208 1.43795 0.22 -0.00946046 0.0038897 -0.0119175 4.60192e-05 0.0991847 0.0127437
0.00089887 1.44142 0.207254 0.00062067 1.43894 0.22 0.00696111 0.0141742 -0.000425942 4.84636e-05 0.0991634 0.012908
0.000855664 1.44189 0.207262 0.000621342 1.43993 0.22 -0.00343821 0.0665449 0.0122574 7.15045e-05 0.0991483 0.0130234
0.000828224 1.4423 0.207493 0.00062232 1.44092 0.22 0.00196799 0.0138384 0.0407473 0.000101937 0.0991274 0.0131814
0.000846854 1.44243 0.207997 0.000623445 1.44191 0.22 -0.00491555 -0.0195369 0.0380388 0.000112016 0.0990959 0.0134163
0.000869021 1.44239 0.208681 0.000624524 1.4429 0.22 0.0020777 -0.0463452 0.0697883 0.000105267 0.0990825 0.0135148
0.000862517 1.44204 0.209644 0.000625573 1.44389 0.22 0.000469184 -0.0253051 0.0725436 0.000106187 0.0990824 0.0135152
0.000902317 1.44181 0.210576 0.000627043 1.44488 0.22 0.000341743 -0.0497218 0.063284 0.000153555 0.0990923 0.0134424
0.000904637 1.44116 0.211799 0.000630214 1.44607 0.22 -0.00639405 -0.0535178 0.0777039 0.000284745 0.099125 0.0131968
0.00084336 1.44066 0.212956 0.000634104 1.44707 0.22 -0.0132869 -0.0327733 0.0920343 0.000402302 0.0991822 0.0127562
0.000766016 1.44027 0.214068 0.000638409 1.44806 0.22 -0.00504353 -0.0227611 0.0829457 0.000434762 0.0992311 0.0123693
0.000725102 1.44046 0.215289 0.000642612 1.44905 0.22 -0.00327066 0.03403 0.105962 0.000408331 0.0992785 0.0119839
0.000736762 1.44062 0.21687 0.000646326 1.45004 0.22 0.0102874 0.0308575 0.136015 0.000364889 0.0993017 0.0117911
0.000751972 1.44133 0.218502 0.000649353 1.45104 0.22 -0.00177849 0.0961084 0.134021 0.000295856 0.0993003 0.0118049
0.000795998 1.44219 0.219869 0.000652302 1.45203 0.22 0.000658677 0.0809993 0.123728 0.000301759 0.0992828 0.0119514
0.000783567 1.44292 0.22125 0.000655814 1.45302 0.22 0.000883089 0.0699993 0.110787 0.00037031 0.0992055 0.0125752
0.00075634 1.44375 0.222444 0.000659834 1.45401 0.22 -0.00609565 0.0697404 0.0875064 0.000407552 0.098979 0.0142474
0.000716227 1.44465 0.22338 0.000663964 1.455 0.22 -0.00487037 0.0761382 0.0861262 0.000399211 0.0989894 0.0141754
0.000767396 1.44551 0.224078 0.000667434 1.45599 0.22 0.0096406 0.0967923 0.0622687 0.000324115 0.0990172 0.0139818
0.000833784 1.44641 0.224666 0.000669689 1.45698 0.22 0.012051 0.0872919 0.0564271 0.000201818 0.099067 0.0136271
0.000846883 1.44773 0.225192 0.00067096 1.45797 0.22 -0.00205669 0.144502 0.052746 0.000118085 0.0991123 0.0132941
0.000879399 1.44916 0.225819 0.000671964 1.45896 0.22 0.000706038 0.147338 0.0609395 0.000104826 0.0991375 0.013105
0.00089577 1.44979 0.226409 0.000673125 1.45996 0.22 0 0 0 0.000136253 0.0991745 0.0128216
0.00089577 1.44979 0.166638 0.000674832 1.46095 0.22 0 0 0 0.000183468 0.0991602 0.0129315
0.00089577 1.44979 0.177107 0.00067726 1.46194 0.22 0 0 0 0.000245556 0.0991484 0.0130208
0.000989443 1.45493 0.19054 0.000680192 1.46293 0.22 0.0119853 0.461641 1.02437 0.00029741 0.0991528 0.0129856
0.000999634 1.45834 0.201612 0.000683412 1.46392 0.22 -0.00522362 0.27108 0.76752 0.000340479 0.0991619 0.0129154
0.000993354 1.45989 0.210769 0.000687286 1.46491 0.22 0.000422969 0.0298714 0.666177 0.000408289 0.099145 0.0130424
0.000976482 1.46057 0.218743 0.00069163 1.46591 0.22 0.0104865 0.334864 0.499324 0.000438103 0.0991325 0.0131361
0.000860323 1.46337 0.222702 0.000696447 1.4669 0.22 -0.0192147 0.1495 0.126226 0.000485029 0.0991182 0.0132418
0.000840502 1.46444 0.223746 0.000701491 1.46789 0.22 -0.00218028 0.0226771 -0.0255347 0.000490768 0.0991954 0.0126503
0.000760404 1.46497 0.222594 0.000705912 1.46888 0.22 -0.017092 0.139792 -0.0428169 0.000425306 0.099311 0.0117107
0.000658644 1.46589 0.221954 0.000709862 1.46987 0.22 -0.00926108 0.0304687 -0.069773 0.000391612 0.0993822 0.011092
0.00061149 1.46656 0.220945 0.000713781 1.47087 0.22 0.0119556 0.125034 -0.0515594 0.000392512 0.0994088 0.0108506
0.000749994 1.46812 0.220171 0.000717469 1.47186 0.22 0.0126332 0.150538 -0.0301222 0.000365693 0.0994402 0.0105604
0.000877635 1.46902 0.219718 0.000721081 1.47286 0.22 0.011751 0.0560977 -0.0114081 0.000360022 0.0994555 0.0104151
0.00094127 1.47016 0.21962 0.000724578 1.47385 0.22 0.00205588 0.179653 0.0200067 0.000347498 0.0994713 0.0102633
0.000990543 1.47146 0.219725 0.000727873 1.47485 0.22 0.0126406 0.0905106 0.0344844 0.00032546 0.0994921 0.0100608
0.00109868 1.47237 0.220131 0.00073067 1.47584 0.22 0.0139452 0.125103 0.0623562 0.000259544 0.0995284 0.00969646
0.00120042 1.47404 0.220936 0.000733218 1.47704 0.22 0.00893591 0.132379 0.0846837 0.000194481 0.0995586 0.00938299
0.00129155 1.47506 0.221683 0.000734729 1.47803 0.22 0.0141367 0.117547 0.0650828 0.000135675 0.0995838 0.00911276
0.00135976 1.4768 0.222423 0.000735809 1.47903 0.22 0.012427 0.165576 0.0782205 9.77472e-05 0.0995953 0.0089873
0.00144375 1.47819 0.223253 0.000736356 1.48003 0.22 0.00435414 0.124927 0.0809004 5.34495e-05 0.0996043 0.008887
0.00155204 1.47993 0.224028 0.000736571 1.48102 0.22 0.00780994 0.17785 0.0852316 2.03766e-05 0.0996066 0.00886094
0.0016249 1.48153 0.224885 0.000736613 1.48202 0.22 0.00330387 0.146002 0.0826324 3.32704e-06 0.0996463 0.00840326
0.00170173 1.48297 0.225791 0.000736617 1.48301 0.22 0.0117774 0.160164 0.0858506 1.48693e-07 0.0996457 0.00841041
0.00175485 1.48438 0.226693 0.000736671 1.48401 0.22 0.00434696 0.165584 0.0777655 6.86249e-06 0.0996492 0.00836867
0.00181348 1.48579 0.227556 0.000736966 1.48501 0.22 0.00694614 0.148116 0.0789244 3.21686e-05 0.0996891 0.00787986
0.00187613 1.4872 0.228302 0.000737401 1.486 0.22 0.00585214 0.1426 0.0773924 4.35879e-05 0.0996909 0.00785644
0.0018923 1.4885 0.228954 0.000737819 1.487 0.22 0.00132552 0.135492 0.0563141 4.07768e-05 0.0996879 0.00789481
0.0018995 1.48992 0.229454 0.000738322 1.488 0.22 0.00140412 0.143429 0.0562828 5.57496e-05 0.0996816 0.00797401
0.00189331 1.49099 0.230069 0.00073915 1.48899 0.22 -0.00104289 0.0982938 0.0554333 8.67668e-05 0.0997236 0.00742965
0.00196557 1.49207 0.230562 0.000740632 1.48999 0.22 0.00682245 0.117628 0.0416456 0.000161918 0.0997351 0.0072719
0.00202107 1.49306 0.231095 0.000742625 1.49099 0.22 0.0110947 0.086364 0.0549807 0.000206183 0.0997389 0.00721885
0.00204488 1.49388 0.231463 0.00074477 1.49199 0.22 -0.000682135 0.145769 0.0165307 0.000213577 0.0997401 0.0072019
0.00204092 1.49498 0.23166 0.000746723 1.49298 0.22 -0.0109107 0.0893658 0.0445646 0.000189787 0.0997366 0.00725081
0.00197771 1.49583 0.231915 0.000748333 1.49398 0.22 -0.0115063 0.0862047 0.0105245 0.000154132 0.0997313 0.00732485
0.00188531 1.49678 0.232054 0.000749946 1.49498 0.22 -0.0126703 0.0845612 0.0162365 0.000166953 0.099728 0.0073693
0.00180603 1.49757 0.232107 0.000752153 1.49598 0.22 0.000799682 0.0926899 0.0134384 0.000226092 0.0997487 0.0070809
0.00180603 1.49757 0.232176 0.000755402 1.49697 0.22 0 0 0 0.000330379 0.0997439 0.00714482
0.00180603 1.49757 0.163496 0.000759549 1.49797 0.22 0 0 0 0.000436257 0.0997435 0.0071441
0.00183105 1.4977 0.173678 0.000764264 1.49897 0.22 0.0115184 0.0630792 0.863206 0.000484867 0.0997517 0.00702551
0.00190564 1.49885 0.18587 0.000769228 1.49997 0.22 -0.0166586 0.168816 0.90134 0.000496371 0.0997493 0.00705911
0.00197379 1.5007 0.197586 0.000773915 1.50096 0.22 0.0215268 0.198564 0.796178 0.000463549 0.0997419 0.00716505
0.00202022 1.50339 0.206224 0.000777881 1.50196 0.22 -0.0106569 0.204829 0.563148 0.000384202 0.0997316 0.00731135
0.00193488 1.50414 0.212785 0.000781328 1.50296 0.22 -0.00174946 -0.0405583 0.229023 0.00032769 0.0997529 0.00701783
0.00178557 1.50231 0.211823 0.000783914 1.50396 0.22 -0.0116683 0.0269921 -0.101378 0.000240354 0.0998095 0.00616424
0.00174922 1.50403 0.210645 0.000786036 1.50495 0.22 0.0123946 0.302457 -0.039243 0.000213365 0.0998427 0.00560239
0.00183422 1.50596 0.210106 0.000788393 1.50595 0.22 0.0142809 0.0735097 -0.0444405 0.000243188 0.0998208 0.00597916
0.00190503 1.50703 0.209964 0.000791247 1.50695 0.22 -0.00513763 0.23275 0.00790717 0.000289975 0.0997543 0.00699979
0.00186883 1.50907 0.209496 0.000794241 1.50815 0.22 0.000138427 0.0893874 -0.0553357 0.000229347 0.0996557 0.0082883
0.00188583 1.50982 0.20889 0.000796436 1.50914 0.22 0.00567985 0.0978999 -0.0356186 0.000219851 0.0996132 0.00878455
0.00196867 1.51054 0.208829 0.000798803 1.51014 0.22 0.0102156 0.0360493 0.00684987 0.000242824 0.0996057 0.00886797
0.0020334 1.5107 0.208922 0.000801515 1.51114 0.22 0.00132207 0.0283954 0.00649335 0.000274894 0.0996144 0.00876956
0.00210169 1.51097 0.2093 0.000805071 1.51213 0.22 0.00742625 0.0385898 0.0445291 0.000366012 0.0996259 0.00863363
0.0021786 1.51127 0.209964 0.000809026 1.51313 0.22 0.0123119 0.0277354 0.0665335 0.000399623 0.099634 0.00853853
0.00218155 1.51175 0.210963 0.000813051 1.51412 0.22 0.0050743 0.0278492 0.080483 0.000400926 0.0996328 0.00855257
0.00215905 1.51206 0.212101 0.000816877 1.51512 0.22 -0.00297375 0.0170636 0.100264 0.000376445 0.0996299 0.00858716
0.00214746 1.51222 0.213488 0.000820451 1.51612 0.22 0.00548466 0.0393149 0.117342 0.000356153 0.099627 0.00862218
0.00208057 1.51258 0.214739 0.00082411 1.51711 0.22 -0.00928712 0.0298187 0.0966131 0.000371139 0.0996316 0.00856818
0.00202381 1.51282 0.216014 0.000828276 1.51811 0.22 -0.00395836 0.0225944 0.106516 0.00041956 0.0996378 0.0084933
0.00197986 1.51314 0.217435 0.000832731 1.51911 0.22 -0.00838704 0.0380191 0.112948 0.000448075 0.0996507 0.00833888
0.00190445 1.51347 0.218696 0.00083676 1.5201 0.22 0.00465984 0.0251548 0.106476 0.00038265 0.0995842 0.00910147
0.00191687 1.51394 0.220037 0.000840067 1.5211 0.22 0.0053966 0.0603476 0.109992 0.000300825 0.0996027 0.00890024
0.00195237 1.51447 0.221329 0.000842557 1.52209 0.22 0.00127737 0.0610721 0.111429 0.000218096 0.0995953 0.0089849
0.00194575 1.51501 0.222669 0.000844736 1.52309 0.22 -0.00236503 0.0731499 0.100623 0.000221722 0.0996068 0.00885677
0.00190723 1.51593 0.223807 0.000847815 1.52409 0.22 -0.00248523 0.109446 0.0938303 0.0003288 0.0996224 0.00867611
0.00187117 1.51705 0.224776 0.000851879 1.52508 0.22 -0.000142117 0.0936514 0.0868699 0.00042659 0.0996337 0.00854084
0.00181661 1.51804 0.225768 0.000856298 1.52608 0.22 -0.0173267 0.111403 0.0657634 0.000440326 0.099644 0.00841874
0.00174932 1.51924 0.226642 0.000860245 1.52708 0.22 0.000698493 0.135102 0.0793485 0.000378461 0.0996557 0.00828205
0.00176594 1.52047 0.22738 0.000863189 1.52807 0.22 -0.00131855 0.122767 0.0579819 0.00027152 0.0996659 0.0081634
0.00185341 1.522 0.228109 0.000865614 1.52927 0.22 0.0048707 0.140373 0.0557753 0.000194283 0.0996761 0.00803921
0.00188199 1.52342 0.228696 0.000867916 1.53027 0.22 -0.00517061 0.13604 0.0573824 0.000254304 0.0996857 0.00791755
0.00185742 1.52484 0.229192 0.000871503 1.53126 0.22 0.00120424 0.129463 0.0440135 0.000384752 0.0996885 0.00787756
0.00187285 1.52628 0.229526 0.000876139 1.53226 0.22 0.00876332 0.140526 0.0296474 0.00047761 0.0996892 0.00786326
0.00189103 1.52722 0.22981 0.00088124 1.53326 0.22 0 0 0 0.00051431 0.0996912 0.00783601
0.00189103 1.52722 0.164155 0.000886374 1.53425 0.22 0 0 0 0.000506644 0.0996967 0.00776647
0.00189103 1.52722 0.172869 0.000891312 1.53525 0.22 0 0 0 0.000489084 0.0997033 0.00768258
0.00195298 1.53004 0.184742 0.000896043 1.53625 0.22 0.0124853 0.503841 1.02704 0.000469917 0.0997086 0.00761352
0.00192534 1.53399 0.196836 0.000900668 1.53724 0.22 -0.0146275 0.242506 0.824185 0.000461772 0.099717 0.00750432
0.00178954 1.53622 0.206339 0.000905359 1.53824 0.22 -0.0044915 0.115728 0.696774 0.000468798 0.0997125 0.00756335
0.0018481 1.53641 0.215045 0.000909846 1.53924 0.22 0.00594414 0.0150249 0.632357 0.000437956 0.0997032 0.0076861
0.00172068 1.53647 0.220901 0.000914121 1.54024 0.22 0.000827926 0.123392 0.432702 0.000422153 0.0996949 0.00779394
0.00190401 1.5392 0.225029 0.000917752 1.54123 0.22 0.00351441 0.349751 0.147362 0.000360791 0.099675 0.0080479
0.00187481 1.541 0.224921 0.000921345 1.54223 0.22 0.0113768 -0.0291964 -0.145295 0.000363882 0.0996406 0.00846315
0.0018799 1.54086 0.223452 0.000925046 1.54322 0.22 -0.00935065 0.0493857 -0.06513 0.000367848 0.0996542 0.00830052
0.0018466 1.54157 0.222688 0.000928385 1.54422 0.22 -0.0051618 -0.0238094 -0.0496121 0.000315838 0.0997327 0.00730045
0.00186203 1.5405 0.222213 0.000931423 1.54522 0.22 0.00403369 -0.100372 -0.0635012 0.00030359 0.0997905 0.00646272
0.00190907 1.54043 0.221579 0.00093406 1.54622 0.22 0.00910941 0.0807776 -0.0311864 0.000257369 0.0998603 0.00527798
0.00200733 1.54097 0.221244 0.000936299 1.54722 0.22 0.0099871 0.0120574 -0.015974 0.000222949 0.0999093 0.00425279
0.0020909 1.54167 0.220956 0.000938339 1.54822 0.22 0.00977734 0.171878 -0.0160339 0.000197277 0.0999243 0.00388508
0.00212214 1.54334 0.220838 0.000940187 1.54922 0.22 -0.00468519 0.101405 0.027209 0.000183779 0.0999261 0.00383817
0.00211673 1.54459 0.221242 0.00094203 1.55021 0.22 -0.00223527 0.13627 0.0336192 0.000182656 0.0999222 0.00394031
0.00215322 1.5462 0.221941 0.000944187 1.55141 0.22 0.000127008 0.143441 0.0845748 0.000178891 0.0999234 0.00390915
0.00217948 1.54718 0.222741 0.000945564 1.55221 0.22 0.001004 0.120975 0.0840596 0.000172315 0.099929 0.00376415
0.00221554 1.54874 0.223948 0.000947543 1.55341 0.22 -0.00115485 0.153296 0.101582 0.000161586 0.0999394 0.00347774
0.00223511 1.55033 0.225056 0.000949093 1.55441 0.22 -0.00139761 0.156345 0.100829 0.000153102 0.0999456 0.00329503
0.0023036 1.55198 0.226075 0.000950577 1.55541 0.22 -7.22753e-05 0.18325 0.0924142 0.000147669 0.0999473 0.00324284
0.00239106 1.55402 0.227036 0.00095207 1.55641 0.22 0.00889293 0.211454 0.0807947 0.000148132 0.0999542 0.00302328
0.00245341 1.55564 0.228022 0.000953524 1.55741 0.22 0.00203728 0.163592 0.0904436 0.000141745 0.0999618 0.00275923
0.00250618 1.55743 0.228983 0.000954879 1.55841 0.22 0.00991187 0.204104 0.0861204 0.000133287 0.099959 0.00285872
0.00253296 1.55924 0.229973 0.000956118 1.55941 0.22 -0.000869554 0.127714 0.0900697 0.000123047 0.099956 0.00296203
0.00257779 1.56074 0.230837 0.000957311 1.56041 0.22 0.00641802 0.164229 0.0833609 0.000119455 0.0999529 0.00306542
0.00260066 1.56238 0.231533 0.000958586 1.56141 0.22 0.00659345 0.163775 0.0648227 0.000132352 0.0999489 0.00319281
0.00261079 1.56371 0.232329 0.00095999 1.56241 0.22 0.00193499 0.116131 0.07725 0.000143203 0.0999466 0.0032652
0.00263464 1.5651 0.232939 0.000961437 1.56341 0.22 -0.000799329 0.122057 0.0527195 0.00014494 0.0999463 0.00327278
0.00266852 1.56617 0.233494 0.000962833 1.56441 0.22 -0.000701844 0.0984578 0.0406305 0.00013791 0.0999471 0.00324852
0.002676 1.56741 0.233898 0.00096405 1.56541 0.22 0.000947604 0.124428 0.0426498 0.000119931 0.0999479 0.00322421
0.00263888 1.56844 0.234173 0.000965293 1.56641 0.22 -0.00838142 0.117659 0.019014 0.000128155 0.0999468 0.0032583
0.00261004 1.56963 0.234357 0.000966764 1.56741 0.22 -0.00359397 0.1221 0.0126754 0.000154041 0.0999452 0.00330687
0.00261431 1.57061 0.234469 0.000968529 1.56841 0.22 -0.00425062 0.0867283 0.0118021 0.000181506 0.0999424 0.00338926
0.00258748 1.57153 0.234494 0.000970499 1.5694 0.22 -0.00104406 0.102793 -0.0121942 0.000200413 0.0999417 0.00340894
0.00257319 1.57191 0.234383 0.000972514 1.5704 0.22 0 0 0 0.00020104 0.0999404 0.00344733
0.00257319 1.57191 0.164351 0.00097451 1.5714 0.22 0 0 0 0.000200074 0.0999405 0.00344291
0.00257319 1.57191 0.173784 0.000976592 1.5724 0.22 0 0 0 0.000210325 0.0999412 0.00342327
0.00250825 1.57246 0.185535 0.000978771 1.5734 0.22 0.00640049 0.131611 0.909269 0.000218409 0.0999412 0.00342058
0.00252121 1.57403 0.197549 0.000980865 1.5744 0.22 -0.00068294 0.173768 0.833122 0.000203465 0.0999404 0.00344606
0.00258653 1.57547 0.208413 0.000982779 1.5754 0.22 0.00619397 0.0477732 0.739787 0.000186412 0.0999391 0.00348413
0.00252562 1.57744 0.216462 0.000984364 1.5764 0.22 -0.0123139 0.18348 0.521591 0.000155958 0.0999392 0.00348252
0.00239924 1.57791 0.220512 0.000985753 1.5774 0.22 -0.0288251 -0.238774 -0.134589 0.000135836 0.099946 0.0032836
0.00201834 1.57714 0.218217 0.000986815 1.5784 0.22 -0.0131809 0.210322 -0.0998905 9.29483e-05 0.0999695 0.00246864
0.00202253 1.57969 0.217021 0.000987891 1.5794 0.22 0.0107095 0.175788 -0.0631773 0.000121052 0.0999709 0.00241038
0.00211669 1.58058 0.21622 0.000989501 1.5804 0.22 0.00306459 0.101369 -0.0376786 0.000170128 0.0999621 0.00274706
0.00211776 1.58243 0.215755 0.00099197 1.5814 0.22 -0.0132102 0.207349 -0.0760646 0.000244257 0.0999335 0.00363887
0.00198948 1.584 0.214959 0.000994385 1.5824 0.22 -0.00351147 0.0984896 -0.0471118 0.000239928 0.0998926 0.00462811
0.00192046 1.58492 0.214551 0.00099681 1.5834 0.22 -0.00214359 0.0837783 -0.005227 0.000242876 0.0998689 0.00511402
0.00193356 1.58554 0.214387 0.000999698 1.58459 0.22 0.00238693 0.0313606 -0.0109672 0.000238668 0.0998606 0.00527269
0.00195524 1.5859 0.214381 0.00100223 1.58559 0.22 0.00821007 0.0299181 0.00855464 0.000263593 0.0998612 0.00526012
0.00203261 1.58609 0.214539 0.00100509 1.58659 0.22 0.0059633 0.033965 0.0319103 0.000289964 0.0998651 0.00518471
0.00206558 1.58636 0.215069 0.00100824 1.58759 0.22 0.00440875 0.0402847 0.0564117 0.000313786 0.0998716 0.00505628
0.00206095 1.58668 0.215872 0.00101136 1.58859 0.22 -0.000615459 0.0246995 0.0791764 0.000305392 0.0998742 0.00500548
0.00202501 1.5871 0.216964 0.00101411 1.58959 0.22 -0.00297896 0.0568544 0.0941344 0.000263863 0.099871 0.0050707
0.00199792 1.58754 0.218165 0.00101626 1.59059 0.22 -0.00475652 0.00188199 0.0979637 0.000202684 0.0998616 0.00525523
0.00200858 1.58792 0.219397 0.00101801 1.59159 0.22 0.00152619 0.0438516 0.101772 0.000173062 0.0998682 0.00512878
0.00197436 1.58825 0.220575 0.00101997 1.59258 0.22 -0.00139532 0.0284144 0.0891517 0.0002061 0.0998643 0.00520311
0.00191014 1.58833 0.2217 0.00102248 1.59358 0.22 -0.00463363 0.0027284 0.0904484 0.000261808 0.0998651 0.00518552
0.00185494 1.58876 0.222697 0.00102534 1.59458 0.22 -0.00632952 0.0441682 0.0806178 0.000288017 0.0998691 0.00510676
0.00186123 1.58905 0.22368 0.00102805 1.59558 0.22 0.000548443 0.0277135 0.0799722 0.00026251 0.0998289 0.00584196
0.00189182 1.58968 0.224654 0.00103008 1.59658 0.22 0.005261 0.0770093 0.0788257 0.000183198 0.0998406 0.00564166
0.00190186 1.59034 0.225673 0.00103153 1.59758 0.22 0.00430934 0.0730771 0.0773867 0.000131677 0.0998354 0.00573333
0.00193868 1.59115 0.226555 0.0010328 1.59857 0.22 0.00198393 0.0639877 0.0644878 0.000128875 0.0998359 0.00572535
0.00194465 1.59206 0.227332 0.00103463 1.59957 0.22 0.00091861 0.099431 0.0514702 0.000190742 0.099836 0.00572123
0.00191875 1.59301 0.227867 0.00103741 1.60057 0.22 0.00263016 0.125802 0.0494562 0.000281031 0.0998382 0.00567854
0.00189402 1.59413 0.228361 0.00104054 1.60157 0.22 -0.00233883 0.109915 0.0445472 0.000310589 0.0998462 0.00553457
0.00187328 1.59517 0.228843 0.00104335 1.60257 0.22 -0.00237853 0.115404 0.0410462 0.000258402 0.0998511 0.00544844
0.00186665 1.59631 0.229279 0.00104531 1.60357 0.22 0.00266195 0.148895 0.0330092 0.00018551 0.0998545 0.00538938
0.00189947 1.59762 0.229644 0.00104617 1.60457 0.22 0.0117128 0.118214 0.0322139 8.68723e-05 0.0998561 0.0053624
0.00196779 1.59896 0.229947 0.00104638 1.60556 0.22 0.00518542 0.137672 0.0149368 1.78688e-05 0.0998548 0.0053861
0.00202549 1.60032 0.230144 0.00104664 1.60656 0.22 0.00327051 0.127057 0.0198644 3.36052e-05 0.0998532 0.00541616
0.00202549 1.60032 0.230289 0.00104752 1.60756 0.22 0 0 0 0.000104441 0.099853 0.0054193
0.00202549 1.60032 0.170473 0.00104899 1.60856 0.22 0 0 0 0.000159998 0.0998673 0.00514783
0.00206139 1.60111 0.181281 0.00105157 1.60956 0.22 0.00390445 0.453917 0.98321 0.000272317 0.0998837 0.00481439
0.00193044 1.60562 0.19404 0.0010548 1.61056 0.22 0.00323581 0.301046 0.88442 0.000333355 0.0998897 0.00468441
0.00177812 1.60815 0.204215 0.00105848 1.61156 0.22 -0.0101945 0.163506 0.707369 0.000373659 0.0998956 0.00455191
0.00178006 1.60901 0.213025 0.00106233 1.61256 0.22 -0.00743142 0.0958118 0.51696 0.000383359 0.0998913 0.00464533
0.0014654 1.61031 0.216959 0.00106633 1.61355 0.22 -0.0447008 0.12831 0.255732 0.000418114 0.0998814 0.00485097
0.00127324 1.6113 0.219281 0.00107054 1.61455 0.22 -0.00620147 0.0818389 -0.00281952 0.000411017 0.099888 0.00471424
0.00132022 1.61237 0.218103 0.00107461 1.61575 0.22 0.011675 0.0991445 -0.0437811 0.000309748 0.0999077 0.00428492
0.0013484 1.61254 0.21776 0.00107651 1.61675 0.22 0.00388196 0.0252652 -0.0430311 0.000181375 0.0999335 0.00364274
0.00140401 1.61301 0.217039 0.00107775 1.61775 0.22 0.0137763 0.057647 -0.0374801 0.000116246 0.0999512 0.00312043
0.00156632 1.6137 0.21649 0.00107867 1.61875 0.22 0.0125016 0.0776259 -0.0271241 9.27557e-05 0.0999692 0.00248164
0.0017752 1.61443 0.216171 0.00107979 1.61975 0.22 0.0171915 0.058562 -0.00596539 0.000124714 0.0999785 0.002071
0.00190368 1.61522 0.216276 0.00108128 1.62075 0.22 0.00979136 0.0787757 0.0247244 0.000156145 0.0999833 0.0018187
0.00192039 1.61637 0.21653 0.00108345 1.62175 0.22 0.00580368 0.100221 0.0327288 0.000221422 0.0999876 0.00156149
0.00193886 1.61732 0.216917 0.0010862 1.62275 0.22 0.001712 0.0899907 0.0447051 0.00028025 0.0999922 0.00121941
0.00195369 1.6187 0.21756 0.00108917 1.62375 0.22 -0.0015537 0.160549 0.067803 0.000300399 0.099995 0.000951383
0.00195941 1.61994 0.218439 0.00109213 1.62475 0.22 -0.00294339 0.0845266 0.0810083 0.000292316 0.0999971 0.000697101
0.00197596 1.62125 0.219376 0.00109484 1.62575 0.22 0.00704063 0.155535 0.0666723 0.000267068 0.0999984 0.00050768
0.0020115 1.62282 0.220439 0.00109718 1.62675 0.22 0.00323337 0.152481 0.0914201 0.000232537 0.0999994 0.000241435
0.00206582 1.62456 0.221412 0.00109942 1.62775 0.22 0.00346073 0.167605 0.0811154 0.000222539 0.0999997 0.000120842
0.00213579 1.62641 0.222408 0.00110155 1.62875 0.22 0.00958587 0.219421 0.0804781 0.000209288 0.0999998 3.50904e-05
0.00217393 1.62802 0.223354 0.00110334 1.62975 0.22 0.00263611 0.150273 0.0812078 0.000161609 0.0999998 -8.99054e-05
0.00218597 1.62982 0.224436 0.00110457 1.63075 0.22 0.000193072 0.195598 0.0973328 0.000107019 0.0999999 -3.29033e-05
0.002168 1.6314 0.225477 0.00110499 1.63175 0.22 -0.00548457 0.147885 0.0885681 2.65959e-05 0.1 -1.56198e-05
0.00212396 1.63294 0.226389 0.0011048 1.63275 0.22 -0.00424561 0.160775 0.0681101 -2.33067e-05 0.0999974 -0.000719538
0.00210849 1.63449 0.227255 0.00110456 1.63375 0.22 -0.00591644 0.14207 0.0858738 -1.74977e-05 0.099997 -0.000773731
0.00210884 1.63581 0.22809 0.00110462 1.63475 0.22 -0.000184265 0.138171 0.0536263 2.00913e-05 0.099994 -0.00109225
0.00217168 1.63715 0.228696 0.00110494 1.63575 0.22 0.0180054 0.128394 0.0536115 3.41014e-05 0.0999942 -0.00107266
0.00223251 1.63851 0.229198 0.00110488 1.63675 0.22 0.00440056 0.157731 0.0481215 -1.61983e-05 0.0999954 -0.000956567
0.00220794 1.63988 0.229766 0.00110356 1.63775 0.22 -0.00607791 0.106916 0.0432878 -0.000153867 0.0999957 -0.000916533
0.00215181 1.64094 0.230261 0.00110167 1.63875 0.22 -0.0044683 0.0996302 0.03716 -0.000197218 0.0999956 -0.000918131
0.00212442 1.642 0.230699 0.00110013 1.63975 0.22 -0.000529396 0.101088 0.0359547 -0.000119746 0.0999957 -0.00092474
0.00216648 1.64295 0.23099 0.00109984 1.64075 0.22 0.00396481 0.0643797 0.021244 -1.36608e-05 0.0999957 -0.00093188
0.00216523 1.64382 0.231255 0.00110106 1.64175 0.22 -0.000819679 0.0962316 0.0267811 0.000124952 0.0999966 -0.000811327
0.00212111 1.64468 0.23153 0.00110236 1.64275 0.22 -0.00954063 0.040289 0.0101151 0.000127435 0.0999945 -0.00104505
0.00207184 1.64531 0.231669 0.00110341 1.64375 0.22 0 0 0 9.56338e-05 0.0999943 -0.00106471
0.00207184 1.64531 0.161891 0.00110389 1.64475 0.22 0 0 0 3.46823e-05 0.099994 -0.00109781
0.00207184 1.64531 0.170137 0.0011038 1.64575 0.22 0 0 0 -1.51365e-05 0.0999937 -0.00111886
0.00202359 1.64547 0.180636 0.00110342 1.64675 0.22 -0.00465507 0.0452733 0.892282 -4.21699e-05 0.0999941 -0.00108993
0.00195701 1.64645 0.192726 0.00110302 1.64775 0.22 -0.00370555 0.134932 0.845576 -3.7614e-05 0.0999947 -0.00103341
0.00200716 1.64788 0.203767 0.00110272 1.64875 0.22 -0.000682615 0.122353 0.769481 -3.05072e-05 0.0999961 -0.000885824
0.00201511 1.64906 0.213176 0.00110243 1.64975 0.22 -0.00905783 0.282944 0.478924 -2.93025e-05 0.099997 -0.000769007
0.00193654 1.6501 0.217245 0.00110225 1.65075 0.22 -0.00353897 -0.154329 -0.0063467 -1.12027e-05 0.0999963 -0.000860485
0.00159273 1.64984 0.215433 0.00110193 1.65195 0.22 -0.0422258 0.189932 -0.116683 -4.29865e-05 0.0999964 -0.000849563
0.0015624 1.65202 0.214174 0.00110184 1.65295 0.22 0.0101577 0.114969 -0.103107 1.53919e-05 0.0999961 -0.000884743
0.00168799 1.65232 0.213595 0.00110261 1.65395 0.22 0.0117112 0.0319474 -0.0328215 9.57087e-05 0.0999979 -0.000647856
0.00167966 1.65379 0.21315 0.00110436 1.65495 0.22 -0.00615298 0.177904 -0.0686107 0.000175197 0.0999998 -6.55722e-05
0.00158194 1.65494 0.212378 0.00110647 1.65595 0.22 -0.00315059 0.0576105 -0.0332669 0.000211542 0.0999983 0.000545761
0.00150451 1.65548 0.21216 0.00110856 1.65695 0.22 -0.00668987 0.0714097 0.00416287 0.000206983 0.0999962 0.000843751
0.00147945 1.65638 0.212263 0.00111055 1.65795 0.22 -0.00640088 0.0829093 0.00997475 0.00019605 0.0999954 0.000941699
0.00145535 1.65669 0.21236 0.00111267 1.65895 0.22 -0.00479751 0.00101764 0.00522107 0.000216193 0.0999949 0.000991304
0.00146101 1.6571 0.212809 0.0011154 1.65995 0.22 0.000906857 0.0617412 0.0460908 0.000282096 0.0999945 0.00101252
0.00143409 1.65769 0.213583 0.0011186 1.66095 0.22 -0.00743944 0.0357753 0.059089 0.000327416 0.0999944 0.0010039
0.00137736 1.65806 0.214508 0.00112199 1.66195 0.22 -0.0113437 0.0644673 0.0783955 0.000339515 0.0999938 0.00106098
0.00135374 1.65877 0.215611 0.00112511 1.66295 0.22 0.00367274 0.0680849 0.0836725 0.000301228 0.0999942 0.00103408
0.0013242 1.65917 0.216798 0.00112764 1.66395 0.22 0.00129969 0.0469741 0.0987302 0.00023439 0.099993 0.00116228
0.00127814 1.65958 0.218036 0.00112977 1.66495 0.22 -0.00151446 0.0440368 0.0893746 0.000204368 0.0999922 0.00123093
0.00121908 1.65993 0.219205 0.0011319 1.66595 0.22 -0.0070753 0.0383101 0.0935895 0.000218636 0.099992 0.00124818
0.00114408 1.66031 0.220233 0.00113446 1.66695 0.22 -0.00787956 0.0299568 0.0812155 0.000263427 0.0999927 0.00117545
0.00105134 1.66069 0.221222 0.0011374 1.66795 0.22 -0.0145129 0.058144 0.0822372 0.000297519 0.099995 0.00095702
0.000945012 1.66109 0.222263 0.00114024 1.66895 0.22 -0.0157863 0.0670602 0.0817725 0.00026782 0.0999965 0.000790016
0.000839661 1.66171 0.223367 0.00114245 1.66995 0.22 0.000834144 0.0837578 0.0902394 0.000202125 0.0999977 0.000653083
0.000794482 1.66269 0.224485 0.00114355 1.67095 0.22 0.000530378 0.112323 0.0856548 0.000107131 0.0999985 0.000536146
0.000754585 1.66366 0.22555 0.00114416 1.67195 0.22 -0.00234749 0.11622 0.0886992 6.26829e-05 0.0999983 0.000586306
0.000737186 1.66492 0.226599 0.00114514 1.67295 0.22 0.00166832 0.138461 0.0650093 0.000120145 0.0999946 0.00103677
0.000697203 1.66619 0.227452 0.00114688 1.67395 0.22 -0.0107523 0.137465 0.051558 0.000200383 0.0999859 0.00166911
0.000602832 1.66734 0.228086 0.00114903 1.67495 0.22 -0.0179367 0.110791 0.0415545 0.000210452 0.0999843 0.00175716
0.000521419 1.66854 0.22857 0.00115077 1.67595 0.22 -0.00119521 0.0919983 0.0290461 0.000166435 0.0999845 0.00175122
0.000530214 1.66957 0.228949 0.00115134 1.67695 0.22 0.0079592 0.0980001 0.022153 3.16325e-05 0.0999873 0.00159534
0.000566689 1.67088 0.229265 0.00115081 1.67795 0.22 0.00216821 0.125884 0.0297493 -6.98469e-05 0.09999 0.0014107
0.000564048 1.67208 0.229566 0.00114994 1.67895 0.22 -0.00202372 0.115729 0.0302363 -8.23515e-05 0.0999926 0.001213
0.000574183 1.67344 0.229914 0.00114935 1.67995 0.22 -0.00173932 0.140852 0.0146397 -5.19479e-05 0.0999963 0.000858528
0.000595227 1.67433 0.230146 0.00114922 1.68095 0.22 0 0 0 -1.6827e-06 0.0999962 0.000872138
0.000595227 1.67433 0.1664 0.00114957 1.68195 0.22 0 0 0 4.13077e-05 0.0999958 0.000914322
0.000595227 1.67433 0.176636 0.00115026 1.68315 0.22 0 0 0 5.9941e-05 0.0999961 0.000875687
0.000582137 1.67814 0.189428 0.00115087 1.68415 0.22 -0.00458911 0.446492 0.978124 6.09569e-05 0.0999964 0.000848273
0.000401183 1.68132 0.200865 0.00115137 1.68515 0.22 -0.029696 0.24996 0.766673 4.71036e-05 0.0999973 0.000734965
0.000366663 1.68352 0.208111 0.00115166 1.68615 0.22 -0.007655 0.171781 0.453591 2.29852e-05 0.0999963 0.000854863
7.67425e-05 1.68408 0.213556 0.00115179 1.68715 0.22 -0.0299853 -0.0564938 0.288614 1.01919e-05 0.0999976 0.000691648
-3.57305e-05 1.68431 0.216589 0.00115158 1.68815 0.22 -0.00255108 0.159322 0.20308 -3.82445e-05 0.1 7.07899e-05
-0.000124783 1.68579 0.216846 0.0011503 1.68915 0.22 -0.0100197 0.0851768 -0.0508688 -0.00012929 0.0999978 -0.000647798
-0.000239411 1.68605 0.21618 0.0011487 1.69015 0.22 -0.0112177 0.0545932 -0.0164832 -0.000157946 0.0999937 -0.00111182
-0.000232084 1.68724 0.215724 0.00114778 1.69115 0.22 0.0168274 0.122055 -0.038763 -4.81113e-05 0.0999898 -0.00142777
-5.19162e-05 1.68793 0.215173 0.0011484 1.69215 0.22 0.0284072 0.0729396 -0.035872 0.00012355 0.0999859 -0.0016767
0.000255419 1.68874 0.215015 0.00115069 1.69315 0.22 0.0287366 0.0997937 0.00797771 0.000243432 0.0999817 -0.0018982
0.000506626 1.68956 0.215372 0.00115434 1.69415 0.22 0.00989654 0.0541809 0.0510717 0.000367816 0.0999745 -0.00222899
0.000628782 1.69014 0.215948 0.00115893 1.69515 0.22 0.0072402 0.0747027 0.040467 0.000473329 0.0999602 -0.00278166
0.000644065 1.69117 0.216549 0.00116399 1.69614 0.22 -0.00159491 0.080178 0.0620552 0.000511942 0.0999451 -0.00327254
0.000675252 1.69229 0.217444 0.00116896 1.69714 0.22 0.000271207 0.123689 0.0621121 0.000481906 0.0999319 -0.00365792
0.000661628 1.69365 0.218291 0.00117324 1.69814 0.22 0.000793241 0.126157 0.0888951 0.000417509 0.0999257 -0.00383125
0.000628968 1.69509 0.21937 0.00117621 1.69914 0.22 0.00375103 0.159178 0.0774889 0.000280355 0.0999192 -0.00400953
0.000625771 1.6967 0.220415 0.00117824 1.70014 0.22 0.00404313 0.121351 0.101904 0.000186393 0.0999163 -0.00408694
0.00066227 1.69816 0.221654 0.0011795 1.70114 0.22 0.00654495 0.141542 0.0992643 0.000106424 0.0999133 -0.00416198
0.000695753 1.69964 0.222945 0.00118005 1.70214 0.22 0.00632735 0.131151 0.108022 4.30426e-05 0.0999087 -0.00427236
0.000750378 1.70101 0.224304 0.00117998 1.70314 0.22 0.00128532 0.123838 0.107553 -2.49312e-05 0.099897 -0.00453674
0.000785788 1.7023 0.22556 0.00117944 1.70414 0.22 0.00163658 0.145804 0.0934903 -6.5221e-05 0.0998893 -0.00470358
0.000801005 1.70382 0.226704 0.00117834 1.70514 0.22 -0.00518513 0.149616 0.078727 -0.000119274 0.0998798 -0.00489924
0.0007856 1.70537 0.227654 0.00117682 1.70614 0.22 -0.000582858 0.152609 0.0675309 -0.000156312 0.0998765 -0.00496492
0.000769613 1.70682 0.228488 0.00117507 1.70713 0.22 -0.00572948 0.150892 0.0449222 -0.000181043 0.0998642 -0.00520638
0.000777504 1.70832 0.229206 0.00117329 1.70813 0.22 -0.00370267 0.165274 0.0372926 -0.00017488 0.0998701 -0.00509299
0.000789499 1.70961 0.229923 0.00117157 1.70913 0.22 -0.00264298 0.09619 0.052684 -0.000172356 0.0998708 -0.00507825
0.000809924 1.71067 0.230675 0.00116968 1.71013 0.22 0.00440965 0.0762559 0.0623745 -0.000191971 0.099868 -0.00513184
0.000816788 1.71193 0.23139 0.00116724 1.71133 0.22 -0.00519009 0.132167 0.0271369 -0.000255837 0.0998581 -0.00531874
0.000801378 1.71297 0.231837 0.00116363 1.71233 0.22 -0.00620462 0.102607 0.0309798 -0.000314845 0.0998492 -0.00548085
0.000721838 1.71397 0.232086 0.00116022 1.71333 0.22 -0.0122652 0.0806653 0.0179206 -0.000342002 0.0998455 -0.00554594
0.00060955 1.71502 0.23226 0.001157 1.71432 0.22 -0.016549 0.0825336 0.020473 -0.000305103 0.0998485 -0.00549367
0.000559227 1.71599 0.232337 0.00115437 1.71532 0.22 -0.0036421 0.0944167 0.00177089 -0.000253602 0.0998524 -0.00542483
0.000541504 1.71685 0.232464 0.00115218 1.71632 0.22 -0.00193572 0.0802668 0.0122006 -0.000222274 0.0998604 -0.00527818
0.000517072 1.71765 0.232563 0.00114973 1.71732 0.22 -0.00204645 0.0907578 0.00282044 -0.00025188 0.0998604 -0.00527617
0.000517072 1.71765 0.232621 0.00114693 1.71832 0.22 0 0 0 -0.000288926 0.0998481 -0.00550236
0.000517072 1.71765 0.167729 0.0011438 1.71932 0.22 0 0 0 -0.000320333 0.0998433 -0.00558682
0.000519016 1.71775 0.177846 0.00114053 1.72032 0.22 0.00097177 0.0516505 0.818745 -0.000325437 0.0998105 -0.00614419
0.000572644 1.71842 0.189706 0.00113747 1.72131 0.22 0.00726949 0.100209 0.881704 -0.000294259 0.0998146 -0.00608018
0.000609224 1.71958 0.200864 0.00113468 1.72231 0.22 0.00174394 0.0649888 0.713591 -0.000272801 0.09982 -0.00599189
0.000906998 1.71866 0.20798 0.00113219 1.72331 0.22 0.0420749 -0.0823884 0.511145 -0.000239413 0.099828 -0.00585814
0.00108692 1.71854 0.215495 0.0011301 1.72431 0.22 0.0078602 0.107013 0.487022 -0.000210206 0.0998558 -0.00536515
0.000905474 1.72077 0.219089 0.00112747 1.72531 0.22 -0.0122265 0.125512 0.158116 -0.000278142 0.0998875 -0.0047329
0.000873359 1.72014 0.218747 0.00112461 1.72631 0.22 -0.0501686 -0.0609476 -0.13083 -0.000289629 0.0998841 -0.00480431
0.000573725 1.721 0.216996 0.00112157 1.7273 0.22 0.013952 0.210792 -0.132259 -0.000303049 0.0998735 -0.00501921
0.000711512 1.72221 0.21554 0.00111975 1.7283 0.22 0.0205255 0.0424494 -0.101984 -0.000169215 0.0998613 -0.00526194
0.000814437 1.72264 0.214431 0.00111975 1.7293 0.22 -0.00385577 0.10905 -0.0759994 1.05866e-05 0.0998694 -0.00510853
0.000737362 1.72432 0.213985 0.00112116 1.7303 0.22 -0.0180097 0.172282 -0.0148455 0.000163751 0.0998889 -0.00470959
0.000546623 1.72559 0.214106 0.00112307 1.7313 0.22 -0.00272146 0.110797 -0.0034723 0.000202396 0.0999124 -0.00417876
0.000358796 1.72715 0.214243 0.00112506 1.7323 0.22 -0.0198726 0.194176 -0.0123293 0.000194593 0.0999282 -0.00378438
0.00012646 1.72885 0.214458 0.00112654 1.7333 0.22 -0.0242542 0.116384 0.0323193 0.000143714 0.0999456 -0.00329511
1.01413e-05 1.72984 0.21507 0.00112717 1.7343 0.22 0.0133003 0.098984 0.0475378 4.45724e-05 0.0999603 -0.00281673
0.000131068 1.7308 0.215776 0.00112705 1.7353 0.22 0.018718 0.118231 0.079435 -2.93406e-05 0.0999653 -0.00263421
0.000265952 1.7318 0.216737 0.00112635 1.7363 0.22 0.0203274 0.0706963 0.0747345 -7.65956e-05 0.0999658 -0.00261286
0.000403872 1.73242 0.217767 0.0011254 1.7373 0.22 0.0114104 0.0565154 0.0925498 -9.8296e-05 0.0999636 -0.00269687
0.000465396 1.7331 0.218871 0.00112428 1.7383 0.22 0.0089764 0.0851571 0.0959261 -0.000118295 0.0999609 -0.00279303
0.00053302 1.73386 0.220099 0.00112293 1.7393 0.22 0.00514305 0.0804825 0.11694 -0.000142851 0.0999602 -0.00281808
0.000568489 1.73491 0.221742 0.00112056 1.7405 0.22 0.00168092 0.0974684 0.0814736 -0.000218491 0.0999609 -0.00278782
0.000588319 1.73578 0.223114 0.0011179 1.7415 0.22 0.0082561 0.103579 0.108451 -0.000276783 0.0999631 -0.00270386
0.000603175 1.73662 0.22436 0.00111487 1.7425 0.22 -2.74844e-05 0.069375 0.102488 -0.000304674 0.0999652 -0.00261884
0.000603012 1.73751 0.225409 0.00111182 1.74349 0.22 -0.00252259 0.0869074 0.071628 -0.00030083 0.0999664 -0.00257408
0.000620201 1.73843 0.226433 0.0011091 1.74449 0.22 -0.00080599 0.0918587 0.0710535 -0.000260096 0.0999701 -0.00243056
0.000644785 1.73937 0.227409 0.00110658 1.74549 0.22 -0.00182752 0.0871085 0.0578594 -0.000250672 0.0999689 -0.00248049
0.000725925 1.74049 0.2283 0.00110394 1.74649 0.22 0.0113518 0.110853 0.069892 -0.000268177 0.0999673 -0.00254324
0.000783503 1.74147 0.229045 0.00110089 1.74749 0.22 0.00224131 0.102645 0.0577029 -0.000314119 0.099966 -0.00258767
0.000779652 1.74258 0.229612 0.00109725 1.74849 0.22 -0.0049518 0.0949864 0.0511346 -0.00037441 0.0999698 -0.00242719
0.000837776 1.74373 0.230155 0.00109345 1.74949 0.22 0.00431836 0.11151 0.0350001 -0.000379338 0.0999674 -0.00252299
0.000857266 1.74502 0.230664 0.00108986 1.75049 0.22 0.00511912 0.117024 0.0284838 -0.000342831 0.099966 -0.0025867
0.000839935 1.74632 0.231121 0.0010868 1.75149 0.22 -9.11764e-05 0.121257 0.0301066 -0.000300819 0.0999666 -0.00256728
0.000839962 1.74756 0.231488 0.00108402 1.75249 0.22 0.00676275 0.130013 0.0150076 -0.000280989 0.0999687 -0.00248625
0.000845922 1.74884 0.231687 0.0010809 1.75349 0.22 -0.00559636 0.113652 0.00953043 -0.000323267 0.0999702 -0.00242059
0.0008412 1.74967 0.231804 0.0010773 1.75449 0.22 0 0 0 -0.000372778 0.0999695 -0.00244195
0.0008412 1.74967 0.163555 0.00107319 1.75549 0.22 0 0 0 -0.000418613 0.0999665 -0.00255463
0.0008412 1.74967 0.171859 0.00106887 1.75649 0.22 0 0 0 -0.00043268 0.0999639 -0.00265068
0.000857383 1.75135 0.183283 0.00106454 1.75749 0.22 -0.0125089 0.485986 0.964017 -0.000430527 0.0999582 -0.00285788
0.000648688 1.75584 0.19603 0.00106034 1.75849 0.22 -0.020854 0.282141 0.841352 -0.000414653 0.0999544 -0.0029903
0.000456997 1.75747 0.206003 0.00105653 1.75949 0.22 0.00919101 0.0170654 0.659225 -0.000369036 0.0999509 -0.0031126
0.000462034 1.7568 0.21329 0.00105366 1.76049 0.22 -0.0238816 -0.110533 0.432558 -0.000258129 0.099924 -0.00388823
0.000391808 1.75813 0.217586 0.00105175 1.76149 0.22 0.00672634 0.381163 0.15777 -0.000170984 0.0999328 -0.00366223
0.000506088 1.76043 0.219045 0.0010503 1.76249 0.22 -0.0125159 -0.00967594 0.0711583 -0.000135087 0.0999458 -0.00329017
0.000369028 1.76026 0.21919 0.00104907 1.76349 0.22 -0.0344095 0.124446 -0.0638948 -0.000133718 0.0999497 -0.00316885
3.09028e-05 1.76138 0.218419 0.00104664 1.76469 0.22 -0.0303863 -0.0526557 -0.0369008 -0.000219203 0.0999296 -0.00374588
-4.61165e-05 1.76046 0.217854 0.00104452 1.76568 0.22 0.0100675 -0.0337991 -0.0492439 -0.000203872 0.0998916 -0.00465098
0.000115609 1.76092 0.217227 0.00104322 1.76668 0.22 0.0274091 0.0443049 -0.0506754 -0.000107921 0.0998498 -0.00547858
0.000320047 1.76106 0.216848 0.0010432 1.76768 0.22 0.0211707 0.0147861 -0.0135332 3.82488e-05 0.0998022 -0.00628672
0.000447229 1.76164 0.216616 0.00104405 1.76868 0.22 0.0052027 0.112155 -0.0159677 9.82188e-05 0.0997863 -0.00653271
0.00044905 1.76276 0.216667 0.00104519 1.76968 0.22 -0.00150629 0.0793253 0.0153497 0.000110169 0.0997746 -0.00671015
0.000407927 1.7636 0.216867 0.00104605 1.77068 0.22 -0.000304893 0.111726 0.016163 7.96442e-05 0.0997714 -0.00675751
0.000377171 1.76485 0.217496 0.0010462 1.77167 0.22 0.000168541 0.139874 0.0504755 -9.70674e-06 0.0997591 -0.00693752
0.000344326 1.766 0.218376 0.00104561 1.77267 0.22 -0.00477684 0.108912 0.059831 -8.32123e-05 0.0997447 -0.00714094
0.000306024 1.76719 0.21929 0.00104447 1.77367 0.22 -0.0023901 0.139194 0.0699984 -0.000120092 0.0997337 -0.00729177
0.000258021 1.7687 0.220378 0.00104293 1.77466 0.22 -0.00561059 0.154397 0.0735456 -0.000155297 0.0997216 -0.00745528
0.000305643 1.77011 0.22153 0.00104097 1.77566 0.22 0.000766548 0.152449 0.103123 -0.000205358 0.0997148 -0.00754385
0.000367342 1.77176 0.22274 0.00103848 1.77666 0.22 0.00619054 0.132795 0.0902187 -0.000265042 0.0997167 -0.00751741
0.000394779 1.77347 0.223916 0.00103537 1.77766 0.22 0.00019672 0.162703 0.0919856 -0.000335807 0.0997203 -0.00746654
0.000372155 1.77521 0.22507 0.00103159 1.77865 0.22 -0.00283723 0.174509 0.0848973 -0.000385789 0.099726 -0.0073877
0.00035733 1.7768 0.226374 0.00102767 1.77965 0.22 0.00417002 0.161065 0.081821 -0.000386296 0.0997332 -0.00728981
0.00039765 1.77836 0.227484 0.00102398 1.78065 0.22 0.0110325 0.173999 0.0804889 -0.000361604 0.0997368 -0.00724135
0.00045397 1.77997 0.228613 0.0010205 1.78165 0.22 0.00558068 0.10895 0.0897053 -0.000344555 0.0997467 -0.00710418
0.000489629 1.78119 0.229655 0.001017 1.78264 0.22 0.00934625 0.176248 0.0785743 -0.000353914 0.0997457 -0.00711835
0.000502157 1.78267 0.230549 0.00101316 1.78364 0.22 -0.0009534 0.12264 0.0745627 -0.000397685 0.0997454 -0.00712005
0.000480929 1.78369 0.231432 0.001009 1.78464 0.22 -0.000660024 0.133338 0.0552638 -0.000421425 0.099745 -0.00712437
0.000485612 1.78506 0.232133 0.00100482 1.78564 0.22 0.00212898 0.120225 0.0543319 -0.000412767 0.0997406 -0.00718677
0.000516313 1.78611 0.232734 0.00100122 1.78663 0.22 0.00454642 0.12124 0.0351581 -0.000347434 0.0997369 -0.00724066
0.000550219 1.78728 0.233151 0.000998666 1.78763 0.22 -0.00290583 0.125466 0.0229094 -0.000225325 0.0997362 -0.00725579
0.000544227 1.78853 0.233517 0.000996408 1.78883 0.22 -0.00661391 0.0876371 0.0237524 -0.00018077 0.099738 -0.00723169
0.00052991 1.78956 0.233686 0.000994468 1.78982 0.22 -0.00460532 0.12743 0.0104751 -0.000203936 0.0997383 -0.00722696
0.000521936 1.79061 0.23382 0.000992332 1.79082 0.22 -0.000690546 0.103663 0.00969128 -0.000216128 0.099739 -0.00721655
0.000511463 1.79101 0.233821 0.00099014 1.79182 0.22 0 0 0 -0.00021819 0.099741 -0.00718968
0.000511463 1.79101 0.16723 0.000988017 1.79282 0.22 0 0 0 -0.00021155 0.0997428 -0.00716455
0.000511463 1.79101 0.176185 0.000985853 1.79381 0.22 0 0 0 -0.000219601 0.0997462 -0.0071164
0.000446672 1.79122 0.187408 0.000983523 1.79481 0.22 -0.0121899 0.0376673 0.860199 -0.000236891 0.0997513 -0.00704369
0.000435975 1.79205 0.198815 0.000981077 1.79581 0.22 -0.000457654 0.129145 0.8163 -0.000249728 0.0997556 -0.00698262
0.000502698 1.79345 0.209187 0.000978508 1.79681 0.22 0.0036881 0.144727 0.715859 -0.000256977 0.0997607 -0.00690866
0.000461353 1.7933 0.217366 0.000975879 1.7978 0.22 -0.0115275 -0.171964 0.398705 -0.000263781 0.0997631 -0.00687393
0.00026558 1.79323 0.218884 0.000973029 1.7988 0.22 -0.0344934 0.263438 0.0442323 -0.000294681 0.0997702 -0.00676837
7.52286e-05 1.79614 0.218793 0.000969773 1.7998 0.22 -0.00136732 0.244614 -0.0855858 -0.000335348 0.0998092 -0.00616565
9.48399e-05 1.79684 0.217366 0.000966188 1.8008 0.22 0.00107916 0.0203164 -0.092487 -0.000359011 0.0998503 -0.00545867
0.000129619 1.79795 0.21654 0.000963004 1.8018 0.22 0.000296515 0.130515 -0.0822649 -0.000308865 0.0998702 -0.00508354
0.000110122 1.79879 0.215369 0.000960325 1.8028 0.22 -0.0061918 0.0225387 -0.0813249 -0.000253605 0.0998728 -0.00503661
9.26615e-05 1.79922 0.214321 0.000958392 1.80379 0.22 -0.00326298 0.0993699 -0.0751975 -0.000181805 0.0998713 -0.00506895
6.97199e-05 1.80033 0.213978 0.000956898 1.80479 0.22 -0.00469483 0.0831455 0.00741119 -0.000147663 0.0998682 -0.00512969
6.50817e-05 1.80096 0.214334 0.000955695 1.80579 0.22 0.00171171 0.0797162 0.0334243 -0.000111378 0.0998769 -0.00495921
6.86522e-05 1.80205 0.215021 0.000955008 1.80679 0.22 -0.00227633 0.125456 0.0443606 -5.93176e-05 0.0999018 -0.00443103
-2.1448e-05 1.80305 0.215844 0.000954539 1.80779 0.22 -0.00559099 0.0760622 0.061909 -4.12852e-05 0.0999235 -0.00391173
-3.52547e-05 1.80373 0.216771 0.000954154 1.80879 0.22 -0.0116114 0.070804 0.0628676 -3.89668e-05 0.0999388 -0.00349836
-7.85321e-05 1.80459 0.217694 0.000953578 1.80979 0.22 -0.00386223 0.0756906 0.0598323 -5.9561e-05 0.0999509 -0.00313175
-0.000118527 1.80494 0.21863 0.000952768 1.81079 0.22 -2.43495e-05 0.0145846 0.0703567 -8.536e-05 0.0999576 -0.00291062
-0.000143813 1.80521 0.219614 0.000951712 1.81179 0.22 -0.00366697 0.0496409 0.0840678 -0.000112102 0.0999577 -0.00290705
-0.000160981 1.80576 0.22057 0.00095053 1.81279 0.22 0.00330901 0.0157755 0.082232 -0.000115347 0.0999619 -0.00275937
-0.000172394 1.80618 0.221838 0.000949261 1.81399 0.22 -0.00347972 0.0842919 0.0802872 -0.000101704 0.0999603 -0.00281588
-0.000247398 1.80712 0.222929 0.000948289 1.81499 0.22 -0.00621406 0.0603345 0.0726452 -9.65983e-05 0.0999615 -0.00277388
-0.000296012 1.80763 0.223974 0.000947197 1.81599 0.22 -0.00609223 0.0464084 0.0815612 -0.000114389 0.0999652 -0.00263501
-0.000375266 1.8083 0.224906 0.000945517 1.81699 0.22 -0.01175 0.0781938 0.0685558 -0.000181613 0.0999691 -0.00247757
-0.000410364 1.80906 0.22574 0.000943266 1.81799 0.22 0.00357923 0.0870308 0.0554563 -0.000238393 0.0999737 -0.00228142
-0.00044408 1.80976 0.226552 0.000940608 1.81899 0.22 -0.00615821 0.0862849 0.0669677 -0.000269519 0.0999739 -0.00227033
-0.00046416 1.81075 0.227215 0.000938006 1.81999 0.22 -0.00545412 0.10854 0.0443798 -0.000256357 0.09997 -0.0024345
-0.000471777 1.81168 0.227864 0.000935882 1.82099 0.22 0.00751825 0.0893841 0.0425394 -0.000205614 0.0999713 -0.00238645
-0.000489637 1.81267 0.228366 0.000933894 1.82198 0.22 0.00122857 0.113781 0.0346767 -0.000203199 0.0999722 -0.00235093
-0.000491321 1.81382 0.228902 0.000931442 1.82298 0.22 -0.000133014 0.11913 0.0224469 -0.000262271 0.0999723 -0.00233808
-0.000496198 1.81494 0.229389 0.000928153 1.82398 0.22 0.00311296 0.130319 0.0360604 -0.000346022 0.0999724 -0.00232431
-0.000488666 1.81629 0.229752 0.000924172 1.82498 0.22 -0.00538267 0.147986 0.0119972 -0.000406375 0.0999737 -0.00225731
-0.000452911 1.81757 0.230085 0.000920244 1.82598 0.22 0.00319891 0.135766 0.023599 -0.000385445 0.0999754 -0.00218258
-0.000443796 1.81899 0.230306 0.000916857 1.82698 0.22 0.00215936 0.141456 0.00457918 -0.000328326 0.0999766 -0.00213882
-0.00045647 1.82043 0.230468 0.000913873 1.82798 0.22 0.00573814 0.142613 0.00237878 -0.00029521 0.099978 -0.00207487
-0.000444994 1.82071 0.230572 0.000910867 1.82898 0.22 0 0 0 -0.000307707 0.0999802 -0.00196766
-0.000444994 1.82071 0.170208 0.000907633 1.82998 0.22 0 0 0 -0.000334167 0.0999817 -0.00188555
-0.000444994 1.82071 0.181164 0.000904162 1.83098 0.22 0 0 0 -0.000351379 0.0999821 -0.00185785
-0.000605738 1.82517 0.194105 0.000900417 1.83198 0.22 -0.0665133 0.364904 0.914886 -0.000376173 0.0999824 -0.00183746
-0.00107929 1.82755 0.204833 0.000896253 1.83298 0.22 -0.00012137 0.155066 0.638334 -0.000426454 0.0999805 -0.0019297
-0.000992611 1.82904 0.211266 0.000891757 1.83398 0.22 -0.0244418 0.0769973 0.41226 -0.000458046 0.099982 -0.00184184
-0.00117921 1.82866 0.215171 0.00088729 1.83498 0.22 -0.00419745 0.0536286 0.245818 -0.000437426 0.0999786 -0.00202294
-0.00109395 1.82984 0.217763 0.000882974 1.83598 0.22 0.0254808 0.103692 0.100518 -0.000434633 0.0999645 -0.00262743
-0.00105601 1.83039 0.218125 0.000878262 1.83698 0.22 -0.00255146 0.0902578 -0.0503989 -0.000470064 0.0999422 -0.00336717
-0.00112871 1.83134 0.217528 0.000873767 1.83798 0.22 -0.00486546 0.0947923 -0.0471354 -0.000433321 0.0999338 -0.00361117
-0.00113791 1.83223 0.216842 0.000870578 1.83898 0.22 0.0086947 0.0928217 -0.0566295 -0.000272302 0.0999268 -0.00381636
-0.00100051 1.83303 0.21628 0.00086987 1.83998 0.22 0.0247742 0.0625438 -0.018952 -1.4716e-05 0.0999164 -0.00408724
-0.000821276 1.83357 0.216045 0.000871704 1.84098 0.22 0.0129829 0.0370858 -0.00800272 0.000196794 0.0999068 -0.00431274
-0.000683419 1.83427 0.216233 0.00087616 1.84198 0.22 0.0113298 0.0856446 0.0209051 0.000463908 0.0998863 -0.00474544
-0.000546051 1.8352 0.216504 0.000881724 1.84298 0.22 0.00825684 0.0985769 0.0132791 0.000572296 0.0998651 -0.00516064
-0.000449776 1.83635 0.217037 0.000888689 1.84417 0.22 0.00442046 0.137354 0.0482205 0.000569942 0.0998379 -0.00566243
-0.000402232 1.83757 0.217668 0.000893808 1.84517 0.22 0.00463267 0.134078 0.0447578 0.000492698 0.0998249 -0.00589541
-0.000395882 1.83889 0.218463 0.000897643 1.84617 0.22 0.000302244 0.146932 0.0690161 0.000362141 0.0998178 -0.00602218
-0.00034895 1.84041 0.219401 0.000900095 1.84717 0.22 0.00763503 0.151557 0.081125 0.000225167 0.0998128 -0.00611141
-0.00022836 1.84201 0.22035 0.000901194 1.84817 0.22 0.0133857 0.146888 0.0711773 6.53621e-05 0.0998111 -0.0061425
-0.000162147 1.84359 0.221444 0.000901126 1.84916 0.22 -0.00111653 0.161528 0.0944504 -3.36489e-05 0.0998115 -0.00613689
-0.000159656 1.8451 0.222612 0.000899569 1.85016 0.22 -0.00423804 0.138942 0.0962559 -0.00015964 0.0998102 -0.00615576
-0.000169859 1.8466 0.223836 0.000897195 1.85116 0.22 -0.00529452 0.138138 0.0948745 -0.000248999 0.0998044 -0.0062464
-0.000155126 1.84813 0.224981 0.000894126 1.85216 0.22 0.000117256 0.164643 0.0801792 -0.00031944 0.0997952 -0.00638827
-0.000195462 1.8498 0.22605 0.000890893 1.85316 0.22 -0.00245665 0.15231 0.0653885 -0.00032167 0.0997712 -0.00675297
-0.000229277 1.85125 0.227007 0.000887962 1.85415 0.22 -0.00211499 0.139458 0.0644325 -0.000284455 0.0997732 -0.00672494
-0.000230168 1.85281 0.227753 0.000885462 1.85515 0.22 -0.00308667 0.163004 0.0535251 -0.000256763 0.0997637 -0.00686585
-0.000189338 1.85426 0.228575 0.000882955 1.85615 0.22 0.00247166 0.159434 0.0569827 -0.000256854 0.0997706 -0.00676449
-0.000185465 1.85551 0.22932 0.00087993 1.85715 0.22 0.0053279 0.108093 0.0422817 -0.00032051 0.0997701 -0.00676911
-0.000157238 1.85662 0.229965 0.000876259 1.85814 0.22 9.88673e-06 0.114679 0.0366963 -0.00039031 0.0997677 -0.00680122
-0.000157818 1.85779 0.23051 0.000872211 1.85914 0.22 -0.00103026 0.111941 0.0337215 -0.000402331 0.0997626 -0.00687408
-0.000164968 1.85889 0.230997 0.000868698 1.86014 0.22 0.00244739 0.0972731 0.0231263 -0.000320113 0.0997587 -0.00693574
-0.000155077 1.86003 0.231373 0.000866013 1.86114 0.22 -0.00979982 0.0857336 0.0298911 -0.000250975 0.0997593 -0.0069291
-0.00019982 1.86101 0.231632 0.000863624 1.86214 0.22 -8.85076e-05 0.10575 0.00401616 -0.000242694 0.0997609 -0.00690627
-0.000247022 1.86202 0.23177 0.000860723 1.86313 0.22 -0.00578302 0.0928964 0.0135833 -0.000303278 0.0997512 -0.00704339
-0.000279952 1.86292 0.2318 0.000856992 1.86413 0.22 -0.00681297 0.0936597 0.0119061 -0.000385746 0.0997545 -0.00699223
-0.000322501 1.86361 0.231834 0.000852374 1.86513 0.22 0 0 0 -0.000492468 0.0997531 -0.00700498
-0.000322501 1.86361 0.16183 0.000847085 1.86613 0.22 0 0 0 -0.000540259 0.099755 -0.00697513
-0.000322501 1.86361 0.170059 0.000841382 1.86712 0.22 0 0 0 -0.000569375 0.0997582 -0.00692694
-0.000350565 1.86365 0.18053 0.000835596 1.86812 0.22 -0.00438349 0.0181082 0.844253 -0.000580035 0.0997596 -0.00690503
-0.000335624 1.86414 0.191946 0.000829766 1.86912 0.22 0.0397046 0.0943883 0.762721 -0.000581696 0.0997627 -0.00685997
0.000209203 1.86563 0.203634 0.000822996 1.87032 0.22 0.036625 0.107866 0.659944 -0.000556064 0.0997783 -0.0066323
0.000646542 1.86595 0.211015 0.000817553 1.87131 0.22 0.0518356 0.154828 0.340935 -0.000544056 0.0998002 -0.00629496
0.000742833 1.86699 0.212029 0.000811899 1.87231 0.22 0.00258122 0.0818652 0.039852 -0.000585672 0.0998204 -0.00596155
0.000683113 1.86839 0.211352 0.000805249 1.87331 0.22 -0.00165838 0.173955 -0.0890088 -0.0006781 0.0998302 -0.00578536
0.000794025 1.86938 0.210421 0.000797641 1.87431 0.22 0.018814 0.030717 -0.0602875 -0.000759554 0.0998494 -0.00543367
0.000875227 1.86978 0.210102 0.000789632 1.87531 0.22 -0.00211914 0.0558926 -0.0358164 -0.000810833 0.0998607 -0.00521372
0.000780282 1.87058 0.209548 0.000781344 1.87631 0.22 -0.00337389 0.0823974 -0.0624835 -0.000830758 0.0998726 -0.0049775
0.000627615 1.87145 0.209085 0.000773037 1.8773 0.22 -0.0202865 0.0926029 -0.0291979 -0.000831916 0.0998814 -0.00479697
0.000508389 1.87231 0.209083 0.000764789 1.8783 0.22 -0.00956479 0.0898401 0.017475 -0.000822376 0.0998894 -0.00463007
0.000417039 1.87295 0.209768 0.000756813 1.8793 0.22 -0.0043523 0.0499384 0.0443698 -0.000793481 0.0999071 -0.00423658
0.000341842 1.87369 0.210399 0.000749042 1.8803 0.22 -0.00714938 0.100072 0.0452787 -0.000774022 0.0999217 -0.00387908
0.000181499 1.87448 0.211121 0.000741313 1.8813 0.22 -0.0157227 0.0543835 0.0467099 -0.000772878 0.0999334 -0.00356699
7.59428e-05 1.87504 0.212104 0.000733533 1.8823 0.22 -0.00741491 0.0439143 0.0777748 -0.000781049 0.0999421 -0.00331309
2.76654e-05 1.87559 0.213126 0.000725619 1.8833 0.22 -0.00891431 0.0416386 0.0825947 -0.000794284 0.0999486 -0.00310708
-4.33351e-05 1.87604 0.214332 0.000717625 1.8843 0.22 -0.0134795 0.024515 0.0889316 -0.000800838 0.0999509 -0.00303086
-0.000129924 1.8763 0.215556 0.000709665 1.8853 0.22 -0.00243131 0.0572158 0.0934966 -0.000793788 0.0999532 -0.00295405
-0.000188237 1.87686 0.216853 0.000701868 1.8863 0.22 -0.00928924 0.036152 0.101143 -0.000776438 0.0999548 -0.00290372
-0.000264364 1.87729 0.218146 0.000694435 1.8873 0.22 -0.0116727 0.0702704 0.114312 -0.000737257 0.0999634 -0.00260186
-0.000329781 1.87799 0.219395 0.00068715 1.8883 0.22 0.00123995 0.0773624 0.0979444 -0.000723798 0.0999729 -0.00221262
-0.000382145 1.87864 0.220629 0.000679895 1.8893 0.22 -0.0141674 0.0433332 0.104326 -0.000726862 0.099974 -0.00216168
-0.000453319 1.87926 0.221734 0.000672513 1.8903 0.22 -0.00043365 0.0697304 0.0776506 -0.000739033 0.0999742 -0.00214593
-0.000515573 1.87991 0.222787 0.00066506 1.8913 0.22 -0.00675105 0.0582256 0.0741329 -0.000744431 0.0999729 -0.00220377
-0.000539747 1.88071 0.223741 0.000657917 1.8923 0.22 -0.00632717 0.0801814 0.0700041 -0.000700516 0.0999748 -0.00213103
-0.000587924 1.88174 0.224682 0.000651256 1.8933 0.22 -0.0106869 0.0938054 0.0830404 -0.000648937 0.0999746 -0.00215963
-0.000672834 1.88273 0.225682 0.000644937 1.8943 0.22 -0.0057136 0.0774754 0.0693553 -0.000631096 0.0999749 -0.00215167
-0.000729868 1.88377 0.226577 0.000638465 1.8953 0.22 -0.00911565 0.126976 0.0643188 -0.000655038 0.0999763 -0.00207805
-0.000730452 1.88508 0.22733 0.000631605 1.8963 0.22 -0.00462661 0.121302 0.0434291 -0.000696536 0.0999776 -0.00199829
-0.000703541 1.88662 0.22814 0.000622962 1.8975 0.22 0.000860061 0.146497 0.0378364 -0.000724456 0.0999791 -0.00191218
-0.000690687 1.8879 0.228682 0.000615966 1.8985 0.22 -0.00137787 0.124851 0.0335822 -0.000687361 0.0999801 -0.00187087
-0.000687634 1.88924 0.229103 0.000609547 1.8995 0.22 -0.00396388 0.128757 0.0202337 -0.000621168 0.0999816 -0.00181596
-0.000654102 1.89066 0.229469 0.000603705 1.90049 0.22 0.00560818 0.139289 0.0207992 -0.000580034 0.0999824 -0.0017859
-0.000662559 1.89205 0.229758 0.00059802 1.90149 0.22 -0.00292842 0.175069 0.0130803 -0.000576359 0.0999824 -0.00178678
-0.000692387 1.89265 0.229841 0.000591773 1.90249 0.22 0 0 0 -0.000641424 0.0999819 -0.0017918
-0.000692387 1.89265 0.165412 0.000584569 1.90349 0.22 0 0 0 -0.000741316 0.0999817 -0.00176107
-0.000692387 1.89265 0.174951 0.000576335 1.90449 0.22 0 0 0 -0.000842646 0.0999816 -0.00172311
-0.000897333 1.89643 0.187823 0.00056718 1.90549 0.22 -0.0251297 0.505817 0.99688 -0.000941255 0.0999805 -0.00173326
-0.00147118 1.89991 0.199918 0.000557369 1.90649 0.22 -0.0619256 0.192927 0.786288 -0.00100151 0.0999777 -0.00185773
-0.00146132 1.90099 0.209228 0.000547092 1.90749 0.22 0.0239671 0.0266602 0.675698 -0.00103633 0.0999774 -0.00185855
-0.00160936 1.90119 0.217329 0.000536433 1.90849 0.22 -0.0322961 0.125381 0.490705 -0.00106506 0.0999784 -0.00178675
-0.00186502 1.90349 0.220123 0.000525901 1.90949 0.22 -0.0307685 0.166473 0.195656 -0.00104955 0.0999809 -0.00165105
-0.00177918 1.90413 0.222537 0.000515471 1.91049 0.22 0.0210829 0.0342603 0.166432 -0.00105439 0.0999766 -0.00189105
-0.00180347 1.90433 0.223394 0.000504539 1.91149 0.22 -0.0235587 0.0714571 0.0343434 -0.00111286 0.0999613 -0.00254909
-0.00208175 1.90566 0.223286 0.000493189 1.91249 0.22 -0.0317496 0.139355 -0.0377324 -0.00113608 0.0999494 -0.00297217
-0.00233213 1.90613 0.222349 0.000482131 1.91349 0.22 -0.0204749 0.0183548 -0.0726266 -0.0010949 0.0999389 -0.00331828
-0.0024438 1.90666 0.221502 0.000472942 1.91449 0.22 0.000850375 0.0941371 -0.0539542 -0.000865075 0.0999217 -0.00386111
-0.0024196 1.90715 0.22111 0.000466551 1.91549 0.22 0.00719672 0.0193885 -0.0331183 -0.00056158 0.0999063 -0.00429054
-0.00229858 1.90746 0.220769 0.000462997 1.91649 0.22 0.0163058 0.109337 -0.00820552 -0.000271866 0.099887 -0.00474548
-0.00208671 1.90839 0.220726 0.000461864 1.91749 0.22 0.0224478 0.0568865 0.0130142 -9.1557e-05 0.0998717 -0.0050637
-0.00181214 1.90898 0.220848 0.00046292 1.91849 0.22 0.0308877 0.113603 0.00270397 0.000116775 0.0998447 -0.00556995
-0.00154662 1.91028 0.221151 0.000464593 1.91948 0.22 0.0303554 0.138296 0.0262223 0.000177075 0.0998285 -0.00585179
-0.00129956 1.9116 0.221748 0.0004664 1.92048 0.22 0.0347741 0.116318 0.0392397 0.000176972 0.0998214 -0.00597188
-0.00107469 1.91314 0.222349 0.000467642 1.92148 0.22 0.00357447 0.155948 0.0649325 0.000110343 0.0998198 -0.00600007
-0.00100157 1.91464 0.223199 0.000467663 1.92248 0.22 -0.00187192 0.144228 0.0595206 -3.51148e-05 0.099816 -0.00606323
-0.000946074 1.91621 0.224155 0.000466706 1.92348 0.22 0.0157694 0.187276 0.0811817 -0.000130381 0.0998114 -0.00613705
-0.000861981 1.91788 0.22515 0.000465109 1.92448 0.22 0.00765239 0.17592 0.0663512 -0.000168687 0.0998096 -0.00616629
-0.000815372 1.91952 0.226101 0.000463003 1.92547 0.22 0.00986509 0.177833 0.0773675 -0.000210827 0.0997928 -0.00643082
-0.00075409 1.92125 0.227086 0.000460523 1.92647 0.22 -0.00132695 0.160778 0.0626548 -0.000255261 0.0997854 -0.00654346
-0.000697061 1.92332 0.228064 0.000456752 1.92767 0.22 0.00664224 0.17784 0.050162 -0.000327853 0.0998007 -0.00630142
-0.000647013 1.92494 0.228871 0.00045264 1.92867 0.22 0.00381675 0.135049 0.0619237 -0.000432537 0.0997822 -0.00658277
-0.000636542 1.92652 0.229727 0.000447945 1.92966 0.22 0.00515433 0.162334 0.0499865 -0.000495528 0.0997526 -0.00701301
-0.000635387 1.92805 0.230445 0.000442922 1.93066 0.22 -0.00105646 0.14876 0.0472906 -0.000501394 0.0997569 -0.00695057
-0.000608285 1.92933 0.231224 0.000438183 1.93166 0.22 0.00752916 0.131345 0.0582001 -0.000471002 0.0997625 -0.00687156
-0.000581679 1.93083 0.231691 0.000433852 1.93266 0.22 0.00253815 0.13178 0.0372024 -0.000431879 0.0997688 -0.00678213
-0.000568292 1.93205 0.232094 0.000429506 1.93365 0.22 0.0018604 0.120689 0.0345725 -0.000444379 0.0997808 -0.00660219
-0.000576103 1.93341 0.23242 0.000424538 1.93465 0.22 -0.00407401 0.13533 0.0263785 -0.000517342 0.0997898 -0.00645936
-0.00065831 1.93444 0.232714 0.000418772 1.93565 0.22 -0.0105094 0.110158 0.0126388 -0.000598991 0.099797 -0.00634005
-0.000695147 1.93552 0.232946 0.000412495 1.93665 0.22 -0.00566057 0.117825 0.0207268 -0.000629904 0.0998008 -0.0062777
-0.000741169 1.93645 0.233042 0.000406096 1.93765 0.22 -0.00666204 0.0993971 -0.00210591 -0.00063893 0.0998046 -0.00621575
-0.000831339 1.93734 0.233032 0.000399683 1.93864 0.22 -0.0145383 0.0787634 -0.000776191 -0.000642551 0.099807 -0.0061763
-0.000851082 1.93751 0.233 0.000393152 1.93964 0.22 0 0 0 -0.000658752 0.0998066 -0.00618155
-0.000851082 1.93751 0.166431 0.000386274 1.94064 0.22 0 0 0 -0.000698162 0.0997986 -0.00630416
-0.000851082 1.93751 0.17582 0.000378906 1.94164 0.22 0 0 0 -0.00074747 0.0998033 -0.00622474
-0.00101749 1.93788 0.187505 0.000371041 1.94264 0.22 -0.0102687 0.081514 0.873359 -0.000796547 0.0998112 -0.00609021
-0.00106904 1.93906 0.199153 0.000362971 1.94363 0.22 0.00960079 0.167039 0.788992 -0.000810158 0.0998186 -0.00596628
-0.000970804 1.94041 0.209127 0.000354747 1.94463 0.22 0.0127787 -0.0212478 0.618273 -0.000825707 0.0998289 -0.00578927
-0.000896385 1.93962 0.21551 0.000346299 1.94563 0.22 -0.00116382 0.0813429 0.098849 -0.000849632 0.0998333 -0.00570831
-0.00106405 1.94111 0.216091 0.000337137 1.94663 0.22 -0.00582247 0.18679 -0.0101115 -0.000931159 0.0998453 -0.00548087
-0.00115962 1.94271 0.215287 0.000327246 1.94763 0.22 -0.0102732 0.114137 -0.0879791 -0.00101577 0.0998797 -0.00479672
-0.00122073 1.94357 0.214175 0.000316832 1.94863 0.22 0.00538 0.0871474 -0.0693596 -0.00104938 0.0998997 -0.00435251
-0.00118567 1.94436 0.21348 0.000305972 1.94963 0.22 0.00290993 0.0810769 -0.0679405 -0.00108786 0.0999107 -0.00408361
-0.00109744 1.94495 0.212675 0.00029507 1.95063 0.22 0.00128258 0.0654276 -0.0636115 -0.00108518 0.0999182 -0.00389487
-0.00106974 1.94589 0.212046 0.000284666 1.95163 0.22 -0.00917914 0.0716876 -0.0414314 -0.00102636 0.099923 -0.00378607
-0.0010762 1.94637 0.212164 0.000274888 1.95262 0.22 0.000100345 0.0400442 0.0264398 -0.000948055 0.0999318 -0.00356858
-0.00106289 1.947 0.212804 0.000265969 1.95362 0.22 -0.00154933 0.101076 0.0464048 -0.000883241 0.0999407 -0.00332813
-0.00114913 1.94786 0.213334 0.000257826 1.95462 0.22 -0.0182378 0.0675744 0.0376034 -0.000813968 0.0999527 -0.00296428
-0.00139286 1.94849 0.214161 0.000248308 1.95582 0.22 -0.012202 0.0342714 0.0591842 -0.000795309 0.0999653 -0.00251261
-0.00155888 1.94921 0.214977 0.000240317 1.95682 0.22 -0.0172767 0.0560707 0.060777 -0.000800424 0.0999724 -0.00220819
-0.00168155 1.94962 0.215795 0.000232103 1.95782 0.22 -0.00885955 0.0128477 0.0685508 -0.000826615 0.099976 -0.00202702
-0.00183195 1.94976 0.216787 0.000223698 1.95882 0.22 -0.0226963 0.0106343 0.0782511 -0.000842991 0.0999759 -0.00202502
-0.0019852 1.95003 0.217927 0.000215371 1.95982 0.22 -0.0171186 0.0136409 0.110036 -0.000823727 0.0999754 -0.00206151
-0.00210173 1.95035 0.219006 0.000207399 1.96082 0.22 -0.00737537 0.0394397 0.0833805 -0.000792306 0.0999758 -0.00205396
-0.00214588 1.95084 0.220191 0.000200069 1.96182 0.22 -0.00369597 0.049978 0.104703 -0.000723294 0.0999803 -0.0018506
-0.00224119 1.95155 0.221385 0.000192867 1.96282 0.22 -0.0118524 0.0670735 0.0952309 -0.000722105 0.0999818 -0.0017672
-0.00234856 1.9521 0.222436 0.000185329 1.96382 0.22 -0.00645459 0.037711 0.0727945 -0.000765105 0.0999837 -0.00163266
-0.00242828 1.95284 0.223367 0.000177021 1.96482 0.22 -0.000691525 0.0839145 0.0688136 -0.000843918 0.0999842 -0.00156433
-0.00250085 1.95356 0.224215 0.000168053 1.96582 0.22 -0.00955052 0.0945924 0.0718211 -0.000901203 0.0999896 -0.00113029
-0.00260876 1.9545 0.225092 0.000159148 1.96682 0.22 -0.0109723 0.111568 0.0563403 -0.000879084 0.0999898 -0.00112501
-0.00272012 1.95553 0.225923 0.00015057 1.96782 0.22 -0.011597 0.128072 0.0586563 -0.00085109 0.0999905 -0.00108858
-0.00288691 1.95662 0.226608 0.000142168 1.96882 0.22 -0.0114457 0.102165 0.0380388 -0.000843918 0.0999913 -0.00101488
-0.00295051 1.95758 0.22728 0.000133143 1.96982 0.22 -0.00401708 0.127833 0.0335663 -0.000918514 0.0999912 -0.000954389
-0.00294764 1.95891 0.227729 0.000122847 1.97082 0.22 0.00674441 0.124232 0.0253457 -0.00106372 0.0999902 -0.000913605
-0.00290138 1.96017 0.228108 0.000111696 1.97182 0.22 0.00723453 0.12214 0.02109 -0.00113467 0.0999908 -0.000747816
-0.00288063 1.96137 0.228398 0.000100403 1.97282 0.22 0.00114061 0.133146 0.0200861 -0.00112436 0.0999912 -0.000700532
-0.0029215 1.9627 0.228769 8.97686e-05 1.97382 0.22 -0.00173649 0.107761 0.0148413 -0.00105834 0.0999918 -0.000724424
-0.0029485 1.9639 0.228968 7.96318e-05 1.97482 0.22 -0.00348865 0.160824 -0.00259123 -0.00101511 0.0999923 -0.000708492
-0.00294865 1.96546 0.229077 6.92259e-05 1.97582 0.22 0.00212906 0.167921 0.0185702 -0.00105379 0.0999922 -0.000668891
-0.00294865 1.96546 0.163268 5.80973e-05 1.97682 0.22 0 0 0 -0.00112826 0.0999919 -0.000596243
-0.00294865 1.96546 0.171783 4.63171e-05 1.97782 0.22 0 0 0 -0.00118809 0.099989 -0.0008847
-0.00292766 1.96716 0.18321 3.42556e-05 1.97882 0.22 0.00567782 0.503765 0.988108 -0.00120928 0.0999889 -0.000868899
-0.00315273 1.97161 0.195951 2.21576e-05 1.97982 0.22 -0.0442017 0.264064 0.82664 -0.00120979 0.0999881 -0.000959966
-0.00328835 1.97359 0.205851 1.02135e-05 1.98082 0.22 0.0240878 0.10905 0.681207 -0.00118862 0.0999873 -0.00106167
-0.00308413 1.97393 0.214434 -1.56132e-06 1.98182 0.22 -0.0133624 -0.00221262 0.630988 -0.00117684 0.0999881 -0.000996338
-0.00321557 1.97509 0.220868 -1.31785e-05 1.98282 0.22 -0.00954022 0.192175 0.0851082 -0.00115468 0.0999898 -0.000845849
-0.00328709 1.97696 0.221421 -2.46783e-05 1.98382 0.22 0.0194045 0.0909779 0.0668802 -0.001158 0.0999892 -0.000900534
-0.00309236 1.97677 0.221947 -3.64244e-05 1.98482 0.22 9.90799e-05 -0.0575478 -0.0559116 -0.00117971 0.0999825 -0.00144882
-0.00310479 1.97689 0.221107 -4.85794e-05 1.98582 0.22 -0.00673172 0.0894391 -0.0515047 -0.00121727 0.0999584 -0.00261571
-0.00328781 1.97728 0.220779 -6.06712e-05 1.98682 0.22 -0.010159 -0.0374459 -0.032155 -0.00118625 0.0999266 -0.00364309
-0.00334869 1.97762 0.220235 -7.14743e-05 1.98782 0.22 -0.000984151 0.12206 -0.0441492 -0.00104307 0.0999081 -0.00415618
-0.0033273 1.97888 0.219824 -8.22342e-05 1.98902 0.22 0.00515693 0.0783443 0.00448657 -0.000802934 0.0998942 -0.0045274
-0.00327409 1.97965 0.219912 -8.89123e-05 1.99001 0.22 0.00388312 0.103227 0.00317323 -0.000598123 0.0998884 -0.00468521
-0.00327016 1.98106 0.220235 -9.37201e-05 1.99101 0.22 -0.00529918 0.154403 0.0277399 -0.000463488 0.0998826 -0.00482188
-0.00330391 1.98208 0.220775 -9.68312e-05 1.99201 0.22 0.00035529 0.0897066 0.0524034 -0.000305399 0.0998724 -0.00504043
-0.00326714 1.98348 0.221457 -9.85236e-05 1.99301 0.22 0.00222133 0.158971 0.0573018 -0.000149649 0.0998543 -0.00539363
-0.00320109 1.98483 0.222254 -9.95425e-05 1.99401 0.22 0.00863084 0.121165 0.0438141 -9.18154e-05 0.0998433 -0.00559602
-0.00312019 1.98637 0.223065 -0.000100582 1.99501 0.22 0.0101749 0.182103 0.0700633 -0.000113658 0.0998364 -0.0057161
-0.00302425 1.98816 0.223906 -0.000102432 1.99601 0.22 0.00060764 0.203333 0.0785626 -0.000208364 0.099834 -0.00575497
-0.00293559 1.98972 0.224831 -0.000105476 1.997 0.22 0.00553684 0.144842 0.0768696 -0.000311578 0.0998327 -0.00577382
-0.00289221 1.99158 0.22577 -0.000109595 1.998 0.22 0.000675004 0.193921 0.0764774 -0.00041946 0.0998321 -0.00577661
-0.00288464 1.99333 0.22674 -0.000114166 1.999 0.22 -0.00745359 0.186716 0.0633392 -0.000465878 0.099823 -0.00592828
-0.00289322 1.99507 0.227715 -0.000119061 2 0.22 -0.00346098 0.156575 0.0780997 -0.000492681 0.0998239 -0.00591082
-0.00290684 1.99666 0.228602 -0.000124149 2.001 0.22 -0.00389968 0.154479 0.0705362 -0.000513974 0.0998182 -0.00600501
-0.00290648 1.9984 0.229331 -0.000129666 2.002 0.22 0.00340632 0.147572 0.0562624 -0.000573096 0.0998184 -0.00599612
-0.00288734 1.99995 0.23 -0.000135814 2.00299 0.22 0.00664645 0.166789 0.0453638 -0.000629768 0.0998035 -0.00623427
-0.00286694 2.00138 0.230714 -0.000142704 2.00399 0.22 -0.00486249 0.170816 0.0424697 -0.000703103 0.0997789 -0.00660883
-0.00286206 2.00275 0.231285 -0.000150125 2.00499 0.22 -0.00250736 0.135125 0.0370537 -0.000746813 0.0997569 -0.00692871
-0.00285894 2.00411 0.231841 -0.000157612 2.00599 0.22 0.00559813 0.138594 0.0246503 -0.000744636 0.0997607 -0.00687396
-0.00283189 2.00529 0.232235 -0.000164976 2.00698 0.22 -0.0102949 0.116442 0.0205991 -0.000734013 0.0997666 -0.00678926
-0.0028617 2.00652 0.232499 -0.000172443 2.00798 0.22 -0.00294372 0.14172 0.0125626 -0.000754098 0.0997717 -0.00671113
-0.00289437 2.00761 0.232749 -0.000180538 2.00898 0.22 -0.00466041 0.100541 -0.000216738 -0.000813928 0.0997789 -0.00659591
-0.0029254 2.00862 0.232872 -0.000189359 2.00998 0.22 -0.00275927 0.115755 0.0101875 -0.000885881 0.099784 -0.00650925
-0.00295345 2.00962 0.232982 -0.000198823 2.01098 0.22 -0.0110493 0.0963649 0.00943979 -0.000954067 0.099783 -0.00651507
-0.00298537 2.01049 0.233102 -0.000208665 2.01197 0.22 -0.00364776 0.0792124 -0.018765 -0.000993223 0.0997856 -0.00646901
-0.00301263 2.01098 0.233037 -0.000220811 2.01317 0.22 0 0 0 -0.00102007 0.0997889 -0.00641408
-0.00301263 2.01098 0.163171 -0.000231096 2.01417 0.22 0 0 0 -0.0010321 0.0997911 -0.00637739
-0.00301263 2.01098 0.172222 -0.000241428 2.01517 0.22 0 0 0 -0.00103433 0.0997807 -0.0065376
-0.00300481 2.01134 0.183706 -0.000251821 2.01616 0.22 -0.00214652 0.0536503 0.869268 -0.00103325 0.0997747 -0.00662865
-0.00286733 2.01247 0.195586 -0.000261921 2.01716 0.22 0.0164241 0.159006 0.850599 -0.001001 0.0997854 -0.0064712
-0.00262516 2.01382 0.206021 -0.000271642 2.01816 0.22 0.0227932 0.0696239 0.672598 -0.000962346 0.0997993 -0.00625907
-0.00241796 2.01236 0.211666 -0.000280909 2.01916 0.22 0.030297 -0.188166 0.314127 -0.000916196 0.0998099 -0.00609513
-0.00261385 2.014 0.213553 -0.000290065 2.02016 0.22 -0.0531382 0.376047 0.0705588 -0.000922819 0.099832 -0.00572086
-0.00272256 2.01618 0.213688 -0.000299609 2.02116 0.22 0.0117896 0.0579642 -0.0548471 -0.000948476 0.0998898 -0.00459668
-0.00271693 2.0165 0.212658 -0.000309031 2.02215 0.22 0.00789077 0.047695 -0.0665004 -0.000934699 0.0999217 -0.00384505
-0.0027674 2.01739 0.211843 -0.000317841 2.02315 0.22 -0.00424961 0.0920967 -0.0874749 -0.000865855 0.0999302 -0.00363449
-0.00274926 2.01769 0.210746 -0.000325997 2.02415 0.22 0.00838203 0.00860412 -0.0771676 -0.000804834 0.0999253 -0.00377965
-0.00277806 2.01827 0.209844 -0.000333652 2.02515 0.22 -0.00501138 0.0916729 -0.0473601 -0.000759275 0.0999206 -0.00391102
-0.00285134 2.01912 0.209689 -0.000341259 2.02615 0.22 -0.00340558 0.0749481 0.034275 -0.000761012 0.0999208 -0.00390545
-0.00285373 2.01964 0.210641 -0.000348684 2.02715 0.22 0.0124885 0.0745304 0.0775235 -0.000736206 0.0999337 -0.00356474
-0.00284735 2.02068 0.211649 -0.000355483 2.02815 0.22 -0.00136069 0.119137 0.0503456 -0.00067509 0.0999518 -0.0030289
-0.00286485 2.02155 0.212378 -0.000361503 2.02915 0.22 -0.0124872 0.0409378 0.0674423 -0.000588289 0.0999732 -0.00223771
-0.0029639 2.02222 0.213347 -0.000366985 2.03015 0.22 -0.0101321 0.0471214 0.0654375 -0.000537918 0.0999832 -0.00175507
-0.00301954 2.02267 0.214162 -0.000372282 2.03115 0.22 -0.000764128 0.00303025 0.0538903 -0.000528894 0.099987 -0.00152642
-0.00303325 2.02277 0.214922 -0.000377716 2.03215 0.22 -0.00699988 0.0503175 0.0819585 -0.000547366 0.0999875 -0.00148544
-0.00308488 2.02298 0.21599 -0.000383655 2.03315 0.22 -0.00083682 0.010592 0.0886819 -0.000599281 0.0999858 -0.00157715
-0.00309305 2.02298 0.217099 -0.000389816 2.03415 0.22 -5.73161e-05 0.0444945 0.0965145 -0.000617039 0.0999843 -0.00166332
-0.00312364 2.02371 0.218376 -0.000395791 2.03515 0.22 -0.00461813 0.0800322 0.105701 -0.000588249 0.0999866 -0.00152647
-0.00318143 2.02449 0.219923 -0.000402401 2.03635 0.22 -0.00561076 0.0552609 0.102304 -0.000538006 0.0999943 -0.000924
-0.00321988 2.02504 0.221145 -0.000407782 2.03735 0.22 0.000421435 0.0662272 0.0933214 -0.000543158 0.0999963 -0.000672725
-0.0032772 2.02586 0.22229 -0.000413653 2.03835 0.22 -0.00409777 0.0832102 0.0660495 -0.000600517 0.0999969 -0.000514818
-0.0032983 2.02644 0.22313 -0.000420219 2.03935 0.22 -0.00309596 0.0563708 0.0476891 -0.000674689 0.0999964 -0.000513663
-0.00330495 2.02721 0.22393 -0.00042709 2.04035 0.22 0.00622329 0.107652 0.0589789 -0.000689723 0.0999966 -0.000440929
-0.00330235 2.02812 0.224664 -0.000433715 2.04135 0.22 0.00137481 0.0764074 0.0582082 -0.000651272 0.0999963 -0.0005686
-0.00335961 2.02897 0.22544 -0.000439672 2.04235 0.22 -0.00919416 0.101261 0.0571157 -0.000586853 0.0999971 -0.000490226
-0.0034275 2.03018 0.226168 -0.000445397 2.04335 0.22 -0.00346526 0.13499 0.0619515 -0.00057703 0.0999969 -0.00053703
-0.00344551 2.03128 0.226873 -0.000451834 2.04435 0.22 0.00133065 0.0933246 0.0474202 -0.000681633 0.0999962 -0.000541783
-0.00345601 2.03244 0.227375 -0.000459283 2.04535 0.22 0.000292258 0.10766 0.0304792 -0.000767849 0.0999955 -0.000549415
-0.0034404 2.03373 0.22784 -0.000467984 2.04635 0.22 0.0030189 0.131963 0.0326701 -0.000873463 0.0999946 -0.000571155
-0.00342706 2.03504 0.228172 -0.000477049 2.04735 0.22 0.0022975 0.13624 0.0123221 -0.000901991 0.0999943 -0.000570533
-0.00344625 2.03628 0.228482 -0.000485717 2.04835 0.22 -0.00861246 0.100391 0.0141621 -0.000852933 0.0999947 -0.000574308
-0.003464 2.0375 0.228751 -0.000494056 2.04935 0.22 -0.00461331 0.131629 0.0150207 -0.000826571 0.0999947 -0.000609193
-0.00347873 2.03778 0.228908 -0.00050232 2.05035 0.22 0 0 0 -0.000827772 0.0999944 -0.000661938
-0.00347873 2.03778 0.168669 -0.00051076 2.05135 0.22 0 0 0 -0.000845593 0.0999928 -0.000853171
-0.00347873 2.03778 0.178848 -0.000519391 2.05235 0.22 0 0 0 -0.000864077 0.099992 -0.000923559
-0.00346541 2.04305 0.191689 -0.000528065 2.05335 0.22 -0.00909123 0.508032 0.959486 -0.000868277 0.0999917 -0.000947036
-0.0038252 2.04652 0.202559 -0.000536755 2.05435 0.22 -0.0365506 0.264403 0.733095 -0.000868092 0.0999904 -0.00108067
-0.0038235 2.04719 0.210185 -0.000545308 2.05535 0.22 0.0119487 -0.104102 0.449138 -0.000853697 0.0999912 -0.00101204
-0.00376277 2.04695 0.215841 -0.000553755 2.05635 0.22 0.0150895 0.128343 0.400693 -0.000839946 0.0999925 -0.000887617
-0.00369122 2.04956 0.219676 -0.000561765 2.05735 0.22 -0.0138439 0.382749 0.0909394 -0.000793619 0.0999965 -0.000283075
-0.00373124 2.05172 0.219373 -0.000569447 2.05835 0.22 0.0170422 -0.0216392 -0.0526827 -0.000760534 0.0999958 0.000512818
-0.00354444 2.05097 0.21864 -0.000576707 2.05935 0.22 0.00444944 -0.00921568 -0.0209224 -0.000721247 0.0999965 0.000433845
-0.00354466 2.0513 0.218607 -0.000583995 2.06035 0.22 0.00618141 0.00522451 -0.000385732 -0.000729342 0.0999924 -0.000992371
-0.00354283 2.05029 0.218611 -0.000591105 2.06135 0.22 0.00533315 -0.148531 -0.0407977 -0.000703229 0.0999774 -0.00200843
-0.00345117 2.04998 0.218109 -0.000597917 2.06235 0.22 0.00962818 0.0709838 -0.0250508 -0.000683257 0.0999421 -0.00333432
-0.00333524 2.05015 0.217935 -0.000604708 2.06335 0.22 -0.00202796 0.0462828 0.00657923 -0.00067706 0.0999097 -0.0041942
-0.0033213 2.05104 0.217856 -0.000611165 2.06434 0.22 0.00473723 0.135995 -0.00939046 -0.000632314 0.0998898 -0.00465009
-0.00331052 2.0525 0.217999 -0.000617162 2.06534 0.22 0.00486064 0.150341 0.0149481 -0.000580142 0.0998912 -0.00462813
-0.00328312 2.05425 0.218246 -0.000623506 2.06654 0.22 0.00588055 0.174175 0.0258802 -0.000496837 0.0999043 -0.00434554
-0.00328392 2.05592 0.218926 -0.000628112 2.06754 0.22 -0.00216637 0.158162 0.0516234 -0.000448225 0.0999103 -0.00421057
-0.00330348 2.05739 0.219778 -0.000632082 2.06854 0.22 0.0025892 0.161218 0.0638342 -0.000395079 0.0999132 -0.0041457
-0.00330273 2.05884 0.220897 -0.000635594 2.06954 0.22 -0.00323922 0.165801 0.0922127 -0.000345806 0.0999103 -0.00422009
-0.00330672 2.06041 0.222025 -0.000638956 2.07054 0.22 0.00109262 0.151851 0.0866336 -0.000334357 0.0999132 -0.00415211
-0.0033319 2.06197 0.223192 -0.000642426 2.07154 0.22 -0.00924841 0.157418 0.0934012 -0.000357368 0.0999122 -0.00417443
-0.00330741 2.06369 0.224377 -0.000646232 2.07254 0.22 0.00133791 0.181415 0.0861113 -0.000383831 0.0999126 -0.00416114
-0.00332584 2.06552 0.225471 -0.000650352 2.07354 0.22 0.00289928 0.161334 0.085719 -0.000412785 0.0999177 -0.00403459
-0.00331472 2.06721 0.22657 -0.000654459 2.07454 0.22 0.00174692 0.183861 0.0853739 -0.000408489 0.0999257 -0.00383328
-0.00330246 2.06911 0.22752 -0.000658456 2.07553 0.22 -0.00339951 0.173287 0.0753532 -0.000398078 0.0999332 -0.00363376
-0.00326881 2.07068 0.22852 -0.000662575 2.07653 0.22 0.00313325 0.17446 0.0771063 -0.000419376 0.0999407 -0.00341853
-0.0032614 2.0723 0.229443 -0.000667276 2.07753 0.22 0.00312224 0.13675 0.0659902 -0.000476374 0.099944 -0.00331244
-0.0032571 2.07367 0.23028 -0.000673354 2.07853 0.22 -0.000989739 0.140624 0.0563732 -0.000636982 0.0999465 -0.00320909
-0.00332387 2.07506 0.230992 -0.000680066 2.07953 0.22 -0.0092078 0.131699 0.0686764 -0.00067917 0.0999476 -0.00316384
-0.00336179 2.07637 0.231553 -0.000686772 2.08053 0.22 -0.00183955 0.126288 0.054448 -0.000664902 0.0999507 -0.00306919
-0.0033746 2.07756 0.232018 -0.000693122 2.08153 0.22 0.000174843 0.0819445 0.0299081 -0.000630373 0.0999543 -0.00295695
-0.00337165 2.07861 0.232389 -0.000699463 2.08253 0.22 -0.00611019 0.107287 0.0346448 -0.000647218 0.0999579 -0.00282943
-0.00342101 2.07971 0.232727 -0.00070655 2.08353 0.22 -0.00314669 0.0816223 0.0370228 -0.000749002 0.099958 -0.00279951
-0.00344453 2.08059 0.232915 -0.000714859 2.08453 0.22 0.000627285 0.0923128 0.00220266 -0.000852279 0.0999575 -0.00278869
-0.00346577 2.08142 0.232946 -0.000724598 2.08553 0.22 -0.00857983 0.0917821 0.00458339 -0.000977265 0.0999569 -0.0027687
-0.00351599 2.0824 0.232831 -0.000735223 2.08653 0.22 -0.00397037 0.0934645 -0.00273219 -0.00107182 0.0999573 -0.0027171
-0.00351599 2.0824 0.158563 -0.000746067 2.08753 0.22 0 0 0 -0.00108576 0.0999599 -0.00261482
-0.00351599 2.0824 0.166897 -0.000756687 2.08853 0.22 0 0 0 -0.00104386 0.0999569 -0.00274259
-0.00351725 2.08247 0.177805 -0.000766701 2.08953 0.22 -0.00373254 0.0365764 0.883644 -0.000993748 0.0999601 -0.0026437
-0.00359804 2.08323 0.190198 -0.000775772 2.09053 0.22 -0.0078559 0.107681 0.881509 -0.000905521 0.0999643 -0.00251444
-0.00365336 2.08472 0.201647 -0.000783532 2.09153 0.22 -0.000348553 0.158963 0.785369 -0.000755924 0.099969 -0.00237033
-0.00365959 2.08569 0.211896 -0.000790218 2.09253 0.22 0.0077196 -0.0511961 0.516657 -0.000649043 0.0999711 -0.00231331
-0.00355877 2.08559 0.214815 -0.000796145 2.09353 0.22 0.00589125 -0.0351217 0.0304108 -0.000585225 0.0999724 -0.0022743
-0.00348519 2.08693 0.214545 -0.000802632 2.09453 0.22 -0.0190782 0.274305 -0.0963237 -0.000685878 0.0998633 -0.00518123
-0.00366852 2.08906 0.213584 -0.000810616 2.09553 0.22 -0.00550088 0.00638585 -0.0727697 -0.000844229 0.0998947 -0.00451038
-0.00371428 2.0892 0.21288 -0.000819789 2.09652 0.22 -0.0150442 0.120945 -0.0386357 -0.000948524 0.0999113 -0.00410377
-0.00374518 2.09062 0.21257 -0.000831082 2.09752 0.22 -0.00153541 0.0942659 -0.0465571 -0.00114687 0.0999315 -0.00351943
-0.00363112 2.09126 0.212103 -0.000843939 2.09852 0.22 0.00291583 0.0678399 -0.0309871 -0.00130994 0.0999479 -0.00294998
-0.00357191 2.09234 0.211894 -0.000858456 2.09952 0.22 0.0169905 0.085323 0.00533857 -0.00148592 0.0999623 -0.0023084
-0.00346381 2.09313 0.21255 -0.000876813 2.10072 0.22 0.0100934 0.0656363 0.0400926 -0.00154178 0.0999719 -0.00179978
-0.00337924 2.09405 0.213052 -0.000892035 2.10172 0.22 0.00721383 0.114193 0.0368291 -0.00150377 0.099982 -0.0011534
-0.00334042 2.09484 0.213542 -0.000906739 2.10272 0.22 0.00743845 0.0630438 0.0471435 -0.00145709 0.0999861 -0.000816334
-0.00336341 2.09535 0.214416 -0.000920637 2.10372 0.22 -0.00765086 0.037842 0.0616902 -0.00138284 0.0999894 -0.00044575
-0.00341803 2.09588 0.215374 -0.000933883 2.10472 0.22 -0.00151042 0.0392332 0.0769804 -0.00132315 0.0999911 -0.000155751
-0.00347091 2.09625 0.21648 -0.000946765 2.10572 0.22 0.00243705 0.0370948 0.094727 -0.00128669 0.0999916 0.000163755
-0.0035654 2.09664 0.217777 -0.000959574 2.10672 0.22 -0.0122505 0.0650095 0.114463 -0.00127797 0.0999909 0.000424767
-0.00369773 2.09707 0.219111 -0.000972313 2.10772 0.22 -0.0129184 0.0452695 0.105935 -0.0012725 0.0999894 0.000702762
-0.00383928 2.09733 0.220386 -0.000984886 2.10872 0.22 -0.019651 0.0178872 0.100536 -0.0012532 0.0999879 0.000919
-0.00396349 2.09784 0.221553 -0.000996847 2.10972 0.22 -0.00804056 0.056551 0.086258 -0.00118513 0.0999857 0.0012049
-0.00404515 2.09815 0.222669 -0.0010082 2.11072 0.22 -0.00524488 0.0226569 0.08357 -0.00112309 0.0999847 0.00134166
-0.00412057 2.09817 0.223651 -0.00101908 2.11172 0.22 -0.0115229 0.0174173 0.0703822 -0.0010834 0.0999848 0.00136453
-0.00419502 2.09852 0.224574 -0.00102995 2.11272 0.22 -0.0107576 0.0426772 0.0887463 -0.00109123 0.099986 0.0012652
-0.00426303 2.09888 0.225415 -0.00104124 2.11372 0.22 -0.0116398 0.0626975 0.0662661 -0.00114639 0.0999871 0.00112407
-0.00438783 2.09978 0.226162 -0.00105287 2.11472 0.22 -0.0101367 0.0681595 0.0484851 -0.00116721 0.0999871 0.00110613
-0.00452777 2.10054 0.227018 -0.0010644 2.11572 0.22 -0.0246961 0.0710784 0.0673564 -0.00114321 0.0999863 0.00119608
-0.00473298 2.10158 0.227764 -0.00107512 2.11672 0.22 -0.0211548 0.0863834 0.0358895 -0.00105708 0.0999848 0.00138978
-0.00491981 2.10253 0.228264 -0.001085 2.11772 0.22 -0.0194441 0.114111 0.0333927 -0.000981722 0.0999507 0.00298141
-0.00508677 2.10352 0.228641 -0.00109493 2.11872 0.22 -0.0173392 0.0910222 0.014013 -0.00100258 0.0999483 0.00305491
-0.00524748 2.10453 0.228854 -0.00110577 2.11972 0.22 -0.0137415 0.117986 0.0236061 -0.00109243 0.0999469 0.00307046
-0.00534363 2.1055 0.228945 -0.00111793 2.12072 0.22 -0.00845443 0.121572 -0.00876274 -0.00123397 0.0999481 0.00297537
-0.00537021 2.10652 0.228896 -0.00113053 2.12172 0.22 -0.00694037 0.0837756 -0.00723997 -0.00126493 0.0999454 0.00305322
-0.00120519 2.10833 0.22879 -0.00114305 2.12272 0.22 -0.0053395 0.116798 0.00203578 -0.00125017 0.0999488 0.00294387
-0.00123073 2.10906 0.228701 -0.00115522 2.12372 0.22 0 0 0 -0.00121373 0.0999532 0.00280638
-0.00123073 2.10906 0.164592 -0.00116702 2.12472 0.22 0 0 0 -0.00117784 0.0999403 0.00324739
-0.00123073 2.10906 0.173496 -0.00117879 2.12572 0.22 0 0 0 -0.00117963 0.0999445 0.00311408
-0.00137309 2.11221 0.185586 -0.00119077 2.12672 0.22 -0.0244912 0.583538 1.02768 -0.00120579 0.0999492 0.00294956
-0.00162679 2.11685 0.19786 -0.00120323 2.12771 0.22 -0.0564936 0.313868 0.778697 -0.00125661 0.0999543 0.00274939
-0.00193661 2.11951 0.206627 -0.00121629 2.12871 0.22 -0.0108558 0.1425 0.503299 -0.00132739 0.0999537 0.00273923
-0.00217918 2.11986 0.210666 -0.00122972 2.12971 0.22 -0.0143865 0.0339442 0.191583 -0.00134754 0.0999533 0.00274359
-0.00211677 2.1206 0.212723 -0.00124326 2.13071 0.22 0.033406 0.11168 0.130828 -0.00135544 0.099958 0.00255999
-0.00198051 2.12196 0.213486 -0.00125706 2.13171 0.22 -0.00457293 0.113153 0.0135104 -0.00138803 0.0999602 0.00245614
-0.00204995 2.12267 0.21327 -0.00127148 2.13271 0.22 -0.00953654 0.0407353 -0.0289542 -0.00145166 0.0999637 0.00227062
-0.00214917 2.12322 0.212896 -0.00128574 2.13371 0.22 -0.0016847 0.049115 -0.025522 -0.00139625 0.099975 0.00174463
-0.00214946 2.12357 0.212752 -0.00129886 2.13471 0.22 0.00675286 0.00960948 -0.0105889 -0.00127428 0.0999819 0.00140969
-0.00205928 2.12391 0.21265 -0.00130953 2.13571 0.22 0.010566 0.0525989 0.0126212 -0.00104126 0.0999904 0.000911592
-0.00197792 2.12472 0.212909 -0.00131779 2.13671 0.22 0.00514842 0.0834877 0.0612111 -0.000815784 0.0999957 0.000434139
-0.00195004 2.1254 0.213462 -0.00132378 2.13771 0.22 -0.00551739 0.107781 0.0431566 -0.00056286 0.0999984 -4.92106e-05
-0.00199455 2.12667 0.214212 -0.00132906 2.13891 0.22 -0.00773143 0.101567 0.0627772 -0.00040977 0.0999985 -0.000368874
-0.00205569 2.12774 0.215078 -0.00133206 2.13991 0.22 -0.00280991 0.125109 0.0627303 -0.000272157 0.0999976 -0.00064456
-0.00210078 2.1293 0.216043 -0.00133445 2.14091 0.22 -0.000416817 0.185703 0.0807313 -0.000229029 0.0999966 -0.000794948
-0.00214147 2.13072 0.217207 -0.00133685 2.14191 0.22 -0.00343627 0.158833 0.0918202 -0.000244974 0.0999961 -0.000854076
-0.00213093 2.13226 0.218389 -0.00134018 2.14291 0.22 0.00426032 0.1444 0.09222 -0.000354958 0.0999953 -0.000901639
-0.00208156 2.13391 0.219753 -0.00134472 2.14391 0.22 0.00693732 0.162679 0.104599 -0.000486727 0.0999946 -0.000916137
-0.00202583 2.13548 0.221023 -0.00135035 2.14491 0.22 0.00352818 0.134175 0.108677 -0.000584596 0.0999946 -0.00086463
-0.0019782 2.13694 0.222414 -0.00135662 2.14591 0.22 0.0012921 0.156182 0.121248 -0.00063321 0.0999913 -0.00115589
-0.00204397 2.13855 0.223772 -0.00136352 2.14691 0.22 -0.0215179 0.159116 0.110741 -0.000688312 0.0999906 -0.00118995
-0.00212855 2.14002 0.225046 -0.00137079 2.14791 0.22 -0.0147234 0.134815 0.0956222 -0.000730746 0.0999895 -0.00124919
-0.00219986 2.14163 0.226212 -0.00137828 2.14891 0.22 -0.00375187 0.173721 0.105353 -0.000752597 0.0999819 -0.00174578
-0.0022601 2.14326 0.227144 -0.00138609 2.14991 0.22 -0.00421821 0.134784 0.0842521 -0.000788921 0.0999769 -0.00200024
-0.00227025 2.14455 0.227928 -0.00139452 2.15091 0.22 -0.00180916 0.128409 0.0596812 -0.000858106 0.0999803 -0.00179202
-0.00234849 2.1461 0.228686 -0.00140378 2.15191 0.22 -0.0121589 0.150142 0.047466 -0.000949616 0.0999829 -0.00158462
-0.00243263 2.1473 0.229468 -0.00141352 2.15291 0.22 -0.0153063 0.118988 0.0611072 -0.000980816 0.0999834 -0.00153566
-0.00251761 2.14856 0.230067 -0.00142336 2.15391 0.22 -0.00926604 0.12605 0.0467818 -0.000979399 0.0999845 -0.00146401
-0.00254767 2.14958 0.230615 -0.00143287 2.15491 0.22 -0.00502088 0.0834643 0.0405224 -0.000946518 0.0999854 -0.00142363
-0.00259659 2.15056 0.230972 -0.00144232 2.15591 0.22 -0.00908096 0.124679 0.015209 -0.000955015 0.0999864 -0.00134482
-0.00268813 2.15158 0.231229 -0.00145226 2.15691 0.22 -0.00693934 0.0888768 0.0264972 -0.00101605 0.0999868 -0.00126477
-0.00275875 2.15238 0.231491 -0.00146285 2.15791 0.22 -0.00392356 0.0928815 0.00645183 -0.00107674 0.0999869 -0.0012101
-0.0027901 2.15308 0.231544 -0.00147442 2.15891 0.22 0.00113328 0.0568083 0.0208407 -0.00115875 0.0999862 -0.00118839
-0.00286077 2.15377 0.231652 -0.00148642 2.15991 0.22 -0.00469769 0.108882 -0.00152013 -0.00120232 0.0999857 -0.00119277
-0.00289276 2.1541 0.231604 -0.0014984 2.16091 0.22 0 0 0 -0.0011932 0.0999855 -0.00121184
-0.00289276 2.1541 0.162615 -0.0015101 2.16191 0.22 0 0 0 -0.00115486 0.0999858 -0.00122673
-0.00289276 2.1541 0.171714 -0.00152132 2.16291 0.22 0 0 0 -0.00111739 0.0999862 -0.00122893
-0.00309764 2.1549 0.183275 -0.00153204 2.16391 0.22 -0.0268645 0.153042 0.895936 -0.00106841 0.0999872 -0.00119358
-0.00334674 2.15666 0.195311 -0.00154236 2.16491 0.22 -0.00508995 0.199078 0.831945 -0.00101842 0.0999883 -0.00114078
-0.00342214 2.15839 0.206163 -0.00155196 2.16591 0.22 -0.00666585 0.129934 0.74031 -0.000941726 0.0999903 -0.00102561
-0.00349778 2.15812 0.214807 -0.00156082 2.16691 0.22 -0.0133351 -0.11987 0.287227 -0.000870876 0.0999911 -0.00101512
-0.00394626 2.15859 0.220614 -0.00157099 2.16811 0.22 -0.0247083 0.374209 0.237031 -0.000848602 0.099992 -0.000933057
-0.00412263 2.16179 0.221187 -0.00157944 2.16911 0.22 -0.0239313 0.0932424 -0.0232814 -0.000845312 0.099995 -0.000541081
-0.00425294 2.16228 0.220188 -0.00158781 2.17011 0.22 -0.020384 0.0794985 -0.0540558 -0.000843441 0.0999957 0.000381651
-0.004452 2.16345 0.219083 -0.00159717 2.17111 0.22 -0.0158816 0.121129 -0.103332 -0.000966447 0.0999912 0.000913414
-0.00439821 2.1635 0.217877 -0.00160825 2.17211 0.22 0.0181953 -0.0428625 -0.10478 -0.00113354 0.0999866 0.00117894
-0.00415515 2.16378 0.216669 -0.00162083 2.17311 0.22 0.0297488 0.0984567 -0.109256 -0.00127671 0.0999838 0.00127044
-0.00384584 2.16485 0.215809 -0.00163459 2.17411 0.22 0.0350307 0.0772859 -0.0426618 -0.00140777 0.0999824 0.00124086
-0.00357254 2.16531 0.215536 -0.00164887 2.17511 0.22 0.0231306 0.061754 -0.00203046 -0.00142888 0.0999806 0.00135501
-0.00341259 2.16637 0.21567 -0.00166281 2.17611 0.22 0.00985993 0.088962 0.0215111 -0.00138373 0.0999773 0.00162132
-0.00335219 2.16716 0.21631 -0.00167571 2.17711 0.22 0.00519087 0.0449422 0.0592025 -0.00128269 0.0999712 0.00202783
-0.00336615 2.16777 0.217089 -0.0016873 2.17811 0.22 -0.00412295 0.0748975 0.0515906 -0.00113755 0.0999608 0.00255701
-0.0034652 2.16862 0.217761 -0.001698 2.17911 0.22 -0.0151104 0.0556157 0.0561428 -0.00104929 0.0999527 0.00289091
-0.00357115 2.16898 0.218642 -0.00170802 2.18011 0.22 -0.010931 0.0298459 0.0757253 -0.000985423 0.0999473 0.00309423
-0.00367138 2.16935 0.219568 -0.00171762 2.18111 0.22 -0.00883824 0.0563567 0.0790122 -0.000956506 0.0999453 0.00316647
-0.00369394 2.16995 0.22056 -0.00172711 2.1821 0.22 0.00240533 0.0677154 0.0806568 -0.00095452 0.0999452 0.0031687
-0.00370687 2.17053 0.221564 -0.00173691 2.1831 0.22 -0.00710937 0.0599191 0.0732597 -0.000986631 0.0999445 0.00318283
-0.0037337 2.17104 0.222634 -0.00174698 2.1841 0.22 -0.00303341 0.0813007 0.088663 -0.00101365 0.099942 0.00325118
-0.00374861 2.17167 0.223766 -0.00175722 2.1851 0.22 -0.00239628 0.0553297 0.0931576 -0.0010251 0.0999281 0.00365082
-0.00376472 2.17222 0.224709 -0.0017674 2.1861 0.22 -0.00101522 0.0472157 0.0782155 -0.00101267 0.0999228 0.00379534
-0.00379969 2.17296 0.225565 -0.0017775 2.1871 0.22 -0.0113087 0.0767234 0.0615771 -0.00100993 0.0998961 0.00444424
-0.00389005 2.17371 0.226296 -0.00178774 2.1881 0.22 -0.00716291 0.0716137 0.043857 -0.0010287 0.0998961 0.00443896
-0.00396893 2.17445 0.226828 -0.00179847 2.1891 0.22 -0.00393127 0.0623957 0.0426685 -0.00108364 0.0998983 0.00437609
-0.00407974 2.17519 0.227367 -0.00180993 2.1901 0.22 -0.0123958 0.0732094 0.0351784 -0.00116264 0.099905 0.00420086
-0.00415551 2.17604 0.227817 -0.00182161 2.1911 0.22 -0.0134221 0.108948 0.0458009 -0.00116384 0.0999175 0.00389006
-0.00423278 2.17715 0.228333 -0.00183298 2.1921 0.22 -0.0115106 0.113052 0.0503493 -0.00112347 0.09992 0.0038387
-0.00431111 2.17827 0.228843 -0.00184347 2.1931 0.22 -0.0076962 0.126913 0.0422012 -0.00104553 0.0999217 0.00381615
-0.00438257 2.17959 0.229359 -0.00185357 2.19409 0.22 -0.00522665 0.113554 0.0329982 -0.00101535 0.0999192 0.00388824
-0.00441531 2.18075 0.229711 -0.00186408 2.19509 0.22 -0.00591965 0.131975 0.0179507 -0.00107512 0.0999151 0.00397808
-0.00445792 2.18204 0.229903 -0.00187533 2.19609 0.22 -0.00293289 0.12715 0.0080129 -0.00115105 0.099912 0.00403318
-0.00453304 2.18327 0.230065 -0.00188724 2.19709 0.22 -0.0169908 0.110996 -0.000548569 -0.00119579 0.099902 0.00426253
-0.00456702 2.18349 0.161668 -0.00190191 2.19829 0.22 0 0 0 -0.00121983 0.0999014 0.00426982
-0.00456702 2.18349 0.170123 -0.00191382 2.19929 0.22 0 0 0 -0.00118661 0.0999063 0.00416138
-0.00589954 2.18918 0.181824 -0.00192499 2.20029 0.22 -0.0233102 0.539981 0.993688 -0.00110081 0.0999143 0.00399016
-0.00603216 2.19443 0.194727 -0.00193546 2.20129 0.22 0.000580145 0.449623 0.952762 -0.00103087 0.0999196 0.00387437
-0.0060208 2.19736 0.204418 -0.00194515 2.20229 0.22 0.0178065 0.13422 0.607108 -0.000951815 0.0999228 0.00381099
-0.00574498 2.1964 0.209945 -0.00195425 2.20329 0.22 0.0223994 -0.122252 0.319861 -0.000907819 0.0999183 0.00393695
-0.00556156 2.19844 0.210873 -0.00196259 2.20429 0.22 -0.0148223 0.409515 -0.00594852 -0.00082182 0.0998979 0.00444207
-0.00566608 2.20031 0.210879 -0.00197055 2.20528 0.22 -0.00691211 -0.0126587 0.00750477 -0.000795746 0.0998777 0.00487988
-0.00560342 2.19959 0.210605 -0.0019789 2.20628 0.22 0.0146756 -0.00665207 -0.013564 -0.000849863 0.0998908 0.00459408
-0.0055018 2.20036 0.210871 -0.00198813 2.20728 0.22 0.00602919 0.0224078 0.0331961 -0.000937762 0.0999281 0.00367486
-0.00543914 2.19972 0.211169 -0.00199812 2.20828 0.22 0.00254342 -0.0450551 0.00046119 -0.00101718 0.0999652 0.00243363
-0.00547257 2.20018 0.211232 -0.00200861 2.20928 0.22 -0.00356729 0.0909391 0.0221489 -0.00105949 0.0999782 0.00180132
-0.00557531 2.20079 0.21141 -0.00201929 2.21028 0.22 -0.00890718 0.0276941 0.024154 -0.00105858 0.0999863 0.00127068
-0.00566962 2.20179 0.211863 -0.00202917 2.21128 0.22 -0.0164107 0.141486 0.0560848 -0.000971242 0.099989 0.00112198
-0.0057783 2.20308 0.212496 -0.00203772 2.21228 0.22 -0.0198877 0.133803 0.064165 -0.000814836 0.0999898 0.00117611
-0.00588615 2.20422 0.213308 -0.00204502 2.21328 0.22 -0.00689868 0.123657 0.0913557 -0.00068623 0.0999894 0.00128436
-0.00594611 2.20558 0.214364 -0.00205114 2.21428 0.22 -0.00360505 0.136228 0.0968792 -0.000574135 0.0999901 0.00128403
-0.00597803 2.20673 0.215678 -0.00205636 2.21528 0.22 -0.00466193 0.0884917 0.100341 -0.000515798 0.0999914 0.00120792
-0.00606851 2.2079 0.217089 -0.00206104 2.21628 0.22 0.00347802 0.10721 0.113747 -0.000467552 0.0999935 0.00104065
-0.00609026 2.20921 0.218608 -0.00206574 2.21728 0.22 0.0031174 0.132418 0.130471 -0.000474908 0.0999947 0.000912222
-0.00612809 2.21047 0.220127 -0.00207082 2.21828 0.22 8.89755e-05 0.109039 0.12561 -0.00052289 0.0999946 0.000897224
-0.00619152 2.21185 0.221628 -0.00207652 2.21928 0.22 -0.00155518 0.182817 0.107475 -0.000580108 0.0999977 0.000348603
-0.00626107 2.21335 0.223038 -0.00208242 2.22028 0.22 -0.00937899 0.154252 0.1145 -0.000587869 0.0999976 0.000368722
-0.0063091 2.21477 0.22434 -0.00208796 2.22128 0.22 -0.00433299 0.156469 0.0969791 -0.00054484 0.0999985 -9.19061e-05
-0.00632379 2.21627 0.225492 -0.00209311 2.22228 0.22 -0.000912235 0.1526 0.0889666 -0.000511767 0.0999982 0.000319185
-0.00634984 2.21775 0.226606 -0.00209848 2.22328 0.22 -0.00220659 0.151186 0.0870086 -0.000550396 0.0999971 0.0005299
-0.0063691 2.21911 0.227672 -0.00210473 2.22428 0.22 -0.00249241 0.128912 0.0819123 -0.000647551 0.0999952 0.000732968
-0.00641192 2.22043 0.22863 -0.00211214 2.22528 0.22 -0.00293199 0.116834 0.0820198 -0.000768585 0.0999926 0.000938766
-0.00645077 2.22171 0.229556 -0.00211997 2.22628 0.22 -0.00435969 0.135797 0.0567631 -0.000784714 0.0999914 0.00104625
-0.00650733 2.2228 0.230247 -0.00212755 2.22728 0.22 0.00177333 0.0884675 0.0527776 -0.000750479 0.0999902 0.0011838
-0.00654839 2.22404 0.230954 -0.00213589 2.22848 0.22 -0.00571667 0.12285 0.0492573 -0.00068789 0.0999887 0.00133805
-0.00658521 2.22503 0.231543 -0.00214293 2.22948 0.22 -0.00350222 0.0595622 0.0444949 -0.000713734 0.0999875 0.00140919
-0.00660049 2.22583 0.231917 -0.00215113 2.23048 0.22 -0.00280559 0.0891998 0.0342319 -0.000863747 0.0999854 0.00147471
-0.00660048 2.22673 0.232177 -0.00216062 2.23148 0.22 0.00105713 0.0786706 0.0209199 -0.00100031 0.0999832 0.00153897
-0.0066377 2.22757 0.232339 -0.00217099 2.23248 0.22 -0.000233442 0.102318 0.0159703 -0.001045 0.0999816 0.00160884
-0.00667076 2.22823 0.232387 -0.00218142 2.23348 0.22 -0.00346844 0.0725323 0.0092027 -0.00103932 0.0999801 0.00170495
-0.00666613 2.22871 0.232437 -0.00219121 2.23448 0.22 0 0 0 -0.000962862 0.0999765 0.00194048
-0.00666613 2.22871 0.161928 -0.00220035 2.23548 0.22 0 0 0 -0.000887917 0.0999788 0.00185968
-0.00666613 2.22871 0.170526 -0.00220884 2.23648 0.22 0 0 0 -0.000829754 0.0999776 0.00194538
-0.0066634 2.22906 0.181532 -0.00221685 2.23748 0.22 -0.000518958 0.0705186 0.873485 -0.000797653 0.0999765 0.00201814
-0.00664818 2.23049 0.193445 -0.00222437 2.23848 0.22 0.00583601 0.174282 0.850686 -0.000749337 0.0999758 0.00206644
-0.0065196 2.23189 0.202846 -0.00223116 2.23948 0.22 0.0173576 0.0300664 0.585626 -0.000667505 0.0999742 0.00217288
-0.006229 2.23165 0.209886 -0.00223728 2.24048 0.22 0.0225063 -0.0127641 0.534898 -0.000597761 0.0999697 0.0023863
-0.00616134 2.23278 0.216827 -0.00224283 2.24148 0.22 0.00182585 0.207487 0.496083 -0.000550877 0.0999542 0.00297721
-0.00610599 2.23476 0.219038 -0.0022482 2.24248 0.22 -0.0122233 0.137457 -8.97461e-05 -0.000533311 0.0999347 0.00357447
-0.00628595 2.23502 0.218493 -0.00225321 2.24348 0.22 -0.006251 0.0609238 -0.0506338 -0.000483108 0.0999112 0.00418671
-0.00628515 2.23648 0.216893 -0.0022567 2.24448 0.22 -0.00298757 0.127042 -0.151146 -0.000310384 0.0998883 0.00471425
-0.00634052 2.23741 0.215174 -0.00225777 2.24547 0.22 -0.00361934 0.0367087 -0.0901073 -9.52638e-05 0.0998807 0.00488142
-0.00645173 2.23782 0.214231 -0.00225706 2.24647 0.22 -0.0214694 0.0731359 -0.0605926 9.57071e-05 0.0998832 0.00483091
-0.00656356 2.23875 0.213676 -0.00225492 2.24747 0.22 -0.0158681 0.109413 -0.00708175 0.000246092 0.0998699 0.00509283
-0.00661233 2.23967 0.213877 -0.00225217 2.24847 0.22 -0.00615554 0.0827335 0.0401535 0.000282849 0.0998538 0.00539761
-0.00660393 2.24033 0.21443 -0.00224915 2.24947 0.22 -0.00527971 0.0725054 0.0368268 0.000300369 0.0998217 0.00596116
-0.00658312 2.24106 0.215085 -0.00224647 2.25047 0.22 0.00705389 0.0573918 0.0308588 0.000261276 0.0997855 0.00654133
-0.00644217 2.24155 0.2157 -0.00224495 2.25146 0.22 0.0146179 0.0274295 0.0488062 0.000121655 0.0997461 0.00712081
-0.00626837 2.24191 0.216508 -0.00224493 2.25246 0.22 0.0177306 0.0257278 0.071208 -3.84195e-05 0.0997259 0.0073995
-0.00609292 2.24223 0.21747 -0.00224642 2.25346 0.22 0.0184427 0.0226221 0.083717 -0.000195365 0.099718 0.00750207
-0.00596562 2.24248 0.218527 -0.00224938 2.25446 0.22 0.0119803 0.0132843 0.0982675 -0.000311406 0.0997152 0.00753539
-0.00593639 2.2429 0.219725 -0.00225425 2.25545 0.22 -0.00356458 0.0580873 0.115533 -0.000511113 0.0997129 0.00755496
-0.0059971 2.24353 0.221318 -0.00226069 2.25645 0.22 -0.00513301 0.0427648 0.0724436 -0.000672916 0.0996976 0.00774176
-0.00602171 2.24416 0.222619 -0.00227019 2.25765 0.22 -0.00187943 0.0757999 0.10525 -0.000837006 0.099656 0.00824487
-0.00604196 2.24508 0.223837 -0.0022792 2.25864 0.22 -0.00332509 0.0996028 0.10923 -0.000918124 0.0996324 0.00851738
-0.00606096 2.24578 0.224954 -0.00228874 2.25964 0.22 -0.0039381 0.0597282 0.104315 -0.000960706 0.099612 0.0087478
-0.00611259 2.24638 0.225929 -0.00229842 2.26063 0.22 -0.00264641 0.0579968 0.0725336 -0.000967696 0.0996021 0.00885892
-0.00617491 2.24716 0.226719 -0.00230795 2.26163 0.22 -0.00881072 0.0963278 0.0680992 -0.00094932 0.0995927 0.00896621
-0.00622442 2.24793 0.227429 -0.00231731 2.26263 0.22 -0.00395311 0.0794378 0.0678075 -0.000932227 0.099588 0.00902045
-0.00623994 2.24878 0.228175 -0.0023266 2.26362 0.22 0.0030732 0.0815423 0.0534647 -0.00093331 0.0995804 0.00910338
-0.00626187 2.24959 0.228731 -0.00233634 2.26462 0.22 -0.00199977 0.0657977 0.0434783 -0.000983967 0.0995695 0.00921693
-0.00624799 2.25058 0.229189 -0.00234678 2.26561 0.22 0.00597719 0.111536 0.0434712 -0.00106077 0.0995531 0.00938367
-0.00620316 2.25168 0.229614 -0.00235762 2.26661 0.22 0.0132429 0.102041 0.0298169 -0.00109178 0.0995402 0.00951569
-0.00617655 2.25267 0.229908 -0.00236849 2.2676 0.22 -0.00104647 0.0822231 0.0206825 -0.00108238 0.0994897 0.0100314
-0.00622303 2.25382 0.230181 -0.00237892 2.2686 0.22 -0.00763648 0.13019 0.0305634 -0.00103998 0.0994759 0.0101713
-0.00626342 2.25509 0.230262 -0.00238905 2.26959 0.22 -0.00104766 0.11414 0.0153797 -0.00101336 0.0994634 0.0102958
-0.00630879 2.25636 0.230368 -0.00239929 2.27059 0.22 0.000918793 0.114082 0.0138827 -0.0010336 0.0994483 0.0104384
-0.00630882 2.25683 0.230447 -0.00240997 2.27158 0.22 0 0 0 -0.00109415 0.0993905 0.0109695
-0.00630882 2.25683 0.165963 -0.00242135 2.27258 0.22 0 0 0 -0.0011466 0.0993376 0.0114336
-0.00630882 2.25683 0.175764 -0.00243358 2.27357 0.22 0 0 0 -0.0012288 0.0993538 0.0112837
-0.00648181 2.26121 0.188427 -0.00244651 2.27456 0.22 -0.0217011 0.578546 0.979673 -0.00130382 0.0993646 0.0111791
-0.00685594 2.26595 0.198419 -0.00245992 2.27556 0.22 -0.0199951 0.272001 0.527683 -0.00135286 0.0993848 0.0109919
-0.00684575 2.26783 0.203725 -0.00247367 2.27655 0.22 0.00868538 0.0790891 0.343235 -0.00137921 0.0994047 0.0108072
-0.00683364 2.26855 0.207664 -0.00248727 2.27754 0.22 -0.0264326 0.10296 0.26241 -0.00134825 0.0994801 0.0100946
-0.00698265 2.26978 0.210107 -0.00249999 2.27854 0.22 0.00711343 0.156127 0.141767 -0.00122752 0.0996408 0.00837828
-0.00677851 2.27118 0.210613 -0.00251155 2.27954 0.22 0.00814959 0.179061 0.0305164 -0.00113256 0.0996977 0.00768647
-0.0067522 2.27308 0.210843 -0.00252162 2.28053 0.22 0.00132539 0.173262 0.0406751 -0.000986223 0.0997057 0.0076028
-0.00681047 2.27494 0.211041 -0.00252984 2.28153 0.22 -0.0155851 0.200883 0.0622536 -0.000789953 0.0996773 0.00798795
-0.00690235 2.27699 0.21175 -0.00253671 2.28273 0.22 -0.00446423 0.147071 0.0426949 -0.000502826 0.0996466 0.00838513
-0.00690222 2.27828 0.211606 -0.00253942 2.28372 0.22 0.00368995 0.0985646 -0.0211152 -0.000205432 0.09964 0.00847484
-0.00693396 2.27885 0.212006 -0.00254068 2.28472 0.22 -0.000553903 0.0441723 0.0437992 -8.33169e-05 0.0996711 0.00810291
-0.0067791 2.27925 0.212453 -0.00254117 2.28572 0.22 0.0283064 0.0110183 0.0281363 -4.01302e-05 0.0997075 0.00764252
-0.00650534 2.27945 0.21309 -0.00254167 2.28671 0.22 0.0291029 0.00618241 0.0454446 -5.67465e-05 0.0997573 0.00696277
-0.00615114 2.2799 0.213683 -0.00254318 2.28771 0.22 0.0357003 0.0686524 0.0611539 -0.000176331 0.0998075 0.00619967
-0.0057927 2.28076 0.214367 -0.00254574 2.28871 0.22 0.0262204 0.0947056 0.0613513 -0.000298137 0.0998283 0.00585062
-0.00546259 2.28187 0.215013 -0.00254939 2.28971 0.22 0.0335273 0.124179 0.0692467 -0.000398567 0.0998319 0.00578184
-0.00523898 2.28305 0.215862 -0.00255393 2.29071 0.22 0.0125038 0.137543 0.0998393 -0.000462021 0.0998284 0.00583718
-0.00520347 2.28448 0.216955 -0.00255916 2.29171 0.22 -0.000281153 0.142098 0.102379 -0.000522786 0.0998208 0.00596135
-0.00521317 2.28559 0.218206 -0.00256463 2.2927 0.22 0.00316926 0.128202 0.11376 -0.000546136 0.0998141 0.00607018
-0.00518388 2.28663 0.219605 -0.00257001 2.2937 0.22 0.00847865 0.114164 0.114146 -0.000534424 0.0998136 0.00607872
-0.00513499 2.28787 0.221054 -0.0025753 2.2947 0.22 0.00652034 0.117835 0.126835 -0.000530283 0.099818 0.00600744
-0.00508961 2.28891 0.222392 -0.00258062 2.2957 0.22 0.00454189 0.112097 0.108271 -0.000536519 0.0998205 0.0059648
-0.00506386 2.28998 0.223629 -0.00258631 2.2967 0.22 0.00308605 0.103371 0.0998658 -0.000580812 0.0998346 0.00572032
-0.00505662 2.29118 0.224879 -0.0025924 2.2977 0.22 0.00190755 0.143876 0.100886 -0.000616629 0.0998523 0.00539762
-0.00504823 2.29233 0.225962 -0.00259865 2.29869 0.22 -0.00188027 0.102562 0.0919764 -0.000632348 0.0998631 0.00519333
-0.00502618 2.29343 0.226969 -0.00260502 2.29969 0.22 -0.00267425 0.100433 0.0922142 -0.000634621 0.0998576 0.00529678
-0.00504507 2.2946 0.22788 -0.0026112 2.30069 0.22 -0.00206784 0.12178 0.0756225 -0.0006142 0.09985 0.00544052
-0.00502982 2.29577 0.228643 -0.00261735 2.30169 0.22 -0.00536631 0.109133 0.0670735 -0.000616107 0.0998444 0.00554163
-0.00501539 2.29673 0.229301 -0.00262377 2.30269 0.22 -0.00459755 0.0855194 0.0615797 -0.000648805 0.0998369 0.00567199
-0.00504038 2.29769 0.22996 -0.00263083 2.30369 0.22 -0.00317607 0.104989 0.0540057 -0.000709831 0.0998311 0.00576551
-0.00511706 2.29853 0.23048 -0.00263839 2.30468 0.22 -0.00407199 0.0934625 0.0412584 -0.000763061 0.0998295 0.0057863
-0.00519563 2.29944 0.230848 -0.002646 2.30568 0.22 -0.00451983 0.0832376 0.0288243 -0.000758964 0.0998294 0.00578864
-0.00523539 2.30022 0.231102 -0.00265358 2.30668 0.22 -0.00427043 0.0748876 0.0260266 -0.000759538 0.0998287 0.00580069
-0.00531931 2.30093 0.231325 -0.00266134 2.30768 0.22 -0.0110834 0.0921124 -0.00283587 -0.000780193 0.0998272 0.00582395
-0.00531931 2.30093 0.231327 -0.00266959 2.30868 0.22 0 0 0 -0.000831091 0.0998169 0.00599065
-0.00531931 2.30093 0.165617 -0.00267831 2.30968 0.22 0 0 0 -0.000885929 0.0998148 0.00601916
-0.00535648 2.30102 0.175839 -0.00268749 2.31067 0.22 -0.00663111 0.0703571 0.872418 -0.000926436 0.0998137 0.00602996
-0.00548695 2.30263 0.190369 -0.00269866 2.31187 0.22 -0.00472757 0.213173 0.889773 -0.000926653 0.0998111 0.00607296
-0.00544997 2.3048 0.201774 -0.0027059 2.31267 0.22 0.0096997 0.206466 0.81666 -0.000898742 0.0998058 0.00616374
-0.0054844 2.30559 0.212136 -0.00271633 2.31387 0.22 -0.00874778 0.0111643 0.497735 -0.000864485 0.0998004 0.00625563
-0.00563939 2.3059 0.221691 -0.00272474 2.31487 0.22 -0.0163162 0.0692996 0.650537 -0.000843312 0.0998014 0.00624272
-0.00576069 2.30716 0.227989 -0.00273342 2.31586 0.22 0.00463083 0.0474895 0.279756 -0.00087579 0.0998077 0.00613583
-0.00541562 2.30748 0.228825 -0.00274256 2.31686 0.22 0.0166753 0.207708 0.0272721 -0.000928847 0.0998034 0.00619757
-0.00537036 2.31062 0.228202 -0.0027527 2.31786 0.22 0.00965253 0.274475 -0.0682553 -0.0010333 0.0997569 0.00689131
-0.00542535 2.3119 0.226665 -0.00276398 2.31886 0.22 -0.00883891 0.0717918 -0.133149 -0.00117623 0.0996607 0.0081465
-0.00553833 2.31295 0.224942 -0.00277669 2.31985 0.22 -0.0081006 0.153985 -0.14775 -0.00130572 0.0996078 0.00875125
-0.00550423 2.31394 0.22319 -0.00279119 2.32085 0.22 0.00538442 0.0416147 -0.149371 -0.00146285 0.099573 0.00911515
-0.00546807 2.31417 0.221756 -0.0028069 2.32184 0.22 0.0104308 0.0779605 -0.110898 -0.00158793 0.0995613 0.00922135
-0.00543611 2.31521 0.220577 -0.00282409 2.32284 0.22 0.00974986 0.0808115 -0.0708286 -0.00176426 0.09956 0.0092031
-0.00535015 2.3155 0.220079 -0.00284263 2.32384 0.22 0.0142829 0.0183246 -0.0175856 -0.00190083 0.0995472 0.00931385
-0.00531116 2.31618 0.22005 -0.00286229 2.32483 0.22 0.00339921 0.0699881 0.00490464 -0.00198735 0.0995295 0.00948292
-0.00532899 2.31684 0.220338 -0.00288283 2.32583 0.22 0.00369022 0.0341793 0.0387059 -0.00205245 0.0995007 0.00976714
-0.00542296 2.31737 0.220909 -0.00290328 2.32682 0.22 -0.00599379 0.0616302 0.063103 -0.00203382 0.0994565 0.0102117
-0.00557092 2.31807 0.221643 -0.00292313 2.32781 0.22 -0.0199883 0.0813903 0.0683748 -0.00196661 0.0994255 0.0105214
-0.00575858 2.31849 0.222405 -0.00294223 2.32881 0.22 -0.0183573 0.0424781 0.0774386 -0.00187787 0.0993977 0.0107965
-0.0059613 2.31901 0.223236 -0.00296039 2.3298 0.22 -0.0103072 0.0221913 0.0659938 -0.00180574 0.0993842 0.0109325
-0.00608868 2.3193 0.22404 -0.00297751 2.3308 0.22 -0.00944545 0.0151125 0.0819129 -0.00170198 0.0993773 0.0110116
-0.0061741 2.31942 0.224947 -0.00299388 2.33179 0.22 -0.0131311 0.0436589 0.0828352 -0.00162004 0.0993839 0.0109639
-0.00630588 2.31981 0.225853 -0.0030097 2.33278 0.22 -0.0160737 0.0151964 0.0716075 -0.00157037 0.0993665 0.0111278
-0.00649136 2.32002 0.226757 -0.00302501 2.33378 0.22 -0.0179924 0.0460928 0.0792122 -0.00152191 0.0993262 0.0114888
-0.00668385 2.32043 0.227719 -0.00304 2.33477 0.22 -0.0240798 0.0688061 0.0728511 -0.00149165 0.0992845 0.0118471
-0.00687093 2.32125 0.228563 -0.00305481 2.33576 0.22 -0.0138269 0.113449 0.0872121 -0.00147722 0.0992844 0.0118504
-0.00700785 2.3221 0.229336 -0.00306937 2.33676 0.22 -0.00769964 0.0702751 0.0613456 -0.00144889 0.0992766 0.0119184
-0.00713723 2.32275 0.230054 -0.00308344 2.33775 0.22 -0.00949229 0.0785854 0.0582943 -0.00139906 0.0992714 0.0119677
-0.00722237 2.32362 0.230634 -0.0030968 2.33874 0.22 0.000207895 0.0583346 0.0415481 -0.00131612 0.0992497 0.0121557
-0.00726248 2.32433 0.231041 -0.00310995 2.33973 0.22 -0.00291306 0.0922021 0.0418224 -0.00130416 0.0991763 0.0127423
-0.00728028 2.32536 0.231366 -0.00312303 2.34072 0.22 0.00193648 0.0837207 0.0241234 -0.00131277 0.0991847 0.0126757
-0.00731753 2.32657 0.231685 -0.00313985 2.34191 0.22 -0.00164789 0.0712137 0.0340619 -0.00145576 0.0991783 0.0127103
-0.00734746 2.3275 0.231901 -0.00315512 2.34291 0.22 -0.00490686 0.0989937 0.0269306 -0.00154357 0.0991881 0.0126226
-0.0074133 2.32871 0.232089 -0.00317137 2.3439 0.22 -0.0092274 0.114572 0.0233045 -0.0016255 0.0991976 0.0125375
-0.00747026 2.3293 0.232174 -0.00318812 2.34489 0.22 0 0 0 -0.00168195 0.0991973 0.0125328
-0.00747026 2.3293 0.162734 -0.00320521 2.34588 0.22 0 0 0 -0.00172575 0.0991727 0.0127203
-0.00747026 2.3293 0.171404 -0.00322264 2.34687 0.22 0 0 0 -0.00175301 0.0991773 0.0126807
-0.00753626 2.33213 0.18308 -0.00324037 2.34787 0.22 -0.0116792 0.497193 1.01041 -0.00177581 0.099186 0.0126088
-0.00774992 2.33709 0.19497 -0.00325845 2.34886 0.22 -0.0455617 0.408499 0.875532 -0.00181405 0.099213 0.0123889
-0.00799585 2.33976 0.203795 -0.00327715 2.34985 0.22 -0.00461208 0.181406 0.597976 -0.00189293 0.0992253 0.012278
-0.0080126 2.34027 0.208016 -0.00329668 2.35084 0.22 -0.00467148 -0.00166302 0.178302 -0.00196919 0.0992342 0.0121944
-0.00805397 2.34127 0.209409 -0.00331677 2.35184 0.22 0.00577756 0.161576 0.101196 -0.00201761 0.0992572 0.0119972
-0.00818223 2.34277 0.210324 -0.0033372 2.35283 0.22 -0.0144291 0.136887 0.0588701 -0.00204738 0.0992705 0.0118821
-0.00832073 2.34372 0.21014 -0.00335777 2.35382 0.22 -0.010603 0.083625 -0.0163105 -0.00204514 0.0993116 0.0115335
-0.00843977 2.3446 0.210027 -0.00337739 2.35481 0.22 -0.00946546 0.0684839 0.0154507 -0.00193338 0.0993659 0.0110757
-0.00846881 2.34537 0.210032 -0.00339531 2.35581 0.22 0.00956414 0.0799901 0.00519057 -0.00175389 0.099423 0.0105824
-0.00845742 2.3461 0.209943 -0.00341114 2.3568 0.22 -0.000461482 0.102909 0.00486464 -0.00155291 0.0994688 0.0101759
-0.00844 2.34714 0.2101 -0.00342509 2.3578 0.22 0.0099577 0.104796 0.0503005 -0.00134131 0.0995165 0.00973013
-0.00833119 2.34822 0.210609 -0.00343769 2.35879 0.22 0.0171791 0.11058 0.0444035 -0.00123031 0.0995414 0.00948702
-0.00815494 2.34944 0.211172 -0.00344883 2.35979 0.22 0.0134769 0.170941 0.0691323 -0.00110509 0.0995661 0.0092398
-0.00797277 2.35094 0.21191 -0.00345918 2.36078 0.22 0.00595779 0.109095 0.0807886 -0.00102568 0.0995801 0.00909705
-0.00782323 2.35224 0.212817 -0.00346913 2.36178 0.22 0.0132819 0.15151 0.0941441 -0.000992927 0.0995907 0.00898351
-0.00772543 2.3538 0.213973 -0.00347912 2.36278 0.22 0.00557958 0.150379 0.128617 -0.00100592 0.0996044 0.00882863
-0.00771315 2.35525 0.215342 -0.00348941 2.36377 0.22 0.00500333 0.176254 0.127545 -0.00103267 0.0996168 0.00868467
-0.00768407 2.35697 0.216627 -0.00350002 2.36477 0.22 0.00364428 0.181397 0.122643 -0.00106085 0.0996319 0.00850646
-0.00765691 2.35876 0.217982 -0.00351056 2.36577 0.22 0.0103839 0.205067 0.118854 -0.00104711 0.0996387 0.00842801
-0.00759052 2.36057 0.219185 -0.00352072 2.36676 0.22 0.0135424 0.161183 0.11138 -0.00100426 0.0996344 0.00848443
-0.00746568 2.36233 0.220452 -0.00353044 2.36776 0.22 0.0141524 0.172192 0.127194 -0.000952748 0.099631 0.00853023
-0.00734001 2.36447 0.222004 -0.00354197 2.36895 0.22 0.00228225 0.176406 0.102069 -0.000971829 0.0996197 0.00865895
-0.00731493 2.36604 0.223263 -0.00355223 2.36995 0.22 -0.00562487 0.14913 0.131242 -0.00104193 0.0996148 0.00870656
-0.00726718 2.36769 0.224568 -0.00356312 2.37095 0.22 0.00969855 0.155172 0.107808 -0.00108891 0.0996147 0.00870162
-0.00719459 2.36907 0.225561 -0.00357383 2.37194 0.22 0.00622249 0.13522 0.0766877 -0.00105789 0.0996086 0.00877513
-0.00712397 2.37065 0.226465 -0.00358387 2.37294 0.22 0.00986402 0.196241 0.082118 -0.000989286 0.0995974 0.00890925
-0.0070618 2.37203 0.227258 -0.0035934 2.37393 0.22 0.00423308 0.128212 0.0703198 -0.000952701 0.0995808 0.00909696
-0.00706544 2.37319 0.228 -0.00360342 2.37493 0.22 -0.00253722 0.106847 0.0723545 -0.00102217 0.0995675 0.00923443
-0.0070542 2.3743 0.228663 -0.00361473 2.37593 0.22 -0.00189789 0.12642 0.0536781 -0.00117707 0.0995577 0.00932121
-0.00717363 2.37535 0.229177 -0.00362707 2.37692 0.22 -0.0137212 0.109764 0.0492315 -0.00125038 0.0995558 0.00933204
-0.00727448 2.37625 0.229632 -0.00363959 2.37792 0.22 -0.00813985 0.0953276 0.025733 -0.0012409 0.0995541 0.00935086
-0.0073786 2.37703 0.22999 -0.003651 2.37891 0.22 -0.00245061 0.0969635 0.0305931 -0.00111856 0.0995489 0.00942158
-0.00743476 2.37776 0.230209 -0.00366091 2.37991 0.22 -0.0105337 0.0609694 0.0225712 -0.000960669 0.0995432 0.00949934
-0.00751085 2.37838 0.230388 -0.00367027 2.3809 0.22 -0.0020576 0.0546032 0.0257824 -0.000929429 0.0995431 0.0095034
-0.00757177 2.37862 0.230532 -0.00367955 2.3819 0.22 0 0 0 -0.000932941 0.0995565 0.00936167
-0.00757177 2.37862 0.164809 -0.00368917 2.38289 0.22 0 0 0 -0.000971266 0.099546 0.00946808
-0.00757177 2.37862 0.174463 -0.00369963 2.38389 0.22 0 0 0 -0.00105822 0.0995474 0.00944419
-0.0075938 2.3794 0.186354 -0.00371048 2.38488 0.22 -0.00615408 0.157254 0.932629 -0.00109518 0.099547 0.00944395
-0.00754645 2.3814 0.198309 -0.00372131 2.38588 0.22 0.00430008 0.198435 0.862052 -0.00107474 0.0995389 0.00953186
-0.00743308 2.38284 0.209002 -0.00373165 2.38688 0.22 0.00784383 0.0656738 0.746177 -0.00102408 0.0995251 0.00968041
-0.0074014 2.3827 0.217664 -0.00374164 2.38787 0.22 0.00496347 0.182667 0.384367 -0.000994629 0.0995213 0.00972178
-0.00735039 2.38475 0.221362 -0.00375116 2.38887 0.22 0.0226301 0.148226 0.198545 -0.000946394 0.0995171 0.00976976
-0.00703535 2.3852 0.221519 -0.00376066 2.38986 0.22 0.015476 -0.0103425 -0.103999 -0.000959672 0.0995267 0.00967062
-0.00693605 2.38616 0.220146 -0.00377087 2.39086 0.22 0.0147229 0.241663 -0.0621123 -0.00103137 0.0995291 0.0096378
-0.0067921 2.38807 0.219238 -0.00378116 2.39185 0.22 0.00720616 0.0636168 -0.0492609 -0.00102696 0.0994989 0.00994516
-0.00676353 2.38873 0.218586 -0.00379092 2.39285 0.22 -0.0195183 0.136683 -0.0615944 -0.000947771 0.0993985 0.0109108
-0.00703238 2.39009 0.217801 -0.00379999 2.39384 0.22 -0.0243543 0.164065 -0.0337774 -0.000879605 0.099311 0.0116858
-0.00729799 2.39117 0.217348 -0.00380847 2.39483 0.22 -0.0296619 0.0684188 -0.0266745 -0.000838038 0.0992556 0.01215
-0.00750805 2.3919 0.217024 -0.00381656 2.39582 0.22 -0.0220661 0.0986142 -0.0170267 -0.000810041 0.0992047 0.0125608
-0.00762205 2.39254 0.216638 -0.00382473 2.39682 0.22 -0.00769345 0.0341428 0.00123369 -0.000817955 0.0991859 0.0127078
-0.00767509 2.39282 0.216646 -0.00383292 2.39781 0.22 -0.00169776 0.0409583 0.0235127 -0.000816768 0.0991807 0.0127486
-0.00770879 2.39305 0.217312 -0.00384262 2.399 0.22 -0.00710017 -0.0023263 0.0712297 -0.000803121 0.0991714 0.0128212
-0.00774786 2.39339 0.218164 -0.00385066 2.39999 0.22 -0.0052502 0.0532573 0.0779642 -0.000807464 0.0991433 0.0130368
-0.00777613 2.39392 0.219114 -0.00385891 2.40098 0.22 -0.000430704 0.026693 0.0861203 -0.000834069 0.0991122 0.0132697
-0.0078813 2.39417 0.220274 -0.00386802 2.40197 0.22 -0.0191382 0.0335955 0.0964502 -0.000919853 0.0990637 0.0136213
-0.00799523 2.39484 0.221381 -0.00387822 2.40296 0.22 -0.00769392 0.0780895 0.0984843 -0.00103244 0.0990079 0.0140134
-0.0080876 2.39523 0.222318 -0.00388872 2.40395 0.22 -0.0091553 0.0130993 0.0792163 -0.00105203 0.0989777 0.0142237
-0.00812948 2.39528 0.223376 -0.0038989 2.40494 0.22 0.00263853 0.0107616 0.087248 -0.000993103 0.0989671 0.0143014
-0.0081847 2.39562 0.224338 -0.00390823 2.40593 0.22 -0.00503053 0.0395954 0.0764786 -0.000923497 0.0989718 0.0142735
-0.00825115 2.3958 0.225291 -0.00391729 2.40692 0.22 -0.00673992 0.0108981 0.0883687 -0.000936343 0.0988952 0.0147943
-0.00827989 2.39629 0.22622 -0.00392712 2.40791 0.22 -0.00237421 0.0575342 0.074875 -0.000998429 0.0988868 0.014846
-0.00834339 2.39688 0.227111 -0.00393771 2.4089 0.22 -0.00832102 0.0684087 0.0873734 -0.00108145 0.0988882 0.0148306
-0.00842247 2.39762 0.227969 -0.00394931 2.40989 0.22 -0.00186435 0.0542249 0.0632615 -0.00117826 0.0988773 0.0148963
-0.00853322 2.39843 0.228794 -0.0039613 2.41088 0.22 -0.010045 0.0966325 0.0741998 -0.00118689 0.0988621 0.0149959
-0.00861612 2.39951 0.229423 -0.00397288 2.41186 0.22 -0.00327701 0.127837 0.0712466 -0.00114224 0.0988539 0.0150535
-0.00864489 2.40028 0.229828 -0.00398408 2.41285 0.22 -0.000823471 0.0714225 0.032709 -0.00111582 0.0987818 0.0155215
-0.00867437 2.40135 0.230242 -0.00399522 2.41384 0.22 -0.00210853 0.121517 0.0557388 -0.00112139 0.0987863 0.0154924
-0.00865711 2.40232 0.230572 -0.00400755 2.41483 0.22 0.000732764 0.0802458 0.0495258 -0.00128507 0.0988036 0.0153686
-0.00869914 2.40322 0.230898 -0.00402168 2.41582 0.22 -0.00783745 0.109574 0.0386474 -0.00148327 0.0988159 0.0152714
-0.00874593 2.40459 0.231088 -0.00403745 2.4168 0.22 0.000510128 0.142131 0.0205644 -0.00160635 0.0988218 0.0152211
-0.00875593 2.40569 0.231199 -0.00405447 2.41779 0.22 0.00721966 0.0983194 0.0139956 -0.00170256 0.0988196 0.0152245
-0.00875593 2.40569 0.231399 -0.00407189 2.41878 0.22 0 0 0 -0.00174065 0.0988171 0.0152368
-0.00875593 2.40569 0.166633 -0.00408934 2.41977 0.22 0 0 0 -0.0017443 0.098831 0.0151459
-0.00881934 2.40646 0.177067 -0.00410676 2.42076 0.22 -0.0317081 0.385306 0.945746 -0.00174081 0.09885 0.0150218
-0.00916269 2.41173 0.189816 -0.00412411 2.42175 0.22 -0.035464 0.478333 0.979311 -0.00173296 0.0988702 0.0148887
-0.0095417 2.4154 0.199924 -0.00414155 2.42273 0.22 0.00330962 0.237046 0.644756 -0.00174816 0.0988895 0.0147587
-0.00944445 2.41674 0.206859 -0.00415955 2.42372 0.22 -0.00117658 0.0610325 0.440495 -0.0018066 0.0988692 0.014887
-0.00970625 2.41759 0.21208 -0.00417785 2.42471 0.22 -0.0240565 0.15389 0.394665 -0.00183228 0.0988922 0.0147301
-0.00978508 2.41836 0.215417 -0.00419613 2.4257 0.22 0.0174632 0.092772 0.218803 -0.00182653 0.0989876 0.0140752
-0.00966658 2.41948 0.217145 -0.00421443 2.42669 0.22 0.00217135 0.1073 0.0308984 -0.00182855 0.0991205 0.0131064
-0.00963522 2.42108 0.216724 -0.00423203 2.42768 0.22 -0.00399514 0.217044 0.0112569 -0.00172391 0.0991955 0.0125414
-0.00956308 2.42288 0.216364 -0.00424824 2.42868 0.22 -0.000505366 0.150774 -0.00756279 -0.00153629 0.099197 0.0125538
-0.00954709 2.42456 0.215717 -0.00426197 2.42967 0.22 0.0160248 0.182647 -0.0366052 -0.0013085 0.0991864 0.0126628
-0.00946123 2.42598 0.214906 -0.00427177 2.43066 0.22 0.0163695 0.0976988 -0.0303876 -0.000960306 0.0991812 0.0127342
-0.00937633 2.42692 0.214671 -0.00427768 2.43165 0.22 0.00466393 0.0976446 -0.00304808 -0.000532225 0.0992033 0.0125869
-0.00925479 2.42774 0.21459 -0.00428155 2.43264 0.22 0.0174045 0.0320224 0.012483 -0.000318739 0.0992529 0.0121969
-0.00907522 2.42813 0.214871 -0.00428398 2.43364 0.22 0.0226316 0.0795482 0.048672 -0.000212636 0.0993121 0.0117071
-0.00886167 2.42896 0.215241 -0.00428596 2.43463 0.22 0.0251513 0.0805179 0.0441555 -0.000200312 0.0993545 0.0113425
-0.00857605 2.42984 0.215727 -0.00428841 2.43562 0.22 0.0265656 0.102032 0.0704921 -0.000251944 0.0993953 0.0109778
-0.00830079 2.43107 0.21644 -0.00429211 2.43662 0.22 0.0219302 0.141057 0.0842519 -0.000401489 0.099416 0.0107837
-0.00807558 2.43252 0.217307 -0.00429728 2.43761 0.22 0.0269608 0.135138 0.078445 -0.000555577 0.099419 0.0107499
-0.00782065 2.43385 0.218225 -0.00430402 2.43861 0.22 0.0250868 0.153387 0.0962258 -0.000702572 0.099413 0.0107967
-0.00751856 2.43554 0.219597 -0.00431399 2.4398 0.22 0.0312173 0.162508 0.122284 -0.00089745 0.0994029 0.010875
-0.00733782 2.43687 0.221005 -0.00432391 2.44079 0.22 0.0232466 0.129898 0.123389 -0.00100544 0.0994004 0.0108881
-0.00718442 2.43808 0.222342 -0.00433525 2.44179 0.22 0.0152033 0.121161 0.125732 -0.00114664 0.0994383 0.0105223
-0.00713527 2.43941 0.223683 -0.00434698 2.44278 0.22 0.000743383 0.164005 0.111796 -0.00118285 0.0994455 0.0104499
-0.00712722 2.4407 0.224963 -0.00435882 2.44378 0.22 -0.00805305 0.11733 0.108765 -0.00117846 0.0994498 0.0104086
-0.00712246 2.44202 0.225976 -0.00437012 2.44477 0.22 0.00151179 0.136243 0.0866633 -0.00111374 0.0994436 0.0104752
-0.00712191 2.44345 0.226987 -0.00438048 2.44577 0.22 -0.0108439 0.106982 0.105117 -0.00100493 0.0994347 0.0105702
-0.00710839 2.44465 0.227897 -0.00439023 2.44676 0.22 -0.000238712 0.101669 0.0875859 -0.000953018 0.0993894 0.010993
-0.00707618 2.44575 0.228687 -0.00439974 2.44775 0.22 0.00358964 0.130072 0.0813668 -0.000941363 0.099381 0.0110694
-0.00708574 2.44688 0.22946 -0.0044096 2.44875 0.22 -0.000799277 0.107371 0.0736111 -0.000995587 0.099383 0.0110466
-0.00714152 2.44771 0.230144 -0.00441991 2.44974 0.22 0.00212168 0.0661581 0.0654991 -0.00102953 0.0993882 0.0109969
-0.00720287 2.44884 0.230597 -0.00442978 2.45074 0.22 -0.000471988 0.124726 0.0389999 -0.000957386 0.0993925 0.0109641
-0.00722443 2.44967 0.230975 -0.00443848 2.45173 0.22 0.00201739 0.072998 0.0272678 -0.000821003 0.0993879 0.0110164
-0.00724445 2.45054 0.231168 -0.00444592 2.45272 0.22 -0.00272511 0.113907 0.0245607 -0.000735094 0.099381 0.0110845
-0.00728235 2.45145 0.231417 -0.00445287 2.45372 0.22 0.00347398 0.05466 0.0210673 -0.000693103 0.0993756 0.0111362
-0.00730166 2.45199 0.231559 -0.00446004 2.45471 0.22 0 0 0 -0.000727796 0.0993637 0.0112391
-0.00730166 2.45199 0.160583 -0.00446787 2.4557 0.22 0 0 0 -0.000802725 0.0993685 0.0111922
-0.00730166 2.45199 0.169185 -0.00447644 2.4567 0.22 0 0 0 -0.00087921 0.0993756 0.0111224
-0.00733432 2.45226 0.180353 -0.00448566 2.45769 0.22 0.00559617 0.124995 0.909585 -0.000926547 0.0993806 0.0110743
-0.00734555 2.45338 0.190738 -0.00449526 2.45869 0.22 0.00531397 0.114276 0.658253 -0.000958541 0.0993828 0.0110519
-0.00724049 2.45461 0.198654 -0.0045048 2.45968 0.22 0.0127781 0.157729 0.614475 -0.000954618 0.0993465 0.0113739
-0.00711672 2.45527 0.206387 -0.00451469 2.46067 0.22 0.0140588 0.227617 0.394909 -0.00100328 0.0992514 0.0121718
-0.00741125 2.45712 0.210758 -0.00452501 2.46166 0.22 -0.0151183 0.0874951 0.292476 -0.00103252 0.0991645 0.0128583
-0.00755519 2.45816 0.213087 -0.00453482 2.46266 0.22 0.00566082 0.00902577 0.0339387 -0.000956009 0.0991383 0.0130649
-0.00746386 2.45756 0.211942 -0.0045436 2.46365 0.22 0.0069068 -0.00336929 -0.0762358 -0.000827968 0.0991828 0.012731
-0.00730237 2.45826 0.210907 -0.00455014 2.46484 0.22 0.0247525 0.0786705 -0.0196968 -0.000422018 0.0992859 0.0119219
-0.00729075 2.45867 0.21036 -0.00455104 2.46583 0.22 -0.00846605 0.0294081 -0.0403391 -4.57314e-06 0.0992931 0.011869
-0.00734606 2.4591 0.209721 -0.00454806 2.46682 0.22 -0.0115306 0.11356 -0.0219434 0.00038754 0.0992451 0.0122577
-0.00743795 2.46068 0.209659 -0.00454249 2.46782 0.22 -0.0077826 0.13083 0.0311837 0.000584152 0.0991566 0.0129469
-0.00762677 2.46193 0.209889 -0.00453639 2.46881 0.22 -0.0140389 0.107294 0.0190476 0.000592309 0.0990112 0.0140154
-0.00784566 2.46319 0.209943 -0.0045311 2.4698 0.22 -0.0136786 0.125007 0.0107008 0.00049996 0.0989275 0.0145981
-0.00799626 2.46422 0.209834 -0.00452773 2.47078 0.22 -0.00711773 0.0883712 0.00561231 0.000300105 0.0988424 0.0151685
-0.00808577 2.4647 0.210085 -0.00452731 2.47177 0.22 -0.00836739 0.0451163 0.027914 2.43077e-05 0.0988098 0.0153826
-0.00807202 2.46528 0.210527 -0.00453053 2.47276 0.22 -0.0040335 0.0667532 0.0476378 -0.000394694 0.0988256 0.0152758
-0.00804113 2.46574 0.211308 -0.00453701 2.47375 0.22 0.00718518 0.0337368 0.0777276 -0.000756543 0.0988484 0.0151138
-0.00799465 2.46626 0.212418 -0.00454679 2.47474 0.22 0.00661341 0.0771426 0.110307 -0.00109102 0.0988503 0.0150808
-0.0079378 2.46718 0.213811 -0.00455949 2.47573 0.22 0.00670945 0.0955152 0.123737 -0.00129322 0.0988366 0.0151541
-0.00790778 2.46791 0.215373 -0.00457496 2.47671 0.22 0.00237651 0.0557237 0.125209 -0.00154454 0.0988845 0.0148145
-0.00797504 2.4687 0.216868 -0.00459127 2.4777 0.22 -0.00919037 0.105816 0.127706 -0.00163243 0.098846 0.0150603
-0.00812096 2.46971 0.218225 -0.00460718 2.47869 0.22 -0.0209447 0.0753118 0.109279 -0.00157127 0.0988096 0.0153033
-0.00830289 2.47054 0.219588 -0.0046219 2.47968 0.22 -0.0156937 0.0862085 0.116121 -0.00144177 0.0987917 0.0154314
-0.0084104 2.47132 0.220914 -0.00463528 2.48067 0.22 -0.00556222 0.104107 0.108259 -0.00133254 0.0987865 0.0154744
-0.0084991 2.47235 0.222143 -0.00464756 2.48165 0.22 -0.0132877 0.109966 0.114322 -0.00122407 0.098775 0.0155563
-0.00864413 2.47335 0.223365 -0.00465976 2.48264 0.22 -0.0156908 0.0947199 0.105727 -0.00122507 0.0987551 0.0156821
-0.00881816 2.47435 0.224526 -0.00467326 2.48363 0.22 -0.0119639 0.138848 0.103137 -0.00135802 0.0986526 0.0163038
-0.00890301 2.47575 0.22557 -0.00468802 2.48461 0.22 -0.00862843 0.11815 0.0856237 -0.00150382 0.0985822 0.016712
-0.00898765 2.47678 0.226511 -0.004704 2.4856 0.22 -0.00380321 0.108489 0.0624435 -0.00162105 0.0985352 0.0169761
-0.00901745 2.47789 0.227169 -0.00472044 2.48659 0.22 -0.00276899 0.109769 0.0517172 -0.00165097 0.0985161 0.0170834
-0.0089616 2.479 0.227642 -0.00473713 2.48757 0.22 -0.00253399 0.119637 0.0601662 -0.00167083 0.0984183 0.0176364
-0.00892686 2.4801 0.228029 -0.00475415 2.48855 0.22 0.000990052 0.108557 0.0514775 -0.00171029 0.0984223 0.0176105
-0.00891285 2.48117 0.228297 -0.00477217 2.48954 0.22 0.00183129 0.0989705 0.0266897 -0.00183886 0.0984322 0.0175417
-0.00890505 2.48213 0.228464 -0.00479145 2.49052 0.22 -0.00767649 0.0933119 0.0293188 -0.00197779 0.0984411 0.017477
-0.00891245 2.48272 0.228605 -0.00481212 2.49151 0.22 0 0 0 -0.00207939 0.0984478 0.0174272
-0.00891245 2.48272 0.162914 -0.00483394 2.49249 0.22 0 0 0 -0.0021847 0.0984546 0.0173757
-0.00891245 2.48272 0.174705 -0.00486107 2.49367 0.22 0 0 0 -0.00226872 0.0984622 0.0173218
-0.00944642 2.4877 0.187396 -0.00488405 2.49466 0.22 -0.0617058 0.535557 1.09184 -0.00230035 0.0984731 0.0172554
-0.0101174 2.49176 0.19773 -0.0049072 2.49564 0.22 -0.0289499 0.350512 0.681632 -0.00232437 0.098489 0.0171612
-0.0101706 2.49404 0.20333 -0.00493062 2.49663 0.22 -0.0041771 0.0858986 0.454688 -0.00234776 0.0984799 0.0172101
-0.0101793 2.49384 0.208852 -0.00495408 2.49761 0.22 -0.00476478 0.0213943 0.436315 -0.00234575 0.0985421 0.016851
-0.0103124 2.49545 0.214191 -0.00497717 2.4986 0.22 -0.0246684 0.253311 0.394827 -0.0022967 0.0987553 0.0155603
-0.0102848 2.49645 0.216607 -0.00499962 2.49959 0.22 0.00259045 0.101022 0.201634 -0.00222583 0.0989441 0.0143215
-0.010224 2.49792 0.216762 -0.00502076 2.50058 0.22 0.0169001 0.185329 0.0281018 -0.00206571 0.0990264 0.0137664
-0.0101554 2.49979 0.216509 -0.00503953 2.50157 0.22 0.00321883 0.15802 -0.0032879 -0.00182724 0.0989985 0.0139985
-0.0100992 2.50155 0.215706 -0.00505561 2.50256 0.22 0.0170634 0.156717 -0.0344305 -0.00158586 0.0989262 0.0145289
-0.00995479 2.50269 0.214981 -0.00506735 2.50355 0.22 -0.000564332 0.101106 -0.0357239 -0.00112144 0.0988821 0.0148683
-0.0100089 2.50334 0.21481 -0.00507577 2.50454 0.22 -0.00603475 0.00184959 0.019958 -0.000780018 0.0989263 0.0145937
-0.00995367 2.50313 0.215051 -0.00508176 2.50553 0.22 0.0279539 -0.0176894 0.00940016 -0.000578276 0.0990307 0.0138778
-0.00961035 2.50323 0.215295 -0.00508707 2.50652 0.22 0.0323807 -0.00723796 0.0324737 -0.000531032 0.0991538 0.0129708
-0.00927349 2.50341 0.215737 -0.00509291 2.50751 0.22 0.0318297 0.0517684 0.0517442 -0.000613147 0.0992767 0.0119902
-0.00898795 2.50429 0.216146 -0.00509984 2.5085 0.22 0.0176825 0.127538 0.0668662 -0.000740536 0.0993339 0.0114991
-0.00886054 2.50552 0.21667 -0.00510813 2.5095 0.22 0.0099463 0.134284 0.0650733 -0.000851157 0.0993439 0.0114046
-0.00873736 2.50682 0.217277 -0.00511808 2.51049 0.22 0.0188967 0.154509 0.0775961 -0.00100241 0.0993289 0.0115223
-0.00857947 2.50829 0.218239 -0.00512967 2.51148 0.22 0.0207353 0.13529 0.0956089 -0.00118962 0.0993001 0.0117509
-0.0084034 2.50949 0.219449 -0.00514265 2.51248 0.22 0.0118928 0.127258 0.127495 -0.00133273 0.0992948 0.0117802
-0.00826108 2.51086 0.22078 -0.00515683 2.51347 0.22 0.015186 0.0896258 0.131853 -0.00146359 0.0993083 0.0116495
-0.00810852 2.51208 0.222472 -0.00517552 2.51466 0.22 0.0148854 0.106345 0.121157 -0.00159724 0.0993317 0.011431
-0.00807287 2.5135 0.223731 -0.00519192 2.51565 0.22 -0.00435457 0.153906 0.126062 -0.00164456 0.0993417 0.0113371
-0.00805106 2.51479 0.224965 -0.00520858 2.51665 0.22 0.0022059 0.138168 0.115144 -0.00166294 0.0993451 0.0113046
-0.0080356 2.51609 0.226011 -0.00522488 2.51764 0.22 -0.00132803 0.125041 0.11182 -0.00161771 0.099336 0.0113908
-0.00799645 2.5176 0.226967 -0.00524033 2.51863 0.22 0.00521351 0.147211 0.0906379 -0.00153471 0.0993244 0.0115026
-0.00792274 2.51894 0.227781 -0.00525582 2.51963 0.22 0.00279114 0.133516 0.0867259 -0.00156172 0.0993127 0.0115994
-0.00783761 2.51998 0.22866 -0.00527212 2.52062 0.22 0.0101665 0.111038 0.0784411 -0.00164307 0.099306 0.0116458
-0.00785007 2.52102 0.229532 -0.00529014 2.52161 0.22 -0.00424992 0.0868418 0.069664 -0.00182312 0.0993125 0.0115626
-0.00787012 2.5219 0.230294 -0.00530904 2.52261 0.22 0.0071499 0.0864075 0.0555909 -0.00189812 0.0993301 0.0113984
-0.00788927 2.52276 0.230973 -0.00532792 2.5236 0.22 -0.00968689 0.0894023 0.0509861 -0.00188013 0.0993512 0.0112163
-0.00795721 2.52372 0.231473 -0.00534624 2.52459 0.22 -0.00722444 0.115948 0.046291 -0.00181737 0.0993663 0.0110923
-0.00799585 2.52467 0.231714 -0.00536388 2.52559 0.22 0.00152425 0.0914533 0.0123984 -0.00174453 0.0993691 0.0110791
-0.00805755 2.5257 0.231883 -0.00538148 2.52658 0.22 -0.00194959 0.102701 0.0242654 -0.00176912 0.0993675 0.0110892
-0.00816222 2.52662 0.231997 -0.00539982 2.52758 0.22 -0.00616905 0.0877535 0.0158795 -0.00184494 0.0993633 0.0111149
-0.00816222 2.52662 0.232049 -0.00541905 2.52857 0.22 0 0 0 -0.00193859 0.0993859 0.0108943
-0.00816222 2.52662 0.164118 -0.00543921 2.52956 0.22 0 0 0 -0.00203673 0.0993942 0.0107998
-0.00820939 2.52668 0.174317 -0.00545997 2.53056 0.22 -0.0167414 0.093186 0.866982 -0.00210129 0.0993971 0.0107606
-0.0084584 2.52788 0.186459 -0.00548122 2.53155 0.22 -0.0286206 0.191741 0.892641 -0.00213137 0.099394 0.010784
-0.00855042 2.52987 0.197851 -0.0055025 2.53254 0.22 0.00391803 0.17782 0.814211 -0.00212453 0.0993805 0.010909
-0.00841756 2.53054 0.207036 -0.00552342 2.53354 0.22 0.0350129 -0.106554 0.472157 -0.0020862 0.0993587 0.0111133
-0.00792976 2.53143 0.211541 -0.00554407 2.53453 0.22 0.0183615 0.308788 0.27708 -0.0020597 0.0993315 0.0113585
-0.00761147 2.53345 0.212937 -0.00556465 2.53553 0.22 0.0475364 -0.0407071 -0.0752706 -0.00203973 0.0994445 0.0103258
-0.007326 2.53356 0.211782 -0.00558546 2.53652 0.22 0.0362831 0.177652 -0.0332475 -0.00208902 0.0994353 0.0104043
-0.00698079 2.53528 0.211044 -0.00560603 2.53751 0.22 0.0365738 0.0963381 -0.0440146 -0.00203129 0.099411 0.0106453
-0.00668396 2.53607 0.21051 -0.00562514 2.53851 0.22 0.0145341 0.087478 -0.0426066 -0.00186179 0.099379 0.0109703
-0.00672353 2.53697 0.210011 -0.00564208 2.5395 0.22 -0.0172024 0.0705778 0.00143643 -0.0016542 0.0993319 0.0114208
-0.0068808 2.53798 0.209881 -0.00565726 2.54049 0.22 -0.0141538 0.11486 0.0421073 -0.00148916 0.0992793 0.0118911
-0.00706826 2.53894 0.210411 -0.00567152 2.54149 0.22 -0.00691418 0.06382 0.0541189 -0.0014239 0.099211 0.0124559
-0.00718354 2.53978 0.210941 -0.00568581 2.54248 0.22 -0.0260996 0.0917155 0.0426056 -0.00143682 0.0991247 0.0131233
-0.00744241 2.54057 0.211383 -0.00570048 2.54347 0.22 -0.0249281 0.0573081 0.0502982 -0.00148194 0.099073 0.0135033
-0.00769151 2.54107 0.212133 -0.00571642 2.54446 0.22 -0.0263904 0.076847 0.0651364 -0.00160433 0.0990207 0.0138683
-0.00796711 2.54167 0.213186 -0.00573757 2.54565 0.22 -0.0137491 0.0258494 0.0649133 -0.0018119 0.0989825 0.0141129
-0.00813312 2.54181 0.214221 -0.00575695 2.54664 0.22 -0.0166138 -0.00658401 0.0998161 -0.00195914 0.0989647 0.0142183
-0.00825468 2.54214 0.215452 -0.00577792 2.54763 0.22 -0.01124 0.0375328 0.107345 -0.00214095 0.0989476 0.0143105
-0.00839289 2.54246 0.216861 -0.00580026 2.54862 0.22 -0.00862872 0.0325774 0.122113 -0.00228224 0.0989295 0.0144135
-0.0085914 2.54265 0.218189 -0.00582411 2.5496 0.22 -0.0187872 0.0220196 0.101936 -0.00241522 0.0988589 0.0148692
-0.00884947 2.54284 0.219623 -0.00584913 2.55059 0.22 -0.0271949 0.023999 0.106849 -0.00250654 0.0987981 0.0152531
-0.00906563 2.54318 0.2209 -0.00587467 2.55158 0.22 -0.0112237 0.0102659 0.0971997 -0.00256285 0.0987957 0.0152591
-0.00922399 2.54342 0.221981 -0.00590057 2.55257 0.22 -0.0135738 0.0255025 0.0919258 -0.00260535 0.0988014 0.0152149
-0.00944036 2.54374 0.223088 -0.00592719 2.55356 0.22 -0.0193705 0.0468833 0.0882689 -0.00268627 0.0987546 0.0155023
-0.00964701 2.54414 0.224212 -0.0059547 2.55454 0.22 -0.0153143 0.0448598 0.0922731 -0.00276641 0.0987118 0.0157585
-0.00984248 2.54498 0.225241 -0.00598266 2.55553 0.22 -0.0205937 0.0955878 0.0839004 -0.00279989 0.0987144 0.0157363
-0.01002 2.54594 0.226166 -0.00601095 2.55652 0.22 -0.0177135 0.0837512 0.0919825 -0.00282965 0.0987114 0.0157497
-0.0101989 2.5467 0.227192 -0.00603924 2.5575 0.22 -0.0169514 0.0860542 0.0887857 -0.00282735 0.0987077 0.0157733
-0.0103619 2.54778 0.228049 -0.00606738 2.55849 0.22 -0.0125453 0.10099 0.0662835 -0.00280983 0.0987098 0.0157631
-0.010475 2.54876 0.228779 -0.00609542 2.55948 0.22 -0.0148126 0.0599767 0.0741618 -0.00280502 0.0987176 0.0157152
-0.0105964 2.54955 0.22933 -0.00612383 2.56047 0.22 -0.012178 0.101038 0.0502171 -0.00286139 0.0987333 0.0156058
-0.0106996 2.55059 0.229852 -0.00615279 2.56145 0.22 -0.0136829 0.0962452 0.0549693 -0.0029141 0.0987446 0.0155243
-0.0107796 2.55154 0.230324 -0.00618242 2.56244 0.22 -0.0104167 0.103582 0.0469549 -0.00297166 0.0987551 0.0154464
-0.0108854 2.55277 0.2308 -0.00621223 2.56343 0.22 -0.00938278 0.0994057 0.0435247 -0.00297871 0.0987576 0.0154295
-0.0109383 2.55351 0.231088 -0.00624185 2.56442 0.22 0 0 0 -0.0029595 0.0987583 0.0154288
-0.0109383 2.55351 0.161089 -0.00627171 2.5654 0.22 0 0 0 -0.00299045 0.0987198 0.0156668
-0.0109383 2.55351 0.169397 -0.00630174 2.56639 0.22 0 0 0 -0.00300821 0.0987347 0.0155695
-0.0112063 2.55526 0.180788 -0.00633217 2.56738 0.22 -0.0822296 0.53014 1.07172 -0.0030453 0.098724 0.0156301
-0.0121873 2.56072 0.193333 -0.0063631 2.56837 0.22 -0.0895804 0.395798 0.864605 -0.00310918 0.0987377 0.0155308
-0.0127316 2.56442 0.201237 -0.00639514 2.56935 0.22 -0.0422212 0.350586 0.442479 -0.0032401 0.0987415 0.0154793
-0.0131227 2.56617 0.206094 -0.00642835 2.57034 0.22 -0.0308454 -0.0127275 0.38176 -0.00335626 0.0987667 0.0152927
-0.0133431 2.56604 0.211119 -0.00646207 2.57133 0.22 -0.0238469 0.0314863 0.385184 -0.00336648 0.0988522 0.0147281
-0.013734 2.56726 0.215972 -0.00649463 2.57232 0.22 -0.0371963 0.132309 0.305975 -0.00323239 0.0990685 0.0132279
-0.0138919 2.56759 0.218785 -0.00652541 2.57331 0.22 0.0398953 -0.13646 0.127192 -0.00301297 0.0992625 0.0117419
-0.0133271 2.56677 0.219184 -0.00655277 2.5743 0.22 0.056283 0.1345 -0.00668198 -0.00265418 0.0993916 0.0106892
-0.0131231 2.56906 0.219043 -0.00657602 2.5753 0.22 0.000892674 0.280603 0.0622365 -0.0022455 0.0994293 0.0104296
-0.0131213 2.57172 0.219232 -0.00659483 2.57629 0.22 0.00221058 0.22298 0.0692871 -0.00172391 0.0993931 0.0108644
-0.0130971 2.5741 0.21991 -0.00660994 2.57729 0.22 -0.00187885 0.267061 0.112444 -0.00141115 0.099349 0.0113045
-0.0131274 2.57683 0.22102 -0.00662143 2.57828 0.22 -0.010878 0.235547 0.150063 -0.00109085 0.0992998 0.0117628
-0.0131236 2.57867 0.222246 -0.00663046 2.57927 0.22 0.0227166 0.147528 0.023451 -0.000878335 0.0992825 0.0119251
-0.0129806 2.58036 0.221788 -0.00663859 2.58027 0.22 0.00840385 0.120654 -0.0546159 -0.000813256 0.0993082 0.0117141
-0.0129401 2.58092 0.22112 -0.00664719 2.58126 0.22 0.00282006 -0.0212201 -0.0513944 -0.000889846 0.0993868 0.0110213
-0.0127562 2.58152 0.220538 -0.00665891 2.58245 0.22 0.0171401 0.099728 -0.0346746 -0.00105391 0.0994798 0.0101323
-0.0123724 2.58235 0.220137 -0.00667064 2.58345 0.22 0.0596286 0.0571811 -0.0118483 -0.00121941 0.0995134 0.00977784
-0.0116431 2.58298 0.219753 -0.00668494 2.58444 0.22 0.0760915 0.0618445 -0.000889654 -0.0014492 0.099533 0.00954324
-0.0109105 2.58421 0.219788 -0.00670125 2.58544 0.22 0.07038 0.129282 0.045954 -0.00166522 0.0995451 0.00938109
-0.0104412 2.58518 0.220111 -0.00671974 2.58643 0.22 0.0318064 0.10377 0.0480855 -0.00189187 0.0995637 0.00913753
-0.0102783 2.58627 0.220753 -0.00673904 2.58743 0.22 -0.000527647 0.127488 0.0731313 -0.00193319 0.0995744 0.00901096
-0.0102282 2.58737 0.221559 -0.00675825 2.58843 0.22 -0.000427744 0.11432 0.0691753 -0.00191121 0.0995843 0.00890559
-0.0102706 2.5887 0.222516 -0.00677623 2.58942 0.22 -0.0153523 0.137899 0.0834546 -0.00178402 0.0995938 0.00882605
-0.0102708 2.59006 0.22349 -0.00679215 2.59042 0.22 -0.0119556 0.166819 0.0840681 -0.00158121 0.0995986 0.00880971
-0.0102233 2.59127 0.224397 -0.00680609 2.59141 0.22 -0.00301685 0.0963083 0.0955315 -0.00136886 0.0995943 0.00889444
-0.0101549 2.59252 0.225302 -0.00681907 2.59241 0.22 0.0120995 0.127174 0.0816412 -0.00127673 0.0995838 0.00902372
-0.0100348 2.59373 0.226266 -0.00683141 2.5934 0.22 0.00947008 0.124488 0.104799 -0.00122908 0.0995766 0.00910938
-0.00989784 2.59471 0.227275 -0.0068436 2.5944 0.22 0.00855375 0.101348 0.0956289 -0.0012256 0.0995745 0.00913299
-0.00981103 2.59558 0.228293 -0.00685678 2.5954 0.22 0.000590494 0.0842162 0.0728736 -0.0013391 0.099589 0.00895721
-0.00986795 2.59636 0.229216 -0.00687104 2.59639 0.22 -0.00767579 0.0663502 0.0857618 -0.00144447 0.0996035 0.00877821
-0.0100292 2.59716 0.229979 -0.00688577 2.59739 0.22 -0.0161902 0.0799663 0.0508559 -0.0014715 0.0996167 0.00862292
-0.0101964 2.59793 0.230612 -0.00690002 2.59838 0.22 -0.0232313 0.0884523 0.0424671 -0.00140855 0.0996233 0.00855596
-0.0103627 2.59884 0.231063 -0.00691355 2.59938 0.22 -0.00824775 0.106507 0.029144 -0.00134347 0.099623 0.00857033
-0.0104788 2.59979 0.231357 -0.00692719 2.60038 0.22 -0.016192 0.091688 0.0273784 -0.00137835 0.0996182 0.00862061
-0.010566 2.60027 0.231525 -0.0069421 2.60137 0.22 0 0 0 -0.00150934 0.0996089 0.00870536
-0.010566 2.60027 0.163764 -0.00695839 2.60237 0.22 0 0 0 -0.00164847 0.0996189 0.00856501
-0.010566 2.60027 0.172098 -0.00697605 2.60337 0.22 0 0 0 -0.00179398 0.0996203 0.00851974
-0.0105833 2.60073 0.181574 -0.0069943 2.60436 0.22 0.0140976 0.13356 0.739855 -0.00183395 0.0996163 0.00855761
-0.0102519 2.60256 0.192275 -0.00701617 2.60556 0.22 0.040801 0.133304 0.638282 -0.00180979 0.099566 0.00912861
-0.00965661 2.60505 0.197711 -0.00703403 2.60655 0.22 0.0378294 0.278001 0.356657 -0.00177381 0.0995109 0.00971819
-0.00934673 2.60575 0.201717 -0.00705065 2.60755 0.22 0.0242528 0.00118653 0.278471 -0.00164878 0.0994441 0.0103996
-0.00913024 2.60601 0.204108 -0.00706567 2.60854 0.22 0.0239659 0.0210221 0.170546 -0.00147534 0.0994447 0.0104199
-0.00881556 2.60647 0.205317 -0.00707788 2.60954 0.22 0.0406827 0.0302398 0.0622474 -0.00112076 0.0995391 0.00952377
-0.00851692 2.60584 0.204697 -0.00708739 2.61053 0.22 0.0112766 -0.048476 -0.0400767 -0.000893815 0.0996091 0.00878753
-0.00828985 2.60645 0.204537 -0.00709352 2.61153 0.22 0.027691 0.0945208 0.0142566 -0.000558388 0.0996559 0.00827025
-0.00814613 2.60737 0.204703 -0.00709718 2.61253 0.22 0.00979068 0.0888197 0.0259901 -0.000306513 0.0996117 0.00879863
-0.00843848 2.60786 0.205162 -0.00709936 2.61352 0.22 -0.0388874 0.0808264 0.043705 -0.000202912 0.0995179 0.00980525
-0.00898239 2.60884 0.205976 -0.00710183 2.61451 0.22 -0.0596435 0.106795 0.080382 -0.00027037 0.0994189 0.0107618
-0.00942106 2.60983 0.206685 -0.00710581 2.61551 0.22 -0.0324561 0.0801286 0.0317819 -0.000411218 0.0993478 0.0113952
-0.00962909 2.61042 0.206904 -0.00711262 2.6165 0.22 -0.0159465 0.0567252 0.0189657 -0.000717805 0.09927 0.0120398
-0.00976882 2.61072 0.207174 -0.00712156 2.61749 0.22 -0.00429597 0.00993624 0.0223253 -0.000937726 0.0992622 0.012089
-0.00993114 2.61069 0.207589 -0.00713273 2.61849 0.22 -0.0118712 -0.0128916 0.0291264 -0.00114678 0.0992855 0.0118772
-0.0100614 2.6108 0.208297 -0.00714581 2.61948 0.22 -0.0147986 0.0316145 0.0675359 -0.00133558 0.0993158 0.011601
-0.0101872 2.6112 0.209362 -0.00716081 2.62047 0.22 -0.0162488 0.0440028 0.0938375 -0.00156298 0.0993434 0.0113337
-0.010284 2.61172 0.210888 -0.00717735 2.62147 0.22 -0.0112429 0.0361712 0.122481 -0.00168502 0.0993404 0.0113422
-0.0104218 2.61253 0.212491 -0.00719534 2.62246 0.22 -0.0138691 0.0901903 0.136883 -0.0018072 0.0993179 0.0115186
-0.0105451 2.61331 0.214253 -0.00721391 2.62345 0.22 -0.00273546 0.0889118 0.125413 -0.00186123 0.0992797 0.011835
-0.0106029 2.61424 0.21588 -0.00723283 2.62444 0.22 -0.00522859 0.0952914 0.145377 -0.0018806 0.0992152 0.0123612
-0.0106748 2.61519 0.217424 -0.00725142 2.62544 0.22 -0.00884555 0.0662561 0.122773 -0.0018555 0.0991373 0.0129753
-0.010745 2.61597 0.218731 -0.00726981 2.62643 0.22 -0.0101366 0.0657996 0.112916 -0.00183246 0.0991313 0.0130243
-0.0108708 2.61659 0.220121 -0.00728823 2.62742 0.22 -0.00673923 0.0775909 0.12272 -0.0018468 0.0991375 0.0129747
-0.0109818 2.61735 0.221459 -0.0073073 2.62841 0.22 -0.0145421 0.0581596 0.108412 -0.00190937 0.0991506 0.0128651
-0.0110722 2.61821 0.22281 -0.00732752 2.6294 0.22 -0.00806908 0.110912 0.11594 -0.00203575 0.0991244 0.0130467
-0.0111358 2.61935 0.224144 -0.00734828 2.63039 0.22 -0.00688395 0.105052 0.11833 -0.00208492 0.0991214 0.0130613
-0.0111328 2.62051 0.225364 -0.00736899 2.63138 0.22 0.0106818 0.13848 0.0866735 -0.00206143 0.0991031 0.0132032
-0.011084 2.62191 0.226304 -0.00738913 2.63238 0.22 -0.00492792 0.122603 0.0818957 -0.00200523 0.0990922 0.0132935
-0.0111308 2.62318 0.227126 -0.00740841 2.63337 0.22 -0.00819855 0.114285 0.0806896 -0.00192616 0.0990831 0.0133726
-0.0111896 2.62424 0.227881 -0.00742795 2.63436 0.22 -0.00389973 0.125371 0.0677058 -0.00197028 0.09909 0.0133148
-0.0112282 2.62574 0.228623 -0.00745331 2.63555 0.22 -0.00314755 0.109544 0.0494911 -0.00216742 0.0991122 0.0131176
-0.0112974 2.62694 0.229252 -0.00747626 2.63654 0.22 -0.0104447 0.123162 0.0575726 -0.00233339 0.0991237 0.0130015
-0.0114097 2.6283 0.229793 -0.00750043 2.63753 0.22 -0.0168187 0.146338 0.0428662 -0.00243343 0.0991193 0.0130167
-0.0114097 2.6283 0.229983 -0.00752558 2.63852 0.22 0 0 0 -0.00254827 0.0991263 0.0129413
-0.0114097 2.6283 0.166897 -0.00755134 2.63951 0.22 0 0 0 -0.00258935 0.0991255 0.0129397
-0.0116031 2.62907 0.177812 -0.00757757 2.6405 0.22 -0.0967424 0.385003 0.94677 -0.00263085 0.0991372 0.0128409
-0.0126955 2.63429 0.19065 -0.00760425 2.64149 0.22 -0.133521 0.517967 1.02147 -0.00267525 0.0991482 0.0127469
-0.0135964 2.63761 0.201005 -0.00763174 2.64249 0.22 -0.0508944 0.275258 0.721346 -0.00276765 0.0991628 0.0126126
-0.0138449 2.64043 0.206235 -0.00766069 2.64348 0.22 -0.041189 0.20207 0.357616 -0.00293847 0.0991551 0.0126346
-0.014148 2.64068 0.210992 -0.00769017 2.64447 0.22 -0.0201277 -0.0111138 0.373363 -0.0029396 0.0991849 0.012398
-0.0142895 2.64109 0.21517 -0.00771812 2.64546 0.22 0.00287123 0.0425359 0.166151 -0.00278063 0.09931 0.0113929
-0.0143851 2.64216 0.217298 -0.00774381 2.64646 0.22 -0.0139118 0.0638311 0.146133 -0.00255251 0.0994777 0.00988257
-0.0141866 2.64211 0.217006 -0.00776569 2.64745 0.22 0.019244 0.0747851 -0.0401398 -0.00209777 0.099616 0.00850046
-0.0141614 2.64417 0.217078 -0.00778323 2.64845 0.22 -0.0178931 0.250362 0.0850668 -0.00163462 0.0996347 0.00838159
-0.0141144 2.64666 0.217619 -0.00779594 2.64944 0.22 0.017308 0.268919 0.0828124 -0.00110623 0.0995975 0.00889447
-0.0139513 2.64948 0.218387 -0.00780334 2.65044 0.22 0.0078036 0.263485 0.135685 -0.000684052 0.0995534 0.00941544
-0.01371 2.65203 0.219671 -0.00780492 2.65144 0.22 0.0325521 0.241685 0.135227 -0.000107477 0.0994943 0.0100433
-0.0133253 2.65452 0.220857 -0.0078036 2.65243 0.22 0.0469194 0.237389 0.119612 0.000177328 0.0994857 0.0101272
-0.0129419 2.65649 0.222238 -0.00780097 2.65343 0.22 0.0395682 0.129953 0.129718 0.000278909 0.0995131 0.00985199
-0.0123791 2.65797 0.222891 -0.00779846 2.65442 0.22 0.0529618 0.15553 0.00570367 0.000233387 0.0995468 0.00950644
-0.0120668 2.65906 0.222621 -0.0077974 2.65542 0.22 0.0134161 0.0273293 -0.0292462 4.38068e-05 0.0995799 0.0091567
-0.0118812 2.65972 0.222235 -0.00779805 2.65641 0.22 0.0176927 0.152344 -0.00346451 -0.000103366 0.0996026 0.008906
-0.0115975 2.66091 0.222012 -0.00780061 2.65741 0.22 0.0298319 0.0307622 0.00636024 -0.000298522 0.0996185 0.00872106
-0.0111902 2.66121 0.222031 -0.0078058 2.6584 0.22 0.0507996 0.0796268 0.0296428 -0.000561823 0.099622 0.00866881
-0.010673 2.66198 0.222181 -0.00781383 2.6594 0.22 0.0460053 0.0529617 0.042283 -0.000870307 0.0996263 0.00859264
-0.0102132 2.66252 0.222588 -0.00782328 2.6604 0.22 0.045323 0.0351265 0.0501575 -0.00100248 0.099636 0.00846486
-0.00988655 2.66303 0.223267 -0.00783374 2.66139 0.22 0.0185219 0.0694515 0.0513995 -0.00105609 0.0996511 0.00827854
-0.00981005 2.66383 0.223961 -0.00784417 2.66239 0.22 -0.0117035 0.0881337 0.0756626 -0.00103544 0.0996639 0.00812668
-0.00983087 2.66477 0.225002 -0.0078551 2.66359 0.22 0.00253194 0.0643914 0.0865511 -0.000871647 0.0996641 0.00814306
-0.0097277 2.66571 0.225789 -0.00786227 2.66458 0.22 0.00971396 0.0971185 0.080219 -0.000692696 0.099657 0.00824603
-0.00960798 2.66676 0.226594 -0.00786823 2.66558 0.22 0.0101015 0.083965 0.0827635 -0.000576502 0.099647 0.00837514
-0.00958865 2.66748 0.227436 -0.00787366 2.66658 0.22 -0.000321796 0.0525354 0.0872168 -0.000527933 0.099634 0.00853213
-0.00955612 2.66837 0.228253 -0.00787885 2.66757 0.22 0.00935325 0.101564 0.0819304 -0.000518158 0.099629 0.00859034
-0.00941937 2.66908 0.229198 -0.00788416 2.66857 0.22 0.0148643 0.0569787 0.093013 -0.000541884 0.0996042 0.00887219
-0.00940319 2.66947 0.230072 -0.00789036 2.66956 0.22 -0.00619053 0.043673 0.061988 -0.000633568 0.0996189 0.00869848
-0.00950613 2.6701 0.230851 -0.00789681 2.67056 0.22 -0.0164342 0.0576976 0.0697774 -0.000642437 0.099636 0.00849987
-0.00965562 2.67079 0.23156 -0.00790277 2.67156 0.22 -0.00639615 0.0793319 0.0480037 -0.000563965 0.0996515 0.00832263
-0.00973684 2.67135 0.231996 -0.00790753 2.67255 0.22 -0.00240128 0.0495237 0.0386164 -0.000454049 0.0996591 0.00823741
-0.00983437 2.67227 0.232346 -0.00791168 2.67355 0.22 -0.00987608 0.119536 0.0300314 -0.000418828 0.0996589 0.00824184
-0.00995019 2.67301 0.23254 -0.00791603 2.67455 0.22 0 0 0 -0.000437959 0.0996251 0.00864027
-0.00995019 2.67301 0.160317 -0.00792118 2.67554 0.22 0 0 0 -0.000532803 0.0996276 0.00860592
-0.00995019 2.67301 0.168406 -0.00792751 2.67654 0.22 0 0 0 -0.000649611 0.0996281 0.00859205
-0.0101739 2.67314 0.179075 -0.00793485 2.67754 0.22 -0.0574804 0.0519629 0.850576 -0.000739769 0.0996267 0.00860038
-0.0106322 2.67454 0.191006 -0.00794347 2.67853 0.22 -0.0112984 0.212538 0.859816 -0.000886643 0.0996235 0.00862346
-0.0105911 2.67634 0.201644 -0.00795271 2.67953 0.22 0.0514112 0.18929 0.582038 -0.000936407 0.0996167 0.00869666
-0.0100236 2.67828 0.206264 -0.00796235 2.68052 0.22 0.0518094 0.0737677 0.2755 -0.00095192 0.0994866 0.0100748
-0.00953616 2.67947 0.208968 -0.00797207 2.68152 0.22 0.0339074 0.201788 0.0593378 -0.000980042 0.099479 0.0101474
-0.0091631 2.68074 0.208292 -0.00798269 2.68251 0.22 0.0308598 0.0715611 -0.0673257 -0.00108763 0.0994916 0.0100119
-0.0087756 2.68157 0.20751 -0.00799416 2.68351 0.22 0.0446795 0.121292 -0.0188087 -0.00117995 0.0995027 0.00989047
-0.00834506 2.68278 0.207022 -0.00800639 2.6845 0.22 0.0388262 0.113786 -0.0139441 -0.00122517 0.0994874 0.0100374
-0.00811098 2.68397 0.206714 -0.00801856 2.6855 0.22 0.00833333 0.122823 -0.0164644 -0.00121606 0.0994652 0.0102567
-0.00816913 2.68499 0.20647 -0.00803074 2.68649 0.22 -0.0160466 0.0866485 -0.00821074 -0.00121777 0.0994196 0.0106895
-0.00838739 2.6859 0.206527 -0.00804305 2.68749 0.22 -0.021131 0.0754499 0.0453444 -0.00124184 0.0993896 0.010962
-0.00857899 2.68666 0.207137 -0.00805614 2.68848 0.22 -0.0243111 0.0758507 0.0573136 -0.00132783 0.0993612 0.0112069
-0.0087111 2.68736 0.20768 -0.0080699 2.68947 0.22 -0.014969 0.0635549 0.0405411 -0.00138252 0.0993465 0.0113299
-0.00885393 2.68775 0.208267 -0.00808447 2.69047 0.22 -0.0213134 0.0140098 0.0657244 -0.00146838 0.0993301 0.0114618
-0.00903088 2.68809 0.209181 -0.0080998 2.69146 0.22 -0.0176333 0.0235089 0.0762964 -0.00155037 0.099326 0.0114869
-0.00925681 2.68827 0.210204 -0.00811618 2.69245 0.22 -0.0221441 0.0303598 0.0791133 -0.00165454 0.099323 0.0114978
-0.00950262 2.68869 0.211398 -0.00813371 2.69345 0.22 -0.02308 0.0551948 0.103428 -0.00177866 0.0993192 0.0115126
-0.00976678 2.68933 0.21296 -0.00815266 2.69444 0.22 -0.0190451 0.0249803 0.10286 -0.0019395 0.0993056 0.0116032
-0.00995148 2.68963 0.214426 -0.0081766 2.69563 0.22 -0.0287822 0.0426367 0.130185 -0.00200798 0.0992919 0.0117084
-0.0100967 2.69008 0.215939 -0.0081972 2.69662 0.22 -0.017921 0.0412571 0.123475 -0.00206571 0.0992674 0.0119042
-0.0103037 2.6907 0.21747 -0.00821802 2.69762 0.22 -0.0237609 0.0483591 0.127097 -0.00208811 0.0992587 0.0119726
-0.010485 2.69116 0.218835 -0.00823938 2.69861 0.22 -0.0174685 0.0511057 0.117631 -0.00213808 0.0992352 0.0121575
-0.0106849 2.69164 0.220277 -0.00826158 2.6996 0.22 -0.0159626 0.0525177 0.11531 -0.00222371 0.0991762 0.0126146
-0.010928 2.69211 0.221764 -0.00828458 2.70059 0.22 -0.0279302 0.0619499 0.112097 -0.00231669 0.0991157 0.0130657
-0.0111678 2.69269 0.223089 -0.00830801 2.70158 0.22 -0.0305395 0.0456922 0.107744 -0.00235381 0.0991183 0.0130392
-0.0113701 2.69351 0.224287 -0.00833164 2.70257 0.22 -0.0166138 0.0998248 0.103557 -0.00236367 0.0991181 0.0130391
-0.0115343 2.69434 0.225367 -0.00835527 2.70356 0.22 -0.0199617 0.0734948 0.0836209 -0.00236269 0.0991165 0.0130516
-0.0116904 2.69523 0.226422 -0.00837904 2.70456 0.22 -0.0189819 0.093711 0.095068 -0.0023846 0.0991166 0.0130463
-0.0118343 2.69629 0.227355 -0.00840325 2.70555 0.22 -0.0144011 0.106087 0.0682595 -0.00244342 0.0991154 0.013045
-0.0119447 2.6973 0.228132 -0.00842832 2.70654 0.22 -0.00979697 0.1185 0.0608306 -0.00252929 0.0991132 0.0130453
-0.0120376 2.6985 0.228885 -0.00845426 2.70753 0.22 -0.00802425 0.115176 0.0691125 -0.00260765 0.0991156 0.0130111
-0.0121535 2.69951 0.229547 -0.00848069 2.70852 0.22 -0.0136242 0.114138 0.0489838 -0.0026472 0.0991185 0.0129811
-0.0122554 2.70074 0.230016 -0.00850756 2.70951 0.22 -0.00615535 0.143879 0.0295068 -0.00269487 0.0991216 0.0129476
-0.0123368 2.70196 0.230312 -0.00853514 2.7105 0.22 -0.00299139 0.122657 0.0392852 -0.00277735 0.0991173 0.0129633
-0.0123795 2.70271 0.230552 -0.0085638 2.71149 0.22 0 0 0 -0.00289772 0.0991126 0.0129732
-0.0123795 2.70271 0.163666 -0.00859394 2.71249 0.22 0 0 0 -0.00304411 0.0991112 0.01295
-0.0123795 2.70271 0.173245 -0.00862565 2.71348 0.22 0 0 0 -0.00321546 0.0991146 0.0128828
-0.0129786 2.70562 0.185765 -0.00865839 2.71447 0.22 -0.122782 0.528754 1.04892 -0.00329471 0.0991118 0.0128837
-0.0143078 2.70993 0.197759 -0.00869246 2.71546 0.22 -0.076757 0.315341 0.831225 -0.00341697 0.0991162 0.012818
-0.0148412 2.71249 0.206728 -0.00872797 2.71645 0.22 -0.017209 0.272551 0.421888 -0.00357584 0.099115 0.0127843
-0.0152417 2.71452 0.211054 -0.0087647 2.71744 0.22 -0.0340806 0.00794703 0.310847 -0.00367527 0.0991034 0.0128453
-0.0155233 2.71431 0.215435 -0.00880048 2.71843 0.22 -0.0323772 0.0179575 0.332307 -0.00350497 0.0991944 0.0121732
-0.0158817 2.71543 0.218518 -0.00883393 2.71943 0.22 -0.0124312 0.093984 0.127524 -0.00329931 0.0993265 0.0111071
-0.0160404 2.71581 0.21993 -0.00886372 2.72042 0.22 0.0177595 -0.037377 -0.0368861 -0.0029593 0.0995134 0.00939819
-0.0159196 2.71658 0.219182 -0.00888905 2.72142 0.22 -0.00162113 0.00662717 -0.0376758 -0.00244563 0.0996219 0.00833647
-0.0160017 2.71818 0.219183 -0.00891031 2.72241 0.22 -0.00811944 0.223968 0.0543813 -0.00201749 0.0996234 0.00843293
-0.0159709 2.72125 0.219581 -0.00893027 2.72361 0.22 0.00275368 0.277577 0.0733575 -0.00146204 0.0995656 0.00919479
-0.0160093 2.72358 0.220683 -0.00894233 2.7246 0.22 -0.0115522 0.207725 0.132257 -0.00107501 0.0995107 0.00982203
-0.0161111 2.7259 0.222204 -0.00895102 2.7256 0.22 -0.00520699 0.237685 0.158603 -0.000842088 0.099488 0.0100709
-0.0161114 2.72805 0.22369 -0.00895753 2.72659 0.22 0.0040814 0.144317 0.136722 -0.000653671 0.0994935 0.0100308
-0.0158954 2.72942 0.224322 -0.00896381 2.72759 0.22 0.0420656 0.133088 0.0181913 -0.000643526 0.0995354 0.00960688
-0.0156323 2.73025 0.224069 -0.00897116 2.72858 0.22 0.00782664 0.0468125 -0.0198149 -0.000774692 0.0995774 0.00915074
-0.0155187 2.73107 0.223729 -0.0089804 2.72958 0.22 0.0171482 0.0941085 -0.023569 -0.000974257 0.0996263 0.00858156
-0.0153405 2.73193 0.223617 -0.00899173 2.73058 0.22 0.0295432 0.0718622 0.00762825 -0.0011742 0.0996557 0.00820787
-0.0149966 2.73263 0.223556 -0.00900541 2.73157 0.22 0.0403061 0.0869212 0.0038317 -0.00141856 0.0996671 0.00802845
-0.01465 2.73363 0.223595 -0.00902127 2.73257 0.22 0.0306845 0.0966775 0.0322942 -0.00163595 0.0996697 0.00795454
-0.0142709 2.73458 0.223889 -0.00903875 2.73357 0.22 0.0352081 0.104937 0.0418619 -0.00176674 0.0996981 0.00756146
-0.0139458 2.73562 0.224387 -0.0090567 2.73456 0.22 0.020255 0.120574 0.0688921 -0.0017955 0.0997118 0.00737044
-0.0138503 2.73666 0.225108 -0.00907421 2.73556 0.22 -0.000824054 0.107485 0.0629993 -0.00173507 0.0997702 0.00655009
-0.0138537 2.73781 0.225816 -0.00908999 2.73656 0.22 0.00267741 0.110671 0.0659176 -0.00150451 0.0997726 0.00657048
-0.0138029 2.73899 0.226473 -0.0091041 2.73756 0.22 -0.00412162 0.159092 0.0614219 -0.00138177 0.0997704 0.00663081
-0.0137774 2.74035 0.227127 -0.00911717 2.73855 0.22 0.00646958 0.129712 0.0627754 -0.00130946 0.099763 0.00675475
-0.0137553 2.74146 0.227902 -0.00913008 2.73955 0.22 0.0112506 0.0790215 0.069319 -0.00128952 0.0997495 0.00695516
-0.013681 2.7425 0.228657 -0.00914324 2.74055 0.22 0.00836284 0.125472 0.0662158 -0.00133587 0.0997334 0.0071739
-0.0136058 2.74354 0.22946 -0.00915716 2.74155 0.22 0.00642991 0.0613985 0.0621493 -0.00142296 0.0997296 0.00720937
-0.0135888 2.7442 0.23021 -0.00917182 2.74254 0.22 -0.00670676 0.0936326 0.0691135 -0.00147066 0.0997313 0.00717632
-0.013694 2.74535 0.230912 -0.00918662 2.74354 0.22 -0.0271012 0.0820698 0.0659034 -0.0014743 0.0997401 0.00705327
-0.013825 2.74585 0.231609 -0.00920067 2.74454 0.22 -6.67806e-05 0.0477807 0.0374835 -0.00138563 0.0997468 0.00697605
-0.0138661 2.74685 0.231993 -0.00921405 2.74554 0.22 -0.00257334 0.12984 0.0517529 -0.00132829 0.0997485 0.00696267
-0.0139467 2.74781 0.232382 -0.00922754 2.74653 0.22 -0.00772598 0.0623806 0.0258992 -0.00137183 0.0997457 0.00699364
-0.014069 2.74866 0.232604 -0.00924178 2.74753 0.22 -0.0105567 0.0934883 0.0166968 -0.00143171 0.0997634 0.00672395
-0.0140901 2.74885 0.232724 -0.00925782 2.74853 0.22 0 0 0 -0.00163039 0.0997595 0.00673731
-0.0140901 2.74885 0.164894 -0.0092754 2.74953 0.22 0 0 0 -0.00178859 0.0997568 0.00673643
-0.0141681 2.74889 0.176794 -0.00929439 2.75052 0.22 -0.0389886 0.0190584 0.827054 -0.00192345 0.0997566 0.00669407
-0.014419 2.74972 0.188919 -0.00931847 2.75172 0.22 -0.012374 0.126784 0.902129 -0.00202742 0.0997554 0.0066893
-0.0142014 2.75238 0.199053 -0.00933886 2.75272 0.22 0.0505898 0.380539 0.638758 -0.00203618 0.0997495 0.00677443
-0.0137139 2.75416 0.203912 -0.00935879 2.75372 0.22 0.0729542 -0.0719554 0.134283 -0.0019783 0.0997448 0.00686005
-0.0131909 2.75301 0.203244 -0.00937795 2.75471 0.22 -0.000600196 0.0508424 -0.0125075 -0.00192041 0.0997802 0.00634293
-0.0133537 2.75541 0.203421 -0.00939752 2.75571 0.22 -0.00163486 0.252085 0.0174247 -0.00197121 0.099772 0.00645502
-0.0131731 2.75616 0.203174 -0.00941785 2.75671 0.22 0.0248117 0.0256518 0.00766857 -0.00203774 0.0997484 0.0067907
-0.0130746 2.75724 0.203549 -0.00943891 2.75771 0.22 0.00679917 0.156154 0.0376587 -0.00211925 0.099703 0.0074047
-0.0130348 2.75838 0.20346 -0.00946046 2.7587 0.22 0.00334088 0.0744394 -0.0121103 -0.00216191 0.0996516 0.00805486
-0.0131035 2.75901 0.203359 -0.00948234 2.7597 0.22 -0.00685401 0.0798053 -0.0144726 -0.00220097 0.0996198 0.00842968
-0.0132062 2.75978 0.203309 -0.00950458 2.7607 0.22 -0.0159741 0.0690218 0.0128409 -0.00223104 0.0996105 0.00853059
-0.0133073 2.7604 0.203849 -0.00952737 2.76169 0.22 -0.0103452 0.0461213 0.0508309 -0.0022803 0.0996073 0.00855434
-0.0133203 2.76095 0.204521 -0.0095504 2.76269 0.22 0.00241676 0.0672799 0.0552192 -0.00230571 0.0996052 0.00857199
-0.013336 2.76151 0.205166 -0.00957361 2.76368 0.22 -0.00147814 0.0637984 0.0558202 -0.00232583 0.0995983 0.00864727
-0.0134068 2.7621 0.20616 -0.00959692 2.76468 0.22 -0.0101012 0.0820082 0.0846558 -0.00233419 0.0995853 0.0087936
-0.0134504 2.76263 0.207282 -0.00962041 2.76567 0.22 -0.00195424 0.0777503 0.105948 -0.00235179 0.099573 0.00892639
-0.013494 2.763 0.208545 -0.0096446 2.76667 0.22 -0.00191525 0.0548356 0.111355 -0.0024434 0.0995419 0.00924293
-0.0135232 2.76343 0.209938 -0.0096694 2.76767 0.22 -0.00391794 0.0470357 0.11785 -0.00249853 0.0995323 0.0093321
-0.0135303 2.76381 0.21118 -0.00969484 2.76866 0.22 -0.00373362 0.0276884 0.106576 -0.00255168 0.0995259 0.00938542
-0.0135838 2.76422 0.212547 -0.00972033 2.76966 0.22 -0.00768356 0.0543183 0.116752 -0.00254336 0.0995292 0.0093523
-0.0136701 2.7647 0.214064 -0.00974537 2.77065 0.22 -0.0160933 0.0255104 0.124568 -0.0025003 0.0995337 0.0093161
-0.0137736 2.76522 0.215593 -0.00976987 2.77165 0.22 -0.00835156 0.0431347 0.136809 -0.0024467 0.0995161 0.00951599
-0.0139191 2.7659 0.217108 -0.00979437 2.77264 0.22 -0.0126817 0.0996797 0.128642 -0.00246697 0.0994609 0.010072
-0.0140951 2.76676 0.218518 -0.00981956 2.77364 0.22 -0.0202313 0.0850477 0.106553 -0.00253608 0.0993644 0.0109677
-0.0142184 2.76754 0.219808 -0.00984557 2.77463 0.22 -0.0151285 0.101515 0.119506 -0.00261248 0.0993607 0.0109828
-0.0143854 2.76851 0.22123 -0.00987184 2.77562 0.22 -0.0144109 0.106898 0.110465 -0.00261399 0.0993635 0.0109573
-0.0145425 2.76938 0.222429 -0.00989733 2.77662 0.22 -0.0203283 0.109444 0.0785907 -0.00250548 0.0993742 0.0108851
-0.0146909 2.77037 0.223434 -0.00992141 2.77761 0.22 -0.0132026 0.11086 0.079953 -0.00239277 0.0993888 0.0107766
-0.0148453 2.77153 0.224441 -0.00994417 2.7786 0.22 -0.0108369 0.135286 0.0901698 -0.00227628 0.0994106 0.0105992
-0.0149785 2.7727 0.225379 -0.00996689 2.7796 0.22 -0.00886786 0.127898 0.0817557 -0.00228906 0.0994335 0.0103798
-0.0150826 2.77404 0.22633 -0.00999066 2.78059 0.22 -0.0103807 0.131366 0.0882798 -0.00241076 0.0994397 0.0102921
-0.0151338 2.7753 0.227215 -0.0100158 2.78159 0.22 -0.0077527 0.159111 0.0743846 -0.00254281 0.09943 0.0103544
-0.01525 2.77691 0.227961 -0.0100417 2.78258 0.22 -0.0120209 0.14245 0.0389403 -0.0025886 0.0994179 0.0104583
-0.0152856 2.77828 0.228373 -0.0100677 2.78358 0.22 0.00150581 0.127855 0.0330539 -0.00259478 0.0993956 0.0106666
-0.0152846 2.77957 0.228666 -0.0100936 2.78457 0.22 0.00763354 0.109662 0.0162858 -0.00259415 0.0993924 0.0106967
-0.0152846 2.77957 0.228767 -0.0101197 2.78556 0.22 0 0 0 -0.00261449 0.0994082 0.0105441
-0.0152846 2.77957 0.170793 -0.0101517 2.78676 0.22 0 0 0 -0.0026884 0.0994371 0.0102485
-0.0156069 2.78123 0.182195 -0.0101792 2.78775 0.22 -0.0877621 0.459104 1.00385 -0.00277131 0.0994543 0.0100583
-0.0166197 2.78603 0.19468 -0.0102078 2.78875 0.22 -0.0914035 0.333932 0.871174 -0.00288906 0.0994622 0.00994595
-0.0168432 2.78862 0.204508 -0.0102373 2.78974 0.22 -0.000469835 0.162184 0.718761 -0.00298585 0.0994563 0.00997664
-0.0168469 2.78885 0.212355 -0.0102683 2.79074 0.22 0.00428173 -0.0775673 0.451589 -0.0031296 0.0994377 0.010117
-0.0166661 2.78944 0.216766 -0.0103007 2.79173 0.22 0.038946 0.201689 0.222728 -0.00325748 0.0994201 0.0102489
-0.0161499 2.79303 0.217041 -0.0103346 2.79272 0.22 0.0431278 0.252594 0.0804267 -0.00342434 0.099364 0.0107273
-0.0156289 2.7938 0.217315 -0.0103688 2.79372 0.22 0.046398 0.00505633 0.0520675 -0.00339314 0.0993725 0.0106579
-0.015568 2.79467 0.21775 -0.0104021 2.79471 0.22 -0.0162052 0.173577 0.0731893 -0.00330346 0.0994292 0.0101448
-0.0158355 2.79568 0.218731 -0.0104325 2.79571 0.22 -0.0356034 0.0576924 0.087195 -0.00300672 0.0995146 0.00937076
-0.0160866 2.79633 0.219606 -0.0104582 2.7967 0.22 -0.0180935 0.106539 0.0595076 -0.00254579 0.0995841 0.00874848
-0.0161755 2.7981 0.219469 -0.0104785 2.7977 0.22 0.0086082 0.196647 -0.0219858 -0.00185092 0.0996214 0.0084937
-0.0160455 2.79925 0.218901 -0.010493 2.79869 0.22 0.0103137 0.0743262 -0.0365839 -0.00132826 0.099627 0.00852645
-0.0160448 2.80048 0.218347 -0.0105033 2.79969 0.22 -0.000475573 0.151513 -0.0243632 -0.000982974 0.0996319 0.00851526
-0.0160931 2.80175 0.218068 -0.0105095 2.80069 0.22 0.000648273 0.076159 -0.0227951 -0.000609975 0.0996396 0.00846034
-0.0158263 2.80205 0.218124 -0.0105131 2.80168 0.22 0.0430902 0.0658613 0.029655 -0.000353193 0.0996662 0.00815662
-0.015263 2.80313 0.218429 -0.0105165 2.80268 0.22 0.0678826 0.104587 0.0531451 -0.000340974 0.0996911 0.00784606
-0.0146309 2.80377 0.218974 -0.0105208 2.80368 0.22 0.0705786 0.088819 0.0585809 -0.000453017 0.0997162 0.00751486
-0.0140832 2.80496 0.219716 -0.0105269 2.80467 0.22 0.0540198 0.117697 0.0908523 -0.000647797 0.099728 0.00734267
-0.0137955 2.80619 0.220464 -0.0105351 2.80567 0.22 0.0148565 0.124966 0.0791639 -0.000888741 0.0997425 0.00711577
-0.013676 2.80749 0.221229 -0.0105449 2.80667 0.22 0.00778239 0.142042 0.0903278 -0.00101769 0.099741 0.00712063
-0.0136868 2.80907 0.222219 -0.0105564 2.80767 0.22 0.00266736 0.152297 0.101091 -0.00115985 0.0997367 0.00715888
-0.0136999 2.8106 0.223246 -0.0105691 2.80866 0.22 -0.0111701 0.156415 0.0999691 -0.00128374 0.0997324 0.00719701
-0.0137474 2.81201 0.224285 -0.0105827 2.80966 0.22 -0.00222788 0.14894 0.0920855 -0.00137276 0.0997267 0.00725949
-0.0138249 2.81353 0.225348 -0.0105964 2.81066 0.22 -0.0115094 0.149135 0.0987938 -0.00135993 0.0997615 0.00676742
-0.0138519 2.81502 0.226303 -0.0106097 2.81166 0.22 0.00945447 0.130996 0.0825951 -0.00132047 0.0997555 0.00686233
-0.0138162 2.81623 0.227231 -0.010622 2.81265 0.22 -0.00633601 0.149981 0.0804195 -0.00123629 0.0997598 0.00681548
-0.0137958 2.81771 0.228033 -0.0106341 2.81365 0.22 0.00893606 0.146732 0.0750454 -0.00121125 0.0997514 0.0069426
-0.0137331 2.8189 0.228768 -0.0106468 2.81465 0.22 0.00991496 0.128498 0.0765907 -0.00128915 0.0997454 0.00701347
-0.0137093 2.8203 0.229427 -0.0106605 2.81565 0.22 -0.00762577 0.126286 0.0591865 -0.00142186 0.0997387 0.00708291
-0.0137886 2.82135 0.229952 -0.0106754 2.81664 0.22 -0.0136396 0.0863805 0.0449937 -0.0014958 0.0997329 0.00714981
-0.0139293 2.82249 0.230414 -0.0106904 2.81764 0.22 -0.0137552 0.128726 0.0407584 -0.00147004 0.0997215 0.00731202
-0.0140392 2.82361 0.230811 -0.0107046 2.81864 0.22 -0.0043391 0.0897526 0.0410534 -0.00138907 0.0997156 0.00740734
-0.0140876 2.82458 0.231208 -0.0107177 2.81964 0.22 -0.00206245 0.0908079 0.0251909 -0.00129423 0.0996996 0.0076368
-0.0141621 2.82554 0.231453 -0.0107307 2.82063 0.22 -0.00750711 0.0965495 0.0311755 -0.00130538 0.0996958 0.00768398
-0.0142926 2.82616 0.23164 -0.0107446 2.82163 0.22 0 0 0 -0.00140679 0.0996939 0.00769072
-0.0142926 2.82616 0.160279 -0.0107599 2.82263 0.22 0 0 0 -0.00158821 0.0996923 0.00767629
-0.0142926 2.82616 0.168754 -0.0107766 2.82362 0.22 0 0 0 -0.00169481 0.099691 0.00767035
-0.0146956 2.82636 0.182328 -0.0107986 2.82482 0.22 -0.0556028 0.055914 0.916797 -0.00185958 0.0995791 0.0089742
-0.0150432 2.82742 0.194188 -0.0108176 2.82581 0.22 -0.0182091 0.166071 0.873221 -0.00190344 0.0995738 0.00902447
-0.0150126 2.82886 0.20502 -0.0108365 2.82681 0.22 0.00785597 0.132931 0.781793 -0.00188088 0.0995642 0.00913427
-0.0147557 2.82935 0.212429 -0.0108549 2.82781 0.22 0.0420428 0.0805215 0.3309 -0.00183933 0.0995627 0.00915915
-0.0145573 2.83008 0.21476 -0.0108736 2.8288 0.22 0.0351912 0.0476424 0.0538788 -0.00188464 0.0995699 0.00907136
-0.0142829 2.83106 0.213269 -0.0108927 2.8298 0.22 0.0064029 0.138753 -0.0930124 -0.00191959 0.0995778 0.00897655
-0.0143641 2.8325 0.212271 -0.0109127 2.83079 0.22 -0.0171213 0.113979 -0.0433535 -0.00201214 0.0995622 0.00912794
-0.0143957 2.83343 0.21169 -0.0109341 2.83179 0.22 0.0015513 0.0728987 -0.0347401 -0.00215547 0.0995407 0.00932804
-0.0142603 2.83437 0.211236 -0.0109573 2.83278 0.22 0.0228172 0.0876075 -0.047211 -0.00233651 0.0994812 0.00990085
-0.0139918 2.83522 0.210699 -0.0109809 2.83378 0.22 0.0215447 0.069593 -0.0374018 -0.00237012 0.0994486 0.0102156
-0.0138149 2.83595 0.210482 -0.0110044 2.83477 0.22 0.0100604 0.0612843 0.01701 -0.00233154 0.0994234 0.0104665
-0.013738 2.83638 0.210656 -0.0110272 2.83577 0.22 0.00885011 0.0521006 0.0111362 -0.00226933 0.099412 0.010588
-0.0137283 2.83702 0.210885 -0.0110495 2.83676 0.22 -0.00280548 0.080621 0.0362162 -0.00223109 0.0994069 0.0106441
-0.0137788 2.83767 0.211377 -0.0110716 2.83775 0.22 -0.00461367 0.0707597 0.0611509 -0.00221803 0.0994 0.0107111
-0.013903 2.83826 0.212153 -0.011094 2.83875 0.22 -0.00814936 0.0501028 0.0624752 -0.00224542 0.0993965 0.0107379
-0.0140414 2.83882 0.213091 -0.0111167 2.83974 0.22 -0.0200818 0.0695065 0.102405 -0.00226995 0.0993858 0.0108307
-0.0142216 2.83956 0.214333 -0.0111394 2.84074 0.22 -0.0262522 0.0880936 0.107011 -0.00226312 0.0993701 0.0109753
-0.0144115 2.84022 0.215618 -0.0111617 2.84173 0.22 -0.0151995 0.0352632 0.0998183 -0.00221804 0.0993441 0.0112177
-0.0145448 2.84079 0.216924 -0.0111837 2.84272 0.22 -0.0114821 0.0939266 0.126243 -0.00219385 0.0993305 0.0113422
-0.0146714 2.84172 0.218166 -0.0112056 2.84372 0.22 -0.00942942 0.0689889 0.0911197 -0.00219489 0.0993184 0.0114474
-0.0147978 2.84218 0.219369 -0.0112286 2.84471 0.22 -0.0223606 0.0449655 0.0999638 -0.00231996 0.0992567 0.0119466
-0.0149654 2.84262 0.220599 -0.0112527 2.8457 0.22 -0.0235672 0.0974861 0.113386 -0.00244323 0.099261 0.0118861
-0.0151581 2.84343 0.221813 -0.0112775 2.84669 0.22 -0.0169251 0.0517002 0.0906741 -0.00248665 0.0992659 0.0118366
-0.015352 2.84403 0.222955 -0.0113021 2.84769 0.22 -0.0256323 0.0737771 0.0956927 -0.00246172 0.0992715 0.0117941
-0.0155757 2.84494 0.224134 -0.011326 2.84868 0.22 -0.0219695 0.0882013 0.101625 -0.00238148 0.0992769 0.0117652
-0.015785 2.84589 0.225251 -0.0113495 2.84967 0.22 -0.0229331 0.10598 0.100008 -0.00233695 0.0992382 0.0120959
-0.0159781 2.84705 0.226294 -0.0113739 2.85066 0.22 -0.015528 0.113483 0.0774081 -0.00246047 0.09913 0.0129303
-0.0161521 2.84821 0.227152 -0.0113994 2.85165 0.22 -0.0112102 0.119048 0.0752351 -0.00259221 0.099115 0.0130194
-0.0162825 2.84939 0.22795 -0.0114262 2.85265 0.22 -0.0134512 0.114227 0.0681945 -0.00269542 0.0991063 0.0130642
-0.0164884 2.85078 0.228776 -0.0114597 2.85383 0.22 -0.0195393 0.0924283 0.0740984 -0.00277818 0.0990758 0.0132764
-0.0166246 2.85192 0.229247 -0.0114869 2.85482 0.22 -0.0105185 0.104396 0.0496565 -0.00270728 0.0990819 0.0132457
-0.0167827 2.85325 0.229599 -0.0115134 2.85582 0.22 -0.019155 0.130129 0.0375949 -0.00263338 0.0990949 0.0131631
-0.0169698 2.85464 0.229856 -0.0115396 2.85681 0.22 -0.0189119 0.130104 0.0372851 -0.00261793 0.099107 0.0130744
-0.0171248 2.85594 0.230088 -0.0115663 2.8578 0.22 -0.0116898 0.131373 0.0232764 -0.00269493 0.0991139 0.0130063
-0.0171422 2.85619 0.230272 -0.0115944 2.85879 0.22 0 0 0 -0.00282741 0.0991152 0.0129686
-0.0171422 2.85619 0.166263 -0.011624 2.85978 0.22 0 0 0 -0.00301377 0.0991233 0.0128645
-0.0171422 2.85619 0.176304 -0.0116549 2.86077 0.22 0 0 0 -0.00311345 0.0991351 0.0127491
-0.0176786 2.86002 0.187718 -0.011687 2.86176 0.22 -0.0725345 0.409854 0.887988 -0.00322926 0.0991468 0.0126288
-0.0177438 2.86219 0.1963 -0.0117203 2.86275 0.22 0.0524922 0.179415 0.611568 -0.00334545 0.0991825 0.0123146
-0.017282 2.86323 0.203693 -0.0117548 2.86375 0.22 0.0453117 0.0504253 0.600282 -0.00348531 0.0992173 0.0119907
-0.017148 2.86377 0.21034 -0.0117901 2.86474 0.22 0.0243082 0.0155947 0.318295 -0.00353286 0.0992621 0.0116002
-0.0168482 2.86505 0.213058 -0.0118254 2.86573 0.22 0.0540477 0.216823 0.12707 -0.00353507 0.099301 0.0112613
-0.0164213 2.86672 0.212463 -0.0118605 2.86673 0.22 0.0433871 0.0829774 -0.0199598 -0.00349457 0.099307 0.0112209
-0.016116 2.86719 0.212223 -0.0118948 2.86772 0.22 0.0188887 0.0809851 -0.0189038 -0.00342637 0.0993358 0.0109849
-0.0162273 2.86864 0.212014 -0.0119283 2.86871 0.22 -0.0265331 0.119194 0.0322407 -0.00331721 0.0993746 0.0106626
-0.0165077 2.86914 0.212333 -0.0119603 2.86971 0.22 -0.0408942 0.0648194 0.0359305 -0.00312362 0.0994335 0.01016
-0.0168727 2.87052 0.213143 -0.0119893 2.8707 0.22 -0.041983 0.158957 0.113951 -0.00283748 0.0994953 0.00962427
-0.0171889 2.87211 0.214299 -0.0120153 2.8717 0.22 -0.00484194 0.135184 0.0665663 -0.00258849 0.0995302 0.0093293
-0.0171689 2.8737 0.214469 -0.0120375 2.87269 0.22 0.00203417 0.182406 0.0269415 -0.00216116 0.0995506 0.00922012
-0.0172582 2.87571 0.214741 -0.0120565 2.87369 0.22 -0.00441193 0.224011 0.0849366 -0.0018371 0.0995643 0.00914196
-0.0171901 2.87786 0.215523 -0.0120725 2.87468 0.22 0.00610702 0.165298 0.0914661 -0.00156285 0.0995738 0.0090897
-0.0170091 2.87943 0.216291 -0.0120865 2.87568 0.22 0.0233207 0.171527 0.0554827 -0.00137097 0.0995769 0.00908677
-0.0168715 2.88094 0.216859 -0.0120993 2.87668 0.22 0.0114296 0.109706 0.0693512 -0.00126515 0.0995873 0.00898714
-0.016681 2.88215 0.21761 -0.0121117 2.87767 0.22 0.0266732 0.11598 0.0829465 -0.00122488 0.0996038 0.00880859
-0.0164047 2.8833 0.218528 -0.0121237 2.87867 0.22 0.0213489 0.0965174 0.0944205 -0.00120758 0.0996298 0.00851161
-0.0161881 2.88439 0.219506 -0.0121363 2.87966 0.22 0.0158191 0.138813 0.0845247 -0.00127049 0.0996938 0.00771577
-0.0161252 2.88562 0.220526 -0.0121501 2.88066 0.22 0.0052529 0.140745 0.0886285 -0.00141505 0.0997407 0.00705585
-0.0160975 2.88685 0.22157 -0.012165 2.88166 0.22 -0.0025825 0.146582 0.08224 -0.00153902 0.0997434 0.0069921
-0.0160977 2.88857 0.222727 -0.0121843 2.88286 0.22 -0.00846982 0.148548 0.085559 -0.00162648 0.0997361 0.00707627
-0.0161678 2.89001 0.223658 -0.0122007 2.88385 0.22 0.00221807 0.147553 0.0790643 -0.00165385 0.099726 0.00720971
-0.0162593 2.89148 0.224562 -0.0122175 2.88485 0.22 -0.0080572 0.140013 0.0910976 -0.00168108 0.0997097 0.00742569
-0.0162695 2.89285 0.225574 -0.0122348 2.88585 0.22 0.00262413 0.149167 0.0919513 -0.00174507 0.0996921 0.00764487
-0.0161416 2.89399 0.226508 -0.0122529 2.88684 0.22 0.0237807 0.0836151 0.089736 -0.00184564 0.099684 0.00772619
-0.0160794 2.89494 0.227423 -0.0122723 2.88784 0.22 0.00298164 0.113847 0.0828375 -0.0019849 0.0996781 0.00776725
-0.0160937 2.89612 0.228294 -0.012293 2.88884 0.22 -0.00298856 0.0958751 0.0938957 -0.00208339 0.0996768 0.00775813
-0.0160757 2.89682 0.229089 -0.012315 2.88983 0.22 0.00753985 0.0874047 0.0619463 -0.00221378 0.0996725 0.00777799
-0.0161091 2.89775 0.229724 -0.0123377 2.89083 0.22 -0.00832589 0.0847096 0.0585825 -0.00228221 0.0996708 0.00777974
-0.0161964 2.89841 0.230443 -0.0123608 2.89183 0.22 -0.00387746 0.0541556 0.0606281 -0.00231308 0.099669 0.00779343
-0.0162399 2.89915 0.230925 -0.0123841 2.89282 0.22 -0.014474 0.070668 0.0562673 -0.00234739 0.0996687 0.00778758
-0.0163338 2.9 0.231334 -0.0124085 2.89382 0.22 -0.00964624 0.0708789 0.0362756 -0.00247849 0.0996692 0.00773999
-0.016435 2.90077 0.231607 -0.0124341 2.89482 0.22 -0.0142034 0.0878124 0.0183907 -0.00259178 0.0996672 0.00772909
-0.016435 2.90077 0.159391 -0.0124612 2.89581 0.22 0 0 0 -0.00274292 0.0996626 0.00773565
-0.016435 2.90077 0.167581 -0.0124896 2.89681 0.22 0 0 0 -0.00285032 0.0996581 0.00775515
-0.0165629 2.90073 0.178248 -0.0125185 2.89781 0.22 -0.059672 -0.0244211 0.877454 -0.00289708 0.0996549 0.00777812
-0.0170657 2.90108 0.190401 -0.0125472 2.8988 0.22 -0.0333694 0.121344 0.903342 -0.00284295 0.0996551 0.00779574
-0.0172182 2.90261 0.201852 -0.0125749 2.8998 0.22 -0.00701733 0.160844 0.809285 -0.00273791 0.0996509 0.00788727
-0.0172711 2.90328 0.212062 -0.0126007 2.9008 0.22 -0.0158902 -0.0388368 0.710927 -0.00257232 0.099642 0.00805354
-0.0171849 2.9022 0.219397 -0.0126253 2.90179 0.22 0.0177872 -0.0841091 0.361883 -0.00245109 0.0996346 0.00818214
-0.0171489 2.90279 0.223471 -0.0126496 2.90279 0.22 0.00464232 0.268521 0.239852 -0.00245348 0.0996235 0.00831471
-0.0168711 2.9057 0.223964 -0.0126752 2.90379 0.22 0.0281482 0.0998854 -0.0341631 -0.00259772 0.0995602 0.00900066
-0.016658 2.90587 0.223068 -0.0127024 2.90478 0.22 0.00142868 0.0642133 -0.0594161 -0.0027685 0.0994767 0.00983515
-0.0166243 2.9069 0.221939 -0.0127313 2.90577 0.22 0.00924328 0.139544 -0.122438 -0.00290985 0.0994266 0.0102901
-0.0165153 2.90813 0.220281 -0.0127624 2.90677 0.22 0.0232709 0.0481786 -0.126576 -0.00313814 0.0993955 0.0105208
-0.016214 2.90881 0.218371 -0.0128015 2.90796 0.22 0.0253627 0.0662714 -0.0840782 -0.00329396 0.0993963 0.0104658
-0.0160786 2.90947 0.217757 -0.0128357 2.90896 0.22 0.00604255 0.0386928 -0.0172774 -0.00342695 0.0994047 0.0103424
-0.0159815 2.91 0.217777 -0.0128703 2.90995 0.22 0.000236074 0.0808363 0.0196472 -0.00347019 0.0993872 0.0104951
-0.0159301 2.91134 0.218051 -0.0129048 2.91094 0.22 0.00361799 0.143186 0.0447821 -0.00343291 0.0993472 0.010879
-0.0160543 2.91252 0.218592 -0.0129385 2.91194 0.22 -0.0247525 0.114884 0.0569603 -0.00336281 0.0993061 0.0112693
-0.016279 2.9135 0.219388 -0.0129711 2.91293 0.22 -0.0269708 0.094034 0.0745075 -0.00325225 0.0992259 0.011985
-0.0165716 2.91449 0.22023 -0.0130035 2.91392 0.22 -0.027374 0.111519 0.0666707 -0.00324168 0.0991806 0.0123576
-0.0168192 2.91503 0.220934 -0.0130363 2.91491 0.22 -0.0238691 0.0415473 0.056781 -0.00329677 0.0991597 0.0125097
-0.0169729 2.91557 0.221676 -0.0130699 2.9159 0.22 -0.0122606 0.0675047 0.0665989 -0.0033798 0.0991613 0.0124748
-0.0171168 2.91604 0.222647 -0.0131042 2.9169 0.22 -0.0152455 0.0296805 0.0919975 -0.00343321 0.0991737 0.0123612
-0.01721 2.91634 0.223634 -0.0131388 2.91789 0.22 -0.0172899 0.0773377 0.0919409 -0.00347336 0.0991653 0.0124167
-0.0173729 2.91705 0.224681 -0.013174 2.91888 0.22 -0.00696332 0.0526847 0.0824465 -0.00352948 0.0991842 0.0122492
-0.0174685 2.91758 0.225723 -0.0132098 2.91987 0.22 -0.00552028 0.0712514 0.104195 -0.00358386 0.0991692 0.0123538
-0.0175366 2.91853 0.226656 -0.0132464 2.92086 0.22 -0.00128488 0.120116 0.083772 -0.00368228 0.0991518 0.0124642
-0.0176319 2.91941 0.227418 -0.0132841 2.92185 0.22 -0.0138584 0.0730811 0.0744518 -0.00378959 0.0991379 0.0125422
-0.0177846 2.92017 0.22821 -0.0133224 2.92284 0.22 -0.0207066 0.06678 0.0564308 -0.00383965 0.0991323 0.0125715
-0.0179825 2.92109 0.228968 -0.0133608 2.92384 0.22 -0.0240436 0.109025 0.0676716 -0.00383665 0.0991306 0.0125855
-0.0182215 2.92216 0.229664 -0.013399 2.92483 0.22 -0.0160751 0.0796633 0.060636 -0.00381958 0.0991264 0.0126243
-0.0184131 2.92306 0.230234 -0.0134371 2.92582 0.22 -0.0197848 0.128149 0.0466377 -0.00382093 0.0991061 0.0127822
-0.0185733 2.92426 0.230721 -0.0134758 2.92681 0.22 -0.0112268 0.132232 0.05141 -0.00388826 0.0991016 0.0127965
-0.0186661 2.92542 0.231096 -0.0135155 2.9278 0.22 -0.00799866 0.0989238 0.0319535 -0.00402035 0.0990925 0.0128261
-0.0187466 2.92636 0.231377 -0.0135567 2.92879 0.22 -0.014453 0.129672 0.0309012 -0.00412874 0.0990868 0.012836
-0.018888 2.92768 0.231709 -0.0135992 2.92978 0.22 -0.0148146 0.110148 0.0347362 -0.00425465 0.099096 0.012723
-0.0190093 2.92877 0.231951 -0.0136428 2.93077 0.22 -0.0103157 0.112329 0.0270444 -0.00436809 0.099097 0.0126769
-0.0190864 2.92948 0.232152 -0.013687 2.93176 0.22 0 0 0 -0.00443178 0.0990932 0.0126845
-0.0190864 2.92948 0.162075 -0.0137316 2.93276 0.22 0 0 0 -0.00446739 0.0991124 0.0125211
-0.0190864 2.92948 0.170748 -0.0137767 2.93375 0.22 0 0 0 -0.00450466 0.0991305 0.0123633
-0.0195469 2.9317 0.182587 -0.013822 2.93474 0.22 -0.0778802 0.408879 1.037 -0.00454482 0.0991227 0.0124115
-0.0206285 2.93532 0.196458 -0.013877 2.93593 0.22 -0.046212 0.166311 0.792197 -0.00461478 0.0991279 0.0123436
-0.0201944 2.9365 0.204102 -0.0139236 2.93692 0.22 0.0644552 0.0469552 0.567522 -0.00467751 0.0991189 0.0123924
-0.0197669 2.93689 0.210666 -0.0139709 2.93791 0.22 0.0503148 0.0976249 0.441379 -0.00472339 0.0991371 0.0122282
-0.0193144 2.93871 0.212172 -0.0140175 2.9389 0.22 0.031105 0.185178 0.0982729 -0.00464082 0.0991817 0.0118933
-0.0187837 2.93917 0.212628 -0.0140621 2.93989 0.22 0.052892 -0.0263526 -0.00872555 -0.0044027 0.0992775 0.0111623
-0.0184422 2.93957 0.212086 -0.0141047 2.94089 0.22 0.0056554 0.124996 -0.00733921 -0.00416379 0.0993624 0.0104776
-0.018609 2.94081 0.211767 -0.0141451 2.94188 0.22 -0.0376481 0.103977 -0.0142903 -0.00398095 0.0994107 0.0100832
-0.0188288 2.9418 0.211361 -0.014182 2.94288 0.22 -0.0148987 0.102323 -0.01005 -0.00367812 0.0994513 0.00979383
-0.0189678 2.94306 0.211172 -0.014215 2.94387 0.22 -0.0181027 0.151257 0.0167456 -0.00321458 0.0994853 0.00960944
-0.0190667 2.94458 0.211456 -0.0142445 2.94487 0.22 -0.00633121 0.144622 0.0717495 -0.00280681 0.0995032 0.00955155
-0.0189909 2.94598 0.212041 -0.0142701 2.94586 0.22 0.0131584 0.154658 0.0635343 -0.00244618 0.0995179 0.00949769
-0.0188606 2.94756 0.212819 -0.0142927 2.94686 0.22 0.0125688 0.152225 0.0976131 -0.0022329 0.0995302 0.00942126
-0.0187034 2.94906 0.213765 -0.0143131 2.94785 0.22 0.0189174 0.145375 0.0932011 -0.00203066 0.0995515 0.00923994
-0.0185175 2.9502 0.214748 -0.0143322 2.94885 0.22 0.0198005 0.122113 0.0902635 -0.0019067 0.0995818 0.00893477
-0.0183981 2.95151 0.215822 -0.014351 2.94984 0.22 0.0155936 0.132742 0.104133 -0.00188759 0.0996026 0.00870422
-0.0182164 2.95274 0.216761 -0.01437 2.95084 0.22 0.0109499 0.104815 0.0920164 -0.00190734 0.0996149 0.00855738
-0.018101 2.95391 0.217897 -0.0143896 2.95184 0.22 0.0199879 0.0744521 0.110681 -0.00196518 0.0996459 0.00817509
-0.0179679 2.95493 0.219012 -0.0144099 2.95283 0.22 0.000524397 0.126093 0.115731 -0.00205575 0.0996782 0.0077483
-0.017954 2.95616 0.220328 -0.0144308 2.95383 0.22 0.014831 0.126452 0.104703 -0.00210178 0.0997097 0.00731799
-0.0179261 2.95726 0.221514 -0.014452 2.95483 0.22 0.00944008 0.0876686 0.104882 -0.0021162 0.0997202 0.00717014
-0.0179152 2.95842 0.222618 -0.014473 2.95582 0.22 -0.00123851 0.116577 0.0955002 -0.00210118 0.0997283 0.00705996
-0.0179591 2.95984 0.223711 -0.0144938 2.95682 0.22 -0.00202507 0.144779 0.0946418 -0.00206817 0.0997579 0.00663922
-0.0179551 2.96112 0.224672 -0.0145147 2.95782 0.22 0.0137105 0.127394 0.0773647 -0.00210102 0.0997465 0.00679882
-0.0178269 2.96241 0.225455 -0.0145363 2.95882 0.22 -0.00159554 0.0958392 0.0860555 -0.00217458 0.0997401 0.00686831
-0.0178583 2.96361 0.226392 -0.0145593 2.95981 0.22 0.000907647 0.11628 0.0759543 -0.00231463 0.0997258 0.00702892
-0.0178642 2.96472 0.227313 -0.0145834 2.96081 0.22 0.00252917 0.10776 0.0690617 -0.00241716 0.0997162 0.00713005
-0.0178198 2.96568 0.228124 -0.014608 2.96181 0.22 0.00361644 0.0714046 0.0867282 -0.00245756 0.0997158 0.00712127
-0.0178148 2.96663 0.228902 -0.0146325 2.9628 0.22 -0.00278601 0.0885118 0.069003 -0.00244986 0.0997203 0.00706183
-0.0178364 2.96758 0.229497 -0.0146571 2.9638 0.22 0.00777413 0.0934457 0.0488236 -0.00246685 0.099723 0.00701674
-0.017848 2.96872 0.230017 -0.0146821 2.9648 0.22 0.00167064 0.105298 0.0406956 -0.00249999 0.0997395 0.00676645
-0.017865 2.9697 0.230295 -0.0147139 2.966 0.22 -0.00617555 0.0839516 0.0354984 -0.00267944 0.0997281 0.00686462
-0.0178616 2.97055 0.230479 -0.0147425 2.96699 0.22 -0.00208646 0.0905056 0.0233127 -0.00285102 0.0997149 0.00698635
-0.0179391 2.97131 0.230658 -0.0147724 2.96799 0.22 -0.00971182 0.0560446 0.0190147 -0.00301611 0.0997051 0.00705615
-0.0179641 2.97146 0.230933 -0.0148031 2.96899 0.22 0 0 0 -0.00308465 0.0997054 0.00702211
-0.0179641 2.97146 0.165818 -0.0148342 2.96998 0.22 0 0 0 -0.00311609 0.0997263 0.00670446
-0.0179641 2.97146 0.175428 -0.0148656 2.97098 0.22 0 0 0 -0.00313531 0.0997291 0.00665435
-0.0187289 2.97174 0.187119 -0.0148971 2.97198 0.22 -0.0722677 0.0679136 0.89502 -0.00315193 0.0997309 0.00661879
-0.0190583 2.97324 0.198679 -0.0149281 2.97298 0.22 -0.0175304 0.173688 0.835805 -0.00308155 0.0997288 0.00668311
-0.0191349 2.97471 0.208907 -0.0149579 2.97397 0.22 -0.0112897 0.0973504 0.742837 -0.00295212 0.0997204 0.00686479
-0.0190296 2.97398 0.216888 -0.0149865 2.97497 0.22 0.061306 -0.215842 0.408145 -0.00283993 0.0997159 0.00697692
-0.0189317 2.97437 0.220229 -0.0150147 2.97597 0.22 -0.00903079 0.235208 0.202951 -0.00284908 0.0997033 0.00715108
-0.0190134 2.97715 0.221534 -0.0150438 2.97696 0.22 -0.0181614 0.162808 0.0953436 -0.00292785 0.0996732 0.00752846
-0.0191682 2.9771 0.222229 -0.0150744 2.97796 0.22 -0.00951925 -0.0294337 0.0321299 -0.00309625 0.0996309 0.00800645
-0.0192371 2.9774 0.221876 -0.0151067 2.97896 0.22 -0.000332212 0.123492 -0.0996932 -0.00324701 0.0996106 0.00819717
-0.0192149 2.97845 0.220531 -0.0151414 2.97995 0.22 0.00870377 0.0538693 -0.104569 -0.00353021 0.0995956 0.00826195
-0.0190871 2.97927 0.218994 -0.0151785 2.98095 0.22 0.0371125 0.139065 -0.11033 -0.0038032 0.0995708 0.00843783
-0.0188762 2.98059 0.217894 -0.0152179 2.98194 0.22 0.0169332 0.105506 -0.0193275 -0.00401388 0.0995494 0.00859092
-0.0186074 2.98129 0.217654 -0.0152589 2.98294 0.22 0.0411524 0.0756921 -0.0036179 -0.00410335 0.0995277 0.00879784
-0.0182243 2.98233 0.217508 -0.0153001 2.98393 0.22 0.0192997 0.15207 0.00576782 -0.00411179 0.0994901 0.00920907
-0.0180503 2.98362 0.217595 -0.0153404 2.98493 0.22 0.00260648 0.0820424 0.0262555 -0.00401975 0.0994354 0.00982021
-0.0180848 2.98433 0.218002 -0.0153802 2.98592 0.22 -0.0130489 0.058912 0.0340713 -0.00396449 0.0993979 0.0102143
-0.0182592 2.98512 0.218471 -0.0154198 2.98692 0.22 -0.0186922 0.0750233 0.0411155 -0.00396501 0.0993781 0.0104056
-0.0184527 2.98586 0.21918 -0.0154596 2.98791 0.22 -0.0205136 0.0689578 0.0648411 -0.00398871 0.0993731 0.0104439
-0.0185988 2.98643 0.219996 -0.0154998 2.9889 0.22 -0.0117183 0.0210079 0.0800079 -0.00401322 0.0993759 0.0104084
-0.0187816 2.98685 0.220986 -0.0155396 2.9899 0.22 -0.0211753 0.0329678 0.0877754 -0.00396634 0.0993825 0.0103628
-0.0189531 2.98729 0.222095 -0.0155786 2.99089 0.22 -0.0180903 0.0580159 0.0909314 -0.0038863 0.0993854 0.0103653
-0.019196 2.98804 0.223342 -0.0156247 2.99208 0.22 -0.016506 0.0554431 0.0826873 -0.00382945 0.0993845 0.0103951
-0.0194086 2.98869 0.224427 -0.0156556 2.99288 0.22 -0.0140029 0.0288267 0.0684482 -0.00388801 0.0993154 0.0110152
-0.0195656 2.98933 0.2254 -0.0157032 2.99407 0.22 -0.014197 0.0641351 0.0774794 -0.00398474 0.0993144 0.0109899
-0.0196781 2.98984 0.226286 -0.0157445 2.99506 0.22 -0.0195233 0.049922 0.074606 -0.00413805 0.0993085 0.0109867
-0.0199291 2.99061 0.227134 -0.0157861 2.99606 0.22 -0.0283833 0.0932145 0.0594114 -0.00417016 0.0993214 0.010857
-0.0201693 2.99142 0.227847 -0.0158277 2.99705 0.22 -0.0211566 0.0745342 0.067149 -0.0041542 0.0993364 0.0107249
-0.0203777 2.99227 0.228615 -0.015869 2.99804 0.22 -0.0244442 0.104601 0.0719256 -0.00412414 0.0993494 0.0106158
-0.0205458 2.99333 0.229194 -0.0159102 2.99904 0.22 -0.014063 0.136039 0.0503198 -0.00413113 0.0993577 0.0105345
-0.0207117 2.99453 0.229695 -0.0159519 3.00003 0.22 -0.0129965 0.119668 0.0529182 -0.00419496 0.0993546 0.0105388
-0.0208622 2.99563 0.230198 -0.0159944 3.00103 0.22 -0.0152466 0.104555 0.0402488 -0.00426009 0.0993494 0.0105619
-0.0210149 2.99661 0.230587 -0.0160378 3.00202 0.22 -0.0176957 0.0985035 0.0330505 -0.00434265 0.0993446 0.0105728
-0.0212599 2.99792 0.230888 -0.0160815 3.00301 0.22 -0.0179372 0.129159 0.0251377 -0.00436079 0.099347 0.0105434
-0.0213919 2.99891 0.231037 -0.016125 3.00401 0.22 -0.013745 0.108595 0.0258674 -0.00434445 0.0993281 0.0107268
-0.0215156 3.00018 0.231192 -0.0161686 3.005 0.22 -0.0135967 0.147664 0.0251818 -0.00436516 0.0993296 0.0107037
-0.0215156 3.00018 0.231302 -0.0162127 3.00599 0.22 0 0 0 -0.00442111 0.0993276 0.0106996
-0.0215156 3.00018 0.167612 -0.0162579 3.00699 0.22 0 0 0 -0.00453744 0.0993223 0.0106997
-0.0216304 3.00089 0.177992 -0.0163042 3.00798 0.22 -0.0694516 0.410175 0.96775 -0.00464492 0.099322 0.0106565
-0.0226505 3.00521 0.190216 -0.0163515 3.00897 0.22 -0.105391 0.29938 0.876156 -0.00476335 0.0993169 0.0106517
-0.0230403 3.00726 0.200114 -0.0164001 3.00997 0.22 0.0441256 0.097308 0.648909 -0.00488018 0.0993189 0.0105806
-0.0225931 3.00782 0.207421 -0.0164499 3.01096 0.22 0.0317088 0.0476267 0.478196 -0.00501237 0.0993083 0.0106181
-0.0219302 3.00905 0.209736 -0.0165003 3.01195 0.22 0.0532498 0.19248 0.101785 -0.00504972 0.0993207 0.0104828
-0.0212859 3.01008 0.210551 -0.0165505 3.01294 0.22 0.067411 0.0112798 0.0772355 -0.00499912 0.0993682 0.0100483
-0.0208772 3.01012 0.210784 -0.0165992 3.01394 0.22 0.0146203 0.032454 0.01312 -0.00484742 0.0994398 0.00939251
-0.0207202 3.01063 0.210512 -0.0166453 3.01493 0.22 0.0099233 0.0177927 -0.0233089 -0.00452174 0.0995437 0.00840284
-0.0207716 3.01114 0.210202 -0.0166885 3.01593 0.22 -0.0154572 0.0639753 -0.0220077 -0.00420225 0.0995924 0.00798126
-0.0209316 3.01203 0.209946 -0.0167284 3.01693 0.22 -0.015603 0.095174 -0.00589593 -0.00391324 0.0996255 0.00770975
-0.021082 3.01313 0.209769 -0.0167639 3.01792 0.22 -0.0170081 0.115919 0.030142 -0.00353015 0.0996576 0.00747625
-0.0211083 3.01446 0.210161 -0.0167958 3.01892 0.22 0.0017227 0.0998767 0.0323527 -0.0031719 0.099679 0.00735114
-0.0210349 3.01563 0.21063 -0.0168244 3.01992 0.22 0.00531049 0.108952 0.0534525 -0.00282367 0.0997022 0.0071761
-0.0209623 3.01716 0.211537 -0.0168568 3.02111 0.22 0.00692933 0.125546 0.0771914 -0.00265442 0.099729 0.00686097
-0.0208694 3.01824 0.212494 -0.0168829 3.02211 0.22 0.00644293 0.117171 0.0895547 -0.00260048 0.0997558 0.00648288
-0.0207875 3.01962 0.213693 -0.0169087 3.02311 0.22 0.00447354 0.152972 0.114585 -0.00257678 0.0997819 0.006078
-0.0207676 3.02092 0.21503 -0.0169344 3.02411 0.22 0.00558402 0.0772196 0.115362 -0.00256774 0.0997954 0.00585492
-0.0208017 3.02238 0.21628 -0.0169601 3.0251 0.22 -0.00131158 0.126962 0.118459 -0.00257137 0.099809 0.00561685
-0.0209095 3.02397 0.217654 -0.0169859 3.0261 0.22 -0.0169478 0.1845 0.127539 -0.00258526 0.0998349 0.00512925
-0.0211408 3.02577 0.219125 -0.017012 3.0271 0.22 -0.0254598 0.183286 0.118537 -0.00260722 0.0998548 0.00471341
-0.0213534 3.02715 0.220403 -0.0170382 3.0281 0.22 -0.0272401 0.142231 0.0942918 -0.00263548 0.0998558 0.00467769
-0.021604 3.02893 0.221743 -0.0170648 3.0291 0.22 -0.026287 0.177026 0.108994 -0.00265991 0.0998548 0.00468388
-0.0217524 3.03067 0.223046 -0.0170918 3.0301 0.22 -0.00376445 0.157803 0.10449 -0.00270725 0.0998796 0.00409076
-0.0218406 3.03202 0.224278 -0.0171193 3.0311 0.22 -0.0115997 0.153829 0.103781 -0.00276707 0.0998743 0.00417937
-0.0219592 3.03376 0.225386 -0.0171476 3.03209 0.22 -0.00281098 0.179991 0.0875456 -0.00283677 0.099875 0.00411429
-0.0220453 3.03511 0.226418 -0.0171767 3.03309 0.22 -0.0113111 0.118682 0.0792009 -0.00293994 0.0998683 0.00420548
-0.0221334 3.03638 0.227338 -0.0172072 3.03409 0.22 -0.0141139 0.159019 0.0726185 -0.00308315 0.0998606 0.00428528
-0.0222866 3.03771 0.228276 -0.0172386 3.03509 0.22 -0.00483123 0.110409 0.0682658 -0.00316132 0.0998578 0.00429174
-0.0223345 3.03875 0.229016 -0.0172711 3.03609 0.22 -0.00504965 0.0766772 0.060622 -0.00325562 0.0998577 0.0042234
-0.0224381 3.03964 0.229648 -0.0173044 3.03709 0.22 -0.0102837 0.107664 0.0407054 -0.0033451 0.0998585 0.00413361
-0.0225557 3.04065 0.230186 -0.0173386 3.03809 0.22 -0.0195678 0.0788077 0.0418703 -0.00344416 0.0998567 0.00409713
-0.0226849 3.04156 0.230536 -0.0173736 3.03909 0.22 -0.00254945 0.104407 0.0181124 -0.00352245 0.0998529 0.00412097
-0.0227841 3.04251 0.230769 -0.0174093 3.04008 0.22 -0.00605572 0.0782754 0.0203659 -0.00358277 0.0998493 0.00415737
-0.0228513 3.04328 0.230938 -0.0174461 3.04108 0.22 -0.0194505 0.0780023 0.0181328 -0.00368179 0.099844 0.00419731
-0.0229184 3.0438 0.231032 -0.0174841 3.04208 0.22 0 0 0 -0.00382834 0.0998371 0.00422964
-0.0229184 3.0438 0.161634 -0.017523 3.04308 0.22 0 0 0 -0.00391134 0.0998332 0.00424549
-0.0229184 3.0438 0.172197 -0.0175703 3.04428 0.22 0 0 0 -0.003951 0.0998431 0.00396856
-0.0234342 3.04404 0.183565 -0.0176097 3.04528 0.22 -0.0841281 0.0566773 0.889387 -0.0039266 0.0998451 0.00394119
-0.0239665 3.04551 0.195661 -0.0176481 3.04627 0.22 -0.0265565 0.191038 0.874701 -0.00381179 0.099848 0.0039808
-0.0241443 3.04717 0.206328 -0.0176837 3.04727 0.22 -0.0220924 0.113531 0.743003 -0.00354746 0.0998477 0.00422635
-0.0238198 3.04586 0.21285 -0.0177162 3.04827 0.22 0.0397731 -0.224789 0.357409 -0.00320012 0.099844 0.00457548
-0.024009 3.04591 0.217383 -0.0177471 3.04927 0.22 -0.030071 0.191599 0.345792 -0.00306739 0.0998275 0.0050057
-0.0242696 3.04872 0.220646 -0.0177778 3.05027 0.22 0.00537173 0.323586 0.170836 -0.00308244 0.099777 0.00591947
-0.0241583 3.04926 0.221831 -0.0178095 3.05126 0.22 0.00818192 -0.0812625 0.0616317 -0.00317603 0.0997204 0.00676485
-0.0239016 3.04957 0.221535 -0.0178426 3.05226 0.22 0.0372538 0.115024 -0.0429386 -0.00334039 0.0996623 0.00750165
-0.023393 3.05049 0.22036 -0.0178775 3.05326 0.22 0.052969 -0.0187751 -0.0834086 -0.0035204 0.0996678 0.00734472
-0.023061 3.04963 0.219192 -0.0179148 3.05425 0.22 0.00185953 -0.0488093 -0.0834057 -0.00378195 0.0996981 0.006782
-0.0230047 3.0498 0.21839 -0.017956 3.05525 0.22 0.00134858 0.0426722 -0.0326056 -0.00419271 0.0997171 0.00623827
-0.0228151 3.05021 0.217737 -0.0180003 3.05625 0.22 0.0241332 0.0395815 -0.0331439 -0.00453959 0.0997413 0.00557435
-0.022779 3.05088 0.217515 -0.0180468 3.05725 0.22 -0.0212737 0.0982558 -0.000651356 -0.00469243 0.0997133 0.00593577
-0.0227512 3.05217 0.217628 -0.0180941 3.05824 0.22 0.0115016 0.14376 0.0133253 -0.00473645 0.0996842 0.00637413
-0.022486 3.05377 0.217785 -0.0181414 3.05924 0.22 0.0326599 0.163113 0.0262704 -0.0047282 0.0996321 0.00714781
-0.0222636 3.05544 0.218288 -0.0181879 3.06024 0.22 0.0142959 0.1484 0.0559529 -0.00461906 0.0995637 0.00810824
-0.0221686 3.05634 0.218905 -0.0182334 3.06123 0.22 0.00887786 0.0687754 0.0492499 -0.00451638 0.0995257 0.00861597
-0.0222522 3.05714 0.219641 -0.0182781 3.06223 0.22 -0.0210655 0.114581 0.0659862 -0.00447114 0.099509 0.00882988
-0.0223802 3.05767 0.220269 -0.0183228 3.06322 0.22 -0.00916731 0.0425666 0.0429368 -0.00446843 0.0995081 0.00884189
-0.0224632 3.05814 0.220951 -0.0183679 3.06422 0.22 0.00410457 0.0941982 0.0696146 -0.0045247 0.0995259 0.00860915
-0.0224094 3.05882 0.221752 -0.0184135 3.06521 0.22 -0.00299181 0.0641663 0.0833454 -0.00455999 0.0995445 0.00837233
-0.0223657 3.05941 0.22276 -0.0184591 3.06621 0.22 0.00927799 0.0953413 0.10328 -0.0045609 0.0995498 0.00830893
-0.022353 3.06026 0.223836 -0.0185044 3.0672 0.22 -0.00722487 0.0580982 0.0911259 -0.00452855 0.0995447 0.00838686
-0.0224335 3.0611 0.224887 -0.0185502 3.0682 0.22 -0.0230646 0.107807 0.0902698 -0.00460501 0.0994678 0.00921678
-0.0226163 3.06212 0.225772 -0.0185969 3.06919 0.22 -0.0204681 0.0920706 0.0744814 -0.00469772 0.0994567 0.00928948
-0.0227726 3.06297 0.226509 -0.0186453 3.07019 0.22 -0.00408642 0.0760827 0.0542085 -0.00486061 0.0994455 0.00932534
-0.0228905 3.06376 0.227024 -0.0186951 3.07118 0.22 -0.0122826 0.078554 0.0403384 -0.00499642 0.0994484 0.00922232
-0.0230416 3.06444 0.227537 -0.0187458 3.07218 0.22 -0.0129445 0.0492834 0.0485917 -0.00508885 0.0994686 0.0089496
-0.0231272 3.06525 0.228017 -0.018797 3.07317 0.22 -0.0140979 0.108999 0.0409433 -0.00513297 0.099493 0.00864888
-0.0232602 3.06629 0.22849 -0.0188484 3.07416 0.22 -0.0109161 0.0977926 0.0477914 -0.00513816 0.099509 0.00845956
-0.0234035 3.06731 0.229127 -0.0188996 3.07516 0.22 -0.0172316 0.136846 0.056958 -0.00511543 0.0995188 0.00835707
-0.0235604 3.06861 0.229742 -0.0189505 3.07616 0.22 -0.0106586 0.121001 0.0468217 -0.0050964 0.0995435 0.00806952
-0.0236885 3.06963 0.230262 -0.0190016 3.07715 0.22 -0.0212501 0.116249 0.0307474 -0.00511032 0.0995341 0.00817633
-0.023902 3.07127 0.230686 -0.0190633 3.07835 0.22 -0.024109 0.1512 0.0428991 -0.00515905 0.099525 0.00825597
-0.0239247 3.07157 0.230864 -0.0191152 3.07934 0.22 0 0 0 -0.00521672 0.0995201 0.0082781
-0.0239247 3.07157 0.166505 -0.0191677 3.08034 0.22 0 0 0 -0.00525107 0.099522 0.00823446
-0.0239247 3.07157 0.176164 -0.0192205 3.08133 0.22 0 0 0 -0.00528399 0.0995301 0.00811405
-0.0250769 3.07594 0.188541 -0.0192733 3.08233 0.22 -0.186136 0.455853 0.991791 -0.0052869 0.0995602 0.0077346
-0.0256266 3.07904 0.199308 -0.019326 3.08332 0.22 0.00562903 0.242794 0.777839 -0.00526001 0.099574 0.00757282
-0.0250587 3.08021 0.206391 -0.0193783 3.08432 0.22 0.0514601 0.038477 0.486336 -0.00522088 0.0995638 0.00773269
-0.0244274 3.08023 0.210586 -0.01943 3.08531 0.22 0.0738511 0.0913441 0.277555 -0.00513332 0.0995733 0.00766802
-0.0233369 3.08089 0.212332 -0.0194804 3.08631 0.22 0.0856153 0.0698655 0.167524 -0.00499687 0.0996213 0.00711494
-0.0228971 3.08138 0.213646 -0.0195284 3.08731 0.22 0.0230668 0.0529891 0.043632 -0.00473951 0.0997165 0.00584362
-0.0230057 3.08172 0.213106 -0.0195733 3.0883 0.22 -0.0142137 0.0385796 -0.0525014 -0.00444902 0.0997758 0.00499917
-0.023052 3.08265 0.212477 -0.0196146 3.0893 0.22 -0.000885245 0.121397 -0.0291694 -0.00402295 0.0998541 0.00360214
-0.0229822 3.08378 0.212032 -0.0196525 3.0903 0.22 0.0065855 0.107069 -0.022507 -0.0036177 0.0998684 0.00363447
-0.0228953 3.08488 0.211847 -0.0196862 3.0913 0.22 0.000191623 0.113984 0.0101006 -0.00328759 0.0998782 0.00367858
-0.0229039 3.08627 0.212186 -0.019715 3.0923 0.22 0.00524783 0.11705 0.0513683 -0.00286066 0.0998918 0.00366729
-0.0228905 3.08733 0.212863 -0.0197404 3.0933 0.22 0.00118867 0.13816 0.0418699 -0.00248184 0.0999082 0.00349287
-0.0229019 3.08855 0.213525 -0.0197623 3.0943 0.22 -0.0141088 0.136504 0.0645032 -0.00212567 0.0999298 0.00308445
-0.0229923 3.08969 0.21444 -0.0197824 3.0953 0.22 -0.00406164 0.11824 0.0633067 -0.00195263 0.0999432 0.00274841
-0.0230822 3.09114 0.215422 -0.0198014 3.0963 0.22 -0.00736327 0.118528 0.100735 -0.00189205 0.0999502 0.0025258
-0.0231796 3.09243 0.216577 -0.0198204 3.0973 0.22 -0.0157073 0.183722 0.0984719 -0.00190498 0.0999557 0.00228596
-0.0233072 3.094 0.21771 -0.0198403 3.0983 0.22 -0.011275 0.136094 0.122155 -0.00201535 0.0999573 0.00211735
-0.0234617 3.09556 0.218961 -0.0198616 3.09929 0.22 -0.029358 0.15464 0.0991301 -0.0021702 0.0999656 0.00147369
-0.0236953 3.09701 0.220196 -0.0198843 3.10029 0.22 -0.0267784 0.147853 0.0989881 -0.00231243 0.0999697 0.000844297
-0.0239706 3.09832 0.221513 -0.0199081 3.10129 0.22 -0.0231905 0.152312 0.0979488 -0.00239275 0.0999683 0.000786493
-0.0243392 3.09994 0.2228 -0.0199332 3.10229 0.22 -0.0330369 0.128759 0.106542 -0.00253085 0.0999657 0.000668627
-0.0246115 3.10107 0.223993 -0.0199595 3.10329 0.22 -0.0230481 0.0730202 0.0995385 -0.00266103 0.0999644 0.000210118
-0.0250201 3.10274 0.225304 -0.019987 3.10429 0.22 -0.0417123 0.1694 0.0961155 -0.00276925 0.0999614 0.000220797
-0.0253608 3.10415 0.226543 -0.0200211 3.10549 0.22 -0.0326511 0.130826 0.0891542 -0.00285689 0.0999589 0.00024583
-0.0256046 3.10529 0.227554 -0.0200502 3.10649 0.22 -0.0341211 0.102657 0.0755528 -0.00292782 0.0999568 0.000258092
-0.0259427 3.10647 0.228504 -0.0200797 3.10749 0.22 -0.0395607 0.118358 0.0664829 -0.00295898 0.0999558 0.000270231
-0.0261602 3.10764 0.229378 -0.0201095 3.10849 0.22 -0.0209098 0.109977 0.0600914 -0.00299603 0.0999547 0.000289226
-0.0263368 3.10853 0.23019 -0.0201398 3.10949 0.22 -0.0142706 0.0634053 0.0627359 -0.0030368 0.0999536 0.000249162
-0.0264963 3.10928 0.230869 -0.0201705 3.11049 0.22 -0.0242009 0.0727187 0.0385943 -0.0030715 0.0999527 0.000173547
-0.02667 3.11008 0.231447 -0.0202013 3.11149 0.22 -0.0140787 0.0664591 0.0220707 -0.0030949 0.0999521 9.08396e-05
-0.0268102 3.11073 0.231902 -0.0202326 3.11249 0.22 -0.00461527 0.0597346 0.0252242 -0.00314265 0.0999506 -6.58657e-06
-0.0269825 3.11147 0.232264 -0.0202646 3.11349 0.22 -0.0149322 0.0823139 0.0142126 -0.00320592 0.0999486 -9.50541e-05
-0.0271113 3.11204 0.232462 -0.0202974 3.11449 0.22 -0.0152118 0.0577357 0.00867493 -0.00328046 0.0999461 -0.000158126
-0.0272573 3.11257 0.232591 -0.0203309 3.11549 0.22 -0.0155043 0.0555342 0.0136411 -0.00336755 0.099943 -0.000222523
-0.0272573 3.11257 0.232632 -0.0203647 3.11649 0.22 0 0 0 -0.00339528 0.099942 -0.000266195
-0.0272573 3.11257 0.167301 -0.0203986 3.11749 0.22 0 0 0 -0.00337977 0.0999424 -0.000306113
-0.0274485 3.11265 0.177354 -0.0204318 3.11849 0.22 -0.0886336 0.0636654 0.82479 -0.00331106 0.0999445 -0.000366198
-0.0281063 3.11366 0.189122 -0.0204637 3.11949 0.22 -0.037937 0.179584 0.851193 -0.0031494 0.0999494 -0.000453531
-0.0279353 3.11501 0.198151 -0.0204931 3.12049 0.22 0.0429382 0.0130631 0.472596 -0.00287166 0.0999583 -0.000316833
-0.0277862 3.11518 0.203865 -0.0205201 3.12148 0.22 -0.000996713 0.0313068 0.424663 -0.00261752 0.0999657 0.000125248
-0.0276778 3.11694 0.208419 -0.0205451 3.12248 0.22 0.0104999 0.332746 0.21684 -0.00248273 0.0999654 0.000866407
-0.0275997 3.11929 0.210803 -0.0205688 3.12348 0.22 -0.0164777 0.148045 0.198396 -0.00233689 0.0999413 0.00250467
-0.0272798 3.12099 0.21224 -0.0205924 3.12448 0.22 0.0539399 0.170176 0.0440129 -0.00238917 0.0999319 0.00281242
-0.0267201 3.12173 0.211839 -0.0206173 3.12548 0.22 0.0520364 -0.0192831 -0.0866207 -0.0025257 0.0999209 0.00307036
-0.0264656 3.12177 0.21053 -0.020644 3.12648 0.22 0.00476719 0.0877637 -0.0799491 -0.00271014 0.0999227 0.00284644
-0.0264011 3.12263 0.209505 -0.0206796 3.12768 0.22 0.0157045 0.0466885 -0.0536884 -0.00307132 0.0999158 0.00272099
-0.0261427 3.12311 0.208799 -0.020712 3.12868 0.22 0.0338854 0.0506727 -0.00418745 -0.00326939 0.0999078 0.00278362
-0.0256893 3.12365 0.208946 -0.0207467 3.12968 0.22 0.0565203 0.0204242 0.0328481 -0.0034762 0.0998847 0.00331023
-0.0252595 3.12413 0.209242 -0.0207817 3.13068 0.22 0.0320311 0.106337 0.0285579 -0.00350267 0.0998595 0.00397621
-0.0249039 3.12495 0.209309 -0.0208165 3.13168 0.22 0.0308985 0.0721607 0.0179917 -0.00346951 0.0998338 0.00460145
-0.0246671 3.12535 0.209452 -0.0208506 3.13267 0.22 0.0161829 0.0267196 0.00863309 -0.00339247 0.0998126 0.00509297
-0.024651 3.12562 0.209876 -0.0208838 3.13367 0.22 0.00883986 0.00593138 0.0446391 -0.00330398 0.0998002 0.005386
-0.0245886 3.12584 0.210358 -0.0209166 3.13467 0.22 0.0127451 0.0464706 0.0488861 -0.0032797 0.0997996 0.00541138
-0.0244802 3.1258 0.211008 -0.0209495 3.13567 0.22 0.0106228 0.00620349 0.0652207 -0.00328517 0.0998027 0.00535075
-0.0243196 3.12601 0.211897 -0.0209826 3.13667 0.22 0.019927 0.0479685 0.0720563 -0.00331019 0.0998112 0.00517367
-0.0241199 3.12624 0.212917 -0.0210158 3.13766 0.22 0.0207807 0.0119502 0.0963788 -0.0033248 0.0998103 0.00518086
-0.0239784 3.12659 0.214112 -0.0210488 3.13866 0.22 0.0136016 0.0538663 0.102141 -0.0032789 0.0998076 0.00526285
-0.0239017 3.12709 0.215376 -0.021081 3.13966 0.22 0.0079756 0.0573912 0.103286 -0.00319157 0.0998032 0.00539724
-0.0238868 3.12766 0.216572 -0.0211124 3.14066 0.22 -0.00727122 0.0702946 0.107043 -0.00312823 0.099766 0.0060793
-0.0238874 3.12829 0.21767 -0.0211432 3.14166 0.22 -0.00183465 0.0530754 0.0986895 -0.00307244 0.0997011 0.00708942
-0.0239521 3.12887 0.218787 -0.0211738 3.14265 0.22 -0.0118406 0.0732696 0.0874567 -0.00306328 0.0997009 0.0070962
-0.0240003 3.12967 0.219945 -0.0212044 3.14365 0.22 -0.0124546 0.0924236 0.0909139 -0.00305861 0.0996752 0.00744955
-0.0241015 3.13054 0.22091 -0.0212351 3.14465 0.22 -0.00749098 0.100674 0.0825602 -0.00307424 0.0996795 0.00738501
-0.0242242 3.13145 0.221738 -0.0212657 3.14564 0.22 -0.0220596 0.100425 0.0811175 -0.00306084 0.0996872 0.007287
-0.0243656 3.13246 0.222585 -0.0212958 3.14664 0.22 -0.00888579 0.105152 0.0641909 -0.00298 0.0996683 0.00757317
-0.0244988 3.13347 0.223431 -0.0213253 3.14764 0.22 -0.0181795 0.0780817 0.0631495 -0.00294256 0.0996732 0.00752285
-0.0246533 3.13465 0.224067 -0.0213547 3.14863 0.22 -0.0120094 0.136364 0.0486244 -0.00293582 0.0996811 0.00742081
-0.0247879 3.13597 0.224599 -0.0213845 3.14963 0.22 -0.00953556 0.110346 0.0387918 -0.00299532 0.0996862 0.00732756
-0.0248943 3.13718 0.225149 -0.0214152 3.15063 0.22 -0.00725506 0.122174 0.0467496 -0.0030939 0.0996867 0.00727933
-0.0250417 3.13853 0.225587 -0.021447 3.15162 0.22 -0.0171771 0.151252 0.0176269 -0.00320652 0.0996871 0.00722541
-0.0252198 3.13976 0.225845 -0.0214794 3.15262 0.22 0 0 0 -0.003248 0.0996876 0.00719965
-0.0252198 3.13976 0.162914 -0.0215122 3.15362 0.22 0 0 0 -0.00328395 0.0996885 0.00717111
-0.0252198 3.13976 0.172063 -0.0215453 3.15461 0.22 0 0 0 -0.00330477 0.0996926 0.00710423
-0.0255922 3.14196 0.18434 -0.0215786 3.15561 0.22 -0.12755 0.599244 1.0635 -0.00334416 0.0997003 0.00697661
-0.0265093 3.14729 0.197055 -0.0216123 3.15661 0.22 -0.0188358 0.423252 0.845078 -0.00338547 0.0997121 0.00678531
-0.0264087 3.15055 0.207628 -0.0216462 3.15761 0.22 -0.0419665 0.039819 0.0677257 -0.00339363 0.0997137 0.00675774
-0.0262287 3.15095 0.21125 -0.0216878 3.1588 0.22 -0.0139062 0.10418 0.142848 -0.00349039 0.0997007 0.00689809
-0.0263524 3.15372 0.211162 -0.0217231 3.1598 0.22 -0.0043409 0.251368 0.0309874 -0.00352523 0.0996631 0.00740513
-0.0264148 3.15437 0.21127 -0.0217579 3.1608 0.22 -0.00343337 -0.009171 0.010873 -0.00347765 0.0996761 0.00725161
-0.0265653 3.15471 0.211472 -0.0217908 3.16179 0.22 -0.0101492 0.106629 0.0307047 -0.00323674 0.0997506 0.00627156
-0.0265761 3.15556 0.211559 -0.0218212 3.16279 0.22 0.00610466 0.0511041 -0.00072594 -0.00297779 0.0998112 0.00537169
-0.0264932 3.15575 0.211599 -0.0218488 3.16379 0.22 0.0163577 0.0210952 -0.00844029 -0.00269547 0.0998513 0.00473769
-0.026376 3.15703 0.211466 -0.0218737 3.16479 0.22 0.00763282 0.156797 0.00140254 -0.00245321 0.099872 0.00442247
-0.026248 3.15819 0.211682 -0.0218946 3.16579 0.22 0.00969243 0.0872471 0.0538144 -0.0020482 0.0998887 0.00424835
-0.0261252 3.15947 0.212223 -0.0219125 3.16679 0.22 0.0156203 0.165009 0.0503327 -0.00171919 0.0998935 0.00428056
-0.0260165 3.16095 0.212918 -0.0219274 3.16778 0.22 0.0113099 0.131646 0.0734178 -0.00144001 0.0998969 0.00430549
-0.0258371 3.16197 0.21396 -0.0219401 3.16878 0.22 0.0249067 0.104862 0.0825816 -0.00124206 0.0999034 0.00421548
-0.025672 3.16319 0.215082 -0.0219515 3.16978 0.22 0.0113752 0.118635 0.108879 -0.00110539 0.0999176 0.00390574
-0.0255698 3.16446 0.21648 -0.0219622 3.17078 0.22 0.00125208 0.136947 0.109277 -0.00106356 0.0999275 0.00365691
-0.0255016 3.16584 0.217702 -0.0219727 3.17178 0.22 3.52424e-05 0.112886 0.104166 -0.00104559 0.0999366 0.00340278
-0.0254556 3.16725 0.218844 -0.0219835 3.17278 0.22 -0.000114796 0.164406 0.100504 -0.00109509 0.0999395 0.00330103
-0.0254348 3.169 0.220004 -0.0219954 3.17378 0.22 0.00485623 0.170446 0.105328 -0.00120876 0.0999449 0.00309124
-0.025483 3.17056 0.221244 -0.0220088 3.17478 0.22 -0.000546465 0.162131 0.0983473 -0.00137745 0.0999403 0.00316935
-0.025555 3.1722 0.222346 -0.0220233 3.17578 0.22 -0.00665715 0.166961 0.107683 -0.00148695 0.099936 0.00325315
-0.025627 3.17377 0.223524 -0.0220388 3.17678 0.22 -0.0116282 0.137941 0.0933576 -0.00156527 0.0999329 0.00331226
-0.0257451 3.17529 0.224529 -0.0220556 3.17778 0.22 -0.0205897 0.141356 0.0790231 -0.00167618 0.0999285 0.00338916
-0.0258857 3.17667 0.225458 -0.0220735 3.17878 0.22 -0.0229228 0.160672 0.083999 -0.00180808 0.0999227 0.00349134
-0.0260264 3.17804 0.226327 -0.0220922 3.17978 0.22 -0.00590379 0.124301 0.0740505 -0.001911 0.0999177 0.00357865
-0.0260935 3.17931 0.227093 -0.022112 3.18078 0.22 -0.00496423 0.137043 0.0538987 -0.00198377 0.0999144 0.00363043
-0.0261516 3.18062 0.227737 -0.0221326 3.18177 0.22 -0.0016592 0.120951 0.0653291 -0.0020695 0.0999093 0.00372097
-0.0262053 3.1817 0.228295 -0.0221542 3.18277 0.22 -0.00994223 0.125936 0.0361522 -0.00216222 0.0999036 0.0038205
-0.0262727 3.1828 0.22872 -0.0221761 3.18377 0.22 -0.00570955 0.104502 0.0319203 -0.00219986 0.0999002 0.00388616
-0.0263219 3.18395 0.229116 -0.0222027 3.18497 0.22 -0.00313998 0.121704 0.0397104 -0.00222807 0.0998953 0.00399517
-0.0263501 3.1849 0.229401 -0.0222252 3.18597 0.22 0.00122979 0.0729041 0.022237 -0.0022581 0.0998921 0.0040592
-0.0263362 3.18574 0.229579 -0.0222482 3.18697 0.22 0.00242117 0.0903029 0.00392486 -0.00230238 0.0998807 0.00430524
-0.0263556 3.1865 0.229749 -0.0222719 3.18797 0.22 0.00590854 0.0621303 0.0253684 -0.00239019 0.0998791 0.00429652
-0.0263928 3.18713 0.229824 -0.0222966 3.18897 0.22 0.00695069 0.0331906 0.00229775 -0.00249096 0.0998825 0.00415793
-0.0264225 3.18737 0.229844 -0.0223221 3.18997 0.22 0 0 0 -0.00256989 0.0998896 0.0039325
-0.0264225 3.18737 0.160001 -0.0223482 3.19096 0.22 0 0 0 -0.00261308 0.0999019 0.00357634
-0.0264225 3.18737 0.169724 -0.0223744 3.19196 0.22 0 0 0 -0.00261571 0.0999125 0.00326255
-0.0270855 3.18804 0.181787 -0.0224003 3.19296 0.22 -0.0525781 0.125589 0.920896 -0.00256842 0.0999145 0.00324125
-0.0274106 3.18976 0.193887 -0.0224253 3.19396 0.22 -0.0151742 0.191342 0.853728 -0.002471 0.0999144 0.00331805
-0.0274097 3.19114 0.204312 -0.0224485 3.19496 0.22 0.0108076 -0.027738 0.640805 -0.0022787 0.0999112 0.00354428
-0.0270405 3.19087 0.210361 -0.0224695 3.19596 0.22 0.0498176 0.146359 0.228103 -0.00209865 0.0999096 0.00369707
-0.0267232 3.19341 0.212792 -0.0224895 3.19696 0.22 0.0290231 0.287953 0.178156 -0.00199935 0.0998991 0.00402152
-0.026382 3.19507 0.214166 -0.022509 3.19796 0.22 0.0237672 -0.0211815 0.0355885 -0.00195319 0.0999315 0.00314332
-0.0262265 3.19471 0.213805 -0.0225289 3.19896 0.22 -0.00903067 0.0307185 -0.0561582 -0.00201229 0.0999217 0.00340677
-0.0264031 3.19578 0.213204 -0.0225498 3.19996 0.22 -0.0176861 0.173503 -0.0549528 -0.00212585 0.0999176 0.00345643
-0.0263793 3.19706 0.212029 -0.0225789 3.20116 0.22 0.024524 0.0614469 -0.0765099 -0.00248749 0.0998915 0.00393696
-0.0261667 3.198 0.211253 -0.0226063 3.20215 0.22 0.0191082 0.101603 -0.0226647 -0.00274115 0.0998618 0.00448401
-0.0259328 3.19893 0.211662 -0.0226356 3.20315 0.22 0.0362586 0.0579199 0.0522801 -0.00294297 0.0998307 0.0050176
-0.0255105 3.19953 0.212098 -0.022666 3.20415 0.22 0.0465595 0.0919352 0.0105548 -0.00304527 0.099781 0.00587173
-0.0253147 3.20045 0.212109 -0.0226964 3.20515 0.22 0.00465129 0.0604687 0.0122465 -0.00302986 0.0997462 0.00644288
-0.0253586 3.20099 0.212494 -0.0227264 3.20615 0.22 -0.0120916 0.0351454 0.0399512 -0.00299103 0.0997286 0.00672714
-0.0254962 3.20147 0.21312 -0.0227559 3.20714 0.22 -0.0212834 0.0628978 0.0550332 -0.00295628 0.0997146 0.00694733
-0.0255927 3.20185 0.213838 -0.022785 3.20814 0.22 -0.00270425 0.0192399 0.0607875 -0.00289901 0.0997091 0.00704855
-0.0256371 3.20205 0.214854 -0.0228136 3.20914 0.22 -0.00616886 0.0432184 0.0895973 -0.00284458 0.0997079 0.00708826
-0.0257756 3.20236 0.216115 -0.0228414 3.21013 0.22 -0.00884018 0.0355766 0.105013 -0.00276889 0.0997046 0.00716469
-0.0258851 3.20271 0.21748 -0.0228686 3.21113 0.22 -0.0131336 0.0237052 0.117284 -0.00271671 0.0996952 0.00731295
-0.0260178 3.20295 0.21875 -0.0228957 3.21213 0.22 -0.00702377 0.0242916 0.0989265 -0.00270826 0.0996839 0.00746931
-0.0261664 3.20325 0.219893 -0.0229229 3.21312 0.22 -0.0126109 0.0393926 0.0861415 -0.00272995 0.0996818 0.00748923
-0.0263165 3.2037 0.221027 -0.0229504 3.21412 0.22 -0.0215685 0.0521572 0.0814651 -0.00275448 0.0996385 0.00803612
-0.0264665 3.2041 0.221979 -0.022978 3.21512 0.22 -0.013354 0.0511029 0.0770148 -0.00275785 0.0996479 0.00791751
-0.0266268 3.20467 0.222922 -0.023005 3.21611 0.22 -0.0167946 0.0448664 0.074141 -0.00268148 0.0996264 0.00820919
-0.0267457 3.20521 0.223907 -0.0230315 3.21711 0.22 -0.0143103 0.0577919 0.079697 -0.00263269 0.0996367 0.00809867
-0.026943 3.20602 0.224842 -0.0230578 3.21811 0.22 -0.0164232 0.0845907 0.0666325 -0.00264149 0.0996409 0.00804456
-0.0271199 3.20703 0.225635 -0.0230851 3.2191 0.22 -0.0169267 0.0694986 0.0619933 -0.00273887 0.0996401 0.00802129
-0.0272802 3.20784 0.226248 -0.0231138 3.2201 0.22 -0.0169776 0.0938739 0.0362638 -0.00287003 0.0996347 0.0080433
-0.0274903 3.2088 0.226792 -0.0231431 3.22109 0.22 -0.0301774 0.11712 0.0441042 -0.00295043 0.099623 0.00815798
-0.0277264 3.20969 0.227365 -0.0231725 3.22209 0.22 -0.0221039 0.104486 0.0401729 -0.00292769 0.0996209 0.00819224
-0.0279466 3.21083 0.227738 -0.0232014 3.22309 0.22 -0.0233476 0.142097 0.027864 -0.00288131 0.0996269 0.00813561
-0.0281366 3.21192 0.227978 -0.0232296 3.22408 0.22 -0.0049934 0.112821 0.0370381 -0.0028217 0.0996364 0.00803872
-0.02826 3.21309 0.228244 -0.0232577 3.22508 0.22 -0.0157606 0.132072 0.0178224 -0.0028082 0.0996452 0.00793362
-0.0284003 3.21442 0.228354 -0.023286 3.22608 0.22 -0.020456 0.125916 0.00123756 -0.00284715 0.0996499 0.00786044
-0.0284003 3.21442 0.228482 -0.023315 3.22707 0.22 0 0 0 -0.00291135 0.0996441 0.00791
-0.0284003 3.21442 0.166566 -0.0233446 3.22807 0.22 0 0 0 -0.00297483 0.0996709 0.00754081
-0.0284297 3.21533 0.177428 -0.0233744 3.22907 0.22 -0.0250636 0.521756 1.00532 -0.00297173 0.0997184 0.00688543
-0.0289387 3.2206 0.190373 -0.0234043 3.23006 0.22 -0.0633609 0.363869 0.904063 -0.00298607 0.099726 0.00676867
-0.0292558 3.22398 0.200869 -0.023434 3.23106 0.22 0.0271652 0.13317 0.679044 -0.00296778 0.0997369 0.00661371
-0.0289745 3.22396 0.209169 -0.0234633 3.23206 0.22 0.0384528 -0.138038 0.566216 -0.00292981 0.0997284 0.0067578
-0.0285125 3.22329 0.216068 -0.0234923 3.23306 0.22 0.0558033 0.132684 0.434688 -0.00287741 0.0997166 0.00695176
-0.0276193 3.22575 0.219333 -0.0235209 3.23405 0.22 0.116837 0.309232 0.122981 -0.00284342 0.0995557 0.00897625
-0.0267326 3.22696 0.219637 -0.0235496 3.23505 0.22 0.0816631 -0.163608 -0.0283013 -0.00286219 0.0995588 0.00893612
-0.0260896 3.22605 0.219159 -0.0235784 3.23604 0.22 0.0286397 0.0433594 -0.0315478 -0.00289528 0.0996138 0.00828876
-0.0260307 3.22679 0.218708 -0.023608 3.23704 0.22 -0.00435952 0.0132215 -0.0484215 -0.0029552 0.0997212 0.00685159
-0.0259941 3.22641 0.21791 -0.023643 3.23824 0.22 0.00187694 0.0136256 -0.0681285 -0.00290223 0.0997892 0.00580534
-0.0260765 3.22731 0.217236 -0.0236708 3.23924 0.22 -0.00578267 0.112082 -0.0316003 -0.00273931 0.0998479 0.00478532
-0.0261072 3.2279 0.216906 -0.0236968 3.24024 0.22 -0.00597746 0.0506024 -0.0295203 -0.00251796 0.0998762 0.00429006
-0.0262836 3.22923 0.216717 -0.0237204 3.24123 0.22 -0.0206213 0.160766 0.0145521 -0.0023299 0.0998911 0.0040433
-0.0265543 3.23076 0.216601 -0.0237414 3.24223 0.22 -0.0281478 0.128266 0.000838241 -0.00209017 0.0999054 0.00381251
-0.026856 3.23217 0.21678 -0.02376 3.24323 0.22 -0.0262039 0.166954 0.0406551 -0.00182115 0.0999191 0.00358538
-0.0271351 3.23395 0.217224 -0.023777 3.24423 0.22 -0.0247162 0.149575 0.0490896 -0.00167095 0.0999299 0.00334879
-0.0273213 3.23557 0.217907 -0.0237932 3.24523 0.22 -0.0141056 0.141626 0.0818722 -0.00160641 0.0999383 0.00312361
-0.0274888 3.23738 0.218706 -0.0238094 3.24623 0.22 -0.0222477 0.192902 0.0815634 -0.00162867 0.0999444 0.00291033
-0.0277119 3.23942 0.219634 -0.0238266 3.24723 0.22 -0.0203856 0.184409 0.0746933 -0.00177057 0.0999525 0.00252083
-0.0280062 3.24131 0.220586 -0.0238452 3.24823 0.22 -0.0338105 0.219074 0.0773944 -0.00190328 0.0999518 0.00245387
-0.0283947 3.24348 0.221657 -0.0238656 3.24923 0.22 -0.0392621 0.227646 0.0959754 -0.00206905 0.0999483 0.00246044
-0.0286503 3.24551 0.22268 -0.0238874 3.25023 0.22 -0.0122027 0.188555 0.0837077 -0.00220669 0.0999424 0.00257824
-0.0288895 3.24739 0.223723 -0.0239109 3.25123 0.22 -0.0272399 0.194517 0.0973689 -0.00237617 0.0999342 0.00273902
-0.0292524 3.24932 0.224805 -0.0239363 3.25223 0.22 -0.0284374 0.162132 0.0902716 -0.00258959 0.0999228 0.00295424
-0.0296137 3.25107 0.225877 -0.0239629 3.25323 0.22 -0.0327996 0.167707 0.0856023 -0.00268768 0.0999287 0.0026499
-0.0300159 3.25276 0.22688 -0.0239908 3.25423 0.22 -0.0395644 0.12832 0.091909 -0.00279315 0.0999363 0.00222133
-0.0303982 3.25417 0.227823 -0.0240194 3.25523 0.22 -0.0359886 0.112321 0.0653291 -0.00286715 0.0999443 0.00170786
-0.0307822 3.25557 0.228541 -0.0240483 3.25622 0.22 -0.0404182 0.154664 0.0592765 -0.002889 0.0999488 0.00137553
-0.0311549 3.25699 0.229302 -0.024077 3.25722 0.22 -0.0218494 0.113566 0.0541311 -0.00286498 0.0999495 0.00137413
-0.0313732 3.25818 0.22985 -0.0241056 3.25822 0.22 -0.0158285 0.157396 0.0356234 -0.0028572 0.0999491 0.00141933
-0.0315762 3.25961 0.23025 -0.0241344 3.25922 0.22 -0.0258766 0.166044 0.0131555 -0.00288978 0.0999469 0.00150722
-0.0318505 3.26102 0.230518 -0.0241645 3.26022 0.22 -0.00996495 0.0904407 0.0244817 -0.00302794 0.0999392 0.0017295
-0.0320695 3.26204 0.230722 -0.0241957 3.26122 0.22 -0.0280827 0.0933042 0.0227775 -0.00315769 0.0999315 0.00192869
-0.0323166 3.26308 0.230889 -0.024228 3.26222 0.22 -0.0273645 0.0898465 0.0216152 -0.00325304 0.0999255 0.00207822
-0.0324964 3.26367 0.23117 -0.024261 3.26322 0.22 0 0 0 -0.00330597 0.0999226 0.00213136
-0.0324964 3.26367 0.160804 -0.0243009 3.26442 0.22 0 0 0 -0.00333011 0.0999231 0.00207007
-0.0324964 3.26367 0.169341 -0.0243342 3.26542 0.22 0 0 0 -0.0033176 0.0999246 0.0020153
-0.0326522 3.264 0.180402 -0.0243669 3.26642 0.22 -0.0385852 0.0632909 0.874205 -0.00326536 0.0999271 0.00197694
-0.0327072 3.26528 0.192519 -0.0243987 3.26742 0.22 0.00760097 0.182977 0.88006 -0.0031526 0.0999301 0.0020076
-0.0324637 3.26708 0.203681 -0.0244288 3.26842 0.22 0.0262376 0.17504 0.776473 -0.00295124 0.099932 0.00220998
-0.0321096 3.26688 0.211749 -0.0244566 3.26942 0.22 0.0521893 -0.185175 0.423458 -0.00274066 0.0999323 0.00245274
-0.0318946 3.26679 0.213229 -0.0244826 3.27042 0.22 0.00440641 0.108408 0.0482879 -0.00256587 0.0999255 0.00288208
-0.0317551 3.26885 0.213162 -0.0245074 3.27141 0.22 0.0272505 0.172086 -0.0608354 -0.0024269 0.0999105 0.00346447
-0.0315737 3.26952 0.211928 -0.024531 3.27241 0.22 0.0159207 0.0221078 -0.0676791 -0.00232312 0.0998958 0.00392829
-0.0314721 3.26995 0.211225 -0.0245527 3.27341 0.22 0.00914271 0.0544061 -0.0582444 -0.0021681 0.0998885 0.00419383
-0.0314409 3.27039 0.21033 -0.0245732 3.27441 0.22 0.00816983 0.0323814 -0.0770461 -0.00202497 0.0998902 0.00422512
-0.0314192 3.27078 0.209659 -0.0245929 3.27541 0.22 -0.00578054 0.070358 -0.039502 -0.00195972 0.0998919 0.00421412
-0.0314829 3.2716 0.209523 -0.0246124 3.27641 0.22 -0.00923039 0.0632628 0.0241068 -0.00194561 0.0998903 0.00426016
-0.0315865 3.27214 0.210149 -0.0246319 3.27741 0.22 -0.00197375 0.0322065 0.0611576 -0.00194933 0.0998821 0.00444514
-0.0316707 3.27276 0.210896 -0.0246516 3.27841 0.22 -0.00649092 0.0593173 0.0538956 -0.00197111 0.0998641 0.00482488
-0.0317949 3.27351 0.211694 -0.0246717 3.2794 0.22 -0.0154411 0.0745075 0.0600075 -0.00202203 0.0998369 0.00533837
-0.0318554 3.27397 0.212574 -0.0246923 3.2804 0.22 -0.00694986 0.0495095 0.0656171 -0.0020656 0.0998199 0.0056316
-0.0318425 3.27433 0.213624 -0.0247132 3.2814 0.22 0.0125319 0.0283816 0.0788572 -0.00209972 0.0998086 0.00581751
-0.0317605 3.27464 0.214794 -0.0247343 3.2824 0.22 0.0124822 0.0411867 0.087007 -0.00211272 0.0998056 0.00586393
-0.0316921 3.27488 0.215946 -0.0247555 3.2834 0.22 0.00286012 0.0260048 0.103657 -0.00212212 0.099812 0.00574921
-0.0316971 3.27522 0.21731 -0.0247768 3.2844 0.22 -0.00427958 0.0244081 0.124666 -0.00212892 0.0997977 0.00599056
-0.0317542 3.27571 0.218892 -0.0247983 3.28539 0.22 -0.0083321 0.0616116 0.131151 -0.0021524 0.0998024 0.00590352
-0.0318607 3.2764 0.220644 -0.0248203 3.28639 0.22 -0.00957393 0.109248 0.136921 -0.00220518 0.099773 0.00636308
-0.0319031 3.27719 0.222128 -0.0248426 3.28739 0.22 0.00191401 0.0381295 0.0837826 -0.00223145 0.0997751 0.00632005
-0.0319311 3.27771 0.223231 -0.0248647 3.28839 0.22 -0.0114392 0.092421 0.0894376 -0.00221332 0.0997386 0.00687905
-0.0320621 3.27858 0.224201 -0.0248866 3.28938 0.22 -0.0175796 0.0750131 0.0657324 -0.00218097 0.0997463 0.0067757
-0.0321897 3.27931 0.225078 -0.0249082 3.29038 0.22 -0.00976286 0.0839903 0.0695946 -0.00216798 0.0997515 0.00670364
-0.0323208 3.28021 0.2258 -0.0249303 3.29138 0.22 -0.0148038 0.130817 0.0522406 -0.00222903 0.0997546 0.00663653
-0.0324202 3.28129 0.226476 -0.0249535 3.29238 0.22 -0.00979499 0.111334 0.056223 -0.00233865 0.0997558 0.00658142
-0.032474 3.28226 0.227074 -0.0249775 3.29337 0.22 -0.000919663 0.106253 0.0609978 -0.00242077 0.0997564 0.00654202
-0.0325374 3.28345 0.227712 -0.0250018 3.29437 0.22 -0.0158143 0.137667 0.057647 -0.00243064 0.0997586 0.0065054
-0.0326392 3.28474 0.228244 -0.0250255 3.29537 0.22 -0.0125362 0.137463 0.0522254 -0.00235146 0.0997601 0.00651144
-0.032778 3.28616 0.228762 -0.0250486 3.29637 0.22 -0.0189299 0.163157 0.0469499 -0.00230986 0.0997585 0.00655008
-0.0329203 3.28768 0.22918 -0.025072 3.29736 0.22 -0.00878465 0.124507 0.0196542 -0.0023509 0.0997533 0.00661408
-0.0330405 3.28905 0.22949 -0.025096 3.29836 0.22 -0.00528721 0.157725 0.0261537 -0.00241348 0.0997486 0.00666293
-0.0331539 3.29065 0.229713 -0.0251212 3.29936 0.22 -0.00861255 0.121244 0.0140945 -0.00253234 0.0997442 0.00668509
-0.0332228 3.29141 0.229872 -0.0251471 3.30036 0.22 0 0 0 -0.00259784 0.0997389 0.0067375
-0.0332228 3.29141 0.165881 -0.0251786 3.30155 0.22 0 0 0 -0.00263383 0.0997469 0.00660444
-0.0332228 3.29141 0.176196 -0.0252049 3.30255 0.22 0 0 0 -0.00262586 0.0997583 0.00643369
-0.0337078 3.29622 0.188865 -0.025231 3.30355 0.22 -0.0731914 0.506099 1.00737 -0.00260021 0.0997691 0.00627383
-0.0340329 3.29915 0.199518 -0.0252565 3.30455 0.22 0.0129563 0.226584 0.717581 -0.00254563 0.0997482 0.00661897
-0.0335223 3.29971 0.20648 -0.0252816 3.30554 0.22 0.071565 -0.0439344 0.454174 -0.00250806 0.0997393 0.00676574
-0.0328888 3.29986 0.211728 -0.0253068 3.30654 0.22 0.0497076 0.118812 0.409866 -0.00253174 0.099721 0.00702222
-0.0326056 3.30248 0.215507 -0.0253329 3.30754 0.22 0.0133743 0.363115 0.244382 -0.00261407 0.0996655 0.0077425
-0.0327342 3.30427 0.217011 -0.0253597 3.30853 0.22 0.00477116 0.0350398 0.0459003 -0.00268675 0.0996038 0.00847714
-0.0326169 3.30423 0.216422 -0.0253868 3.30953 0.22 0.012057 0.00534482 -0.0380592 -0.00270344 0.099602 0.0084927
-0.0326694 3.30419 0.216269 -0.0254133 3.31053 0.22 -0.0169167 -0.0276325 0.00389792 -0.00261504 0.0997007 0.00727534
-0.0328567 3.30368 0.216392 -0.0254383 3.31152 0.22 -0.00891225 -0.0388609 -0.0198998 -0.00247752 0.0997765 0.0062055
-0.0329009 3.30326 0.215911 -0.0254609 3.31252 0.22 0.0023757 -0.00964726 -0.0576819 -0.00224696 0.0998552 0.00488787
-0.0328501 3.30352 0.215717 -0.0254808 3.31352 0.22 0.00120272 0.0809451 0.00494455 -0.00193051 0.0999088 0.00380904
-0.0328109 3.30433 0.215615 -0.0254978 3.31452 0.22 0.00287736 0.114669 -0.0230665 -0.00162963 0.099925 0.00351399
-0.0328243 3.30568 0.21568 -0.025512 3.31552 0.22 0.000694273 0.131533 -0.000219281 -0.00136963 0.0999267 0.00357488
-0.0328446 3.3069 0.215837 -0.0255242 3.31652 0.22 -0.00219547 0.157487 0.0427215 -0.00120067 0.0999225 0.00374875
-0.0328949 3.30846 0.216442 -0.0255343 3.31752 0.22 -0.00482373 0.137906 0.08667 -0.000988365 0.0999181 0.00392305
-0.0329404 3.30979 0.217441 -0.0255434 3.31852 0.22 -0.0056358 0.137935 0.100026 -0.000895618 0.0999228 0.00382581
-0.0329905 3.31119 0.218618 -0.0255519 3.31952 0.22 -0.00730541 0.128724 0.107689 -0.00085036 0.099931 0.00361461
-0.0330262 3.31258 0.219872 -0.0255605 3.32052 0.22 -0.000421976 0.167677 0.117065 -0.000860378 0.0999431 0.00326061
-0.0330374 3.31432 0.221058 -0.0255698 3.32152 0.22 0.00271306 0.172129 0.106589 -0.000978417 0.0999591 0.00268578
-0.0330728 3.31612 0.222264 -0.0255804 3.32252 0.22 -0.0108382 0.186679 0.0919331 -0.00108615 0.0999741 0.00199833
-0.03315 3.31795 0.22326 -0.0255926 3.32352 0.22 -0.00569184 0.192102 0.0909384 -0.00123799 0.0999677 0.00221876
-0.0332767 3.31997 0.224438 -0.0256062 3.32451 0.22 -0.00618917 0.203071 0.0987604 -0.0013805 0.0999685 0.00209609
-0.033365 3.32168 0.225611 -0.0256213 3.32551 0.22 -0.0114222 0.18275 0.0947653 -0.00155286 0.0999651 0.00213498
-0.0334934 3.32382 0.226906 -0.0256412 3.32671 0.22 -0.0120906 0.182164 0.0824661 -0.0017093 0.0999613 0.00219458
-0.0335211 3.3255 0.227883 -0.025659 3.32771 0.22 -0.00475083 0.151491 0.0942785 -0.00182739 0.0999537 0.00243156
-0.0335326 3.327 0.228814 -0.0256779 3.32871 0.22 -0.00602049 0.15808 0.0764072 -0.00191124 0.0999474 0.00261925
-0.0335773 3.32858 0.229591 -0.0256979 3.32971 0.22 -0.00862658 0.153934 0.0712525 -0.00200488 0.0999387 0.00287156
-0.0335831 3.32997 0.230382 -0.0257186 3.33071 0.22 -0.0024329 0.131678 0.0606484 -0.00207749 0.0999298 0.00311786
-0.0335951 3.33126 0.230922 -0.02574 3.33171 0.22 0.00287332 0.125155 0.0455802 -0.00215725 0.0999201 0.00336564
-0.0336345 3.33229 0.231473 -0.025762 3.33271 0.22 0.00465454 0.0870859 0.0441954 -0.00222291 0.0999126 0.00353938
-0.0336854 3.33326 0.231918 -0.0257846 3.33371 0.22 -0.0032211 0.0884904 0.0296047 -0.00227026 0.0999079 0.00364049
-0.0337536 3.33428 0.232236 -0.025808 3.33471 0.22 -0.00891109 0.0972495 0.0188201 -0.00233853 0.099902 0.00375787
-0.0337923 3.33506 0.232402 -0.0258324 3.33571 0.22 0.00292053 0.061122 0.0190286 -0.00245937 0.0998933 0.0039089
-0.0338525 3.33598 0.23246 -0.025858 3.33671 0.22 -0.0120535 0.0754631 0.00855945 -0.00259025 0.0998837 0.00406688
-0.0338525 3.33598 0.232453 -0.0258848 3.3377 0.22 0 0 0 -0.00271076 0.0998736 0.00423178
-0.0338525 3.33598 0.16634 -0.0259126 3.3387 0.22 0 0 0 -0.00278575 0.0998676 0.00432356
-0.0339231 3.336 0.176344 -0.0259412 3.3397 0.22 -0.0352913 0.0131139 0.809101 -0.0028593 0.0998594 0.00446315
-0.0343127 3.33678 0.188169 -0.0259698 3.3407 0.22 -0.0289541 0.137059 0.878098 -0.00286038 0.0998546 0.00456985
-0.0342979 3.33856 0.199453 -0.0259977 3.3417 0.22 0.00977842 0.202328 0.81114 -0.00275869 0.0998517 0.00469382
-0.0340876 3.3395 0.209246 -0.026024 3.3427 0.22 0.0238171 -0.0456715 0.679174 -0.00260112 0.0998475 0.00486956
-0.0337846 3.33891 0.215248 -0.0260487 3.3437 0.22 0.0819971 -0.0404159 0.134411 -0.00242536 0.0998443 0.00502237
-0.0331522 3.33948 0.215228 -0.0260726 3.34469 0.22 0.0206988 0.149646 0.00459997 -0.00238993 0.0998338 0.00524332
-0.0327447 3.34042 0.214964 -0.0260967 3.34569 0.22 0.0380632 0.034796 -0.0271362 -0.00240803 0.0998166 0.00555322
-0.0324966 3.34077 0.21462 -0.0261207 3.34669 0.22 0.00475956 0.0508097 0.0132859 -0.00239716 0.0997899 0.00601992
-0.0324809 3.34122 0.214664 -0.0261444 3.34769 0.22 0.0161231 -0.00721624 -0.0450898 -0.00236617 0.0997742 0.00628631
-0.0323797 3.34137 0.213825 -0.026168 3.34869 0.22 0.0131589 0.0593835 -0.0655088 -0.00236968 0.0997678 0.00638485
-0.0323459 3.34219 0.213188 -0.0261919 3.34968 0.22 0.0013692 0.0780964 -0.0374032 -0.00239445 0.0997617 0.00647112
-0.0323469 3.343 0.213198 -0.0262162 3.35068 0.22 0.00284688 0.0525386 0.0084359 -0.00244059 0.0997547 0.00656053
-0.0323866 3.34402 0.213397 -0.0262414 3.35168 0.22 0.00876828 0.124268 0.0242784 -0.00253515 0.0997286 0.00691172
-0.0322709 3.345 0.213646 -0.0262725 3.35287 0.22 0.0210851 0.0840759 0.0281566 -0.00260117 0.099699 0.00730326
-0.0321637 3.34601 0.214236 -0.0262989 3.35387 0.22 0.00782871 0.0981384 0.0474757 -0.00264464 0.0996658 0.00772843
-0.0320635 3.34685 0.214945 -0.0263254 3.35487 0.22 0.0119003 0.0804274 0.0605266 -0.00264552 0.0996471 0.00796621
-0.0320323 3.34775 0.215804 -0.0263518 3.35586 0.22 0.0023819 0.101589 0.08975 -0.00264844 0.0996336 0.00813153
-0.0320278 3.34877 0.216831 -0.0263785 3.35686 0.22 -0.00309913 0.106036 0.10041 -0.00267508 0.0996285 0.00818632
-0.0320536 3.34975 0.217941 -0.026406 3.35786 0.22 -0.00490493 0.101964 0.104566 -0.00276525 0.0996213 0.00824322
-0.0321235 3.35085 0.21916 -0.0264343 3.35885 0.22 -0.00701213 0.129056 0.115506 -0.00283686 0.0996222 0.00820813
-0.0322027 3.35191 0.22047 -0.0264631 3.35985 0.22 -0.00152929 0.0964216 0.112547 -0.00289085 0.0996123 0.0083087
-0.0322907 3.35288 0.221828 -0.026492 3.36085 0.22 -0.0112237 0.11666 0.113819 -0.00288989 0.0995883 0.0085917
-0.0324267 3.35396 0.223139 -0.0265208 3.36184 0.22 -0.0121582 0.114747 0.11344 -0.00287713 0.0995817 0.00867274
-0.032558 3.35514 0.224267 -0.0265496 3.36284 0.22 -0.0123706 0.115914 0.0851452 -0.00289284 0.099458 0.00998655
-0.032669 3.35639 0.225211 -0.0265792 3.36383 0.22 -0.0173822 0.113267 0.0926122 -0.00297799 0.0994532 0.0100095
-0.0327646 3.35756 0.226186 -0.0266101 3.36483 0.22 -0.0122158 0.112294 0.0965618 -0.00310778 0.0994496 0.0100064
-0.0328317 3.35863 0.227108 -0.0266422 3.36582 0.22 0.00148166 0.104004 0.0667225 -0.00324066 0.0994485 0.009975
-0.0329506 3.35971 0.227836 -0.0266752 3.36681 0.22 -0.00166672 0.0989574 0.0595234 -0.00329601 0.0994474 0.00996758
-0.0330923 3.36088 0.228448 -0.0267081 3.36781 0.22 -0.011316 0.127472 0.0450193 -0.00328918 0.0994564 0.00987976
-0.0332858 3.36233 0.229115 -0.0267409 3.3688 0.22 -0.0161904 0.123255 0.0603033 -0.00328093 0.0994679 0.00976569
-0.0334246 3.36357 0.229723 -0.0267739 3.3698 0.22 -0.0183145 0.124918 0.0582584 -0.00331147 0.0994641 0.00979375
-0.033591 3.36497 0.23029 -0.0268078 3.37079 0.22 -0.0180485 0.117937 0.0409809 -0.00340665 0.0994493 0.00991126
-0.0337328 3.36622 0.23077 -0.0268425 3.37179 0.22 -0.0164034 0.109384 0.0288245 -0.00350597 0.0994343 0.0100262
-0.0338579 3.36734 0.231076 -0.0268782 3.37278 0.22 -0.0148959 0.143319 0.0346778 -0.00360299 0.0994274 0.0100602
-0.0340008 3.36849 0.231313 -0.0269147 3.37378 0.22 0 0 0 -0.00365638 0.0994282 0.0100329
-0.0340008 3.36849 0.162458 -0.0269517 3.37477 0.22 0 0 0 -0.0037011 0.099436 0.00993937
-0.0340008 3.36849 0.170819 -0.0269888 3.37576 0.22 0 0 0 -0.00370937 0.0994486 0.00980891
-0.0341184 3.37003 0.182029 -0.0270259 3.37676 0.22 -0.0358274 0.479305 1.01801 -0.0037041 0.0995275 0.00897575
-0.0347642 3.37436 0.194429 -0.027063 3.37775 0.22 -0.0412179 0.249084 0.843205 -0.00370892 0.0995358 0.00888128
-0.0347379 3.37643 0.20425 -0.0270997 3.37875 0.22 0.0519083 0.0878886 0.692577 -0.00365214 0.09953 0.00896925
-0.0343008 3.37657 0.212452 -0.0271358 3.37975 0.22 0.0308861 0.0753749 0.453062 -0.00359355 0.0995161 0.00914484
-0.0341955 3.37809 0.217375 -0.0271711 3.38074 0.22 0.0287762 0.10296 0.281829 -0.00350221 0.0995049 0.00930105
-0.0337686 3.37869 0.219883 -0.0272054 3.38174 0.22 0.0360807 0.123967 0.128459 -0.00342215 0.0995355 0.00899861
-0.033606 3.37964 0.220872 -0.0272392 3.38273 0.22 -0.00832424 0.0124525 0.0291469 -0.00336154 0.0996163 0.00808018
-0.0337244 3.37967 0.220389 -0.0272722 3.38373 0.22 -0.0199225 0.0334994 -0.0674567 -0.00325565 0.0996827 0.00726324
-0.0340171 3.38086 0.219049 -0.0273104 3.38492 0.22 -0.0197205 0.136639 -0.0758271 -0.00312437 0.0997234 0.00674392
-0.0339346 3.38152 0.217778 -0.0273407 3.38592 0.22 0.0212382 0.067436 -0.0842805 -0.00299847 0.0997355 0.00662132
-0.0336761 3.38259 0.216664 -0.0273692 3.38692 0.22 0.0154323 0.110336 -0.0350468 -0.00284363 0.099746 0.00653119
-0.0335288 3.38348 0.216178 -0.0273961 3.38792 0.22 0.0128051 0.124399 -0.021178 -0.00268544 0.0997562 0.00644059
-0.0334505 3.38433 0.215911 -0.0274212 3.38891 0.22 -0.00199436 0.0990558 -0.00156791 -0.00244922 0.0997811 0.00614228
-0.0334722 3.38506 0.21597 -0.0274443 3.38991 0.22 -0.00748445 0.0728847 0.0257976 -0.00222662 0.0998097 0.00575069
-0.0335577 3.38585 0.2164 -0.0274653 3.39091 0.22 -0.00981273 0.0821658 0.0350561 -0.00206546 0.0998319 0.0054146
-0.0336144 3.38703 0.216912 -0.0274843 3.39191 0.22 -0.00566972 0.120739 0.0642818 -0.00189923 0.0998534 0.00506909
-0.0337331 3.38857 0.217558 -0.0275024 3.39291 0.22 -0.0162044 0.194089 0.0519259 -0.00180656 0.0998653 0.00486472
-0.0338068 3.39004 0.218333 -0.0275205 3.39391 0.22 -0.00876046 0.13634 0.0909078 -0.0018185 0.0998652 0.00486114
-0.0338217 3.39157 0.219252 -0.0275392 3.39491 0.22 -0.00049167 0.156185 0.0779283 -0.00190703 0.0998609 0.0049158
-0.0338578 3.39327 0.220335 -0.0275591 3.3959 0.22 0.000446398 0.186901 0.107509 -0.00200806 0.0998582 0.00492958
-0.0338887 3.39477 0.221454 -0.027581 3.3969 0.22 -0.00566089 0.158201 0.100463 -0.00220496 0.0998616 0.00477538
-0.033903 3.39614 0.222652 -0.027604 3.3979 0.22 -0.00225819 0.120094 0.116612 -0.00233076 0.0998689 0.00455652
-0.0339837 3.39753 0.22382 -0.0276281 3.3989 0.22 -0.000345803 0.139826 0.10199 -0.00243065 0.099869 0.00450211
-0.0341524 3.39887 0.225015 -0.0276531 3.3999 0.22 -0.0188497 0.105311 0.0904187 -0.00251399 0.0998688 0.00446113
-0.0344095 3.40033 0.226036 -0.0276787 3.4009 0.22 -0.0265884 0.172838 0.095595 -0.00257256 0.0998674 0.00445877
-0.0346796 3.40172 0.227001 -0.0277048 3.4019 0.22 -0.0195038 0.147929 0.0638506 -0.00260452 0.0998868 0.00398117
-0.0348519 3.40293 0.227803 -0.0277308 3.4029 0.22 -0.0124028 0.112163 0.0625298 -0.00260779 0.0998837 0.00405428
-0.0349387 3.40412 0.228593 -0.027757 3.40389 0.22 -0.00889438 0.110387 0.0747774 -0.00261344 0.0998805 0.00413012
-0.035037 3.40525 0.229288 -0.0277832 3.40489 0.22 -0.00600519 0.116426 0.0551161 -0.002626 0.0998772 0.00420169
-0.0350765 3.40614 0.229918 -0.0278099 3.40589 0.22 -0.00569965 0.0914494 0.0525907 -0.00270021 0.0998767 0.00416592
-0.0351517 3.40708 0.230491 -0.0278374 3.40689 0.22 -0.0149258 0.0732927 0.0378899 -0.00276442 0.0998762 0.00413493
-0.0352621 3.4078 0.230944 -0.0278657 3.40789 0.22 -0.0129441 0.0813667 0.0212639 -0.00283287 0.099876 0.00409284
-0.0353521 3.40871 0.231277 -0.0278944 3.40889 0.22 -0.00749405 0.0716433 0.0339875 -0.00286624 0.0998759 0.00407354
-0.0354306 3.40948 0.231467 -0.0279233 3.40989 0.22 -0.0114527 0.10026 0.0162021 -0.0028966 0.099875 0.0040726
-0.0355254 3.40996 0.231655 -0.0279524 3.41089 0.22 0 0 0 -0.00291139 0.0998767 0.00402205
-0.0355254 3.40996 0.163515 -0.0279816 3.41188 0.22 0 0 0 -0.00291589 0.0998753 0.00405134
-0.0355254 3.40996 0.172621 -0.0280107 3.41288 0.22 0 0 0 -0.00291964 0.0998798 0.00393593
-0.0357767 3.41047 0.186431 -0.0280458 3.41408 0.22 -0.0111472 0.107529 0.918556 -0.00292116 0.0998799 0.00393452
-0.0357798 3.41198 0.198264 -0.028074 3.41508 0.22 0.0139349 0.150423 0.833733 -0.00278349 0.0998808 0.0040105
-0.0353345 3.41249 0.208017 -0.0281002 3.41608 0.22 0.0747896 -0.0143901 0.658041 -0.00257911 0.0998799 0.00416616
-0.0349281 3.4118 0.215911 -0.0281244 3.41708 0.22 0.0148652 -0.0405676 0.536702 -0.00236294 0.0998769 0.00436135
-0.0346787 3.41238 0.220174 -0.0281468 3.41808 0.22 0.0291827 0.124157 0.168238 -0.00222273 0.0998618 0.00476276
-0.0344741 3.4144 0.220344 -0.0281691 3.41907 0.22 0.0126352 0.135214 0.0313504 -0.00224858 0.0998156 0.00563891
-0.0342658 3.41484 0.219677 -0.0281919 3.42007 0.22 0.0186023 0.0219125 -0.0679879 -0.00231062 0.0997838 0.00615251
-0.0341081 3.4155 0.218242 -0.0282161 3.42107 0.22 0.0191305 0.0663155 -0.103519 -0.00244421 0.0997611 0.00646205
-0.0339021 3.4153 0.216999 -0.0282418 3.42207 0.22 0.0263842 -0.0618015 -0.107114 -0.00259124 0.0997602 0.00641813
-0.0338067 3.41504 0.215736 -0.0282693 3.42307 0.22 0.00486006 0.0165516 -0.0964146 -0.00280958 0.0997707 0.00615745
-0.0338071 3.41529 0.214838 -0.0282985 3.42406 0.22 -0.0044506 0.0186507 -0.0618986 -0.0029839 0.099771 0.00606989
-0.0338209 3.41562 0.214567 -0.0283293 3.42506 0.22 -0.000769466 0.0529608 -0.0179332 -0.00311044 0.0997633 0.0061333
-0.0337505 3.41653 0.214393 -0.0283615 3.42606 0.22 0.0105278 0.106602 -0.000118191 -0.00322577 0.0997429 0.00639971
-0.0336069 3.41774 0.214442 -0.0283941 3.42706 0.22 0.0127095 0.10984 0.0149123 -0.00326008 0.0997124 0.00684102
-0.0335387 3.41862 0.214714 -0.0284263 3.42805 0.22 0.00165518 0.0647994 0.0374076 -0.00318802 0.099678 0.0073571
-0.0335848 3.41944 0.215232 -0.0284573 3.42905 0.22 -0.00480462 0.110349 0.0363204 -0.00305086 0.0996599 0.00765465
-0.0336342 3.42032 0.215813 -0.0284867 3.43005 0.22 -0.00134799 0.0799823 0.0482639 -0.00292119 0.0996524 0.00780158
-0.0336836 3.42108 0.216513 -0.0285143 3.43104 0.22 -0.00806521 0.0935917 0.0805771 -0.00275651 0.0996484 0.00791191
-0.0337446 3.42206 0.21751 -0.0285404 3.43204 0.22 -0.00274649 0.0785818 0.0826988 -0.00258259 0.0996512 0.00793565
-0.0338101 3.42292 0.218555 -0.0285654 3.43304 0.22 -0.0149638 0.0990627 0.0828562 -0.00247568 0.0996516 0.00796438
-0.0339404 3.42391 0.219715 -0.0285897 3.43403 0.22 -0.0105903 0.11735 0.101 -0.00241403 0.099647 0.00804062
-0.0340911 3.42498 0.220903 -0.0286138 3.43503 0.22 -0.0144693 0.107324 0.110169 -0.00241448 0.0996082 0.00850697
-0.0342389 3.42598 0.22211 -0.0286388 3.43602 0.22 -0.0113332 0.0929429 0.0791061 -0.00252473 0.0995923 0.0086607
-0.034364 3.42698 0.223177 -0.0286651 3.43702 0.22 -0.013588 0.0979117 0.0873924 -0.00266269 0.0995815 0.00874297
-0.0345264 3.42802 0.224214 -0.0286927 3.43802 0.22 -0.0200328 0.11252 0.0908685 -0.00276634 0.0995775 0.00875616
-0.0347202 3.42913 0.225016 -0.0287208 3.43901 0.22 -0.020094 0.113837 0.0635414 -0.00281248 0.099576 0.00875809
-0.0348869 3.43029 0.225753 -0.028749 3.44001 0.22 0.00230191 -0.0101962 0.00683497 -0.00281827 0.0995802 0.00870875
-0.0350407 3.43149 0.22656 -0.0287773 3.441 0.22 -0.0205651 0.11236 0.0551444 -0.00283285 0.0995815 0.00868919
-0.0352142 3.4328 0.227273 -0.0288058 3.442 0.22 -0.0140622 0.124095 0.055314 -0.00286842 0.0995776 0.00872163
-0.0353927 3.43427 0.228041 -0.0288412 3.44319 0.22 -0.00986164 0.0667264 0.0324013 -0.00296427 0.099563 0.00885524
-0.035551 3.43551 0.228614 -0.0288716 3.44419 0.22 -0.0233096 0.142586 0.0496145 -0.00303827 0.0995518 0.0089559
-0.0356952 3.43669 0.229006 -0.0289023 3.44518 0.22 -0.00983795 0.107967 0.0206316 -0.0030747 0.0995436 0.00903412
-0.0358672 3.43798 0.229352 -0.0289332 3.44618 0.22 -0.0139983 0.132132 0.0270215 -0.00309495 0.0995402 0.00906471
-0.0359904 3.43928 0.229548 -0.0289644 3.44718 0.22 -0.0137876 0.126659 0.0213093 -0.00314818 0.099566 0.00875792
-0.0359904 3.43928 0.229678 -0.0289964 3.44817 0.22 0 0 0 -0.0032051 0.0995642 0.00875735
-0.0359904 3.43928 0.16768 -0.0290292 3.44917 0.22 0 0 0 -0.00328692 0.0995593 0.00878355
-0.0360024 3.44008 0.178431 -0.0290629 3.45016 0.22 -0.00598787 0.403175 0.946032 -0.00338174 0.0995527 0.00882178
-0.0364491 3.44503 0.191331 -0.0290972 3.45116 0.22 -0.0927641 0.457815 0.995491 -0.00344334 0.0995518 0.00880767
-0.0367831 3.44797 0.200823 -0.0291319 3.45215 0.22 -0.00264123 0.250339 0.592151 -0.0034694 0.0995591 0.00871508
-0.0364924 3.44817 0.205724 -0.0291664 3.45315 0.22 0.0409683 -0.211304 0.182372 -0.00343996 0.0995555 0.00876741
-0.0361837 3.44722 0.206963 -0.0292002 3.45414 0.22 0.0246887 0.0367477 0.0852826 -0.00338073 0.0995932 0.00835217
-0.0359417 3.44787 0.207822 -0.0292334 3.45514 0.22 0.0190943 0.0445314 0.098903 -0.0033032 0.0996313 0.00791807
-0.0355438 3.4474 0.208499 -0.0292656 3.45614 0.22 0.0455715 -0.0599085 0.023172 -0.00319314 0.0996962 0.0071038
-0.0351957 3.44713 0.208886 -0.0292963 3.45713 0.22 0.0415974 -0.00350937 0.0265402 -0.00304635 0.0997389 0.00654772
-0.0349474 3.44728 0.209191 -0.0293257 3.45813 0.22 0.0178299 0.0344357 0.0392751 -0.00289302 0.0997915 0.00576946
-0.0347744 3.44724 0.209796 -0.0293539 3.45913 0.22 0.012151 0.0235868 0.0825613 -0.00278753 0.0998186 0.00533729
-0.0346779 3.44767 0.210193 -0.0293804 3.46013 0.22 0.00106801 0.146489 0.0251074 -0.002625 0.0998285 0.00523349
-0.0347143 3.44908 0.210041 -0.0294052 3.46113 0.22 0.0111947 0.123645 -0.00307512 -0.00245399 0.0998627 0.00462745
-0.0347116 3.4502 0.209894 -0.0294279 3.46213 0.22 -0.0065553 0.163645 0.00483643 -0.00221679 0.0998912 0.00410381
-0.0347715 3.452 0.209966 -0.0294488 3.46313 0.22 -0.0150331 0.220309 0.0416542 -0.00202457 0.0999128 0.00365225
-0.0348478 3.45384 0.210313 -0.0294679 3.46412 0.22 -0.0134831 0.174722 0.0353066 -0.00184179 0.0999324 0.00318211
-0.0349558 3.45568 0.210754 -0.0294853 3.46512 0.22 0.00107241 0.193133 0.0570522 -0.0017274 0.0999445 0.00284888
-0.0349694 3.45769 0.2114 -0.0295012 3.46612 0.22 -0.000541936 0.252577 0.0720874 -0.00157784 0.0999587 0.00240205
-0.0350516 3.46006 0.212148 -0.0295165 3.46712 0.22 -0.00573014 0.225321 0.062996 -0.00152378 0.0999663 0.00210268
-0.0351693 3.46228 0.213067 -0.0295319 3.46812 0.22 -0.0245404 0.216675 0.10391 -0.0015471 0.0999703 0.00188082
-0.0353113 3.46457 0.213996 -0.0295479 3.46912 0.22 -0.0219354 0.263219 0.0649431 -0.00161782 0.0999709 0.00178876
-0.0354319 3.46701 0.214859 -0.0295655 3.47012 0.22 -0.0143974 0.206829 0.0936069 -0.00176494 0.0999688 0.00176719
-0.0355554 3.46928 0.215919 -0.0295849 3.47112 0.22 -0.00443138 0.243877 0.0694404 -0.00195272 0.099963 0.00189161
-0.0356661 3.47159 0.216959 -0.0296053 3.47212 0.22 -0.0241018 0.245573 0.0902031 -0.00205499 0.0999588 0.00200328
-0.0358992 3.47363 0.218221 -0.0296266 3.47312 0.22 -0.0390459 0.197244 0.100361 -0.0021432 0.0999554 0.00208048
-0.0362367 3.4756 0.219441 -0.0296485 3.47412 0.22 -0.038966 0.208045 0.0785307 -0.00219906 0.0999656 0.0014282
-0.0365421 3.47767 0.220861 -0.0296707 3.47512 0.22 -0.0217376 0.158539 0.0830819 -0.00222398 0.0999673 0.00126065
-0.0367198 3.47916 0.222014 -0.0296931 3.47612 0.22 -0.0206546 0.175842 0.0760677 -0.00224193 0.0999664 0.00126743
-0.0369501 3.48062 0.223129 -0.0297206 3.47732 0.22 -0.0165559 0.1377 0.0822111 -0.00230715 0.0999657 0.00123705
-0.037167 3.4817 0.224159 -0.0297443 3.47832 0.22 -0.0253819 0.0763917 0.0822231 -0.0023899 0.0999639 0.00122437
-0.0374108 3.48303 0.225009 -0.0297689 3.47932 0.22 -0.0256119 0.146223 0.0633 -0.00247449 0.0999614 0.00126157
-0.0376139 3.48426 0.225679 -0.0297943 3.48032 0.22 -0.0190368 0.0906794 0.0535614 -0.00255163 0.0999579 0.00138462
-0.0377039 3.48528 0.226194 -0.0298201 3.48132 0.22 -0.0142739 0.127778 0.0330439 -0.00259539 0.0999556 0.0014602
-0.0378116 3.48617 0.226714 -0.0298462 3.48232 0.22 -0.00589228 0.0602041 0.0379591 -0.00261915 0.0999547 0.0014839
-0.0379022 3.48692 0.227078 -0.0298728 3.48332 0.22 -0.00299908 0.0865231 0.0256212 -0.00266766 0.0999541 0.00143905
-0.0379691 3.48732 0.227393 -0.0299001 3.48432 0.22 0 0 0 -0.00273279 0.0999537 0.00134053
-0.0379691 3.48732 0.160106 -0.0299281 3.48532 0.22 0 0 0 -0.00281886 0.099953 0.00120795
-0.0379691 3.48732 0.168468 -0.0299566 3.48632 0.22 0 0 0 -0.00286341 0.0999525 0.00113762
-0.0380263 3.48737 0.179292 -0.0299853 3.48732 0.22 -0.013224 0.00704991 0.90325 -0.00287118 0.0999526 0.00110671
-0.038044 3.48791 0.191572 -0.0300138 3.48832 0.22 0.0235317 0.112743 0.888996 -0.002838 0.0999538 0.00108366
-0.0377018 3.4896 0.202736 -0.0300405 3.48931 0.22 0.0371812 0.266235 0.684283 -0.00263592 0.099958 0.0012025
-0.0373864 3.49154 0.210777 -0.030065 3.49031 0.22 0.0252309 0.0659028 0.508621 -0.00239967 0.0999628 0.00129299
-0.0371918 3.49184 0.21694 -0.030087 3.49131 0.22 0.0610379 -0.126658 0.211577 -0.00215464 0.0999723 0.000950659
-0.0368336 3.4904 0.217855 -0.0301076 3.49231 0.22 -0.00632034 -0.0830197 -0.0827737 -0.00204803 0.0999785 0.0003296
-0.0367949 3.49118 0.216682 -0.0301273 3.49331 0.22 0.00323387 0.189843 -0.053762 -0.00195523 0.0999792 -0.000579601
-0.0368823 3.49295 0.216293 -0.0301471 3.49431 0.22 0.00311871 0.0628888 -0.0252723 -0.00199491 0.0999801 -4.25757e-05
-0.0369102 3.4938 0.216026 -0.0301677 3.49531 0.22 -0.0177126 0.161612 -0.00822466 -0.00208437 0.0999724 0.00108723
-0.0371526 3.49565 0.215938 -0.0301898 3.49631 0.22 -0.0120609 0.118749 -0.0542905 -0.00222669 0.0999495 0.0022659
-0.0371608 3.49661 0.21518 -0.0302126 3.49731 0.22 0.00605419 0.0708193 -0.0433126 -0.00227811 0.0999199 0.00328977
-0.0371172 3.49725 0.214695 -0.0302353 3.49831 0.22 0.00840695 0.0112229 -0.0350911 -0.00226857 0.0999111 0.00355387
-0.0369909 3.4973 0.214444 -0.0302579 3.49931 0.22 0.00757193 -0.00243178 -0.0143053 -0.00226023 0.0999134 0.00349392
-0.0369125 3.49743 0.214338 -0.0302802 3.50031 0.22 0.0113677 -0.00904742 0.00322856 -0.00222426 0.0999199 0.00332797
-0.0367823 3.49747 0.214543 -0.030302 3.50131 0.22 0.0037713 0.0376013 0.0516253 -0.00217593 0.099928 0.00310892
-0.0366971 3.49776 0.215195 -0.0303235 3.50231 0.22 -0.00446216 0.0259787 0.0664203 -0.00213284 0.0999313 0.0030301
-0.0367603 3.49811 0.21637 -0.0303446 3.50331 0.22 0.00113392 0.0436067 0.0751577 -0.00209106 0.0999311 0.00306692
-0.0368755 3.49857 0.217462 -0.0303696 3.50451 0.22 -0.014215 0.0596216 0.0848717 -0.00207957 0.0999269 0.00320918
-0.0370014 3.49888 0.218504 -0.0303905 3.50551 0.22 -0.00129603 -0.00961824 0.0891651 -0.00209334 0.0999132 0.0036016
-0.0371008 3.49909 0.219555 -0.0304116 3.5065 0.22 -0.00892528 0.0173843 0.0812215 -0.00211568 0.0999125 0.00360915
-0.0371942 3.49919 0.220458 -0.0304328 3.5075 0.22 -0.00579251 0.00614439 0.0636562 -0.00210552 0.0999179 0.00346232
-0.0372523 3.49938 0.22117 -0.0304535 3.5085 0.22 -0.00660956 0.00984848 0.0464721 -0.00205736 0.0999288 0.00316417
-0.0372688 3.49953 0.22192 -0.0304736 3.5095 0.22 0.000204659 -0.00233271 0.06204 -0.00200268 0.0999411 0.00278778
-0.0373142 3.49984 0.222774 -0.0304935 3.5105 0.22 0.00171109 0.0395362 0.0749478 -0.00199222 0.0999488 0.00250376
-0.0373725 3.50042 0.223665 -0.0305139 3.5115 0.22 -0.00372213 0.0620675 0.0799534 -0.00205362 0.0999561 0.00213567
-0.0374706 3.50142 0.224704 -0.0305352 3.5125 0.22 -0.00404407 0.105926 0.0739007 -0.00214972 0.0999565 0.00202047
-0.0375695 3.50228 0.22559 -0.0305574 3.5135 0.22 -0.00975799 0.0966642 0.0726304 -0.0022319 0.0999544 0.00203175
-0.0377589 3.50354 0.226493 -0.03058 3.5145 0.22 -0.0222656 0.122229 0.0665393 -0.00225221 0.0999522 0.00211688
-0.0378947 3.50464 0.227129 -0.0306022 3.5155 0.22 -0.0114106 0.104063 0.0374519 -0.00220281 0.0999519 0.00218172
-0.0380739 3.50596 0.227631 -0.0306239 3.5165 0.22 -0.0180022 0.137397 0.0276423 -0.00217092 0.0999401 0.00269537
-0.0382406 3.5072 0.228027 -0.0306457 3.5175 0.22 -0.0210288 0.114777 0.0319892 -0.00217823 0.0999177 0.00342102
-0.0383502 3.50836 0.22836 -0.0306681 3.5185 0.22 -0.0108056 0.130281 0.0319072 -0.00226249 0.0999202 0.00329059
-0.0384722 3.50972 0.228649 -0.0306919 3.5195 0.22 -0.0121564 0.127155 0.0191877 -0.00241251 0.0999234 0.00308072
-0.0385668 3.51081 0.228856 -0.0307166 3.5205 0.22 0.00347231 0.0869813 -0.000874867 -0.00250053 0.0999259 0.00292559
-0.0386092 3.51151 0.22897 -0.0307419 3.5215 0.22 0 0 0 -0.00253156 0.0999239 0.0029665
-0.0386092 3.51151 0.161349 -0.0307673 3.52249 0.22 0 0 0 -0.00253732 0.0999285 0.00280272
-0.0386092 3.51151 0.170931 -0.0307923 3.52349 0.22 0 0 0 -0.00249274 0.0999419 0.00232554
-0.0386416 3.51556 0.18401 -0.030817 3.52449 0.22 -0.0073581 0.540049 1.03977 -0.00245547 0.099948 0.00208759
-0.0389175 3.51954 0.196331 -0.0308413 3.52549 0.22 0.00745053 0.295757 0.764105 -0.00242522 0.0999547 0.00178365
-0.0386741 3.52133 0.206043 -0.0308652 3.52649 0.22 0.0374504 0.00478434 0.601959 -0.00238239 0.0999569 0.00171259
-0.0383503 3.52056 0.210783 -0.0308884 3.52749 0.22 0.016353 0.165443 0.17005 -0.00231014 0.0999585 0.00172114
-0.0383322 3.52275 0.211611 -0.0309108 3.52849 0.22 0.000509278 0.192446 -0.0331509 -0.00222684 0.0999568 0.00191596
-0.0383295 3.52384 0.211335 -0.0309328 3.52949 0.22 0.00813889 0.030504 0.0214904 -0.00220699 0.0999563 0.00196876
-0.0384186 3.52441 0.211315 -0.0309548 3.53049 0.22 -0.0300607 0.0578086 -3.53039e-05 -0.00218498 0.0999648 0.00150414
-0.0386425 3.52505 0.21136 -0.0309756 3.53149 0.22 -0.00738158 0.0243032 0.0164903 -0.00202419 0.099978 0.000546447
-0.038653 3.5253 0.211519 -0.030998 3.53269 0.22 0.0112329 0.0139713 -0.0141269 -0.00175583 0.0999835 -0.00045938
-0.0386161 3.52629 0.211633 -0.0310143 3.53369 0.22 -0.0042442 0.119232 0.0167012 -0.00158992 0.0999831 -0.000923182
-0.0386458 3.52725 0.211992 -0.0310284 3.53469 0.22 -0.012242 0.10566 0.0429783 -0.00136063 0.0999831 -0.00123325
-0.0387249 3.5288 0.212625 -0.0310399 3.53569 0.22 -0.00537138 0.188121 0.0562645 -0.00111441 0.0999849 -0.00133418
-0.0387159 3.53019 0.213238 -0.0310491 3.53669 0.22 -0.00404398 0.120426 0.0552262 -0.000889589 0.0999873 -0.00132054
-0.0386513 3.53138 0.214233 -0.0310563 3.53769 0.22 -0.000592792 0.128575 0.107593 -0.000660314 0.0999888 -0.0013467
-0.0386433 3.53278 0.215464 -0.0310621 3.53869 0.22 -0.00237823 0.135008 0.10596 -0.000549645 0.0999864 -0.00155616
-0.0386097 3.53386 0.216962 -0.0310673 3.53969 0.22 0.00324955 0.10393 0.116624 -0.00051331 0.0999823 -0.00180874
-0.0385636 3.53507 0.218445 -0.0310724 3.54069 0.22 0.00360659 0.130123 0.108891 -0.00052116 0.0999743 -0.00220826
-0.038543 3.53646 0.219933 -0.0310785 3.54169 0.22 0.00762657 0.155048 0.120446 -0.00062594 0.0999636 -0.00262523
-0.0385425 3.53783 0.221284 -0.0310857 3.54269 0.22 0.000351215 0.147382 0.105082 -0.000753217 0.0999463 -0.00318982
-0.0385495 3.53954 0.222569 -0.0310941 3.54369 0.22 -0.00225331 0.185976 0.108749 -0.000857536 0.0999449 -0.00320592
-0.038527 3.54098 0.223816 -0.0311031 3.54469 0.22 0.00565282 0.11449 0.098423 -0.00091044 0.0999462 -0.00315116
-0.0385095 3.54243 0.224925 -0.0311128 3.54569 0.22 -9.28075e-05 0.174188 0.0799291 -0.000974886 0.0999505 -0.00299265
-0.0385409 3.54413 0.226046 -0.0311227 3.54669 0.22 -0.00684634 0.144925 0.107807 -0.00099375 0.0999537 -0.00287449
-0.0386312 3.54551 0.227186 -0.0311327 3.54769 0.22 -0.0110132 0.119694 0.0828281 -0.000999307 0.0999555 -0.00280895
-0.0387011 3.54671 0.228166 -0.0311428 3.54869 0.22 -0.00538688 0.105462 0.0818565 -0.00102086 0.0999416 -0.0032621
-0.0387251 3.54809 0.229153 -0.0311535 3.54968 0.22 -0.00872084 0.142447 0.0671234 -0.00108839 0.0999351 -0.00343408
-0.0387642 3.54922 0.229874 -0.0311648 3.55068 0.22 -0.00387248 0.0853979 0.0453644 -0.00114774 0.0999338 -0.00345253
-0.038786 3.55028 0.230404 -0.0311768 3.55168 0.22 -0.000204695 0.101427 0.0485031 -0.00121575 0.0999334 -0.00343978
-0.0387663 3.55143 0.230843 -0.0311891 3.55268 0.22 0.00330833 0.0920745 0.0241611 -0.00123164 0.0999355 -0.00337467
-0.0387386 3.55248 0.231203 -0.0312013 3.55368 0.22 0.002206 0.104337 0.0339789 -0.00120861 0.0999392 -0.00327159
-0.0386969 3.55347 0.231477 -0.0312133 3.55468 0.22 0.006813 0.0837982 0.00722769 -0.00118878 0.0999421 -0.00318915
-0.0386757 3.55431 0.231694 -0.0312252 3.55568 0.22 -0.00772933 0.0819838 0.0151346 -0.0011952 0.0999429 -0.00316197
-0.0386747 3.55506 0.231832 -0.0312375 3.55668 0.22 0.00562801 0.0642579 -0.00047322 -0.00123539 0.0999429 -0.00314339
-0.038673 3.55592 0.231817 -0.031253 3.55788 0.22 -0.000237037 0.0948171 -0.00431283 -0.00130141 0.0999426 -0.00312653
-0.038673 3.55592 0.231771 -0.0312664 3.55888 0.22 0 0 0 -0.00134713 0.0999426 -0.00310744
-0.038673 3.55592 0.166212 -0.0312802 3.55988 0.22 0 0 0 -0.00138034 0.0999433 -0.00307184
-0.0386699 3.55598 0.17653 -0.0312941 3.56088 0.22 0.00153916 0.0304994 0.823423 -0.00138467 0.0999444 -0.00303245
-0.0386121 3.55682 0.188378 -0.0313077 3.56188 0.22 0.0221987 0.12586 0.866154 -0.0013481 0.0999463 -0.00298571
-0.0383758 3.55848 0.198988 -0.0313206 3.56288 0.22 0.0316656 0.16353 0.740229 -0.00127553 0.0999492 -0.00292029
-0.0381988 3.55917 0.207964 -0.0313322 3.56388 0.22 0.0142584 -0.00847982 0.603746 -0.00116495 0.0999556 -0.00274083
-0.0383343 3.55888 0.214588 -0.0313425 3.56488 0.22 -0.0290441 0.0159406 0.379735 -0.00100602 0.0999655 -0.0024283
-0.0381998 3.5604 0.215703 -0.0313519 3.56588 0.22 0.03342 0.165128 0.0554019 -0.000914281 0.0999764 -0.00196816
-0.0379983 3.56128 0.216534 -0.0313606 3.56688 0.22 0.0128412 0.0838829 0.0707052 -0.000863839 0.0999878 -0.0013028
-0.0380227 3.56249 0.216104 -0.0313694 3.56788 0.22 -0.00335399 0.109314 -0.0714445 -0.000886108 0.0999923 -0.000874199
-0.038178 3.56303 0.21516 -0.0313795 3.56888 0.22 -0.0121741 0.0292206 -0.0610616 -0.00104038 0.0999928 -0.000600614
-0.0381356 3.56357 0.214173 -0.0313911 3.56988 0.22 0.01037 0.0711987 -0.104865 -0.00118957 0.0999917 -0.000488303
-0.0380597 3.56442 0.21303 -0.0314039 3.57088 0.22 0.00505799 0.113981 -0.0821877 -0.00128367 0.099991 -0.000388893
-0.0379548 3.56558 0.212721 -0.0314169 3.57188 0.22 0.0116141 0.0903879 0.0100038 -0.00129912 0.0999915 -0.000102
-0.0378698 3.56609 0.213179 -0.0314292 3.57288 0.22 0.0119638 0.0513682 0.0193926 -0.00120688 0.0999914 0.00050852
-0.0377984 3.56692 0.213552 -0.0314406 3.57388 0.22 0.00858163 0.107812 0.0389382 -0.0010923 0.0999885 0.00105187
-0.0377304 3.56764 0.214375 -0.0314508 3.57488 0.22 0.00922125 0.0446267 0.0690666 -0.000999471 0.0999854 0.00138247
-0.0376197 3.56793 0.21532 -0.0314596 3.57587 0.22 0.0117488 0.0337652 0.0551341 -0.000874539 0.0999833 0.00160722
-0.0374729 3.56826 0.215879 -0.0314672 3.57687 0.22 0.0196424 0.0322277 0.0433132 -0.000744602 0.0999857 0.00151718
-0.0372322 3.56869 0.21663 -0.0314732 3.57787 0.22 0.0153713 0.0336796 0.0670995 -0.000565194 0.0999904 0.00126819
-0.0370399 3.56895 0.21759 -0.0314781 3.57887 0.22 0.0282931 0.00288944 0.0682704 -0.00044182 0.0999927 0.00112487
-0.0368682 3.56917 0.218433 -0.0314818 3.57987 0.22 0.0126721 0.0525591 0.0580263 -0.000354617 0.0999938 0.00105856
-0.0366948 3.57006 0.219541 -0.0314856 3.58107 0.22 0.0141567 0.0697855 0.0775334 -0.000303556 0.0999929 0.0011503
-0.0366575 3.57072 0.220437 -0.0314886 3.58207 0.22 0.000196395 0.0861574 0.0827204 -0.000305712 0.0999855 0.00167284
-0.0367159 3.57162 0.221301 -0.0314921 3.58307 0.22 -0.0147853 0.0896556 0.0638529 -0.000355751 0.0999799 0.00197551
-0.036797 3.57235 0.222151 -0.0314966 3.58407 0.22 -0.0019213 0.0691795 0.0615202 -0.000458987 0.0999746 0.00220585
-0.0368833 3.57309 0.222708 -0.0315016 3.58507 0.22 -0.0111038 0.0738281 0.049833 -0.000521532 0.0999744 0.00220147
-0.0368541 3.57403 0.223317 -0.031507 3.58607 0.22 0.00538635 0.0722056 0.0531599 -0.000532529 0.0999755 0.00214833
-0.0368383 3.57471 0.224011 -0.0315122 3.58707 0.22 0.00135915 0.0715626 0.0703549 -0.000513519 0.0999769 0.0020889
-0.0367933 3.57565 0.224777 -0.0315172 3.58807 0.22 0.00653754 0.0920162 0.0539602 -0.000514502 0.0999416 0.00337814
-0.0367898 3.5768 0.225535 -0.031523 3.58907 0.22 -0.00187065 0.115372 0.0565353 -0.00060477 0.0999409 0.00338413
-0.03676 3.57808 0.226204 -0.0315302 3.59007 0.22 -0.00713227 0.0937603 0.0500333 -0.000748025 0.0999362 0.00349291
-0.0367934 3.57912 0.226788 -0.031539 3.59107 0.22 -0.0120637 0.112443 0.0473465 -0.000894976 0.0999316 0.00358695
-0.0368855 3.5802 0.227405 -0.0315488 3.59207 0.22 -0.0162965 0.112282 0.0351361 -0.000995153 0.0999309 0.00358042
-0.0370135 3.58141 0.227716 -0.031559 3.59307 0.22 -0.0107272 0.136479 0.0212686 -0.00102494 0.0999338 0.00349027
-0.0370632 3.58279 0.228082 -0.0315694 3.59407 0.22 -0.00273558 0.143487 0.0258714 -0.0010488 0.0999359 0.0034217
-0.0370883 3.5838 0.228449 -0.0315803 3.59507 0.22 0 0 0 -0.00108864 0.0999392 0.00331235
-0.0370883 3.5838 0.162825 -0.0315915 3.59607 0.22 0 0 0 -0.00113352 0.0999392 0.00329597
-0.0370883 3.5838 0.170937 -0.031603 3.59707 0.22 0 0 0 -0.00115681 0.0999393 0.00328518
-0.0369593 3.58567 0.182433 -0.0316146 3.59807 0.22 0.0180958 0.566213 1.03166 -0.00116361 0.0999399 0.00326408
-0.0369197 3.59094 0.195588 -0.0316263 3.59907 0.22 -0.0459603 0.317586 0.890121 -0.00116008 0.0999431 0.00316723
-0.0370365 3.59358 0.205307 -0.0316376 3.60007 0.22 0.0231979 0.247008 0.530885 -0.00111535 0.0999505 0.00294282
-0.0367782 3.59427 0.209861 -0.0316482 3.60106 0.22 0.0348455 -0.0943812 0.259816 -0.00102829 0.099955 0.00281639
-0.0362819 3.59455 0.212472 -0.0316577 3.60206 0.22 0.0399551 0.36099 0.0105607 -0.000939511 0.0999633 0.00254141
-0.0361467 3.59817 0.21238 -0.0316656 3.60306 0.22 0.014521 0.135415 0.0531202 -0.000771299 0.0999626 0.0026251
-0.0359174 3.59855 0.212498 -0.0316715 3.60406 0.22 0.0162556 0.0494321 -0.0316176 -0.000582793 0.099965 0.00258168
-0.0359222 3.59962 0.212144 -0.0316768 3.60506 0.22 -0.0115105 0.142639 0.00492298 -0.000527358 0.0999746 0.002192
-0.036052 3.6002 0.212351 -0.0316819 3.60606 0.22 -0.00583371 -0.0310176 -0.0120482 -0.000497292 0.0999862 0.00158474
-0.0360715 3.60043 0.212271 -0.0316867 3.60706 0.22 -0.006538 0.0819742 -0.00140434 -0.000489129 0.0999945 0.00092611
-0.0361266 3.60155 0.212377 -0.0316919 3.60806 0.22 -0.00862132 0.0592687 0.0302032 -0.00053438 0.0999982 0.000263655
-0.0361553 3.60206 0.212637 -0.0316975 3.60906 0.22 0.00325289 0.102279 0.0291637 -0.000566515 0.0999984 5.81543e-05
-0.0361464 3.60338 0.21306 -0.0317035 3.61006 0.22 0.00943651 0.126178 0.0520485 -0.000599032 0.0999982 -5.65601e-05
-0.0360695 3.60464 0.21378 -0.0317109 3.61126 0.22 0.006041 0.0810455 0.0694527 -0.000626176 0.099998 -7.27166e-05
-0.0359746 3.60588 0.21471 -0.0317172 3.61226 0.22 0.00720513 0.127895 0.0959483 -0.00062608 0.099998 -0.000117518
-0.0359195 3.60699 0.215748 -0.0317232 3.61326 0.22 0.003043 0.0921898 0.0902121 -0.000593218 0.0999979 -0.000269278
-0.0359466 3.60805 0.216974 -0.0317289 3.61426 0.22 -0.0132579 0.140312 0.0979044 -0.000542072 0.0999977 -0.000401373
-0.035999 3.60948 0.218261 -0.031734 3.61526 0.22 -0.00102269 0.126859 0.101408 -0.000504973 0.0999974 -0.000506033
-0.0360108 3.61064 0.219587 -0.0317386 3.61626 0.22 -0.00413027 0.120205 0.0968457 -0.000460704 0.0999972 -0.000592606
-0.0360209 3.61204 0.220701 -0.031743 3.61726 0.22 0.00473807 0.148692 0.0952325 -0.000434168 0.0999974 -0.000573375
-0.0360643 3.61361 0.221988 -0.0317474 3.61826 0.22 -0.00437316 0.131732 0.105975 -0.000442844 0.0999959 -0.000789703
-0.0360371 3.61493 0.223181 -0.031752 3.61926 0.22 -0.00365171 0.127582 0.0788301 -0.000466334 0.0999963 -0.000717126
-0.03603 3.61643 0.224349 -0.0317567 3.62026 0.22 0.00174457 0.143344 0.0902165 -0.000477363 0.0999962 -0.000731208
-0.0360099 3.61782 0.225574 -0.0317614 3.62126 0.22 0.00328482 0.135984 0.0793112 -0.000468364 0.0999969 -0.000637203
-0.0359654 3.61909 0.22661 -0.0317659 3.62226 0.22 0.00483441 0.0915797 0.076142 -0.000437683 0.0999976 -0.000544594
-0.035946 3.62022 0.227505 -0.0317701 3.62326 0.22 0.00524672 0.109933 0.0789957 -0.000428625 0.099998 -0.000473702
-0.0359315 3.62154 0.228387 -0.0317747 3.62426 0.22 0.00371913 0.132781 0.0645359 -0.000468842 0.0999981 -0.000404642
-0.0359408 3.62273 0.229178 -0.0317799 3.62526 0.22 -0.00389736 0.101725 0.0559959 -0.00052754 0.0999979 -0.000385676
-0.0359832 3.62383 0.22974 -0.031786 3.62626 0.22 -0.00143171 0.10738 0.0491456 -0.000608125 0.0999976 -0.000340299
-0.0360473 3.62482 0.230142 -0.0317921 3.62726 0.22 -0.00352053 0.114131 0.035206 -0.000613215 0.0999978 -0.000253394
-0.0360889 3.62592 0.23047 -0.0317979 3.62826 0.22 0.000997656 0.105757 0.0309102 -0.000570647 0.0999983 -0.00012501
-0.0360951 3.62688 0.230685 -0.0318034 3.62926 0.22 0.000642504 0.0736795 0.00938954 -0.000547654 0.0999985 1.53791e-05
-0.0361732 3.62777 0.230869 -0.0318092 3.63026 0.22 -0.00645046 0.0723663 0.0136961 -0.000618891 0.0999981 8.06362e-05
-0.0361928 3.62862 0.230941 -0.031816 3.63126 0.22 -0.00353424 0.0701587 0.00209103 -0.000698474 0.0999975 0.000112486
-0.0362001 3.62894 0.23093 -0.031824 3.63226 0.22 0 0 0 -0.000800227 0.0999967 0.000164739
-0.0362001 3.62894 0.161481 -0.0318327 3.63326 0.22 0 0 0 -0.000874999 0.0999961 0.000136348
-0.0362001 3.62894 0.17058 -0.0318417 3.63426 0.22 0 0 0 -0.000899365 0.0999959 6.74791e-05
-0.03624 3.6294 0.182331 -0.0318505 3.63526 0.22 -0.00382323 0.0985969 0.915845 -0.000863433 0.0999963 5.12331e-05
-0.036219 3.63042 0.193727 -0.0318586 3.63626 0.22 0.0159286 0.0522413 0.658186 -0.000799991 0.0999968 4.91952e-05
-0.0361684 3.63158 0.20129 -0.0318656 3.63726 0.22 -0.0138108 0.193144 0.462276 -0.000704009 0.0999974 0.000130125
-0.0361696 3.63272 0.206623 -0.0318713 3.63826 0.22 -0.00704862 0.017479 0.287257 -0.000534434 0.0999979 0.000368905
-0.0363546 3.63306 0.209761 -0.0318755 3.63926 0.22 -0.0201938 0.108939 0.183968 -0.000390034 0.0999991 0.000191643
-0.0363095 3.63351 0.21084 -0.0318786 3.64026 0.22 0.0623583 -0.0697712 -0.0229586 -0.00027526 0.0999993 -0.000247792
-0.0357028 3.63402 0.210553 -0.0318814 3.64146 0.22 0.0195749 0.160758 0.013679 -0.000247989 0.0999984 -0.00050736
-0.0355458 3.63593 0.210441 -0.0318853 3.64246 0.22 0.0117625 0.193355 -0.0300141 -0.000431413 0.0999991 3.2568e-05
-0.0354203 3.63714 0.209856 -0.0318913 3.64346 0.22 0.0110143 0.0983821 -0.0475293 -0.000635856 0.0999958 0.000658272
-0.0352661 3.63852 0.209298 -0.0319014 3.64446 0.22 0.0318172 0.124857 -0.0589747 -0.00106248 0.0999815 0.00160394
-0.0349692 3.63982 0.208562 -0.0319142 3.64546 0.22 0.0329242 0.105004 -0.0527515 -0.00132298 0.0999699 0.00206547
-0.0346258 3.64079 0.207882 -0.0319285 3.64646 0.22 0.025957 0.0911964 -0.0398298 -0.00143664 0.0999608 0.00240262
-0.0343836 3.64174 0.207602 -0.0319428 3.64746 0.22 0.0171397 0.0858641 -0.00949274 -0.00142524 0.099954 0.00267654
-0.0341653 3.64252 0.207579 -0.0319565 3.64846 0.22 0.0147761 0.0871932 0.00903931 -0.0013509 0.0999471 0.00295723
-0.0340506 3.64341 0.20768 -0.0319696 3.64946 0.22 -0.00180175 0.0788658 0.0245703 -0.00128789 0.0999444 0.00307678
-0.0340875 3.64408 0.208264 -0.0319818 3.65046 0.22 -0.00532931 0.0844062 0.057334 -0.00119905 0.0999393 0.00327132
-0.0341756 3.64462 0.208952 -0.0319931 3.65146 0.22 -0.0010503 0.0221761 0.0480105 -0.00112946 0.0999335 0.00346781
-0.0343539 3.64506 0.209901 -0.0320039 3.65246 0.22 -0.0250847 0.0285672 0.0797828 -0.00107498 0.0999289 0.00361413
-0.0345111 3.64549 0.211145 -0.0320144 3.65346 0.22 -0.0127149 0.056489 0.0875177 -0.00103966 0.0999263 0.00369564
-0.034753 3.64575 0.212261 -0.0320247 3.65446 0.22 -0.0304037 0.00468918 0.0906265 -0.00102379 0.0999258 0.00371327
-0.0349913 3.64612 0.213497 -0.0320348 3.65546 0.22 -0.0264863 0.0593623 0.0957135 -0.00101061 0.0999266 0.0036962
-0.0352389 3.64671 0.214792 -0.0320447 3.65645 0.22 -0.0224661 0.0326842 0.109438 -0.000986415 0.0999299 0.00361229
-0.0353726 3.64706 0.216058 -0.032054 3.65745 0.22 -0.0113647 0.0281181 0.109428 -0.000920612 0.0999309 0.00360003
-0.0355697 3.64748 0.217454 -0.0320628 3.65845 0.22 -0.0192138 0.0383378 0.109812 -0.000857313 0.0999182 0.00395133
-0.0357882 3.64818 0.218752 -0.0320708 3.65945 0.22 -0.0245275 0.0850776 0.10339 -0.00078869 0.099921 0.00389551
-0.036039 3.64903 0.220007 -0.0320786 3.66045 0.22 -0.0325994 0.0980124 0.0960736 -0.000771903 0.0999221 0.00387113
-0.0363657 3.65004 0.221183 -0.0320864 3.66145 0.22 -0.0348353 0.0923162 0.0860957 -0.000789409 0.099922 0.00386795
-0.0367333 3.6511 0.222395 -0.0320945 3.66245 0.22 -0.0316495 0.087505 0.10303 -0.000816896 0.0999196 0.00392438
-0.0370436 3.6521 0.223536 -0.0321029 3.66345 0.22 -0.0267526 0.133084 0.0695074 -0.000838629 0.0999165 0.00399799
-0.0373185 3.65339 0.224366 -0.0321111 3.66445 0.22 -0.0216387 0.131331 0.0594803 -0.000819567 0.0999131 0.00408639
-0.0375469 3.65449 0.225184 -0.0321191 3.66545 0.22 -0.018543 0.104743 0.0717636 -0.000780898 0.0998767 0.00490156
-0.0377053 3.65564 0.225888 -0.0321268 3.66645 0.22 -0.0163116 0.13022 0.0420664 -0.000767968 0.0998782 0.00487293
-0.0378061 3.65688 0.22626 -0.0321346 3.66744 0.22 -0.00738074 0.0894891 0.02985 -0.000785586 0.0998812 0.00480986
-0.0378702 3.65807 0.226698 -0.0321429 3.66844 0.22 -0.00574664 0.112182 0.0126811 -0.000842873 0.0998862 0.00469332
-0.0378817 3.65829 0.227002 -0.0321522 3.66944 0.22 0 0 0 -0.000957571 0.0998913 0.00456117
-0.0378817 3.65829 0.16561 -0.0321624 3.67044 0.22 0 0 0 -0.00106464 0.0998927 0.00450755
-0.0378817 3.65829 0.175802 -0.0321737 3.67144 0.22 0 0 0 -0.00116126 0.0998925 0.00448827
-0.0378137 3.66396 0.189076 -0.0321859 3.67244 0.22 -0.016336 0.604035 0.967 -0.00124194 0.0998924 0.00446858
-0.0378167 3.66862 0.199325 -0.0321989 3.67344 0.22 0.0358221 0.274008 0.599501 -0.00131387 0.0998969 0.00434582
-0.037577 3.66953 0.205137 -0.0322126 3.67444 0.22 0.0359021 -0.0486763 0.200609 -0.00136743 0.0999012 0.00422887
-0.0369944 3.6716 0.205706 -0.0322295 3.67564 0.22 0.0350593 0.272229 0.0154306 -0.00140227 0.0999048 0.00413167
-0.0368135 3.67256 0.205815 -0.0322441 3.67664 0.22 0.0109493 -0.0374511 0.0429256 -0.00147136 0.0998996 0.00423245
-0.0368184 3.67315 0.20575 -0.0322599 3.67763 0.22 -0.00758789 0.166312 -0.0181491 -0.00160072 0.0999193 0.00368371
-0.0369784 3.67424 0.205985 -0.0322764 3.67863 0.22 -0.0164162 0.0220789 0.0329853 -0.00166982 0.0999381 0.00309566
-0.0370567 3.67441 0.20622 -0.032293 3.67963 0.22 -0.00435633 0.0526768 0.0064127 -0.00164216 0.0999538 0.00255749
-0.037144 3.67564 0.206458 -0.0323089 3.68063 0.22 -0.0130499 0.135532 0.0256133 -0.00157946 0.0999612 0.00229327
-0.0371343 3.67653 0.206784 -0.0323232 3.68163 0.22 0.00296213 0.0856221 0.0344972 -0.00140912 0.0999684 0.00208281
-0.037113 3.67759 0.207602 -0.0323363 3.68263 0.22 -0.00111834 0.144859 0.0897676 -0.00127467 0.0999706 0.00206201
-0.0370467 3.67893 0.208403 -0.0323481 3.68363 0.22 0.00918267 0.104476 0.0717501 -0.00115156 0.0999725 0.00204361
-0.0369841 3.6798 0.20966 -0.0323587 3.68463 0.22 0.00836874 0.100433 0.115635 -0.00104199 0.0999754 0.00195984
-0.036842 3.68067 0.211137 -0.0323683 3.68563 0.22 0.024732 0.0903917 0.105756 -0.000933693 0.0999821 0.00164352
-0.0367178 3.68157 0.212753 -0.0323773 3.68663 0.22 0.0113856 0.0887676 0.13244 -0.000888821 0.099988 0.00127086
-0.0366599 3.68254 0.214424 -0.0323861 3.68763 0.22 0.00285452 0.109814 0.117791 -0.000874785 0.0999912 0.000994324
-0.0366587 3.68361 0.215968 -0.0323949 3.68863 0.22 0.00273774 0.122352 0.123086 -0.000884467 0.0999937 0.00069546
-0.0366491 3.6849 0.217488 -0.0324039 3.68963 0.22 0.00261414 0.12052 0.117195 -0.00090134 0.0999959 0.000119519
-0.0366064 3.68635 0.218928 -0.0324129 3.69063 0.22 -0.00488074 0.164699 0.0961869 -0.000902717 0.0999951 -0.000408159
-0.0365754 3.68778 0.220171 -0.0324219 3.69163 0.22 0.0022407 0.130545 0.093782 -0.000896704 0.0999951 -0.00042702
-0.0365659 3.68917 0.221428 -0.0324309 3.69263 0.22 0.00423698 0.140384 0.105388 -0.000897644 0.0999957 -0.000240064
-0.036545 3.69063 0.22266 -0.03244 3.69363 0.22 0.00308142 0.11538 0.102119 -0.000917712 0.0999958 -8.1557e-05
-0.0365417 3.69174 0.223858 -0.0324497 3.69463 0.22 -0.00278841 0.127728 0.0828071 -0.000964142 0.0999954 -1.53307e-05
-0.0365577 3.69295 0.224995 -0.0324596 3.69563 0.22 0.0110938 0.135866 0.0865917 -0.000997548 0.099995 2.65115e-05
-0.036509 3.6943 0.226208 -0.0324714 3.69683 0.22 0.0095147 0.0960618 0.0704504 -0.000972378 0.0999952 0.000127705
-0.0365132 3.69538 0.227063 -0.032481 3.69783 0.22 -0.0130904 0.0905239 0.0716772 -0.000953672 0.0999953 0.000173433
-0.0365294 3.69618 0.227867 -0.0324906 3.69883 0.22 -0.00542525 0.0805712 0.0574511 -0.000963485 0.0999952 0.000198069
-0.0365497 3.69725 0.228502 -0.0325004 3.69983 0.22 -0.00141234 0.0822546 0.0542394 -0.000986959 0.099995 0.00017281
-0.0366241 3.69817 0.22904 -0.0325106 3.70083 0.22 -0.0161718 0.10718 0.0491598 -0.00102589 0.0999946 0.000144317
-0.0366708 3.69908 0.229386 -0.032521 3.70183 0.22 -0.0137767 0.0913272 0.0315069 -0.00103937 0.0999945 0.000154959
-0.036744 3.69988 0.22963 -0.0325313 3.70283 0.22 -0.00931193 0.0813941 0.019103 -0.00102248 0.0999946 0.000200985
-0.0367886 3.70071 0.229792 -0.0325413 3.70383 0.22 0.00247211 0.0498932 0.000692333 -0.00099371 0.0999947 0.000262568
-0.0368948 3.70145 0.229824 -0.0325511 3.70483 0.22 -0.0145584 0.0764242 -0.0087465 -0.000989438 0.099994 0.000459576
-0.0369985 3.70214 0.229833 -0.0325611 3.70583 0.22 0 0 0 -0.000997768 0.0999937 0.000514208
-0.0369985 3.70214 0.158393 -0.0325711 3.70683 0.22 0 0 0 -0.00100523 0.0999935 0.000545854
-0.0369985 3.70214 0.166543 -0.0325812 3.70783 0.22 0 0 0 -0.00100547 0.0989939 0.000446547
-0.0370118 3.70243 0.177471 -0.0325911 3.7088 0.22 -0.0169257 0.0880682 0.887902 -0.000984827 0.096494 0.000432371
-0.0371213 3.7037 0.18981 -0.0326007 3.70974 0.22 -0.00135355 0.167506 0.886011 -0.000954656 0.0939942 0.000412499
-0.0370749 3.70549 0.201514 -0.0326099 3.71066 0.22 0.00355101 0.161586 0.79454 -0.000898316 0.0914945 0.000446906
-0.0370022 3.70622 0.211805 -0.0326181 3.71155 0.22 -0.00601711 -0.0452906 0.650507 -0.000813678 0.0889948 0.000505305
-0.0371371 3.7056 0.219341 -0.0326256 3.71242 0.22 -0.0238806 -0.0389795 0.417813 -0.000747268 0.0864955 0.000474705
-0.0373818 3.70669 0.223566 -0.0326328 3.71327 0.22 -0.02502 0.276303 0.13722 -0.000722759 0.0839953 0.000515458
-0.037655 3.70823 0.223878 -0.0326401 3.71409 0.22 -0.0197352 -0.0627015 -0.0729899 -0.000731845 0.0814937 0.000703706
-0.0378613 3.7081 0.222563 -0.0326475 3.71488 0.22 -0.0131192 0.17302 -0.0975418 -0.000740846 0.0789924 0.000808555
-0.0380046 3.71007 0.221238 -0.0326554 3.71565 0.22 -0.00489533 0.125535 -0.112918 -0.000781711 0.0764889 0.00104505
-0.0379133 3.71049 0.219797 -0.0326637 3.7164 0.22 0.0158605 0.0155245 -0.0832048 -0.000829458 0.073983 0.00135057
-0.0377351 3.71171 0.218792 -0.0326735 3.71726 0.22 0.018039 0.18822 -0.0771437 -0.000805099 0.070979 0.00152556
-0.0375547 3.71284 0.218134 -0.0326811 3.71795 0.22 0.0249221 0.0604154 -0.0435267 -0.000752287 0.0684768 0.00161752
-0.0374345 3.71351 0.217983 -0.0326882 3.71861 0.22 0.00556974 0.0930475 0.0128826 -0.00069087 0.0659731 0.00175363
-0.0374027 3.71444 0.218193 -0.0326947 3.71925 0.22 -0.00335477 0.0859183 0.0229177 -0.000645619 0.0634691 0.00187202
-0.0374243 3.71496 0.218632 -0.032701 3.71987 0.22 -0.00545437 0.0425914 0.0377357 -0.000627383 0.0609641 0.00199617
-0.0374191 3.71567 0.219298 -0.0327071 3.72046 0.22 0.00324254 0.0748884 0.053732 -0.000612597 0.0584627 0.0019981
-0.0373792 3.71614 0.220143 -0.0327131 3.72102 0.22 0.0068156 0.0272755 0.0700902 -0.000592635 0.0559614 0.00199348
-0.0373448 3.71647 0.221114 -0.0327188 3.72156 0.22 0.00457716 0.031328 0.0827436 -0.000560625 0.0534612 0.00195827
-0.0372967 3.71681 0.222033 -0.032724 3.72208 0.22 0.00642588 0.0416326 0.0788147 -0.000512321 0.0509626 0.00188507
-0.0372563 3.7171 0.223121 -0.0327289 3.72257 0.22 0.00332313 0.0239437 0.0897309 -0.000476987 0.0484601 0.00190895
-0.0372206 3.71712 0.224176 -0.0327335 3.72303 0.22 0.00613755 0.0115828 0.0749225 -0.000455732 0.0459629 0.00178949
-0.0371919 3.71747 0.225218 -0.032738 3.72347 0.22 -0.00743596 0.0276736 0.0962474 -0.000453739 0.043466 0.00165938
-0.0371822 3.71745 0.226212 -0.0327427 3.72389 0.22 -0.000810277 -0.0106681 0.0712786 -0.000472629 0.040969 0.0015211
-0.0371738 3.71769 0.227215 -0.0327473 3.72428 0.22 0.00412355 0.061834 0.0780021 -0.000458467 0.038472 0.00139343
-0.037237 3.71812 0.228182 -0.0327516 3.72464 0.22 -0.00188932 0.0363256 0.0625665 -0.000408989 0.0359693 0.00143005
-0.037279 3.71848 0.228935 -0.0327553 3.72498 0.22 -0.00799982 0.0552154 0.0672434 -0.000362147 0.0334718 0.00132664
-0.0373285 3.71912 0.229656 -0.0327585 3.7253 0.22 -0.00298437 0.0618249 0.0467391 -0.000319978 0.0309744 0.00121804
-0.0373448 3.7196 0.230244 -0.0327616 3.72558 0.22 0.00359179 0.043712 0.0545735 -0.000312673 0.0284764 0.00111729
-0.0373261 3.72013 0.230745 -0.0327648 3.72585 0.22 0.00507974 0.0477359 0.0350165 -0.000316442 0.025978 0.00102142
-0.0372691 3.72069 0.231125 -0.0327679 3.72609 0.22 0.0103169 0.0480076 0.027306 -0.000315315 0.0234799 0.000918705
-0.0372014 3.72109 0.231429 -0.0327709 3.7263 0.22 0.00319457 0.0223059 0.0171098 -0.000293587 0.0209822 0.000813067
-0.0372134 3.72154 0.231609 -0.0327736 3.72649 0.22 -0.00732559 0.0500559 -0.00181598 -0.000251069 0.018485 0.000701213
-0.0372684 3.72195 0.23166 -0.0327757 3.72666 0.22 -0.00658074 0.0527626 0.0108658 -0.000206312 0.0159879 0.000586112
-0.0373073 3.72245 0.231756 -0.0327775 3.7268 0.22 -0.00333287 0.0332126 -0.00171083 -0.000170151 0.0134902 0.000486077
-0.037318 3.72266 0.231727 -0.0327789 3.72691 0.22 0 0 0 -0.000139536 0.0109922 0.000390482
-0.037318 3.72266 0.161004 -0.0327801 3.727 0.22 0 0 0 -0.000110401 0.00849398 0.000300069
-0.037318 3.72266 0.167762 -0.0327809 3.72707 0.22 0 0 0 -7.88328e-05 0.00599525 0.000225201
-0.037318 3.72266 0.175809 -0.0327815 3.72711 0.22 0 0 0 -4.63537e-05 0.00349676 0.000143292
-0.037318 3.72266 0.183077 -0.0327817 3.72712 0.22 0 0 0 -1.32892e-05 0.000998718 4.8843e-05
-0.037318 3.72266 0.191181 -0.0327816 3.72712 0.22 0 0 0 0 0 0
-0.037318 3.72266 0.196518 -0.0327816 3.72712 0.22 0 0 0 0 0 0
-0.037318 3.72266 0.198145 -0.0327816 3.72712 0.22 0 0 0 0 0 0
-0.037318 3.72266 0.199151 -0.0327816 3.72712 0.22 0 0 0 0 0 0
-0.037318 3.72266 0.200421 -0.0327816 3.72712 0.22 0 0 0 0 0 0
-0.037318 3.72266 0.201217 -0.0327816 3.72712 0.22 0 0 0 0 0 0
-0.037318 3.72266 0.201912 -0.0327816 3.72712 0.22 0 0 0 0 0 0
-0.037318 3.72266 0.202472 -0.0327816 3.72712 0.22 0 0 0 0 0 0
-0.037318 3.72266 0.202978 -0.0327816 3.72712 0.22 0 0 0 0 0 0
-0.037318 3.72266 0.203603 -0.0327816 3.72712 0.22 0 0 0 0 0 0
-0.037318 3.72266 0.204285 -0.0327816 3.72712 0.22 0 0 0 0 0 0
-0.037318 3.72266 0.205209 -0.0327816 3.72712 0.22 0 0 0 0 0 0
-0.037318 3.72266 0.206233 -0.0327816 3.72712 0.22 0 0 0 0 0 0
-0.037318 3.72266 0.207217 -0.0327816 3.72712 0.22 0 0 0 0 0 0
-0.037318 3.72266 0.208086 -0.0327816 3.72712 0.22 0 0 0 0 0 0
-0.037318 3.72266 0.208932 -0.0327816 3.72712 0.22 0 0 0 0 0 0
-0.037318 3.72266 0.209844 -0.0327816 3.72712 0.22 0 0 0 0 0 0
-0.037318 3.72266 0.21061 -0.0327816 3.72712 0.22 0 0 0 0 0 0
-0.037318 3.72266 0.211368 -0.0327816 3.72712 0.22 0 0 0 0 0 0
-0.037318 3.72266 0.212106 -0.0327816 3.72712 0.22 0 0 0 0 0 0
-0.037318 3.72266 0.212995 -0.0327816 3.72712 0.22 0 0 0 0 0 0
-0.037318 3.72266 0.213887 -0.0327816 3.72712 0.22 0 0 0 0 0 0
-0.037318 3.72266 0.214913 -0.0327816 3.72712 0.22 0 0 0 0 0 0
-0.037318 3.72266 0.215859 -0.0327816 3.72712 0.22 0 0 0 0 0 0
-0.037318 3.72266 0.216936 -0.0327816 3.72712 0.22 0 0 0 0 0 0
-0.037318 3.72266 0.217942 -0.0327816 3.72712 0.22 0 0 0 0 0 0
-0.037318 3.72266 0.218746 -0.0327816 3.72712 0.22 0 0 0 0 0 0
-0.037318 3.72266 0.219458 -0.0327816 3.72712 0.22 0 0 0 0 0 0
-0.037318 3.72266 0.220055 -0.0327816 3.72712 0.22 0 0 0 0 0 0
-0.037318 3.72266 0.220545 -0.0327816 3.72712 0.22 0 0 0 0 0 0
-0.037318 3.72266 0.221041 -0.0327816 3.72712 0.22 0 0 0 0 0 0
-0.037318 3.72266 0.221473 -0.0327816 3.72712 0.22 0 0 0 0 0 0
-0.037318 3.72266 0.221878 -0.0327816 3.72712 0.22 0 0 0 0 0 0
-0.037318 3.72266 0.194998 -0.0327816 3.72712 0.22 0 0 0 0 0 0
-0.037318 3.72266 0.199035 -0.0327816 3.72712 0.22 0 0 0 0 0 0
-0.037318 3.72266 0.205054 -0.0327816 3.72712 0.22 0 0 0 0 0 0
-0.037318 3.72266 0.210594 -0.0327816 3.72712 0.22 0 0 0 0 0 0
-0.037318 3.72266 0.215755 -0.0327816 3.72712 0.22 0 0 0 0 0 0
-0.037318 3.72266 0.220241 -0.0327816 3.72712 0.22 0 0 0 0 0 0
-0.037318 3.72266 0.222455 -0.0327816 3.72712 0.22 0 0 0 0 0 0
-0.037318 3.72266 0.223262 -0.0327816 3.72712 0.22 0 0 0 0 0 0
-0.037318 3.72266 0.222845 -0.0327816 3.72712 0.22 0 0 0 0 0 0
-0.037318 3.72266 0.222904 -0.0327816 3.72712 0.22 0 0 0 0 0 0
-0.037318 3.72266 0.222056 -0.0327816 3.72712 0.22 0 0 0 0 0 0
-0.037318 3.72266 0.221045 -0.0327816 3.72712 0.22 0 0 0 0 0 0
-0.037318 3.72266 0.220636 -0.0327816 3.72712 0.22 0 0 0 0 0 0
-0.037318 3.72266 0.220475 -0.0327816 3.72712 0.22 0 0 0 0 0 0
-0.037318 3.72266 0.220581 -0.0327816 3.72712 0.22 0 0 0 0 0 0
-0.037318 3.72266 0.220949 -0.0327816 3.72712 0.22 0 0 0 0 0 0
-0.037318 3.72266 0.221493 -0.0327816 3.72712 0.22 0 0 0 0 0 0
-0.037318 3.72266 0.222044 -0.0327816 3.72712 0.22 0 0 0 0 0 0
-0.037318 3.72266 0.222472 -0.0327816 3.72712 0.22 0 0 0 0 0 0
-0.037318 3.72266 0.222981 -0.0327816 3.72712 0.22 0 0 0 0 0 0
-0.037318 3.72266 0.22337 -0.0327816 3.72712 0.22 0 0 0 0 0 0
-0.037318 3.72266 0.223743 -0.0327816 3.72712 0.22 0 0 0 0 0 0
-0.037318 3.72266 0.224091 -0.0327816 3.72712 0.22 0 0 0 0 0 0
-0.037318 3.72266 0.224399 -0.0327816 3.72712 0.22 0 0 0 0 0 0
-0.037318 3.72266 0.224658 -0.0327816 3.72712 0.22 0 0 0 0 0 0
-0.037318 3.72266 0.22486 -0.0327816 3.72712 0.22 0 0 0 0 0 0
-0.037318 3.72266 0.225 -0.0327816 3.72712 0.22 0 0 0 0 0 0
-0.037318 3.72266 0.225068 -0.0327816 3.72712 0.22 0 0 0 0 0 0
-0.037318 3.72266 0.225121 -0.0327816 3.72712 0.22 0 0 0 0 0 0
-0.037318 3.72266 0.225175 -0.0327816 3.72712 0.22 0 0 0 0 0 0
-0.037318 3.72266 0.225263 -0.0327816 3.72712 0.22 0 0 0 0 0 0
-0.037318 3.72266 0.22536 -0.0327816 3.72712 0.22 0 0 0 0 0 0
-0.037318 3.72266 0.225356 -0.0327816 3.72712 0.22 0 0 0 0 0 0
-0.037318 3.72266 0.225487 -0.0327816 3.72712 0.22 0 0 0 0 0 0
-0.037318 3.72266 0.225541 -0.0327816 3.72712 0.22 0 0 0 0 0 0
-0.037318 3.72266 0.225667 -0.0327816 3.72712 0.22 0 0 0 0 0 0
-0.037318 3.72266 0.225762 -0.0327816 3.72712 0.22 0 0 0 0 0 0
-0.037318 3.72266 0.225891 -0.0327816 3.72712 0.22 0 0 0 0 0 0
-0.037318 3.72266 0.22601 -0.0327816 3.72712 0.22 0 0 0 0 0 0
-0.037318 3.72266 0.226141 -0.0327816 3.72712 0.22 0 0 0 0 0 0
-0.037318 3.72266 0.226272 -0.0327816 3.72712 0.22 0 0 0 0 0 0
-0.037318 3.72266 0.226377 -0.0327816 3.72712 0.22 0 0 0 0 0 0
-0.037318 3.72266 0.226436 -0.0327816 3.72712 0.22 0 0 0 0 0 0
-0.037318 3.72266 0.226461 -0.0327816 3.72712 0.22 0 0 0 0 0 0
-0.037318 3.72266 0.226505 -0.0327816 3.72712 0.22 0 0 0 0 0 0
-0.037318 3.72266 0.22649 -0.0327816 3.72712 0.22 0 0 0 0 0 0
-0.037318 3.72266 0.226494 -0.0327816 3.72712 0.22 0 0 0 0 0 0
-0.037318 3.72266 0.226459 -0.0327816 3.72712 0.22 0 0 0 0 0 0
-0.037318 3.72266 0.226462 -0.0327816 3.72712 0.22 0 0 0 0 0 0
-0.037318 3.72266 0.226461 -0.0327816 3.72712 0.22 0 0 0 0 0 0
-0.037318 3.72266 0.226459 -0.0327816 3.72712 0.22 0 0 0 0 0 0
-0.037318 3.72266 0.226469 -0.0327816 3.72712 0.22 0 0 0 0 0 0
-0.037318 3.72266 0.226494 -0.0327816 3.72712 0.22 0 0 0 0 0 0
-0.037318 3.72266 0.2265 -0.0327816 3.72712 0.22 0 0 0 0 0 0
-0.037318 3.72266 0.22648 -0.0327816 3.72712 0.22 0 0 0 0 0 0
-0.037318 3.72266 0.226462 -0.0327816 3.72712 0.22 0 0 0 0 0 0
-0.037318 3.72266 0.226466 -0.0327816 3.72712 0.22 0 0 0 0 0 0
-0.037318 3.72266 0.22647 -0.0327816 3.72712 0.22 0 0 0 0 0 0
-0.037318 3.72266 0.226471 -0.0327816 3.72712 0.22 0 0 0 0 0 0
-0.037318 3.72266 0.226464 -0.0327816 3.72712 0.22 0 0 0 0 0 0
-0.037318 3.72266 0.226486 -0.0327816 3.72712 0.22 0 0 0 0 0 0
-0.037318 3.72266 0.226502 -0.0327816 3.72712 0.22 0 0 0 0 0 0
-0.037318 3.72266 0.226484 -0.0327816 3.72712 0.22 0 0 0 0 0 0
-0.037318 3.72266 0.226488 -0.0327816 3.72712 0.22 0 0 0 0 0 0
-0.037318 3.72266 0.226499 -0.0327816 3.72712 0.22 0 0 0 0 0 0
-0.037318 3.72266 0.226482 -0.0327816 3.72712 0.22 0 0 0 0 0 0
-0.037318 3.72266 0.226482 -0.0327816 3.72712 0.22 0 0 0 0 0 0
-0.037318 3.72266 0.226501 -0.0327816 3.72712 0.22 0 0 0 0 0 0
-0.037318 3.72266 0.226497 -0.0327816 3.72712 0.22 0 0 0 0 0 0
-0.037318 3.72266 0.226513 -0.0327816 3.72712 0.22 0 0 0 0 0 0
-0.037318 3.72266 0.226489 -0.0327816 3.72712 0.22 0 0 0 0 0 0
-0.037318 3.72266 0.226502 -0.0327816 3.72712 0.22 0 0 0 0 0 0
-0.037318 3.72266 0.226496 -0.0327816 3.72712 0.22 0 0 0 0 0 0
-0.037318 3.72266 0.226516 -0.0327816 3.72712 0.22 0 0 0 0 0 0
-0.037318 3.72266 0.226499 -0.0327816 3.72712 0.22 0 0 0 0 0 0
-0.037318 3.72266 0.226491 -0.0327816 3.72712 0.22 0 0 0 0 0 0
-0.037318 3.72266 0.226505 -0.0327816 3.72712 0.22 0 0 0 0 0 0
-0.037318 3.72266 0.226523 -0.0327816 3.72712 0.22 0 0 0 0 0 0
-0.037318 3.72266 0.226508 -0.0327816 3.72712 0.22 0 0 0 0 0 0
-0.037318 3.72266 0.226519 -0.0327816 3.72712 0.22 0 0 0 0 0 0
-0.037318 3.72266 0.22652 -0.0327816 3.72712 0.22 0 0 0 0 0 0
-0.037318 3.72266 0.226508 -0.0327816 3.72712 0.22 0 0 0 0 0 0
-0.037318 3.72266 0.226522 -0.0327816 3.72712 0.22 0 0 0 0 0 0
-0.037318 3.72266 0.226515 -0.0327816 3.72712 0.22 0 0 0 0 0 0
-0.037318 3.72266 0.226504 -0.0327816 3.72712 0.22 0 0 0 0 0 0
-0.037318 3.72266 0.226508 -0.0327816 3.72712 0.22 0 0 0 0 0 0
-0.037318 3.72266 0.226498 -0.0327816 3.72712 0.22 0 0 0 0 0 0
-0.037318 3.72266 0.226524 -0.0327816 3.72712 0.22 0 0 0 0 0 0
-0.037318 3.72266 0.226511 -0.0327816 3.72712 0.22 0 0 0 0 0 0
-0.037318 3.72266 0.226523 -0.0327816 3.72712 0.22 0 0 0 0 0 0
-0.037318 3.72266 0.226468 -0.0327816 3.72712 0.22 0 0 0 0 0 0
-0.037318 3.72266 0.226492 -0.0327816 3.72712 0.22 0 0 0 0 0 0
-0.037318 3.72266 0.226493 -0.0327816 3.72712 0.22 0 0 0 0 0 0
-0.037318 3.72266 0.226515 -0.0327816 3.72712 0.22 0 0 0 0 0 0
-0.037318 3.72266 0.226515 -0.0327816 3.72712 0.22 0 0 0 0 0 0
-0.037318 3.72266 0.226501 -0.0327816 3.72712 0.22 0 0 0 0 0 0
-0.037318 3.72266 0.226519 -0.0327816 3.72712 0.22 0 0 0 0 0 0
-0.037318 3.72266 0.226516 -0.0327816 3.72712 0.22 0 0 0 0 0 0
-0.037318 3.72266 0.226513 -0.0327816 3.72712 0.22 0 0 0 0 0 0
-0.037318 3.72266 0.226506 -0.0327816 3.72712 0.22 0 0 0 0 0 0
-0.037318 3.72266 0.226509 -0.0327816 3.72712 0.22 0 0 0 0 0 0
-0.037318 3.72266 0.226496 -0.0327816 3.72712 0.22 0 0 0 0 0 0
-0.037318 3.72266 0.226517 -0.0327816 3.72712 0.22 0 0 0 0 0 0
-0.037318 3.72266 0.2265 -0.0327816 3.72712 0.22 0 0 0 0 0 0
-0.037318 3.72266 0.226474 -0.0327816 3.72712 0.22 0 0 0 0 0 0
-0.037318 3.72266 0.22652 -0.0327816 3.72712 0.22 0 0 0 0 0 0
-0.037318 3.72266 0.226506 -0.0327816 3.72712 0.22 0 0 0 0 0 0
-0.037318 3.72266 0.226499 -0.0327816 3.72712 0.22 0 0 0 0 0 0
-0.037318 3.72266 0.2265 -0.0327816 3.72712 0.22 0 0 0 0 0 0
-0.037318 3.72266 0.226517 -0.0327816 3.72712 0.22 0 0 0 0 0 0
-0.037318 3.72266 0.22649 -0.0327816 3.72712 0.22 0 0 0 0 0 0
-0.037318 3.72266 0.226495 -0.0327816 3.72712 0.22 0 0 0 0 0 0
-0.037318 3.72266 0.2265 -0.0327816 3.72712 0.22 0 0 0 0 0 0
-0.037318 3.72266 0.226503 -0.0327816 3.72712 0.22 0 0 0 0 0 0
-0.037318 3.72266 0.226498 -0.0327816 3.72712 0.22 0 0 0 0 0 0
-0.037318 3.72266 0.226514 -0.0327816 3.72712 0.22 0 0 0 0 0 0
-0.037318 3.72266 0.226507 -0.0327816 3.72712 0.22 0 0 0 0 0 0
-0.037318 3.72266 0.226507 -0.0327816 3.72712 0.22 0 0 0 0 0 0
-0.037318 3.72266 0.226503 -0.0327816 3.72712 0.22 0 0 0 0 0 0
-0.037318 3.72266 0.226488 -0.0327816 3.72712 0.22 0 0 0 0 0 0
-0.037318 3.72266 0.226492 -0.0327816 3.72712 0.22 0 0 0 0 0 0
-0.037318 3.72266 0.226503 -0.0327816 3.72712 0.22 0 0 0 0 0 0
-0.037318 3.72266 0.226484 -0.0327816 3.72712 0.22 0 0 0 0 0 0
-0.037318 3.72266 0.226504 -0.0327816 3.72712 0.22 0 0 0 0 0 0
-0.037318 3.72266 0.226486 -0.0327816 3.72712 0.22 0 0 0 0 0 0
-0.037318 3.72266 0.226515 -0.0327816 3.72712 0.22 0 0 0 0 0 0
-0.037318 3.72266 0.22648 -0.0327816 3.72712 0.22 0 0 0 0 0 0
-0.037318 3.72266 0.226481 -0.0327816 3.72712 0.22 0 0 0 0 0 0
-0.037318 3.72266 0.226496 -0.0327816 3.72712 0.22 0 0 0 0 0 0
-0.037318 3.72266 0.226489 -0.0327816 3.72712 0.22 0 0 0 0 0 0
-0.037318 3.72266 0.226504 -0.0327816 3.72712 0.22 0 0 0 0 0 0
-0.037318 3.72266 0.2265 -0.0327816 3.72712 0.22 0 0 0 0 0 0
-0.037318 3.72266 0.226522 -0.0327816 3.72712 0.22 0 0 0 0 0 0
-0.037318 3.72266 0.226506 -0.0327816 3.72712 0.22 0 0 0 0 0 0
-0.037318 3.72266 0.226501 -0.0327816 3.72712 0.22 0 0 0 0 0 0
-0.037318 3.72266 0.22649 -0.0327816 3.72712 0.22 0 0 0 0 0 0
