-0.217435 -0.214729 -0.220764 -0.219815 -0.215775 -0.217698
-0.217435 -0.214673 -0.220777 -0.219815 -0.215775 -0.217681
-0.217364 -0.214729 -0.220837 -0.219815 -0.21572 -0.217681
-0.217381 -0.214729 -0.220777 -0.219803 -0.215775 -0.217681
-0.217381 -0.214729 -0.220777 -0.219767 -0.215759 -0.217698
-0.217452 -0.214729 -0.220777 -0.219754 -0.21572 -0.217681
-0.217381 -0.214729 -0.220777 -0.219767 -0.215775 -0.217681
-0.217435 -0.214729 -0.220764 -0.219815 -0.21572 -0.217681
-0.217418 -0.214673 -0.220764 -0.219754 -0.215759 -0.217698
-0.217435 -0.214673 -0.220777 -0.219754 -0.215792 -0.217698
-0.217381 -0.214657 -0.220764 -0.219754 -0.215775 -0.217681
-0.217435 -0.214673 -0.220777 -0.219767 -0.215759 -0.217734
-0.217381 -0.214673 -0.220824 -0.219767 -0.215759 -0.217698
-0.217381 -0.214689 -0.220824 -0.219754 -0.215775 -0.217681
-0.217435 -0.214729 -0.220764 -0.219754 -0.21583 -0.217698
-0.217381 -0.214657 -0.220777 -0.219767 -0.215775 -0.217752
-0.217381 -0.214713 -0.220764 -0.219815 -0.215775 -0.217681
-0.217381 -0.214729 -0.220764 -0.219742 -0.215775 -0.217698
-0.217435 -0.214673 -0.220777 -0.219754 -0.215813 -0.217734
-0.217435 -0.214673 -0.220764 -0.219754 -0.215775 -0.217734
-0.217381 -0.214673 -0.220777 -0.219815 -0.215775 -0.217681
-0.217435 -0.214673 -0.220777 -0.219815 -0.215775 -0.217681
-0.217435 -0.214673 -0.220764 -0.219815 -0.215775 -0.217681
-0.217435 -0.214713 -0.220716 -0.219754 -0.215775 -0.217698
-0.217418 -0.214729 -0.220777 -0.219815 -0.215775 -0.217698
-0.217435 -0.214673 -0.220764 -0.219742 -0.215775 -0.217681
-0.217381 -0.214729 -0.220777 -0.219767 -0.215775 -0.217698
-0.217435 -0.214657 -0.220703 -0.219754 -0.215759 -0.217681
-0.217435 -0.214689 -0.220764 -0.219754 -0.215792 -0.217681
-0.217435 -0.214673 -0.220764 -0.219815 -0.215775 -0.217681
-0.217381 -0.214673 -0.220764 -0.219754 -0.21583 -0.217698
-0.217435 -0.214657 -0.220703 -0.219754 -0.215813 -0.217698
-0.217381 -0.214673 -0.220764 -0.219754 -0.215759 -0.217698
-0.217435 -0.214729 -0.220824 -0.219754 -0.215775 -0.217734
-0.217418 -0.214657 -0.220716 -0.219815 -0.215775 -0.217681
-0.217435 -0.214673 -0.220777 -0.219754 -0.215775 -0.217698
-0.217435 -0.214729 -0.220703 -0.219767 -0.215704 -0.217734
-0.217418 -0.214673 -0.220703 -0.219815 -0.215775 -0.217681
-0.217381 -0.214729 -0.220764 -0.219754 -0.21572 -0.217698
-0.217364 -0.214729 -0.220777 -0.219693 -0.215775 -0.217681
-0.217435 -0.214729 -0.220764 -0.219803 -0.215704 -0.217681
-0.217398 -0.214729 -0.220777 -0.219754 -0.215759 -0.217681
-0.217435 -0.214729 -0.220764 -0.219754 -0.215775 -0.217681
-0.217381 -0.214673 -0.220777 -0.219754 -0.21572 -0.217698
-0.217435 -0.214673 -0.220777 -0.219767 -0.215775 -0.217698
-0.217435 -0.214673 -0.220764 -0.219754 -0.215759 -0.217681
-0.217381 -0.214729 -0.220764 -0.219754 -0.215775 -0.217734
-0.217435 -0.214729 -0.220764 -0.219754 -0.215775 -0.217681
-0.217364 -0.214673 -0.220824 -0.219767 -0.215704 -0.217752
-0.217418 -0.214618 -0.220777 -0.219803 -0.215775 -0.217681
-0.217381 -0.214673 -0.220777 -0.219815 -0.215759 -0.217681
-0.217435 -0.214673 -0.220837 -0.219754 -0.215775 -0.217681
-0.217381 -0.214713 -0.220777 -0.219754 -0.215759 -0.217698
-0.217472 -0.214673 -0.220777 -0.219742 -0.215775 -0.217734
-0.217381 -0.214657 -0.220777 -0.219754 -0.215775 -0.217681
-0.217381 -0.214673 -0.220777 -0.219815 -0.215759 -0.217681
-0.217418 -0.214673 -0.220777 -0.219754 -0.215775 -0.217681
-0.217435 -0.214729 -0.220824 -0.219767 -0.215813 -0.217681
-0.217435 -0.214729 -0.220764 -0.219754 -0.215759 -0.217698
-0.217381 -0.214689 -0.220777 -0.219815 -0.215775 -0.217734
-0.217435 -0.214673 -0.220837 -0.219693 -0.215759 -0.217681
-0.217435 -0.214673 -0.220764 -0.219803 -0.215775 -0.217681
-0.217381 -0.214729 -0.220764 -0.219754 -0.215775 -0.217734
-0.217364 -0.214729 -0.220764 -0.219754 -0.215759 -0.217681
-0.217381 -0.214729 -0.220764 -0.219754 -0.215775 -0.217681
-0.217381 -0.214673 -0.220764 -0.219767 -0.215775 -0.217681
-0.217418 -0.214673 -0.220764 -0.219828 -0.215775 -0.217681
-0.217435 -0.214729 -0.220703 -0.219828 -0.21572 -0.217681
-0.217381 -0.214673 -0.220703 -0.219815 -0.215759 -0.217752
-0.217418 -0.214673 -0.220824 -0.219754 -0.215759 -0.217681
-0.217381 -0.214729 -0.220777 -0.219767 -0.215775 -0.217681
-0.217381 -0.214729 -0.220777 -0.219754 -0.215775 -0.217681
-0.217381 -0.214673 -0.220777 -0.219828 -0.215759 -0.217681
-0.217435 -0.214729 -0.220777 -0.219767 -0.215759 -0.217681
-0.217435 -0.214673 -0.220824 -0.219815 -0.215775 -0.217681
-0.217381 -0.214729 -0.220703 -0.219693 -0.215775 -0.217681
-0.217381 -0.214713 -0.220764 -0.219767 -0.215775 -0.217681
-0.217381 -0.214729 -0.220764 -0.219815 -0.21572 -0.217681
-0.217418 -0.214729 -0.220824 -0.219754 -0.215759 -0.217734
-0.217381 -0.214673 -0.220703 -0.219754 -0.215759 -0.217681
-0.217364 -0.214729 -0.220764 -0.219693 -0.21572 -0.217734
-0.217381 -0.214729 -0.220703 -0.219742 -0.215775 -0.217681
-0.217381 -0.214729 -0.220777 -0.219815 -0.215775 -0.217681
-0.217435 -0.214673 -0.220777 -0.219815 -0.215704 -0.217681
-0.217381 -0.214673 -0.220777 -0.219828 -0.215759 -0.217681
-0.217435 -0.214673 -0.22085 -0.219815 -0.215775 -0.217681
-0.217381 -0.214673 -0.220824 -0.219754 -0.215759 -0.217681
-0.217381 -0.214673 -0.220764 -0.219754 -0.215775 -0.217752
-0.217418 -0.214729 -0.220837 -0.219828 -0.215759 -0.217681
-0.217435 -0.214673 -0.220703 -0.219742 -0.215775 -0.217681
-0.217381 -0.214729 -0.220824 -0.219754 -0.215775 -0.217681
-0.217381 -0.214673 -0.220777 -0.219754 -0.215775 -0.217681
-0.217435 -0.214729 -0.220751 -0.219754 -0.215775 -0.217681
-0.217381 -0.214673 -0.220777 -0.219754 -0.215775 -0.217681
-0.217418 -0.214673 -0.220764 -0.219754 -0.21583 -0.217681
-0.217435 -0.214729 -0.220764 -0.219815 -0.215759 -0.217681
-0.217364 -0.214673 -0.220764 -0.219815 -0.215792 -0.217681
-0.217418 -0.214729 -0.220716 -0.219754 -0.215759 -0.217681
-0.217381 -0.214673 -0.220764 -0.219815 -0.215775 -0.217681
-0.217435 -0.214673 -0.220837 -0.219767 -0.215775 -0.217698
-0.217435 -0.214729 -0.220777 -0.219754 -0.215759 -0.217681
-0.217381 -0.214673 -0.220837 -0.219754 -0.215704 -0.217752
-0.217435 -0.214673 -0.220764 -0.219803 -0.215759 -0.217734
-0.217364 -0.214729 -0.220716 -0.219754 -0.215759 -0.217698
-0.217435 -0.214673 -0.220824 -0.219754 -0.215775 -0.217681
-0.217435 -0.214729 -0.220764 -0.219742 -0.215704 -0.217698
-0.217435 -0.214673 -0.220764 -0.219754 -0.215775 -0.217681
-0.217418 -0.214729 -0.220824 -0.219767 -0.215759 -0.217681
-0.217435 -0.214729 -0.220764 -0.219754 -0.215704 -0.217681
-0.217381 -0.214673 -0.220777 -0.219815 -0.215775 -0.217681
-0.217435 -0.214729 -0.220764 -0.219767 -0.21572 -0.217681
-0.217364 -0.214673 -0.220764 -0.219754 -0.215775 -0.217681
-0.217364 -0.214618 -0.220764 -0.219828 -0.215759 -0.217698
-0.217435 -0.214657 -0.220777 -0.219754 -0.215775 -0.217734
-0.217435 -0.214673 -0.220777 -0.219754 -0.215775 -0.217627
-0.217381 -0.214729 -0.220777 -0.219754 -0.215759 -0.217698
-0.217381 -0.214673 -0.220777 -0.219767 -0.215737 -0.217681
-0.217435 -0.214729 -0.220777 -0.219754 -0.215775 -0.217627
-0.217418 -0.214618 -0.220764 -0.219742 -0.215775 -0.217681
-0.217435 -0.214673 -0.220764 -0.219815 -0.215704 -0.217681
-0.217435 -0.214673 -0.220777 -0.219767 -0.21572 -0.217681
-0.217381 -0.214657 -0.220764 -0.219742 -0.215813 -0.217698
-0.21756 -0.214594 -0.221641 -0.220864 -0.21549 -0.217771
-0.217844 -0.214546 -0.223792 -0.222247 -0.214863 -0.217897
-0.217949 -0.214793 -0.224836 -0.222726 -0.214308 -0.218107
-0.218412 -0.215254 -0.224807 -0.223118 -0.214253 -0.218019
-0.219071 -0.215658 -0.22532 -0.223283 -0.214324 -0.218089
-0.219603 -0.216086 -0.226057 -0.223702 -0.214467 -0.218178
-0.220063 -0.216379 -0.226455 -0.22406 -0.214753 -0.21846
-0.220665 -0.21677 -0.226806 -0.224491 -0.214929 -0.21883
-0.221035 -0.217161 -0.227018 -0.224862 -0.215039 -0.21906
-0.221334 -0.217577 -0.227297 -0.225327 -0.215182 -0.219148
-0.221617 -0.217896 -0.22755 -0.225598 -0.215385 -0.219325
-0.222076 -0.218143 -0.227915 -0.225603 -0.215621 -0.219273
-0.222483 -0.218251 -0.22822 -0.225689 -0.215894 -0.21915
-0.222836 -0.218416 -0.228544 -0.225727 -0.21615 -0.219062
-0.223066 -0.218452 -0.22875 -0.225766 -0.21615 -0.219098
-0.223278 -0.218646 -0.228869 -0.225804 -0.216221 -0.21915
-0.223419 -0.218798 -0.228941 -0.225743 -0.216205 -0.219221
-0.223666 -0.218873 -0.229146 -0.225867 -0.21633 -0.219274
-0.223825 -0.218933 -0.229383 -0.225832 -0.216385 -0.219221
-0.223931 -0.219008 -0.229561 -0.225844 -0.216476 -0.219292
-0.224002 -0.219125 -0.229588 -0.225857 -0.21671 -0.219239
-0.224002 -0.219068 -0.229706 -0.225931 -0.216872 -0.219309
-0.223984 -0.219068 -0.229706 -0.225943 -0.217015 -0.219274
-0.223949 -0.219068 -0.229824 -0.225956 -0.217157 -0.219256
-0.224002 -0.219083 -0.229765 -0.225968 -0.217228 -0.219274
-0.223984 -0.219025 -0.229824 -0.225981 -0.217353 -0.219362
-0.223931 -0.218953 -0.229838 -0.225981 -0.217424 -0.219397
-0.223931 -0.218896 -0.229883 -0.225932 -0.217387 -0.219503
-0.223966 -0.218723 -0.229956 -0.225945 -0.217512 -0.219591
-0.223913 -0.218665 -0.229897 -0.226018 -0.217546 -0.219696
-0.223913 -0.218665 -0.229956 -0.225957 -0.217617 -0.219873
-0.223896 -0.218593 -0.229956 -0.226031 -0.217651 -0.220049
-0.223843 -0.218651 -0.230074 -0.225982 -0.217756 -0.22012
-0.223896 -0.218708 -0.230088 -0.226031 -0.217898 -0.220084
-0.223896 -0.218708 -0.230115 -0.226043 -0.218023 -0.220137
-0.223913 -0.218651 -0.230188 -0.226043 -0.218023 -0.220155
-0.223949 -0.218651 -0.230201 -0.226043 -0.21804 -0.220208
-0.223896 -0.218651 -0.230183 -0.226117 -0.218094 -0.220208
-0.223896 -0.218651 -0.230242 -0.226043 -0.21804 -0.220208
-0.223966 -0.218651 -0.230197 -0.226153 -0.21804 -0.220155
-0.223913 -0.218651 -0.230256 -0.226043 -0.21804 -0.220155
-0.223913 -0.218708 -0.230269 -0.226117 -0.21804 -0.220208
-0.224019 -0.218651 -0.230329 -0.226117 -0.217969 -0.220155
-0.224037 -0.218723 -0.230329 -0.226104 -0.217969 -0.220155
-0.224037 -0.218708 -0.230329 -0.226104 -0.218023 -0.220155
-0.224142 -0.218738 -0.230269 -0.226104 -0.217986 -0.220155
-0.224142 -0.218723 -0.230329 -0.226117 -0.217969 -0.220155
-0.22409 -0.218738 -0.230342 -0.226104 -0.217915 -0.220155
-0.22416 -0.218723 -0.230401 -0.226104 -0.217986 -0.220102
-0.224213 -0.218665 -0.230329 -0.226104 -0.217986 -0.220155
-0.22416 -0.218665 -0.230269 -0.226104 -0.217915 -0.220155
-0.224142 -0.218723 -0.230342 -0.226117 -0.217969 -0.220155
-0.224195 -0.218738 -0.230342 -0.226056 -0.217915 -0.220155
-0.224142 -0.218723 -0.230329 -0.226056 -0.217969 -0.220102
-0.224142 -0.218665 -0.230269 -0.226117 -0.217969 -0.220155
-0.224125 -0.218723 -0.230342 -0.226056 -0.217986 -0.220155
-0.224072 -0.218665 -0.230342 -0.226056 -0.217969 -0.220155
-0.224142 -0.218651 -0.230329 -0.226117 -0.217969 -0.220155
-0.224142 -0.218651 -0.230329 -0.226117 -0.217969 -0.220155
-0.224054 -0.218665 -0.230269 -0.226056 -0.217969 -0.220155
-0.224142 -0.218651 -0.230342 -0.226117 -0.217969 -0.220208
-0.224072 -0.218665 -0.230342 -0.226117 -0.217986 -0.220155
-0.224125 -0.218708 -0.230342 -0.226043 -0.217986 -0.220155
-0.224125 -0.218665 -0.230342 -0.226117 -0.217969 -0.220155
-0.22409 -0.218723 -0.230342 -0.226056 -0.217986 -0.220155
-0.224125 -0.218651 -0.230356 -0.226104 -0.217986 -0.220155
-0.224125 -0.218651 -0.230342 -0.226056 -0.217969 -0.220208
-0.224142 -0.218738 -0.230297 -0.226043 -0.217932 -0.220155
-0.224142 -0.218723 -0.230342 -0.226117 -0.217986 -0.220155
-0.224142 -0.218723 -0.230415 -0.226104 -0.218023 -0.220155
-0.22409 -0.218723 -0.230283 -0.226104 -0.217986 -0.220155
-0.224072 -0.218665 -0.230401 -0.226129 -0.217969 -0.220155
-0.224142 -0.218665 -0.230342 -0.226129 -0.217969 -0.220155
-0.224142 -0.218723 -0.230356 -0.226104 -0.217969 -0.220155
-0.224177 -0.218723 -0.230356 -0.226104 -0.217969 -0.220155
-0.224125 -0.218665 -0.230401 -0.226043 -0.217986 -0.220155
-0.224125 -0.218665 -0.230356 -0.226104 -0.217915 -0.220208
-0.224072 -0.218665 -0.230342 -0.226117 -0.217969 -0.220155
-0.224142 -0.218665 -0.230342 -0.226043 -0.217969 -0.220155
-0.224142 -0.218723 -0.230342 -0.226117 -0.218023 -0.220137
-0.224142 -0.218651 -0.230401 -0.226056 -0.217969 -0.220155
-0.22409 -0.218665 -0.230356 -0.226056 -0.217986 -0.220208
-0.224142 -0.218651 -0.230356 -0.226056 -0.217969 -0.220208
-0.224125 -0.218665 -0.230415 -0.226056 -0.217986 -0.220155
-0.224125 -0.218651 -0.230342 -0.226056 -0.217986 -0.220155
-0.224125 -0.218665 -0.230297 -0.226117 -0.217969 -0.220208
-0.22409 -0.218608 -0.230415 -0.226117 -0.217932 -0.220155
-0.224142 -0.218608 -0.230356 -0.226104 -0.217969 -0.220137
-0.22409 -0.218723 -0.230356 -0.226117 -0.217986 -0.220155
-0.224125 -0.218665 -0.230342 -0.226117 -0.217969 -0.220155
-0.224195 -0.21868 -0.230415 -0.226117 -0.217969 -0.220155
-0.224142 -0.218665 -0.230342 -0.226117 -0.217915 -0.220155
-0.224125 -0.218665 -0.230356 -0.226117 -0.217932 -0.220155
-0.224142 -0.218723 -0.230401 -0.226056 -0.217915 -0.220155
-0.224142 -0.218708 -0.230401 -0.226104 -0.217986 -0.220208
-0.224142 -0.218651 -0.230342 -0.226117 -0.217952 -0.220155
-0.224142 -0.218608 -0.230356 -0.226056 -0.21804 -0.220155
-0.224142 -0.218665 -0.230415 -0.226117 -0.217969 -0.220155
-0.22409 -0.218723 -0.230342 -0.226068 -0.217969 -0.220155
-0.224142 -0.21868 -0.230342 -0.226117 -0.217969 -0.220155
-0.224072 -0.218651 -0.230401 -0.226117 -0.217969 -0.220155
-0.22409 -0.218665 -0.230356 -0.226056 -0.218023 -0.220155
-0.224142 -0.218723 -0.230415 -0.226117 -0.21804 -0.220208
-0.224142 -0.218665 -0.230342 -0.226117 -0.217969 -0.220155
-0.224142 -0.218665 -0.230356 -0.226104 -0.21804 -0.220155
-0.224125 -0.218665 -0.230356 -0.226056 -0.217986 -0.220208
-0.224142 -0.218723 -0.230401 -0.226043 -0.217915 -0.220155
-0.224072 -0.218708 -0.230356 -0.226117 -0.217986 -0.220155
-0.22409 -0.218723 -0.230415 -0.226056 -0.217969 -0.220155
-0.22416 -0.218723 -0.230356 -0.226117 -0.217969 -0.220155
-0.224072 -0.218723 -0.230401 -0.226129 -0.217969 -0.220155
-0.224072 -0.218665 -0.230356 -0.226117 -0.217969 -0.220155
-0.224072 -0.218665 -0.230356 -0.226117 -0.217969 -0.220191
-0.224125 -0.21868 -0.230356 -0.226117 -0.217969 -0.220155
-0.224142 -0.218665 -0.230356 -0.226117 -0.217969 -0.220208
-0.224125 -0.218665 -0.230415 -0.226117 -0.217898 -0.220155
-0.224125 -0.218665 -0.230356 -0.226117 -0.217969 -0.220208
-0.22409 -0.218665 -0.230415 -0.226056 -0.217986 -0.220155
-0.224142 -0.218665 -0.230415 -0.226117 -0.217969 -0.220155
-0.22409 -0.218665 -0.230369 -0.226117 -0.217969 -0.220208
-0.22409 -0.218665 -0.230356 -0.226117 -0.217969 -0.220208
-0.224142 -0.218665 -0.230369 -0.226117 -0.217986 -0.220155
-0.224142 -0.218723 -0.230369 -0.226056 -0.217986 -0.220208
-0.22409 -0.218651 -0.230428 -0.226104 -0.217949 -0.220155
-0.224125 -0.218665 -0.230383 -0.226117 -0.217969 -0.220208
-0.224142 -0.218723 -0.230442 -0.226117 -0.217986 -0.220155
-0.224195 -0.218665 -0.230442 -0.226117 -0.217932 -0.220155
-0.224142 -0.218665 -0.230383 -0.226117 -0.217969 -0.220155
-0.224142 -0.218665 -0.230397 -0.226117 -0.21804 -0.220208
-0.22409 -0.218665 -0.230469 -0.226117 -0.217986 -0.220155
-0.22409 -0.218665 -0.230456 -0.226117 -0.217969 -0.220155
-0.22416 -0.218665 -0.230456 -0.226117 -0.217969 -0.220208
-0.224107 -0.218723 -0.230469 -0.226117 -0.217986 -0.220155
-0.22416 -0.218665 -0.230456 -0.226117 -0.217932 -0.220155
-0.224125 -0.218708 -0.23041 -0.226104 -0.218023 -0.220155
-0.224142 -0.218651 -0.230456 -0.226117 -0.217932 -0.220155
-0.224142 -0.218723 -0.23041 -0.226104 -0.217969 -0.220155
-0.22409 -0.218665 -0.230469 -0.226117 -0.217969 -0.220208
-0.22409 -0.218651 -0.230424 -0.226117 -0.217915 -0.220137
-0.224142 -0.218651 -0.230483 -0.226117 -0.217986 -0.220155
-0.22416 -0.218723 -0.230483 -0.226056 -0.217986 -0.220208
-0.22416 -0.218665 -0.230483 -0.226117 -0.217986 -0.220208
-0.22409 -0.218651 -0.230483 -0.226129 -0.217986 -0.220155
-0.224142 -0.218665 -0.230483 -0.226117 -0.217986 -0.220155
-0.224107 -0.218651 -0.230424 -0.226117 -0.217986 -0.220155
-0.224142 -0.218665 -0.230483 -0.226117 -0.217986 -0.220155
-0.224142 -0.218708 -0.230496 -0.226104 -0.217986 -0.220155
-0.224107 -0.218708 -0.230424 -0.226104 -0.21804 -0.220155
-0.22416 -0.218651 -0.230496 -0.226104 -0.217986 -0.220208
-0.224142 -0.218665 -0.230437 -0.226043 -0.217932 -0.220191
-0.22416 -0.218665 -0.230483 -0.226117 -0.217932 -0.220208
-0.224142 -0.218708 -0.230437 -0.226104 -0.217949 -0.220155
-0.22416 -0.218708 -0.230451 -0.226178 -0.218003 -0.220208
-0.224142 -0.218723 -0.230437 -0.226117 -0.217986 -0.220137
-0.224142 -0.218651 -0.230437 -0.226104 -0.21804 -0.220191
-0.22416 -0.218651 -0.230437 -0.226117 -0.217969 -0.220155
-0.224142 -0.218651 -0.230496 -0.226117 -0.217986 -0.220208
-0.224107 -0.218651 -0.230496 -0.226117 -0.217986 -0.220208
-0.224107 -0.218651 -0.230437 -0.226117 -0.217932 -0.220191
-0.224142 -0.218651 -0.23051 -0.226104 -0.217986 -0.220208
-0.22416 -0.218651 -0.230496 -0.226117 -0.218003 -0.220155
-0.224107 -0.218651 -0.230437 -0.226178 -0.217969 -0.220191
-0.224142 -0.218693 -0.23051 -0.226117 -0.218003 -0.220137
-0.22416 -0.218636 -0.23051 -0.226165 -0.218003 -0.220191
-0.22416 -0.218693 -0.230464 -0.226104 -0.217986 -0.220137
-0.22416 -0.218606 -0.230464 -0.226104 -0.218003 -0.220173
-0.22416 -0.218679 -0.230464 -0.226104 -0.217986 -0.220173
-0.22416 -0.218664 -0.230464 -0.226165 -0.218003 -0.220173
-0.224107 -0.218592 -0.230478 -0.226104 -0.217986 -0.220173
-0.22416 -0.218562 -0.230537 -0.226165 -0.218003 -0.22012
-0.224125 -0.218547 -0.230478 -0.226165 -0.218003 -0.220156
-0.224125 -0.218502 -0.230478 -0.226092 -0.218003 -0.220156
-0.224054 -0.218473 -0.230537 -0.226104 -0.218003 -0.220138
-0.224125 -0.218515 -0.230491 -0.226092 -0.21802 -0.220138
-0.224072 -0.218428 -0.230491 -0.226079 -0.218003 -0.220138
-0.224019 -0.21847 -0.230505 -0.226128 -0.21802 -0.220121
-0.224019 -0.21844 -0.230491 -0.226128 -0.21802 -0.220121
-0.223966 -0.218368 -0.230491 -0.226054 -0.218037 -0.220174
-0.223931 -0.218395 -0.230505 -0.226042 -0.218054 -0.220174
-0.223966 -0.218323 -0.230459 -0.226042 -0.218054 -0.220156
-0.223931 -0.218365 -0.230532 -0.226017 -0.218071 -0.220156
-0.223931 -0.218308 -0.230558 -0.226017 -0.218105 -0.220209
-0.223878 -0.21835 -0.230499 -0.226077 -0.218105 -0.220209
-0.223878 -0.218278 -0.230512 -0.226052 -0.218122 -0.220262
-0.223948 -0.218263 -0.230539 -0.226065 -0.218085 -0.220245
-0.223825 -0.218232 -0.230566 -0.226065 -0.218173 -0.220262
-0.22416 -0.217613 -0.229976 -0.227618 -0.218491 -0.219786
-0.224581 -0.21677 -0.229033 -0.229159 -0.218894 -0.218833
-0.224524 -0.216285 -0.228345 -0.22994 -0.21889 -0.218143
-0.224628 -0.216117 -0.228083 -0.230378 -0.219162 -0.217877
-0.224818 -0.215802 -0.227138 -0.230722 -0.219453 -0.21703
-0.225065 -0.214713 -0.225506 -0.230813 -0.220216 -0.215456
-0.225292 -0.212511 -0.223507 -0.23068 -0.220671 -0.212978
-0.225611 -0.20888 -0.220086 -0.23062 -0.22117 -0.20961
-0.225787 -0.204172 -0.215242 -0.230487 -0.221362 -0.205072
-0.225945 -0.198294 -0.209104 -0.230487 -0.221345 -0.19937
-0.226121 -0.191353 -0.201836 -0.230388 -0.221433 -0.192633
-0.226102 -0.183465 -0.193536 -0.230302 -0.221253 -0.184758
-0.226065 -0.172852 -0.182671 -0.230164 -0.22116 -0.174159
-0.225991 -0.163057 -0.17279 -0.230099 -0.221138 -0.16445
-0.225937 -0.154954 -0.164707 -0.230073 -0.221154 -0.156285
-0.225809 -0.144723 -0.154916 -0.229947 -0.221093 -0.146092
-0.225697 -0.134348 -0.145512 -0.229994 -0.221087 -0.135803
-0.225622 -0.124188 -0.136795 -0.229941 -0.22097 -0.12573
-0.225449 -0.112828 -0.127796 -0.230053 -0.220798 -0.11446
-0.225269 -0.10587 -0.122617 -0.230046 -0.220552 -0.107702
-0.225066 -0.0979783 -0.11732 -0.23011 -0.220385 -0.100133
-0.225006 -0.0914383 -0.112851 -0.230247 -0.220066 -0.0937195
-0.224977 -0.0863457 -0.109229 -0.230396 -0.219913 -0.0888488
-0.224749 -0.0826544 -0.105997 -0.23069 -0.219617 -0.0854768
-0.224583 -0.0814036 -0.104642 -0.230939 -0.219464 -0.0847424
-0.224528 -0.0819449 -0.104566 -0.231159 -0.219613 -0.0850513
-0.224544 -0.0838799 -0.105481 -0.231101 -0.219588 -0.0867904
-0.224623 -0.0873642 -0.108042 -0.231159 -0.219732 -0.0900118
-0.224695 -0.0920393 -0.111685 -0.231159 -0.219788 -0.0945563
-0.224655 -0.0980413 -0.116611 -0.231232 -0.219788 -0.10028
-0.224607 -0.10483 -0.122883 -0.231129 -0.219747 -0.107042
-0.224592 -0.112547 -0.13023 -0.231115 -0.219691 -0.114754
-0.224592 -0.120613 -0.138098 -0.230984 -0.219675 -0.123122
-0.224576 -0.129095 -0.146362 -0.230735 -0.219629 -0.131729
-0.224631 -0.137786 -0.154588 -0.230604 -0.219613 -0.140344
-0.224615 -0.146541 -0.162701 -0.230431 -0.219598 -0.148893
-0.224512 -0.154793 -0.170449 -0.230027 -0.219598 -0.156995
-0.22305 -0.164457 -0.182548 -0.227149 -0.218329 -0.1666
-0.221936 -0.175923 -0.198027 -0.22555 -0.217156 -0.177694
-0.220791 -0.187594 -0.212463 -0.223644 -0.216164 -0.18848
-0.218896 -0.198682 -0.225679 -0.220937 -0.214363 -0.198637
-0.217422 -0.208525 -0.22849 -0.217583 -0.21168 -0.208387
-0.215134 -0.207655 -0.227197 -0.213553 -0.209909 -0.210457
-0.210963 -0.207401 -0.224359 -0.209719 -0.205276 -0.210461
-0.207042 -0.207567 -0.222656 -0.206806 -0.200497 -0.209852
-0.201717 -0.207182 -0.220518 -0.204099 -0.194694 -0.211056
-0.196354 -0.206834 -0.220087 -0.200563 -0.189433 -0.211393
-0.190328 -0.207051 -0.220315 -0.194864 -0.183936 -0.210725
-0.183347 -0.207307 -0.219818 -0.187044 -0.177436 -0.210178
-0.175401 -0.207369 -0.219256 -0.178128 -0.169858 -0.209723
-0.166663 -0.207528 -0.219151 -0.168858 -0.161141 -0.209652
-0.15708 -0.207837 -0.219341 -0.159596 -0.151885 -0.209787
-0.146951 -0.208781 -0.220221 -0.150625 -0.141946 -0.210077
-0.136551 -0.210141 -0.220803 -0.14248 -0.131664 -0.210733
-0.12649 -0.211678 -0.221408 -0.134994 -0.121789 -0.212705
-0.11728 -0.213346 -0.222547 -0.128083 -0.112464 -0.214735
-0.109142 -0.214956 -0.224241 -0.12213 -0.104185 -0.215561
-0.101943 -0.216425 -0.226055 -0.117043 -0.0969451 -0.216411
-0.0963718 -0.217802 -0.227657 -0.1127 -0.0910297 -0.217957
-0.092607 -0.218974 -0.229292 -0.10878 -0.0864072 -0.219402
-0.0903258 -0.220075 -0.230589 -0.105621 -0.0833286 -0.220226
-0.0895591 -0.221115 -0.231764 -0.103824 -0.0821683 -0.220904
-0.0897634 -0.222212 -0.232782 -0.103586 -0.0827496 -0.221916
-0.09149 -0.223485 -0.233936 -0.105042 -0.0848706 -0.223242
-0.0950496 -0.22455 -0.235073 -0.107838 -0.0881037 -0.224059
-0.0999825 -0.225353 -0.235829 -0.111401 -0.0927802 -0.224607
-0.106241 -0.22608 -0.236633 -0.1165 -0.0987055 -0.224806
-0.113368 -0.226359 -0.236913 -0.122598 -0.105872 -0.224978
-0.121164 -0.226409 -0.237333 -0.129479 -0.113799 -0.225301
-0.129196 -0.22639 -0.23784 -0.136891 -0.122289 -0.225403
-0.137125 -0.226302 -0.237877 -0.144802 -0.131164 -0.225362
-0.145208 -0.226295 -0.237685 -0.153252 -0.139732 -0.225232
-0.153396 -0.22608 -0.237527 -0.162243 -0.148308 -0.225046
-0.161463 -0.225662 -0.237404 -0.170606 -0.156442 -0.22455
-0.171006 -0.224113 -0.234158 -0.182968 -0.166319 -0.222663
-0.182499 -0.222726 -0.230428 -0.197769 -0.178239 -0.220629
-0.192353 -0.221698 -0.227587 -0.21093 -0.189275 -0.219041
-0.200846 -0.219821 -0.224807 -0.223552 -0.19983 -0.217056
-0.208368 -0.217013 -0.221745 -0.226714 -0.207428 -0.214501
-0.213846 -0.214837 -0.21918 -0.225036 -0.206483 -0.212024
-0.213722 -0.210261 -0.216176 -0.223281 -0.205409 -0.20923
-0.214097 -0.205819 -0.213471 -0.220958 -0.205916 -0.204852
-0.213596 -0.201249 -0.210541 -0.219039 -0.206367 -0.199747
-0.213048 -0.19638 -0.205599 -0.217612 -0.206942 -0.194346
-0.213138 -0.190394 -0.19909 -0.21613 -0.207112 -0.188515
-0.21433 -0.183562 -0.191342 -0.215653 -0.207331 -0.181625
-0.215124 -0.175582 -0.182814 -0.215599 -0.207946 -0.17359
-0.215565 -0.166584 -0.173853 -0.215934 -0.20869 -0.165039
-0.216446 -0.15701 -0.164705 -0.216109 -0.20987 -0.155997
-0.217739 -0.147034 -0.155647 -0.216704 -0.211429 -0.146453
-0.218962 -0.137118 -0.146881 -0.217405 -0.213046 -0.136748
-0.220414 -0.12765 -0.138615 -0.218685 -0.214569 -0.127338
-0.22203 -0.119201 -0.131088 -0.22005 -0.216135 -0.118734
-0.222998 -0.111518 -0.124263 -0.221876 -0.217187 -0.110871
-0.223869 -0.104587 -0.118533 -0.223562 -0.218219 -0.103762
-0.224929 -0.0986905 -0.114017 -0.224965 -0.219194 -0.097808
-0.225971 -0.0939577 -0.110446 -0.226335 -0.220453 -0.0932949
-0.22687 -0.0908049 -0.108322 -0.227333 -0.221725 -0.090578
-0.227915 -0.0896857 -0.107614 -0.228644 -0.222873 -0.08959
-0.228898 -0.090768 -0.107704 -0.23024 -0.223948 -0.0899674
-0.229392 -0.0925707 -0.108626 -0.231233 -0.224386 -0.0915693
-0.230114 -0.0961249 -0.111009 -0.232175 -0.224698 -0.0949273
-0.230488 -0.10087 -0.11523 -0.232901 -0.225223 -0.0995167
-0.230613 -0.106647 -0.12083 -0.233501 -0.225665 -0.105214
-0.231174 -0.114964 -0.129231 -0.233629 -0.226177 -0.1133
-0.231489 -0.122694 -0.137264 -0.233688 -0.226654 -0.120919
-0.231765 -0.131014 -0.145649 -0.233621 -0.227078 -0.129118
-0.231763 -0.139733 -0.154036 -0.233601 -0.227183 -0.138022
-0.231654 -0.148614 -0.162275 -0.233571 -0.227009 -0.147012
-0.231354 -0.157121 -0.170361 -0.233374 -0.226588 -0.155611
-0.230665 -0.165764 -0.179515 -0.232083 -0.225691 -0.16405
-0.229204 -0.176336 -0.192871 -0.22927 -0.2243 -0.174168
-0.228161 -0.187506 -0.20724 -0.22755 -0.223102 -0.184753
-0.226911 -0.198121 -0.220323 -0.225231 -0.221798 -0.194697
-0.224732 -0.207815 -0.232037 -0.222432 -0.219485 -0.204296
-0.223055 -0.212026 -0.234317 -0.219177 -0.216478 -0.212891
-0.21933 -0.209942 -0.232271 -0.215979 -0.213513 -0.212977
-0.216164 -0.210043 -0.231069 -0.212784 -0.208413 -0.212293
-0.21145 -0.209527 -0.229562 -0.209089 -0.202996 -0.211996
-0.206542 -0.208994 -0.227309 -0.205584 -0.197838 -0.212861
-0.200865 -0.208184 -0.225991 -0.200652 -0.192887 -0.212239
-0.194637 -0.208412 -0.225124 -0.194105 -0.186947 -0.211585
-0.187027 -0.208665 -0.224575 -0.186302 -0.179892 -0.211129
-0.17855 -0.208754 -0.224183 -0.177669 -0.171706 -0.210892
-0.169394 -0.20906 -0.224189 -0.168739 -0.162842 -0.211141
-0.159482 -0.209647 -0.224302 -0.159471 -0.153659 -0.211495
-0.149423 -0.210669 -0.224503 -0.150483 -0.144135 -0.211965
-0.139205 -0.211976 -0.224892 -0.142157 -0.134625 -0.212478
-0.129679 -0.213356 -0.225716 -0.134675 -0.125357 -0.213847
-0.120841 -0.215028 -0.226814 -0.12805 -0.116817 -0.215426
-0.113232 -0.216343 -0.228155 -0.122242 -0.108927 -0.216608
-0.106849 -0.217861 -0.229288 -0.117099 -0.10199 -0.217388
-0.101769 -0.219308 -0.230538 -0.112753 -0.0962056 -0.218683
-0.098389 -0.220585 -0.232089 -0.108994 -0.0921571 -0.220507
-0.0968636 -0.221603 -0.233705 -0.106492 -0.0899317 -0.2217
-0.0967047 -0.222562 -0.234747 -0.105236 -0.0893142 -0.222539
-0.0976688 -0.223797 -0.235228 -0.105322 -0.0903577 -0.223321
-0.0997387 -0.225021 -0.235493 -0.106884 -0.0926728 -0.224565
-0.103454 -0.225989 -0.236032 -0.109868 -0.0963992 -0.225569
-0.108545 -0.226847 -0.236465 -0.114272 -0.101616 -0.226139
-0.11489 -0.22744 -0.236869 -0.119812 -0.108005 -0.226208
-0.122139 -0.227855 -0.237388 -0.126224 -0.115585 -0.226353
-0.129941 -0.228042 -0.237642 -0.13339 -0.123822 -0.226519
-0.138243 -0.228102 -0.237709 -0.141118 -0.132574 -0.226781
-0.146596 -0.228132 -0.237523 -0.149435 -0.141192 -0.226836
-0.154962 -0.228083 -0.237157 -0.157695 -0.14971 -0.226843
-0.163046 -0.227836 -0.236829 -0.166184 -0.158005 -0.226836
-0.17139 -0.227105 -0.235618 -0.17594 -0.166671 -0.226192
-0.181106 -0.22539 -0.231907 -0.190272 -0.177631 -0.224223
-0.191271 -0.224224 -0.228722 -0.203691 -0.189341 -0.222066
-0.19983 -0.222611 -0.22577 -0.216509 -0.199618 -0.2202
-0.207809 -0.220393 -0.222846 -0.227596 -0.207325 -0.217738
-0.214702 -0.217101 -0.220677 -0.227914 -0.207341 -0.214703
-0.214517 -0.213266 -0.218676 -0.22551 -0.20627 -0.21204
-0.214666 -0.209381 -0.215644 -0.224357 -0.206429 -0.208078
-0.213875 -0.205396 -0.212946 -0.222776 -0.206144 -0.20409
-0.213179 -0.201276 -0.209072 -0.221489 -0.206325 -0.199437
-0.212965 -0.195917 -0.203411 -0.220349 -0.206446 -0.194043
-0.213683 -0.189619 -0.196273 -0.219732 -0.206396 -0.187745
-0.214469 -0.181932 -0.188139 -0.219641 -0.207043 -0.180135
-0.215186 -0.173426 -0.179525 -0.219762 -0.207608 -0.171867
-0.215937 -0.164223 -0.170399 -0.220091 -0.20872 -0.163035
-0.216962 -0.154544 -0.161148 -0.220558 -0.210349 -0.153689
-0.217987 -0.144617 -0.152119 -0.221323 -0.211897 -0.144057
-0.21925 -0.13498 -0.143486 -0.222218 -0.213317 -0.134479
-0.220929 -0.125884 -0.135445 -0.223454 -0.214949 -0.125362
-0.222436 -0.117473 -0.128165 -0.224607 -0.216217 -0.116904
-0.223543 -0.109854 -0.121898 -0.225762 -0.217487 -0.109174
-0.224963 -0.10311 -0.116764 -0.226895 -0.218691 -0.102343
-0.225975 -0.0977715 -0.112668 -0.228088 -0.219868 -0.096911
-0.226876 -0.0939082 -0.10951 -0.229212 -0.22115 -0.0932078
-0.227863 -0.0920349 -0.107909 -0.230455 -0.222164 -0.0916529
-0.228703 -0.0919229 -0.107345 -0.231843 -0.222789 -0.0916335
-0.229527 -0.0930882 -0.107672 -0.232816 -0.223342 -0.0927394
-0.230326 -0.0954844 -0.109401 -0.233444 -0.223945 -0.095138
-0.231077 -0.0994115 -0.112953 -0.233827 -0.224879 -0.0988738
-0.23143 -0.104321 -0.117986 -0.234043 -0.225655 -0.103752
-0.23193 -0.110477 -0.124003 -0.234082 -0.226442 -0.109889
-0.232555 -0.117839 -0.13105 -0.234053 -0.226828 -0.117106
-0.232845 -0.126024 -0.138779 -0.234091 -0.226898 -0.125307
-0.232877 -0.134664 -0.146749 -0.234314 -0.226724 -0.133972
-0.232599 -0.143555 -0.154886 -0.234372 -0.226514 -0.142877
-0.232335 -0.152438 -0.163312 -0.234312 -0.226195 -0.151431
-0.23219 -0.160791 -0.171719 -0.233963 -0.225944 -0.1597
-0.231516 -0.169467 -0.181737 -0.23207 -0.225101 -0.16817
-0.230481 -0.179562 -0.195657 -0.22949 -0.223885 -0.178409
-0.229701 -0.190164 -0.209806 -0.227623 -0.222856 -0.189033
-0.228367 -0.200103 -0.222408 -0.225173 -0.221349 -0.1989
-0.225912 -0.209258 -0.232885 -0.222205 -0.219149 -0.208568
-0.224194 -0.212921 -0.234436 -0.219094 -0.216191 -0.213525
-0.219847 -0.210987 -0.2323 -0.216296 -0.21219 -0.213568
-0.216532 -0.211019 -0.231216 -0.212884 -0.207392 -0.212452
-0.211697 -0.210318 -0.229778 -0.20906 -0.201783 -0.212641
-0.206905 -0.20952 -0.227852 -0.205251 -0.196791 -0.212804
-0.201044 -0.208415 -0.226515 -0.200036 -0.19161 -0.211685
-0.194393 -0.20874 -0.225251 -0.19302 -0.18536 -0.210892
-0.186336 -0.208917 -0.224795 -0.185081 -0.177814 -0.210511
-0.177328 -0.208864 -0.224404 -0.176431 -0.169133 -0.210632
-0.167789 -0.209307 -0.22417 -0.167418 -0.15995 -0.211072
-0.157866 -0.210184 -0.224352 -0.158035 -0.150415 -0.211432
-0.147744 -0.211406 -0.224453 -0.149034 -0.140875 -0.211891
-0.137877 -0.212724 -0.225151 -0.140736 -0.131295 -0.212658
-0.128633 -0.214131 -0.226309 -0.133235 -0.122111 -0.213931
-0.120349 -0.215681 -0.227376 -0.126851 -0.11364 -0.215131
-0.113058 -0.217174 -0.228786 -0.12105 -0.105967 -0.216133
-0.106705 -0.218397 -0.229977 -0.116052 -0.0992631 -0.217182
-0.101733 -0.219806 -0.231286 -0.111834 -0.0940263 -0.218835
-0.0986114 -0.22096 -0.232943 -0.108364 -0.0906071 -0.220493
-0.097255 -0.222079 -0.234473 -0.106025 -0.0887646 -0.221465
-0.0972178 -0.223058 -0.235368 -0.105015 -0.0887253 -0.2223
-0.0983486 -0.224274 -0.235644 -0.105477 -0.0900585 -0.223338
-0.100743 -0.225459 -0.235926 -0.107476 -0.0928665 -0.224679
-0.10475 -0.226367 -0.236632 -0.111042 -0.0969413 -0.225516
-0.110097 -0.227018 -0.237202 -0.115735 -0.102551 -0.225743
-0.116665 -0.227718 -0.237515 -0.121514 -0.109271 -0.22586
-0.124135 -0.228122 -0.237808 -0.128243 -0.116907 -0.226094
-0.132393 -0.22822 -0.237926 -0.135655 -0.125306 -0.226328
-0.140811 -0.228131 -0.237797 -0.143694 -0.133915 -0.226376
-0.149278 -0.227983 -0.237649 -0.152099 -0.142539 -0.226383
-0.157608 -0.227952 -0.237452 -0.160525 -0.150913 -0.226459
-0.165767 -0.227605 -0.237173 -0.169045 -0.159127 -0.226425
-0.174495 -0.226275 -0.234688 -0.180877 -0.168566 -0.225054
-0.184935 -0.224794 -0.23105 -0.195672 -0.180262 -0.222837
-0.194708 -0.223642 -0.228374 -0.209177 -0.191554 -0.221056
-0.203352 -0.221955 -0.225226 -0.221792 -0.20207 -0.219098
-0.210998 -0.21955 -0.222491 -0.227683 -0.207446 -0.216429
-0.215384 -0.216775 -0.220837 -0.227205 -0.20729 -0.213456
-0.215144 -0.212379 -0.218201 -0.224818 -0.206076 -0.210813
-0.215579 -0.208458 -0.215137 -0.223406 -0.206591 -0.206488
-0.214874 -0.204539 -0.212599 -0.221813 -0.206574 -0.20215
-0.214548 -0.200142 -0.20832 -0.220709 -0.206913 -0.197632
-0.21484 -0.194628 -0.202151 -0.219532 -0.207022 -0.19217
-0.21568 -0.18791 -0.194544 -0.219194 -0.20721 -0.185577
-0.216356 -0.180135 -0.186248 -0.219212 -0.207658 -0.177848
-0.217173 -0.169561 -0.175704 -0.219595 -0.208802 -0.167673
-0.21798 -0.160168 -0.166711 -0.219925 -0.210173 -0.158658
-0.218877 -0.15026 -0.157397 -0.220537 -0.211652 -0.149199
-0.219854 -0.140491 -0.148493 -0.221271 -0.213152 -0.139595
-0.221435 -0.13111 -0.140259 -0.222354 -0.214659 -0.130129
-0.222941 -0.122322 -0.132404 -0.223656 -0.215882 -0.121259
-0.224082 -0.11439 -0.125511 -0.224841 -0.217074 -0.113105
-0.225005 -0.107065 -0.119617 -0.226028 -0.21823 -0.105767
-0.226079 -0.100792 -0.115044 -0.227238 -0.219269 -0.0996655
-0.226853 -0.0958516 -0.11125 -0.228381 -0.220362 -0.0949725
-0.227773 -0.0927076 -0.108673 -0.229657 -0.221625 -0.0921468
-0.228746 -0.0914728 -0.107516 -0.230899 -0.222326 -0.0913903
-0.229467 -0.0916827 -0.107472 -0.23203 -0.222916 -0.0917995
-0.230153 -0.0931707 -0.108309 -0.232796 -0.223574 -0.0934273
-0.230984 -0.0963248 -0.110719 -0.233483 -0.224209 -0.0964165
-0.231504 -0.100716 -0.114895 -0.233767 -0.224933 -0.100592
-0.231903 -0.106462 -0.120323 -0.234033 -0.225565 -0.106004
-0.232333 -0.113458 -0.12681 -0.234131 -0.226127 -0.112425
-0.232573 -0.12108 -0.134333 -0.234259 -0.226411 -0.120073
-0.232757 -0.129277 -0.142315 -0.234444 -0.226463 -0.128662
-0.232725 -0.137921 -0.150522 -0.234463 -0.226393 -0.137644
-0.232586 -0.146789 -0.158904 -0.234491 -0.226022 -0.146432
-0.232461 -0.155485 -0.167275 -0.234292 -0.225754 -0.154697
-0.23236 -0.163819 -0.175464 -0.233925 -0.225472 -0.162753
-0.231087 -0.17319 -0.186864 -0.23113 -0.224032 -0.171997
-0.230127 -0.183924 -0.200972 -0.229024 -0.222954 -0.182709
-0.229032 -0.194416 -0.214166 -0.227113 -0.221731 -0.19309
-0.22739 -0.204209 -0.22624 -0.224417 -0.220031 -0.202856
-0.22522 -0.211241 -0.232754 -0.222043 -0.217765 -0.210712
-0.222826 -0.212383 -0.233172 -0.218187 -0.214252 -0.213681
-0.218084 -0.21164 -0.231116 -0.215444 -0.20954 -0.213483
-0.21454 -0.211568 -0.230025 -0.21181 -0.204333 -0.212531
-0.209585 -0.210979 -0.227805 -0.207956 -0.198887 -0.213085
-0.204561 -0.209624 -0.225933 -0.203545 -0.193962 -0.212679
-0.19833 -0.209432 -0.225008 -0.197589 -0.188416 -0.211738
-0.191136 -0.209729 -0.224232 -0.190107 -0.181827 -0.211061
-0.182842 -0.209873 -0.223733 -0.181808 -0.173857 -0.210624
-0.173636 -0.20986 -0.223657 -0.173046 -0.165031 -0.210967
-0.164179 -0.210295 -0.223693 -0.163656 -0.155703 -0.211297
-0.154081 -0.211344 -0.223824 -0.154342 -0.146081 -0.211626
-0.144125 -0.212358 -0.224094 -0.145642 -0.136371 -0.212124
-0.134407 -0.213745 -0.225047 -0.137602 -0.126864 -0.213259
-0.125541 -0.215213 -0.226104 -0.130635 -0.118004 -0.214591
-0.117564 -0.216837 -0.227278 -0.124329 -0.109751 -0.21568
-0.110648 -0.218219 -0.228686 -0.118871 -0.10242 -0.216635
-0.104864 -0.219627 -0.229787 -0.11419 -0.0962471 -0.218054
-0.100739 -0.221018 -0.231386 -0.110322 -0.0917794 -0.219708
-0.0982791 -0.22199 -0.233259 -0.107469 -0.0891758 -0.22114
-0.09755 -0.222851 -0.234554 -0.105616 -0.0880782 -0.221968
-0.0978509 -0.223652 -0.23545 -0.105168 -0.0888206 -0.222763
-0.0993108 -0.224827 -0.235735 -0.106204 -0.0907619 -0.223889
-0.102359 -0.225893 -0.236262 -0.108721 -0.0939534 -0.224994
-0.10694 -0.226662 -0.236683 -0.112766 -0.0986984 -0.225565
-0.112716 -0.227294 -0.237023 -0.117935 -0.104589 -0.225662
-0.119643 -0.227895 -0.237437 -0.12417 -0.111699 -0.225896
-0.127341 -0.228102 -0.237662 -0.131263 -0.119569 -0.226267
-0.135525 -0.228112 -0.23777 -0.138673 -0.128205 -0.226548
-0.144006 -0.228073 -0.237682 -0.14689 -0.136769 -0.22663
-0.15244 -0.227993 -0.237387 -0.155382 -0.145439 -0.226678
-0.160852 -0.227854 -0.237083 -0.163765 -0.153854 -0.226801
-0.169047 -0.22735 -0.236453 -0.172817 -0.162158 -0.226472
-0.178812 -0.225606 -0.232994 -0.186696 -0.172913 -0.224497
-0.189542 -0.224438 -0.229837 -0.201071 -0.184845 -0.222272
-0.198631 -0.223079 -0.227174 -0.214379 -0.19567 -0.220569
-0.206729 -0.221096 -0.22421 -0.226814 -0.206178 -0.218428
-0.214052 -0.218428 -0.221636 -0.228329 -0.20735 -0.215901
-0.215081 -0.215185 -0.219949 -0.226337 -0.206728 -0.21281
-0.215386 -0.210861 -0.216789 -0.224713 -0.206254 -0.209575
-0.215179 -0.207103 -0.214171 -0.223029 -0.206611 -0.205252
-0.214749 -0.203109 -0.21106 -0.221592 -0.206722 -0.200973
-0.214587 -0.198261 -0.206081 -0.220523 -0.207043 -0.196039
-0.215189 -0.192264 -0.199283 -0.219451 -0.207023 -0.190158
-0.216139 -0.185046 -0.191323 -0.219412 -0.207628 -0.183169
-0.216789 -0.176797 -0.182763 -0.2195 -0.208076 -0.175102
-0.21749 -0.167779 -0.173724 -0.21981 -0.209179 -0.166398
-0.218412 -0.158178 -0.164484 -0.220264 -0.210579 -0.157215
-0.219214 -0.148141 -0.15509 -0.220917 -0.211978 -0.1475
-0.220398 -0.138387 -0.146213 -0.221825 -0.213378 -0.137688
-0.221833 -0.129078 -0.137914 -0.223011 -0.214802 -0.128194
-0.223298 -0.12039 -0.130247 -0.224125 -0.216109 -0.119454
-0.224409 -0.112497 -0.123613 -0.225377 -0.21724 -0.111338
-0.225449 -0.105413 -0.118111 -0.226551 -0.218336 -0.104279
-0.226365 -0.0993645 -0.113691 -0.227895 -0.219289 -0.0985012
-0.2271 -0.0949455 -0.110131 -0.229038 -0.220342 -0.0943403
-0.22783 -0.0923266 -0.107909 -0.230368 -0.221395 -0.0921322
-0.228734 -0.0914139 -0.10701 -0.231595 -0.222159 -0.09165
-0.229473 -0.0919152 -0.10715 -0.232527 -0.222817 -0.0923609
-0.230279 -0.093749 -0.108313 -0.233313 -0.223366 -0.0942142
-0.231193 -0.0971328 -0.11116 -0.233697 -0.224106 -0.0975035
-0.231796 -0.10194 -0.115543 -0.23396 -0.225005 -0.10204
-0.232152 -0.107869 -0.121143 -0.234139 -0.225532 -0.107551
-0.23248 -0.114953 -0.127935 -0.234248 -0.2262 -0.114311
-0.232852 -0.122629 -0.13553 -0.234229 -0.226376 -0.122295
-0.233141 -0.131005 -0.143586 -0.234338 -0.22634 -0.131126
-0.233059 -0.139626 -0.15172 -0.234308 -0.22627 -0.139895
-0.232952 -0.148586 -0.160323 -0.234268 -0.225986 -0.148619
-0.232876 -0.157155 -0.168626 -0.233983 -0.225686 -0.156838
-0.232528 -0.165552 -0.177141 -0.233184 -0.225401 -0.164858
-0.231354 -0.175244 -0.18963 -0.230174 -0.223907 -0.174547
-0.230442 -0.185915 -0.203886 -0.228328 -0.22283 -0.185376
-0.229323 -0.196024 -0.216766 -0.226129 -0.221569 -0.195597
-0.227481 -0.205412 -0.228654 -0.223381 -0.219744 -0.205482
-0.224965 -0.213344 -0.233751 -0.220206 -0.216786 -0.21349
-0.222176 -0.211781 -0.232863 -0.217238 -0.213537 -0.2138
-0.217748 -0.211304 -0.231217 -0.21431 -0.20871 -0.213179
-0.213801 -0.210858 -0.230029 -0.210702 -0.203205 -0.212708
-0.209056 -0.210159 -0.227948 -0.206729 -0.19832 -0.213361
-0.203905 -0.208783 -0.22627 -0.202215 -0.193219 -0.212372
-0.19749 -0.209007 -0.225188 -0.196014 -0.18755 -0.211409
-0.189818 -0.209366 -0.224233 -0.188378 -0.180461 -0.210928
-0.181339 -0.209488 -0.223942 -0.17981 -0.172161 -0.210787
-0.172076 -0.209643 -0.223834 -0.170995 -0.163288 -0.211108
-0.162385 -0.210286 -0.223891 -0.161518 -0.153882 -0.211392
-0.152374 -0.211323 -0.224093 -0.152347 -0.144413 -0.211657
-0.142469 -0.212316 -0.224414 -0.143701 -0.134788 -0.212381
-0.133046 -0.213509 -0.225547 -0.135974 -0.125308 -0.213675
-0.124245 -0.215052 -0.226536 -0.129232 -0.116453 -0.214934
-0.116348 -0.216548 -0.227671 -0.123147 -0.108358 -0.215933
-0.109743 -0.218075 -0.228854 -0.118028 -0.101114 -0.216873
-0.104423 -0.219484 -0.230056 -0.11357 -0.0951761 -0.218313
-0.100639 -0.22097 -0.231689 -0.109966 -0.0911393 -0.219899
-0.0986079 -0.222 -0.233405 -0.107139 -0.0888184 -0.221263
-0.0980679 -0.222821 -0.23476 -0.105651 -0.0882967 -0.222108
-0.0984735 -0.223731 -0.235526 -0.105606 -0.0894395 -0.222944
-0.100338 -0.224827 -0.235771 -0.106988 -0.0915641 -0.224244
-0.103709 -0.225823 -0.236164 -0.109674 -0.0949332 -0.225231
-0.108441 -0.226662 -0.236772 -0.113987 -0.0998914 -0.225725
-0.114436 -0.227185 -0.23726 -0.119338 -0.106112 -0.225959
-0.121579 -0.22755 -0.237572 -0.125716 -0.113388 -0.22626
-0.129377 -0.227856 -0.237649 -0.132954 -0.121572 -0.22661
-0.137594 -0.228004 -0.237669 -0.140534 -0.130212 -0.22687
-0.146086 -0.228111 -0.237322 -0.148885 -0.138823 -0.226903
-0.154581 -0.227992 -0.237024 -0.157235 -0.147407 -0.226935
-0.162834 -0.227754 -0.236874 -0.165932 -0.155722 -0.226968
-0.171294 -0.226983 -0.235889 -0.175494 -0.164365 -0.226343
-0.18102 -0.22523 -0.232201 -0.189742 -0.175285 -0.22431
-0.191444 -0.224091 -0.229181 -0.203729 -0.187031 -0.222196
-0.200059 -0.22269 -0.226289 -0.217076 -0.197693 -0.220466
-0.207858 -0.220519 -0.223403 -0.22787 -0.207076 -0.218441
-0.214887 -0.217686 -0.22109 -0.228136 -0.207165 -0.21567
-0.214786 -0.213814 -0.219005 -0.225663 -0.206218 -0.212568
-0.21506 -0.209832 -0.215774 -0.224263 -0.206217 -0.208797
-0.214302 -0.206087 -0.213342 -0.222642 -0.206373 -0.204565
-0.213876 -0.202017 -0.209807 -0.22143 -0.206598 -0.200131
-0.213923 -0.196864 -0.204423 -0.220065 -0.206733 -0.19517
-0.214453 -0.190681 -0.197309 -0.219408 -0.206754 -0.188989
-0.215218 -0.183259 -0.189319 -0.219567 -0.207198 -0.181776
-0.215909 -0.174947 -0.18073 -0.2196 -0.207789 -0.173561
-0.216605 -0.165893 -0.171836 -0.219961 -0.208836 -0.164801
-0.217686 -0.156259 -0.162625 -0.220339 -0.210427 -0.155521
-0.218669 -0.146279 -0.153441 -0.220887 -0.211959 -0.14575
-0.219899 -0.136541 -0.144738 -0.221725 -0.213389 -0.136077
-0.22153 -0.127338 -0.136471 -0.22291 -0.214918 -0.126786
-0.22292 -0.118917 -0.128957 -0.224181 -0.216185 -0.118282
-0.224146 -0.111256 -0.122449 -0.22545 -0.217299 -0.110418
-0.225257 -0.104519 -0.117206 -0.226721 -0.21842 -0.103613
-0.226009 -0.0989679 -0.112965 -0.228191 -0.219246 -0.0979652
-0.226757 -0.0948873 -0.109573 -0.22957 -0.220175 -0.093995
-0.227431 -0.0927541 -0.107611 -0.231092 -0.220991 -0.0919797
-0.228097 -0.0921395 -0.106971 -0.232581 -0.221621 -0.0916966
-0.228518 -0.0926594 -0.107028 -0.233463 -0.222017 -0.0922626
-0.229302 -0.0943228 -0.108117 -0.234303 -0.222551 -0.0940628
-0.230164 -0.0975887 -0.111001 -0.234937 -0.223204 -0.097368
-0.230572 -0.102243 -0.115505 -0.235354 -0.224016 -0.101811
-0.23092 -0.109537 -0.122354 -0.235925 -0.224703 -0.108583
-0.231181 -0.116715 -0.129238 -0.236102 -0.225092 -0.115818
-0.231457 -0.124415 -0.1368 -0.236448 -0.225057 -0.124059
-0.231582 -0.132715 -0.144939 -0.236589 -0.225005 -0.132832
-0.2316 -0.141382 -0.153261 -0.23667 -0.225004 -0.141564
-0.231582 -0.150189 -0.161837 -0.236654 -0.224774 -0.150131
-0.231472 -0.158741 -0.170179 -0.236517 -0.224703 -0.158475
-0.230941 -0.167271 -0.179157 -0.235434 -0.224051 -0.166709
-0.229619 -0.177347 -0.192073 -0.232471 -0.222799 -0.176517
-0.228701 -0.188036 -0.206109 -0.230638 -0.22179 -0.187228
-0.227576 -0.198371 -0.218882 -0.228697 -0.220529 -0.197321
-0.225352 -0.207974 -0.230475 -0.225977 -0.218407 -0.207014
-0.223428 -0.215477 -0.233142 -0.222677 -0.215613 -0.215577
-0.220302 -0.213508 -0.231691 -0.219075 -0.212651 -0.215833
-0.21629 -0.213327 -0.229856 -0.215873 -0.20757 -0.215399
-0.21196 -0.21311 -0.228144 -0.212358 -0.202222 -0.21493
-0.206777 -0.212357 -0.225328 -0.208451 -0.19676 -0.215828
-0.201172 -0.211523 -0.223985 -0.20374 -0.19143 -0.215104
-0.1946 -0.211588 -0.223434 -0.197278 -0.185466 -0.214364
-0.187009 -0.211638 -0.222712 -0.18927 -0.178484 -0.213871
-0.178616 -0.211479 -0.222529 -0.180608 -0.170315 -0.213345
-0.169396 -0.211487 -0.222402 -0.171626 -0.16157 -0.213341
-0.159711 -0.211845 -0.222515 -0.162014 -0.152101 -0.213392
-0.149549 -0.212463 -0.223106 -0.152794 -0.142538 -0.213673
-0.139401 -0.213507 -0.223851 -0.144327 -0.132786 -0.214486
-0.129954 -0.214868 -0.224643 -0.136725 -0.123221 -0.215543
-0.121367 -0.216563 -0.225403 -0.130025 -0.114196 -0.216672
-0.113748 -0.2181 -0.226389 -0.124112 -0.105987 -0.217812
-0.107446 -0.219408 -0.227848 -0.119052 -0.0991089 -0.21903
-0.102342 -0.220892 -0.229206 -0.114592 -0.0936139 -0.219824
-0.0989526 -0.222297 -0.23066 -0.110894 -0.0899139 -0.22085
-0.0973176 -0.223164 -0.232308 -0.108355 -0.0878934 -0.222363
-0.0971679 -0.223842 -0.233641 -0.107079 -0.0873162 -0.223426
-0.0979655 -0.224752 -0.234606 -0.10738 -0.0883006 -0.223994
-0.0997934 -0.226005 -0.23502 -0.109059 -0.0908312 -0.225071
-0.103342 -0.227111 -0.235317 -0.112411 -0.0947236 -0.226272
-0.108212 -0.227645 -0.23575 -0.116999 -0.100011 -0.22687
-0.114537 -0.228041 -0.235946 -0.122987 -0.106369 -0.227042
-0.121866 -0.228476 -0.236017 -0.129553 -0.113689 -0.227192
-0.129925 -0.228545 -0.236243 -0.136818 -0.121848 -0.227452
-0.138537 -0.228497 -0.236339 -0.144829 -0.130439 -0.227553
-0.147116 -0.22826 -0.236453 -0.153044 -0.13904 -0.227601
-0.155588 -0.228141 -0.236048 -0.161453 -0.147684 -0.227565
-0.16365 -0.227874 -0.235918 -0.169786 -0.155978 -0.227424
-0.172075 -0.22681 -0.234166 -0.180646 -0.165047 -0.226422
-0.18226 -0.225211 -0.230488 -0.195144 -0.176231 -0.224431
-0.192403 -0.224358 -0.227737 -0.208865 -0.187785 -0.222505
-0.200856 -0.222799 -0.224797 -0.221795 -0.198576 -0.220521
-0.208204 -0.220601 -0.222054 -0.2282 -0.206386 -0.218018
-0.214284 -0.217844 -0.21988 -0.228328 -0.206345 -0.215245
-0.213957 -0.213531 -0.217341 -0.226525 -0.205065 -0.212583
-0.214536 -0.209597 -0.214187 -0.225025 -0.2054 -0.208553
-0.213971 -0.205693 -0.211798 -0.223235 -0.205815 -0.204121
-0.213836 -0.201374 -0.207952 -0.221896 -0.206237 -0.199527
-0.21396 -0.196041 -0.202184 -0.220455 -0.206456 -0.194337
-0.214528 -0.189549 -0.194783 -0.220083 -0.206595 -0.18804
-0.215204 -0.181934 -0.186624 -0.220084 -0.207072 -0.180709
-0.215804 -0.173337 -0.177876 -0.220242 -0.207638 -0.17235
-0.216487 -0.164219 -0.168787 -0.220731 -0.208709 -0.163606
-0.21762 -0.154465 -0.159444 -0.221185 -0.210196 -0.154267
-0.218566 -0.144541 -0.150431 -0.221913 -0.211554 -0.144563
-0.219609 -0.134911 -0.141961 -0.22268 -0.212961 -0.134878
-0.22127 -0.125777 -0.133964 -0.223801 -0.214597 -0.125567
-0.222837 -0.117338 -0.126955 -0.224828 -0.215949 -0.117099
-0.224027 -0.109684 -0.12082 -0.225922 -0.21715 -0.109539
-0.22513 -0.102989 -0.115715 -0.227296 -0.218123 -0.103052
-0.225805 -0.0977003 -0.111695 -0.228747 -0.218983 -0.0979867
-0.226382 -0.0940786 -0.108538 -0.23006 -0.219836 -0.0946689
-0.226983 -0.0922083 -0.106636 -0.231528 -0.220545 -0.0930808
-0.227585 -0.091891 -0.106182 -0.232852 -0.221145 -0.0928388
-0.227956 -0.092743 -0.10671 -0.233852 -0.221828 -0.093989
-0.228534 -0.09504 -0.108459 -0.23473 -0.22233 -0.0964753
-0.229094 -0.098711 -0.112047 -0.235529 -0.22305 -0.100409
-0.229645 -0.104061 -0.116911 -0.236006 -0.223398 -0.105463
-0.229909 -0.110769 -0.122952 -0.23634 -0.223841 -0.11143
-0.230049 -0.118436 -0.130231 -0.236529 -0.224084 -0.118549
-0.230152 -0.126452 -0.138094 -0.236726 -0.224168 -0.126533
-0.230222 -0.134812 -0.146293 -0.236915 -0.22408 -0.135316
-0.230328 -0.143465 -0.154727 -0.236866 -0.224047 -0.144175
-0.23031 -0.152124 -0.163017 -0.23681 -0.223857 -0.152773
-0.230306 -0.160523 -0.171104 -0.236665 -0.223773 -0.160925
-0.229476 -0.169111 -0.180596 -0.234964 -0.222868 -0.169425
-0.228222 -0.179659 -0.194361 -0.231938 -0.221597 -0.179726
-0.22726 -0.190341 -0.208271 -0.230191 -0.220738 -0.190146
-0.225935 -0.20045 -0.220798 -0.227934 -0.2191 -0.200002
-0.223569 -0.209601 -0.231135 -0.22531 -0.216773 -0.209694
-0.222017 -0.214365 -0.232631 -0.221871 -0.213882 -0.215506
-0.217975 -0.212282 -0.230601 -0.218676 -0.210324 -0.215565
-0.214514 -0.212639 -0.229348 -0.215275 -0.205502 -0.214422
-0.209841 -0.21193 -0.227669 -0.211729 -0.200044 -0.214548
-0.204942 -0.211194 -0.225577 -0.207524 -0.194976 -0.214903
-0.19902 -0.210152 -0.224326 -0.202527 -0.189616 -0.213606
-0.192322 -0.210272 -0.223811 -0.195633 -0.183571 -0.212879
-0.18445 -0.210252 -0.223466 -0.187546 -0.176119 -0.212197
-0.175625 -0.209905 -0.223367 -0.178953 -0.167619 -0.212059
-0.166234 -0.210054 -0.223238 -0.169814 -0.158409 -0.212274
-0.156262 -0.210788 -0.223076 -0.160441 -0.148787 -0.212462
-0.146149 -0.211762 -0.223473 -0.151355 -0.138874 -0.21291
-0.136234 -0.213082 -0.22432 -0.142881 -0.128977 -0.213889
-0.127038 -0.214471 -0.225287 -0.135282 -0.119521 -0.215406
-0.118802 -0.216098 -0.226343 -0.128781 -0.11069 -0.216763
-0.111455 -0.217365 -0.227548 -0.122935 -0.102777 -0.217486
-0.105169 -0.218543 -0.228909 -0.117907 -0.0963515 -0.218615
-0.10015 -0.219705 -0.230499 -0.113438 -0.0913269 -0.220017
-0.0969864 -0.220551 -0.232163 -0.109811 -0.0880452 -0.221153
-0.0956705 -0.221097 -0.233464 -0.107464 -0.0863512 -0.221545
-0.0955388 -0.221794 -0.234456 -0.106476 -0.0863852 -0.221892
-0.0966803 -0.222992 -0.235035 -0.107247 -0.0879551 -0.22295
-0.0993351 -0.22417 -0.235572 -0.109448 -0.0907888 -0.224353
-0.103328 -0.225233 -0.236264 -0.113191 -0.0949983 -0.225359
-0.108685 -0.225954 -0.236667 -0.118052 -0.100455 -0.225801
-0.115232 -0.226521 -0.23715 -0.124052 -0.107059 -0.226103
-0.122796 -0.226949 -0.237361 -0.130847 -0.114784 -0.226366
-0.131031 -0.22698 -0.237544 -0.138041 -0.123175 -0.226394
-0.139507 -0.226864 -0.237738 -0.146024 -0.131648 -0.226236
-0.147852 -0.22669 -0.237589 -0.154487 -0.140284 -0.226313
-0.15607 -0.226622 -0.237241 -0.162979 -0.148812 -0.226383
-0.163981 -0.226337 -0.237065 -0.171444 -0.156922 -0.226507
-0.173039 -0.225103 -0.234555 -0.183407 -0.166343 -0.22519
-0.183817 -0.223612 -0.230878 -0.198242 -0.177939 -0.222972
-0.193969 -0.222875 -0.228252 -0.211614 -0.189253 -0.221264
-0.20266 -0.221348 -0.225244 -0.224246 -0.199783 -0.219513
-0.210284 -0.219087 -0.222545 -0.229352 -0.207455 -0.216965
-0.214999 -0.216411 -0.220498 -0.228841 -0.206942 -0.214008
-0.214871 -0.211951 -0.217899 -0.227792 -0.205672 -0.211238
-0.215418 -0.207912 -0.215042 -0.225952 -0.206077 -0.20704
-0.215078 -0.203723 -0.212303 -0.223952 -0.206425 -0.202549
-0.214863 -0.19923 -0.208083 -0.222908 -0.206991 -0.197866
-0.215158 -0.19358 -0.201982 -0.221434 -0.207396 -0.192324
-0.215725 -0.18707 -0.194556 -0.22136 -0.207466 -0.185905
-0.216151 -0.179359 -0.186156 -0.221496 -0.207864 -0.178254
-0.216621 -0.170812 -0.177194 -0.221822 -0.208364 -0.169971
-0.217312 -0.161549 -0.16811 -0.222459 -0.209288 -0.161052
-0.218334 -0.151603 -0.158738 -0.222916 -0.210537 -0.151562
-0.219362 -0.141542 -0.149873 -0.223562 -0.211906 -0.141776
-0.220705 -0.131816 -0.141505 -0.224054 -0.213592 -0.132004
-0.222544 -0.122816 -0.133796 -0.224799 -0.215445 -0.122723
-0.224073 -0.114643 -0.126764 -0.225939 -0.216953 -0.114174
-0.225309 -0.107382 -0.120599 -0.227294 -0.218154 -0.106981
-0.226157 -0.101055 -0.115364 -0.228703 -0.218906 -0.100964
-0.226951 -0.0959773 -0.111165 -0.230188 -0.21967 -0.0962079
-0.227663 -0.092511 -0.108372 -0.23159 -0.220565 -0.0930482
-0.228407 -0.0906244 -0.107061 -0.232585 -0.221368 -0.0918732
-0.229422 -0.090556 -0.107049 -0.233622 -0.222236 -0.0918109
-0.230092 -0.0917279 -0.107616 -0.234707 -0.22312 -0.0931317
-0.23078 -0.0945886 -0.109907 -0.235592 -0.223666 -0.0959752
-0.231299 -0.0989139 -0.113749 -0.23647 -0.224318 -0.100309
-0.231707 -0.10455 -0.118667 -0.237054 -0.224564 -0.105533
-0.23198 -0.111541 -0.124895 -0.237632 -0.224739 -0.111824
-0.23198 -0.119415 -0.132571 -0.238189 -0.225002 -0.11914
-0.231899 -0.127489 -0.140695 -0.238528 -0.225069 -0.127244
-0.23193 -0.135674 -0.148998 -0.238657 -0.225176 -0.136035
-0.232037 -0.144144 -0.15734 -0.238746 -0.225122 -0.144798
-0.232068 -0.152726 -0.165776 -0.238719 -0.224895 -0.153345
-0.23198 -0.161077 -0.173693 -0.238712 -0.224684 -0.161517
-0.231027 -0.170152 -0.183925 -0.236435 -0.223412 -0.170528
-0.229831 -0.180925 -0.198083 -0.23348 -0.222161 -0.181261
-0.228603 -0.191643 -0.211583 -0.231493 -0.220999 -0.191667
-0.227126 -0.201312 -0.223873 -0.22921 -0.219414 -0.201574
-0.224689 -0.210103 -0.232295 -0.226579 -0.216819 -0.211364
-0.223078 -0.215287 -0.233724 -0.223237 -0.214041 -0.216581
-0.218992 -0.213492 -0.231114 -0.220126 -0.21015 -0.215161
-0.215076 -0.213658 -0.229284 -0.216245 -0.205707 -0.214248
-0.209805 -0.213291 -0.226897 -0.212689 -0.200205 -0.214282
-0.204612 -0.213055 -0.224651 -0.208668 -0.194695 -0.214127
-0.198478 -0.212273 -0.223487 -0.203172 -0.189313 -0.212981
-0.191687 -0.212641 -0.223003 -0.195732 -0.182959 -0.212344
-0.183817 -0.21271 -0.222953 -0.187373 -0.175302 -0.211775
-0.175233 -0.212523 -0.222884 -0.17843 -0.16678 -0.211332
-0.165777 -0.212496 -0.222992 -0.169224 -0.157576 -0.21143
-0.155734 -0.212903 -0.223169 -0.159883 -0.147862 -0.211844
-0.145605 -0.213783 -0.223627 -0.150901 -0.13796 -0.212647
-0.135761 -0.215126 -0.224703 -0.142574 -0.128012 -0.213969
-0.126753 -0.216398 -0.225774 -0.135239 -0.118715 -0.215342
-0.118818 -0.217747 -0.226836 -0.128839 -0.110035 -0.21682
-0.111987 -0.219006 -0.227857 -0.123238 -0.102397 -0.218117
-0.106277 -0.220315 -0.229203 -0.11827 -0.0962299 -0.219158
-0.101641 -0.221496 -0.230813 -0.114052 -0.0917109 -0.220129
-0.098772 -0.222376 -0.232204 -0.110753 -0.0887868 -0.220947
-0.0975558 -0.223078 -0.233406 -0.108635 -0.0872992 -0.221838
-0.0975823 -0.223829 -0.23445 -0.108086 -0.0876987 -0.222625
-0.0986187 -0.224866 -0.235139 -0.109252 -0.0896407 -0.223533
-0.101224 -0.225695 -0.2358 -0.111897 -0.0928759 -0.224577
-0.105482 -0.226604 -0.236401 -0.115822 -0.0972804 -0.225333
-0.110927 -0.227106 -0.236885 -0.120969 -0.102853 -0.225814
-0.117635 -0.227511 -0.237327 -0.127085 -0.109788 -0.225918
-0.125265 -0.227639 -0.237565 -0.134018 -0.117527 -0.225973
-0.13338 -0.227816 -0.237733 -0.141518 -0.125804 -0.225842
-0.141728 -0.227825 -0.23775 -0.149829 -0.134604 -0.225793
-0.150264 -0.227694 -0.23768 -0.158353 -0.143285 -0.225702
-0.158587 -0.227502 -0.237378 -0.166827 -0.151676 -0.22555
-0.166787 -0.227238 -0.237065 -0.175427 -0.159768 -0.22522
-0.175742 -0.226129 -0.234583 -0.186787 -0.169047 -0.223763
-0.186383 -0.224628 -0.231013 -0.200785 -0.180463 -0.222079
-0.196148 -0.22355 -0.228607 -0.213307 -0.191124 -0.220743
-0.204515 -0.221858 -0.225796 -0.225137 -0.201187 -0.219003
-0.211653 -0.219583 -0.222911 -0.229551 -0.207137 -0.216571
-0.215735 -0.216954 -0.220657 -0.227954 -0.206645 -0.213226
-0.215666 -0.212715 -0.217919 -0.226917 -0.205172 -0.211475
-0.215871 -0.208617 -0.215001 -0.224579 -0.205432 -0.207727
-0.21585 -0.204312 -0.211875 -0.222459 -0.205988 -0.203069
-0.21553 -0.199562 -0.207331 -0.221598 -0.206448 -0.198064
-0.215829 -0.193573 -0.200862 -0.219753 -0.206705 -0.19194
-0.216328 -0.186704 -0.193185 -0.219905 -0.206843 -0.185088
-0.216796 -0.178865 -0.184667 -0.219956 -0.207173 -0.177144
-0.217548 -0.170048 -0.175701 -0.22038 -0.207636 -0.168611
-0.218296 -0.16056 -0.166469 -0.221043 -0.208632 -0.15941
-0.219225 -0.150769 -0.157198 -0.221573 -0.209964 -0.149862
-0.220242 -0.140822 -0.148176 -0.222455 -0.211304 -0.139962
-0.221599 -0.131216 -0.13998 -0.223049 -0.212873 -0.13011
-0.223406 -0.122293 -0.132289 -0.224037 -0.214766 -0.120956
-0.224958 -0.114407 -0.125679 -0.22531 -0.216366 -0.112514
-0.226196 -0.107294 -0.119703 -0.226846 -0.217716 -0.10534
-0.227508 -0.101239 -0.114668 -0.228059 -0.218642 -0.0994819
-0.228516 -0.0965532 -0.110731 -0.229376 -0.219634 -0.0947899
-0.229472 -0.0934586 -0.108129 -0.230565 -0.220725 -0.09184
-0.230209 -0.0918284 -0.107226 -0.231575 -0.222042 -0.0907228
-0.231299 -0.0917674 -0.10742 -0.232538 -0.222986 -0.0907721
-0.232444 -0.0930437 -0.108284 -0.233254 -0.224062 -0.0921362
-0.233434 -0.0960198 -0.110691 -0.23384 -0.224892 -0.0948616
-0.234116 -0.100318 -0.11454 -0.234534 -0.225738 -0.0991427
-0.234456 -0.106063 -0.119511 -0.235125 -0.226234 -0.10448
-0.234393 -0.112926 -0.12591 -0.235771 -0.226483 -0.111148
-0.234223 -0.120408 -0.133163 -0.236225 -0.226467 -0.118999
-0.234204 -0.128427 -0.141218 -0.236684 -0.226343 -0.127407
-0.233952 -0.13703 -0.149521 -0.236907 -0.226061 -0.136249
-0.233705 -0.145739 -0.158031 -0.236933 -0.225778 -0.144983
-0.233584 -0.154406 -0.166519 -0.236824 -0.225566 -0.153303
-0.233566 -0.162508 -0.174669 -0.236334 -0.225319 -0.161247
-0.232365 -0.171677 -0.186598 -0.23322 -0.223998 -0.170624
-0.23144 -0.179939 -0.198545 -0.230956 -0.2231 -0.179108
-0.230476 -0.190486 -0.212944 -0.228873 -0.22215 -0.189914
-0.22894 -0.200735 -0.225906 -0.226471 -0.220722 -0.200008
-0.226418 -0.210086 -0.233967 -0.223533 -0.218285 -0.209984
-0.224706 -0.213173 -0.234973 -0.220529 -0.21547 -0.214513
-0.220419 -0.211581 -0.232302 -0.217274 -0.211472 -0.212723
-0.216719 -0.21198 -0.230725 -0.214093 -0.206946 -0.212166
-0.211386 -0.211601 -0.228759 -0.210865 -0.20197 -0.212128
-0.206292 -0.211291 -0.226774 -0.20678 -0.196745 -0.211353
-0.200396 -0.210478 -0.225906 -0.201433 -0.191189 -0.21014
-0.19357 -0.210701 -0.225393 -0.194055 -0.184491 -0.209809
-0.185463 -0.210888 -0.225314 -0.186107 -0.176656 -0.209787
-0.176532 -0.211033 -0.225028 -0.177482 -0.167903 -0.210058
-0.166846 -0.211233 -0.22488 -0.168241 -0.158504 -0.210526
-0.156892 -0.211986 -0.225057 -0.158985 -0.148825 -0.211272
-0.146824 -0.212924 -0.225519 -0.149887 -0.13877 -0.212313
-0.137175 -0.214248 -0.226334 -0.141553 -0.128913 -0.213556
-0.12791 -0.215701 -0.227447 -0.134058 -0.11949 -0.214915
-0.119756 -0.217182 -0.228384 -0.127668 -0.110857 -0.216224
-0.112835 -0.218426 -0.229373 -0.122208 -0.103226 -0.217478
-0.107 -0.219514 -0.230879 -0.117284 -0.0969846 -0.218687
-0.102395 -0.220634 -0.232341 -0.112982 -0.0923607 -0.219735
-0.0993659 -0.221708 -0.233582 -0.10946 -0.0894016 -0.220756
-0.0982496 -0.2227 -0.234488 -0.107315 -0.0879766 -0.22169
-0.0981658 -0.223619 -0.235168 -0.106727 -0.088365 -0.222658
-0.0995034 -0.224576 -0.235767 -0.107885 -0.0901095 -0.223711
-0.102372 -0.225325 -0.236325 -0.110262 -0.0932854 -0.22473
-0.106698 -0.226091 -0.236759 -0.114137 -0.0977719 -0.225258
-0.112202 -0.226633 -0.237285 -0.119178 -0.103413 -0.22565
-0.118784 -0.226976 -0.23775 -0.125311 -0.110041 -0.225904
-0.126383 -0.227352 -0.237887 -0.132251 -0.117866 -0.226047
-0.13471 -0.227594 -0.237966 -0.139716 -0.126243 -0.225969
-0.143384 -0.227581 -0.237926 -0.148053 -0.134595 -0.225882
-0.151992 -0.227206 -0.237875 -0.15642 -0.143148 -0.225888
-0.160321 -0.226849 -0.237517 -0.165161 -0.15175 -0.225603
-0.168357 -0.226385 -0.237038 -0.173618 -0.160035 -0.22527
-0.177299 -0.224999 -0.2345 -0.184738 -0.169187 -0.223766
-0.188014 -0.223395 -0.230991 -0.198855 -0.180497 -0.222103
-0.1977 -0.222479 -0.228633 -0.211453 -0.190868 -0.220753
-0.206109 -0.22079 -0.225809 -0.223562 -0.200319 -0.219038
-0.213523 -0.21865 -0.22296 -0.228247 -0.207668 -0.216889
-0.215954 -0.215716 -0.220808 -0.226478 -0.207141 -0.213346
-0.215897 -0.211757 -0.218211 -0.225222 -0.205996 -0.211121
-0.216148 -0.207908 -0.215427 -0.223043 -0.206277 -0.207441
-0.215856 -0.203871 -0.212358 -0.221038 -0.207052 -0.203027
-0.215552 -0.199135 -0.207733 -0.22027 -0.206937 -0.198213
-0.215871 -0.193328 -0.201267 -0.218398 -0.207173 -0.192354
-0.216301 -0.186468 -0.193448 -0.218721 -0.207422 -0.185437
-0.216655 -0.178533 -0.184925 -0.218919 -0.207971 -0.177427
-0.217336 -0.169706 -0.176015 -0.219279 -0.208622 -0.168758
-0.218137 -0.16025 -0.166975 -0.219843 -0.209467 -0.159621
-0.219202 -0.150417 -0.157832 -0.220217 -0.210976 -0.150128
-0.2202 -0.140431 -0.148854 -0.221023 -0.212385 -0.140328
-0.221538 -0.130862 -0.140564 -0.221575 -0.213793 -0.130785
-0.223363 -0.121859 -0.13271 -0.222705 -0.215495 -0.121713
-0.225013 -0.113811 -0.125875 -0.223935 -0.216992 -0.113579
-0.226094 -0.106752 -0.119853 -0.225623 -0.218039 -0.106396
-0.22733 -0.100635 -0.1148 -0.227004 -0.219266 -0.100301
-0.22824 -0.0957196 -0.110816 -0.2284 -0.220242 -0.0955709
-0.229037 -0.0924884 -0.108163 -0.229692 -0.221294 -0.0924381
-0.229723 -0.0910407 -0.107161 -0.230447 -0.222286 -0.0913018
-0.230674 -0.0908011 -0.107169 -0.231509 -0.22333 -0.0909582
-0.231767 -0.0919743 -0.107654 -0.232477 -0.224354 -0.0919726
-0.232738 -0.0944434 -0.10967 -0.233459 -0.225005 -0.0944726
-0.233449 -0.099359 -0.114026 -0.234444 -0.225708 -0.0994081
-0.233723 -0.105122 -0.119177 -0.235163 -0.225951 -0.104929
-0.233821 -0.112078 -0.125503 -0.235835 -0.226035 -0.111448
-0.23395 -0.119676 -0.133061 -0.236107 -0.226099 -0.118891
-0.233899 -0.127781 -0.141165 -0.236352 -0.226237 -0.127009
-0.234042 -0.136145 -0.149631 -0.236622 -0.226389 -0.135415
-0.233939 -0.144925 -0.158172 -0.236734 -0.226423 -0.144278
-0.233906 -0.153608 -0.166519 -0.236689 -0.22626 -0.152882
-0.233734 -0.161944 -0.174498 -0.236555 -0.22601 -0.16115
-0.232367 -0.171423 -0.186066 -0.233656 -0.224644 -0.170684
-0.231396 -0.180006 -0.197709 -0.231475 -0.2237 -0.179285
-0.230005 -0.190637 -0.211594 -0.229554 -0.222471 -0.189859
-0.228236 -0.202601 -0.22662 -0.226574 -0.220609 -0.201504
-0.225804 -0.211369 -0.234237 -0.223813 -0.217963 -0.211212
-0.224133 -0.212576 -0.234861 -0.220887 -0.215242 -0.213917
-0.220397 -0.211488 -0.23253 -0.218157 -0.211628 -0.212474
-0.216771 -0.211789 -0.230768 -0.214549 -0.207176 -0.211986
-0.211625 -0.211418 -0.228813 -0.211203 -0.202344 -0.211936
-0.206447 -0.211156 -0.226607 -0.20721 -0.196972 -0.211499
-0.199326 -0.210127 -0.225105 -0.200499 -0.190452 -0.210161
-0.192573 -0.210519 -0.224949 -0.193115 -0.1838 -0.209901
-0.184585 -0.210539 -0.22475 -0.184826 -0.175978 -0.209674
-0.17556 -0.210539 -0.22477 -0.176146 -0.167326 -0.209919
-0.165812 -0.210718 -0.22481 -0.166926 -0.157917 -0.210186
-0.155963 -0.211451 -0.224978 -0.157727 -0.148278 -0.210954
-0.145896 -0.212598 -0.225245 -0.148924 -0.138315 -0.212038
-0.136245 -0.213901 -0.226043 -0.14079 -0.128479 -0.213353
-0.12721 -0.215459 -0.227266 -0.133506 -0.119172 -0.21476
-0.11917 -0.216967 -0.228183 -0.127234 -0.110536 -0.216092
-0.112333 -0.218247 -0.22902 -0.121751 -0.103048 -0.217346
-0.106573 -0.219376 -0.230414 -0.11698 -0.0970123 -0.218377
-0.102335 -0.220447 -0.232252 -0.112745 -0.0925487 -0.219249
-0.0999451 -0.221383 -0.233754 -0.10932 -0.0897836 -0.220047
-0.0991747 -0.222225 -0.234983 -0.107301 -0.0885312 -0.220774
-0.0994877 -0.222976 -0.235778 -0.107014 -0.0890814 -0.221464
-0.101108 -0.223755 -0.236465 -0.108229 -0.0909017 -0.222369
-0.104219 -0.224286 -0.237241 -0.110898 -0.0941997 -0.22319
-0.108751 -0.224897 -0.237888 -0.114854 -0.0989072 -0.223579
-0.114462 -0.225318 -0.238464 -0.12005 -0.104889 -0.223835
-0.121241 -0.22545 -0.239129 -0.126354 -0.111769 -0.223976
-0.128771 -0.225424 -0.239449 -0.133348 -0.119505 -0.224053
-0.13687 -0.225397 -0.239541 -0.140879 -0.128102 -0.223924
-0.145016 -0.225422 -0.239388 -0.14902 -0.136943 -0.22378
-0.153458 -0.225445 -0.239095 -0.15756 -0.145563 -0.223549
-0.161706 -0.225329 -0.238854 -0.166547 -0.153957 -0.223267
-0.169778 -0.224909 -0.238458 -0.175058 -0.16202 -0.222823
-0.17901 -0.223512 -0.235187 -0.187178 -0.171833 -0.220933
-0.189738 -0.222211 -0.231777 -0.201183 -0.183791 -0.219289
-0.198725 -0.22107 -0.229472 -0.213406 -0.194555 -0.218218
-0.204952 -0.219573 -0.227121 -0.222809 -0.202632 -0.216893
-0.211705 -0.217596 -0.224274 -0.226297 -0.208976 -0.214688
-0.216585 -0.214639 -0.221758 -0.224225 -0.20871 -0.211087
-0.216535 -0.210481 -0.218944 -0.22312 -0.207261 -0.209495
-0.217153 -0.20627 -0.216247 -0.22066 -0.207588 -0.205952
-0.217015 -0.202213 -0.213307 -0.218557 -0.208312 -0.201465
-0.21668 -0.196656 -0.20773 -0.217392 -0.20842 -0.195562
-0.216949 -0.190778 -0.201097 -0.216268 -0.208624 -0.189612
-0.217368 -0.183951 -0.193348 -0.216509 -0.209044 -0.182526
-0.217859 -0.175826 -0.184754 -0.216962 -0.209328 -0.174397
-0.218159 -0.168705 -0.177773 -0.217264 -0.209944 -0.167407
-0.21907 -0.157244 -0.166762 -0.218011 -0.211253 -0.156255
-0.222809 -0.128223 -0.140022 -0.220484 -0.215397 -0.126998
-0.224195 -0.119665 -0.132223 -0.22158 -0.216732 -0.118087
-0.225586 -0.111803 -0.125249 -0.223124 -0.217851 -0.109831
-0.226672 -0.104862 -0.119383 -0.224552 -0.219179 -0.102706
-0.227572 -0.0988071 -0.114683 -0.226143 -0.220201 -0.096734
-0.228306 -0.0941553 -0.11085 -0.227623 -0.221091 -0.0923005
-0.228895 -0.0911814 -0.108453 -0.229079 -0.221974 -0.0894937
-0.229553 -0.0897954 -0.107704 -0.230386 -0.222923 -0.0884936
-0.23047 -0.0900127 -0.107963 -0.231287 -0.223934 -0.0886546
-0.231158 -0.0917224 -0.109445 -0.232299 -0.224627 -0.0901552
-0.231756 -0.0949681 -0.112318 -0.233173 -0.224991 -0.0932639
-0.232474 -0.0994208 -0.116616 -0.233799 -0.22548 -0.0977188
-0.23289 -0.105327 -0.121976 -0.23429 -0.225859 -0.103186
-0.233153 -0.112287 -0.128523 -0.23458 -0.226243 -0.109811
-0.233257 -0.120052 -0.136407 -0.234891 -0.226505 -0.117462
-0.23324 -0.128128 -0.144574 -0.235182 -0.226739 -0.125757
-0.233255 -0.136445 -0.152786 -0.23547 -0.226716 -0.134766
-0.233355 -0.145074 -0.161026 -0.235471 -0.226765 -0.14367
-0.233369 -0.153769 -0.169335 -0.235493 -0.226528 -0.152078
-0.233315 -0.162087 -0.177276 -0.235226 -0.226251 -0.160186
-0.232001 -0.171308 -0.18881 -0.232416 -0.224917 -0.169355
-0.230759 -0.181966 -0.203454 -0.230043 -0.223654 -0.179841
-0.229338 -0.192408 -0.217498 -0.228045 -0.222278 -0.190164
-0.227834 -0.202216 -0.230029 -0.225553 -0.220361 -0.199828
-0.225581 -0.210652 -0.235374 -0.222697 -0.217803 -0.209526
-0.22389 -0.211622 -0.235407 -0.219648 -0.215374 -0.212854
-0.219848 -0.210223 -0.232667 -0.215923 -0.21139 -0.210777
-0.215673 -0.210762 -0.230912 -0.212413 -0.20689 -0.210447
-0.210121 -0.210536 -0.228066 -0.209297 -0.201558 -0.210783
-0.204861 -0.210236 -0.226168 -0.205049 -0.196052 -0.210324
-0.198583 -0.209853 -0.225147 -0.198752 -0.190211 -0.209413
-0.191613 -0.21035 -0.2248 -0.190995 -0.18339 -0.209146
-0.183341 -0.210423 -0.224865 -0.182521 -0.17528 -0.20849
-0.174471 -0.210487 -0.224707 -0.173522 -0.166434 -0.20858
-0.16463 -0.210624 -0.224846 -0.164195 -0.156865 -0.208874
-0.154405 -0.211426 -0.225197 -0.155099 -0.147024 -0.209643
-0.144066 -0.212621 -0.225386 -0.14641 -0.136912 -0.210773
-0.133976 -0.213944 -0.226373 -0.138565 -0.127268 -0.212199
-0.12473 -0.215217 -0.227459 -0.131557 -0.11813 -0.21385
-0.116539 -0.216644 -0.228406 -0.125468 -0.109786 -0.215432
-0.109646 -0.218176 -0.229614 -0.120354 -0.102735 -0.216538
-0.10408 -0.219477 -0.23109 -0.115642 -0.0968925 -0.217575
-0.100517 -0.220533 -0.232714 -0.111534 -0.0927056 -0.218522
-0.0984977 -0.2213 -0.234286 -0.108329 -0.0900999 -0.219355
-0.0978909 -0.222 -0.235501 -0.106588 -0.0890484 -0.220141
-0.0981761 -0.222936 -0.236698 -0.106133 -0.0897543 -0.220838
-0.0998537 -0.223801 -0.237182 -0.107253 -0.0920912 -0.221535
-0.103241 -0.224544 -0.237772 -0.109734 -0.0955567 -0.222325
-0.10813 -0.225197 -0.238567 -0.113898 -0.100384 -0.222823
-0.113979 -0.225762 -0.23909 -0.119279 -0.106312 -0.22325
-0.121002 -0.226214 -0.239388 -0.125582 -0.113265 -0.223563
-0.128817 -0.226641 -0.239804 -0.132633 -0.12092 -0.223849
-0.137051 -0.226976 -0.239654 -0.140443 -0.129368 -0.224039
-0.145545 -0.227104 -0.239536 -0.148811 -0.138267 -0.224045
-0.153972 -0.227159 -0.239482 -0.157376 -0.146968 -0.223927
-0.162322 -0.227118 -0.239458 -0.166064 -0.155355 -0.223789
-0.170566 -0.226526 -0.239094 -0.174924 -0.163781 -0.223236
-0.180286 -0.225021 -0.23553 -0.188318 -0.174403 -0.221461
-0.191047 -0.223946 -0.232525 -0.20177 -0.186565 -0.220005
-0.199733 -0.222976 -0.230308 -0.214247 -0.197087 -0.218792
-0.206848 -0.220979 -0.227528 -0.22545 -0.207029 -0.217129
-0.213263 -0.218848 -0.224853 -0.226725 -0.210738 -0.214611
-0.218182 -0.215425 -0.222303 -0.225038 -0.210407 -0.210979
-0.218138 -0.210976 -0.219365 -0.223274 -0.20904 -0.209361
-0.218364 -0.206594 -0.216571 -0.220378 -0.209386 -0.205315
-0.218283 -0.202134 -0.213242 -0.219038 -0.209841 -0.200492
-0.218061 -0.19709 -0.208161 -0.217655 -0.210327 -0.19517
-0.218121 -0.192044 -0.202637 -0.216852 -0.210588 -0.19023
-0.218706 -0.185225 -0.194719 -0.216772 -0.210979 -0.183064
-0.219088 -0.177277 -0.18616 -0.217047 -0.211172 -0.175017
-0.21935 -0.168479 -0.177079 -0.217512 -0.211812 -0.166145
-0.220198 -0.15924 -0.167756 -0.2181 -0.212963 -0.156849
-0.221364 -0.149599 -0.158353 -0.218771 -0.214328 -0.147181
-0.222579 -0.139962 -0.14921 -0.219546 -0.215719 -0.13745
-0.223897 -0.130631 -0.140679 -0.220598 -0.2171 -0.127816
-0.225261 -0.121953 -0.132809 -0.221501 -0.218769 -0.118756
-0.226706 -0.114479 -0.126075 -0.223026 -0.220204 -0.11063
-0.227875 -0.107536 -0.120068 -0.2245 -0.221444 -0.103582
-0.228761 -0.101689 -0.115086 -0.225968 -0.222464 -0.0975643
-0.229785 -0.0970893 -0.111062 -0.227648 -0.223103 -0.0929915
-0.230559 -0.0936536 -0.108408 -0.228985 -0.224117 -0.0898683
-0.231159 -0.0922004 -0.108006 -0.230223 -0.225144 -0.0888954
-0.231948 -0.0922429 -0.108582 -0.23135 -0.22606 -0.0890251
-0.232711 -0.0939577 -0.110468 -0.232166 -0.226774 -0.090742
-0.233527 -0.0970481 -0.113598 -0.233003 -0.227264 -0.0941465
-0.234074 -0.101656 -0.118018 -0.233692 -0.227569 -0.0988336
-0.234251 -0.10757 -0.123449 -0.23437 -0.227886 -0.104631
-0.234203 -0.114639 -0.130318 -0.234884 -0.227963 -0.111566
-0.234295 -0.122315 -0.13797 -0.235117 -0.22791 -0.119437
-0.234472 -0.130215 -0.146233 -0.235265 -0.227987 -0.127806
-0.234609 -0.138685 -0.15477 -0.235265 -0.228135 -0.136492
-0.234704 -0.147529 -0.163351 -0.235217 -0.22817 -0.145276
-0.234664 -0.156138 -0.171477 -0.235145 -0.228019 -0.153647
-0.234355 -0.164508 -0.179571 -0.2346 -0.22772 -0.161944
-0.23305 -0.174413 -0.191759 -0.231309 -0.226106 -0.172101
-0.231721 -0.184981 -0.205882 -0.229144 -0.22463 -0.183155
-0.230146 -0.195337 -0.218529 -0.227141 -0.223168 -0.193611
-0.228077 -0.205154 -0.230263 -0.224498 -0.221286 -0.203749
-0.225751 -0.211412 -0.234726 -0.221207 -0.218557 -0.211933
-0.222417 -0.209458 -0.234172 -0.21838 -0.215259 -0.210389
-0.218334 -0.208986 -0.231738 -0.214957 -0.210624 -0.209345
-0.214157 -0.208478 -0.230427 -0.211842 -0.206285 -0.208912
-0.209385 -0.208295 -0.228682 -0.207942 -0.201145 -0.208759
-0.205444 -0.207523 -0.227313 -0.204095 -0.19743 -0.207711
-0.199372 -0.207315 -0.225682 -0.197801 -0.19172 -0.207154
-0.192179 -0.208008 -0.225347 -0.190166 -0.184742 -0.206821
-0.183751 -0.208118 -0.224903 -0.182024 -0.176329 -0.206675
-0.174595 -0.208368 -0.224839 -0.173178 -0.167249 -0.207063
-0.164673 -0.209058 -0.224909 -0.163964 -0.157838 -0.207361
-0.154625 -0.210113 -0.225016 -0.154816 -0.147818 -0.207956
-0.144553 -0.211346 -0.225426 -0.146185 -0.137655 -0.209138
-0.134855 -0.212616 -0.226291 -0.138327 -0.127928 -0.21052
-0.125744 -0.213855 -0.227463 -0.131438 -0.118828 -0.211878
-0.117468 -0.215113 -0.228585 -0.125458 -0.110456 -0.21335
-0.110556 -0.216422 -0.229663 -0.120193 -0.103397 -0.214729
-0.104947 -0.217735 -0.230862 -0.115437 -0.097566 -0.21577
-0.101273 -0.218866 -0.232057 -0.111404 -0.0933667 -0.216628
-0.099539 -0.219814 -0.233709 -0.108401 -0.0909323 -0.21735
-0.0992421 -0.220635 -0.235306 -0.106856 -0.0902006 -0.218049
-0.0999412 -0.221574 -0.236532 -0.106459 -0.0911821 -0.218702
-0.102137 -0.222349 -0.237527 -0.107721 -0.0936405 -0.219513
-0.105569 -0.223047 -0.238182 -0.110162 -0.0976207 -0.220208
-0.110264 -0.223868 -0.238726 -0.114137 -0.102505 -0.220831
-0.116195 -0.224304 -0.23948 -0.119345 -0.108569 -0.221604
-0.12313 -0.224811 -0.240154 -0.125796 -0.115631 -0.222205
-0.130875 -0.225362 -0.240541 -0.132805 -0.123345 -0.222723
-0.139092 -0.225923 -0.240583 -0.14054 -0.131376 -0.223102
-0.14759 -0.225959 -0.240653 -0.148624 -0.139913 -0.223391
-0.155982 -0.225965 -0.240595 -0.157143 -0.148522 -0.223549
-0.164105 -0.226195 -0.240613 -0.165832 -0.156873 -0.223496
-0.172108 -0.225881 -0.240533 -0.17438 -0.165113 -0.222716
-0.181925 -0.224532 -0.236945 -0.187947 -0.17562 -0.221166
-0.193103 -0.223432 -0.233915 -0.201508 -0.188132 -0.22004
-0.201214 -0.222433 -0.231811 -0.213742 -0.198586 -0.218915
-0.207896 -0.220875 -0.229257 -0.224566 -0.208206 -0.216955
-0.213777 -0.21838 -0.226236 -0.225143 -0.214456 -0.214627
-0.219779 -0.215115 -0.223167 -0.222725 -0.213972 -0.211404
-0.22022 -0.210821 -0.219707 -0.221319 -0.212782 -0.209202
-0.220073 -0.206205 -0.217049 -0.218094 -0.212811 -0.205025
-0.220235 -0.201473 -0.213627 -0.215861 -0.213737 -0.200083
-0.220155 -0.196456 -0.208458 -0.214451 -0.2138 -0.194485
-0.220005 -0.190169 -0.201445 -0.212989 -0.214082 -0.188124
-0.220184 -0.182986 -0.193317 -0.212748 -0.214231 -0.18077
-0.22051 -0.174958 -0.184537 -0.212585 -0.214319 -0.172463
-0.220899 -0.165953 -0.175357 -0.21279 -0.214908 -0.163397
-0.221636 -0.156594 -0.165868 -0.213148 -0.215913 -0.15401
-0.222792 -0.147117 -0.156592 -0.213675 -0.217341 -0.144381
-0.223531 -0.137689 -0.147529 -0.214676 -0.218099 -0.134738
-0.224543 -0.128688 -0.13885 -0.215757 -0.219167 -0.125471
-0.225577 -0.120315 -0.131164 -0.217139 -0.220384 -0.116937
-0.226627 -0.113015 -0.124386 -0.21868 -0.221321 -0.109175
-0.227751 -0.106475 -0.11862 -0.220161 -0.222236 -0.102247
-0.228639 -0.100959 -0.114033 -0.222113 -0.223111 -0.0965966
-0.22933 -0.096634 -0.110619 -0.223781 -0.223686 -0.0922919
-0.230065 -0.0936384 -0.108746 -0.225285 -0.224517 -0.0897538
-0.230635 -0.0920412 -0.108463 -0.226666 -0.225423 -0.0888681
-0.23123 -0.0921221 -0.109103 -0.227897 -0.226213 -0.0891289
-0.231871 -0.0937848 -0.111404 -0.228996 -0.226802 -0.0907331
-0.232365 -0.0968735 -0.114861 -0.230629 -0.227147 -0.0938617
-0.232732 -0.101335 -0.119091 -0.23166 -0.227448 -0.0986531
-0.23296 -0.107056 -0.124664 -0.232539 -0.227584 -0.104594
-0.23306 -0.113856 -0.131543 -0.233205 -0.227646 -0.111446
-0.233473 -0.121462 -0.139745 -0.233648 -0.227909 -0.119101
-0.233592 -0.1296 -0.147889 -0.234013 -0.228154 -0.126973
-0.233573 -0.138261 -0.156233 -0.234349 -0.228333 -0.135236
-0.233674 -0.147062 -0.164273 -0.234645 -0.228408 -0.144056
-0.233541 -0.15575 -0.172244 -0.235012 -0.228137 -0.152749
-0.23306 -0.164345 -0.181118 -0.234155 -0.227267 -0.16152
-0.231872 -0.174438 -0.194523 -0.231016 -0.225516 -0.171847
-0.23067 -0.185044 -0.209898 -0.228884 -0.224037 -0.182753
-0.229147 -0.195557 -0.223609 -0.22685 -0.222513 -0.193112
-0.227023 -0.20516 -0.235131 -0.224099 -0.220572 -0.203263
-0.225163 -0.210103 -0.237199 -0.220812 -0.218439 -0.210093
-0.221457 -0.207739 -0.235359 -0.217809 -0.21482 -0.207779
-0.217751 -0.20779 -0.233091 -0.214255 -0.210933 -0.206986
-0.213196 -0.207396 -0.231236 -0.210905 -0.206982 -0.206536
-0.208413 -0.20731 -0.229879 -0.207418 -0.201932 -0.206772
-0.203282 -0.206545 -0.228624 -0.202437 -0.197331 -0.205776
-0.197011 -0.206919 -0.227159 -0.195559 -0.191446 -0.205402
-0.189779 -0.207332 -0.226656 -0.187873 -0.184262 -0.204914
-0.181378 -0.207528 -0.226605 -0.179517 -0.175678 -0.204823
-0.171836 -0.20769 -0.226662 -0.170498 -0.166139 -0.20506
-0.161624 -0.208223 -0.226808 -0.16139 -0.156202 -0.205477
-0.151226 -0.20925 -0.22723 -0.152421 -0.145746 -0.206358
-0.140923 -0.210585 -0.227672 -0.144007 -0.135394 -0.207703
-0.131121 -0.212007 -0.228364 -0.13669 -0.125506 -0.2093
-0.122186 -0.21367 -0.229429 -0.13 -0.116188 -0.21079
-0.114546 -0.215087 -0.2303 -0.12433 -0.107903 -0.212246
-0.10837 -0.216339 -0.231252 -0.119437 -0.100985 -0.213503
-0.103434 -0.217565 -0.232626 -0.115161 -0.0956709 -0.214373
-0.100058 -0.218627 -0.233819 -0.111273 -0.092088 -0.215259
-0.0984591 -0.219532 -0.235096 -0.108197 -0.0901483 -0.216059
-0.0979248 -0.220459 -0.236282 -0.106584 -0.0899168 -0.216864
-0.0986991 -0.22136 -0.237229 -0.106678 -0.091192 -0.217552
-0.101178 -0.222271 -0.238296 -0.108206 -0.0940714 -0.218557
-0.105144 -0.222949 -0.239004 -0.11112 -0.0983173 -0.219353
-0.110317 -0.223508 -0.239596 -0.11533 -0.103899 -0.220033
-0.116262 -0.223999 -0.2402 -0.120662 -0.110136 -0.220592
-0.123301 -0.224538 -0.240675 -0.126974 -0.117424 -0.221144
-0.131008 -0.225093 -0.241022 -0.133982 -0.125528 -0.221611
-0.139285 -0.225679 -0.241101 -0.141832 -0.133935 -0.222015
-0.14764 -0.226155 -0.241111 -0.149961 -0.142368 -0.222305
-0.156024 -0.226448 -0.241277 -0.158822 -0.150755 -0.222451
-0.164339 -0.226471 -0.241625 -0.167125 -0.158871 -0.222399
-0.172567 -0.225624 -0.240953 -0.176102 -0.167177 -0.221578
-0.182782 -0.224168 -0.237359 -0.189856 -0.178636 -0.219991
-0.193318 -0.223426 -0.234955 -0.202625 -0.190912 -0.21895
-0.200847 -0.222325 -0.23284 -0.215028 -0.201338 -0.21785
-0.207324 -0.220352 -0.22996 -0.225157 -0.210768 -0.215916
-0.213068 -0.217661 -0.22677 -0.225301 -0.217593 -0.213404
-0.219201 -0.214391 -0.223429 -0.222978 -0.21709 -0.210422
-0.220701 -0.210278 -0.219465 -0.221476 -0.215463 -0.208146
-0.220704 -0.205169 -0.216666 -0.217773 -0.215532 -0.203952
-0.221229 -0.200331 -0.213128 -0.215156 -0.216522 -0.198492
-0.221118 -0.195112 -0.207984 -0.21341 -0.216649 -0.192435
-0.22102 -0.18881 -0.201038 -0.211832 -0.216782 -0.185896
-0.221239 -0.181727 -0.192794 -0.211372 -0.216914 -0.178561
-0.221157 -0.173651 -0.183686 -0.211166 -0.216787 -0.170193
-0.221038 -0.164645 -0.174522 -0.21151 -0.21712 -0.161226
-0.221529 -0.155172 -0.165118 -0.211908 -0.21787 -0.152041
-0.222573 -0.145525 -0.155991 -0.212518 -0.218694 -0.142663
-0.223552 -0.136122 -0.147268 -0.213273 -0.219611 -0.133305
-0.224583 -0.127163 -0.138998 -0.214483 -0.220647 -0.124212
-0.225298 -0.118919 -0.131395 -0.215942 -0.22165 -0.115781
-0.226436 -0.111557 -0.124684 -0.217451 -0.222474 -0.108308
-0.227477 -0.105207 -0.118964 -0.219148 -0.223385 -0.101498
-0.228337 -0.0997743 -0.114361 -0.220857 -0.224442 -0.0958723
-0.229055 -0.0954793 -0.111087 -0.222806 -0.225231 -0.0917327
-0.229738 -0.0926241 -0.109542 -0.224069 -0.226013 -0.0894778
-0.230631 -0.091437 -0.109304 -0.225418 -0.226793 -0.0887064
-0.231477 -0.0920638 -0.110302 -0.226715 -0.227724 -0.0891682
-0.232219 -0.0942848 -0.113058 -0.227807 -0.22842 -0.0909037
-0.232853 -0.0977053 -0.116943 -0.228914 -0.228959 -0.0940899
-0.233338 -0.102448 -0.121512 -0.229895 -0.229439 -0.0990198
-0.233639 -0.108539 -0.127288 -0.230867 -0.229729 -0.105056
-0.233999 -0.115443 -0.134398 -0.23147 -0.229967 -0.11215
-0.234353 -0.123279 -0.14244 -0.231962 -0.230232 -0.119644
-0.234581 -0.131738 -0.150567 -0.232288 -0.230556 -0.127651
-0.234568 -0.14044 -0.158801 -0.232603 -0.230786 -0.136001
-0.2345 -0.149168 -0.167049 -0.232904 -0.230923 -0.144703
-0.234386 -0.157303 -0.174766 -0.23297 -0.230762 -0.153198
-0.233801 -0.165662 -0.183393 -0.23193 -0.22992 -0.161614
-0.232537 -0.175767 -0.196712 -0.228852 -0.228323 -0.171531
-0.231236 -0.186349 -0.211356 -0.226676 -0.226735 -0.181711
-0.229851 -0.196846 -0.224114 -0.224531 -0.225048 -0.19124
-0.227731 -0.206662 -0.235671 -0.221732 -0.222931 -0.200841
-0.225014 -0.208627 -0.238419 -0.218445 -0.220185 -0.208572
-0.220797 -0.20712 -0.237214 -0.215315 -0.216328 -0.206478
-0.217329 -0.206901 -0.234447 -0.21205 -0.211642 -0.205287
-0.212511 -0.206464 -0.23275 -0.208677 -0.207613 -0.204884
-0.208245 -0.20599 -0.231423 -0.20504 -0.202797 -0.204467
-0.202542 -0.205075 -0.230084 -0.199302 -0.197882 -0.203626
-0.196268 -0.205229 -0.228749 -0.19241 -0.191756 -0.203364
-0.188848 -0.205493 -0.228589 -0.184671 -0.184631 -0.202867
-0.180402 -0.205677 -0.228164 -0.17607 -0.176082 -0.203065
-0.17088 -0.205983 -0.228086 -0.167138 -0.16686 -0.203395
-0.160546 -0.206799 -0.228337 -0.158185 -0.157189 -0.204164
-0.150121 -0.208111 -0.228489 -0.149651 -0.147108 -0.205326
-0.139643 -0.209662 -0.228886 -0.141698 -0.136911 -0.206781
-0.129877 -0.211341 -0.229531 -0.134459 -0.127159 -0.208271
-0.121131 -0.213149 -0.23029 -0.127996 -0.118211 -0.209729
-0.11359 -0.214659 -0.231294 -0.122486 -0.110204 -0.211023
-0.107439 -0.216099 -0.232485 -0.117743 -0.103576 -0.211952
-0.101933 -0.217608 -0.233583 -0.112634 -0.0973917 -0.213195
-0.099219 -0.21868 -0.234733 -0.109137 -0.0940332 -0.214189
-0.0980142 -0.219689 -0.235895 -0.106761 -0.092422 -0.215226
-0.0980069 -0.220912 -0.23701 -0.105788 -0.0927719 -0.216259
-0.0994585 -0.221771 -0.237732 -0.106121 -0.0945462 -0.217242
-0.102543 -0.222475 -0.238596 -0.107707 -0.0978467 -0.218239
-0.106983 -0.223308 -0.239446 -0.110779 -0.102396 -0.21898
-0.112392 -0.224005 -0.239827 -0.115067 -0.107705 -0.219581
-0.119095 -0.224274 -0.240317 -0.120634 -0.114132 -0.22026
-0.126679 -0.224446 -0.240871 -0.127154 -0.121687 -0.22079
-0.134413 -0.224755 -0.2411 -0.134278 -0.130162 -0.22118
-0.141012 -0.225018 -0.241302 -0.140507 -0.137129 -0.221353
-0.149445 -0.225065 -0.241471 -0.148632 -0.145749 -0.221583
-0.159339 -0.224861 -0.241816 -0.158927 -0.155693 -0.221883
-0.167256 -0.224726 -0.24211 -0.167269 -0.163702 -0.221698
-0.176021 -0.223738 -0.239723 -0.17855 -0.172938 -0.220439
-0.186947 -0.222565 -0.23642 -0.192894 -0.185082 -0.218968
-0.1966 -0.221582 -0.234503 -0.205664 -0.196755 -0.218166
-0.20375 -0.220301 -0.232117 -0.217957 -0.206771 -0.216873
-0.209875 -0.218052 -0.229185 -0.224338 -0.216191 -0.214534
-0.216012 -0.214852 -0.226441 -0.223654 -0.219912 -0.211671
-0.221437 -0.211263 -0.222062 -0.220975 -0.219096 -0.20877
-0.221101 -0.20653 -0.218401 -0.219363 -0.218264 -0.205991
-0.220791 -0.20173 -0.21572 -0.215836 -0.218869 -0.201344
-0.220594 -0.196616 -0.211621 -0.213655 -0.220167 -0.195722
-0.220053 -0.191052 -0.205966 -0.212119 -0.220089 -0.189435
-0.220184 -0.184239 -0.198354 -0.210721 -0.220155 -0.182579
-0.220495 -0.176775 -0.190016 -0.210205 -0.220081 -0.174792
-0.220132 -0.168358 -0.181172 -0.210014 -0.220024 -0.166179
-0.220456 -0.15912 -0.171866 -0.210161 -0.220759 -0.157014
-0.221215 -0.149768 -0.162641 -0.210548 -0.221239 -0.147764
-0.222342 -0.140423 -0.153537 -0.21113 -0.221779 -0.13835
-0.223614 -0.131221 -0.144846 -0.212065 -0.222591 -0.129018
-0.224413 -0.122418 -0.136446 -0.213435 -0.224075 -0.120182
-0.225274 -0.114793 -0.128932 -0.21532 -0.225016 -0.112205
-0.226219 -0.107707 -0.122413 -0.216862 -0.22504 -0.105048
-0.227213 -0.101418 -0.117094 -0.218606 -0.225688 -0.0988745
-0.228028 -0.0963134 -0.112977 -0.220426 -0.226836 -0.0936648
-0.228555 -0.092672 -0.110252 -0.222431 -0.227829 -0.0899315
-0.229188 -0.0904159 -0.109064 -0.224028 -0.228206 -0.0879636
-0.230259 -0.0895592 -0.109289 -0.225353 -0.228628 -0.087643
-0.230982 -0.0903629 -0.110806 -0.226561 -0.229262 -0.0884658
-0.231631 -0.0928685 -0.113859 -0.22785 -0.229967 -0.0906622
-0.232182 -0.0967599 -0.117746 -0.228797 -0.230286 -0.0943892
-0.232771 -0.101866 -0.122616 -0.229692 -0.230364 -0.099283
-0.233212 -0.108229 -0.128875 -0.230327 -0.23055 -0.105445
-0.233608 -0.115444 -0.136015 -0.231128 -0.230908 -0.112516
-0.233888 -0.123446 -0.144164 -0.231714 -0.231251 -0.120247
-0.233992 -0.132045 -0.152129 -0.232251 -0.231511 -0.128445
-0.233878 -0.140574 -0.160344 -0.232631 -0.231347 -0.136974
-0.233963 -0.149115 -0.16858 -0.232955 -0.231265 -0.145608
-0.233898 -0.157195 -0.176508 -0.232813 -0.231171 -0.153905
-0.232764 -0.165945 -0.187006 -0.230704 -0.230087 -0.162919
-0.231544 -0.17633 -0.202473 -0.228241 -0.228346 -0.173491
-0.230473 -0.186382 -0.216983 -0.226498 -0.226293 -0.183562
-0.229139 -0.196304 -0.229823 -0.224235 -0.224365 -0.193575
-0.2267 -0.205502 -0.239399 -0.221165 -0.221891 -0.2037
-0.224267 -0.208693 -0.240291 -0.217465 -0.219024 -0.208954
-0.219921 -0.207192 -0.237614 -0.214173 -0.215362 -0.206425
-0.216123 -0.207234 -0.235018 -0.210518 -0.211181 -0.205462
-0.210667 -0.206646 -0.232788 -0.207162 -0.206104 -0.205289
-0.205886 -0.206452 -0.231695 -0.202983 -0.201139 -0.204678
-0.199861 -0.205703 -0.230717 -0.197014 -0.195972 -0.203825
-0.193135 -0.206053 -0.229712 -0.189648 -0.18955 -0.203479
-0.18532 -0.206264 -0.229339 -0.181562 -0.181881 -0.203002
-0.176306 -0.206448 -0.228746 -0.172819 -0.173023 -0.203219
-0.166273 -0.206932 -0.228655 -0.163669 -0.16321 -0.203686
-0.155889 -0.207939 -0.228998 -0.15494 -0.153214 -0.204674
-0.145292 -0.20944 -0.229234 -0.146438 -0.142881 -0.205882
-0.135075 -0.211225 -0.229502 -0.138591 -0.13279 -0.207471
-0.125777 -0.21273 -0.230153 -0.131479 -0.12315 -0.209007
-0.117414 -0.214389 -0.231221 -0.125501 -0.114573 -0.210334
-0.110143 -0.215958 -0.232405 -0.120184 -0.107178 -0.211318
-0.104239 -0.21742 -0.233515 -0.11572 -0.10111 -0.212261
-0.100043 -0.218654 -0.234729 -0.111732 -0.0964677 -0.213133
-0.0974879 -0.219801 -0.23595 -0.108202 -0.0934437 -0.214049
-0.0964678 -0.22081 -0.237118 -0.105992 -0.0924287 -0.214874
-0.0969695 -0.221815 -0.238265 -0.105146 -0.0932013 -0.215744
-0.0990567 -0.222991 -0.239447 -0.10576 -0.0955826 -0.216488
-0.102441 -0.224004 -0.240324 -0.107692 -0.0992733 -0.217368
-0.106916 -0.224803 -0.240825 -0.111096 -0.103871 -0.218026
-0.112597 -0.225499 -0.241497 -0.115696 -0.109501 -0.218859
-0.11932 -0.226212 -0.242189 -0.121538 -0.11615 -0.219598
-0.126849 -0.226642 -0.24286 -0.128259 -0.123771 -0.220089
-0.135091 -0.227173 -0.243177 -0.135513 -0.132266 -0.220468
-0.143455 -0.227622 -0.243452 -0.143207 -0.141029 -0.220867
-0.151726 -0.22804 -0.243512 -0.151508 -0.149327 -0.221173
-0.159942 -0.227927 -0.243616 -0.160572 -0.157499 -0.221467
-0.167732 -0.227755 -0.243883 -0.168649 -0.165307 -0.221257
-0.177053 -0.226874 -0.241109 -0.179929 -0.175452 -0.219674
-0.188301 -0.226105 -0.238565 -0.193109 -0.188119 -0.218353
-0.197586 -0.225115 -0.236884 -0.204829 -0.199513 -0.217617
-0.204493 -0.223555 -0.234133 -0.216592 -0.20913 -0.215999
-0.210564 -0.221264 -0.231329 -0.225031 -0.218229 -0.213183
-0.216798 -0.217843 -0.228554 -0.224136 -0.218645 -0.210209
-0.223251 -0.213618 -0.224739 -0.221387 -0.217268 -0.206998
-0.224706 -0.208666 -0.220266 -0.219624 -0.216741 -0.203803
-0.22415 -0.203305 -0.217683 -0.216047 -0.216462 -0.199277
-0.224114 -0.198155 -0.213392 -0.213772 -0.216703 -0.193606
-0.223708 -0.192263 -0.207492 -0.211598 -0.216898 -0.18707
-0.22363 -0.185617 -0.200072 -0.210536 -0.217348 -0.179988
-0.223877 -0.177922 -0.191299 -0.209459 -0.217597 -0.172138
-0.223758 -0.169514 -0.181883 -0.209642 -0.217848 -0.163537
-0.223572 -0.16048 -0.172183 -0.209814 -0.218437 -0.154441
-0.224001 -0.151167 -0.162599 -0.21043 -0.219403 -0.145199
-0.224598 -0.141861 -0.1533 -0.211251 -0.220493 -0.135753
-0.225583 -0.132723 -0.144654 -0.212282 -0.221621 -0.126652
-0.226254 -0.124081 -0.136488 -0.213681 -0.222639 -0.117935
-0.227029 -0.116286 -0.129276 -0.215099 -0.223538 -0.110012
-0.227869 -0.109387 -0.123003 -0.216574 -0.224387 -0.102972
-0.228849 -0.103544 -0.117704 -0.218247 -0.225282 -0.0969375
-0.229494 -0.0986289 -0.113579 -0.219782 -0.22621 -0.0920573
-0.230162 -0.0952279 -0.111162 -0.221344 -0.22718 -0.0885382
-0.230881 -0.0933047 -0.110328 -0.222781 -0.227843 -0.0870277
-0.231613 -0.0929165 -0.110505 -0.224136 -0.228576 -0.0870308
-0.232231 -0.0942143 -0.11227 -0.225467 -0.229204 -0.0882466
-0.23272 -0.0970356 -0.115474 -0.226975 -0.229609 -0.0907317
-0.23312 -0.101109 -0.119611 -0.228028 -0.229927 -0.0945625
-0.233483 -0.106213 -0.124708 -0.228954 -0.230177 -0.0997604
-0.233898 -0.112448 -0.131297 -0.229792 -0.230511 -0.105984
-0.234256 -0.119718 -0.138981 -0.230476 -0.230726 -0.113235
-0.234386 -0.127867 -0.14708 -0.231132 -0.230812 -0.121043
-0.234361 -0.136353 -0.155246 -0.231774 -0.230701 -0.12944
-0.234245 -0.145146 -0.16349 -0.232459 -0.230482 -0.138222
-0.23401 -0.153619 -0.171421 -0.232918 -0.230282 -0.146673
-0.233904 -0.161622 -0.179183 -0.232723 -0.23018 -0.154715
-0.23268 -0.170722 -0.191093 -0.230243 -0.228742 -0.163842
-0.231487 -0.180924 -0.206479 -0.22835 -0.227377 -0.17393
-0.230437 -0.190887 -0.220677 -0.226811 -0.225756 -0.183797
-0.228839 -0.200667 -0.233093 -0.224701 -0.223912 -0.19375
-0.226683 -0.209173 -0.237549 -0.221505 -0.221591 -0.203632
-0.223843 -0.210395 -0.236886 -0.217748 -0.218843 -0.211553
-0.220199 -0.208567 -0.234255 -0.213318 -0.215854 -0.211822
-0.217014 -0.208648 -0.232266 -0.208681 -0.21025 -0.211281
-0.210745 -0.208098 -0.2285 -0.205389 -0.205413 -0.212552
-0.20505 -0.20783 -0.225806 -0.201297 -0.199387 -0.212476
-0.198703 -0.207199 -0.225385 -0.19502 -0.193694 -0.211979
-0.192265 -0.206928 -0.224152 -0.187544 -0.187211 -0.212125
-0.184752 -0.206882 -0.223607 -0.178996 -0.179595 -0.21167
-0.176081 -0.206678 -0.223171 -0.170299 -0.171068 -0.21172
-0.166218 -0.206746 -0.222474 -0.161295 -0.161275 -0.211854
-0.155568 -0.207219 -0.222643 -0.152565 -0.150839 -0.212467
-0.144679 -0.208272 -0.22294 -0.144402 -0.140464 -0.213489
-0.133856 -0.209897 -0.223195 -0.136865 -0.130513 -0.214686
-0.12393 -0.21141 -0.223631 -0.130156 -0.121265 -0.216144
-0.115187 -0.212834 -0.224445 -0.124211 -0.11293 -0.217427
-0.107987 -0.214208 -0.225366 -0.119188 -0.105901 -0.218464
-0.102546 -0.215464 -0.226647 -0.114653 -0.100213 -0.219348
-0.0989957 -0.216509 -0.228084 -0.110774 -0.0960721 -0.220143
-0.0971943 -0.217443 -0.229401 -0.107513 -0.0934082 -0.220912
-0.096651 -0.21848 -0.230527 -0.105681 -0.0927246 -0.221836
-0.0973285 -0.219715 -0.231266 -0.105073 -0.0934606 -0.222817
-0.0993644 -0.221085 -0.231881 -0.106047 -0.0958158 -0.224181
-0.102934 -0.222651 -0.232333 -0.108394 -0.0993564 -0.225551
-0.107713 -0.224033 -0.232698 -0.112098 -0.103859 -0.226676
-0.113708 -0.225011 -0.233182 -0.116937 -0.109823 -0.227611
-0.12084 -0.2256 -0.233668 -0.122791 -0.116612 -0.228428
-0.128687 -0.22594 -0.234162 -0.129232 -0.12441 -0.229042
-0.136713 -0.226463 -0.234493 -0.136141 -0.132913 -0.229625
-0.144798 -0.226905 -0.234584 -0.143438 -0.141333 -0.231137
-0.153073 -0.227186 -0.234623 -0.151174 -0.149489 -0.235015
-0.161349 -0.226791 -0.234816 -0.159275 -0.157445 -0.239144
-0.169129 -0.226045 -0.235002 -0.167589 -0.164935 -0.243356
-0.177528 -0.224627 -0.232047 -0.180829 -0.175072 -0.24224
-0.185808 -0.223486 -0.228778 -0.196389 -0.187852 -0.239777
-0.190918 -0.222678 -0.226041 -0.211183 -0.199599 -0.23792
-0.194565 -0.220969 -0.223913 -0.224862 -0.202221 -0.23537
-0.198637 -0.217054 -0.221588 -0.237252 -0.202718 -0.230649
-0.20257 -0.210947 -0.220712 -0.245158 -0.204058 -0.22651
-0.205201 -0.204758 -0.218551 -0.245794 -0.203749 -0.22179
-0.206127 -0.200137 -0.214217 -0.244977 -0.200404 -0.218691
-0.209547 -0.196075 -0.20804 -0.245367 -0.196703 -0.215329
-0.211317 -0.191769 -0.202083 -0.244238 -0.193169 -0.210381
-0.210557 -0.185966 -0.196864 -0.241586 -0.191693 -0.203402
-0.211652 -0.178982 -0.19136 -0.239517 -0.192317 -0.194873
-0.212537 -0.170999 -0.184446 -0.237253 -0.193869 -0.185694
-0.213267 -0.162786 -0.176037 -0.236837 -0.195483 -0.176526
-0.213938 -0.154025 -0.166164 -0.23617 -0.196567 -0.167962
-0.215101 -0.145574 -0.156013 -0.236341 -0.197241 -0.159571
-0.215545 -0.136991 -0.146206 -0.236945 -0.197931 -0.151081
-0.216052 -0.128567 -0.137247 -0.237768 -0.199108 -0.142468
-0.216765 -0.120597 -0.130022 -0.238654 -0.200817 -0.133988
-0.218043 -0.113131 -0.124327 -0.239187 -0.202682 -0.125997
-0.220026 -0.106321 -0.119639 -0.239889 -0.204785 -0.118564
-0.221799 -0.1011 -0.115643 -0.24079 -0.206981 -0.112372
-0.223144 -0.0972666 -0.112301 -0.242081 -0.208727 -0.108038
-0.224451 -0.0945032 -0.109621 -0.243454 -0.21025 -0.105647
-0.225878 -0.0930761 -0.108552 -0.244691 -0.211209 -0.105014
-0.227388 -0.0932526 -0.108579 -0.245453 -0.212422 -0.10555
-0.228813 -0.0946566 -0.11008 -0.246058 -0.214035 -0.106806
-0.230049 -0.0976003 -0.11331 -0.246657 -0.215619 -0.109456
-0.231243 -0.101971 -0.117499 -0.247017 -0.216933 -0.113391
-0.232215 -0.10744 -0.122292 -0.247763 -0.218083 -0.118747
-0.232672 -0.113985 -0.128166 -0.248239 -0.218826 -0.125328
-0.232941 -0.121265 -0.134832 -0.248772 -0.219214 -0.13289
-0.233166 -0.129075 -0.142218 -0.249123 -0.219401 -0.141009
-0.233496 -0.137399 -0.150011 -0.249353 -0.219658 -0.149358
-0.233741 -0.145898 -0.158063 -0.249378 -0.219921 -0.15769
-0.234005 -0.154088 -0.166052 -0.249368 -0.220292 -0.165997
-0.23414 -0.162121 -0.173981 -0.248732 -0.220218 -0.174195
-0.233163 -0.17155 -0.186148 -0.245863 -0.218942 -0.184118
-0.23207 -0.181934 -0.200452 -0.243491 -0.217527 -0.190992
-0.229807 -0.193216 -0.212764 -0.24191 -0.214796 -0.191033
-0.225868 -0.20371 -0.223898 -0.240213 -0.212624 -0.192351
-0.222026 -0.212358 -0.228367 -0.238272 -0.209937 -0.192538
-0.21803 -0.218007 -0.228575 -0.235934 -0.206685 -0.190867
-0.214443 -0.216963 -0.228105 -0.232391 -0.204697 -0.186883
-0.212088 -0.217215 -0.226988 -0.228364 -0.201368 -0.184932
-0.208276 -0.216651 -0.223582 -0.224304 -0.195717 -0.185178
-0.203204 -0.216821 -0.222052 -0.219387 -0.189302 -0.185578
-0.196016 -0.216715 -0.221671 -0.212972 -0.182926 -0.18633
-0.188261 -0.217719 -0.221328 -0.205155 -0.175874 -0.186762
-0.180207 -0.21873 -0.221017 -0.196647 -0.168262 -0.18668
-0.172162 -0.219091 -0.221189 -0.187541 -0.159858 -0.187226
-0.163263 -0.219248 -0.221516 -0.178022 -0.15045 -0.187915
-0.153662 -0.219447 -0.222233 -0.168785 -0.140345 -0.188899
-0.143533 -0.219786 -0.223203 -0.159778 -0.130122 -0.190361
-0.133604 -0.220584 -0.224188 -0.151365 -0.120056 -0.192085
-0.124025 -0.221708 -0.224934 -0.143576 -0.11096 -0.194391
-0.114034 -0.223398 -0.226532 -0.135483 -0.101253 -0.197149
-0.107555 -0.224546 -0.227874 -0.129929 -0.0948711 -0.199293
-0.103029 -0.225711 -0.229216 -0.125423 -0.0901216 -0.201116
-0.100058 -0.226788 -0.230612 -0.121805 -0.0869933 -0.202548
-0.098764 -0.227708 -0.231538 -0.119813 -0.0854469 -0.203664
-0.0981839 -0.228786 -0.232744 -0.118495 -0.0845052 -0.205051
-0.0985862 -0.229916 -0.233826 -0.118374 -0.0851459 -0.206443
-0.100487 -0.230898 -0.234767 -0.119597 -0.0872111 -0.207838
-0.103955 -0.231796 -0.235466 -0.122104 -0.0906358 -0.2093
-0.10874 -0.232449 -0.236178 -0.126081 -0.0954002 -0.21053
-0.114541 -0.233044 -0.2367 -0.131435 -0.101374 -0.211579
-0.121387 -0.233475 -0.23711 -0.137672 -0.108317 -0.21248
-0.129099 -0.233872 -0.237544 -0.144826 -0.116 -0.213143
-0.137119 -0.234161 -0.237764 -0.152313 -0.124166 -0.213615
-0.145694 -0.234422 -0.23787 -0.160347 -0.132491 -0.214009
-0.154105 -0.234623 -0.23793 -0.168805 -0.140617 -0.214366
-0.162265 -0.234687 -0.237784 -0.177452 -0.148603 -0.214756
-0.170283 -0.23421 -0.237353 -0.186582 -0.156578 -0.214487
-0.18045 -0.233065 -0.233635 -0.199486 -0.167362 -0.21311
-0.19223 -0.231972 -0.230859 -0.211736 -0.179974 -0.211899
-0.201106 -0.230625 -0.228999 -0.222251 -0.19056 -0.211227
-0.208502 -0.228873 -0.226494 -0.232926 -0.200291 -0.209441
-0.213729 -0.225753 -0.223714 -0.242341 -0.209735 -0.206339
-0.213258 -0.221113 -0.222011 -0.248543 -0.213034 -0.202719
-0.213735 -0.215741 -0.219657 -0.250254 -0.212922 -0.19615
-0.212899 -0.210063 -0.216781 -0.248241 -0.213714 -0.190575
-0.210812 -0.204981 -0.211988 -0.246438 -0.213528 -0.185676
-0.210062 -0.200229 -0.205633 -0.245124 -0.212559 -0.181646
-0.209457 -0.194399 -0.19826 -0.242778 -0.211687 -0.17595
-0.208809 -0.187509 -0.190729 -0.242397 -0.211713 -0.168675
-0.208325 -0.179635 -0.182654 -0.241575 -0.211886 -0.160239
-0.208642 -0.171141 -0.173757 -0.241001 -0.21246 -0.15142
-0.209317 -0.162098 -0.164282 -0.24087 -0.212945 -0.141997
-0.21037 -0.153115 -0.154959 -0.240701 -0.213938 -0.132567
-0.211032 -0.144045 -0.145981 -0.241361 -0.214896 -0.123108
-0.211866 -0.135217 -0.137406 -0.241855 -0.215857 -0.114085
-0.212698 -0.127049 -0.129845 -0.242849 -0.216903 -0.105724
-0.213275 -0.119706 -0.123206 -0.24384 -0.21758 -0.0979333
-0.213853 -0.113439 -0.117813 -0.245029 -0.218395 -0.0910787
-0.214373 -0.108599 -0.113628 -0.246239 -0.219151 -0.0853312
-0.21498 -0.104684 -0.110244 -0.247391 -0.219831 -0.080967
-0.215737 -0.1022 -0.108464 -0.248386 -0.220422 -0.078357
-0.216399 -0.101007 -0.107882 -0.24945 -0.221169 -0.0776338
-0.216827 -0.101485 -0.108133 -0.250792 -0.221705 -0.0780897
-0.217273 -0.103444 -0.110059 -0.251799 -0.222192 -0.0801771
-0.217814 -0.106743 -0.113351 -0.252472 -0.222649 -0.0837035
-0.21828 -0.111146 -0.11781 -0.253227 -0.22316 -0.0884773
-0.218783 -0.116763 -0.123459 -0.253772 -0.223561 -0.0943018
-0.219008 -0.123617 -0.130271 -0.254274 -0.223883 -0.101216
-0.219276 -0.131446 -0.138153 -0.254803 -0.224107 -0.109164
-0.219431 -0.139842 -0.146204 -0.255246 -0.224161 -0.117402
-0.219547 -0.148237 -0.154205 -0.25556 -0.224266 -0.125985
-0.219585 -0.156622 -0.162425 -0.255747 -0.2243 -0.134567
-0.219798 -0.164723 -0.170265 -0.255795 -0.224205 -0.143106
-0.219571 -0.172911 -0.179005 -0.254686 -0.223896 -0.151807
-0.218224 -0.182593 -0.191594 -0.251527 -0.22249 -0.162852
-0.216898 -0.192951 -0.205486 -0.249378 -0.221193 -0.174983
-0.21507 -0.202843 -0.21741 -0.247323 -0.21942 -0.186775
-0.213067 -0.21196 -0.224573 -0.244806 -0.217151 -0.195489
-0.21023 -0.219527 -0.224967 -0.241808 -0.214074 -0.194816
-0.206554 -0.225789 -0.223083 -0.238756 -0.211704 -0.192428
-0.202152 -0.225202 -0.222099 -0.234813 -0.209326 -0.191471
-0.197037 -0.225152 -0.220044 -0.230927 -0.205026 -0.191025
-0.192348 -0.224861 -0.216685 -0.227156 -0.199084 -0.190941
-0.187385 -0.22461 -0.215969 -0.222047 -0.19271 -0.191425
-0.181049 -0.224352 -0.215494 -0.215456 -0.185974 -0.19134
-0.174028 -0.224845 -0.215083 -0.207539 -0.178382 -0.191043
-0.16583 -0.224977 -0.215197 -0.199142 -0.170201 -0.190726
-0.156802 -0.224771 -0.215565 -0.190293 -0.161216 -0.191028
-0.146697 -0.224519 -0.216384 -0.18105 -0.151603 -0.191649
-0.136001 -0.224515 -0.217063 -0.172069 -0.141608 -0.192905
-0.125459 -0.22503 -0.217925 -0.16323 -0.131342 -0.194773
-0.115468 -0.225964 -0.218818 -0.155049 -0.121322 -0.196793
-0.106185 -0.227201 -0.219878 -0.147384 -0.111705 -0.198833
-0.0981696 -0.228667 -0.221135 -0.14043 -0.103181 -0.200911
-0.0917914 -0.230249 -0.222493 -0.134428 -0.0962939 -0.202795
-0.0870335 -0.23145 -0.223983 -0.129518 -0.0913644 -0.204898
-0.0841862 -0.232277 -0.22563 -0.125674 -0.0882184 -0.208146
-0.0830275 -0.232862 -0.227582 -0.122655 -0.0865527 -0.210809
-0.0828837 -0.233716 -0.228933 -0.121384 -0.0860886 -0.21172
-0.0837116 -0.234603 -0.229672 -0.122304 -0.0880571 -0.212798
-0.0859435 -0.235279 -0.230369 -0.12488 -0.0909103 -0.214364
-0.0901292 -0.235731 -0.231594 -0.128949 -0.0952933 -0.21559
-0.0955603 -0.236102 -0.232335 -0.133913 -0.100899 -0.216467
-0.102238 -0.236622 -0.232779 -0.139943 -0.107455 -0.217154
-0.109868 -0.237136 -0.233174 -0.146644 -0.115004 -0.217736
-0.118066 -0.237477 -0.233464 -0.154126 -0.122764 -0.218313
-0.126425 -0.237608 -0.233865 -0.162352 -0.130827 -0.218494
-0.134904 -0.237436 -0.234124 -0.170857 -0.139013 -0.218588
-0.143131 -0.237285 -0.234327 -0.179699 -0.147407 -0.21861
-0.151017 -0.236996 -0.234577 -0.187941 -0.155379 -0.218609
-0.159641 -0.235855 -0.23288 -0.198279 -0.16388 -0.217681
-0.171751 -0.234246 -0.229442 -0.211776 -0.174202 -0.216453
-0.184413 -0.232987 -0.227421 -0.223268 -0.184756 -0.215458
-0.195155 -0.231531 -0.22527 -0.233931 -0.192576 -0.214493
-0.202268 -0.229445 -0.222622 -0.239683 -0.199845 -0.212277
-0.201424 -0.22576 -0.220332 -0.239234 -0.206972 -0.209488
-0.201523 -0.223235 -0.217538 -0.23693 -0.213374 -0.206297
-0.200819 -0.220259 -0.214388 -0.235211 -0.21385 -0.202132
-0.200604 -0.216621 -0.21145 -0.2325 -0.214478 -0.197214
-0.20057 -0.211214 -0.207532 -0.229961 -0.215695 -0.192433
-0.200887 -0.204885 -0.201899 -0.228124 -0.216377 -0.187009
-0.20126 -0.198176 -0.194808 -0.226994 -0.216475 -0.180454
-0.201791 -0.190776 -0.186249 -0.226451 -0.216949 -0.17292
-0.201994 -0.182755 -0.176888 -0.226311 -0.217241 -0.164487
-0.202339 -0.174054 -0.16738 -0.226195 -0.218064 -0.155343
-0.203227 -0.164825 -0.158235 -0.226444 -0.219193 -0.145765
-0.204662 -0.15545 -0.149393 -0.22682 -0.220442 -0.136196
-0.206258 -0.146057 -0.141195 -0.227283 -0.222004 -0.126878
-0.208103 -0.137085 -0.133654 -0.228053 -0.223379 -0.118064
-0.2097 -0.128667 -0.126854 -0.228905 -0.224836 -0.109906
-0.21115 -0.121246 -0.120957 -0.229973 -0.226079 -0.102172
-0.212483 -0.115137 -0.115843 -0.231313 -0.227135 -0.0955497
-0.213433 -0.110727 -0.111694 -0.232984 -0.227957 -0.0900427
-0.21423 -0.107581 -0.10857 -0.234579 -0.228594 -0.0859652
-0.214945 -0.105481 -0.106598 -0.235965 -0.229167 -0.0837374
-0.215514 -0.104427 -0.106042 -0.237392 -0.229807 -0.0831475
-0.216435 -0.104999 -0.106571 -0.238325 -0.230623 -0.0836452
-0.217483 -0.107008 -0.108558 -0.239223 -0.231345 -0.0854106
-0.218413 -0.110457 -0.111927 -0.239913 -0.231794 -0.0886597
-0.219292 -0.115333 -0.116427 -0.240644 -0.232407 -0.0933775
-0.219598 -0.121236 -0.122138 -0.241306 -0.232727 -0.0994999
-0.219788 -0.128039 -0.128846 -0.241731 -0.232846 -0.106732
-0.220137 -0.13556 -0.136409 -0.242056 -0.232992 -0.114787
-0.220395 -0.143623 -0.144691 -0.242262 -0.232961 -0.123014
-0.220527 -0.152041 -0.152816 -0.242404 -0.232997 -0.131578
-0.220598 -0.160691 -0.160952 -0.242596 -0.232884 -0.140465
-0.220608 -0.169025 -0.168771 -0.242564 -0.23262 -0.149031
-0.219659 -0.177584 -0.178197 -0.24086 -0.231785 -0.158162
-0.218217 -0.187274 -0.191832 -0.23789 -0.230315 -0.169122
-0.216558 -0.192237 -0.206306 -0.235815 -0.228965 -0.180689
-0.213531 -0.192258 -0.218524 -0.234036 -0.226505 -0.192351
-0.211244 -0.192168 -0.225355 -0.232063 -0.222294 -0.202936
-0.20855 -0.190842 -0.22656 -0.230558 -0.218048 -0.20382
-0.20585 -0.189167 -0.22552 -0.228241 -0.214494 -0.203989
-0.203282 -0.188199 -0.225498 -0.224708 -0.213121 -0.205332
-0.199727 -0.187253 -0.22436 -0.221265 -0.209488 -0.205027
-0.194794 -0.186888 -0.222288 -0.216821 -0.205273 -0.204781
-0.18862 -0.187022 -0.220856 -0.21099 -0.199314 -0.205264
-0.181504 -0.188353 -0.220569 -0.20405 -0.192457 -0.206046
-0.173592 -0.189973 -0.220626 -0.196025 -0.184543 -0.206896
-0.16515 -0.191093 -0.220602 -0.18708 -0.176113 -0.207114
-0.156617 -0.192127 -0.221144 -0.177583 -0.167164 -0.207434
-0.147185 -0.193159 -0.222145 -0.167952 -0.157768 -0.207707
-0.137447 -0.194346 -0.223433 -0.15858 -0.148137 -0.208204
-0.127464 -0.195886 -0.224332 -0.149927 -0.138272 -0.209293
-0.117678 -0.197753 -0.224968 -0.142267 -0.128685 -0.210983
-0.108244 -0.200393 -0.226309 -0.13443 -0.118121 -0.213179
-0.0998094 -0.201946 -0.227314 -0.129666 -0.111975 -0.214571
-0.0920325 -0.204069 -0.228821 -0.123571 -0.104724 -0.216263
-0.0875775 -0.205865 -0.230391 -0.119025 -0.100578 -0.217223
-0.0852173 -0.207392 -0.231631 -0.115462 -0.0978543 -0.218037
-0.0844467 -0.209031 -0.232733 -0.113142 -0.0965632 -0.21894
-0.0846859 -0.210958 -0.233685 -0.112257 -0.0966934 -0.219983
-0.0862377 -0.213077 -0.234411 -0.11282 -0.0984114 -0.221092
-0.0895737 -0.214905 -0.235081 -0.114849 -0.101525 -0.222122
-0.0942033 -0.216623 -0.235752 -0.11822 -0.106034 -0.222958
-0.100066 -0.217751 -0.236393 -0.12302 -0.111505 -0.223513
-0.107074 -0.21867 -0.23698 -0.12895 -0.118235 -0.224013
-0.114453 -0.219578 -0.237394 -0.135659 -0.126021 -0.224171
-0.122357 -0.220564 -0.237549 -0.143 -0.134131 -0.224237
-0.130712 -0.221179 -0.237668 -0.150792 -0.142224 -0.224283
-0.139138 -0.221557 -0.237689 -0.159204 -0.150364 -0.224219
-0.147272 -0.221924 -0.237514 -0.167864 -0.158523 -0.224053
-0.155125 -0.222071 -0.237564 -0.176642 -0.16633 -0.22338
-0.164483 -0.221173 -0.23517 -0.188282 -0.175597 -0.221884
-0.176731 -0.220163 -0.231463 -0.201998 -0.187123 -0.220396
-0.188034 -0.219391 -0.22947 -0.21335 -0.197821 -0.219446
-0.196943 -0.218309 -0.226798 -0.215268 -0.206544 -0.217957
-0.204337 -0.217144 -0.223577 -0.2146 -0.209238 -0.216534
-0.211076 -0.214794 -0.220096 -0.213462 -0.209203 -0.214111
-0.212414 -0.210061 -0.217865 -0.21015 -0.208854 -0.212359
-0.214659 -0.206139 -0.216366 -0.206442 -0.210232 -0.208309
-0.215467 -0.201804 -0.213868 -0.20431 -0.21183 -0.203684
-0.215805 -0.19718 -0.209195 -0.202217 -0.212668 -0.199214
-0.216448 -0.190973 -0.202151 -0.200984 -0.213161 -0.19391
-0.217302 -0.183728 -0.193943 -0.200114 -0.21336 -0.187677
-0.217976 -0.17575 -0.185334 -0.200097 -0.213494 -0.180016
-0.218084 -0.166959 -0.176308 -0.20017 -0.213925 -0.171294
-0.218242 -0.157725 -0.167008 -0.200382 -0.21457 -0.161764
-0.218714 -0.148131 -0.157578 -0.201422 -0.215255 -0.152047
-0.219321 -0.138479 -0.148481 -0.202512 -0.215868 -0.142302
-0.220073 -0.128934 -0.139914 -0.204021 -0.216552 -0.132747
-0.220927 -0.119968 -0.132332 -0.205528 -0.217335 -0.123802
-0.221852 -0.111556 -0.125934 -0.207193 -0.218479 -0.11568
-0.223006 -0.103807 -0.120641 -0.208983 -0.219732 -0.108386
-0.224017 -0.0972781 -0.116115 -0.210772 -0.220814 -0.101953
-0.224903 -0.0921437 -0.112175 -0.21274 -0.222003 -0.0966798
-0.225674 -0.0887738 -0.109287 -0.214489 -0.223015 -0.0930733
-0.226432 -0.0867582 -0.107859 -0.216345 -0.22397 -0.0914105
-0.227041 -0.0864333 -0.107395 -0.218068 -0.225064 -0.0912656
-0.227744 -0.0876202 -0.108291 -0.219765 -0.225947 -0.0921584
-0.228848 -0.0903276 -0.111182 -0.220788 -0.226878 -0.0944058
-0.230051 -0.0944985 -0.115351 -0.221654 -0.227643 -0.0977141
-0.231077 -0.100136 -0.120328 -0.222505 -0.228617 -0.102499
-0.231515 -0.106675 -0.126611 -0.223315 -0.229384 -0.108603
-0.231694 -0.113798 -0.133902 -0.224259 -0.229881 -0.116106
-0.231895 -0.121364 -0.141657 -0.224855 -0.230164 -0.124628
-0.232183 -0.129364 -0.149595 -0.225197 -0.230301 -0.133235
-0.232364 -0.1378 -0.157836 -0.22563 -0.230564 -0.141639
-0.232362 -0.146339 -0.165886 -0.226014 -0.230654 -0.149864
-0.232236 -0.154867 -0.173608 -0.22619 -0.230454 -0.157796
-0.230891 -0.164341 -0.184203 -0.224439 -0.229271 -0.166777
-0.229197 -0.175578 -0.199567 -0.222569 -0.227809 -0.176789
-0.227655 -0.186855 -0.214722 -0.221112 -0.226244 -0.186618
-0.226409 -0.195913 -0.225396 -0.219569 -0.224888 -0.19416
-0.224387 -0.20592 -0.231822 -0.216552 -0.222651 -0.203391
-0.222601 -0.214165 -0.232837 -0.212571 -0.220771 -0.208636
-0.220246 -0.217323 -0.230815 -0.208031 -0.218711 -0.205472
-0.214855 -0.217456 -0.22822 -0.203797 -0.215859 -0.204249
-0.209071 -0.218099 -0.224133 -0.200235 -0.21026 -0.204531
-0.202843 -0.217803 -0.220836 -0.197415 -0.203073 -0.205223
-0.197712 -0.217332 -0.220101 -0.192281 -0.197527 -0.204705
-0.191714 -0.217528 -0.218118 -0.185044 -0.191482 -0.203263
-0.185098 -0.218328 -0.217153 -0.176679 -0.184224 -0.202436
-0.177217 -0.218471 -0.217184 -0.167892 -0.17574 -0.202168
-0.168317 -0.218268 -0.217256 -0.158974 -0.166534 -0.202212
-0.158212 -0.218228 -0.217902 -0.150189 -0.157103 -0.202537
-0.145691 -0.219334 -0.218625 -0.140825 -0.145464 -0.203524
-0.135388 -0.220526 -0.219351 -0.133943 -0.135612 -0.204941
-0.125664 -0.221894 -0.220215 -0.127762 -0.126082 -0.206673
-0.116837 -0.223235 -0.221308 -0.122259 -0.117297 -0.208377
-0.109375 -0.224508 -0.222529 -0.117354 -0.109654 -0.209666
-0.103458 -0.225661 -0.223995 -0.112811 -0.103238 -0.210795
-0.0992228 -0.226719 -0.225465 -0.109003 -0.0982303 -0.211722
-0.0967041 -0.227649 -0.226727 -0.105814 -0.0950456 -0.212898
-0.0958884 -0.228289 -0.228448 -0.103258 -0.0935284 -0.213823
-0.0962279 -0.229097 -0.229994 -0.102004 -0.0938244 -0.214676
-0.0984575 -0.229891 -0.230855 -0.102365 -0.0956542 -0.215551
-0.102252 -0.230898 -0.231563 -0.104264 -0.0988314 -0.216528
-0.106948 -0.231774 -0.23218 -0.10737 -0.102977 -0.217649
-0.112489 -0.232399 -0.232783 -0.111493 -0.108462 -0.21845
-0.119269 -0.232854 -0.233425 -0.117005 -0.114921 -0.219153
-0.126539 -0.233231 -0.233961 -0.123201 -0.122411 -0.219667
-0.134299 -0.233695 -0.234136 -0.129658 -0.130672 -0.21995
-0.142319 -0.234076 -0.234251 -0.136862 -0.139135 -0.220256
-0.150482 -0.23438 -0.234203 -0.144904 -0.147445 -0.220487
-0.158532 -0.234395 -0.234227 -0.153043 -0.155656 -0.22089
-0.166335 -0.234257 -0.234319 -0.161467 -0.163571 -0.221008
-0.175254 -0.233155 -0.23203 -0.173 -0.172649 -0.219696
-0.186467 -0.232012 -0.228386 -0.186352 -0.184204 -0.218171
-0.196364 -0.231917 -0.225795 -0.186353 -0.194958 -0.218105
-0.203411 -0.231664 -0.222112 -0.187573 -0.203881 -0.218166
-0.208006 -0.230771 -0.217808 -0.187992 -0.208109 -0.217693
-0.208472 -0.227608 -0.215563 -0.184662 -0.208273 -0.215309
-0.211794 -0.224754 -0.214912 -0.181322 -0.210243 -0.212565
-0.212301 -0.220876 -0.214178 -0.178721 -0.212823 -0.207903
-0.212323 -0.216525 -0.211024 -0.177233 -0.214844 -0.203371
-0.2125 -0.211211 -0.205954 -0.175705 -0.215608 -0.198557
-0.21338 -0.204871 -0.199093 -0.174729 -0.215574 -0.192646
-0.21369 -0.197745 -0.191423 -0.174552 -0.216001 -0.185427
-0.213932 -0.189835 -0.183014 -0.174964 -0.216915 -0.176895
-0.214414 -0.181054 -0.174575 -0.175005 -0.218267 -0.167631
-0.21566 -0.171667 -0.165846 -0.175356 -0.219824 -0.158075
-0.217238 -0.162085 -0.156725 -0.176036 -0.221522 -0.14844
-0.2189 -0.152852 -0.147847 -0.176771 -0.223201 -0.13876
-0.220519 -0.14383 -0.139398 -0.177971 -0.22518 -0.129349
-0.221871 -0.135192 -0.131558 -0.179622 -0.227118 -0.12061
-0.223299 -0.127194 -0.124879 -0.182228 -0.228625 -0.112716
-0.224312 -0.120022 -0.11922 -0.184941 -0.229921 -0.105865
-0.224844 -0.11391 -0.114315 -0.187932 -0.23062 -0.0997572
-0.225493 -0.108897 -0.110245 -0.190863 -0.231404 -0.094523
-0.226383 -0.105206 -0.107252 -0.193484 -0.232302 -0.090385
-0.227048 -0.102455 -0.105614 -0.195932 -0.233171 -0.0877053
-0.228145 -0.101072 -0.105678 -0.198205 -0.234479 -0.0867598
-0.22951 -0.101414 -0.106506 -0.200083 -0.235918 -0.0870615
-0.230992 -0.103274 -0.108864 -0.201659 -0.237207 -0.0890558
-0.232389 -0.106917 -0.112429 -0.202988 -0.238501 -0.0923193
-0.233391 -0.112152 -0.116954 -0.204371 -0.239398 -0.0970355
-0.234105 -0.118475 -0.12262 -0.20573 -0.240054 -0.103204
-0.234484 -0.125471 -0.129195 -0.207151 -0.240592 -0.110558
-0.234705 -0.133163 -0.136545 -0.208225 -0.240789 -0.118822
-0.234842 -0.141116 -0.144562 -0.209125 -0.24107 -0.127099
-0.235149 -0.14925 -0.152747 -0.209643 -0.241127 -0.135422
-0.235285 -0.157674 -0.160935 -0.210053 -0.24122 -0.143803
-0.235448 -0.165759 -0.168633 -0.210233 -0.241268 -0.151869
-0.234648 -0.174323 -0.17883 -0.208761 -0.240614 -0.160583
-0.233261 -0.183805 -0.194734 -0.206619 -0.239281 -0.170492
-0.232142 -0.192277 -0.211547 -0.205266 -0.238043 -0.180356
-0.229584 -0.192286 -0.225347 -0.20358 -0.236368 -0.190269
-0.226351 -0.192649 -0.238103 -0.201277 -0.232583 -0.200296
-0.222534 -0.192214 -0.249922 -0.1993 -0.226581 -0.201901
-0.216554 -0.192292 -0.261485 -0.19783 -0.219704 -0.202022
-0.210099 -0.191839 -0.267592 -0.195457 -0.213371 -0.202003
-0.20461 -0.189832 -0.267813 -0.191274 -0.208068 -0.200993
-0.200551 -0.187034 -0.266126 -0.185281 -0.204369 -0.197854
-0.196704 -0.185385 -0.26469 -0.178032 -0.200378 -0.194807
-0.191061 -0.185098 -0.262529 -0.171008 -0.194336 -0.19412
-0.183684 -0.185658 -0.260957 -0.163423 -0.186633 -0.194386
-0.174704 -0.186534 -0.259825 -0.15524 -0.177846 -0.195222
-0.165 -0.188253 -0.259179 -0.146887 -0.168715 -0.196121
-0.155498 -0.190302 -0.258892 -0.138997 -0.15958 -0.196788
-0.146658 -0.192127 -0.258862 -0.131654 -0.150554 -0.197598
-0.138127 -0.193846 -0.259311 -0.12508 -0.141504 -0.198237
-0.129701 -0.195199 -0.259963 -0.119126 -0.13279 -0.19935
-0.121517 -0.196663 -0.260578 -0.113716 -0.124399 -0.200667
-0.113841 -0.198372 -0.261242 -0.10905 -0.116817 -0.201849
-0.107171 -0.200196 -0.261768 -0.105268 -0.110249 -0.203324
-0.102447 -0.202269 -0.262402 -0.102172 -0.105029 -0.204858
-0.0994209 -0.203899 -0.262796 -0.100109 -0.101773 -0.206182
-0.0984283 -0.205261 -0.263354 -0.0986093 -0.100659 -0.207318
-0.0984559 -0.206157 -0.263723 -0.0974759 -0.10114 -0.207979
-0.100109 -0.207574 -0.264096 -0.0960326 -0.103862 -0.208991
-0.10288 -0.208627 -0.26431 -0.0962066 -0.107611 -0.209724
-0.106881 -0.209898 -0.263998 -0.0977733 -0.112309 -0.210615
-0.112114 -0.210979 -0.26374 -0.10076 -0.117815 -0.211402
-0.118393 -0.211911 -0.263434 -0.105198 -0.124461 -0.212257
-0.125751 -0.212761 -0.262977 -0.110636 -0.131996 -0.212927
-0.133726 -0.213557 -0.262513 -0.116484 -0.140296 -0.213223
-0.142173 -0.21407 -0.262195 -0.122932 -0.148971 -0.213438
-0.150624 -0.214526 -0.261739 -0.129705 -0.157358 -0.213555
-0.158916 -0.214973 -0.26119 -0.137127 -0.165553 -0.213504
-0.166893 -0.214836 -0.26027 -0.145456 -0.173372 -0.213365
-0.176604 -0.21398 -0.257208 -0.156066 -0.182715 -0.212255
-0.188825 -0.213171 -0.254902 -0.168222 -0.194435 -0.211042
-0.200333 -0.212494 -0.253179 -0.179279 -0.206257 -0.210014
-0.20874 -0.211064 -0.250103 -0.190159 -0.215351 -0.208621
-0.216432 -0.208918 -0.247384 -0.200516 -0.223423 -0.205973
-0.223641 -0.205292 -0.244083 -0.208968 -0.230735 -0.202453
-0.223669 -0.200727 -0.240424 -0.214391 -0.235209 -0.198337
-0.222938 -0.196 -0.237012 -0.213669 -0.235246 -0.192363
-0.221618 -0.191401 -0.234173 -0.210532 -0.235013 -0.185987
-0.220087 -0.186702 -0.230052 -0.207968 -0.234122 -0.180607
-0.219092 -0.18117 -0.224572 -0.206146 -0.233078 -0.175781
-0.218398 -0.174396 -0.217661 -0.204517 -0.232232 -0.169766
-0.218011 -0.166735 -0.209621 -0.203808 -0.231999 -0.162392
-0.218036 -0.158438 -0.200995 -0.203169 -0.231713 -0.15406
-0.218599 -0.149614 -0.191959 -0.203018 -0.231971 -0.14524
-0.219038 -0.14211 -0.184349 -0.203432 -0.232155 -0.137933
-0.219775 -0.132765 -0.174791 -0.204428 -0.232538 -0.128946
-0.220683 -0.12338 -0.165169 -0.205745 -0.232738 -0.119906
-0.22161 -0.11277 -0.154171 -0.207444 -0.232903 -0.109786
-0.222168 -0.106117 -0.147246 -0.208688 -0.233155 -0.10333
-0.223044 -0.0968803 -0.138217 -0.210781 -0.233811 -0.0943456
-0.223382 -0.0914474 -0.133541 -0.212263 -0.234086 -0.0891295
-0.223946 -0.0856795 -0.128766 -0.214063 -0.234302 -0.0838093
-0.224569 -0.081618 -0.126069 -0.215945 -0.234597 -0.0797863
-0.225348 -0.0792755 -0.125081 -0.218206 -0.234827 -0.0772868
-0.225791 -0.0790506 -0.125406 -0.220127 -0.23461 -0.0771877
-0.225879 -0.0801267 -0.126953 -0.221945 -0.234482 -0.0780916
-0.226237 -0.0825255 -0.129858 -0.22352 -0.234388 -0.0803502
-0.226473 -0.0860232 -0.133902 -0.224839 -0.234263 -0.0838979
-0.226951 -0.0908107 -0.1392 -0.225837 -0.234404 -0.0886066
-0.227285 -0.0967462 -0.145645 -0.226547 -0.234673 -0.094472
-0.22778 -0.103778 -0.15321 -0.227328 -0.234955 -0.101356
-0.228088 -0.111594 -0.161269 -0.228133 -0.235058 -0.109146
-0.228114 -0.119804 -0.169261 -0.228847 -0.235049 -0.117356
-0.228047 -0.128258 -0.177499 -0.229431 -0.234921 -0.125979
-0.228156 -0.136542 -0.185549 -0.229853 -0.2346 -0.134463
-0.228217 -0.144629 -0.193272 -0.230099 -0.234435 -0.142656
-0.227531 -0.153237 -0.203626 -0.228382 -0.233088 -0.151989
-0.22653 -0.162619 -0.217769 -0.226527 -0.231332 -0.163254
-0.22519 -0.17181 -0.231012 -0.225164 -0.229677 -0.17483
-0.22359 -0.181115 -0.238109 -0.223169 -0.228043 -0.186321
-0.222377 -0.189166 -0.23919 -0.22024 -0.226588 -0.197451
-0.22162 -0.196177 -0.238242 -0.216125 -0.225818 -0.206956
-0.220018 -0.204332 -0.237906 -0.211416 -0.224517 -0.208776
-0.215306 -0.214134 -0.234851 -0.207242 -0.219732 -0.207717
-0.208318 -0.214841 -0.229949 -0.20302 -0.215339 -0.20799
-0.199868 -0.215767 -0.225971 -0.199048 -0.207316 -0.208687
-0.193973 -0.215472 -0.223695 -0.194071 -0.199498 -0.208378
-0.186779 -0.214642 -0.221634 -0.1868 -0.192388 -0.20841
-0.17984 -0.215087 -0.219528 -0.17824 -0.18533 -0.206713
-0.172391 -0.215118 -0.218477 -0.169104 -0.177348 -0.205443
-0.163806 -0.214748 -0.218261 -0.159755 -0.168556 -0.204751
-0.154023 -0.214463 -0.218456 -0.150823 -0.159057 -0.204397
-0.143537 -0.214701 -0.218377 -0.142629 -0.149385 -0.20488
-0.132899 -0.21585 -0.218617 -0.135358 -0.139711 -0.205819
-0.122949 -0.217262 -0.218904 -0.129004 -0.130257 -0.207195
-0.114549 -0.21883 -0.220012 -0.123527 -0.121714 -0.208744
-0.107583 -0.220246 -0.221351 -0.118748 -0.114129 -0.210416
-0.102147 -0.221765 -0.223119 -0.114691 -0.107874 -0.211733
-0.0981479 -0.223106 -0.224576 -0.110937 -0.103016 -0.212835
-0.0953232 -0.22439 -0.225992 -0.107864 -0.0998585 -0.214018
-0.0942028 -0.225229 -0.2277 -0.105516 -0.098438 -0.215223
-0.0941508 -0.226015 -0.229208 -0.104412 -0.0987359 -0.216468
-0.0954501 -0.226865 -0.230482 -0.104615 -0.100466 -0.217668
-0.098561 -0.22775 -0.231718 -0.106327 -0.10338 -0.218731
-0.103046 -0.228801 -0.233066 -0.109121 -0.107276 -0.21975
-0.108538 -0.229616 -0.233911 -0.113249 -0.112436 -0.220688
-0.114991 -0.230005 -0.23491 -0.118323 -0.118705 -0.22126
-0.122343 -0.230427 -0.235823 -0.124438 -0.125989 -0.221754
-0.129983 -0.230809 -0.236417 -0.130999 -0.13404 -0.222104
-0.137797 -0.231085 -0.236946 -0.138031 -0.14253 -0.222456
-0.145562 -0.231466 -0.237057 -0.14587 -0.150865 -0.222709
-0.153349 -0.23164 -0.237305 -0.154856 -0.158931 -0.222702
-0.160865 -0.231158 -0.237567 -0.162844 -0.166619 -0.222593
-0.170003 -0.230249 -0.235262 -0.173423 -0.175689 -0.221573
-0.181754 -0.229202 -0.23196 -0.185713 -0.187289 -0.220322
-0.192339 -0.228496 -0.230171 -0.196779 -0.193324 -0.219566
-0.199985 -0.227461 -0.228954 -0.208086 -0.193649 -0.218834
-0.204149 -0.224645 -0.228034 -0.218515 -0.195202 -0.218018
-0.209311 -0.21977 -0.227566 -0.225486 -0.196543 -0.215779
-0.212896 -0.214798 -0.225261 -0.226648 -0.196512 -0.212941
-0.214525 -0.211565 -0.220413 -0.22538 -0.193029 -0.209796
-0.217672 -0.207882 -0.213417 -0.224964 -0.190195 -0.20571
-0.223348 -0.202999 -0.206671 -0.223336 -0.187082 -0.200058
-0.230396 -0.19679 -0.200202 -0.221599 -0.184609 -0.193157
-0.229257 -0.188962 -0.19397 -0.219088 -0.183312 -0.185024
-0.229122 -0.180709 -0.187273 -0.21651 -0.183931 -0.175549
-0.229576 -0.171778 -0.179497 -0.213791 -0.18513 -0.16526
-0.230357 -0.162543 -0.170306 -0.212537 -0.186658 -0.155249
-0.231234 -0.153412 -0.16045 -0.211854 -0.187787 -0.145983
-0.232397 -0.144679 -0.150433 -0.211891 -0.188877 -0.137065
-0.232782 -0.136059 -0.141109 -0.212697 -0.190115 -0.128273
-0.233309 -0.12778 -0.133033 -0.213891 -0.191585 -0.119837
-0.234073 -0.120135 -0.126639 -0.215128 -0.193167 -0.112225
-0.235058 -0.113133 -0.121276 -0.216516 -0.195133 -0.105216
-0.236257 -0.107118 -0.116679 -0.217973 -0.197324 -0.0988229
-0.23746 -0.102296 -0.113025 -0.219381 -0.199471 -0.0936488
-0.238847 -0.0989352 -0.110119 -0.221083 -0.201638 -0.0899134
-0.240126 -0.0967627 -0.108255 -0.222841 -0.203612 -0.0879665
-0.241305 -0.0962124 -0.10756 -0.224508 -0.205571 -0.0876912
-0.242375 -0.0971967 -0.108162 -0.225963 -0.20761 -0.0884696
-0.243763 -0.0995945 -0.110463 -0.227001 -0.209557 -0.0906024
-0.245016 -0.103255 -0.114247 -0.227859 -0.211527 -0.094087
-0.246072 -0.108166 -0.119249 -0.22872 -0.213359 -0.0989253
-0.246512 -0.114171 -0.125201 -0.229894 -0.215051 -0.104988
-0.246703 -0.121222 -0.132081 -0.230984 -0.216208 -0.112489
-0.246887 -0.128945 -0.13962 -0.231964 -0.217046 -0.120687
-0.246801 -0.137411 -0.147536 -0.232719 -0.217611 -0.128964
-0.246755 -0.145986 -0.155503 -0.233256 -0.218018 -0.137319
-0.246714 -0.154372 -0.163553 -0.233726 -0.218653 -0.14553
-0.246553 -0.162621 -0.171512 -0.233683 -0.219241 -0.153469
-0.245208 -0.172495 -0.183894 -0.231575 -0.218608 -0.162228
-0.243765 -0.183875 -0.200017 -0.229722 -0.217744 -0.171134
-0.242278 -0.195961 -0.215101 -0.228241 -0.216573 -0.1796
-0.240445 -0.208119 -0.228128 -0.226294 -0.214832 -0.188235
-0.237901 -0.218888 -0.239001 -0.223444 -0.212537 -0.196184
-0.234321 -0.227618 -0.244519 -0.219723 -0.209882 -0.202402
-0.230535 -0.234979 -0.248586 -0.215146 -0.206235 -0.207977
-0.225852 -0.239774 -0.249307 -0.209178 -0.201823 -0.213852
-0.219423 -0.238406 -0.247968 -0.203002 -0.196717 -0.220066
-0.213853 -0.235888 -0.245464 -0.197217 -0.189535 -0.227067
-0.20715 -0.232793 -0.240997 -0.191336 -0.181251 -0.233357
-0.200861 -0.229683 -0.237513 -0.184895 -0.172989 -0.240234
-0.194327 -0.225472 -0.235075 -0.177409 -0.164822 -0.24344
-0.186245 -0.221531 -0.231108 -0.169462 -0.155342 -0.2406
-0.175901 -0.218724 -0.22599 -0.161034 -0.147307 -0.238021
-0.164723 -0.216938 -0.221113 -0.152856 -0.137704 -0.23724
-0.15451 -0.214809 -0.219521 -0.144949 -0.128353 -0.236681
-0.145854 -0.213006 -0.218005 -0.137609 -0.119605 -0.235911
-0.139121 -0.212504 -0.216353 -0.131013 -0.111631 -0.23507
-0.132786 -0.212188 -0.216161 -0.12506 -0.103935 -0.233966
-0.127129 -0.212049 -0.216129 -0.120181 -0.0970257 -0.233674
-0.121929 -0.211644 -0.217138 -0.115781 -0.0907481 -0.233836
-0.117782 -0.212007 -0.218956 -0.112048 -0.0863315 -0.233836
-0.115221 -0.212735 -0.220016 -0.109271 -0.0839518 -0.233922
-0.113939 -0.213458 -0.221702 -0.107621 -0.0827313 -0.234238
-0.114043 -0.214187 -0.223643 -0.107287 -0.0832415 -0.235074
-0.115599 -0.215021 -0.225496 -0.108217 -0.0851213 -0.236137
-0.118471 -0.216006 -0.226897 -0.110558 -0.0884429 -0.236905
-0.122869 -0.217143 -0.228412 -0.11387 -0.0929245 -0.237713
-0.128836 -0.21803 -0.230188 -0.11819 -0.0983643 -0.238161
-0.135776 -0.218687 -0.231976 -0.123646 -0.104769 -0.23848
-0.143437 -0.219123 -0.233344 -0.129947 -0.111824 -0.238848
-0.151217 -0.219653 -0.234471 -0.136779 -0.119447 -0.239277
-0.158902 -0.220294 -0.235148 -0.144145 -0.127735 -0.239627
-0.166395 -0.220897 -0.235822 -0.152312 -0.136032 -0.239976
-0.173377 -0.221316 -0.236283 -0.161039 -0.144057 -0.240201
-0.180307 -0.221575 -0.236663 -0.169031 -0.151945 -0.240094
-0.188863 -0.221052 -0.234242 -0.180625 -0.162319 -0.238977
-0.199071 -0.220427 -0.232154 -0.193892 -0.175279 -0.237984
-0.206699 -0.219602 -0.230848 -0.201686 -0.179445 -0.23732
-0.212611 -0.217963 -0.229214 -0.200936 -0.181048 -0.236262
-0.217435 -0.21475 -0.227571 -0.199975 -0.183424 -0.235595
-0.217826 -0.211463 -0.225168 -0.19966 -0.184205 -0.234047
-0.218175 -0.208549 -0.222865 -0.199026 -0.184022 -0.231005
-0.21754 -0.205222 -0.219937 -0.198499 -0.184702 -0.226607
-0.217411 -0.200813 -0.215723 -0.198176 -0.185451 -0.221328
-0.217855 -0.194901 -0.209961 -0.197406 -0.186734 -0.215214
-0.218718 -0.187976 -0.202895 -0.196968 -0.187767 -0.208102
-0.219801 -0.180252 -0.194843 -0.197284 -0.189574 -0.200133
-0.220974 -0.171896 -0.185942 -0.197632 -0.191703 -0.191507
-0.222276 -0.162788 -0.176516 -0.198096 -0.19371 -0.182544
-0.224014 -0.153433 -0.166494 -0.198733 -0.195788 -0.173174
-0.225922 -0.144013 -0.156638 -0.199753 -0.198038 -0.163553
-0.227591 -0.134817 -0.147122 -0.200864 -0.200207 -0.154012
-0.229507 -0.125721 -0.138202 -0.202146 -0.202458 -0.144734
-0.231413 -0.117102 -0.130319 -0.203842 -0.204564 -0.136099
-0.233361 -0.109218 -0.123724 -0.205509 -0.206592 -0.128176
-0.23489 -0.102355 -0.118066 -0.20733 -0.208453 -0.121183
-0.236539 -0.0964142 -0.113233 -0.208989 -0.210098 -0.115386
-0.238178 -0.0916298 -0.109405 -0.210704 -0.211512 -0.110858
-0.239787 -0.088221 -0.106593 -0.212201 -0.212901 -0.107613
-0.241102 -0.0863055 -0.105574 -0.213596 -0.21435 -0.105995
-0.242563 -0.0861232 -0.105666 -0.214935 -0.215722 -0.106133
-0.243738 -0.0874178 -0.106918 -0.215756 -0.217009 -0.107342
-0.244962 -0.0901146 -0.109735 -0.216507 -0.218094 -0.109982
-0.246316 -0.0940852 -0.113725 -0.216852 -0.219026 -0.113788
-0.247242 -0.0993259 -0.118716 -0.217396 -0.219866 -0.118763
-0.247604 -0.105675 -0.124941 -0.217828 -0.220522 -0.125176
-0.247692 -0.112888 -0.131955 -0.218511 -0.220773 -0.132831
-0.247679 -0.120632 -0.139584 -0.218896 -0.220696 -0.141291
-0.247583 -0.128791 -0.147724 -0.219173 -0.220682 -0.149916
-0.247428 -0.137312 -0.156051 -0.219313 -0.220571 -0.158291
-0.247386 -0.145755 -0.164168 -0.219476 -0.220222 -0.166414
-0.247073 -0.154414 -0.172551 -0.218987 -0.219722 -0.174521
-0.24537 -0.164999 -0.185982 -0.21646 -0.218052 -0.182911
-0.243997 -0.177045 -0.202973 -0.214847 -0.216508 -0.1909
-0.242834 -0.189275 -0.21847 -0.212997 -0.214658 -0.197629
-0.241385 -0.201166 -0.23135 -0.210452 -0.212599 -0.204596
-0.239616 -0.211204 -0.236296 -0.207067 -0.210177 -0.210867
-0.237073 -0.219545 -0.240095 -0.202433 -0.207996 -0.213905
-0.233286 -0.228232 -0.240997 -0.197773 -0.204455 -0.21134
-0.227769 -0.232183 -0.238674 -0.193049 -0.199982 -0.210017
-0.219466 -0.233229 -0.233844 -0.188221 -0.194594 -0.208642
-0.213244 -0.238226 -0.230374 -0.18396 -0.187662 -0.206911
-0.206055 -0.237602 -0.227956 -0.178709 -0.181486 -0.204211
-0.199188 -0.236317 -0.224457 -0.171574 -0.17439 -0.20162
-0.191737 -0.23597 -0.221498 -0.163405 -0.166508 -0.199763
-0.184536 -0.234793 -0.220599 -0.15517 -0.157402 -0.198738
-0.175801 -0.233012 -0.219854 -0.146897 -0.14777 -0.197809
-0.16635 -0.232684 -0.219064 -0.13912 -0.138417 -0.197404
-0.156662 -0.232698 -0.218652 -0.13211 -0.129098 -0.19767
-0.147396 -0.232816 -0.218802 -0.125942 -0.119678 -0.19855
-0.138815 -0.232706 -0.219395 -0.120365 -0.110786 -0.199944
-0.130963 -0.232725 -0.220489 -0.115663 -0.102782 -0.201306
-0.124507 -0.233183 -0.221351 -0.111638 -0.0963526 -0.202753
-0.119266 -0.233767 -0.222468 -0.108223 -0.0912209 -0.204371
-0.115603 -0.234451 -0.22363 -0.105694 -0.0875545 -0.206212
-0.113443 -0.235124 -0.225023 -0.103541 -0.0855002 -0.207936
-0.11289 -0.235733 -0.226451 -0.101789 -0.0850987 -0.209404
-0.113534 -0.236285 -0.227619 -0.100764 -0.0861219 -0.210866
-0.115522 -0.236692 -0.228568 -0.100693 -0.0884264 -0.212365
-0.118898 -0.23712 -0.2294 -0.102273 -0.0919676 -0.213799
-0.123266 -0.237462 -0.230152 -0.10513 -0.0966903 -0.215082
-0.128902 -0.237671 -0.230811 -0.109009 -0.10251 -0.216206
-0.135551 -0.237883 -0.231553 -0.113825 -0.109146 -0.217375
-0.142929 -0.238088 -0.231907 -0.119674 -0.116551 -0.218232
-0.150727 -0.238306 -0.232016 -0.125927 -0.124757 -0.218972
-0.158815 -0.238552 -0.232224 -0.133018 -0.133014 -0.219825
-0.167039 -0.238606 -0.232158 -0.141001 -0.141084 -0.220512
-0.175383 -0.238208 -0.232497 -0.149527 -0.149116 -0.221049
-0.183356 -0.237195 -0.232244 -0.157733 -0.156837 -0.22096
-0.193367 -0.235593 -0.228852 -0.170624 -0.166866 -0.219795
-0.204351 -0.234406 -0.226304 -0.184196 -0.178381 -0.219382
-0.211453 -0.233175 -0.224428 -0.197586 -0.187467 -0.219021
-0.211795 -0.230658 -0.222325 -0.208376 -0.195595 -0.217561
-0.211495 -0.228336 -0.220596 -0.208462 -0.200567 -0.21496
-0.210774 -0.225261 -0.218581 -0.206333 -0.201544 -0.212129
-0.212178 -0.221791 -0.215806 -0.205954 -0.202 -0.209677
-0.211764 -0.217965 -0.212949 -0.204576 -0.201721 -0.206057
-0.210917 -0.213695 -0.209323 -0.203463 -0.201459 -0.201185
-0.210629 -0.208383 -0.203841 -0.202204 -0.201452 -0.194915
-0.21051 -0.201953 -0.196678 -0.201584 -0.202129 -0.187648
-0.211012 -0.194764 -0.188434 -0.201659 -0.203332 -0.179547
-0.211487 -0.1867 -0.179402 -0.201881 -0.204506 -0.170781
-0.212163 -0.177754 -0.170109 -0.202084 -0.205873 -0.161584
-0.213118 -0.168241 -0.160426 -0.202696 -0.207771 -0.151719
-0.214463 -0.158729 -0.151151 -0.203503 -0.209909 -0.142148
-0.216292 -0.149265 -0.142603 -0.204395 -0.212081 -0.132693
-0.218088 -0.140143 -0.135161 -0.205513 -0.214434 -0.123415
-0.219756 -0.131761 -0.128381 -0.207001 -0.216502 -0.114555
-0.221515 -0.124409 -0.122503 -0.208749 -0.218559 -0.106505
-0.223031 -0.118122 -0.117771 -0.210414 -0.220273 -0.0994871
-0.224631 -0.113209 -0.113861 -0.211987 -0.222016 -0.0934803
-0.225842 -0.109529 -0.110756 -0.213797 -0.2238 -0.0888127
-0.226882 -0.10682 -0.108292 -0.21559 -0.225482 -0.0858006
-0.227755 -0.105319 -0.106803 -0.21721 -0.226942 -0.0847953
-0.228608 -0.10514 -0.106643 -0.218645 -0.228075 -0.0849542
-0.229872 -0.106301 -0.107417 -0.219643 -0.229564 -0.0863892
-0.231355 -0.108854 -0.10995 -0.220329 -0.23071 -0.0892344
-0.232428 -0.112803 -0.113606 -0.220837 -0.231863 -0.0933433
-0.233361 -0.118106 -0.118434 -0.221387 -0.232985 -0.0986115
-0.234044 -0.124595 -0.124538 -0.222073 -0.233602 -0.10538
-0.234459 -0.132117 -0.131413 -0.222844 -0.233832 -0.11301
-0.23455 -0.140403 -0.139013 -0.223475 -0.233674 -0.121311
-0.234399 -0.14899 -0.146931 -0.22395 -0.233545 -0.129833
-0.234303 -0.157316 -0.15502 -0.224297 -0.233586 -0.13843
-0.234432 -0.165344 -0.16304 -0.224312 -0.233777 -0.146737
-0.234117 -0.173339 -0.171303 -0.223565 -0.233849 -0.154687
-0.232371 -0.183082 -0.184651 -0.220912 -0.233088 -0.163195
-0.230861 -0.194021 -0.20071 -0.219089 -0.23194 -0.171539
-0.229203 -0.205211 -0.214063 -0.217457 -0.230751 -0.179349
-0.228015 -0.216044 -0.217631 -0.214911 -0.229327 -0.18682
-0.226534 -0.225362 -0.220449 -0.210788 -0.228744 -0.193248
-0.224783 -0.230223 -0.221903 -0.205632 -0.226937 -0.199701
-0.220304 -0.229212 -0.22266 -0.201227 -0.223674 -0.206681
-0.215455 -0.229062 -0.223521 -0.196934 -0.216965 -0.215612
-0.20887 -0.2283 -0.225053 -0.192964 -0.208344 -0.224333
-0.202195 -0.227057 -0.230221 -0.188944 -0.199589 -0.227105
-0.194305 -0.225603 -0.227523 -0.183241 -0.190061 -0.224463
-0.187004 -0.222422 -0.221395 -0.175593 -0.183761 -0.221395
-0.178909 -0.219872 -0.218591 -0.166631 -0.17702 -0.2192
-0.170168 -0.217751 -0.215336 -0.157534 -0.169714 -0.216879
-0.160862 -0.215747 -0.212832 -0.149027 -0.160678 -0.215313
-0.151957 -0.213767 -0.212118 -0.141524 -0.15106 -0.214313
-0.142726 -0.212862 -0.211812 -0.134371 -0.141121 -0.213576
-0.134178 -0.212738 -0.21175 -0.128024 -0.132 -0.21324
-0.125944 -0.21302 -0.212219 -0.122264 -0.123623 -0.213286
-0.118524 -0.213452 -0.213433 -0.117664 -0.116138 -0.213805
-0.111644 -0.214065 -0.215246 -0.113614 -0.110144 -0.214367
-0.105907 -0.215018 -0.216896 -0.110323 -0.105325 -0.215022
-0.101797 -0.215938 -0.21864 -0.107379 -0.10159 -0.215948
-0.0998358 -0.216873 -0.220468 -0.104922 -0.0988529 -0.217075
-0.0992872 -0.21818 -0.222484 -0.103028 -0.0974016 -0.218336
-0.0999589 -0.219486 -0.224348 -0.102244 -0.0975975 -0.219685
-0.102267 -0.220717 -0.225956 -0.102749 -0.0995455 -0.220894
-0.106092 -0.221952 -0.22756 -0.104644 -0.102922 -0.222012
-0.110895 -0.223192 -0.228871 -0.107826 -0.107599 -0.222852
-0.116693 -0.224314 -0.229912 -0.112078 -0.113371 -0.223728
-0.123638 -0.22552 -0.230889 -0.117593 -0.119916 -0.224711
-0.131368 -0.226406 -0.23171 -0.123835 -0.127458 -0.225508
-0.139376 -0.227197 -0.232424 -0.130547 -0.135673 -0.226136
-0.147495 -0.22788 -0.232898 -0.137868 -0.14439 -0.226428
-0.155516 -0.228226 -0.233197 -0.145627 -0.152987 -0.226624
-0.161113 -0.228542 -0.233623 -0.154011 -0.161206 -0.226724
-0.163967 -0.228012 -0.233691 -0.163138 -0.169667 -0.225898
-0.171015 -0.226802 -0.231432 -0.177318 -0.180243 -0.223917
-0.175728 -0.226159 -0.230626 -0.192065 -0.191448 -0.222513
-0.175461 -0.225423 -0.230919 -0.208178 -0.200877 -0.220823
-0.176034 -0.224243 -0.230234 -0.223543 -0.205562 -0.218086
-0.177306 -0.22108 -0.229407 -0.234487 -0.206974 -0.213939
-0.178131 -0.216683 -0.227171 -0.240656 -0.208207 -0.21097
-0.177359 -0.21262 -0.223435 -0.240869 -0.208959 -0.207387
-0.176243 -0.208976 -0.21826 -0.240559 -0.208009 -0.204316
-0.176183 -0.205164 -0.212168 -0.239539 -0.206422 -0.200469
-0.176576 -0.200335 -0.20571 -0.238066 -0.205706 -0.194916
-0.177226 -0.194215 -0.19881 -0.237099 -0.206137 -0.187855
-0.178451 -0.186646 -0.190821 -0.236705 -0.207428 -0.179986
-0.180113 -0.178149 -0.181641 -0.236212 -0.208984 -0.171622
-0.182111 -0.168755 -0.171844 -0.235868 -0.209968 -0.16284
-0.183917 -0.159055 -0.162036 -0.236072 -0.211114 -0.153469
-0.185593 -0.149481 -0.15269 -0.236633 -0.212489 -0.144197
-0.187854 -0.140273 -0.144235 -0.237489 -0.213831 -0.134938
-0.190046 -0.131327 -0.136716 -0.238355 -0.215056 -0.126014
-0.192117 -0.123159 -0.130161 -0.239386 -0.216208 -0.117634
-0.194359 -0.115783 -0.124405 -0.24063 -0.217443 -0.110104
-0.196276 -0.109638 -0.119698 -0.241754 -0.218568 -0.103233
-0.198104 -0.1045 -0.115283 -0.242808 -0.219718 -0.0977256
-0.200045 -0.0999516 -0.111678 -0.24388 -0.220837 -0.0936976
-0.201891 -0.0965783 -0.108767 -0.244706 -0.222046 -0.0914394
-0.203575 -0.0947297 -0.107656 -0.245491 -0.223341 -0.0907609
-0.205324 -0.0947118 -0.10737 -0.246021 -0.224523 -0.0913584
-0.207175 -0.0963497 -0.108632 -0.24646 -0.225476 -0.0930074
-0.208853 -0.099847 -0.111598 -0.246925 -0.226178 -0.0962114
-0.209928 -0.104577 -0.115791 -0.247346 -0.226746 -0.100943
-0.210817 -0.110506 -0.120901 -0.247736 -0.227202 -0.107076
-0.211662 -0.117185 -0.12743 -0.247991 -0.227426 -0.11432
-0.21258 -0.124529 -0.135283 -0.248067 -0.227635 -0.122202
-0.21341 -0.132626 -0.143301 -0.247963 -0.227682 -0.130236
-0.213976 -0.141055 -0.151281 -0.248009 -0.227801 -0.138521
-0.214373 -0.149733 -0.159045 -0.248135 -0.227656 -0.146985
-0.214382 -0.158179 -0.166629 -0.248244 -0.227202 -0.155551
-0.213622 -0.166615 -0.174834 -0.246966 -0.226152 -0.164132
-0.212151 -0.176843 -0.187823 -0.24383 -0.224427 -0.174842
-0.210242 -0.187692 -0.202418 -0.241325 -0.222593 -0.186246
-0.208302 -0.198189 -0.215198 -0.239313 -0.220576 -0.196604
-0.206669 -0.207718 -0.219714 -0.236687 -0.218345 -0.206652
-0.204999 -0.209351 -0.220203 -0.233349 -0.216932 -0.214854
-0.202462 -0.206792 -0.218697 -0.229479 -0.215285 -0.222943
-0.200999 -0.205575 -0.217446 -0.224954 -0.211985 -0.231301
-0.196723 -0.204566 -0.214513 -0.220433 -0.206876 -0.236777
-0.191344 -0.204511 -0.211361 -0.216473 -0.199201 -0.23688
-0.183548 -0.204167 -0.20821 -0.21225 -0.193687 -0.236991
-0.175372 -0.204716 -0.206341 -0.206134 -0.187463 -0.236952
-0.16772 -0.204613 -0.205857 -0.198723 -0.181138 -0.236019
-0.16018 -0.204097 -0.205291 -0.190528 -0.173927 -0.234871
-0.150678 -0.204132 -0.205471 -0.179718 -0.163734 -0.234047
-0.141772 -0.204208 -0.20584 -0.170802 -0.1538 -0.233606
-0.131936 -0.204416 -0.206794 -0.161964 -0.143258 -0.233925
-0.123729 -0.205153 -0.207814 -0.155088 -0.134744 -0.23419
-0.11389 -0.206637 -0.208806 -0.147078 -0.124709 -0.234585
-0.104569 -0.20857 -0.209957 -0.139749 -0.115313 -0.235219
-0.0962947 -0.21043 -0.211692 -0.133421 -0.107099 -0.235893
-0.0892839 -0.211979 -0.213206 -0.127937 -0.100231 -0.236529
-0.0842814 -0.213297 -0.215051 -0.123299 -0.095163 -0.236914
-0.0814163 -0.214497 -0.217097 -0.119723 -0.0917142 -0.23705
-0.0806288 -0.215472 -0.219111 -0.117177 -0.089976 -0.237204
-0.0811656 -0.216469 -0.220891 -0.115989 -0.0897555 -0.237421
-0.0829319 -0.217485 -0.222371 -0.11668 -0.0908055 -0.237819
-0.0857871 -0.218741 -0.22363 -0.118932 -0.0934557 -0.238433
-0.0897416 -0.220123 -0.224749 -0.122339 -0.0973978 -0.238869
-0.0945545 -0.221203 -0.225874 -0.126736 -0.102475 -0.239182
-0.10184 -0.222211 -0.227057 -0.133774 -0.109999 -0.239432
-0.108795 -0.223007 -0.227881 -0.140564 -0.117452 -0.239336
-0.116203 -0.223681 -0.228447 -0.147818 -0.125532 -0.239228
-0.124035 -0.224363 -0.22885 -0.155655 -0.133658 -0.239282
-0.131915 -0.22496 -0.229247 -0.163879 -0.141963 -0.239242
-0.139828 -0.225701 -0.229283 -0.172213 -0.150194 -0.239313
-0.147484 -0.22608 -0.229474 -0.180617 -0.15817 -0.239276
-0.155832 -0.225354 -0.228073 -0.190711 -0.166771 -0.238106
-0.166249 -0.224154 -0.225296 -0.196651 -0.170856 -0.236425
-0.168587 -0.223095 -0.225017 -0.19487 -0.17247 -0.235811
-0.170183 -0.221997 -0.225858 -0.195004 -0.174614 -0.235399
-0.171638 -0.221316 -0.225664 -0.195154 -0.176963 -0.234815
-0.173657 -0.220478 -0.224501 -0.195911 -0.179034 -0.233744
-0.175717 -0.21849 -0.222721 -0.196987 -0.180943 -0.231542
-0.177418 -0.215666 -0.219295 -0.19797 -0.182641 -0.228213
-0.179173 -0.211536 -0.214344 -0.198967 -0.184404 -0.223714
-0.180712 -0.206126 -0.208578 -0.199941 -0.186198 -0.218195
-0.182464 -0.199351 -0.201876 -0.200978 -0.188137 -0.211565
-0.184628 -0.191636 -0.194202 -0.202108 -0.190374 -0.204047
-0.187746 -0.182942 -0.185677 -0.203242 -0.193405 -0.195574
-0.191004 -0.173762 -0.176769 -0.203334 -0.196253 -0.186568
-0.194365 -0.164224 -0.167393 -0.203561 -0.199508 -0.177146
-0.197759 -0.154729 -0.158028 -0.20425 -0.202689 -0.167611
-0.201124 -0.145292 -0.148699 -0.205299 -0.205798 -0.158345
-0.204308 -0.136188 -0.139739 -0.206498 -0.208443 -0.149417
-0.207167 -0.127474 -0.131634 -0.207965 -0.210699 -0.140972
-0.209854 -0.11944 -0.124501 -0.210059 -0.21256 -0.132934
-0.212537 -0.110782 -0.117478 -0.21263 -0.214625 -0.124234
-0.21437 -0.10477 -0.113075 -0.214766 -0.216212 -0.117843
-0.215834 -0.100416 -0.110098 -0.21636 -0.217266 -0.113833
-0.217582 -0.0959336 -0.106885 -0.218513 -0.21874 -0.109951
-0.21947 -0.0926446 -0.104534 -0.220901 -0.220212 -0.107514
-0.22106 -0.091503 -0.104634 -0.22275 -0.22134 -0.107122
-0.222577 -0.0920804 -0.104995 -0.223979 -0.222424 -0.107945
-0.22413 -0.0941148 -0.106655 -0.224948 -0.223472 -0.109872
-0.225613 -0.0973664 -0.10985 -0.22553 -0.2245 -0.113011
-0.226572 -0.101981 -0.114104 -0.226306 -0.2255 -0.117605
-0.227368 -0.107739 -0.119323 -0.226911 -0.226017 -0.123775
-0.227701 -0.114677 -0.125652 -0.227526 -0.226232 -0.130995
-0.228052 -0.122563 -0.13284 -0.228002 -0.22604 -0.138959
-0.228078 -0.131152 -0.140747 -0.228447 -0.225728 -0.146936
-0.227786 -0.13993 -0.148642 -0.228674 -0.225453 -0.155102
-0.227357 -0.148639 -0.156759 -0.228673 -0.225058 -0.16318
-0.227025 -0.156981 -0.164479 -0.22858 -0.224735 -0.171365
-0.226437 -0.16543 -0.173313 -0.227167 -0.223824 -0.17954
-0.225028 -0.175454 -0.187027 -0.2242 -0.221937 -0.188961
-0.223876 -0.186377 -0.202651 -0.222199 -0.220456 -0.198255
-0.222494 -0.197166 -0.216813 -0.219774 -0.218756 -0.206272
-0.220606 -0.206787 -0.227818 -0.217271 -0.216249 -0.21149
-0.218338 -0.214551 -0.229183 -0.21411 -0.212564 -0.209672
-0.214692 -0.221655 -0.227496 -0.210025 -0.211014 -0.207044
-0.21133 -0.229288 -0.226697 -0.205416 -0.209044 -0.204907
-0.207119 -0.238516 -0.225757 -0.200783 -0.20636 -0.202041
-0.201888 -0.242573 -0.223132 -0.195872 -0.201888 -0.199708
-0.194763 -0.242898 -0.219702 -0.191095 -0.195321 -0.19863
-0.189036 -0.243324 -0.216728 -0.186696 -0.186304 -0.198409
-0.181479 -0.242782 -0.2152 -0.180253 -0.177107 -0.198993
-0.173715 -0.242478 -0.214934 -0.172259 -0.168512 -0.19881
-0.165349 -0.242126 -0.214442 -0.163305 -0.160332 -0.197949
-0.156436 -0.242305 -0.214438 -0.154027 -0.151705 -0.197359
-0.146911 -0.242245 -0.214821 -0.14566 -0.142773 -0.196931
-0.137063 -0.241924 -0.215494 -0.138009 -0.133532 -0.197403
-0.12713 -0.241791 -0.216765 -0.131233 -0.124427 -0.198679
-0.117442 -0.242425 -0.217674 -0.125521 -0.115963 -0.200039
-0.108959 -0.243553 -0.218409 -0.120517 -0.108205 -0.201799
-0.101954 -0.244667 -0.219215 -0.116096 -0.101606 -0.203634
-0.0966809 -0.245514 -0.220468 -0.112353 -0.0962754 -0.205043
-0.0938146 -0.246056 -0.222301 -0.109179 -0.0925774 -0.20621
-0.0927421 -0.246224 -0.224167 -0.106555 -0.0905748 -0.20698
-0.0929761 -0.246505 -0.225798 -0.104661 -0.0900504 -0.207578
-0.0942648 -0.246912 -0.22696 -0.103865 -0.0912252 -0.208401
-0.0968364 -0.247189 -0.227856 -0.10501 -0.0936764 -0.209634
-0.100699 -0.24741 -0.228783 -0.107822 -0.0976982 -0.210818
-0.10556 -0.247839 -0.229339 -0.111498 -0.102942 -0.211974
-0.111631 -0.24826 -0.229947 -0.116597 -0.108968 -0.213002
-0.118742 -0.248747 -0.230231 -0.122886 -0.116427 -0.213966
-0.126638 -0.249224 -0.23073 -0.129925 -0.124298 -0.214883
-0.135051 -0.249575 -0.230998 -0.137309 -0.132239 -0.215633
-0.143576 -0.249363 -0.231372 -0.145579 -0.140457 -0.216269
-0.152065 -0.249049 -0.231665 -0.153883 -0.148729 -0.216903
-0.159947 -0.248609 -0.231987 -0.161822 -0.156753 -0.217442
-0.168 -0.24771 -0.23131 -0.171635 -0.164945 -0.216899
-0.178071 -0.246272 -0.228476 -0.187292 -0.175033 -0.215171
-0.188762 -0.245166 -0.226409 -0.202445 -0.185561 -0.21436
-0.197663 -0.243754 -0.224308 -0.211447 -0.193455 -0.213541
-0.205727 -0.242697 -0.221162 -0.211411 -0.201102 -0.21248
-0.207643 -0.240818 -0.217549 -0.210781 -0.208579 -0.211102
-0.208658 -0.23822 -0.213819 -0.208566 -0.21772 -0.20909
-0.208555 -0.235238 -0.210575 -0.20666 -0.226073 -0.205368
-0.207936 -0.231526 -0.207701 -0.204246 -0.234964 -0.200615
-0.207401 -0.226348 -0.203245 -0.20253 -0.243886 -0.195348
-0.205896 -0.220381 -0.197269 -0.200999 -0.252017 -0.189461
-0.20432 -0.213417 -0.190849 -0.199292 -0.252633 -0.182985
-0.204356 -0.20498 -0.183683 -0.19671 -0.25227 -0.175236
-0.204771 -0.1955 -0.176115 -0.19372 -0.252382 -0.166717
-0.204713 -0.186051 -0.167684 -0.192611 -0.252999 -0.157636
-0.204387 -0.176814 -0.158504 -0.192095 -0.253256 -0.148492
-0.204556 -0.167905 -0.149244 -0.192048 -0.252982 -0.139395
-0.204835 -0.15952 -0.140067 -0.192745 -0.252763 -0.130049
-0.205238 -0.151588 -0.13196 -0.193576 -0.252958 -0.120756
-0.205919 -0.144093 -0.125334 -0.195075 -0.253888 -0.111785
-0.20685 -0.138434 -0.121036 -0.196261 -0.254521 -0.105099
-0.208492 -0.131898 -0.116296 -0.197553 -0.255528 -0.0977307
-0.210318 -0.126573 -0.112218 -0.199196 -0.256631 -0.091764
-0.212042 -0.122277 -0.108746 -0.200942 -0.257565 -0.0875232
-0.213482 -0.119103 -0.106236 -0.202591 -0.258441 -0.0851747
-0.215422 -0.116996 -0.104929 -0.204705 -0.259444 -0.0846538
-0.217506 -0.11746 -0.105291 -0.206511 -0.259969 -0.085285
-0.221666 -0.119693 -0.106749 -0.208057 -0.260411 -0.0871874
-0.226143 -0.122886 -0.108957 -0.209072 -0.260518 -0.0897714
-0.233446 -0.128757 -0.113795 -0.210682 -0.260165 -0.0955161
-0.239356 -0.134446 -0.119039 -0.21167 -0.259275 -0.101436
-0.24416 -0.139594 -0.12432 -0.212138 -0.25851 -0.106933
-0.247916 -0.146775 -0.131597 -0.212386 -0.257097 -0.114396
-0.247791 -0.155777 -0.142008 -0.211932 -0.256047 -0.123015
-0.247839 -0.164499 -0.150996 -0.211368 -0.255701 -0.130053
-0.247563 -0.17337 -0.159524 -0.21097 -0.255365 -0.138129
-0.247237 -0.182016 -0.167191 -0.211119 -0.254552 -0.146911
-0.24673 -0.188532 -0.173138 -0.210572 -0.253429 -0.154467
-0.244936 -0.19873 -0.188409 -0.206788 -0.251118 -0.167283
-0.243461 -0.206293 -0.203951 -0.204303 -0.249856 -0.178464
-0.242456 -0.211708 -0.209046 -0.202334 -0.24878 -0.186742
-0.24213 -0.217026 -0.210574 -0.198975 -0.24809 -0.196569
-0.241953 -0.22277 -0.210485 -0.194051 -0.248038 -0.204938
-0.240247 -0.230634 -0.210265 -0.188436 -0.246941 -0.214759
-0.236755 -0.238904 -0.208344 -0.182797 -0.243726 -0.224883
-0.231978 -0.237912 -0.205063 -0.177561 -0.2389 -0.23039
-0.223892 -0.237824 -0.200368 -0.172886 -0.230518 -0.231572
-0.216594 -0.237761 -0.195462 -0.169646 -0.223245 -0.232056
-0.208651 -0.23705 -0.193108 -0.165189 -0.216194 -0.232163
-0.201589 -0.236946 -0.191029 -0.158376 -0.209614 -0.230922
-0.194105 -0.23641 -0.188106 -0.150472 -0.202399 -0.229374
-0.186037 -0.236436 -0.187028 -0.142686 -0.194148 -0.228597
-0.17693 -0.235795 -0.187028 -0.135493 -0.185196 -0.228267
-0.167445 -0.235036 -0.187101 -0.128876 -0.175902 -0.228492
-0.157384 -0.235195 -0.187257 -0.12306 -0.166586 -0.228865
-0.147595 -0.236319 -0.18745 -0.117943 -0.15733 -0.22971
-0.13826 -0.237338 -0.187932 -0.113393 -0.14842 -0.231008
-0.130129 -0.238094 -0.189276 -0.109409 -0.140285 -0.232337
-0.123368 -0.238911 -0.191009 -0.106114 -0.133465 -0.233386
-0.118384 -0.240073 -0.192908 -0.103262 -0.128407 -0.234178
-0.115012 -0.241162 -0.194575 -0.100689 -0.124808 -0.234878
-0.113181 -0.242259 -0.195913 -0.0986792 -0.122578 -0.235748
-0.112594 -0.243464 -0.197491 -0.0973176 -0.121607 -0.23688
-0.113159 -0.244633 -0.198837 -0.0968708 -0.122292 -0.237991
-0.115248 -0.245518 -0.200019 -0.0972071 -0.124374 -0.238783
-0.118955 -0.246351 -0.201346 -0.0987085 -0.127957 -0.239237
-0.123927 -0.247092 -0.202569 -0.101171 -0.132949 -0.239422
-0.130033 -0.247751 -0.203815 -0.104733 -0.139214 -0.239612
-0.136949 -0.248461 -0.204347 -0.109544 -0.146317 -0.239896
-0.144697 -0.249298 -0.204648 -0.115552 -0.153873 -0.240082
-0.153087 -0.249979 -0.205014 -0.122419 -0.161728 -0.240344
-0.161701 -0.25049 -0.205297 -0.130089 -0.16976 -0.240482
-0.170138 -0.250865 -0.20557 -0.137865 -0.178013 -0.240495
-0.178389 -0.251123 -0.205749 -0.145809 -0.186222 -0.240263
-0.186747 -0.250517 -0.204908 -0.155675 -0.194284 -0.23931
-0.196096 -0.248831 -0.201719 -0.171898 -0.202702 -0.23761
-0.202322 -0.247897 -0.199233 -0.188464 -0.209511 -0.236414
-0.206955 -0.246988 -0.197107 -0.198504 -0.21305 -0.235164
-0.210709 -0.246428 -0.194184 -0.199704 -0.215191 -0.233365
-0.215225 -0.244485 -0.190794 -0.207948 -0.218804 -0.230927
-0.221136 -0.241508 -0.186845 -0.21598 -0.22349 -0.228195
-0.227133 -0.237925 -0.182504 -0.222696 -0.225627 -0.224072
-0.232998 -0.232846 -0.179037 -0.228469 -0.225284 -0.218708
-0.238277 -0.225918 -0.175179 -0.232644 -0.224082 -0.212779
-0.237117 -0.21813 -0.170162 -0.232393 -0.222308 -0.206363
-0.234731 -0.21087 -0.163798 -0.227203 -0.219813 -0.199642
-0.232392 -0.203876 -0.156172 -0.222692 -0.217325 -0.192788
-0.230602 -0.197055 -0.148632 -0.218049 -0.215398 -0.185162
-0.229212 -0.189073 -0.141018 -0.214723 -0.213839 -0.176916
-0.228362 -0.180267 -0.133693 -0.211258 -0.21287 -0.168239
-0.227735 -0.171219 -0.127181 -0.208327 -0.212168 -0.159488
-0.227279 -0.162152 -0.121044 -0.206993 -0.212115 -0.150904
-0.226769 -0.153785 -0.115632 -0.206199 -0.211845 -0.142938
-0.226011 -0.146218 -0.110884 -0.206119 -0.211681 -0.135514
-0.225369 -0.139411 -0.106648 -0.20716 -0.211513 -0.128693
-0.224935 -0.133632 -0.103085 -0.208765 -0.211491 -0.122845
-0.224806 -0.128933 -0.100108 -0.210483 -0.211526 -0.118046
-0.225403 -0.125136 -0.0985605 -0.211805 -0.211841 -0.114722
-0.226256 -0.122294 -0.0971173 -0.213478 -0.212539 -0.112568
-0.227007 -0.120845 -0.0958781 -0.214955 -0.213427 -0.112014
-0.228066 -0.12092 -0.0954312 -0.216502 -0.214789 -0.112649
-0.229157 -0.122557 -0.0958912 -0.217844 -0.21658 -0.11462
-0.230708 -0.125568 -0.0973735 -0.219158 -0.218139 -0.117941
-0.232139 -0.129828 -0.100043 -0.220053 -0.219697 -0.122548
-0.23336 -0.135636 -0.104055 -0.22103 -0.221317 -0.128205
-0.234285 -0.142451 -0.109322 -0.221996 -0.222694 -0.134854
-0.235125 -0.150163 -0.115492 -0.222868 -0.223827 -0.142293
-0.235827 -0.158372 -0.122426 -0.223621 -0.224879 -0.150456
-0.236193 -0.16702 -0.129972 -0.2241 -0.225583 -0.15874
-0.23677 -0.175437 -0.137438 -0.22453 -0.226356 -0.166949
-0.23727 -0.183774 -0.144908 -0.224689 -0.227086 -0.175006
-0.236975 -0.192215 -0.154974 -0.223138 -0.226521 -0.183431
-0.236283 -0.200966 -0.171132 -0.220203 -0.225494 -0.192903
-0.235952 -0.209335 -0.183356 -0.217868 -0.224699 -0.202022
-0.23651 -0.21607 -0.185408 -0.214717 -0.224829 -0.209396
-0.236841 -0.222593 -0.18639 -0.210527 -0.224976 -0.2079
-0.235026 -0.222691 -0.187151 -0.206996 -0.223664 -0.206795
-0.230309 -0.222652 -0.185024 -0.204117 -0.221178 -0.206991
-0.226411 -0.223151 -0.183249 -0.202751 -0.216007 -0.208274
-0.221318 -0.223231 -0.183024 -0.200833 -0.210575 -0.210036
-0.215185 -0.223466 -0.182443 -0.196215 -0.204591 -0.209965
-0.210471 -0.223629 -0.182373 -0.191397 -0.199775 -0.20981
-0.20368 -0.224067 -0.182703 -0.184314 -0.192425 -0.209636
-0.193736 -0.224286 -0.183423 -0.17487 -0.181927 -0.209849
-0.184266 -0.224522 -0.184202 -0.166405 -0.172209 -0.210505
-0.174032 -0.225215 -0.185054 -0.157537 -0.161942 -0.211354
-0.163438 -0.226185 -0.185892 -0.148828 -0.151333 -0.212816
-0.15283 -0.227201 -0.187162 -0.140638 -0.14101 -0.214327
-0.142773 -0.228268 -0.188658 -0.133194 -0.131178 -0.215821
-0.133384 -0.229262 -0.190371 -0.126786 -0.122136 -0.217299
-0.124817 -0.230467 -0.19257 -0.120997 -0.113914 -0.218752
-0.117273 -0.231377 -0.194409 -0.115982 -0.106447 -0.220145
-0.111007 -0.232626 -0.195953 -0.111524 -0.100271 -0.221693
-0.10598 -0.233933 -0.19766 -0.10767 -0.095323 -0.223502
-0.103032 -0.235239 -0.19937 -0.104727 -0.092238 -0.225121
-0.101956 -0.236187 -0.200952 -0.102404 -0.0909616 -0.226515
-0.102415 -0.237317 -0.202614 -0.101253 -0.0914973 -0.227894
-0.104466 -0.238245 -0.203959 -0.101565 -0.0933529 -0.229037
-0.107927 -0.239343 -0.204845 -0.103617 -0.0967342 -0.230107
-0.111543 -0.240387 -0.205595 -0.106099 -0.100214 -0.231128
-0.116907 -0.241666 -0.206221 -0.110258 -0.105362 -0.232271
-0.124976 -0.242833 -0.206827 -0.116995 -0.113019 -0.233415
-0.131092 -0.243592 -0.207186 -0.122302 -0.118988 -0.234112
-0.139123 -0.24436 -0.207551 -0.129291 -0.127027 -0.234928
-0.147406 -0.244958 -0.207784 -0.137013 -0.136004 -0.235789
-0.155621 -0.24545 -0.207849 -0.145145 -0.14469 -0.236465
-0.163744 -0.245943 -0.208133 -0.153378 -0.153238 -0.236812
-0.171725 -0.245871 -0.208459 -0.161192 -0.161444 -0.236785
-0.180109 -0.244576 -0.207061 -0.172501 -0.169766 -0.235789
-0.19232 -0.242985 -0.203361 -0.192428 -0.181797 -0.233982
-0.198644 -0.24206 -0.201841 -0.208131 -0.190422 -0.233177
-0.201562 -0.240527 -0.199731 -0.216144 -0.19652 -0.231631
-0.204669 -0.23927 -0.198061 -0.218256 -0.196309 -0.229282
-0.208498 -0.235744 -0.196002 -0.22632 -0.197675 -0.226153
-0.213599 -0.230973 -0.194289 -0.235558 -0.19826 -0.222813
-0.218071 -0.225703 -0.192519 -0.239885 -0.198725 -0.219086
-0.219695 -0.220198 -0.188375 -0.237708 -0.198002 -0.215158
-0.22016 -0.215145 -0.182093 -0.235282 -0.196082 -0.210881
-0.220022 -0.210267 -0.175109 -0.23306 -0.194091 -0.205286
-0.219169 -0.204781 -0.167973 -0.230824 -0.193378 -0.197979
-0.218089 -0.198062 -0.160023 -0.228914 -0.193461 -0.189669
-0.217358 -0.189805 -0.151523 -0.226951 -0.193581 -0.180986
-0.217561 -0.180697 -0.143038 -0.225603 -0.193961 -0.171834
-0.217752 -0.171649 -0.135092 -0.224765 -0.19439 -0.162537
-0.217787 -0.162683 -0.127709 -0.22452 -0.195029 -0.153348
-0.218257 -0.153902 -0.121187 -0.224731 -0.195781 -0.144408
-0.218622 -0.145541 -0.115615 -0.225255 -0.196746 -0.135639
-0.219039 -0.138066 -0.110917 -0.22601 -0.19792 -0.127243
-0.219545 -0.131292 -0.107146 -0.226964 -0.199332 -0.11974
-0.2204 -0.125655 -0.103951 -0.228048 -0.200982 -0.113533
-0.221237 -0.121061 -0.101255 -0.228981 -0.202469 -0.108809
-0.2222 -0.117436 -0.098987 -0.230023 -0.204445 -0.105593
-0.223138 -0.115224 -0.0971537 -0.231003 -0.206385 -0.103904
-0.224458 -0.114366 -0.0962515 -0.232024 -0.208131 -0.103839
-0.225517 -0.11524 -0.0964045 -0.232822 -0.209871 -0.105233
-0.22682 -0.11769 -0.0972872 -0.23362 -0.211374 -0.10816
-0.227789 -0.121537 -0.0994774 -0.234398 -0.212715 -0.112602
-0.228304 -0.126655 -0.103152 -0.235259 -0.213834 -0.118227
-0.228793 -0.133162 -0.108029 -0.23603 -0.21461 -0.124924
-0.229218 -0.140765 -0.114013 -0.236607 -0.21522 -0.132339
-0.229457 -0.149167 -0.120929 -0.237059 -0.215777 -0.140172
-0.229554 -0.15785 -0.12851 -0.23737 -0.216534 -0.148264
-0.229683 -0.16639 -0.13618 -0.237505 -0.217065 -0.15672
-0.229751 -0.174845 -0.143971 -0.237448 -0.21747 -0.165394
-0.229758 -0.183186 -0.151315 -0.237278 -0.2177 -0.17387
-0.228386 -0.192777 -0.161675 -0.234616 -0.216973 -0.182453
-0.226921 -0.204418 -0.176744 -0.23202 -0.215808 -0.191316
-0.225478 -0.21461 -0.192017 -0.229933 -0.214915 -0.199117
-0.223489 -0.214455 -0.202972 -0.227846 -0.213191 -0.206164
-0.22122 -0.214103 -0.20467 -0.225317 -0.209694 -0.213501
-0.22015 -0.21116 -0.204956 -0.222506 -0.20663 -0.218642
-0.218745 -0.20956 -0.20627 -0.217963 -0.204364 -0.225701
-0.216432 -0.207558 -0.205929 -0.214062 -0.201504 -0.233314
-0.212136 -0.205405 -0.204695 -0.209487 -0.196823 -0.236581
-0.205596 -0.204863 -0.20316 -0.205519 -0.190854 -0.236122
-0.197343 -0.204921 -0.200929 -0.200964 -0.184971 -0.236265
-0.188789 -0.205425 -0.200246 -0.194499 -0.177613 -0.236162
-0.180242 -0.205267 -0.200486 -0.186696 -0.169567 -0.236221
-0.171576 -0.205117 -0.200631 -0.178007 -0.160886 -0.235853
-0.162701 -0.205667 -0.200879 -0.168633 -0.151483 -0.235404
-0.153769 -0.206128 -0.201608 -0.159351 -0.141257 -0.235494
-0.144527 -0.20661 -0.2026 -0.150877 -0.130791 -0.236031
-0.135313 -0.207615 -0.203839 -0.143174 -0.120602 -0.236978
-0.126411 -0.208913 -0.204816 -0.136231 -0.111459 -0.237765
-0.118207 -0.210376 -0.206037 -0.130003 -0.103115 -0.238687
-0.110937 -0.211565 -0.20761 -0.124479 -0.0957762 -0.239487
-0.104819 -0.212486 -0.209501 -0.119624 -0.0900467 -0.240283
-0.100118 -0.213265 -0.211082 -0.115365 -0.0857635 -0.24099
-0.0975502 -0.214238 -0.212476 -0.11195 -0.0831292 -0.241664
-0.0965867 -0.215652 -0.213599 -0.109868 -0.0819461 -0.242469
-0.0969533 -0.21711 -0.214976 -0.109723 -0.0821593 -0.243431
-0.0985318 -0.218012 -0.215912 -0.110715 -0.0835457 -0.244176
-0.101847 -0.21918 -0.21715 -0.113249 -0.0868758 -0.244984
-0.10647 -0.220114 -0.218091 -0.11724 -0.0917114 -0.245408
-0.112007 -0.220848 -0.219022 -0.122331 -0.0977574 -0.245791
-0.118467 -0.221496 -0.21991 -0.128696 -0.104692 -0.246063
-0.125661 -0.222265 -0.220568 -0.136043 -0.11198 -0.246167
-0.135562 -0.223276 -0.221091 -0.145646 -0.121634 -0.246523
-0.144182 -0.224089 -0.221471 -0.15431 -0.12999 -0.246954
-0.152674 -0.224585 -0.221763 -0.162821 -0.138685 -0.247374
-0.160746 -0.225 -0.22215 -0.171246 -0.147204 -0.247535
-0.168689 -0.224976 -0.222615 -0.179804 -0.155526 -0.247126
-0.177452 -0.223407 -0.220163 -0.193684 -0.165106 -0.245445
-0.187034 -0.222081 -0.217643 -0.209763 -0.176282 -0.24416
-0.194859 -0.221501 -0.215594 -0.218615 -0.185876 -0.243308
-0.197319 -0.221048 -0.213407 -0.219571 -0.194696 -0.242743
-0.199831 -0.220115 -0.210227 -0.22005 -0.199469 -0.241556
-0.204978 -0.218136 -0.207987 -0.218822 -0.200488 -0.238947
-0.211623 -0.214577 -0.205258 -0.217126 -0.203913 -0.236813
-0.217857 -0.210492 -0.202505 -0.216071 -0.206143 -0.233783
-0.223232 -0.206141 -0.198713 -0.214867 -0.210063 -0.230488
-0.222751 -0.200486 -0.193244 -0.213571 -0.214613 -0.225742
-0.221939 -0.19478 -0.186602 -0.212379 -0.218582 -0.219392
-0.221361 -0.187569 -0.179213 -0.210667 -0.221672 -0.212133
-0.220879 -0.179328 -0.170992 -0.209104 -0.226131 -0.204193
-0.219849 -0.17027 -0.162145 -0.208147 -0.229123 -0.195172
-0.21919 -0.160612 -0.153474 -0.206587 -0.229433 -0.185272
-0.219788 -0.150033 -0.145355 -0.204221 -0.229654 -0.175882
-0.220735 -0.139807 -0.137651 -0.202884 -0.230668 -0.166328
-0.221053 -0.130818 -0.130127 -0.202679 -0.231577 -0.156879
-0.221257 -0.123292 -0.123277 -0.202916 -0.232381 -0.148102
-0.221618 -0.116733 -0.117425 -0.203992 -0.232593 -0.140518
-0.222538 -0.110939 -0.112393 -0.204942 -0.232669 -0.133561
-0.223542 -0.106037 -0.108444 -0.206342 -0.233144 -0.127324
-0.224707 -0.101847 -0.105462 -0.207342 -0.233672 -0.122267
-0.22644 -0.0987692 -0.103428 -0.20838 -0.234424 -0.118564
-0.228478 -0.0971854 -0.102338 -0.209244 -0.235485 -0.117084
-0.23031 -0.0967379 -0.102783 -0.21001 -0.236578 -0.116997
-0.231864 -0.0978692 -0.103665 -0.211165 -0.237664 -0.118732
-0.23303 -0.100607 -0.105527 -0.212454 -0.238116 -0.122134
-0.233908 -0.104907 -0.108403 -0.213617 -0.238413 -0.126816
-0.234685 -0.11071 -0.112823 -0.214751 -0.238485 -0.132441
-0.235215 -0.117584 -0.118586 -0.215717 -0.238511 -0.138943
-0.235685 -0.125365 -0.125482 -0.216552 -0.238369 -0.146002
-0.235877 -0.133394 -0.133416 -0.217379 -0.23832 -0.153755
-0.236019 -0.141529 -0.141495 -0.218026 -0.238094 -0.162417
-0.236147 -0.149788 -0.149436 -0.218528 -0.23757 -0.17135
-0.236166 -0.158049 -0.15737 -0.219055 -0.236977 -0.180152
-0.236263 -0.166065 -0.164883 -0.218962 -0.236151 -0.188449
-0.231908 -0.220884 -0.174364 -0.237218 -0.207498 -0.207023
-0.231736 -0.214042 -0.168942 -0.235848 -0.213668 -0.201359
-0.231269 -0.207241 -0.162664 -0.232304 -0.215265 -0.194527
-0.23155 -0.199655 -0.15563 -0.227121 -0.21593 -0.186997
-0.232824 -0.191022 -0.148127 -0.221585 -0.216836 -0.179656
-0.234249 -0.181984 -0.140373 -0.214372 -0.218436 -0.172631
-0.236018 -0.172861 -0.133194 -0.206785 -0.220816 -0.165674
-0.237974 -0.163739 -0.126601 -0.199329 -0.223963 -0.158895
-0.240692 -0.154783 -0.120454 -0.192136 -0.227355 -0.152504
-0.243551 -0.146515 -0.114749 -0.185527 -0.230905 -0.146759
-0.246509 -0.138849 -0.110051 -0.179361 -0.234846 -0.141819
-0.249538 -0.132039 -0.105823 -0.173296 -0.238439 -0.137582
-0.251428 -0.126291 -0.102231 -0.167119 -0.241988 -0.134108
-0.251336 -0.121581 -0.0993345 -0.154041 -0.243807 -0.131115
-0.250906 -0.117823 -0.0965594 -0.142264 -0.24691 -0.128386
-0.249827 -0.115361 -0.0951209 -0.133154 -0.251138 -0.125342
-0.247718 -0.115307 -0.094454 -0.123024 -0.254957 -0.122385
-0.244628 -0.116948 -0.0940765 -0.114144 -0.258622 -0.119509
-0.240921 -0.11464 -0.0940694 -0.106441 -0.261653 -0.117248
-0.235973 -0.112407 -0.0950873 -0.100895 -0.263512 -0.116341
-0.232017 -0.112753 -0.0975452 -0.0963029 -0.263752 -0.116997
-0.22798 -0.115261 -0.101588 -0.0927361 -0.262633 -0.11927
-0.223486 -0.119086 -0.107092 -0.0896423 -0.261515 -0.122047
-0.219085 -0.123632 -0.113529 -0.0874286 -0.260722 -0.125492
-0.217086 -0.127807 -0.120749 -0.0852184 -0.260206 -0.129281
-0.217759 -0.131017 -0.128883 -0.081791 -0.259656 -0.133582
-0.221914 -0.134535 -0.1367 -0.0764985 -0.258803 -0.137719
-0.228225 -0.138793 -0.14431 -0.068548 -0.257947 -0.142126
-0.233924 -0.145563 -0.152859 -0.0616674 -0.256516 -0.148259
-0.231752 -0.154217 -0.164702 -0.0601261 -0.25365 -0.155357
-0.22791 -0.161256 -0.17802 -0.0596203 -0.250229 -0.160328
-0.226035 -0.169269 -0.181872 -0.0593897 -0.246733 -0.16429
-0.224768 -0.173813 -0.183908 -0.0601987 -0.245682 -0.167372
-0.224131 -0.178733 -0.187394 -0.05953 -0.244093 -0.170777
-0.223489 -0.184366 -0.191181 -0.059883 -0.242575 -0.174829
-0.221127 -0.188701 -0.194832 -0.0607552 -0.239811 -0.179486
-0.216692 -0.192467 -0.198954 -0.0612289 -0.236864 -0.185127
-0.210469 -0.196831 -0.202728 -0.0616334 -0.233037 -0.190612
-0.202783 -0.201595 -0.206199 -0.0632925 -0.227551 -0.195723
-0.194214 -0.206673 -0.209808 -0.065106 -0.221035 -0.20061
-0.184947 -0.211518 -0.213898 -0.0646577 -0.213924 -0.204748
-0.175291 -0.216376 -0.217931 -0.0633552 -0.205878 -0.20819
-0.165964 -0.220704 -0.221853 -0.0612418 -0.196772 -0.211035
-0.15635 -0.22467 -0.225911 -0.0588531 -0.187192 -0.21366
-0.146575 -0.228298 -0.22963 -0.0565297 -0.177406 -0.216534
-0.136806 -0.231264 -0.233439 -0.0542872 -0.167793 -0.219013
-0.127196 -0.233821 -0.236695 -0.0514956 -0.158259 -0.221554
-0.117862 -0.236083 -0.239284 -0.0497389 -0.149518 -0.223825
-0.109367 -0.238267 -0.241312 -0.0504051 -0.141707 -0.225827
-0.102322 -0.240334 -0.242863 -0.0511073 -0.13513 -0.227484
-0.097584 -0.241976 -0.244755 -0.0523279 -0.130294 -0.228251
-0.094678 -0.243003 -0.246556 -0.0541164 -0.127087 -0.228987
-0.0936737 -0.243835 -0.247966 -0.0560893 -0.125657 -0.229308
-0.0938364 -0.244507 -0.2487 -0.0586207 -0.125927 -0.229401
-0.0953772 -0.244989 -0.249145 -0.0616668 -0.127323 -0.229576
-0.0982244 -0.245451 -0.249459 -0.064675 -0.13021 -0.229809
-0.10315 -0.245729 -0.249712 -0.0681305 -0.135168 -0.229857
-0.108762 -0.245844 -0.249704 -0.0710464 -0.140489 -0.229476
-0.115285 -0.246007 -0.24974 -0.0743162 -0.147191 -0.228389
-0.12252 -0.246237 -0.249805 -0.0778264 -0.155213 -0.227426
-0.129186 -0.246215 -0.249922 -0.079334 -0.1624 -0.226448
-0.137958 -0.245871 -0.2501 -0.0802148 -0.171508 -0.22561
-0.146629 -0.245285 -0.250114 -0.0809501 -0.180466 -0.224948
-0.155253 -0.24443 -0.250018 -0.0818512 -0.189472 -0.224166
-0.163256 -0.243605 -0.250223 -0.082211 -0.198027 -0.223595
-0.171305 -0.242297 -0.249719 -0.0872885 -0.206249 -0.220785
-0.180243 -0.240973 -0.247705 -0.10028 -0.214512 -0.216888
-0.188892 -0.240466 -0.24519 -0.119772 -0.221404 -0.214055
-0.197784 -0.239746 -0.242878 -0.143079 -0.226925 -0.211672
-0.206347 -0.237842 -0.240504 -0.165367 -0.232007 -0.208798
-0.214287 -0.235217 -0.237905 -0.182516 -0.237175 -0.204946
-0.221634 -0.23162 -0.234456 -0.194282 -0.242228 -0.200125
-0.227473 -0.226959 -0.230705 -0.200138 -0.243041 -0.194945
-0.231339 -0.221814 -0.226973 -0.198367 -0.241929 -0.188894
-0.233625 -0.216262 -0.222178 -0.195684 -0.239957 -0.183102
-0.23644 -0.210957 -0.216489 -0.19384 -0.238375 -0.177685
-0.239518 -0.205474 -0.210013 -0.192191 -0.236028 -0.172187
-0.243365 -0.199796 -0.202195 -0.190946 -0.234086 -0.165275
-0.247841 -0.193568 -0.193145 -0.189756 -0.232381 -0.158608
-0.252268 -0.186646 -0.184033 -0.188842 -0.231073 -0.152133
-0.257093 -0.179053 -0.174548 -0.187642 -0.229674 -0.146336
-0.260374 -0.171003 -0.164887 -0.187505 -0.22853 -0.140554
-0.260546 -0.162469 -0.156078 -0.186863 -0.228081 -0.134269
-0.260488 -0.154686 -0.147886 -0.186964 -0.228064 -0.127712
-0.260325 -0.146944 -0.140339 -0.187319 -0.228902 -0.121068
-0.260533 -0.140122 -0.133248 -0.189412 -0.229174 -0.115461
-0.261233 -0.133749 -0.126844 -0.190506 -0.229379 -0.11104
-0.262049 -0.129048 -0.122029 -0.193133 -0.229535 -0.107401
-0.262491 -0.125801 -0.119398 -0.194553 -0.229963 -0.104849
-0.262996 -0.123614 -0.118713 -0.196364 -0.230726 -0.103312
-0.263857 -0.122415 -0.119266 -0.198433 -0.231654 -0.10304
-0.264845 -0.122204 -0.121669 -0.200398 -0.232845 -0.104097
-0.265364 -0.123782 -0.125038 -0.202857 -0.234149 -0.106054
-0.265229 -0.126626 -0.12909 -0.205414 -0.235425 -0.109
-0.265343 -0.130672 -0.13427 -0.207619 -0.236415 -0.113197
-0.265374 -0.135963 -0.140687 -0.20925 -0.237302 -0.118785
-0.264927 -0.142045 -0.14814 -0.211348 -0.23807 -0.125464
-0.26422 -0.149073 -0.157958 -0.213457 -0.238861 -0.134274
-0.263882 -0.153663 -0.164915 -0.21459 -0.239181 -0.140631
-0.262704 -0.160251 -0.175416 -0.21678 -0.23908 -0.149822
-0.261663 -0.164399 -0.182043 -0.218031 -0.239399 -0.154678
-0.259787 -0.170199 -0.191752 -0.220424 -0.240009 -0.161477
-0.258745 -0.173684 -0.200226 -0.219326 -0.23909 -0.166649
-0.258011 -0.177229 -0.217117 -0.217401 -0.237058 -0.174816
-0.257466 -0.181043 -0.229772 -0.21591 -0.235465 -0.180961
-0.257844 -0.181919 -0.23289 -0.215242 -0.235508 -0.183611
-0.257139 -0.182743 -0.235006 -0.214162 -0.235587 -0.185768
-0.255034 -0.18431 -0.237826 -0.212546 -0.234754 -0.188502
-0.252109 -0.184838 -0.238943 -0.209997 -0.232147 -0.19019
-0.248113 -0.185803 -0.239958 -0.206081 -0.228064 -0.19281
-0.242718 -0.186988 -0.240475 -0.201175 -0.222667 -0.195702
-0.236463 -0.188822 -0.240838 -0.195219 -0.216041 -0.19845
-0.230914 -0.190395 -0.240943 -0.189708 -0.209902 -0.200694
-0.223127 -0.192492 -0.241338 -0.181993 -0.201567 -0.203505
-0.214857 -0.194669 -0.241723 -0.173598 -0.192746 -0.206126
-0.206248 -0.196036 -0.242129 -0.164531 -0.18328 -0.208155
-0.19706 -0.197327 -0.24222 -0.155366 -0.173347 -0.210152
-0.187566 -0.198803 -0.242075 -0.146689 -0.163063 -0.211894
-0.177879 -0.200563 -0.24194 -0.138966 -0.152893 -0.213847
-0.168276 -0.202333 -0.241512 -0.131893 -0.142808 -0.216198
-0.159431 -0.204199 -0.240869 -0.125477 -0.133515 -0.218761
-0.151282 -0.206249 -0.240389 -0.120024 -0.124967 -0.221264
-0.144175 -0.208342 -0.240178 -0.11548 -0.117877 -0.223426
-0.138127 -0.210255 -0.239846 -0.111874 -0.112162 -0.225226
-0.133784 -0.211915 -0.240047 -0.108472 -0.107881 -0.226668
-0.131215 -0.212973 -0.240226 -0.10569 -0.105143 -0.227588
-0.130574 -0.213901 -0.240323 -0.103549 -0.103916 -0.228335
-0.131301 -0.214961 -0.240252 -0.102293 -0.104349 -0.228914
-0.132803 -0.216146 -0.240237 -0.102131 -0.106316 -0.229785
-0.134889 -0.217383 -0.240175 -0.103513 -0.109605 -0.230599
-0.138261 -0.218451 -0.239888 -0.106336 -0.114127 -0.231472
-0.143134 -0.219314 -0.239334 -0.110619 -0.119764 -0.232257
-0.149436 -0.22014 -0.239294 -0.116004 -0.126802 -0.232671
-0.157416 -0.220721 -0.239073 -0.12235 -0.134948 -0.232877
-0.165976 -0.221262 -0.238797 -0.129384 -0.143326 -0.232807
-0.174645 -0.221758 -0.238175 -0.136969 -0.151862 -0.232784
-0.18323 -0.222153 -0.237541 -0.145 -0.16037 -0.232727
-0.191656 -0.222463 -0.237227 -0.152978 -0.168636 -0.232612
-0.199657 -0.222368 -0.236849 -0.160572 -0.176867 -0.232124
-0.207575 -0.220951 -0.23433 -0.171918 -0.185717 -0.230419
-0.215488 -0.219469 -0.230918 -0.187403 -0.195972 -0.228656
-0.221677 -0.218424 -0.228603 -0.201662 -0.205006 -0.227325
-0.226342 -0.217062 -0.225931 -0.210981 -0.212866 -0.225703
-0.228209 -0.215611 -0.222864 -0.21727 -0.22076 -0.223462
-0.228478 -0.212975 -0.219145 -0.217771 -0.228716 -0.220504
-0.231526 -0.210583 -0.214473 -0.21665 -0.235318 -0.217163
-0.235232 -0.207143 -0.210194 -0.214831 -0.234825 -0.212666
-0.239568 -0.201499 -0.205409 -0.211727 -0.233677 -0.207175
-0.243404 -0.195897 -0.201429 -0.207782 -0.233092 -0.202098
-0.246599 -0.18958 -0.196102 -0.205181 -0.232099 -0.196688
-0.245917 -0.182744 -0.189691 -0.202904 -0.230188 -0.190247
-0.244154 -0.175948 -0.181709 -0.201014 -0.22879 -0.182602
-0.242496 -0.168268 -0.172878 -0.200362 -0.227468 -0.174182
-0.241423 -0.159862 -0.163701 -0.199652 -0.226088 -0.16559
-0.240869 -0.150604 -0.154423 -0.199754 -0.224924 -0.156747
-0.240827 -0.141017 -0.14582 -0.199602 -0.224487 -0.147868
-0.241073 -0.131545 -0.138099 -0.199898 -0.224905 -0.139175
-0.241242 -0.122347 -0.131267 -0.200694 -0.225481 -0.131033
-0.241872 -0.114026 -0.124902 -0.201968 -0.226231 -0.123847
-0.242544 -0.106946 -0.119392 -0.203655 -0.22691 -0.117738
-0.243007 -0.101623 -0.114766 -0.2054 -0.227308 -0.112492
-0.243453 -0.0978431 -0.111303 -0.207429 -0.227803 -0.108222
-0.243921 -0.0956195 -0.109473 -0.209548 -0.228276 -0.105115
-0.244607 -0.0948829 -0.109193 -0.211236 -0.229058 -0.103605
-0.245323 -0.0955772 -0.109696 -0.213016 -0.229824 -0.103637
-0.245861 -0.0971043 -0.111907 -0.2145 -0.230749 -0.104887
-0.246407 -0.0998913 -0.115261 -0.216123 -0.231743 -0.107233
-0.246933 -0.103981 -0.11965 -0.217463 -0.232364 -0.110949
-0.247166 -0.109542 -0.12481 -0.218701 -0.232712 -0.115978
-0.247015 -0.116224 -0.131081 -0.219903 -0.233154 -0.122186
-0.246882 -0.123879 -0.138609 -0.22112 -0.233459 -0.129364
-0.246842 -0.132073 -0.146867 -0.222049 -0.233555 -0.137262
-0.246718 -0.140472 -0.155304 -0.222953 -0.233439 -0.145636
-0.246706 -0.148822 -0.163545 -0.22351 -0.233278 -0.154178
-0.246424 -0.15701 -0.171719 -0.223926 -0.23316 -0.16286
-0.246165 -0.165012 -0.180092 -0.223502 -0.232971 -0.171285
-0.244989 -0.173614 -0.192415 -0.220262 -0.231855 -0.179405
-0.243571 -0.180679 -0.207328 -0.217955 -0.230668 -0.185966
-0.241435 -0.186508 -0.221218 -0.216181 -0.228662 -0.190621
-0.239378 -0.190328 -0.230297 -0.214974 -0.226193 -0.193413
-0.236867 -0.192322 -0.233011 -0.213695 -0.222943 -0.195637
-0.234589 -0.191515 -0.232356 -0.211388 -0.220683 -0.194814
-0.232417 -0.191134 -0.232921 -0.208339 -0.218866 -0.193325
-0.229187 -0.191238 -0.232312 -0.20565 -0.216236 -0.192208
-0.225011 -0.191109 -0.230525 -0.202141 -0.21189 -0.192346
-0.21929 -0.191434 -0.229465 -0.197419 -0.205923 -0.193105
-0.212461 -0.192502 -0.228244 -0.191186 -0.19928 -0.194184
-0.204764 -0.194134 -0.227509 -0.183638 -0.191601 -0.195573
-0.194707 -0.196424 -0.227003 -0.173431 -0.181341 -0.197286
-0.185742 -0.198175 -0.226482 -0.1642 -0.172074 -0.198818
-0.176331 -0.200034 -0.226769 -0.154997 -0.162269 -0.200298
-0.166707 -0.20174 -0.227311 -0.14646 -0.152211 -0.201835
-0.157084 -0.203489 -0.227987 -0.138617 -0.14221 -0.203548
-0.147815 -0.205559 -0.228765 -0.13152 -0.132702 -0.205283
-0.138863 -0.207694 -0.229378 -0.12523 -0.123713 -0.207419
-0.130635 -0.209595 -0.23014 -0.119578 -0.115681 -0.209461
-0.123641 -0.211451 -0.23119 -0.114776 -0.108752 -0.211651
-0.118164 -0.21332 -0.232104 -0.11092 -0.103414 -0.21358
-0.114747 -0.215196 -0.233101 -0.10749 -0.099597 -0.215281
-0.113107 -0.216819 -0.234001 -0.104764 -0.0973554 -0.216941
-0.112822 -0.218035 -0.234964 -0.102968 -0.0967432 -0.21851
-0.113727 -0.218842 -0.23596 -0.102503 -0.0976369 -0.219941
-0.115847 -0.219841 -0.236663 -0.103817 -0.100294 -0.221445
-0.119326 -0.220934 -0.237124 -0.105918 -0.104264 -0.222636
-0.124179 -0.221993 -0.237445 -0.109164 -0.109418 -0.223577
-0.130182 -0.22275 -0.237624 -0.113831 -0.115619 -0.224325
-0.137358 -0.223363 -0.237825 -0.119679 -0.122664 -0.225034
-0.145302 -0.223607 -0.23808 -0.126242 -0.130297 -0.225506
-0.153447 -0.223776 -0.237944 -0.133347 -0.138523 -0.225944
-0.161725 -0.223868 -0.237759 -0.141045 -0.147213 -0.226372
-0.170131 -0.223998 -0.237363 -0.149589 -0.155936 -0.22663
-0.178206 -0.22411 -0.236741 -0.157739 -0.164243 -0.226914
-0.186234 -0.223662 -0.235994 -0.166297 -0.172365 -0.226802
-0.192949 -0.222607 -0.233066 -0.177456 -0.180268 -0.225445
-0.202303 -0.221131 -0.229864 -0.193549 -0.191867 -0.224066
-0.209575 -0.220024 -0.227831 -0.20735 -0.201899 -0.223085
-0.214811 -0.218441 -0.224877 -0.217719 -0.210828 -0.221372
-0.213443 -0.215762 -0.222575 -0.223808 -0.213289 -0.219118
-0.213848 -0.211257 -0.221179 -0.222914 -0.214663 -0.21423
-0.213082 -0.206859 -0.219365 -0.221376 -0.214523 -0.210798
-0.212086 -0.203047 -0.216063 -0.22098 -0.214742 -0.207109
-0.211199 -0.199177 -0.211808 -0.220066 -0.213923 -0.20348
-0.210586 -0.194611 -0.206241 -0.21958 -0.213349 -0.198488
-0.20993 -0.188725 -0.199445 -0.219475 -0.212924 -0.192019
-0.210183 -0.181464 -0.191627 -0.219446 -0.21317 -0.184285
-0.210619 -0.17318 -0.183284 -0.219423 -0.213932 -0.175699
-0.211302 -0.164133 -0.174224 -0.219713 -0.21477 -0.166552
-0.212102 -0.154862 -0.164541 -0.220245 -0.215875 -0.157264
-0.213132 -0.145213 -0.15458 -0.221139 -0.216794 -0.14789
-0.214166 -0.135715 -0.145097 -0.222334 -0.217665 -0.138624
-0.215016 -0.126972 -0.136521 -0.223828 -0.218702 -0.129534
-0.215873 -0.118703 -0.128853 -0.225134 -0.219546 -0.121015
-0.217009 -0.111146 -0.122439 -0.226584 -0.220451 -0.11303
-0.218073 -0.104264 -0.117368 -0.227906 -0.221604 -0.106086
-0.219261 -0.0985991 -0.113185 -0.229232 -0.222805 -0.100326
-0.220379 -0.0945237 -0.109987 -0.230626 -0.223761 -0.0960588
-0.221328 -0.0920776 -0.108191 -0.231669 -0.224635 -0.0936975
-0.222469 -0.0908047 -0.107524 -0.232766 -0.225389 -0.0930564
-0.223459 -0.0911632 -0.107862 -0.233783 -0.226133 -0.0937931
-0.224352 -0.0930545 -0.109861 -0.234619 -0.226723 -0.0958139
-0.225366 -0.0965452 -0.113365 -0.235403 -0.227183 -0.0992608
-0.226169 -0.10131 -0.118002 -0.235983 -0.227545 -0.104036
-0.226776 -0.107353 -0.123746 -0.236515 -0.227845 -0.109973
-0.227146 -0.114413 -0.130839 -0.237128 -0.227997 -0.117242
-0.227524 -0.122087 -0.138677 -0.237519 -0.228004 -0.125374
-0.227792 -0.130129 -0.147015 -0.237732 -0.228087 -0.133901
-0.228204 -0.138496 -0.155398 -0.237835 -0.228265 -0.142591
-0.228427 -0.147247 -0.16387 -0.237847 -0.228367 -0.151209
-0.228573 -0.156007 -0.172068 -0.237717 -0.228306 -0.159708
-0.228373 -0.164769 -0.180766 -0.236496 -0.227774 -0.168265
-0.227015 -0.175377 -0.19333 -0.233312 -0.226534 -0.178641
-0.225821 -0.186686 -0.207248 -0.230881 -0.225203 -0.189773
-0.224275 -0.195195 -0.219455 -0.228853 -0.223504 -0.199584
-0.221794 -0.200955 -0.228816 -0.226428 -0.220553 -0.206027
-0.218871 -0.204197 -0.229834 -0.223431 -0.216691 -0.210341
-0.215957 -0.203843 -0.228493 -0.220576 -0.213858 -0.209421
-0.21264 -0.203338 -0.227455 -0.216963 -0.210925 -0.208238
-0.209049 -0.2037 -0.226328 -0.213799 -0.206651 -0.20756
-0.204536 -0.203345 -0.223741 -0.210415 -0.201947 -0.207509
-0.198462 -0.203298 -0.222647 -0.205556 -0.19595 -0.2076
-0.191487 -0.204008 -0.221711 -0.199174 -0.189559 -0.207654
-0.183774 -0.204821 -0.221845 -0.191486 -0.18211 -0.208372
-0.175111 -0.205653 -0.222364 -0.182761 -0.173942 -0.208701
-0.166058 -0.206181 -0.222659 -0.173687 -0.164972 -0.209047
-0.156474 -0.207107 -0.223079 -0.164142 -0.155193 -0.209527
-0.14639 -0.208634 -0.223466 -0.155251 -0.1449 -0.210705
-0.136182 -0.210345 -0.223988 -0.146876 -0.134505 -0.212395
-0.126192 -0.212022 -0.224682 -0.139456 -0.124677 -0.214332
-0.117192 -0.213913 -0.225455 -0.132778 -0.115791 -0.216164
-0.109466 -0.215763 -0.226501 -0.12691 -0.108003 -0.217698
-0.10313 -0.217423 -0.227803 -0.121625 -0.101553 -0.219083
-0.0984845 -0.218833 -0.228966 -0.116966 -0.0965762 -0.220205
-0.095647 -0.22001 -0.230108 -0.11309 -0.0930764 -0.221362
-0.09445 -0.221098 -0.231138 -0.109862 -0.0911614 -0.222469
-0.094372 -0.222452 -0.231778 -0.108534 -0.0910313 -0.223656
-0.0957742 -0.223688 -0.232463 -0.109126 -0.0926241 -0.224997
-0.0986183 -0.225046 -0.232965 -0.111193 -0.0956778 -0.226372
-0.102575 -0.226333 -0.233424 -0.114677 -0.100103 -0.227442
-0.107913 -0.22734 -0.233798 -0.119284 -0.105759 -0.228206
-0.113072 -0.227867 -0.234165 -0.123824 -0.111125 -0.228629
-0.12053 -0.228299 -0.234455 -0.130242 -0.118409 -0.228923
-0.128737 -0.228546 -0.234728 -0.137596 -0.126296 -0.229055
-0.138722 -0.228735 -0.23493 -0.147149 -0.136148 -0.229047
-0.147091 -0.228647 -0.235048 -0.155517 -0.144838 -0.229227
-0.155164 -0.228597 -0.23507 -0.164046 -0.153459 -0.229267
-0.162979 -0.228461 -0.234974 -0.172352 -0.161793 -0.229146
-0.171292 -0.227157 -0.233247 -0.183219 -0.170786 -0.227781
-0.181464 -0.225622 -0.22965 -0.198673 -0.181969 -0.225969
-0.191727 -0.224462 -0.227538 -0.212128 -0.193238 -0.224647
-0.200035 -0.223139 -0.225236 -0.221123 -0.202874 -0.223428
-0.207309 -0.221594 -0.222346 -0.22633 -0.211691 -0.22143
-0.214972 -0.219901 -0.218347 -0.225686 -0.219109 -0.21917
-0.22363 -0.217303 -0.213346 -0.224736 -0.223101 -0.21674
-0.230883 -0.213464 -0.207992 -0.222337 -0.225277 -0.213728
-0.234083 -0.208268 -0.203847 -0.21832 -0.227692 -0.209479
-0.235262 -0.202382 -0.201037 -0.214033 -0.228598 -0.204086
-0.236006 -0.196054 -0.197093 -0.210135 -0.228823 -0.197571
-0.235798 -0.18951 -0.191534 -0.206347 -0.228726 -0.19071
-0.235124 -0.182719 -0.18394 -0.203079 -0.228162 -0.183352
-0.234809 -0.175364 -0.175029 -0.200309 -0.227159 -0.175421
-0.234424 -0.167087 -0.16544 -0.198512 -0.226202 -0.166898
-0.233342 -0.15855 -0.155881 -0.198077 -0.225725 -0.157892
-0.232351 -0.149798 -0.147008 -0.198003 -0.225157 -0.148844
-0.231875 -0.14087 -0.138543 -0.198025 -0.224607 -0.139947
-0.231862 -0.132091 -0.131195 -0.198117 -0.224371 -0.131029
-0.232259 -0.12369 -0.124931 -0.198685 -0.224902 -0.12228
-0.232767 -0.116269 -0.119946 -0.199795 -0.225697 -0.114483
-0.233451 -0.109723 -0.115469 -0.201091 -0.226372 -0.108053
-0.234097 -0.104433 -0.111414 -0.202696 -0.226992 -0.103255
-0.234635 -0.100528 -0.108089 -0.20478 -0.227755 -0.0999449
-0.23516 -0.0982135 -0.106196 -0.206858 -0.228409 -0.0981525
-0.23582 -0.0973003 -0.105909 -0.208918 -0.229142 -0.0976504
-0.236624 -0.0979179 -0.106894 -0.210505 -0.229996 -0.0980581
-0.237437 -0.0997993 -0.109364 -0.212238 -0.231035 -0.100091
-0.238148 -0.103203 -0.113176 -0.213787 -0.231949 -0.1036
-0.238721 -0.107944 -0.11812 -0.215262 -0.23267 -0.108584
-0.239444 -0.11422 -0.124155 -0.216614 -0.233185 -0.114657
-0.239983 -0.121573 -0.131159 -0.218018 -0.233677 -0.121724
-0.240324 -0.129998 -0.13922 -0.219307 -0.234173 -0.129484
-0.240308 -0.138776 -0.147509 -0.220487 -0.234397 -0.13764
-0.240258 -0.147428 -0.155774 -0.221152 -0.234385 -0.146349
-0.240389 -0.155683 -0.163946 -0.221717 -0.23447 -0.15503
-0.240512 -0.163569 -0.171771 -0.221831 -0.234809 -0.16308
-0.239914 -0.172001 -0.181611 -0.220385 -0.234406 -0.171448
-0.238804 -0.180683 -0.196205 -0.217605 -0.233276 -0.180751
-0.237502 -0.186737 -0.211064 -0.216031 -0.231706 -0.188032
-0.235802 -0.192654 -0.223868 -0.214641 -0.229441 -0.193383
-0.232867 -0.196924 -0.236044 -0.212539 -0.225952 -0.198515
-0.229135 -0.19804 -0.240124 -0.21054 -0.222067 -0.201016
-0.225506 -0.196987 -0.240185 -0.20848 -0.218491 -0.200764
-0.22237 -0.196055 -0.239406 -0.205021 -0.215526 -0.199143
-0.218983 -0.195645 -0.239271 -0.201234 -0.211995 -0.19703
-0.214514 -0.195061 -0.237832 -0.197064 -0.207238 -0.196196
-0.208239 -0.194929 -0.23572 -0.191362 -0.201042 -0.196131
-0.200659 -0.196071 -0.234352 -0.1847 -0.193718 -0.196866
-0.192115 -0.197886 -0.233942 -0.176883 -0.185476 -0.198467
-0.183263 -0.199505 -0.233516 -0.167926 -0.176653 -0.199724
-0.17428 -0.200868 -0.233425 -0.158522 -0.167482 -0.200759
-0.165213 -0.20236 -0.233673 -0.149387 -0.158053 -0.201793
-0.153894 -0.204039 -0.234035 -0.139416 -0.146265 -0.202853
-0.144608 -0.205565 -0.234798 -0.132013 -0.136523 -0.204103
-0.135319 -0.207158 -0.235466 -0.12551 -0.127396 -0.205755
-0.126626 -0.209041 -0.235862 -0.119635 -0.118842 -0.207476
-0.118928 -0.211126 -0.23639 -0.114622 -0.111397 -0.209367
-0.112772 -0.213046 -0.237318 -0.110633 -0.105339 -0.211251
-0.108419 -0.214674 -0.237996 -0.107293 -0.100854 -0.212851
-0.106125 -0.216157 -0.238628 -0.104342 -0.098145 -0.214213
-0.105565 -0.217478 -0.239352 -0.101991 -0.0969705 -0.215328
-0.105787 -0.218671 -0.240067 -0.100765 -0.0973856 -0.216356
-0.107492 -0.219932 -0.24042 -0.100915 -0.0992443 -0.21743
-0.110271 -0.221061 -0.240635 -0.102757 -0.102766 -0.21856
-0.114428 -0.222081 -0.240805 -0.105819 -0.10726 -0.219709
-0.119894 -0.223064 -0.240878 -0.10992 -0.112942 -0.220543
-0.126616 -0.22381 -0.24091 -0.115302 -0.120099 -0.221226
-0.134356 -0.224368 -0.240986 -0.121469 -0.127819 -0.221805
-0.142695 -0.22482 -0.241122 -0.128368 -0.136009 -0.222104
-0.151278 -0.225152 -0.241029 -0.135728 -0.144467 -0.22235
-0.159785 -0.225449 -0.240592 -0.143753 -0.152899 -0.222744
-0.167949 -0.225694 -0.240586 -0.151935 -0.161231 -0.222886
-0.1758 -0.225625 -0.240672 -0.159885 -0.169225 -0.222805
-0.184483 -0.224428 -0.237998 -0.171965 -0.178594 -0.221332
-0.194853 -0.222936 -0.234452 -0.186948 -0.190204 -0.219792
-0.202757 -0.222142 -0.23252 -0.200211 -0.199727 -0.218941
-0.207105 -0.220639 -0.230894 -0.210917 -0.206377 -0.217422
-0.21035 -0.217886 -0.229027 -0.21607 -0.211454 -0.214794
-0.212218 -0.214922 -0.227405 -0.217227 -0.212581 -0.211703
-0.213846 -0.21121 -0.224846 -0.215963 -0.212288 -0.208881
-0.214206 -0.207318 -0.221571 -0.215061 -0.212517 -0.205788
-0.214068 -0.203322 -0.217748 -0.213833 -0.212151 -0.202062
-0.214114 -0.198489 -0.212684 -0.212618 -0.211718 -0.1971
-0.214174 -0.192478 -0.206206 -0.211409 -0.211423 -0.190864
-0.214279 -0.185423 -0.198666 -0.210425 -0.211473 -0.183429
-0.214537 -0.177478 -0.190238 -0.209703 -0.211722 -0.175086
-0.215019 -0.168893 -0.181071 -0.209011 -0.212217 -0.166024
-0.215388 -0.159763 -0.171367 -0.208866 -0.212809 -0.156668
-0.216231 -0.15046 -0.161522 -0.209179 -0.213604 -0.147339
-0.216978 -0.14089 -0.151821 -0.209877 -0.214443 -0.138016
-0.217645 -0.131604 -0.142787 -0.211307 -0.215374 -0.129025
-0.218295 -0.122889 -0.134547 -0.212628 -0.216154 -0.120496
-0.219119 -0.114836 -0.127291 -0.214248 -0.216925 -0.112753
-0.219875 -0.107559 -0.121339 -0.215714 -0.218015 -0.105847
-0.221021 -0.101418 -0.116625 -0.217195 -0.219165 -0.0997941
-0.222249 -0.096562 -0.112983 -0.218696 -0.220353 -0.0948613
-0.223332 -0.0933294 -0.110718 -0.220051 -0.221551 -0.0914824
-0.224535 -0.0914323 -0.109934 -0.221573 -0.222596 -0.0899658
-0.225786 -0.0911127 -0.11 -0.222653 -0.223686 -0.08995
-0.227033 -0.0923557 -0.111688 -0.223625 -0.224879 -0.0908513
-0.228315 -0.0950231 -0.11488 -0.224423 -0.225803 -0.093119
-0.229298 -0.0994744 -0.119056 -0.22536 -0.22656 -0.0968374
-0.230036 -0.105168 -0.124481 -0.226186 -0.227239 -0.101977
-0.230511 -0.111854 -0.130776 -0.227003 -0.227663 -0.108491
-0.230923 -0.119474 -0.138199 -0.227724 -0.227934 -0.116242
-0.231216 -0.127461 -0.146275 -0.228368 -0.228031 -0.12436
-0.231454 -0.135913 -0.154557 -0.228691 -0.228131 -0.132765
-0.231699 -0.14445 -0.162881 -0.228875 -0.228294 -0.141388
-0.231871 -0.153066 -0.17117 -0.228922 -0.228452 -0.149912
-0.231947 -0.161275 -0.178988 -0.228702 -0.228363 -0.158179
-0.230688 -0.170794 -0.190682 -0.225834 -0.227097 -0.168192
-0.229468 -0.181735 -0.205584 -0.223764 -0.225536 -0.179466
-0.228255 -0.192686 -0.217233 -0.221778 -0.2243 -0.190308
-0.227105 -0.201167 -0.225365 -0.219185 -0.222851 -0.200239
-0.224449 -0.201827 -0.231025 -0.216632 -0.220036 -0.204149
-0.220939 -0.20292 -0.232774 -0.21408 -0.215849 -0.204011
-0.216406 -0.203279 -0.231551 -0.211952 -0.212009 -0.203261
-0.211816 -0.203223 -0.230651 -0.209203 -0.20777 -0.20247
-0.207842 -0.201963 -0.230737 -0.205634 -0.2039 -0.200142
-0.203342 -0.201071 -0.230128 -0.200574 -0.199616 -0.198271
-0.197483 -0.20055 -0.229189 -0.194259 -0.193499 -0.197307
-0.189809 -0.200946 -0.228517 -0.187163 -0.185814 -0.197457
-0.180865 -0.201788 -0.227988 -0.179261 -0.177116 -0.198416
-0.171084 -0.202838 -0.227839 -0.170581 -0.167833 -0.199627
-0.160842 -0.204232 -0.227989 -0.161437 -0.158465 -0.200787
-0.150878 -0.205832 -0.228314 -0.152238 -0.149033 -0.201818
-0.141098 -0.207181 -0.22892 -0.143659 -0.139519 -0.202997
-0.131674 -0.208905 -0.229818 -0.135877 -0.130127 -0.204236
-0.122731 -0.210389 -0.23082 -0.129045 -0.121076 -0.205461
-0.114614 -0.211899 -0.232012 -0.123046 -0.112537 -0.206935
-0.107425 -0.213701 -0.232795 -0.117807 -0.104823 -0.208573
-0.101629 -0.215464 -0.23377 -0.113361 -0.0985129 -0.210102
-0.0975417 -0.21698 -0.234828 -0.109787 -0.0940774 -0.211422
-0.0956149 -0.218149 -0.235874 -0.106928 -0.0915617 -0.212582
-0.0951696 -0.219465 -0.237271 -0.104749 -0.0907495 -0.213647
-0.0966101 -0.220741 -0.238335 -0.103875 -0.0917578 -0.214391
-0.099421 -0.221634 -0.23925 -0.104693 -0.0941539 -0.215483
-0.103501 -0.22259 -0.239862 -0.106804 -0.0978624 -0.216581
-0.108339 -0.223546 -0.24013 -0.11007 -0.102569 -0.217707
-0.114101 -0.224528 -0.240583 -0.114892 -0.108231 -0.218687
-0.120667 -0.225241 -0.240842 -0.120877 -0.115087 -0.219482
-0.128215 -0.225901 -0.241186 -0.127738 -0.123257 -0.220065
-0.136502 -0.226372 -0.241375 -0.135033 -0.131776 -0.220357
-0.145035 -0.226768 -0.241525 -0.142804 -0.140401 -0.220443
-0.153498 -0.226948 -0.241557 -0.151287 -0.148849 -0.220797
-0.161527 -0.22691 -0.241331 -0.159297 -0.156884 -0.221323
-0.169046 -0.226543 -0.24148 -0.167775 -0.164755 -0.221573
-0.178067 -0.225441 -0.238381 -0.181018 -0.174848 -0.219928
-0.189004 -0.224508 -0.235136 -0.195238 -0.187084 -0.218122
-0.198116 -0.223595 -0.233117 -0.208005 -0.19702 -0.217018
-0.205656 -0.221929 -0.230849 -0.214038 -0.2032 -0.215586
-0.210572 -0.220124 -0.228326 -0.213302 -0.208697 -0.213242
-0.213947 -0.217457 -0.225295 -0.213511 -0.211796 -0.211196
-0.2175 -0.214155 -0.221721 -0.211836 -0.211569 -0.20834
-0.21912 -0.209663 -0.219095 -0.209482 -0.211915 -0.204179
-0.219662 -0.20449 -0.216021 -0.207514 -0.213159 -0.199221
-0.219575 -0.19912 -0.211356 -0.205739 -0.213598 -0.193769
-0.219494 -0.193028 -0.20485 -0.203338 -0.213852 -0.187554
-0.219966 -0.186177 -0.196592 -0.201637 -0.21422 -0.180311
-0.220167 -0.178194 -0.187753 -0.199842 -0.214164 -0.171891
-0.220329 -0.169602 -0.178573 -0.200149 -0.21429 -0.162847
-0.220424 -0.160667 -0.169037 -0.19932 -0.215116 -0.153393
-0.21935 -0.151437 -0.159669 -0.197624 -0.214948 -0.144231
-0.218677 -0.14213 -0.150499 -0.196909 -0.21478 -0.135056
-0.218286 -0.132871 -0.142113 -0.196281 -0.214729 -0.126261
-0.218373 -0.124345 -0.134998 -0.195753 -0.214723 -0.117942
-0.218378 -0.11686 -0.128869 -0.195464 -0.215062 -0.110463
-0.21863 -0.110358 -0.123689 -0.19572 -0.215487 -0.103975
-0.219013 -0.105103 -0.119056 -0.196607 -0.216013 -0.0987128
-0.219481 -0.100998 -0.115208 -0.197955 -0.216264 -0.09488
-0.219559 -0.0980631 -0.112692 -0.199648 -0.216266 -0.0922259
-0.219926 -0.0966808 -0.111674 -0.201676 -0.216572 -0.090873
-0.220424 -0.0966746 -0.111861 -0.20374 -0.217099 -0.0911248
-0.220951 -0.0981872 -0.113837 -0.205936 -0.217592 -0.0924396
-0.221511 -0.100873 -0.11696 -0.207765 -0.218178 -0.0950361
-0.222388 -0.104765 -0.121322 -0.209818 -0.219057 -0.098876
-0.223469 -0.110003 -0.126926 -0.211671 -0.220059 -0.103947
-0.224436 -0.11646 -0.133497 -0.213513 -0.220775 -0.11001
-0.225372 -0.124043 -0.141082 -0.215204 -0.221516 -0.117085
-0.226132 -0.132367 -0.149073 -0.216858 -0.222174 -0.124936
-0.226683 -0.141143 -0.157457 -0.218551 -0.222768 -0.133255
-0.226873 -0.149683 -0.165598 -0.220105 -0.223354 -0.141863
-0.227117 -0.157784 -0.173516 -0.221497 -0.22365 -0.150387
-0.227209 -0.165771 -0.181839 -0.221838 -0.223555 -0.158713
-0.225948 -0.175548 -0.196003 -0.219334 -0.221951 -0.168778
-0.22491 -0.186383 -0.21266 -0.218034 -0.220864 -0.179621
-0.224213 -0.193146 -0.223494 -0.21667 -0.220012 -0.18813
-0.222626 -0.19532 -0.230665 -0.214885 -0.218331 -0.19391
-0.220884 -0.197122 -0.233111 -0.212644 -0.215848 -0.198422
-0.218422 -0.196819 -0.232494 -0.21034 -0.2134 -0.20033
-0.215469 -0.196605 -0.231757 -0.207587 -0.210179 -0.20009
-0.211438 -0.196443 -0.231667 -0.204716 -0.20614 -0.200018
-0.206836 -0.196462 -0.230732 -0.200549 -0.201967 -0.199622
-0.20072 -0.196666 -0.230072 -0.194606 -0.196439 -0.19938
-0.193563 -0.197193 -0.229534 -0.187461 -0.18968 -0.199481
-0.185631 -0.198317 -0.229521 -0.179385 -0.181703 -0.200186
-0.176864 -0.199359 -0.2296 -0.170566 -0.172513 -0.200631
-0.167381 -0.20073 -0.229915 -0.16138 -0.162516 -0.201351
-0.157322 -0.202094 -0.230262 -0.152315 -0.152011 -0.202263
-0.14706 -0.203734 -0.230514 -0.143742 -0.141391 -0.203383
-0.13664 -0.205636 -0.230995 -0.1359 -0.130998 -0.204407
-0.126635 -0.207217 -0.231643 -0.128989 -0.121189 -0.205795
-0.117438 -0.208578 -0.232317 -0.12284 -0.112043 -0.207193
-0.108982 -0.209822 -0.233195 -0.11726 -0.104026 -0.208285
-0.101638 -0.211275 -0.234055 -0.112254 -0.0971776 -0.20932
-0.0960094 -0.212701 -0.235172 -0.108019 -0.0917704 -0.210257
-0.0924679 -0.213881 -0.236103 -0.104473 -0.0879645 -0.211257
-0.0907323 -0.215049 -0.237406 -0.101951 -0.0859581 -0.211977
-0.0903567 -0.216545 -0.238467 -0.10035 -0.0860312 -0.212554
-0.0913029 -0.217959 -0.239598 -0.0997528 -0.0875531 -0.213247
-0.0937834 -0.219473 -0.240445 -0.100599 -0.0905667 -0.214035
-0.0978319 -0.220973 -0.2409 -0.102916 -0.0949251 -0.214688
-0.102954 -0.222778 -0.241528 -0.107359 -0.101298 -0.215632
-0.110777 -0.224134 -0.241899 -0.112277 -0.107443 -0.216381
-0.117985 -0.225098 -0.242118 -0.118223 -0.114519 -0.217155
-0.126071 -0.226069 -0.242294 -0.124908 -0.122339 -0.217757
-0.134782 -0.226606 -0.242286 -0.132071 -0.130533 -0.21816
-0.143421 -0.226768 -0.242462 -0.140104 -0.139014 -0.21843
-0.15182 -0.226438 -0.242771 -0.147935 -0.147281 -0.218633
-0.159812 -0.226141 -0.243084 -0.15572 -0.155443 -0.218689
-0.168046 -0.225395 -0.242412 -0.164991 -0.164107 -0.217548
-0.178202 -0.224138 -0.2388 -0.180272 -0.176131 -0.215289
-0.188695 -0.223176 -0.236475 -0.194508 -0.18878 -0.213938
-0.196462 -0.221727 -0.234586 -0.208915 -0.199597 -0.212398
-0.202521 -0.219727 -0.232371 -0.216125 -0.206666 -0.210213
-0.208001 -0.216917 -0.229863 -0.216271 -0.212435 -0.207761
-0.211695 -0.213412 -0.226364 -0.214237 -0.214064 -0.205942
-0.215095 -0.209078 -0.222198 -0.212449 -0.213612 -0.203455
-0.218352 -0.20414 -0.218948 -0.209567 -0.213486 -0.1996
-0.219932 -0.198757 -0.215328 -0.206561 -0.213747 -0.194485
-0.220729 -0.193179 -0.210185 -0.204478 -0.214108 -0.188271
-0.220671 -0.186791 -0.203467 -0.202534 -0.214267 -0.181383
-0.220716 -0.179517 -0.195262 -0.201035 -0.214532 -0.1737
-0.220899 -0.171344 -0.185912 -0.200282 -0.214835 -0.165175
-0.221157 -0.162782 -0.176374 -0.200147 -0.215275 -0.156184
-0.221312 -0.153959 -0.166803 -0.200254 -0.216002 -0.146937
-0.221707 -0.144815 -0.157333 -0.203361 -0.216878 -0.137433
-0.222679 -0.135493 -0.148218 -0.207892 -0.218166 -0.127667
-0.223047 -0.126532 -0.139677 -0.208569 -0.219462 -0.118413
-0.223614 -0.118463 -0.13187 -0.209969 -0.220398 -0.110171
-0.224217 -0.11141 -0.125011 -0.211368 -0.221057 -0.102946
-0.224615 -0.10531 -0.119114 -0.212927 -0.221322 -0.09657
-0.224861 -0.100542 -0.114509 -0.214653 -0.221856 -0.0911167
-0.225366 -0.0967045 -0.111629 -0.216223 -0.22258 -0.0870492
-0.226575 -0.094017 -0.11071 -0.217469 -0.223552 -0.0847315
-0.227514 -0.0926959 -0.110624 -0.218903 -0.224602 -0.0841177
-0.228098 -0.0930333 -0.111964 -0.220415 -0.225534 -0.0847033
-0.228767 -0.0951415 -0.114608 -0.221786 -0.226119 -0.086629
-0.229183 -0.0986958 -0.118302 -0.22309 -0.226774 -0.0902722
-0.22933 -0.102487 -0.121945 -0.224257 -0.227069 -0.0942328
-0.22927 -0.109639 -0.129045 -0.225906 -0.227183 -0.10161
-0.229248 -0.116418 -0.136219 -0.22711 -0.227247 -0.108861
-0.229414 -0.123825 -0.14444 -0.22783 -0.227361 -0.116616
-0.229687 -0.131879 -0.152784 -0.228186 -0.227442 -0.12469
-0.229797 -0.140453 -0.161357 -0.228495 -0.227679 -0.132975
-0.229846 -0.149131 -0.169545 -0.228804 -0.227763 -0.141546
-0.229844 -0.157562 -0.177405 -0.228995 -0.227818 -0.14998
-0.228721 -0.166759 -0.186724 -0.227121 -0.22697 -0.159031
-0.226655 -0.1778 -0.200396 -0.224328 -0.225753 -0.169805
-0.225049 -0.18964 -0.214476 -0.222634 -0.224405 -0.180733
-0.223438 -0.198978 -0.224145 -0.220694 -0.22275 -0.19082
-0.22068 -0.198516 -0.230374 -0.218264 -0.220302 -0.200269
-0.218169 -0.198607 -0.232577 -0.21585 -0.216019 -0.200943
-0.214005 -0.198932 -0.23176 -0.213568 -0.211714 -0.200339
-0.21049 -0.198447 -0.230319 -0.210754 -0.208238 -0.202217
-0.206818 -0.197426 -0.229905 -0.207672 -0.204292 -0.201612
-0.202448 -0.196421 -0.228955 -0.203077 -0.199796 -0.201085
-0.196486 -0.196124 -0.227059 -0.197054 -0.194411 -0.201122
-0.18942 -0.196715 -0.225875 -0.190076 -0.187272 -0.20176
-0.181099 -0.19771 -0.225567 -0.182471 -0.179258 -0.202845
-0.172057 -0.198667 -0.224733 -0.173901 -0.170733 -0.203633
-0.16262 -0.199968 -0.22463 -0.164668 -0.161701 -0.204361
-0.153198 -0.201417 -0.224875 -0.155416 -0.152236 -0.2052
-0.143941 -0.202741 -0.225224 -0.146575 -0.142277 -0.206033
-0.134662 -0.204217 -0.226257 -0.138549 -0.13243 -0.206858
-0.125619 -0.205767 -0.227105 -0.131338 -0.122925 -0.207975
-0.117007 -0.20744 -0.22774 -0.125025 -0.113812 -0.209459
-0.108818 -0.209327 -0.228527 -0.119428 -0.105652 -0.211215
-0.101856 -0.211256 -0.229213 -0.114817 -0.0989798 -0.213031
-0.0968907 -0.213101 -0.230294 -0.111054 -0.0940204 -0.214572
-0.0945501 -0.214667 -0.231824 -0.10784 -0.0911109 -0.215668
-0.0940441 -0.216219 -0.233356 -0.105318 -0.0898553 -0.216452
-0.0948263 -0.217972 -0.234432 -0.103588 -0.0902145 -0.217363
-0.0967914 -0.219409 -0.235198 -0.103558 -0.0917268 -0.218565
-0.0998209 -0.220592 -0.236084 -0.1054 -0.0948654 -0.219879
-0.103719 -0.221601 -0.236769 -0.108446 -0.0994408 -0.221189
-0.108936 -0.22262 -0.237238 -0.112755 -0.105028 -0.22208
-0.115276 -0.22386 -0.237725 -0.118187 -0.111887 -0.222821
-0.122981 -0.224664 -0.238066 -0.124492 -0.119402 -0.223346
-0.131346 -0.225043 -0.238383 -0.131321 -0.127464 -0.223885
-0.139808 -0.225217 -0.238664 -0.138964 -0.135822 -0.224041
-0.148179 -0.225139 -0.238729 -0.147073 -0.144374 -0.224156
-0.156253 -0.225188 -0.238852 -0.155294 -0.152883 -0.224008
-0.163838 -0.225245 -0.239088 -0.163522 -0.160895 -0.223708
-0.171955 -0.224306 -0.237283 -0.174635 -0.16981 -0.222294
-0.181751 -0.223044 -0.233736 -0.189771 -0.181968 -0.22028
-0.191121 -0.221877 -0.23156 -0.203637 -0.193669 -0.219341
-0.198134 -0.219834 -0.229038 -0.216991 -0.203464 -0.218179
-0.203729 -0.217397 -0.226294 -0.224419 -0.208896 -0.215601
-0.208421 -0.214132 -0.224106 -0.226553 -0.210818 -0.212239
-0.211771 -0.209927 -0.222164 -0.227353 -0.210868 -0.209407
-0.214302 -0.204582 -0.219279 -0.227304 -0.210956 -0.206032
-0.214983 -0.199297 -0.215655 -0.226004 -0.210437 -0.202176
-0.21453 -0.194641 -0.211174 -0.224391 -0.209537 -0.197511
-0.214058 -0.189573 -0.205036 -0.223187 -0.209228 -0.191489
-0.213758 -0.183265 -0.19744 -0.222293 -0.209137 -0.184393
-0.213233 -0.176025 -0.189341 -0.221433 -0.208876 -0.176469
-0.212948 -0.167697 -0.18037 -0.220416 -0.20871 -0.167833
-0.21308 -0.158706 -0.171015 -0.219941 -0.209064 -0.158787
-0.213479 -0.149447 -0.161475 -0.219447 -0.209661 -0.149557
-0.214083 -0.140142 -0.152065 -0.21959 -0.210797 -0.140007
-0.21496 -0.131204 -0.143277 -0.220224 -0.21205 -0.13062
-0.215919 -0.122707 -0.135049 -0.221085 -0.213359 -0.121691
-0.217001 -0.114925 -0.127551 -0.222196 -0.21434 -0.113501
-0.218211 -0.108095 -0.121508 -0.223448 -0.215472 -0.106109
-0.21932 -0.102171 -0.11643 -0.224848 -0.216754 -0.0996209
-0.22081 -0.0972904 -0.112435 -0.226167 -0.217921 -0.0943908
-0.222394 -0.0936807 -0.109712 -0.227516 -0.219223 -0.0909159
-0.223614 -0.0913874 -0.108375 -0.228812 -0.220426 -0.0891382
-0.224836 -0.0904032 -0.108179 -0.229992 -0.221662 -0.0888305
-0.225987 -0.0911604 -0.109036 -0.231276 -0.222687 -0.0898984
-0.226973 -0.0935186 -0.111562 -0.232422 -0.223333 -0.0924494
-0.227705 -0.097212 -0.115305 -0.233626 -0.223832 -0.0965003
-0.228229 -0.102353 -0.120213 -0.234644 -0.224065 -0.101816
-0.228526 -0.10855 -0.126381 -0.235475 -0.224311 -0.10822
-0.228957 -0.115535 -0.133812 -0.236117 -0.224674 -0.115632
-0.229671 -0.123058 -0.142075 -0.236406 -0.225071 -0.123461
-0.230051 -0.131116 -0.150428 -0.236798 -0.225475 -0.131717
-0.230315 -0.139648 -0.158753 -0.237002 -0.225759 -0.140301
-0.23049 -0.148566 -0.166882 -0.237156 -0.225848 -0.148996
-0.230597 -0.157382 -0.174707 -0.2372 -0.225832 -0.157339
-0.229481 -0.166878 -0.185087 -0.234925 -0.224662 -0.166875
-0.228091 -0.177838 -0.199713 -0.23226 -0.223094 -0.177878
-0.22676 -0.188946 -0.213344 -0.230458 -0.221542 -0.189101
-0.22529 -0.19964 -0.222713 -0.228182 -0.219757 -0.199668
-0.223758 -0.205246 -0.228777 -0.225225 -0.217366 -0.206058
-0.220212 -0.20471 -0.229052 -0.222086 -0.213236 -0.206863
-0.216203 -0.206279 -0.226912 -0.219159 -0.209799 -0.207433
-0.211797 -0.206579 -0.225026 -0.215956 -0.205722 -0.208085
-0.207034 -0.206377 -0.224588 -0.212694 -0.201863 -0.207346
-0.201696 -0.206318 -0.222964 -0.208208 -0.197926 -0.205875
-0.196083 -0.206046 -0.221086 -0.202166 -0.191905 -0.205486
-0.189545 -0.206094 -0.220716 -0.195283 -0.184369 -0.205719
-0.182105 -0.20648 -0.220008 -0.18757 -0.175776 -0.205537
-0.17328 -0.207371 -0.219187 -0.179044 -0.166946 -0.205458
-0.163765 -0.208325 -0.219077 -0.169947 -0.15773 -0.206013
-0.154065 -0.208918 -0.219196 -0.16074 -0.14832 -0.206534
-0.144282 -0.209439 -0.219642 -0.151831 -0.13909 -0.207698
-0.134702 -0.210313 -0.220429 -0.143739 -0.130037 -0.208974
-0.125369 -0.211689 -0.221077 -0.136494 -0.121071 -0.210508
-0.116797 -0.213268 -0.22158 -0.130221 -0.112593 -0.212418
-0.108922 -0.215119 -0.222273 -0.124639 -0.104714 -0.214238
-0.102825 -0.216802 -0.223525 -0.119783 -0.0979892 -0.215807
-0.0984571 -0.218308 -0.224671 -0.115557 -0.0931924 -0.217156
-0.0960797 -0.22031 -0.226176 -0.112028 -0.0903298 -0.218061
-0.0953906 -0.22135 -0.227855 -0.109673 -0.0893529 -0.218672
-0.095693 -0.22196 -0.229551 -0.108627 -0.0899699 -0.219263
-0.0973471 -0.222652 -0.230787 -0.109216 -0.0919925 -0.220041
-0.100542 -0.223744 -0.231348 -0.111358 -0.0951578 -0.221065
-0.104969 -0.224732 -0.231811 -0.115117 -0.0994299 -0.222284
-0.110497 -0.225325 -0.23243 -0.120114 -0.104833 -0.223333
-0.117294 -0.225747 -0.233366 -0.126257 -0.111492 -0.224034
-0.124893 -0.225871 -0.233988 -0.133139 -0.118934 -0.224379
-0.133028 -0.226171 -0.234366 -0.140438 -0.127505 -0.22455
-0.141285 -0.226505 -0.234428 -0.148533 -0.136244 -0.224665
-0.149429 -0.226699 -0.234625 -0.15674 -0.144537 -0.224853
-0.157497 -0.226777 -0.234776 -0.165259 -0.152714 -0.225153
-0.165237 -0.226513 -0.234984 -0.173847 -0.160667 -0.225208
-0.174092 -0.225391 -0.232393 -0.185576 -0.170289 -0.22386
-0.184811 -0.223808 -0.22882 -0.199883 -0.182587 -0.222581
-0.194327 -0.222637 -0.227042 -0.212273 -0.193514 -0.221883
-0.201706 -0.22098 -0.224649 -0.222486 -0.201172 -0.22043
-0.206781 -0.2193 -0.222286 -0.226948 -0.20651 -0.217911
-0.210178 -0.216521 -0.220146 -0.224976 -0.209919 -0.215433
-0.211828 -0.212441 -0.216932 -0.223628 -0.209974 -0.212804
-0.212771 -0.208171 -0.213842 -0.221798 -0.210026 -0.209456
-0.213026 -0.203628 -0.210779 -0.219945 -0.210075 -0.205378
-0.212961 -0.199734 -0.207286 -0.21915 -0.210082 -0.201347
-0.212671 -0.192998 -0.200083 -0.217748 -0.209916 -0.193749
-0.212476 -0.187669 -0.194166 -0.217429 -0.209998 -0.187925
-0.212655 -0.180131 -0.185901 -0.216903 -0.210346 -0.179827
-0.213049 -0.171716 -0.177002 -0.216382 -0.210743 -0.171057
-0.213368 -0.162801 -0.167641 -0.21637 -0.211431 -0.161857
-0.214051 -0.153319 -0.158174 -0.216653 -0.212433 -0.152283
-0.215071 -0.143821 -0.14923 -0.217187 -0.213529 -0.14297
-0.216195 -0.134469 -0.140753 -0.21803 -0.214798 -0.133837
-0.217415 -0.125567 -0.133032 -0.219177 -0.216249 -0.125045
-0.218533 -0.117558 -0.126128 -0.220665 -0.217444 -0.116849
-0.219528 -0.110508 -0.120233 -0.221933 -0.218486 -0.109359
-0.22079 -0.104614 -0.115272 -0.223416 -0.219635 -0.102756
-0.222196 -0.099804 -0.111423 -0.224901 -0.220743 -0.0974107
-0.223415 -0.0961738 -0.108618 -0.226259 -0.221866 -0.0935035
-0.224765 -0.0939122 -0.106983 -0.227694 -0.222783 -0.0914971
-0.225639 -0.0935841 -0.106424 -0.228988 -0.22369 -0.0913812
-0.226672 -0.0946802 -0.107165 -0.230092 -0.224544 -0.092198
-0.227717 -0.0971683 -0.109464 -0.231241 -0.225417 -0.0944632
-0.228408 -0.10085 -0.113178 -0.23187 -0.226145 -0.0982211
-0.229049 -0.105811 -0.11796 -0.232787 -0.226833 -0.103339
-0.229442 -0.113192 -0.125289 -0.233701 -0.227332 -0.111146
-0.229709 -0.118862 -0.130967 -0.234248 -0.227578 -0.117289
-0.229997 -0.12671 -0.138856 -0.234693 -0.227645 -0.125408
-0.230069 -0.13487 -0.146995 -0.234972 -0.227863 -0.133583
-0.230112 -0.143546 -0.155347 -0.235217 -0.228239 -0.142123
-0.230176 -0.151908 -0.163409 -0.235224 -0.228258 -0.150502
-0.230332 -0.160204 -0.171215 -0.235089 -0.228328 -0.158726
-0.229306 -0.169179 -0.181701 -0.232616 -0.227371 -0.168121
-0.227863 -0.180104 -0.196485 -0.230036 -0.226082 -0.179114
-0.226553 -0.190992 -0.210593 -0.228286 -0.224653 -0.189865
-0.224813 -0.200311 -0.220274 -0.225964 -0.223031 -0.200073
-0.222613 -0.203942 -0.226178 -0.223348 -0.220297 -0.204029
-0.219312 -0.20682 -0.227242 -0.220519 -0.215981 -0.203258
-0.214702 -0.209901 -0.225873 -0.217444 -0.212681 -0.202413
-0.210044 -0.212163 -0.224194 -0.21449 -0.209273 -0.201971
-0.204751 -0.213754 -0.223087 -0.210121 -0.204131 -0.200317
-0.199752 -0.213892 -0.221783 -0.205232 -0.198946 -0.199527
-0.193675 -0.214019 -0.219784 -0.198973 -0.192322 -0.198988
-0.186382 -0.215016 -0.218737 -0.191772 -0.184346 -0.199431
-0.178068 -0.215842 -0.217997 -0.183702 -0.175807 -0.200151
-0.169226 -0.216682 -0.217532 -0.174598 -0.166961 -0.200791
-0.159951 -0.217442 -0.217616 -0.165439 -0.157938 -0.201691
-0.150595 -0.218374 -0.217978 -0.156115 -0.148957 -0.202513
-0.141094 -0.219255 -0.218491 -0.147494 -0.139607 -0.203555
-0.131489 -0.220299 -0.219179 -0.139727 -0.130578 -0.205012
-0.122231 -0.221679 -0.219946 -0.132857 -0.121769 -0.206762
-0.113313 -0.223186 -0.220833 -0.126951 -0.113331 -0.208619
-0.105645 -0.224791 -0.221606 -0.121778 -0.10605 -0.210527
-0.0998854 -0.226321 -0.222802 -0.117155 -0.0999919 -0.212311
-0.0961111 -0.227227 -0.224118 -0.113305 -0.0957586 -0.213682
-0.0944337 -0.227828 -0.225586 -0.110271 -0.0933554 -0.21487
-0.0941172 -0.228605 -0.226901 -0.108285 -0.0926384 -0.215944
-0.0948126 -0.229576 -0.227976 -0.107664 -0.0933601 -0.217184
-0.0970916 -0.230581 -0.228661 -0.108811 -0.0953761 -0.218522
-0.100768 -0.231598 -0.229161 -0.111291 -0.0986725 -0.219793
-0.105764 -0.232379 -0.229902 -0.115047 -0.103083 -0.220899
-0.1117 -0.232772 -0.23088 -0.119982 -0.108765 -0.221651
-0.118736 -0.232863 -0.231492 -0.125956 -0.115687 -0.222256
-0.126455 -0.232988 -0.231893 -0.132637 -0.123658 -0.222763
-0.134469 -0.233486 -0.23215 -0.139866 -0.132146 -0.223315
-0.142426 -0.233753 -0.232301 -0.147885 -0.140448 -0.223803
-0.150733 -0.234026 -0.232428 -0.156419 -0.148805 -0.224205
-0.158997 -0.234146 -0.232704 -0.165374 -0.156919 -0.224608
-0.167167 -0.233762 -0.2326 -0.174246 -0.165013 -0.224334
-0.17743 -0.23222 -0.228604 -0.188179 -0.174947 -0.222732
-0.189057 -0.23092 -0.225442 -0.202607 -0.186501 -0.221578
-0.197722 -0.229882 -0.223425 -0.216075 -0.196215 -0.220521
-0.20072 -0.228135 -0.221523 -0.226349 -0.20424 -0.218915
-0.202828 -0.225143 -0.219671 -0.230254 -0.208898 -0.21583
-0.204217 -0.221807 -0.217935 -0.231414 -0.210626 -0.212269
-0.204124 -0.217444 -0.215719 -0.232912 -0.210908 -0.208771
-0.20409 -0.213093 -0.213066 -0.232082 -0.210598 -0.204984
-0.204115 -0.208888 -0.209151 -0.230448 -0.210153 -0.200852
-0.204151 -0.204206 -0.203583 -0.229788 -0.209552 -0.195663
-0.203842 -0.198453 -0.196717 -0.229006 -0.208818 -0.189251
-0.203932 -0.191459 -0.188849 -0.228627 -0.208788 -0.181759
-0.204352 -0.183647 -0.180397 -0.228334 -0.209381 -0.173631
-0.204956 -0.174835 -0.171238 -0.227983 -0.210024 -0.164674
-0.205954 -0.165447 -0.161795 -0.227818 -0.211269 -0.155314
-0.20709 -0.15633 -0.152685 -0.227773 -0.213443 -0.146096
-0.208164 -0.147129 -0.144124 -0.227947 -0.216014 -0.136954
-0.209378 -0.138286 -0.136239 -0.228122 -0.217808 -0.127948
-0.21058 -0.129749 -0.129094 -0.228713 -0.218898 -0.119615
-0.21186 -0.121877 -0.122711 -0.229465 -0.220084 -0.112113
-0.213035 -0.115044 -0.117619 -0.230169 -0.221244 -0.105616
-0.214311 -0.109513 -0.113501 -0.231131 -0.222288 -0.100147
-0.215323 -0.105657 -0.110201 -0.231924 -0.223155 -0.095615
-0.216405 -0.103262 -0.107582 -0.232973 -0.224138 -0.0927819
-0.217339 -0.102002 -0.106444 -0.234001 -0.224978 -0.0918055
-0.218159 -0.101863 -0.106333 -0.23498 -0.225833 -0.092054
-0.219115 -0.103242 -0.107574 -0.235703 -0.226833 -0.0937976
-0.220292 -0.106144 -0.110479 -0.236132 -0.227754 -0.0966729
-0.221575 -0.11054 -0.114572 -0.236627 -0.228718 -0.100822
-0.222415 -0.116267 -0.119743 -0.236828 -0.229411 -0.106131
-0.223131 -0.122985 -0.126094 -0.237296 -0.230134 -0.112671
-0.223449 -0.130522 -0.133427 -0.237849 -0.23051 -0.120559
-0.223812 -0.138789 -0.141295 -0.238224 -0.230709 -0.12927
-0.224185 -0.147088 -0.149463 -0.238375 -0.230812 -0.137989
-0.224488 -0.155685 -0.1578 -0.238369 -0.230988 -0.146377
-0.22474 -0.164034 -0.165828 -0.238341 -0.231034 -0.154541
-0.224702 -0.172042 -0.173837 -0.237551 -0.230744 -0.16264
-0.223619 -0.180962 -0.186237 -0.234607 -0.228931 -0.172914
-0.222479 -0.190472 -0.201109 -0.232895 -0.227279 -0.18467
-0.221093 -0.199611 -0.214283 -0.230982 -0.225745 -0.196225
-0.219098 -0.205926 -0.223909 -0.228317 -0.223497 -0.205919
-0.216199 -0.20637 -0.227126 -0.225455 -0.219725 -0.208036
-0.212458 -0.208821 -0.228681 -0.222747 -0.215964 -0.208335
-0.207984 -0.210132 -0.228146 -0.219883 -0.212562 -0.208671
-0.203889 -0.209043 -0.227432 -0.216535 -0.209233 -0.20776
-0.199332 -0.207967 -0.225994 -0.212689 -0.205845 -0.206838
-0.193974 -0.207817 -0.224601 -0.20774 -0.200861 -0.206537
-0.187521 -0.207699 -0.223268 -0.201837 -0.194118 -0.206476
-0.180111 -0.208354 -0.222447 -0.194715 -0.186125 -0.206774
-0.171715 -0.20923 -0.221889 -0.186744 -0.17763 -0.20691
-0.162709 -0.209971 -0.22135 -0.177776 -0.168738 -0.206986
-0.153261 -0.210581 -0.221498 -0.168224 -0.15957 -0.207308
-0.143727 -0.21129 -0.221828 -0.158739 -0.150319 -0.207627
-0.134138 -0.211947 -0.222314 -0.149836 -0.140807 -0.208171
-0.124726 -0.212823 -0.223008 -0.141877 -0.131415 -0.209101
-0.11593 -0.213852 -0.223712 -0.134855 -0.122512 -0.210414
-0.107689 -0.215242 -0.224413 -0.128827 -0.114284 -0.211929
-0.10042 -0.216454 -0.225273 -0.123488 -0.107411 -0.213485
-0.0947926 -0.217546 -0.226397 -0.118979 -0.101793 -0.21488
-0.0911383 -0.218664 -0.227822 -0.115017 -0.0978656 -0.216068
-0.0893537 -0.21991 -0.228928 -0.111737 -0.0957697 -0.216911
-0.0889923 -0.221112 -0.229997 -0.109975 -0.0950704 -0.217791
-0.0896001 -0.222315 -0.230946 -0.109934 -0.0958722 -0.218585
-0.0917145 -0.223213 -0.231619 -0.111444 -0.0981967 -0.219636
-0.0950395 -0.2241 -0.232271 -0.11401 -0.101947 -0.220742
-0.0998788 -0.22493 -0.232958 -0.118168 -0.106978 -0.221435
-0.105754 -0.225743 -0.233646 -0.123853 -0.113154 -0.222136
-0.112733 -0.226185 -0.234571 -0.130367 -0.120264 -0.222904
-0.120776 -0.226607 -0.23503 -0.137544 -0.127803 -0.223453
-0.128921 -0.226683 -0.235267 -0.1453 -0.135808 -0.223894
-0.137331 -0.226776 -0.235378 -0.153473 -0.144312 -0.224199
-0.14561 -0.226953 -0.235264 -0.161989 -0.15285 -0.224156
-0.153826 -0.227013 -0.235207 -0.170732 -0.16124 -0.223951
-0.161887 -0.226561 -0.234973 -0.179398 -0.169308 -0.223251
-0.17242 -0.224676 -0.230707 -0.192858 -0.179086 -0.221637
-0.184736 -0.223406 -0.227528 -0.206326 -0.190302 -0.220809
-0.194346 -0.222329 -0.225229 -0.217316 -0.198505 -0.219601
-0.199034 -0.220766 -0.223017 -0.220994 -0.202495 -0.217617
-0.201001 -0.217585 -0.220951 -0.21939 -0.20369 -0.215094
-0.20393 -0.21461 -0.218708 -0.218601 -0.20338 -0.212479
-0.204768 -0.210811 -0.216677 -0.216657 -0.203124 -0.209599
-0.205318 -0.207599 -0.214161 -0.215119 -0.203719 -0.205848
-0.205494 -0.203616 -0.210339 -0.213869 -0.204734 -0.201207
-0.205567 -0.198559 -0.204814 -0.213355 -0.205694 -0.195517
-0.20577 -0.192123 -0.197854 -0.212989 -0.206273 -0.188822
-0.206696 -0.184456 -0.190074 -0.212845 -0.207373 -0.181296
-0.2075 -0.176013 -0.18178 -0.21254 -0.20985 -0.172825
-0.208041 -0.167026 -0.172949 -0.212606 -0.211344 -0.163663
-0.209069 -0.157655 -0.163971 -0.212489 -0.21405 -0.154547
-0.2106 -0.147886 -0.154768 -0.212696 -0.215949 -0.14529
-0.21198 -0.138356 -0.146021 -0.213316 -0.217534 -0.135995
-0.213367 -0.12917 -0.137807 -0.214248 -0.219261 -0.127176
-0.2146 -0.120925 -0.130372 -0.215681 -0.220482 -0.118959
-0.215486 -0.113676 -0.12374 -0.216774 -0.221199 -0.111545
-0.216302 -0.107588 -0.1181 -0.218563 -0.22194 -0.104775
-0.217081 -0.102469 -0.11364 -0.220175 -0.22287 -0.0988707
-0.218055 -0.0985223 -0.110448 -0.221402 -0.223861 -0.0945541
-0.219283 -0.0955275 -0.108574 -0.222511 -0.225014 -0.0917621
-0.220413 -0.0936114 -0.107858 -0.223541 -0.226506 -0.0908238
-0.221417 -0.0932406 -0.108075 -0.224404 -0.22785 -0.0911902
-0.222722 -0.0946913 -0.109389 -0.225029 -0.22921 -0.0929843
-0.224153 -0.0979435 -0.112463 -0.225681 -0.230249 -0.0958932
-0.224981 -0.102788 -0.116569 -0.226356 -0.230984 -0.10033
-0.22546 -0.108874 -0.121745 -0.227047 -0.231601 -0.105913
-0.225685 -0.115841 -0.128304 -0.227849 -0.23191 -0.112827
-0.225845 -0.123363 -0.135711 -0.228575 -0.232024 -0.120807
-0.226155 -0.131272 -0.144057 -0.229129 -0.231912 -0.129247
-0.226298 -0.139568 -0.15232 -0.229453 -0.231846 -0.137632
-0.22632 -0.148189 -0.160594 -0.22984 -0.231816 -0.146042
-0.226338 -0.156741 -0.168407 -0.230104 -0.231559 -0.15426
-0.225975 -0.165104 -0.17652 -0.229791 -0.231214 -0.162401
-0.224507 -0.174537 -0.189064 -0.227194 -0.229526 -0.172648
-0.223068 -0.184877 -0.204329 -0.225444 -0.227972 -0.184038
-0.221601 -0.194988 -0.217246 -0.22361 -0.226469 -0.194999
-0.219435 -0.202715 -0.224318 -0.220821 -0.224571 -0.202817
-0.216669 -0.205279 -0.225793 -0.217912 -0.22124 -0.202519
-0.212857 -0.206813 -0.227736 -0.2151 -0.218024 -0.201456
-0.207664 -0.207248 -0.228881 -0.212251 -0.214234 -0.201644
-0.202648 -0.207149 -0.227338 -0.209656 -0.208532 -0.201639
-0.197886 -0.206461 -0.226125 -0.205545 -0.203726 -0.200272
-0.19275 -0.205849 -0.225329 -0.19975 -0.19857 -0.199167
-0.186792 -0.206038 -0.224385 -0.19298 -0.19262 -0.198134
-0.179712 -0.207247 -0.223774 -0.185078 -0.185079 -0.19819
-0.171463 -0.208424 -0.223628 -0.176595 -0.176589 -0.198562
-0.162237 -0.209154 -0.223264 -0.167476 -0.167417 -0.199193
-0.152381 -0.210075 -0.223275 -0.158284 -0.157966 -0.200588
-0.142277 -0.211519 -0.223697 -0.14939 -0.148702 -0.201786
-0.13215 -0.213293 -0.224376 -0.141275 -0.139116 -0.203246
-0.122486 -0.21535 -0.22512 -0.13394 -0.130082 -0.204554
-0.113714 -0.216938 -0.226018 -0.127576 -0.121461 -0.205935
-0.10584 -0.218199 -0.227242 -0.12192 -0.113609 -0.207278
-0.0990784 -0.21913 -0.22842 -0.117007 -0.106816 -0.208495
-0.0939704 -0.220279 -0.229332 -0.112696 -0.101323 -0.209808
-0.0905801 -0.221426 -0.230614 -0.109025 -0.0974722 -0.211018
-0.0890409 -0.222372 -0.231639 -0.106266 -0.0954116 -0.21221
-0.0889506 -0.223184 -0.232569 -0.104563 -0.0950993 -0.213241
-0.0902408 -0.224134 -0.233616 -0.104203 -0.0963941 -0.214115
-0.0929868 -0.224797 -0.234474 -0.105502 -0.0992659 -0.215106
-0.0972517 -0.225456 -0.235155 -0.108007 -0.10352 -0.216018
-0.102616 -0.225995 -0.235699 -0.111679 -0.108495 -0.216716
-0.109062 -0.226394 -0.236075 -0.116929 -0.114732 -0.217627
-0.11641 -0.226866 -0.236575 -0.123367 -0.121941 -0.218326
-0.124312 -0.227127 -0.236954 -0.130361 -0.129778 -0.218661
-0.132812 -0.227381 -0.237241 -0.138037 -0.138045 -0.218935
-0.141299 -0.227559 -0.237429 -0.146328 -0.146565 -0.219049
-0.149637 -0.22773 -0.237396 -0.154631 -0.155032 -0.219346
-0.157617 -0.227887 -0.237178 -0.163395 -0.163244 -0.219391
-0.165888 -0.226961 -0.236069 -0.17326 -0.17157 -0.218912
-0.17705 -0.225377 -0.232249 -0.187695 -0.181847 -0.217743
-0.189231 -0.224309 -0.229537 -0.200984 -0.19287 -0.216782
-0.199263 -0.223277 -0.227513 -0.213819 -0.201769 -0.215814
-0.204613 -0.221485 -0.225035 -0.221604 -0.208567 -0.213625
-0.206876 -0.217626 -0.223295 -0.223012 -0.211413 -0.210439
-0.209981 -0.214428 -0.221529 -0.222938 -0.211769 -0.206761
-0.211552 -0.210321 -0.219325 -0.22397 -0.212504 -0.202644
-0.21183 -0.20603 -0.216375 -0.224008 -0.213658 -0.198005
-0.211878 -0.202046 -0.211726 -0.222487 -0.214227 -0.193417
-0.211933 -0.196934 -0.2056 -0.221231 -0.214635 -0.188169
-0.211271 -0.19068 -0.198057 -0.220138 -0.214655 -0.181883
-0.210978 -0.183229 -0.189917 -0.219326 -0.214291 -0.174424
-0.211068 -0.174798 -0.181203 -0.218319 -0.214374 -0.16604
-0.211291 -0.165788 -0.172065 -0.217771 -0.214877 -0.157264
-0.211849 -0.156229 -0.162787 -0.217383 -0.215689 -0.148108
-0.212752 -0.146605 -0.153362 -0.217793 -0.216659 -0.138516
-0.213752 -0.137476 -0.144567 -0.218446 -0.217508 -0.129183
-0.214687 -0.129027 -0.136317 -0.219493 -0.218506 -0.120201
-0.215599 -0.121195 -0.12893 -0.22065 -0.219346 -0.11178
-0.21645 -0.114083 -0.122663 -0.22189 -0.220211 -0.104271
-0.217549 -0.107461 -0.117366 -0.22328 -0.221132 -0.0975786
-0.218637 -0.101797 -0.113134 -0.224451 -0.222558 -0.0920986
-0.219631 -0.09738 -0.109861 -0.225855 -0.223948 -0.0879572
-0.220567 -0.0946747 -0.108091 -0.22729 -0.225264 -0.0858377
-0.221158 -0.0934467 -0.107459 -0.228538 -0.226348 -0.0852656
-0.221828 -0.0938867 -0.107858 -0.229887 -0.227598 -0.0861648
-0.222591 -0.0958322 -0.109916 -0.230961 -0.22851 -0.0885364
-0.223006 -0.0993361 -0.113388 -0.232012 -0.229212 -0.0922026
-0.223185 -0.104172 -0.118045 -0.232838 -0.229811 -0.0970819
-0.223428 -0.110226 -0.123783 -0.233688 -0.230172 -0.102976
-0.223652 -0.1174 -0.13094 -0.234341 -0.230552 -0.110242
-0.223748 -0.12506 -0.13875 -0.234842 -0.230791 -0.118064
-0.223679 -0.133219 -0.147079 -0.235078 -0.231099 -0.126561
-0.223838 -0.141777 -0.155726 -0.2352 -0.231406 -0.135197
-0.224038 -0.150554 -0.164074 -0.235117 -0.23159 -0.143703
-0.224088 -0.158994 -0.171926 -0.235049 -0.231683 -0.151838
-0.223084 -0.168091 -0.18119 -0.233156 -0.230955 -0.160669
-0.221647 -0.178795 -0.194911 -0.230343 -0.229386 -0.171334
-0.220178 -0.190385 -0.209848 -0.22844 -0.228186 -0.182886
-0.218374 -0.194871 -0.21943 -0.226328 -0.226553 -0.193719
-0.215643 -0.194616 -0.222925 -0.224103 -0.22399 -0.198732
-0.212804 -0.194965 -0.225003 -0.221901 -0.219684 -0.199564
-0.209378 -0.195144 -0.22565 -0.219777 -0.215979 -0.199823
-0.205496 -0.195886 -0.225075 -0.217793 -0.212263 -0.199625
-0.20167 -0.196093 -0.223822 -0.214628 -0.208632 -0.198807
-0.197571 -0.196485 -0.223124 -0.20998 -0.204168 -0.198392
-0.191938 -0.197611 -0.222441 -0.203967 -0.1987 -0.198646
-0.185075 -0.199028 -0.221511 -0.196847 -0.191857 -0.199047
-0.177134 -0.200875 -0.22188 -0.188959 -0.183846 -0.199938
-0.168397 -0.202181 -0.22198 -0.180187 -0.175053 -0.200673
-0.158829 -0.203581 -0.22246 -0.170687 -0.165652 -0.201781
-0.149228 -0.205291 -0.223026 -0.161164 -0.155885 -0.20304
-0.139507 -0.206977 -0.223608 -0.152085 -0.145932 -0.204555
-0.127854 -0.209087 -0.224944 -0.142105 -0.133793 -0.206709
-0.118685 -0.210931 -0.225688 -0.135074 -0.124247 -0.208395
-0.110342 -0.213129 -0.226601 -0.128729 -0.115318 -0.210074
-0.102943 -0.215317 -0.227572 -0.123235 -0.107507 -0.211994
-0.0970414 -0.217079 -0.228727 -0.118425 -0.101077 -0.213636
-0.0925825 -0.218584 -0.229919 -0.114167 -0.096586 -0.215007
-0.089866 -0.220074 -0.23131 -0.110587 -0.094015 -0.216239
-0.0887026 -0.221399 -0.232534 -0.108157 -0.0931884 -0.217263
-0.0890038 -0.222858 -0.233317 -0.107125 -0.0938875 -0.218303
-0.0905104 -0.224309 -0.233859 -0.107886 -0.0959752 -0.219485
-0.0927925 -0.22536 -0.23413 -0.109461 -0.0987564 -0.220567
-0.0977429 -0.226709 -0.234687 -0.113564 -0.10456 -0.221948
-0.103318 -0.227645 -0.235091 -0.118204 -0.110607 -0.222782
-0.11005 -0.228412 -0.235557 -0.124026 -0.117577 -0.223406
-0.117549 -0.22888 -0.235781 -0.13053 -0.125723 -0.223885
-0.125892 -0.229363 -0.235845 -0.137734 -0.134115 -0.224263
-0.134135 -0.229571 -0.235846 -0.145252 -0.142376 -0.224542
-0.142563 -0.229746 -0.235701 -0.153612 -0.150651 -0.224743
-0.150758 -0.229733 -0.235494 -0.162113 -0.158795 -0.224979
-0.158619 -0.229444 -0.235325 -0.171014 -0.166818 -0.22516
-0.167593 -0.228202 -0.232844 -0.182777 -0.176078 -0.224071
-0.178714 -0.226715 -0.229578 -0.196655 -0.187742 -0.222377
-0.188858 -0.225775 -0.227434 -0.2094 -0.198479 -0.221145
-0.197365 -0.224426 -0.225124 -0.221639 -0.205113 -0.219536
-0.202844 -0.221757 -0.222776 -0.227506 -0.207384 -0.216763
-0.205408 -0.217584 -0.221372 -0.229305 -0.209419 -0.213414
-0.207619 -0.213509 -0.219242 -0.229001 -0.209189 -0.210433
-0.208903 -0.209513 -0.216285 -0.22766 -0.209162 -0.206449
-0.208548 -0.205807 -0.212697 -0.226694 -0.208953 -0.202326
-0.207991 -0.201295 -0.207598 -0.225796 -0.208456 -0.197638
-0.208487 -0.195454 -0.200885 -0.224828 -0.207967 -0.191734
-0.209377 -0.188258 -0.193094 -0.224344 -0.208311 -0.184378
-0.210309 -0.180178 -0.184756 -0.22407 -0.209073 -0.176072
-0.21092 -0.171412 -0.176012 -0.223879 -0.2098 -0.167315
-0.211806 -0.162017 -0.166565 -0.223826 -0.210664 -0.15831
-0.213165 -0.152565 -0.156853 -0.224244 -0.211468 -0.149063
-0.214323 -0.143326 -0.147568 -0.225029 -0.212247 -0.139734
-0.215272 -0.134588 -0.139043 -0.226275 -0.213135 -0.130587
-0.216424 -0.126497 -0.131566 -0.227592 -0.214018 -0.122139
-0.218119 -0.118887 -0.125283 -0.228726 -0.214901 -0.114448
-0.219873 -0.112049 -0.120184 -0.229924 -0.216317 -0.107371
-0.221328 -0.105978 -0.116155 -0.231144 -0.217783 -0.101234
-0.222838 -0.101558 -0.112992 -0.232233 -0.219563 -0.0966422
-0.224211 -0.0988403 -0.110831 -0.233351 -0.22119 -0.0936109
-0.225516 -0.0977534 -0.11008 -0.234679 -0.222353 -0.0923945
-0.226543 -0.0981481 -0.109924 -0.235768 -0.223309 -0.0927248
-0.227579 -0.099838 -0.111181 -0.236975 -0.224298 -0.0939312
-0.228376 -0.102851 -0.113642 -0.23791 -0.225137 -0.0965632
-0.229091 -0.106882 -0.117294 -0.238609 -0.225657 -0.100426
-0.229543 -0.111941 -0.122082 -0.2394 -0.226348 -0.105556
-0.22986 -0.117944 -0.128016 -0.240044 -0.226759 -0.111927
-0.230139 -0.124669 -0.134963 -0.240428 -0.227126 -0.11921
-0.230585 -0.132203 -0.142732 -0.24056 -0.227393 -0.127184
-0.230908 -0.140562 -0.150786 -0.240737 -0.227602 -0.135211
-0.23124 -0.14923 -0.15872 -0.240893 -0.227771 -0.143696
-0.231296 -0.157831 -0.166577 -0.241049 -0.227698 -0.152219
-0.231332 -0.165864 -0.174065 -0.240904 -0.227541 -0.160424
-0.229902 -0.175052 -0.185485 -0.237662 -0.225927 -0.170133
-0.228488 -0.179369 -0.199895 -0.235132 -0.224228 -0.179389
-0.225533 -0.181451 -0.212722 -0.233637 -0.220764 -0.180181
-0.222001 -0.184667 -0.221491 -0.23294 -0.217098 -0.182557
-0.21858 -0.185264 -0.227376 -0.232531 -0.212717 -0.184449
-0.2159 -0.185106 -0.234672 -0.231016 -0.208912 -0.184689
-0.212396 -0.185568 -0.240766 -0.228437 -0.20604 -0.183741
-0.209617 -0.185625 -0.240896 -0.225029 -0.203782 -0.183593
-0.206158 -0.184503 -0.239774 -0.220233 -0.200223 -0.183499
-0.201033 -0.184706 -0.238576 -0.214463 -0.195555 -0.183258
-0.194288 -0.185783 -0.236804 -0.207927 -0.189275 -0.184057
-0.186409 -0.187616 -0.23686 -0.200533 -0.181777 -0.185731
-0.177646 -0.189209 -0.237019 -0.192132 -0.173382 -0.187135
-0.168931 -0.190524 -0.236343 -0.182877 -0.164984 -0.1879
-0.160022 -0.192182 -0.236411 -0.173215 -0.156147 -0.188697
-0.151025 -0.193679 -0.236712 -0.16326 -0.146688 -0.189721
-0.141952 -0.194659 -0.23745 -0.153934 -0.136899 -0.1908
-0.132707 -0.195724 -0.238479 -0.145415 -0.127146 -0.192145
-0.123832 -0.197535 -0.239171 -0.138017 -0.117826 -0.193772
-0.115465 -0.199926 -0.239612 -0.131517 -0.109154 -0.195966
-0.108153 -0.201978 -0.240055 -0.126022 -0.101382 -0.198102
-0.102261 -0.203586 -0.24087 -0.121524 -0.095227 -0.200246
-0.0980008 -0.205083 -0.24207 -0.117639 -0.0911634 -0.202086
-0.0957168 -0.206733 -0.243048 -0.114204 -0.0890354 -0.203562
-0.0952185 -0.208168 -0.243838 -0.112236 -0.0886158 -0.204927
-0.0959222 -0.209582 -0.24492 -0.111372 -0.0897333 -0.206158
-0.097974 -0.21046 -0.245866 -0.112339 -0.0921025 -0.207512
-0.101244 -0.211416 -0.24666 -0.114391 -0.0959408 -0.208796
-0.105758 -0.212414 -0.24749 -0.117807 -0.101108 -0.209808
-0.111512 -0.213338 -0.248201 -0.122798 -0.107332 -0.210684
-0.118264 -0.214027 -0.2489 -0.128836 -0.114258 -0.211455
-0.125823 -0.214689 -0.249479 -0.135865 -0.122113 -0.212033
-0.134021 -0.215185 -0.249964 -0.143564 -0.130229 -0.21247
-0.142368 -0.215642 -0.250298 -0.151675 -0.13868 -0.212924
-0.150757 -0.215999 -0.250709 -0.16029 -0.147107 -0.213304
-0.158937 -0.216106 -0.250951 -0.169309 -0.155383 -0.21357
-0.167166 -0.21561 -0.250745 -0.178192 -0.163794 -0.213221
-0.177734 -0.214301 -0.247053 -0.190809 -0.175211 -0.211967
-0.190175 -0.213169 -0.244321 -0.203237 -0.189083 -0.210899
-0.197972 -0.21255 -0.242979 -0.204063 -0.198544 -0.210348
-0.204921 -0.212355 -0.240198 -0.204035 -0.206043 -0.209973
-0.212172 -0.211183 -0.236501 -0.203724 -0.207564 -0.208568
-0.220496 -0.208331 -0.23368 -0.201556 -0.208677 -0.207413
-0.223145 -0.203861 -0.231738 -0.198011 -0.209465 -0.204959
-0.223739 -0.199067 -0.229927 -0.195369 -0.210366 -0.200392
-0.224207 -0.194768 -0.226678 -0.193339 -0.211444 -0.194563
-0.224212 -0.189639 -0.221668 -0.191969 -0.212108 -0.188832
-0.224354 -0.183416 -0.214757 -0.190816 -0.212072 -0.182512
-0.225548 -0.176415 -0.206355 -0.189434 -0.212484 -0.175199
-0.226245 -0.16835 -0.197264 -0.188687 -0.212891 -0.166554
-0.226297 -0.15942 -0.188305 -0.188287 -0.213579 -0.157037
-0.226311 -0.149577 -0.179114 -0.188096 -0.214743 -0.147221
-0.226959 -0.13946 -0.16962 -0.188008 -0.215757 -0.13742
-0.227795 -0.129412 -0.159962 -0.187961 -0.216838 -0.127547
-0.228421 -0.119987 -0.150285 -0.188391 -0.21779 -0.118011
-0.228812 -0.111258 -0.141491 -0.189687 -0.218724 -0.109308
-0.22926 -0.103382 -0.133461 -0.191593 -0.219492 -0.101388
-0.229686 -0.0962055 -0.126602 -0.193742 -0.21999 -0.0945123
-0.230156 -0.0903394 -0.12133 -0.195818 -0.220277 -0.0884649
-0.23057 -0.0857354 -0.117586 -0.197713 -0.220839 -0.0834655
-0.231222 -0.0825462 -0.115765 -0.199756 -0.221869 -0.0800843
-0.23199 -0.0805949 -0.115561 -0.201841 -0.223004 -0.0787043
-0.232692 -0.0804898 -0.116094 -0.20404 -0.224124 -0.0786831
-0.233268 -0.0820115 -0.11825 -0.206039 -0.225217 -0.0801702
-0.234223 -0.085162 -0.121763 -0.208102 -0.22583 -0.0829553
-0.234948 -0.08969 -0.126093 -0.209846 -0.226472 -0.0870614
-0.235243 -0.095492 -0.131711 -0.211806 -0.226968 -0.0925537
-0.235422 -0.102146 -0.138446 -0.213578 -0.227271 -0.0992009
-0.235703 -0.109404 -0.146298 -0.215155 -0.227704 -0.106858
-0.236059 -0.116892 -0.154508 -0.216297 -0.228003 -0.114885
-0.236392 -0.124893 -0.16294 -0.217093 -0.228429 -0.123059
-0.236656 -0.133094 -0.171296 -0.217707 -0.228789 -0.13134
-0.236843 -0.141499 -0.179324 -0.218511 -0.228967 -0.139713
-0.236931 -0.149729 -0.186995 -0.218972 -0.229147 -0.147805
-0.235213 -0.159401 -0.199343 -0.216936 -0.227656 -0.157499
-0.233334 -0.170504 -0.21576 -0.215564 -0.226192 -0.168064
-0.231758 -0.181736 -0.230418 -0.214025 -0.22472 -0.177766
-0.230721 -0.193069 -0.237891 -0.211564 -0.223152 -0.1877
-0.229063 -0.194746 -0.242529 -0.208513 -0.22164 -0.19667
-0.225511 -0.194124 -0.242334 -0.205079 -0.219399 -0.205192
-0.223077 -0.193433 -0.240746 -0.201829 -0.214829 -0.207303
-0.218627 -0.193312 -0.237776 -0.198424 -0.207995 -0.207585
-0.213075 -0.193549 -0.235152 -0.195118 -0.202911 -0.207987
-0.20653 -0.193058 -0.233101 -0.190479 -0.197717 -0.208282
-0.200525 -0.192751 -0.232044 -0.183718 -0.192334 -0.207868
-0.193907 -0.193162 -0.231204 -0.175624 -0.18595 -0.207312
-0.186275 -0.193597 -0.230644 -0.166731 -0.178143 -0.207425
-0.177543 -0.193849 -0.230456 -0.157541 -0.168978 -0.207492
-0.167872 -0.19422 -0.230802 -0.148758 -0.15886 -0.208078
-0.157483 -0.195426 -0.231248 -0.140524 -0.148539 -0.208889
-0.146846 -0.197172 -0.231633 -0.133083 -0.138278 -0.209971
-0.136468 -0.198964 -0.232076 -0.126642 -0.128201 -0.211163
-0.126945 -0.200558 -0.23307 -0.120813 -0.118853 -0.212524
-0.118335 -0.201985 -0.234129 -0.11556 -0.110505 -0.213998
-0.111129 -0.203359 -0.23499 -0.111128 -0.10341 -0.215925
-0.105506 -0.204556 -0.236174 -0.107086 -0.097788 -0.219889
-0.102165 -0.20505 -0.237691 -0.103491 -0.0936976 -0.225385
-0.100753 -0.205017 -0.239228 -0.100572 -0.0912519 -0.229516
-0.100461 -0.205438 -0.240501 -0.0983113 -0.0895288 -0.230202
-0.10063 -0.206073 -0.240479 -0.0973979 -0.0907019 -0.230856
-0.101855 -0.206928 -0.240023 -0.097565 -0.0928181 -0.232348
-0.105153 -0.207503 -0.240635 -0.0995691 -0.0965039 -0.233665
-0.110351 -0.208212 -0.24145 -0.103166 -0.101597 -0.234032
-0.117292 -0.209169 -0.241439 -0.107692 -0.108156 -0.233798
-0.125495 -0.209869 -0.241846 -0.113013 -0.115272 -0.233412
-0.134148 -0.210158 -0.242129 -0.118498 -0.123265 -0.233325
-0.142641 -0.210125 -0.242362 -0.124939 -0.131674 -0.233182
-0.150626 -0.210156 -0.242438 -0.132175 -0.140305 -0.233162
-0.158311 -0.210629 -0.242444 -0.14034 -0.148899 -0.23323
-0.165647 -0.210567 -0.242085 -0.149288 -0.156973 -0.233137
-0.173031 -0.210003 -0.241728 -0.157921 -0.164959 -0.232604
-0.182643 -0.208708 -0.238691 -0.170566 -0.175758 -0.231231
-0.196327 -0.207311 -0.235535 -0.186074 -0.190606 -0.229993
-0.203224 -0.206399 -0.233875 -0.196082 -0.198546 -0.229071
-0.210673 -0.204912 -0.23139 -0.208185 -0.205832 -0.226859
-0.217321 -0.201801 -0.229134 -0.216528 -0.209638 -0.223881
-0.222569 -0.196939 -0.225829 -0.216521 -0.21388 -0.22024
-0.223879 -0.193856 -0.222789 -0.214653 -0.21323 -0.217237
-0.223657 -0.188764 -0.217704 -0.21266 -0.21142 -0.212465
-0.223979 -0.18512 -0.214844 -0.210083 -0.210764 -0.208881
-0.224086 -0.180134 -0.210277 -0.207696 -0.210523 -0.202974
-0.223941 -0.173992 -0.204086 -0.20561 -0.210072 -0.19606
-0.22404 -0.166714 -0.196396 -0.204247 -0.210004 -0.188403
-0.224208 -0.15872 -0.187831 -0.203047 -0.209884 -0.180229
-0.224533 -0.150115 -0.178344 -0.202541 -0.209748 -0.171559
-0.224758 -0.141054 -0.168557 -0.202202 -0.21004 -0.162396
-0.225207 -0.131509 -0.158883 -0.202839 -0.210719 -0.152965
-0.225955 -0.122025 -0.149621 -0.203692 -0.211646 -0.143846
-0.227028 -0.112868 -0.141104 -0.204807 -0.212576 -0.135114
-0.228071 -0.104221 -0.133423 -0.206179 -0.213617 -0.1268
-0.229188 -0.09631 -0.126664 -0.207582 -0.214518 -0.119286
-0.23035 -0.0891716 -0.120963 -0.209238 -0.215701 -0.11264
-0.231539 -0.0830424 -0.116185 -0.211151 -0.2167 -0.107245
-0.232543 -0.0784049 -0.112542 -0.213149 -0.217711 -0.10311
-0.233514 -0.0752644 -0.110363 -0.215112 -0.218766 -0.100301
-0.234222 -0.0736615 -0.109807 -0.216816 -0.219593 -0.0993645
-0.235188 -0.0736176 -0.110166 -0.218364 -0.220547 -0.0997662
-0.236139 -0.0752976 -0.112221 -0.2202 -0.221523 -0.101325
-0.237014 -0.078571 -0.115609 -0.221451 -0.22212 -0.104185
-0.237871 -0.0830037 -0.119939 -0.22269 -0.22278 -0.108115
-0.238558 -0.0885858 -0.125397 -0.223753 -0.223261 -0.113251
-0.239102 -0.0953013 -0.132048 -0.224756 -0.223647 -0.119471
-0.239332 -0.102861 -0.139604 -0.225847 -0.223917 -0.126976
-0.239661 -0.110781 -0.147606 -0.226563 -0.224212 -0.134932
-0.239914 -0.119209 -0.155847 -0.227315 -0.224444 -0.143349
-0.240065 -0.127709 -0.163905 -0.227827 -0.224509 -0.151728
-0.240092 -0.136139 -0.172069 -0.228037 -0.22462 -0.160023
-0.240017 -0.144661 -0.180162 -0.227633 -0.224453 -0.167987
-0.238821 -0.154706 -0.192953 -0.225279 -0.222976 -0.177317
-0.237395 -0.166171 -0.20875 -0.223633 -0.221458 -0.187115
-0.236236 -0.177822 -0.222566 -0.222132 -0.219674 -0.196225
-0.234923 -0.189432 -0.232586 -0.219722 -0.217622 -0.205403
-0.232363 -0.199385 -0.237827 -0.216463 -0.215234 -0.212742
-0.229661 -0.207551 -0.238736 -0.213058 -0.212485 -0.210909
-0.225436 -0.207976 -0.238619 -0.209172 -0.209435 -0.209055
-0.218425 -0.209086 -0.238085 -0.204945 -0.204667 -0.208828
-0.212665 -0.209834 -0.236956 -0.20181 -0.197042 -0.208392
-0.206384 -0.209108 -0.237978 -0.19667 -0.189466 -0.208238
-0.200199 -0.208032 -0.236592 -0.189624 -0.183706 -0.206495
-0.193758 -0.207719 -0.234661 -0.181347 -0.177769 -0.204386
-0.186412 -0.207335 -0.233408 -0.172504 -0.170616 -0.202765
-0.177643 -0.206792 -0.232143 -0.163402 -0.162009 -0.201719
-0.167863 -0.206111 -0.231653 -0.154537 -0.152432 -0.20161
-0.157496 -0.205765 -0.231581 -0.146133 -0.142582 -0.201938
-0.147187 -0.206182 -0.231552 -0.138358 -0.132802 -0.202599
-0.137481 -0.20696 -0.231956 -0.131382 -0.123162 -0.203718
-0.12911 -0.207876 -0.232705 -0.125315 -0.113939 -0.204925
-0.121667 -0.208746 -0.233439 -0.119967 -0.105597 -0.206248
-0.115575 -0.209754 -0.234488 -0.115543 -0.0980383 -0.207594
-0.110469 -0.210874 -0.235776 -0.111767 -0.0920175 -0.208889
-0.106742 -0.212157 -0.236991 -0.108347 -0.0877873 -0.210284
-0.10487 -0.213337 -0.238289 -0.105599 -0.0854456 -0.211642
-0.104442 -0.214404 -0.239551 -0.103847 -0.0847864 -0.212821
-0.105489 -0.21557 -0.240533 -0.103183 -0.0858525 -0.214282
-0.107771 -0.21641 -0.241308 -0.10388 -0.0887444 -0.215768
-0.111178 -0.217051 -0.242071 -0.105879 -0.0932003 -0.217082
-0.115845 -0.217853 -0.243093 -0.109253 -0.0988366 -0.21827
-0.121787 -0.218409 -0.243936 -0.114018 -0.105479 -0.219112
-0.128758 -0.218904 -0.244417 -0.11957 -0.112703 -0.219707
-0.136632 -0.21951 -0.244634 -0.125811 -0.120523 -0.220621
-0.144933 -0.220042 -0.244843 -0.132856 -0.128238 -0.22147
-0.153282 -0.220256 -0.244923 -0.140325 -0.13634 -0.222265
-0.161255 -0.220237 -0.24508 -0.148594 -0.144505 -0.223034
-0.169021 -0.220197 -0.245175 -0.157363 -0.152811 -0.223336
-0.177051 -0.219598 -0.244142 -0.166363 -0.161609 -0.222644
-0.18758 -0.218579 -0.240173 -0.178808 -0.173557 -0.221583
-0.199097 -0.217668 -0.237839 -0.190531 -0.18692 -0.220972
-0.207528 -0.215998 -0.235442 -0.20195 -0.197485 -0.220085
-0.214019 -0.213723 -0.233075 -0.2136 -0.205697 -0.218215
-0.218642 -0.21019 -0.230788 -0.223658 -0.210191 -0.214821
-0.22069 -0.205404 -0.228769 -0.225272 -0.211498 -0.211114
-0.220727 -0.200293 -0.226541 -0.222854 -0.210823 -0.206913
-0.220078 -0.195601 -0.222983 -0.221704 -0.209975 -0.20274
-0.219325 -0.191304 -0.218688 -0.220115 -0.208321 -0.198713
-0.218923 -0.186683 -0.213086 -0.218408 -0.206896 -0.193309
-0.218575 -0.180507 -0.206666 -0.217078 -0.20691 -0.186335
-0.218919 -0.173027 -0.199199 -0.215993 -0.207224 -0.178399
-0.219697 -0.164684 -0.191223 -0.215152 -0.208164 -0.169728
-0.220559 -0.155988 -0.18196 -0.214817 -0.209397 -0.160626
-0.221077 -0.147235 -0.17191 -0.214955 -0.210279 -0.151143
-0.221617 -0.138501 -0.16186 -0.215569 -0.21085 -0.141789
-0.222377 -0.129499 -0.151928 -0.216467 -0.211493 -0.132658
-0.223093 -0.120863 -0.142601 -0.217589 -0.214573 -0.123835
-0.223402 -0.112813 -0.134577 -0.218613 -0.216377 -0.115488
-0.224017 -0.105147 -0.128154 -0.219707 -0.217206 -0.107642
-0.225079 -0.098137 -0.122888 -0.220434 -0.218101 -0.1011
-0.226252 -0.0919733 -0.118585 -0.221129 -0.219416 -0.0956429
-0.227178 -0.087455 -0.115357 -0.222182 -0.220914 -0.0915018
-0.228037 -0.084182 -0.113185 -0.223459 -0.222165 -0.0889771
-0.228605 -0.0833209 -0.112708 -0.224496 -0.222603 -0.0887696
-0.22927 -0.0838415 -0.112963 -0.225831 -0.222753 -0.0895412
-0.22969 -0.0857448 -0.114903 -0.226971 -0.222909 -0.0910573
-0.230071 -0.0888435 -0.118312 -0.228345 -0.223071 -0.0938305
-0.23043 -0.0932047 -0.123008 -0.229551 -0.22328 -0.0978906
-0.230825 -0.0986645 -0.128909 -0.23036 -0.223525 -0.103349
-0.231155 -0.1052 -0.135902 -0.231103 -0.224136 -0.109999
-0.23153 -0.112692 -0.143838 -0.23171 -0.224608 -0.117464
-0.231729 -0.120922 -0.15164 -0.232598 -0.224934 -0.125377
-0.23172 -0.1296 -0.159532 -0.233415 -0.224916 -0.133765
-0.23172 -0.138313 -0.167434 -0.233919 -0.224806 -0.142251
-0.2319 -0.146911 -0.175373 -0.234123 -0.224762 -0.150267
-0.231682 -0.15536 -0.18443 -0.233279 -0.224238 -0.158588
-0.23075 -0.164787 -0.19854 -0.231145 -0.222887 -0.168592
-0.229733 -0.174389 -0.213855 -0.229715 -0.221295 -0.179766
-0.228566 -0.184539 -0.22657 -0.227989 -0.21947 -0.190831
-0.227104 -0.194085 -0.231862 -0.225412 -0.217613 -0.201956
-0.22471 -0.202658 -0.236135 -0.221433 -0.215226 -0.213748
-0.222347 -0.209308 -0.236984 -0.216921 -0.213822 -0.216466
-0.21841 -0.214007 -0.236335 -0.212408 -0.208876 -0.215346
-0.211699 -0.214227 -0.233218 -0.208227 -0.204663 -0.215388
-0.205247 -0.214819 -0.230253 -0.204806 -0.196798 -0.215053
-0.197958 -0.214149 -0.230719 -0.199561 -0.189442 -0.2149
-0.191335 -0.213169 -0.229817 -0.192397 -0.181784 -0.213488
-0.184553 -0.212288 -0.228331 -0.184101 -0.174985 -0.2112
-0.177109 -0.211022 -0.228123 -0.174844 -0.167383 -0.209667
-0.168421 -0.20987 -0.227638 -0.165657 -0.158497 -0.208302
-0.158631 -0.208919 -0.226624 -0.156837 -0.148673 -0.207931
-0.147847 -0.208762 -0.227018 -0.148465 -0.138396 -0.208432
-0.13701 -0.209349 -0.227289 -0.140718 -0.128162 -0.209508
-0.126742 -0.21038 -0.227695 -0.133756 -0.118498 -0.210657
-0.117901 -0.211279 -0.228702 -0.127579 -0.109544 -0.211735
-0.111062 -0.212182 -0.22987 -0.122075 -0.101782 -0.212856
-0.105692 -0.212894 -0.231341 -0.11737 -0.095643 -0.213746
-0.101552 -0.213371 -0.232805 -0.113472 -0.0911217 -0.21493
-0.0984777 -0.21409 -0.234218 -0.10985 -0.0881564 -0.216152
-0.0964349 -0.214933 -0.235371 -0.107396 -0.0866439 -0.217602
-0.0958975 -0.216081 -0.236231 -0.106378 -0.0866726 -0.21907
-0.0973357 -0.217683 -0.237001 -0.106945 -0.088148 -0.220423
-0.100356 -0.219031 -0.237796 -0.109057 -0.091279 -0.221823
-0.104685 -0.219751 -0.238637 -0.112295 -0.0959363 -0.223027
-0.110208 -0.220079 -0.239827 -0.116326 -0.102017 -0.224068
-0.116709 -0.220329 -0.240717 -0.121505 -0.109084 -0.224667
-0.123594 -0.220734 -0.24114 -0.1276 -0.116917 -0.225021
-0.130982 -0.221105 -0.241402 -0.134215 -0.124951 -0.225668
-0.138665 -0.221723 -0.24144 -0.141371 -0.132784 -0.226365
-0.146542 -0.222252 -0.241515 -0.149544 -0.140684 -0.227076
-0.154618 -0.222468 -0.241773 -0.15861 -0.148702 -0.227533
-0.162481 -0.222349 -0.241993 -0.166603 -0.156739 -0.227561
-0.1714 -0.221489 -0.239996 -0.17588 -0.165657 -0.227
-0.1835 -0.220345 -0.236737 -0.187535 -0.177594 -0.226201
-0.195146 -0.219244 -0.23457 -0.19805 -0.18947 -0.225532
-0.203567 -0.217636 -0.232068 -0.20958 -0.198297 -0.224123
-0.208382 -0.215722 -0.230247 -0.218531 -0.202306 -0.222384
-0.210908 -0.211833 -0.228739 -0.228128 -0.204652 -0.219398
-0.214124 -0.206109 -0.22567 -0.229 -0.206306 -0.214783
-0.214152 -0.201676 -0.222208 -0.226572 -0.206635 -0.210472
-0.213923 -0.197804 -0.21754 -0.226414 -0.206646 -0.206622
-0.213 -0.19462 -0.21337 -0.225048 -0.205423 -0.20275
-0.21189 -0.189324 -0.207389 -0.223202 -0.203947 -0.196694
-0.211437 -0.182483 -0.200805 -0.221542 -0.203319 -0.189394
-0.211694 -0.174419 -0.193477 -0.219616 -0.203734 -0.181103
-0.212172 -0.165687 -0.18545 -0.218038 -0.204389 -0.172186
-0.21304 -0.156489 -0.17649 -0.216844 -0.205303 -0.163072
-0.213795 -0.147341 -0.166765 -0.216344 -0.206575 -0.153834
-0.21478 -0.138388 -0.156961 -0.216345 -0.207463 -0.144666
-0.215781 -0.129728 -0.147367 -0.217143 -0.20855 -0.135587
-0.216713 -0.121197 -0.13831 -0.218057 -0.209509 -0.126663
-0.217636 -0.113104 -0.13058 -0.218999 -0.210549 -0.118204
-0.218853 -0.10552 -0.124272 -0.219899 -0.211675 -0.1106
-0.220338 -0.0986561 -0.119174 -0.221167 -0.213496 -0.104077
-0.22158 -0.0930532 -0.114905 -0.222471 -0.215067 -0.0988103
-0.222666 -0.0890284 -0.111581 -0.224131 -0.21675 -0.0950723
-0.223592 -0.0864778 -0.109707 -0.22581 -0.218041 -0.0931164
-0.224374 -0.0854467 -0.109434 -0.227194 -0.219448 -0.0929459
-0.224896 -0.0862986 -0.110197 -0.228553 -0.221356 -0.0938607
-0.225563 -0.08842 -0.112735 -0.22957 -0.222948 -0.0959245
-0.226401 -0.0917365 -0.116587 -0.230352 -0.224257 -0.0991408
-0.227148 -0.0961867 -0.121424 -0.230819 -0.225328 -0.103422
-0.227785 -0.101873 -0.127408 -0.231019 -0.226624 -0.108981
-0.228427 -0.108662 -0.134648 -0.231128 -0.227788 -0.115862
-0.229088 -0.116096 -0.142366 -0.231391 -0.228398 -0.123658
-0.229481 -0.124635 -0.150049 -0.231753 -0.228421 -0.131906
-0.229631 -0.133694 -0.157803 -0.232139 -0.228365 -0.140431
-0.229498 -0.142755 -0.165493 -0.232612 -0.227919 -0.148697
-0.229297 -0.151188 -0.173234 -0.232538 -0.227832 -0.156696
-0.228541 -0.159495 -0.18297 -0.230994 -0.226722 -0.165336
-0.22706 -0.168897 -0.197987 -0.228935 -0.225391 -0.175608
-0.22564 -0.17868 -0.213341 -0.227417 -0.223909 -0.186043
-0.223998 -0.18898 -0.225808 -0.225361 -0.222263 -0.19618
-0.222112 -0.198722 -0.231872 -0.222501 -0.220094 -0.206133
-0.220423 -0.206605 -0.235071 -0.21888 -0.218097 -0.214477
-0.218336 -0.212337 -0.234717 -0.214132 -0.216563 -0.216114
-0.213693 -0.211501 -0.23243 -0.209691 -0.21201 -0.214815
-0.207837 -0.215343 -0.228397 -0.205456 -0.207476 -0.214842
-0.200718 -0.215922 -0.224372 -0.201963 -0.200327 -0.214484
-0.19453 -0.219473 -0.223075 -0.196881 -0.193945 -0.213241
-0.188144 -0.224 -0.221858 -0.189666 -0.18782 -0.210991
-0.181578 -0.229955 -0.221342 -0.181152 -0.181865 -0.208329
-0.173331 -0.231053 -0.219675 -0.172018 -0.174236 -0.205847
-0.163534 -0.231229 -0.217082 -0.163437 -0.164008 -0.204782
-0.153506 -0.231017 -0.214958 -0.155609 -0.151499 -0.205233
-0.142844 -0.231433 -0.213847 -0.147806 -0.139126 -0.206752
-0.132828 -0.232287 -0.213227 -0.140272 -0.128696 -0.207376
-0.123859 -0.23337 -0.21346 -0.133316 -0.120952 -0.207964
-0.11625 -0.233787 -0.214252 -0.126928 -0.114407 -0.208336
-0.109689 -0.233682 -0.21551 -0.121447 -0.108715 -0.208717
-0.104094 -0.233233 -0.216564 -0.116307 -0.103461 -0.209483
-0.0995148 -0.233042 -0.218007 -0.112132 -0.0989155 -0.210831
-0.0966488 -0.233461 -0.219052 -0.109037 -0.0951564 -0.212648
-0.0951827 -0.234351 -0.219872 -0.106956 -0.0927831 -0.214554
-0.0952836 -0.235436 -0.221282 -0.106258 -0.0926114 -0.216336
-0.0970264 -0.236238 -0.222435 -0.107347 -0.0943061 -0.218071
-0.100082 -0.236985 -0.223616 -0.109651 -0.0977294 -0.219344
-0.104493 -0.237389 -0.22463 -0.112635 -0.102626 -0.220246
-0.109845 -0.23789 -0.225662 -0.116447 -0.108386 -0.22088
-0.116264 -0.238029 -0.226803 -0.121679 -0.11453 -0.221448
-0.123341 -0.237892 -0.227887 -0.127871 -0.121776 -0.222048
-0.130899 -0.238018 -0.228384 -0.134645 -0.129541 -0.222831
-0.138826 -0.238374 -0.228634 -0.142038 -0.137315 -0.223513
-0.146682 -0.238334 -0.22895 -0.15067 -0.145064 -0.224337
-0.154514 -0.23823 -0.229189 -0.159408 -0.152877 -0.22493
-0.161876 -0.237997 -0.229607 -0.166926 -0.160492 -0.225251
-0.168437 -0.237191 -0.228671 -0.173987 -0.166927 -0.224813
-0.179934 -0.235488 -0.225108 -0.186373 -0.176973 -0.223928
-0.192252 -0.234254 -0.222713 -0.197849 -0.187669 -0.223242
-0.195207 -0.232716 -0.220865 -0.20946 -0.195523 -0.222204
-0.19638 -0.230265 -0.219573 -0.220669 -0.203626 -0.219817
-0.198528 -0.227477 -0.21855 -0.231417 -0.21195 -0.21563
-0.198177 -0.223568 -0.216836 -0.241564 -0.218234 -0.210812
-0.197464 -0.218851 -0.21392 -0.247229 -0.220219 -0.205165
-0.195747 -0.214308 -0.210165 -0.24674 -0.219442 -0.200103
-0.193241 -0.20971 -0.204164 -0.246154 -0.218126 -0.195662
-0.191732 -0.20484 -0.197388 -0.245095 -0.216721 -0.19055
-0.19117 -0.198707 -0.190339 -0.242108 -0.21505 -0.183937
-0.191413 -0.191281 -0.183089 -0.240536 -0.215159 -0.176224
-0.191446 -0.182974 -0.175117 -0.239204 -0.215433 -0.167592
-0.191984 -0.174143 -0.166038 -0.23792 -0.216551 -0.158727
-0.192996 -0.164933 -0.156477 -0.237478 -0.217384 -0.150026
-0.194263 -0.155767 -0.147334 -0.236962 -0.217855 -0.141316
-0.19532 -0.146819 -0.13851 -0.237164 -0.21848 -0.132428
-0.197481 -0.138238 -0.131043 -0.237719 -0.21926 -0.123892
-0.199764 -0.13021 -0.125051 -0.238313 -0.220275 -0.116285
-0.201883 -0.122787 -0.120051 -0.238756 -0.221242 -0.109455
-0.203861 -0.116355 -0.115933 -0.239125 -0.222447 -0.103207
-0.205282 -0.11133 -0.11283 -0.239585 -0.224015 -0.0982705
-0.206644 -0.107949 -0.110133 -0.240487 -0.225443 -0.0944204
-0.207754 -0.105922 -0.108051 -0.241367 -0.226534 -0.0921111
-0.208898 -0.104713 -0.106915 -0.2422 -0.227676 -0.0916564
-0.21016 -0.105026 -0.106618 -0.242924 -0.22897 -0.0925493
-0.211344 -0.106955 -0.108113 -0.243203 -0.230581 -0.0942943
-0.212857 -0.11032 -0.111546 -0.243716 -0.23213 -0.0972754
-0.214186 -0.11484 -0.115667 -0.244046 -0.233315 -0.101647
-0.215292 -0.120615 -0.12054 -0.244648 -0.234348 -0.107386
-0.216091 -0.127474 -0.12644 -0.245129 -0.234948 -0.114216
-0.216825 -0.135177 -0.133302 -0.245464 -0.235053 -0.12186
-0.217271 -0.143506 -0.140593 -0.245794 -0.23498 -0.129537
-0.217702 -0.151998 -0.148051 -0.245885 -0.234864 -0.137558
-0.218215 -0.160367 -0.155733 -0.245974 -0.234943 -0.145727
-0.218351 -0.168252 -0.163317 -0.245852 -0.235126 -0.153948
-0.217926 -0.176016 -0.17191 -0.244529 -0.235108 -0.16217
-0.216079 -0.18509 -0.185213 -0.24167 -0.234161 -0.17197
-0.214595 -0.194962 -0.200276 -0.239368 -0.233176 -0.182058
-0.212805 -0.20494 -0.213005 -0.237117 -0.231735 -0.191309
-0.210957 -0.214829 -0.220775 -0.234495 -0.230217 -0.200159
-0.208975 -0.217146 -0.225881 -0.231218 -0.228566 -0.207584
-0.20481 -0.215226 -0.225669 -0.226624 -0.2253 -0.215484
-0.202825 -0.214431 -0.224318 -0.223159 -0.222058 -0.220742
-0.198844 -0.212931 -0.223056 -0.218378 -0.216527 -0.228632
-0.194251 -0.211174 -0.221898 -0.213291 -0.210099 -0.232619
-0.186393 -0.209696 -0.218493 -0.207474 -0.200654 -0.231915
-0.178318 -0.208522 -0.216238 -0.201483 -0.194023 -0.230787
-0.169898 -0.207615 -0.215273 -0.194332 -0.186459 -0.229954
-0.161075 -0.206292 -0.214245 -0.186189 -0.178808 -0.228554
-0.152184 -0.205266 -0.212948 -0.177417 -0.170163 -0.227475
-0.143143 -0.204963 -0.212547 -0.168488 -0.160684 -0.226804
-0.133766 -0.204895 -0.212921 -0.159543 -0.1506 -0.226667
-0.124414 -0.205059 -0.213659 -0.151273 -0.140533 -0.226953
-0.115193 -0.205853 -0.214571 -0.143518 -0.131183 -0.227309
-0.106564 -0.207034 -0.215456 -0.136538 -0.122868 -0.227659
-0.0987175 -0.208358 -0.216656 -0.13061 -0.115664 -0.227945
-0.0925099 -0.209612 -0.218254 -0.125536 -0.109386 -0.22819
-0.0887614 -0.210449 -0.219635 -0.121891 -0.105214 -0.228452
-0.0859299 -0.211583 -0.221349 -0.11816 -0.101266 -0.22889
-0.0848007 -0.212832 -0.222827 -0.11569 -0.0987518 -0.229402
-0.0847031 -0.214194 -0.224151 -0.114738 -0.097769 -0.229961
-0.0860352 -0.21531 -0.225399 -0.115699 -0.0986997 -0.230749
-0.0887791 -0.216377 -0.226729 -0.118083 -0.101228 -0.23166
-0.093003 -0.217642 -0.228288 -0.121438 -0.105343 -0.232272
-0.0982122 -0.218676 -0.229582 -0.125877 -0.110465 -0.232627
-0.104468 -0.219414 -0.230478 -0.131466 -0.116812 -0.232865
-0.111271 -0.2201 -0.231353 -0.137879 -0.123832 -0.233122
-0.11863 -0.220919 -0.232148 -0.144927 -0.131585 -0.233239
-0.126244 -0.221525 -0.232673 -0.152611 -0.139836 -0.233394
-0.134053 -0.222082 -0.233023 -0.160848 -0.148243 -0.233657
-0.141883 -0.222554 -0.233389 -0.169596 -0.156569 -0.233583
-0.149496 -0.222854 -0.233686 -0.177871 -0.164934 -0.23326
-0.15759 -0.222268 -0.233049 -0.186832 -0.173206 -0.232347
-0.168746 -0.22103 -0.229497 -0.199572 -0.183522 -0.231158
-0.180903 -0.220225 -0.226918 -0.210947 -0.19475 -0.23014
-0.190544 -0.21931 -0.224449 -0.22259 -0.203579 -0.228758
-0.197418 -0.217614 -0.222107 -0.233883 -0.210127 -0.226207
-0.198025 -0.213539 -0.220626 -0.237592 -0.211911 -0.22305
-0.200675 -0.20972 -0.219247 -0.236094 -0.212111 -0.219408
-0.201012 -0.205504 -0.216296 -0.235181 -0.211671 -0.215638
-0.199989 -0.201571 -0.212483 -0.233977 -0.211102 -0.21185
-0.200117 -0.197566 -0.207844 -0.23246 -0.209826 -0.207594
-0.201031 -0.192024 -0.201839 -0.231363 -0.209247 -0.202032
-0.201856 -0.185484 -0.194649 -0.230841 -0.208912 -0.195128
-0.203296 -0.177662 -0.186668 -0.230622 -0.208992 -0.187297
-0.20452 -0.168981 -0.17833 -0.230012 -0.209113 -0.178947
-0.205739 -0.159959 -0.169374 -0.229283 -0.209514 -0.170061
-0.206935 -0.150461 -0.16032 -0.229158 -0.210306 -0.1607
-0.208299 -0.141064 -0.151217 -0.229469 -0.211356 -0.151396
-0.209833 -0.13191 -0.142596 -0.22995 -0.212599 -0.14244
-0.21128 -0.12325 -0.134483 -0.230563 -0.213617 -0.133846
-0.212543 -0.115186 -0.127275 -0.231474 -0.214422 -0.125752
-0.213559 -0.107564 -0.120982 -0.232651 -0.21523 -0.118511
-0.214695 -0.100807 -0.115896 -0.233828 -0.21602 -0.112378
-0.216321 -0.0951669 -0.111567 -0.234972 -0.216997 -0.107482
-0.217522 -0.0908233 -0.108322 -0.236062 -0.218138 -0.10374
-0.218319 -0.0880634 -0.106271 -0.237216 -0.21949 -0.10143
-0.218903 -0.0869956 -0.105609 -0.238331 -0.220691 -0.100739
-0.219562 -0.087434 -0.105872 -0.239144 -0.22172 -0.101479
-0.220508 -0.0892381 -0.10757 -0.239813 -0.222877 -0.103486
-0.221498 -0.0925787 -0.110764 -0.24027 -0.223661 -0.106612
-0.222375 -0.0973695 -0.11498 -0.2406 -0.224274 -0.110901
-0.222852 -0.10336 -0.120436 -0.241097 -0.224623 -0.116299
-0.223188 -0.110587 -0.126979 -0.241581 -0.2249 -0.123172
-0.223354 -0.118553 -0.13421 -0.242153 -0.224828 -0.130998
-0.223493 -0.126931 -0.142274 -0.242684 -0.224689 -0.139453
-0.223532 -0.135532 -0.150526 -0.243104 -0.22464 -0.147931
-0.223236 -0.144249 -0.1587 -0.243398 -0.224446 -0.156305
-0.223011 -0.15265 -0.166634 -0.243509 -0.224366 -0.164581
-0.222249 -0.161061 -0.175402 -0.242336 -0.223882 -0.173043
-0.220798 -0.169877 -0.188599 -0.23927 -0.222367 -0.183528
-0.218735 -0.170994 -0.196612 -0.237382 -0.220703 -0.190485
-0.217292 -0.172161 -0.196031 -0.235922 -0.218408 -0.191138
-0.216137 -0.173029 -0.196961 -0.234848 -0.216834 -0.192731
-0.215053 -0.173805 -0.19851 -0.233724 -0.215478 -0.193645
-0.213476 -0.173645 -0.198186 -0.232183 -0.213818 -0.193767
-0.211094 -0.174241 -0.19866 -0.229199 -0.211553 -0.194245
-0.207162 -0.17524 -0.198639 -0.225129 -0.207837 -0.194811
-0.201493 -0.1761 -0.198157 -0.219756 -0.202191 -0.196177
-0.194645 -0.177403 -0.197982 -0.213417 -0.195301 -0.197435
-0.186603 -0.179124 -0.197835 -0.206059 -0.187594 -0.198751
-0.181411 -0.180734 -0.198167 -0.201217 -0.182242 -0.199852
-0.168899 -0.184545 -0.199015 -0.190175 -0.169689 -0.202532
-0.158217 -0.187741 -0.202738 -0.180952 -0.158899 -0.204892
-0.147504 -0.191313 -0.212545 -0.171577 -0.145703 -0.208317
-0.136934 -0.193628 -0.216582 -0.161926 -0.137176 -0.209836
-0.127812 -0.194105 -0.218132 -0.1527 -0.127873 -0.210269
-0.119433 -0.195659 -0.221603 -0.143854 -0.119095 -0.210734
-0.112083 -0.196109 -0.219656 -0.135224 -0.110732 -0.21051
-0.104759 -0.1967 -0.218897 -0.128349 -0.1031 -0.210558
-0.0986429 -0.197085 -0.219486 -0.122874 -0.0960757 -0.211496
-0.0933552 -0.197401 -0.220503 -0.118659 -0.090724 -0.211212
-0.0898405 -0.198205 -0.223795 -0.115457 -0.0864937 -0.211672
-0.0885342 -0.198365 -0.223392 -0.113268 -0.084678 -0.211618
-0.0885058 -0.198438 -0.222602 -0.112401 -0.0849741 -0.211333
-0.0899954 -0.199059 -0.222575 -0.112656 -0.0868575 -0.211619
-0.0924397 -0.199323 -0.221716 -0.114513 -0.0901148 -0.212991
-0.0962347 -0.199494 -0.221376 -0.117578 -0.0948299 -0.213969
-0.101204 -0.200124 -0.221376 -0.121909 -0.100237 -0.214538
-0.107577 -0.200897 -0.221069 -0.127522 -0.106885 -0.214547
-0.114757 -0.201509 -0.220841 -0.134031 -0.114106 -0.214691
-0.122757 -0.202132 -0.220845 -0.141206 -0.121773 -0.21494
-0.131029 -0.202577 -0.220625 -0.149334 -0.129902 -0.215029
-0.139322 -0.203017 -0.220493 -0.158285 -0.138246 -0.215049
-0.147225 -0.203169 -0.220291 -0.166758 -0.14511 -0.214867
-0.155123 -0.202917 -0.221725 -0.174494 -0.146791 -0.213726
-0.160373 -0.200473 -0.222521 -0.182704 -0.150649 -0.212581
-0.166964 -0.196448 -0.220683 -0.194304 -0.157237 -0.209736
-0.17155 -0.193555 -0.222033 -0.200111 -0.161788 -0.207812
-0.172545 -0.192197 -0.223225 -0.200053 -0.164181 -0.206609
-0.174454 -0.191399 -0.22143 -0.201215 -0.167022 -0.205297
-0.177654 -0.190464 -0.218721 -0.202874 -0.170342 -0.204646
-0.180502 -0.190109 -0.215434 -0.204122 -0.174574 -0.203223
-0.182872 -0.188733 -0.211257 -0.206027 -0.180917 -0.200484
-0.184908 -0.186082 -0.205882 -0.207577 -0.188498 -0.196515
-0.186214 -0.181768 -0.199467 -0.208716 -0.195501 -0.191406
-0.187724 -0.175644 -0.192032 -0.209534 -0.202106 -0.185092
-0.189296 -0.168021 -0.184218 -0.210043 -0.206738 -0.177555
-0.191008 -0.159012 -0.176115 -0.210372 -0.211715 -0.169166
-0.192353 -0.149134 -0.167443 -0.210367 -0.214888 -0.160199
-0.19414 -0.139084 -0.158467 -0.209933 -0.217585 -0.150779
-0.196017 -0.12868 -0.149593 -0.209768 -0.219513 -0.141229
-0.197909 -0.118853 -0.140846 -0.209806 -0.221584 -0.131635
-0.199533 -0.109601 -0.132605 -0.21018 -0.223074 -0.122141
-0.200974 -0.100916 -0.125382 -0.211195 -0.224319 -0.112919
-0.202159 -0.0930274 -0.119433 -0.212596 -0.225318 -0.104348
-0.203354 -0.0859525 -0.114487 -0.214254 -0.226336 -0.0964835
-0.204511 -0.0796578 -0.110638 -0.21544 -0.226848 -0.0897345
-0.20589 -0.0740543 -0.107758 -0.216712 -0.227414 -0.0845243
-0.20731 -0.0695121 -0.105922 -0.217855 -0.228447 -0.0808137
-0.208503 -0.0666444 -0.104272 -0.219345 -0.22948 -0.0789923
-0.209446 -0.0659072 -0.103248 -0.220777 -0.230178 -0.0786355
-0.210512 -0.0671095 -0.103298 -0.222432 -0.230699 -0.0797422
-0.211682 -0.0699944 -0.10424 -0.223575 -0.230913 -0.082028
-0.212437 -0.0738723 -0.106851 -0.224675 -0.231129 -0.0856623
-0.213341 -0.0788346 -0.111233 -0.225612 -0.231556 -0.0906909
-0.214217 -0.0848217 -0.116669 -0.226574 -0.232119 -0.0968969
-0.215147 -0.091917 -0.122993 -0.227471 -0.23244 -0.104287
-0.215812 -0.0997964 -0.130069 -0.228267 -0.232595 -0.112455
-0.216288 -0.10821 -0.137298 -0.228863 -0.232588 -0.120806
-0.216647 -0.116707 -0.144785 -0.229697 -0.232258 -0.129151
-0.21685 -0.125275 -0.151996 -0.230408 -0.231841 -0.137441
-0.217019 -0.13355 -0.158893 -0.230704 -0.231422 -0.145362
-0.216459 -0.142306 -0.168292 -0.229305 -0.229511 -0.15464
-0.215299 -0.152626 -0.183658 -0.227479 -0.226839 -0.166748
-0.214245 -0.163112 -0.193389 -0.226311 -0.224623 -0.180188
-0.214368 -0.172729 -0.193975 -0.22362 -0.223819 -0.192855
-0.214195 -0.181598 -0.194512 -0.219218 -0.22409 -0.20524
-0.213271 -0.191712 -0.196134 -0.214356 -0.224236 -0.214769
-0.209958 -0.203187 -0.192783 -0.209846 -0.221707 -0.216284
-0.20486 -0.216171 -0.188662 -0.205549 -0.217743 -0.217144
-0.197231 -0.217746 -0.185106 -0.202243 -0.212652 -0.218811
-0.188852 -0.219399 -0.181221 -0.199145 -0.205365 -0.22026
-0.183322 -0.219851 -0.177243 -0.195109 -0.197165 -0.220453
-0.177201 -0.220092 -0.173621 -0.188386 -0.189097 -0.220904
-0.170344 -0.221541 -0.170352 -0.179867 -0.180408 -0.220468
-0.162336 -0.22226 -0.168501 -0.170784 -0.171908 -0.220498
-0.153345 -0.222479 -0.16789 -0.161478 -0.162715 -0.220762
-0.143372 -0.222854 -0.168052 -0.152224 -0.15333 -0.221138
-0.133087 -0.223781 -0.168442 -0.143619 -0.143628 -0.221228
-0.122512 -0.224638 -0.169354 -0.135818 -0.1346 -0.221461
-0.112718 -0.225277 -0.17055 -0.128947 -0.125668 -0.221941
-0.103538 -0.225861 -0.173005 -0.122949 -0.117496 -0.222621
-0.0958913 -0.226483 -0.176558 -0.117838 -0.110479 -0.223078
-0.0902264 -0.227009 -0.179589 -0.113052 -0.104435 -0.223328
-0.0862209 -0.227553 -0.182826 -0.109097 -0.0995212 -0.223834
-0.083496 -0.228593 -0.185998 -0.10611 -0.0960768 -0.224593
-0.0821465 -0.229914 -0.188783 -0.103937 -0.0943403 -0.225537
-0.0818102 -0.231144 -0.191186 -0.103655 -0.0944799 -0.226887
-0.0828511 -0.232403 -0.194054 -0.104402 -0.0963804 -0.228472
-0.0853468 -0.233494 -0.196614 -0.106335 -0.0997444 -0.229746
-0.0894676 -0.234698 -0.198794 -0.10918 -0.104701 -0.230833
-0.0949606 -0.235851 -0.200886 -0.113381 -0.110902 -0.231816
-0.10139 -0.236616 -0.202889 -0.118904 -0.117739 -0.232719
-0.10868 -0.237376 -0.205008 -0.125137 -0.125162 -0.233708
-0.116352 -0.237977 -0.207169 -0.132143 -0.13335 -0.234062
-0.124509 -0.238314 -0.208868 -0.139509 -0.142046 -0.234411
-0.1329 -0.238763 -0.210177 -0.147882 -0.150622 -0.234587
-0.141161 -0.239173 -0.211452 -0.156466 -0.158701 -0.23465
-0.149016 -0.239363 -0.212525 -0.165087 -0.16642 -0.234724
-0.158118 -0.238583 -0.210942 -0.177852 -0.175735 -0.233479
-0.169267 -0.237595 -0.207961 -0.193954 -0.188078 -0.232105
-0.178757 -0.237164 -0.206689 -0.208472 -0.198809 -0.231313
-0.186889 -0.236243 -0.205223 -0.222159 -0.200459 -0.229284
-0.195158 -0.233305 -0.204509 -0.22837 -0.201748 -0.225925
-0.20249 -0.229302 -0.203802 -0.228169 -0.202775 -0.222917
-0.208511 -0.226112 -0.200881 -0.227959 -0.201893 -0.220579
-0.208873 -0.22224 -0.197095 -0.227733 -0.199653 -0.217956
-0.20913 -0.218846 -0.193151 -0.226871 -0.199168 -0.214131
-0.209636 -0.213852 -0.188743 -0.225142 -0.199447 -0.209282
-0.210828 -0.207605 -0.182791 -0.223743 -0.200344 -0.203079
-0.212476 -0.199922 -0.174881 -0.222893 -0.201449 -0.19591
-0.214332 -0.191635 -0.165614 -0.22272 -0.202512 -0.187916
-0.215176 -0.183113 -0.155907 -0.222813 -0.203745 -0.179374
-0.215866 -0.173876 -0.146444 -0.223203 -0.205244 -0.170368
-0.216878 -0.16444 -0.137398 -0.223813 -0.206543 -0.16116
-0.218108 -0.155109 -0.129829 -0.224392 -0.20808 -0.151567
-0.21954 -0.145813 -0.123694 -0.225293 -0.210029 -0.142099
-0.221036 -0.136956 -0.11854 -0.226034 -0.211984 -0.133255
-0.222803 -0.128853 -0.114105 -0.226616 -0.214081 -0.124953
-0.224297 -0.121877 -0.110629 -0.22736 -0.216053 -0.1177
-0.225708 -0.116182 -0.107458 -0.22833 -0.217905 -0.1117
-0.226707 -0.111875 -0.104732 -0.229611 -0.21935 -0.107125
-0.227494 -0.10918 -0.102512 -0.230713 -0.220332 -0.104228
-0.228227 -0.107792 -0.100519 -0.231729 -0.221385 -0.102792
-0.229001 -0.107653 -0.0994525 -0.232625 -0.222312 -0.102993
-0.229712 -0.108829 -0.0998819 -0.233088 -0.223349 -0.104169
-0.230729 -0.111298 -0.101571 -0.233272 -0.224306 -0.106558
-0.231627 -0.114462 -0.103552 -0.233299 -0.225065 -0.10945
-0.232278 -0.119764 -0.107113 -0.233441 -0.225983 -0.114608
-0.232653 -0.126361 -0.111777 -0.233635 -0.226762 -0.12084
-0.232752 -0.133939 -0.117429 -0.233828 -0.227027 -0.128276
-0.232574 -0.141903 -0.12357 -0.234121 -0.226987 -0.136358
-0.232157 -0.150258 -0.130493 -0.234309 -0.227096 -0.144856
-0.231872 -0.158468 -0.137913 -0.234453 -0.227112 -0.153274
-0.231663 -0.166532 -0.145467 -0.23429 -0.227035 -0.1615
-0.231582 -0.174305 -0.152696 -0.233975 -0.226856 -0.169311
-0.230711 -0.182563 -0.163053 -0.231553 -0.225478 -0.1783
-0.229559 -0.19141 -0.178438 -0.228791 -0.22396 -0.188902
-0.228414 -0.199502 -0.19413 -0.226705 -0.222462 -0.199331
-0.226935 -0.207116 -0.208207 -0.224133 -0.220515 -0.209365
-0.224531 -0.21323 -0.219409 -0.221186 -0.217574 -0.212914
-0.221032 -0.217862 -0.220726 -0.217887 -0.212891 -0.21181
-0.217071 -0.219511 -0.21826 -0.214692 -0.21136 -0.209634
-0.212876 -0.219214 -0.217524 -0.210731 -0.208318 -0.207558
-0.208712 -0.219613 -0.216334 -0.206461 -0.204168 -0.205422
-0.203858 -0.218381 -0.213666 -0.20264 -0.198094 -0.204626
-0.198515 -0.217972 -0.213312 -0.197298 -0.191304 -0.203608
-0.1913 -0.218149 -0.212994 -0.190464 -0.184225 -0.202797
-0.1832 -0.21816 -0.212729 -0.182679 -0.17643 -0.20241
-0.172503 -0.218009 -0.213222 -0.172529 -0.166517 -0.202224
-0.163006 -0.217963 -0.213272 -0.163626 -0.157206 -0.202577
-0.153302 -0.218374 -0.213835 -0.154938 -0.147588 -0.203377
-0.143262 -0.218869 -0.214749 -0.146741 -0.137623 -0.204826
-0.133451 -0.219752 -0.21539 -0.139208 -0.12794 -0.206655
-0.123984 -0.220848 -0.216187 -0.132555 -0.119011 -0.208496
-0.115561 -0.222155 -0.216914 -0.126811 -0.111104 -0.210546
-0.108268 -0.223541 -0.217998 -0.121844 -0.104325 -0.212404
-0.102302 -0.224621 -0.219505 -0.117398 -0.0985698 -0.214026
-0.0983571 -0.225672 -0.220936 -0.113319 -0.0942811 -0.215393
-0.0962759 -0.226875 -0.222469 -0.110038 -0.0916195 -0.216508
-0.0956076 -0.227957 -0.223807 -0.107738 -0.0905748 -0.217614
-0.0961392 -0.228984 -0.224726 -0.106847 -0.0909397 -0.218828
-0.0980604 -0.230148 -0.225792 -0.107717 -0.0928437 -0.220266
-0.101341 -0.231259 -0.226667 -0.110062 -0.096366 -0.221716
-0.105922 -0.232365 -0.227163 -0.113602 -0.101145 -0.222792
-0.111723 -0.233471 -0.22782 -0.118123 -0.106932 -0.223823
-0.118794 -0.234353 -0.228412 -0.124034 -0.113835 -0.224692
-0.126561 -0.234998 -0.22881 -0.130719 -0.121394 -0.225418
-0.134648 -0.235449 -0.229229 -0.137975 -0.129571 -0.226156
-0.14266 -0.236095 -0.229504 -0.145774 -0.13828 -0.22682
-0.150593 -0.236792 -0.229468 -0.153961 -0.146851 -0.227362
-0.158614 -0.237736 -0.229465 -0.16221 -0.155131 -0.227578
-0.166432 -0.238566 -0.229519 -0.170483 -0.163068 -0.227492
-0.17597 -0.238254 -0.226797 -0.183442 -0.172707 -0.225762
-0.187345 -0.237503 -0.223934 -0.198071 -0.184256 -0.224246
-0.196755 -0.236466 -0.222209 -0.212218 -0.193938 -0.223082
-0.20459 -0.234817 -0.219645 -0.22599 -0.202226 -0.221337
-0.2116 -0.231792 -0.216926 -0.234165 -0.203246 -0.218398
-0.219129 -0.227575 -0.215169 -0.233804 -0.203153 -0.214751
-0.221825 -0.222898 -0.212158 -0.231412 -0.201241 -0.212201
-0.221283 -0.218029 -0.208606 -0.229791 -0.20122 -0.208869
-0.22137 -0.213663 -0.205759 -0.227624 -0.200144 -0.204728
-0.221129 -0.208912 -0.201469 -0.225603 -0.200146 -0.199794
-0.220986 -0.203105 -0.195501 -0.224394 -0.199898 -0.193545
-0.221429 -0.196066 -0.187972 -0.223473 -0.200261 -0.186665
-0.221864 -0.188209 -0.179593 -0.223372 -0.20074 -0.179015
-0.222279 -0.179757 -0.170601 -0.223433 -0.201467 -0.17063
-0.222778 -0.170802 -0.161486 -0.223695 -0.202682 -0.161697
-0.223473 -0.161691 -0.15248 -0.224262 -0.20408 -0.152572
-0.224628 -0.152711 -0.143982 -0.225043 -0.205755 -0.143382
-0.225929 -0.144069 -0.135983 -0.22599 -0.207458 -0.134287
-0.227015 -0.135777 -0.128574 -0.226946 -0.209099 -0.125507
-0.228266 -0.128015 -0.122194 -0.228004 -0.210686 -0.117309
-0.229565 -0.12076 -0.116777 -0.229247 -0.212187 -0.110066
-0.23074 -0.114796 -0.112143 -0.2305 -0.213688 -0.104155
-0.231654 -0.10986 -0.108548 -0.231804 -0.215149 -0.0994897
-0.232492 -0.106255 -0.105659 -0.232989 -0.216637 -0.0965656
-0.2332 -0.103959 -0.104466 -0.233966 -0.217876 -0.0950692
-0.233913 -0.103127 -0.104493 -0.234845 -0.219165 -0.0951682
-0.234558 -0.104166 -0.105627 -0.235576 -0.220507 -0.0963138
-0.235208 -0.106932 -0.10816 -0.23615 -0.221584 -0.0988011
-0.235659 -0.110929 -0.111814 -0.236767 -0.222427 -0.102592
-0.235947 -0.116081 -0.116376 -0.237314 -0.222896 -0.107827
-0.236034 -0.122426 -0.121953 -0.237808 -0.223333 -0.11406
-0.235972 -0.129601 -0.128614 -0.238198 -0.223572 -0.121431
-0.235845 -0.137486 -0.136184 -0.238424 -0.223709 -0.129395
-0.235778 -0.145814 -0.144253 -0.23844 -0.223877 -0.137724
-0.235682 -0.154341 -0.152403 -0.238438 -0.224162 -0.146017
-0.2356 -0.162981 -0.160324 -0.238278 -0.224267 -0.154346
-0.235474 -0.171366 -0.167905 -0.237844 -0.224336 -0.162368
-0.234334 -0.180307 -0.177916 -0.235417 -0.223401 -0.171371
-0.232985 -0.190544 -0.19222 -0.2325 -0.222089 -0.181821
-0.231693 -0.200512 -0.206009 -0.230319 -0.220689 -0.192275
-0.229921 -0.210296 -0.218348 -0.227849 -0.218948 -0.202065
-0.227396 -0.218724 -0.22901 -0.22471 -0.216033 -0.211874
-0.224843 -0.222946 -0.230238 -0.220636 -0.212883 -0.216909
-0.220821 -0.220908 -0.228104 -0.216773 -0.209753 -0.214589
-0.216861 -0.224757 -0.225827 -0.212658 -0.206015 -0.212977
-0.211539 -0.230844 -0.223821 -0.207804 -0.201216 -0.211489
-0.206142 -0.23177 -0.221692 -0.203598 -0.196704 -0.209876
-0.199306 -0.231066 -0.219068 -0.198828 -0.190694 -0.208448
-0.193052 -0.230948 -0.216255 -0.192343 -0.182686 -0.207735
-0.1853 -0.230427 -0.214694 -0.184832 -0.17386 -0.207675
-0.17722 -0.22987 -0.213927 -0.176642 -0.164625 -0.207211
-0.16853 -0.229578 -0.213276 -0.167698 -0.155651 -0.206795
-0.15929 -0.229511 -0.213365 -0.158669 -0.146551 -0.206559
-0.149814 -0.228781 -0.21363 -0.150114 -0.137289 -0.206913
-0.140306 -0.228491 -0.214352 -0.142422 -0.12815 -0.207912
-0.130823 -0.228701 -0.215106 -0.135577 -0.119569 -0.209246
-0.122104 -0.229588 -0.215712 -0.129543 -0.111511 -0.211037
-0.114405 -0.230856 -0.216423 -0.124442 -0.103967 -0.213359
-0.108344 -0.232211 -0.217255 -0.120196 -0.0976705 -0.215469
-0.104327 -0.233238 -0.218564 -0.116441 -0.0929863 -0.217161
-0.102541 -0.233989 -0.220202 -0.113294 -0.0900689 -0.218426
-0.102166 -0.234351 -0.221946 -0.111252 -0.0887468 -0.219667
-0.10292 -0.234668 -0.223396 -0.110518 -0.0892352 -0.220776
-0.104481 -0.235115 -0.224483 -0.111245 -0.0909974 -0.222091
-0.106927 -0.235755 -0.22521 -0.113205 -0.0943217 -0.223779
-0.110573 -0.236322 -0.225824 -0.116427 -0.0988795 -0.225401
-0.115548 -0.23716 -0.226311 -0.121369 -0.104551 -0.226728
-0.122003 -0.237947 -0.226827 -0.127677 -0.11125 -0.227818
-0.129846 -0.238562 -0.22717 -0.134665 -0.11881 -0.228671
-0.138397 -0.23888 -0.227647 -0.141949 -0.126817 -0.229243
-0.147101 -0.239009 -0.228002 -0.15003 -0.135205 -0.229631
-0.155552 -0.238853 -0.228319 -0.158268 -0.143829 -0.229958
-0.163633 -0.238467 -0.228565 -0.166558 -0.152263 -0.230096
-0.17124 -0.237825 -0.228644 -0.174356 -0.160278 -0.229908
-0.180508 -0.235732 -0.22599 -0.187531 -0.169621 -0.228595
-0.191435 -0.233951 -0.223236 -0.203237 -0.180262 -0.227613
-0.200675 -0.232641 -0.221711 -0.216909 -0.18925 -0.226879
-0.208597 -0.230964 -0.219505 -0.230217 -0.196498 -0.225171
-0.216136 -0.228543 -0.216613 -0.241701 -0.203804 -0.222647
-0.22397 -0.224936 -0.213038 -0.243453 -0.210591 -0.219732
-0.231628 -0.221003 -0.208276 -0.242565 -0.214238 -0.216569
-0.232123 -0.216297 -0.202925 -0.240097 -0.21224 -0.212394
-0.231725 -0.210508 -0.19924 -0.236633 -0.211502 -0.207676
-0.231906 -0.204734 -0.196326 -0.232136 -0.211535 -0.201863
-0.231604 -0.199425 -0.191284 -0.229109 -0.211939 -0.195558
-0.23087 -0.193356 -0.184364 -0.226855 -0.211705 -0.188667
-0.230462 -0.186288 -0.175633 -0.22565 -0.211199 -0.181175
-0.230286 -0.178405 -0.165907 -0.225318 -0.210846 -0.173055
-0.229865 -0.169927 -0.156077 -0.225203 -0.210698 -0.164308
-0.229482 -0.160948 -0.147324 -0.22551 -0.211344 -0.15524
-0.229688 -0.151765 -0.139703 -0.225767 -0.212106 -0.146031
-0.230655 -0.142662 -0.132754 -0.226294 -0.213332 -0.136843
-0.231712 -0.134415 -0.126516 -0.226991 -0.214772 -0.127991
-0.232621 -0.126981 -0.121034 -0.22783 -0.216149 -0.119795
-0.233404 -0.120802 -0.116071 -0.229068 -0.217295 -0.112774
-0.234216 -0.115538 -0.111697 -0.230557 -0.2184 -0.107019
-0.234713 -0.111263 -0.107887 -0.23196 -0.21919 -0.102653
-0.234958 -0.108017 -0.104698 -0.233221 -0.220035 -0.099595
-0.235177 -0.105963 -0.103543 -0.234534 -0.221114 -0.0983158
-0.235558 -0.105184 -0.103551 -0.235707 -0.222155 -0.0984751
-0.235922 -0.106296 -0.104761 -0.2367 -0.223203 -0.0997462
-0.23619 -0.109054 -0.10742 -0.237549 -0.224104 -0.102523
-0.236207 -0.113202 -0.111388 -0.238313 -0.224739 -0.106794
-0.236188 -0.118609 -0.116134 -0.239045 -0.225387 -0.112201
-0.236134 -0.125084 -0.122121 -0.239706 -0.225832 -0.118926
-0.236115 -0.132596 -0.129277 -0.240068 -0.226107 -0.126423
-0.236013 -0.140956 -0.137105 -0.240506 -0.226276 -0.134188
-0.23566 -0.149716 -0.145072 -0.240688 -0.226494 -0.142189
-0.23518 -0.158504 -0.153093 -0.241042 -0.226729 -0.150477
-0.234676 -0.16709 -0.160883 -0.241222 -0.22675 -0.158988
-0.234187 -0.175195 -0.168412 -0.240889 -0.226605 -0.167107
-0.232171 -0.184636 -0.179428 -0.237805 -0.225617 -0.176134
-0.23036 -0.19576 -0.193686 -0.234948 -0.224709 -0.185469
-0.228638 -0.202623 -0.207263 -0.232578 -0.223537 -0.193993
-0.225469 -0.202379 -0.219296 -0.230377 -0.221008 -0.201917
-0.222664 -0.202893 -0.231726 -0.22829 -0.216623 -0.209072
-0.218886 -0.202175 -0.24352 -0.225638 -0.210877 -0.21484
-0.214706 -0.20087 -0.25143 -0.22231 -0.205125 -0.22006
-0.211194 -0.198314 -0.253242 -0.218138 -0.200627 -0.223922
-0.208067 -0.19427 -0.251458 -0.212905 -0.196994 -0.221957
-0.203529 -0.19206 -0.249673 -0.207572 -0.192762 -0.219488
-0.196667 -0.190928 -0.245769 -0.202409 -0.187604 -0.218324
-0.188695 -0.190557 -0.24284 -0.195995 -0.179957 -0.218629
-0.180008 -0.19015 -0.241542 -0.188757 -0.171194 -0.219369
-0.171072 -0.190541 -0.240127 -0.180312 -0.16278 -0.219965
-0.162378 -0.191657 -0.239664 -0.171077 -0.154302 -0.219346
-0.153933 -0.192509 -0.23931 -0.161775 -0.145302 -0.218581
-0.145722 -0.193025 -0.239797 -0.152864 -0.135565 -0.218255
-0.137277 -0.193363 -0.240417 -0.144525 -0.125902 -0.218286
-0.128741 -0.19448 -0.240947 -0.137124 -0.116649 -0.218858
-0.120455 -0.196105 -0.241742 -0.130665 -0.107946 -0.220007
-0.113041 -0.197893 -0.242457 -0.125278 -0.100504 -0.221682
-0.106812 -0.199443 -0.243123 -0.120891 -0.0944201 -0.223437
-0.102631 -0.200792 -0.244215 -0.117212 -0.0903556 -0.224953
-0.100651 -0.202228 -0.245416 -0.114091 -0.0883484 -0.225965
-0.100236 -0.203698 -0.246372 -0.112556 -0.0877407 -0.226894
-0.101255 -0.205253 -0.247055 -0.112255 -0.0884889 -0.227841
-0.103368 -0.206574 -0.24766 -0.113509 -0.090786 -0.228916
-0.106504 -0.207679 -0.248188 -0.115947 -0.0946131 -0.22993
-0.110732 -0.208921 -0.248592 -0.11968 -0.0996542 -0.230581
-0.116285 -0.210103 -0.249041 -0.124608 -0.105764 -0.231196
-0.122987 -0.211122 -0.249267 -0.130731 -0.11306 -0.231607
-0.130698 -0.211881 -0.249519 -0.137798 -0.121297 -0.231956
-0.138716 -0.212261 -0.249669 -0.1454 -0.129804 -0.232247
-0.146977 -0.212426 -0.249727 -0.153773 -0.138462 -0.232305
-0.155178 -0.212718 -0.249756 -0.162053 -0.147256 -0.232215
-0.163372 -0.213096 -0.249652 -0.170332 -0.155482 -0.232178
-0.171311 -0.212867 -0.249416 -0.179005 -0.1635 -0.231747
-0.181527 -0.210977 -0.246383 -0.192141 -0.173703 -0.230453
-0.193116 -0.209643 -0.243768 -0.205313 -0.185338 -0.229221
-0.20205 -0.208545 -0.241772 -0.21729 -0.194974 -0.228142
-0.209373 -0.206823 -0.239313 -0.229043 -0.203681 -0.22616
-0.215847 -0.204124 -0.236364 -0.235328 -0.212088 -0.223123
-0.220858 -0.200365 -0.23216 -0.235569 -0.221457 -0.219881
-0.220056 -0.197526 -0.228073 -0.234006 -0.226496 -0.217156
-0.219056 -0.193612 -0.223013 -0.23173 -0.22878 -0.2126
-0.218762 -0.18894 -0.219639 -0.227481 -0.228697 -0.206392
-0.218767 -0.183603 -0.215805 -0.22362 -0.229616 -0.200674
-0.21868 -0.177228 -0.210153 -0.220056 -0.230284 -0.194524
-0.218725 -0.169902 -0.20281 -0.217984 -0.230389 -0.187979
-0.218252 -0.16211 -0.194272 -0.217024 -0.229857 -0.180544
-0.217955 -0.153936 -0.184909 -0.216832 -0.229038 -0.172379
-0.217664 -0.145231 -0.175273 -0.217272 -0.228256 -0.163522
-0.21741 -0.136381 -0.165778 -0.217788 -0.227734 -0.154227
-0.217665 -0.127284 -0.156927 -0.218924 -0.227604 -0.145123
-0.218665 -0.118189 -0.148491 -0.219497 -0.227747 -0.136227
-0.220091 -0.109099 -0.140646 -0.220436 -0.228468 -0.12773
-0.221417 -0.100778 -0.133603 -0.221517 -0.229116 -0.119923
-0.222618 -0.0935132 -0.127207 -0.222872 -0.229896 -0.113068
-0.223542 -0.0877104 -0.121622 -0.224602 -0.230505 -0.107524
-0.224318 -0.083275 -0.117478 -0.226417 -0.230739 -0.103347
-0.225189 -0.0805056 -0.115523 -0.228004 -0.231021 -0.100492
-0.226161 -0.0794173 -0.115149 -0.229944 -0.231569 -0.0991708
-0.226839 -0.080425 -0.116361 -0.231636 -0.231896 -0.0995296
-0.227439 -0.0826967 -0.119129 -0.233144 -0.232152 -0.101425
-0.228043 -0.0861541 -0.1228 -0.234496 -0.232057 -0.104498
-0.228382 -0.0907752 -0.127676 -0.235742 -0.232136 -0.109058
-0.228678 -0.0964153 -0.133688 -0.236794 -0.232156 -0.11479
-0.228816 -0.103116 -0.140871 -0.237973 -0.232033 -0.121659
-0.228794 -0.11052 -0.148699 -0.238675 -0.23175 -0.129357
-0.228935 -0.118721 -0.156997 -0.239281 -0.231297 -0.137222
-0.228958 -0.127089 -0.165578 -0.23966 -0.231037 -0.145524
-0.228949 -0.135684 -0.174081 -0.23998 -0.230844 -0.153993
-0.228743 -0.144037 -0.18224 -0.240088 -0.230628 -0.162493
-0.227931 -0.15299 -0.191724 -0.238377 -0.229695 -0.171373
-0.226283 -0.164017 -0.204272 -0.235575 -0.22839 -0.181567
-0.225147 -0.175855 -0.209626 -0.233093 -0.227282 -0.191798
-0.225269 -0.186516 -0.21071 -0.230439 -0.227147 -0.19996
-0.224929 -0.198339 -0.214514 -0.226801 -0.227268 -0.209018
-0.223173 -0.21127 -0.218527 -0.222484 -0.226069 -0.218211
-0.219843 -0.212995 -0.218911 -0.218246 -0.223319 -0.225423
-0.213665 -0.214108 -0.218427 -0.214731 -0.216901 -0.225899
-0.208164 -0.215703 -0.217153 -0.212009 -0.208961 -0.227277
-0.200151 -0.214579 -0.215166 -0.208548 -0.200709 -0.227109
-0.193576 -0.212743 -0.211621 -0.202972 -0.193877 -0.224154
-0.187454 -0.211777 -0.20983 -0.195897 -0.188366 -0.221486
-0.180241 -0.211051 -0.208224 -0.188039 -0.181591 -0.220164
-0.172273 -0.210097 -0.206715 -0.179723 -0.173516 -0.21849
-0.163045 -0.209599 -0.205617 -0.171402 -0.164659 -0.217837
-0.153392 -0.209887 -0.205428 -0.162941 -0.155458 -0.217523
-0.143637 -0.210074 -0.205454 -0.15437 -0.145877 -0.21728
-0.133751 -0.210619 -0.205937 -0.146067 -0.136607 -0.217414
-0.1243 -0.211393 -0.207125 -0.138489 -0.127659 -0.217549
-0.11589 -0.21188 -0.208888 -0.13174 -0.11921 -0.21818
-0.109729 -0.212531 -0.210465 -0.126944 -0.113108 -0.218719
-0.102905 -0.213384 -0.21245 -0.121764 -0.10635 -0.219389
-0.0975998 -0.214484 -0.21428 -0.117381 -0.100681 -0.220334
-0.0943322 -0.215815 -0.216047 -0.113657 -0.096342 -0.221437
-0.0930441 -0.217483 -0.217932 -0.11116 -0.093747 -0.222674
-0.0930202 -0.219005 -0.220125 -0.110102 -0.0931026 -0.223619
-0.0942938 -0.220353 -0.221821 -0.11032 -0.0942382 -0.224725
-0.0977885 -0.22165 -0.223493 -0.112577 -0.0975528 -0.226189
-0.101942 -0.222875 -0.225054 -0.115671 -0.101772 -0.227089
-0.107297 -0.223672 -0.226214 -0.119902 -0.107147 -0.227695
-0.113652 -0.224575 -0.227168 -0.125195 -0.113462 -0.228609
-0.12097 -0.225452 -0.227819 -0.13164 -0.120487 -0.229423
-0.128778 -0.226206 -0.228198 -0.138902 -0.128431 -0.229984
-0.136902 -0.226791 -0.228588 -0.146714 -0.136875 -0.230514
-0.145187 -0.227128 -0.228919 -0.155292 -0.145494 -0.230886
-0.153294 -0.227578 -0.228974 -0.163996 -0.154063 -0.231195
-0.161078 -0.227784 -0.22912 -0.172749 -0.162269 -0.231207
-0.164245 -0.226568 -0.227933 -0.183294 -0.167859 -0.230032
-0.16872 -0.224579 -0.22608 -0.196037 -0.173061 -0.22683
-0.171241 -0.222923 -0.226934 -0.209453 -0.176678 -0.224848
-0.173078 -0.220457 -0.228187 -0.227369 -0.179829 -0.222393
-0.1753 -0.217277 -0.227431 -0.242551 -0.182599 -0.219468
-0.176168 -0.215427 -0.224972 -0.244324 -0.183655 -0.217675
-0.174823 -0.214243 -0.220797 -0.245971 -0.18306 -0.216672
-0.17484 -0.212433 -0.215635 -0.247171 -0.182622 -0.2147
-0.175108 -0.208737 -0.211644 -0.247024 -0.182423 -0.210901
-0.176161 -0.203527 -0.20718 -0.24667 -0.183998 -0.205509
-0.17766 -0.196863 -0.201108 -0.24598 -0.185799 -0.198845
-0.179454 -0.18929 -0.193563 -0.245593 -0.187921 -0.191577
-0.181909 -0.181102 -0.184762 -0.245927 -0.189712 -0.183777
-0.183729 -0.172631 -0.175062 -0.24648 -0.191131 -0.175572
-0.18533 -0.163745 -0.164656 -0.247637 -0.192536 -0.166778
-0.186653 -0.154563 -0.154445 -0.248568 -0.193775 -0.157675
-0.188601 -0.144877 -0.145058 -0.249468 -0.195524 -0.148292
-0.191169 -0.135222 -0.136989 -0.250202 -0.19781 -0.139
-0.193987 -0.125838 -0.130182 -0.250758 -0.200452 -0.129754
-0.196841 -0.117324 -0.123961 -0.251658 -0.202985 -0.121042
-0.199328 -0.109836 -0.118441 -0.252426 -0.205114 -0.113443
-0.201867 -0.103703 -0.113585 -0.2536 -0.206924 -0.107311
-0.20379 -0.0992055 -0.109456 -0.254921 -0.208413 -0.102359
-0.205551 -0.0964159 -0.105919 -0.256101 -0.209498 -0.0989147
-0.207281 -0.0948272 -0.104266 -0.256957 -0.210752 -0.0969568
-0.209239 -0.0943286 -0.104276 -0.257509 -0.212043 -0.096501
-0.211245 -0.0951331 -0.105087 -0.257689 -0.213801 -0.0971557
-0.21304 -0.0974173 -0.107361 -0.257728 -0.215449 -0.0992224
-0.214415 -0.101109 -0.110733 -0.257902 -0.216876 -0.102691
-0.215467 -0.106436 -0.114898 -0.258019 -0.217881 -0.107728
-0.216134 -0.112793 -0.120196 -0.258212 -0.218533 -0.11434
-0.216231 -0.120042 -0.126576 -0.258495 -0.218715 -0.121974
-0.215998 -0.127967 -0.133678 -0.258663 -0.218704 -0.130609
-0.215706 -0.136114 -0.141833 -0.258504 -0.218598 -0.13943
-0.215673 -0.144402 -0.15024 -0.258216 -0.218596 -0.148163
-0.21569 -0.152676 -0.158407 -0.257764 -0.21859 -0.156517
-0.215478 -0.160946 -0.166296 -0.257122 -0.218446 -0.164724
-0.214417 -0.169808 -0.175313 -0.255077 -0.217371 -0.173828
-0.212854 -0.180479 -0.187714 -0.251936 -0.215629 -0.185105
-0.211276 -0.192137 -0.200582 -0.249341 -0.213674 -0.196677
-0.209339 -0.203403 -0.208764 -0.246597 -0.211699 -0.207265
-0.207677 -0.213106 -0.210117 -0.243371 -0.209715 -0.217202
-0.206399 -0.219112 -0.209488 -0.239335 -0.208533 -0.219259
-0.204046 -0.222097 -0.207893 -0.234677 -0.205883 -0.218522
-0.199021 -0.226656 -0.204839 -0.230459 -0.202924 -0.221044
-0.193275 -0.232035 -0.200947 -0.225915 -0.197163 -0.224241
-0.18634 -0.232568 -0.199107 -0.221866 -0.191126 -0.226361
-0.179928 -0.23229 -0.198542 -0.217046 -0.186067 -0.22578
-0.173825 -0.23152 -0.195496 -0.211576 -0.179379 -0.22265
-0.16719 -0.231271 -0.19221 -0.204869 -0.171287 -0.221323
-0.159384 -0.230558 -0.189361 -0.19756 -0.161953 -0.221199
-0.150549 -0.229452 -0.187941 -0.189343 -0.152295 -0.223331
-0.141377 -0.228778 -0.18789 -0.180549 -0.142659 -0.226021
-0.132192 -0.228366 -0.187728 -0.171717 -0.133604 -0.225307
-0.122731 -0.228342 -0.187806 -0.162903 -0.124454 -0.224668
-0.113414 -0.228129 -0.18837 -0.154632 -0.115714 -0.225319
-0.104477 -0.227816 -0.189766 -0.147346 -0.107455 -0.226044
-0.0965952 -0.2277 -0.191211 -0.140831 -0.100106 -0.227003
-0.0901527 -0.228328 -0.192172 -0.135601 -0.0942081 -0.227579
-0.0856048 -0.229744 -0.193344 -0.131443 -0.0896309 -0.228562
-0.0830029 -0.23083 -0.194526 -0.128862 -0.0863371 -0.2296
-0.0821378 -0.231651 -0.196124 -0.127639 -0.0848842 -0.230802
-0.0823124 -0.23282 -0.197675 -0.127598 -0.0851408 -0.231906
-0.0839601 -0.233925 -0.19925 -0.12845 -0.0869339 -0.232993
-0.0870444 -0.234466 -0.200936 -0.130786 -0.0903136 -0.234465
-0.091384 -0.234802 -0.202817 -0.133851 -0.0942357 -0.235694
-0.0968495 -0.23487 -0.204606 -0.138143 -0.0993458 -0.237207
-0.103308 -0.234819 -0.205948 -0.144105 -0.105255 -0.239095
-0.110294 -0.235159 -0.206909 -0.151385 -0.112025 -0.239916
-0.117809 -0.235718 -0.207331 -0.159416 -0.119537 -0.24075
-0.12557 -0.236817 -0.207541 -0.168415 -0.12813 -0.241502
-0.133598 -0.238301 -0.207865 -0.177037 -0.136865 -0.242212
-0.142008 -0.239003 -0.208136 -0.185569 -0.145397 -0.24254
-0.150307 -0.239795 -0.208582 -0.194213 -0.153715 -0.242318
-0.158994 -0.23914 -0.207102 -0.205171 -0.162547 -0.240823
-0.169163 -0.237785 -0.203259 -0.218204 -0.173607 -0.238955
-0.178259 -0.237281 -0.200951 -0.224079 -0.184393 -0.238108
-0.185719 -0.236811 -0.198942 -0.228666 -0.185785 -0.237304
-0.194086 -0.234741 -0.197337 -0.233 -0.187057 -0.235267
-0.196086 -0.230364 -0.19685 -0.232321 -0.188477 -0.233306
-0.198172 -0.226093 -0.196201 -0.230362 -0.190455 -0.230871
-0.199129 -0.222191 -0.194623 -0.229771 -0.190942 -0.227907
-0.199557 -0.218728 -0.190784 -0.228762 -0.191423 -0.224437
-0.200298 -0.214482 -0.184704 -0.22868 -0.191558 -0.219815
-0.200615 -0.208685 -0.177357 -0.228468 -0.191927 -0.214068
-0.201062 -0.201876 -0.169703 -0.228798 -0.192735 -0.207327
-0.202146 -0.194033 -0.161568 -0.229013 -0.193843 -0.199427
-0.20344 -0.18528 -0.153001 -0.229038 -0.195611 -0.190667
-0.205445 -0.175917 -0.144756 -0.228975 -0.197887 -0.181258
-0.20747 -0.166247 -0.136833 -0.229168 -0.200308 -0.171578
-0.209389 -0.156892 -0.129173 -0.229916 -0.202742 -0.161837
-0.211138 -0.147574 -0.122268 -0.230818 -0.204992 -0.152717
-0.212774 -0.138855 -0.116098 -0.231967 -0.207007 -0.144106
-0.21432 -0.130649 -0.110842 -0.233156 -0.208811 -0.136009
-0.215753 -0.123441 -0.106591 -0.234219 -0.210527 -0.128727
-0.217346 -0.117173 -0.103183 -0.235488 -0.212258 -0.122238
-0.218873 -0.112116 -0.100748 -0.236513 -0.214006 -0.117045
-0.220382 -0.108423 -0.0986651 -0.237269 -0.215427 -0.11355
-0.222019 -0.106036 -0.0968858 -0.237813 -0.217174 -0.111571
-0.22333 -0.105423 -0.0963029 -0.238198 -0.218712 -0.111293
-0.224512 -0.106539 -0.0968022 -0.238563 -0.220015 -0.112107
-0.225692 -0.109319 -0.0975446 -0.238719 -0.221344 -0.114357
-0.226656 -0.113503 -0.0997262 -0.238823 -0.222012 -0.118199
-0.227196 -0.118972 -0.103358 -0.239028 -0.222564 -0.123625
-0.227485 -0.125279 -0.108083 -0.239247 -0.22292 -0.130251
-0.227717 -0.132624 -0.113903 -0.239376 -0.223111 -0.137979
-0.227873 -0.140748 -0.120716 -0.239345 -0.223159 -0.146293
-0.228057 -0.14951 -0.128438 -0.239092 -0.223107 -0.1547
-0.228052 -0.158376 -0.136227 -0.238988 -0.223136 -0.163077
-0.227831 -0.167301 -0.143836 -0.238869 -0.223099 -0.17101
-0.227515 -0.175831 -0.151224 -0.238609 -0.222838 -0.178983
-0.226116 -0.18502 -0.161092 -0.236259 -0.221413 -0.185626
-0.224448 -0.19359 -0.174955 -0.233901 -0.219759 -0.189923
-0.221783 -0.201012 -0.188973 -0.232183 -0.217808 -0.193991
-0.219003 -0.206148 -0.203471 -0.230458 -0.215543 -0.197196
-0.215681 -0.208564 -0.215737 -0.22952 -0.21193 -0.199502
-0.213193 -0.209248 -0.219957 -0.228181 -0.208957 -0.19976
-0.211093 -0.208581 -0.220198 -0.225124 -0.207932 -0.200044
-0.209383 -0.207585 -0.220949 -0.220551 -0.206192 -0.199537
-0.204442 -0.207247 -0.21877 -0.214962 -0.200857 -0.198146
-0.198403 -0.207389 -0.215503 -0.211259 -0.194527 -0.19907
-0.191457 -0.207381 -0.21442 -0.206221 -0.187447 -0.20048
-0.183431 -0.208373 -0.214462 -0.199621 -0.179852 -0.202118
-0.175252 -0.209404 -0.213926 -0.19145 -0.172361 -0.202753
-0.166865 -0.210616 -0.214058 -0.182274 -0.164184 -0.203245
-0.158272 -0.211482 -0.214613 -0.172488 -0.155057 -0.204491
-0.149085 -0.211971 -0.215565 -0.162713 -0.145235 -0.205716
-0.139343 -0.212694 -0.216894 -0.153347 -0.134861 -0.207021
-0.129679 -0.21372 -0.218086 -0.145023 -0.124815 -0.208436
-0.120261 -0.215474 -0.219074 -0.137411 -0.115251 -0.210102
-0.111777 -0.217348 -0.220024 -0.130773 -0.106553 -0.212104
-0.104615 -0.219148 -0.22128 -0.124917 -0.0993237 -0.214284
-0.0990399 -0.220849 -0.222902 -0.119978 -0.093524 -0.215935
-0.0960748 -0.222112 -0.224198 -0.116488 -0.090365 -0.216976
-0.094121 -0.223568 -0.226249 -0.112085 -0.087927 -0.218009
-0.0936701 -0.224836 -0.227656 -0.110262 -0.087136 -0.21895
-0.0946485 -0.226017 -0.228789 -0.110504 -0.0877044 -0.220311
-0.0968313 -0.226983 -0.22977 -0.112683 -0.0897493 -0.222061
-0.0999722 -0.22822 -0.2305 -0.115986 -0.0934155 -0.223556
-0.104468 -0.229263 -0.230964 -0.120252 -0.0985371 -0.224817
-0.108847 -0.230053 -0.231384 -0.12479 -0.103649 -0.225609
-0.115611 -0.230799 -0.232074 -0.131017 -0.110749 -0.226377
-0.123461 -0.231376 -0.232605 -0.138006 -0.118482 -0.227104
-0.131899 -0.231832 -0.23286 -0.145823 -0.126697 -0.227768
-0.140379 -0.23212 -0.233073 -0.154177 -0.135155 -0.228288
-0.149928 -0.232617 -0.233148 -0.163561 -0.144975 -0.228895
-0.157858 -0.233294 -0.233369 -0.171566 -0.153209 -0.229151
-0.165679 -0.233407 -0.234071 -0.179258 -0.161373 -0.228202
-0.1752 -0.233336 -0.23152 -0.192042 -0.17122 -0.226829
-0.186484 -0.232521 -0.22877 -0.206025 -0.183438 -0.225362
-0.196087 -0.231945 -0.226854 -0.212416 -0.193946 -0.2243
-0.204158 -0.230809 -0.223885 -0.218549 -0.20226 -0.223296
-0.21098 -0.229068 -0.220126 -0.220597 -0.21064 -0.221621
-0.2192 -0.226911 -0.215436 -0.218416 -0.218489 -0.219742
-0.223901 -0.22411 -0.210248 -0.216039 -0.225237 -0.21731
-0.223909 -0.219322 -0.206487 -0.211856 -0.225743 -0.212844
-0.224942 -0.214011 -0.204516 -0.207783 -0.227037 -0.206862
-0.22524 -0.208026 -0.20193 -0.204849 -0.228666 -0.200716
-0.224921 -0.202293 -0.19615 -0.20253 -0.229218 -0.195004
-0.224848 -0.195794 -0.188229 -0.200497 -0.229089 -0.188951
-0.225044 -0.188701 -0.179139 -0.199825 -0.228719 -0.181898
-0.224713 -0.181004 -0.170005 -0.19979 -0.228389 -0.173971
-0.224293 -0.172626 -0.160472 -0.200365 -0.228251 -0.165155
-0.224014 -0.163851 -0.151333 -0.201279 -0.228432 -0.156223
-0.224485 -0.154622 -0.142756 -0.201987 -0.228864 -0.14693
-0.225358 -0.145391 -0.135251 -0.203064 -0.229518 -0.137585
-0.226164 -0.136283 -0.128479 -0.204286 -0.23061 -0.128391
-0.227203 -0.128034 -0.122569 -0.205899 -0.231813 -0.120021
-0.228164 -0.120521 -0.117257 -0.207944 -0.232831 -0.11283
-0.228975 -0.11431 -0.112644 -0.210109 -0.233631 -0.106869
-0.229745 -0.109758 -0.108813 -0.212201 -0.234363 -0.102097
-0.230602 -0.106679 -0.106238 -0.214115 -0.235189 -0.0989271
-0.231328 -0.104701 -0.105553 -0.216062 -0.236212 -0.0974992
-0.232006 -0.10415 -0.10568 -0.217855 -0.237123 -0.0975238
-0.232878 -0.105208 -0.107136 -0.219482 -0.237946 -0.0990836
-0.233867 -0.107868 -0.110015 -0.22104 -0.238559 -0.102273
-0.234555 -0.112024 -0.114207 -0.222585 -0.238949 -0.106677
-0.234907 -0.117357 -0.119336 -0.223916 -0.239198 -0.112146
-0.23512 -0.123723 -0.125844 -0.224881 -0.239404 -0.118878
-0.235117 -0.131018 -0.13337 -0.226009 -0.239575 -0.126944
-0.234965 -0.138833 -0.14153 -0.226706 -0.2395 -0.135652
-0.234699 -0.147168 -0.150011 -0.227468 -0.239309 -0.144464
-0.234348 -0.155928 -0.158426 -0.227923 -0.23879 -0.153115
-0.234071 -0.164346 -0.166543 -0.228487 -0.238016 -0.160101
-0.233395 -0.172116 -0.174224 -0.228363 -0.237117 -0.166547
-0.231303 -0.179386 -0.185812 -0.225296 -0.235468 -0.174091
-0.229543 -0.185371 -0.201176 -0.222716 -0.233236 -0.180886
-0.22713 -0.188827 -0.216487 -0.220822 -0.230313 -0.184646
-0.224238 -0.192157 -0.226409 -0.219189 -0.226958 -0.187194
-0.221846 -0.19308 -0.230253 -0.217648 -0.224088 -0.189488
-0.220444 -0.191269 -0.230921 -0.215073 -0.222579 -0.189474
-0.21927 -0.190539 -0.231963 -0.21167 -0.221391 -0.189127
-0.21645 -0.190289 -0.230632 -0.208095 -0.218511 -0.189005
-0.211514 -0.190344 -0.227914 -0.204906 -0.213635 -0.189715
-0.204979 -0.19119 -0.226684 -0.200316 -0.207799 -0.191189
-0.197429 -0.19264 -0.225536 -0.19429 -0.201076 -0.192803
-0.189488 -0.194684 -0.224507 -0.186877 -0.19372 -0.194862
-0.181063 -0.196572 -0.224167 -0.178422 -0.185626 -0.196462
-0.172357 -0.198618 -0.223494 -0.169184 -0.176846 -0.197804
-0.163281 -0.200387 -0.223002 -0.15974 -0.167319 -0.199206
-0.153537 -0.201906 -0.223311 -0.15068 -0.157401 -0.200728
-0.143752 -0.203417 -0.224022 -0.142462 -0.147614 -0.202323
-0.134158 -0.205186 -0.225007 -0.135008 -0.138003 -0.2038
-0.125231 -0.207006 -0.22614 -0.128466 -0.129253 -0.205251
-0.117429 -0.208692 -0.227551 -0.122384 -0.121444 -0.206591
-0.110615 -0.210168 -0.22888 -0.117283 -0.114376 -0.208058
-0.105186 -0.211299 -0.230322 -0.113084 -0.108788 -0.209653
-0.101448 -0.212598 -0.23174 -0.109631 -0.104624 -0.211373
-0.0995739 -0.214013 -0.233063 -0.107107 -0.102227 -0.213259
-0.0990419 -0.215606 -0.234291 -0.105672 -0.101533 -0.215295
-0.100011 -0.217124 -0.235379 -0.10543 -0.10229 -0.217342
-0.102501 -0.218554 -0.236028 -0.106466 -0.104764 -0.219617
-0.106204 -0.219893 -0.236536 -0.108868 -0.108739 -0.221966
-0.111047 -0.221133 -0.237164 -0.112574 -0.113815 -0.225134
-0.116983 -0.221957 -0.23778 -0.11712 -0.119932 -0.227708
-0.12398 -0.222916 -0.23784 -0.122943 -0.126987 -0.228928
-0.131906 -0.223699 -0.237518 -0.129749 -0.135281 -0.229794
-0.140187 -0.224166 -0.237275 -0.137598 -0.143652 -0.230399
-0.148417 -0.224326 -0.236895 -0.145846 -0.15204 -0.231031
-0.156685 -0.224306 -0.236351 -0.154087 -0.160601 -0.231519
-0.164718 -0.224381 -0.235924 -0.16212 -0.169054 -0.231581
-0.172793 -0.223826 -0.235284 -0.170788 -0.17744 -0.230751
-0.182637 -0.221996 -0.231663 -0.184469 -0.187064 -0.228646
-0.193485 -0.220452 -0.228643 -0.199187 -0.197653 -0.227097
-0.202055 -0.219082 -0.226448 -0.212184 -0.206012 -0.225828
-0.209064 -0.217757 -0.223559 -0.218438 -0.213676 -0.223962
-0.215565 -0.216059 -0.21987 -0.222124 -0.219637 -0.221701
-0.22042 -0.213381 -0.216687 -0.224777 -0.219036 -0.218493
-0.220841 -0.207848 -0.213986 -0.221745 -0.219195 -0.215014
-0.221036 -0.203421 -0.21229 -0.218596 -0.219801 -0.209833
-0.220329 -0.198522 -0.209258 -0.217734 -0.220637 -0.204816
-0.220103 -0.194036 -0.204374 -0.216033 -0.219887 -0.200257
-0.220072 -0.188413 -0.197079 -0.215164 -0.219369 -0.194965
-0.21994 -0.181846 -0.189142 -0.215047 -0.218689 -0.188297
-0.219776 -0.174068 -0.180526 -0.21491 -0.218445 -0.180693
-0.220144 -0.165374 -0.171724 -0.215125 -0.218588 -0.172208
-0.220825 -0.156108 -0.16259 -0.215196 -0.21925 -0.163246
-0.221865 -0.146561 -0.153571 -0.215695 -0.2201 -0.154094
-0.223013 -0.137112 -0.144769 -0.216691 -0.220931 -0.14501
-0.224058 -0.128315 -0.136463 -0.218011 -0.221744 -0.136071
-0.224832 -0.120182 -0.128805 -0.219891 -0.222377 -0.127603
-0.22561 -0.112992 -0.122073 -0.22159 -0.222796 -0.11984
-0.226579 -0.106398 -0.116707 -0.223136 -0.223277 -0.112913
-0.22759 -0.100727 -0.112626 -0.224586 -0.22405 -0.106813
-0.228568 -0.0963806 -0.109769 -0.226238 -0.224995 -0.102044
-0.22961 -0.0935532 -0.107828 -0.2283 -0.225926 -0.0990984
-0.230348 -0.0920994 -0.107327 -0.229709 -0.22649 -0.0979459
-0.231211 -0.0920514 -0.107379 -0.231201 -0.227062 -0.0981528
-0.231866 -0.093526 -0.108882 -0.232397 -0.227412 -0.0996379
-0.232598 -0.0966146 -0.112247 -0.233401 -0.227774 -0.102596
-0.233139 -0.101007 -0.116652 -0.23439 -0.228037 -0.106978
-0.233403 -0.106619 -0.122369 -0.235201 -0.228176 -0.112634
-0.233656 -0.113297 -0.129174 -0.235659 -0.228063 -0.119621
-0.233745 -0.120725 -0.136981 -0.236236 -0.228167 -0.127744
-0.233685 -0.128787 -0.14523 -0.236749 -0.228111 -0.136257
-0.233398 -0.137251 -0.153563 -0.237209 -0.228112 -0.145071
-0.233177 -0.146164 -0.161863 -0.237653 -0.2278 -0.153844
-0.232876 -0.154827 -0.169906 -0.237599 -0.227419 -0.162456
-0.232354 -0.163388 -0.178018 -0.236877 -0.226733 -0.169704
-0.230907 -0.173118 -0.190126 -0.233556 -0.224799 -0.177774
-0.229391 -0.183433 -0.204013 -0.231109 -0.222901 -0.183744
-0.226784 -0.191273 -0.216818 -0.229109 -0.220335 -0.185744
-0.222835 -0.195486 -0.229309 -0.228072 -0.217026 -0.1875
-0.218356 -0.199797 -0.23641 -0.22685 -0.213147 -0.188828
-0.215294 -0.200231 -0.238574 -0.224534 -0.210069 -0.187937
-0.212523 -0.197873 -0.238061 -0.221282 -0.208194 -0.185804
-0.209748 -0.196846 -0.238259 -0.217813 -0.205882 -0.183625
-0.205847 -0.19631 -0.236347 -0.214113 -0.202158 -0.182904
-0.200388 -0.196294 -0.233562 -0.209145 -0.196126 -0.183579
-0.193674 -0.197214 -0.232111 -0.203214 -0.189067 -0.184971
-0.186073 -0.19882 -0.23198 -0.19609 -0.181184 -0.187088
-0.177907 -0.199941 -0.231 -0.187997 -0.17291 -0.188184
-0.169386 -0.201329 -0.23056 -0.178979 -0.164308 -0.189111
-0.160678 -0.20269 -0.230532 -0.16951 -0.155315 -0.19003
-0.151509 -0.20373 -0.230854 -0.159974 -0.14568 -0.190689
-0.142091 -0.204502 -0.231854 -0.150947 -0.136053 -0.191772
-0.132571 -0.205643 -0.23274 -0.142861 -0.126815 -0.193255
-0.12346 -0.207441 -0.233567 -0.135769 -0.118262 -0.1954
-0.11478 -0.209551 -0.234165 -0.129286 -0.110433 -0.197821
-0.107475 -0.21153 -0.234852 -0.124234 -0.10362 -0.200173
-0.101983 -0.213511 -0.235914 -0.119869 -0.0984217 -0.20241
-0.0987731 -0.215445 -0.236941 -0.11613 -0.0949228 -0.204307
-0.0972511 -0.217148 -0.2382 -0.113153 -0.0927643 -0.205996
-0.097242 -0.218677 -0.239399 -0.111205 -0.0922051 -0.207443
-0.0980833 -0.219943 -0.240395 -0.110738 -0.0931366 -0.208795
-0.100377 -0.221148 -0.241129 -0.112033 -0.0955603 -0.210518
-0.103797 -0.222501 -0.241643 -0.114535 -0.0993742 -0.212188
-0.1086 -0.223695 -0.241857 -0.118464 -0.104275 -0.213673
-0.114429 -0.224788 -0.242341 -0.12391 -0.110364 -0.214931
-0.12152 -0.225684 -0.242632 -0.130375 -0.117755 -0.216113
-0.129551 -0.226454 -0.24272 -0.13754 -0.125585 -0.216929
-0.138296 -0.227078 -0.24296 -0.145446 -0.133791 -0.217475
-0.147016 -0.227312 -0.243076 -0.153588 -0.141989 -0.218072
-0.155486 -0.227515 -0.242859 -0.161866 -0.150352 -0.218429
-0.163609 -0.227839 -0.242603 -0.16992 -0.15855 -0.218819
-0.171445 -0.227549 -0.242204 -0.178347 -0.16651 -0.218531
-0.181027 -0.226116 -0.238579 -0.192306 -0.176911 -0.216594
-0.19175 -0.224819 -0.235579 -0.205984 -0.188796 -0.215357
-0.200366 -0.223802 -0.233779 -0.215488 -0.198864 -0.21433
-0.207572 -0.222362 -0.230847 -0.224349 -0.208171 -0.212444
-0.214576 -0.220266 -0.227251 -0.228487 -0.21692 -0.210181
-0.221101 -0.217091 -0.223583 -0.228715 -0.221608 -0.207683
-0.223831 -0.212957 -0.218809 -0.227083 -0.226216 -0.204648
-0.226412 -0.208125 -0.214783 -0.223192 -0.226297 -0.200112
-0.230099 -0.202644 -0.211282 -0.219574 -0.225508 -0.195406
-0.233061 -0.196426 -0.207296 -0.21631 -0.224457 -0.189992
-0.235157 -0.190058 -0.2014 -0.213511 -0.22354 -0.183556
-0.234226 -0.183312 -0.194244 -0.211047 -0.222613 -0.176122
-0.232906 -0.176585 -0.185794 -0.209119 -0.222462 -0.167747
-0.231624 -0.168839 -0.176474 -0.207687 -0.2217 -0.158725
-0.230402 -0.160189 -0.167164 -0.206297 -0.221323 -0.149321
-0.229419 -0.150818 -0.157891 -0.205509 -0.221127 -0.139828
-0.22942 -0.140972 -0.149201 -0.204733 -0.22134 -0.130458
-0.229756 -0.131464 -0.141055 -0.204571 -0.221964 -0.121423
-0.230315 -0.122526 -0.133514 -0.204831 -0.222766 -0.113008
-0.23087 -0.114739 -0.126671 -0.205789 -0.223648 -0.105628
-0.231215 -0.108398 -0.120726 -0.207433 -0.224291 -0.0990962
-0.231431 -0.103396 -0.115794 -0.209211 -0.224674 -0.0936114
-0.231788 -0.0998717 -0.112349 -0.211106 -0.225038 -0.0892544
-0.232389 -0.097692 -0.111004 -0.212766 -0.225664 -0.0862116
-0.233217 -0.0967118 -0.111023 -0.214076 -0.22667 -0.0851385
-0.23415 -0.0970274 -0.112273 -0.215595 -0.227845 -0.0852355
-0.234856 -0.098768 -0.115106 -0.217291 -0.229072 -0.0870776
-0.235614 -0.101822 -0.11879 -0.218947 -0.230013 -0.0907241
-0.236266 -0.106306 -0.123131 -0.22031 -0.23054 -0.095642
-0.23678 -0.111928 -0.128645 -0.221581 -0.231032 -0.101505
-0.237083 -0.118641 -0.135397 -0.222823 -0.231391 -0.108272
-0.237197 -0.126347 -0.143309 -0.223992 -0.231686 -0.115823
-0.237411 -0.134382 -0.151455 -0.224883 -0.232092 -0.123794
-0.237568 -0.142771 -0.159842 -0.225789 -0.232208 -0.132418
-0.237664 -0.151282 -0.168109 -0.226388 -0.23222 -0.141104
-0.237684 -0.159517 -0.176218 -0.226664 -0.232432 -0.149485
-0.237401 -0.167783 -0.185123 -0.225884 -0.232058 -0.158123
-0.236184 -0.176336 -0.198835 -0.222938 -0.23088 -0.168869
-0.234865 -0.181048 -0.21349 -0.221207 -0.229432 -0.180416
-0.233162 -0.183073 -0.224217 -0.21961 -0.227499 -0.190315
-0.231318 -0.184532 -0.232382 -0.217685 -0.223589 -0.195215
-0.228416 -0.185378 -0.239078 -0.21586 -0.21884 -0.200217
-0.225208 -0.184946 -0.241588 -0.213735 -0.215381 -0.202091
-0.222105 -0.184666 -0.242935 -0.210803 -0.212372 -0.202674
-0.218195 -0.183742 -0.243013 -0.207386 -0.209418 -0.20382
-0.213808 -0.1841 -0.241813 -0.202926 -0.205476 -0.205892
-0.208218 -0.187502 -0.240075 -0.196955 -0.200015 -0.20694
-0.201164 -0.192229 -0.238638 -0.190205 -0.193461 -0.207124
-0.192374 -0.195804 -0.237231 -0.182603 -0.185436 -0.208061
-0.183403 -0.199851 -0.23501 -0.174227 -0.176351 -0.21116
-0.174414 -0.20402 -0.23319 -0.165273 -0.166199 -0.211796
-0.164168 -0.204212 -0.231825 -0.156349 -0.155875 -0.211605
-0.153987 -0.205749 -0.229937 -0.147886 -0.146476 -0.21141
-0.144505 -0.20707 -0.228165 -0.140307 -0.136904 -0.211563
-0.136017 -0.208419 -0.227833 -0.133355 -0.128205 -0.212212
-0.128355 -0.209719 -0.227372 -0.127433 -0.120238 -0.212562
-0.12153 -0.210985 -0.227429 -0.122063 -0.113255 -0.21311
-0.115569 -0.212296 -0.227948 -0.117054 -0.107258 -0.213842
-0.110636 -0.213794 -0.228339 -0.113141 -0.102473 -0.214833
-0.107188 -0.215343 -0.228919 -0.110072 -0.0991033 -0.216222
-0.105631 -0.21693 -0.229318 -0.107788 -0.0970141 -0.217883
-0.105568 -0.21855 -0.22996 -0.106436 -0.096549 -0.219385
-0.106494 -0.220027 -0.230643 -0.106422 -0.0977398 -0.220792
-0.108736 -0.221113 -0.231304 -0.107632 -0.100549 -0.222349
-0.112029 -0.222336 -0.23195 -0.110093 -0.104692 -0.223514
-0.116615 -0.22341 -0.232545 -0.11374 -0.109928 -0.224678
-0.122296 -0.224512 -0.232987 -0.118245 -0.116451 -0.225708
-0.12905 -0.225632 -0.233409 -0.123817 -0.123558 -0.226614
-0.136578 -0.226494 -0.233805 -0.130084 -0.131205 -0.227438
-0.144711 -0.227116 -0.23406 -0.137067 -0.139332 -0.228159
-0.153057 -0.227564 -0.23434 -0.144743 -0.147681 -0.228787
-0.161237 -0.227819 -0.23466 -0.152645 -0.156072 -0.229138
-0.169258 -0.228025 -0.234969 -0.160457 -0.164212 -0.229368
-0.177372 -0.227323 -0.234438 -0.169832 -0.172535 -0.228787
-0.187086 -0.225847 -0.231074 -0.184746 -0.182702 -0.227095
-0.194451 -0.224781 -0.22956 -0.199198 -0.189876 -0.225934
-0.20051 -0.223583 -0.228794 -0.207821 -0.193317 -0.224695
-0.205132 -0.221674 -0.228144 -0.209504 -0.194292 -0.222589
-0.206315 -0.218619 -0.227165 -0.210015 -0.195848 -0.220994
-0.209038 -0.215359 -0.224912 -0.209883 -0.195868 -0.219795
-0.211237 -0.212311 -0.22174 -0.209196 -0.195257 -0.217675
-0.210982 -0.209073 -0.217937 -0.208695 -0.195662 -0.213728
-0.211373 -0.204741 -0.212601 -0.208084 -0.197693 -0.208377
-0.211667 -0.198907 -0.206156 -0.207641 -0.200222 -0.202001
-0.212303 -0.191828 -0.198641 -0.207248 -0.203493 -0.194882
-0.213545 -0.183739 -0.190464 -0.207192 -0.205281 -0.186713
-0.214869 -0.174837 -0.181593 -0.207194 -0.206357 -0.177749
-0.216529 -0.165454 -0.172042 -0.207106 -0.208164 -0.16847
-0.218154 -0.155988 -0.162299 -0.207496 -0.210253 -0.15903
-0.219469 -0.146883 -0.152571 -0.208307 -0.212163 -0.149563
-0.220912 -0.137916 -0.143131 -0.209537 -0.213574 -0.140303
-0.222093 -0.129387 -0.134542 -0.210991 -0.214976 -0.13141
-0.223315 -0.1214 -0.127265 -0.212535 -0.216619 -0.123165
-0.224776 -0.11388 -0.121232 -0.214089 -0.21812 -0.115577
-0.226351 -0.107165 -0.116451 -0.21553 -0.219912 -0.10887
-0.228014 -0.101619 -0.112764 -0.216966 -0.221745 -0.103516
-0.229463 -0.0974407 -0.109839 -0.218358 -0.223371 -0.0998302
-0.230853 -0.0946592 -0.107801 -0.219852 -0.225019 -0.0980447
-0.23204 -0.09351 -0.107067 -0.221299 -0.226262 -0.0978539
-0.233121 -0.0940024 -0.107305 -0.222383 -0.227383 -0.0990094
-0.234455 -0.0961059 -0.109183 -0.223269 -0.228482 -0.101037
-0.235607 -0.0998742 -0.112725 -0.22403 -0.229503 -0.103969
-0.236369 -0.104669 -0.117293 -0.22462 -0.230328 -0.108272
-0.237004 -0.110649 -0.12298 -0.225313 -0.230967 -0.113951
-0.237244 -0.117675 -0.129801 -0.226118 -0.231316 -0.12105
-0.237406 -0.125236 -0.137427 -0.226744 -0.231405 -0.129404
-0.237498 -0.133438 -0.145607 -0.227275 -0.23135 -0.137752
-0.237328 -0.142118 -0.153886 -0.227644 -0.231217 -0.14617
-0.237145 -0.150972 -0.162042 -0.227874 -0.230917 -0.154381
-0.237006 -0.159515 -0.169896 -0.227715 -0.230437 -0.162439
-0.236037 -0.16839 -0.179623 -0.225911 -0.229392 -0.170868
-0.234482 -0.178207 -0.194215 -0.223519 -0.227732 -0.180422
-0.232718 -0.183972 -0.209122 -0.221737 -0.225991 -0.189303
-0.230724 -0.189188 -0.219162 -0.220068 -0.222975 -0.191786
-0.227433 -0.194148 -0.225477 -0.217969 -0.22001 -0.194355
-0.224728 -0.198524 -0.228795 -0.215551 -0.216727 -0.197601
-0.22186 -0.199426 -0.228394 -0.212205 -0.214222 -0.199536
-0.219062 -0.198194 -0.227361 -0.207983 -0.211752 -0.200653
-0.215731 -0.197132 -0.224629 -0.203731 -0.207645 -0.20354
-0.210643 -0.196279 -0.222134 -0.199708 -0.201811 -0.207981
-0.204497 -0.196363 -0.219951 -0.194424 -0.194957 -0.213
-0.197204 -0.197386 -0.218077 -0.187401 -0.187549 -0.219876
-0.188983 -0.19903 -0.216403 -0.17958 -0.178993 -0.219609
-0.180058 -0.201133 -0.214034 -0.171243 -0.17109 -0.218874
-0.170074 -0.20301 -0.211681 -0.162213 -0.162245 -0.218758
-0.159732 -0.20412 -0.211154 -0.153433 -0.153673 -0.218827
-0.149568 -0.205423 -0.210443 -0.145096 -0.144717 -0.218565
-0.140496 -0.20795 -0.213066 -0.137876 -0.135583 -0.219161
-0.131427 -0.211286 -0.215596 -0.131201 -0.126206 -0.22032
-0.123493 -0.213457 -0.21447 -0.125431 -0.117336 -0.221488
-0.116867 -0.216411 -0.215084 -0.120347 -0.110134 -0.221179
-0.111691 -0.217624 -0.215846 -0.115162 -0.104538 -0.220978
-0.10758 -0.218328 -0.21502 -0.110578 -0.100647 -0.220573
-0.10487 -0.218496 -0.215414 -0.107481 -0.0971253 -0.221021
-0.103266 -0.2183 -0.21605 -0.105934 -0.0951749 -0.222048
-0.102957 -0.218875 -0.216489 -0.105567 -0.0953443 -0.222774
-0.104145 -0.220013 -0.216162 -0.106053 -0.0972186 -0.224207
-0.106916 -0.221185 -0.215981 -0.107892 -0.100192 -0.225701
-0.111065 -0.221741 -0.216479 -0.111432 -0.104561 -0.227189
-0.116677 -0.222103 -0.217508 -0.11606 -0.10994 -0.228441
-0.123745 -0.222727 -0.218245 -0.121325 -0.116591 -0.229206
-0.131146 -0.223455 -0.218497 -0.126978 -0.124053 -0.230094
-0.138862 -0.224462 -0.218765 -0.133335 -0.132012 -0.231114
-0.146715 -0.225333 -0.21901 -0.14066 -0.140038 -0.232036
-0.154803 -0.226077 -0.219451 -0.148747 -0.14817 -0.232692
-0.162923 -0.226543 -0.220114 -0.156782 -0.156399 -0.233164
-0.170816 -0.226693 -0.220516 -0.164864 -0.164348 -0.233403
-0.17977 -0.225521 -0.218049 -0.176662 -0.173498 -0.232461
-0.187894 -0.224048 -0.215089 -0.190171 -0.183351 -0.231292
-0.191649 -0.223235 -0.21414 -0.194255 -0.190158 -0.230657
-0.196309 -0.222286 -0.213572 -0.201181 -0.193362 -0.230008
-0.201503 -0.220625 -0.21241 -0.207204 -0.197535 -0.229429
-0.20224 -0.218199 -0.210364 -0.211247 -0.201012 -0.228172
-0.203103 -0.215165 -0.207961 -0.213919 -0.202777 -0.225453
-0.203401 -0.21211 -0.205696 -0.214161 -0.204997 -0.221285
-0.203027 -0.208029 -0.202428 -0.214922 -0.207826 -0.216283
-0.20298 -0.202814 -0.196705 -0.214809 -0.209986 -0.21052
-0.203016 -0.196336 -0.189408 -0.21354 -0.210627 -0.204182
-0.202784 -0.188514 -0.181496 -0.212123 -0.211019 -0.196824
-0.203315 -0.180215 -0.173232 -0.210661 -0.211784 -0.188672
-0.203844 -0.171489 -0.164067 -0.208363 -0.212477 -0.17976
-0.204476 -0.162567 -0.154506 -0.2063 -0.213489 -0.170256
-0.205209 -0.153616 -0.145318 -0.205419 -0.214604 -0.160409
-0.206188 -0.144845 -0.136971 -0.205498 -0.215506 -0.150672
-0.207034 -0.136273 -0.129383 -0.206344 -0.216482 -0.140964
-0.207815 -0.128291 -0.123114 -0.209394 -0.217296 -0.132169
-0.20826 -0.120744 -0.117696 -0.211232 -0.217909 -0.124079
-0.208021 -0.114263 -0.113046 -0.211011 -0.2177 -0.117475
-0.208221 -0.108697 -0.109072 -0.212137 -0.217706 -0.111601
-0.208462 -0.103772 -0.106387 -0.213231 -0.217458 -0.106956
-0.208639 -0.100059 -0.104567 -0.214632 -0.217715 -0.103937
-0.20862 -0.097674 -0.103221 -0.216289 -0.218059 -0.102627
-0.208957 -0.0968226 -0.102744 -0.218028 -0.218148 -0.102912
-0.209687 -0.0975262 -0.103578 -0.219345 -0.21859 -0.104495
-0.210692 -0.099443 -0.105437 -0.220647 -0.219289 -0.106698
-0.211625 -0.102799 -0.108416 -0.222179 -0.220161 -0.109935
-0.212672 -0.107416 -0.112411 -0.223783 -0.221144 -0.114581
-0.213538 -0.113212 -0.117438 -0.225457 -0.221874 -0.120885
-0.21422 -0.120064 -0.123607 -0.226977 -0.222356 -0.128267
-0.214817 -0.126576 -0.130531 -0.228592 -0.222865 -0.136549
-0.215364 -0.132538 -0.138196 -0.229979 -0.223147 -0.144924
-0.215967 -0.139408 -0.146126 -0.231328 -0.223364 -0.153287
-0.21637 -0.143167 -0.153857 -0.232656 -0.223701 -0.161373
-0.216889 -0.146247 -0.161057 -0.233923 -0.223629 -0.169392
-0.215932 -0.1518 -0.172752 -0.232833 -0.22185 -0.178572
-0.214859 -0.158073 -0.190769 -0.231695 -0.219546 -0.185801
-0.213429 -0.163668 -0.2073 -0.231103 -0.217333 -0.189813
-0.211985 -0.1659 -0.218024 -0.230566 -0.215682 -0.193216
-0.209341 -0.167125 -0.227049 -0.229832 -0.21348 -0.196803
-0.207548 -0.167369 -0.230413 -0.228143 -0.210813 -0.200609
-0.205939 -0.165166 -0.230747 -0.22532 -0.20876 -0.202603
-0.20335 -0.16425 -0.231122 -0.221218 -0.205711 -0.204351
-0.198801 -0.165502 -0.23057 -0.216378 -0.201542 -0.207815
-0.192875 -0.168984 -0.229507 -0.210546 -0.196008 -0.212643
-0.187153 -0.169354 -0.228189 -0.205517 -0.190409 -0.212784
-0.178258 -0.169972 -0.227041 -0.198656 -0.182145 -0.214094
-0.167641 -0.172001 -0.226271 -0.190304 -0.174156 -0.215403
-0.157195 -0.173923 -0.225027 -0.181205 -0.165753 -0.216021
-0.148124 -0.175175 -0.224352 -0.171181 -0.156595 -0.216725
-0.139328 -0.17677 -0.223712 -0.161144 -0.147166 -0.217273
-0.130415 -0.17864 -0.223622 -0.151745 -0.137591 -0.217711
-0.121423 -0.180204 -0.224177 -0.143158 -0.127878 -0.218223
-0.112777 -0.181848 -0.225158 -0.135337 -0.118847 -0.218738
-0.104051 -0.184104 -0.226316 -0.128273 -0.110664 -0.21941
-0.0964518 -0.186591 -0.227019 -0.122798 -0.103624 -0.220037
-0.0903272 -0.189878 -0.228236 -0.118409 -0.0981113 -0.22088
-0.0859537 -0.194398 -0.229467 -0.114891 -0.094285 -0.221439
-0.0837547 -0.197484 -0.230855 -0.112021 -0.0918621 -0.222035
-0.0824824 -0.201159 -0.232215 -0.109686 -0.090703 -0.222922
-0.0828399 -0.207154 -0.232848 -0.108821 -0.0906541 -0.2239
-0.0841539 -0.212918 -0.233187 -0.109866 -0.0919004 -0.225348
-0.0864563 -0.215676 -0.233418 -0.112391 -0.0949833 -0.226397
-0.0909355 -0.217285 -0.233353 -0.115969 -0.099268 -0.227247
-0.0965952 -0.217902 -0.233232 -0.120578 -0.104087 -0.228643
-0.103404 -0.219 -0.233804 -0.126289 -0.110411 -0.22896
-0.110741 -0.220051 -0.234111 -0.132587 -0.118153 -0.228516
-0.118935 -0.220626 -0.234299 -0.139493 -0.126367 -0.228131
-0.127341 -0.22051 -0.23472 -0.14667 -0.134977 -0.227742
-0.135559 -0.220226 -0.23503 -0.154081 -0.14323 -0.227281
-0.143445 -0.220166 -0.235272 -0.161617 -0.151379 -0.226818
-0.15117 -0.220099 -0.235369 -0.169512 -0.159155 -0.226305
-0.160318 -0.21899 -0.23273 -0.18131 -0.168301 -0.22498
-0.174396 -0.216977 -0.228929 -0.198572 -0.18138 -0.223383
-0.1847 -0.216186 -0.227199 -0.200208 -0.188831 -0.222401
-0.193668 -0.215232 -0.225381 -0.200933 -0.192164 -0.2216
-0.202485 -0.213529 -0.222603 -0.201335 -0.196556 -0.220404
-0.207798 -0.210295 -0.22028 -0.200317 -0.200038 -0.219273
-0.215005 -0.206831 -0.217514 -0.198315 -0.203104 -0.216746
-0.220165 -0.202698 -0.21484 -0.196336 -0.203771 -0.212965
-0.222995 -0.198349 -0.211398 -0.194735 -0.204313 -0.20853
-0.224463 -0.192882 -0.206294 -0.192888 -0.204313 -0.203144
-0.225249 -0.186713 -0.199507 -0.191204 -0.203865 -0.196672
-0.226637 -0.179541 -0.191881 -0.190119 -0.203917 -0.18914
-0.229432 -0.171394 -0.183472 -0.189407 -0.203997 -0.180765
-0.229847 -0.162171 -0.174769 -0.188799 -0.204156 -0.171669
-0.230346 -0.15325 -0.16567 -0.18816 -0.204704 -0.161861
-0.231228 -0.143676 -0.156188 -0.187896 -0.205855 -0.152034
-0.231862 -0.134302 -0.147426 -0.188264 -0.206803 -0.142371
-0.232675 -0.125104 -0.138909 -0.189023 -0.207892 -0.133232
-0.233936 -0.116482 -0.131333 -0.190315 -0.209032 -0.124692
-0.234998 -0.108381 -0.124857 -0.192053 -0.210557 -0.116996
-0.236141 -0.101184 -0.119341 -0.194319 -0.211883 -0.11008
-0.236883 -0.0953634 -0.114737 -0.196782 -0.213025 -0.104118
-0.237697 -0.0911666 -0.111039 -0.199041 -0.21426 -0.0993588
-0.238562 -0.0883925 -0.108519 -0.201529 -0.215511 -0.0959448
-0.239524 -0.0868864 -0.107545 -0.203875 -0.216985 -0.0944353
-0.240567 -0.0865575 -0.107572 -0.206137 -0.218483 -0.0940437
-0.241615 -0.0875984 -0.108701 -0.20807 -0.220058 -0.0953075
-0.242635 -0.090258 -0.111482 -0.209684 -0.221259 -0.0981697
-0.243748 -0.0944597 -0.115603 -0.211438 -0.222538 -0.102283
-0.244679 -0.099947 -0.120565 -0.212922 -0.223517 -0.107621
-0.245161 -0.106725 -0.126791 -0.214583 -0.224326 -0.114122
-0.245469 -0.114066 -0.133951 -0.215951 -0.224893 -0.121734
-0.245606 -0.121935 -0.141916 -0.217066 -0.225421 -0.130208
-0.245834 -0.130084 -0.150132 -0.217946 -0.225785 -0.138824
-0.245822 -0.138448 -0.158571 -0.218697 -0.226217 -0.147241
-0.245812 -0.146953 -0.166542 -0.219164 -0.226523 -0.155439
-0.245552 -0.155303 -0.174244 -0.219387 -0.226603 -0.163414
-0.243812 -0.165223 -0.186086 -0.217076 -0.225103 -0.17257
-0.242283 -0.176739 -0.202084 -0.215327 -0.22398 -0.182695
-0.240938 -0.188589 -0.21553 -0.213421 -0.222704 -0.192126
-0.239896 -0.190226 -0.221615 -0.210814 -0.221042 -0.200411
-0.237035 -0.190571 -0.22694 -0.208622 -0.218139 -0.203658
-0.233535 -0.191788 -0.233166 -0.206794 -0.21356 -0.204543
-0.228731 -0.19215 -0.235398 -0.204834 -0.208579 -0.205637
-0.224118 -0.192108 -0.237974 -0.20216 -0.20319 -0.205739
-0.219314 -0.191446 -0.238746 -0.198072 -0.198293 -0.204941
-0.214628 -0.190475 -0.237258 -0.192014 -0.193634 -0.203671
-0.208898 -0.190239 -0.236261 -0.184552 -0.18824 -0.202593
-0.201949 -0.190685 -0.235392 -0.177003 -0.181545 -0.202448
-0.193641 -0.19123 -0.23427 -0.168726 -0.173441 -0.202887
-0.184433 -0.191802 -0.2341 -0.160008 -0.16433 -0.203814
-0.174792 -0.192743 -0.234188 -0.151374 -0.155001 -0.20534
-0.165179 -0.194068 -0.234366 -0.142829 -0.145215 -0.207117
-0.155812 -0.195595 -0.23463 -0.135159 -0.13528 -0.209959
-0.14701 -0.196746 -0.235383 -0.128208 -0.125788 -0.21441
-0.138676 -0.197327 -0.236432 -0.121958 -0.11672 -0.219837
-0.130785 -0.1978 -0.236944 -0.116324 -0.108312 -0.223448
-0.123292 -0.198723 -0.237124 -0.111615 -0.101219 -0.226439
-0.11667 -0.200048 -0.237371 -0.107762 -0.0955845 -0.230654
-0.112538 -0.200918 -0.237895 -0.104666 -0.0916305 -0.23735
-0.110931 -0.201204 -0.238558 -0.101948 -0.0893093 -0.241847
-0.110601 -0.201975 -0.238662 -0.100091 -0.0877556 -0.242104
-0.111107 -0.202955 -0.238076 -0.100051 -0.0890906 -0.242716
-0.112862 -0.204039 -0.237445 -0.100795 -0.0911463 -0.243852
-0.116151 -0.20458 -0.237651 -0.102848 -0.0948825 -0.244321
-0.120894 -0.205079 -0.237161 -0.10618 -0.10001 -0.244644
-0.127138 -0.205656 -0.237027 -0.110503 -0.106669 -0.24443
-0.134466 -0.205895 -0.237316 -0.115714 -0.114068 -0.244157
-0.142821 -0.206081 -0.237324 -0.121498 -0.122105 -0.244204
-0.151391 -0.20647 -0.237346 -0.128246 -0.130308 -0.244009
-0.159681 -0.206737 -0.236938 -0.135867 -0.138669 -0.244004
-0.167767 -0.207221 -0.236505 -0.144587 -0.146994 -0.244006
-0.175598 -0.207606 -0.236386 -0.153253 -0.155196 -0.243825
-0.182932 -0.207433 -0.236068 -0.161479 -0.163279 -0.243035
-0.188252 -0.206206 -0.233014 -0.174409 -0.173899 -0.241445
-0.193606 -0.205171 -0.231191 -0.18788 -0.184614 -0.23985
-0.196534 -0.203583 -0.231305 -0.201155 -0.189229 -0.238286
-0.200195 -0.200924 -0.230932 -0.211397 -0.194289 -0.23605
-0.202529 -0.198669 -0.22982 -0.212298 -0.198542 -0.233595
-0.204479 -0.19716 -0.227639 -0.212413 -0.199437 -0.23201
-0.207171 -0.195007 -0.223762 -0.212601 -0.199007 -0.230366
-0.208815 -0.191986 -0.219997 -0.211912 -0.197011 -0.226955
-0.210465 -0.187494 -0.215643 -0.21043 -0.195981 -0.222159
-0.211544 -0.181724 -0.210303 -0.208769 -0.195762 -0.216005
-0.214116 -0.175108 -0.203415 -0.207513 -0.195875 -0.208929
-0.217514 -0.16716 -0.195053 -0.207443 -0.196147 -0.201295
-0.219061 -0.158547 -0.186026 -0.207035 -0.196002 -0.192887
-0.220348 -0.149341 -0.176364 -0.206664 -0.196344 -0.184
-0.221412 -0.139948 -0.166446 -0.206486 -0.19696 -0.174736
-0.222424 -0.130301 -0.156989 -0.206909 -0.197863 -0.165316
-0.223924 -0.120838 -0.147921 -0.207822 -0.198867 -0.156044
-0.225674 -0.111679 -0.139381 -0.20887 -0.200013 -0.147245
-0.227179 -0.103019 -0.131627 -0.210234 -0.201371 -0.139057
-0.22874 -0.0950205 -0.125288 -0.211888 -0.202727 -0.131909
-0.230454 -0.0878872 -0.119939 -0.213515 -0.204112 -0.125745
-0.232335 -0.0818408 -0.1154 -0.215111 -0.205676 -0.120344
-0.234297 -0.0772764 -0.111687 -0.216782 -0.207129 -0.115888
-0.236061 -0.074142 -0.109202 -0.218398 -0.208778 -0.112609
-0.237766 -0.0725556 -0.108282 -0.220037 -0.210391 -0.111203
-0.239464 -0.0728555 -0.10835 -0.221583 -0.211774 -0.111617
-0.240815 -0.0747738 -0.109701 -0.222794 -0.212943 -0.113281
-0.242351 -0.0781397 -0.112687 -0.223929 -0.214083 -0.115982
-0.243689 -0.082621 -0.116815 -0.224916 -0.21508 -0.119783
-0.244628 -0.0882138 -0.122066 -0.226017 -0.215906 -0.124934
-0.245304 -0.0945394 -0.128548 -0.226847 -0.216531 -0.131403
-0.24592 -0.10185 -0.135746 -0.227773 -0.216944 -0.13887
-0.24622 -0.109526 -0.143572 -0.228502 -0.21721 -0.147425
-0.246582 -0.117793 -0.15164 -0.229036 -0.217323 -0.155951
-0.246766 -0.126139 -0.159829 -0.229244 -0.217401 -0.164422
-0.246959 -0.134552 -0.167887 -0.229253 -0.217636 -0.172592
-0.246901 -0.142954 -0.176098 -0.228521 -0.217408 -0.18063
-0.245967 -0.153324 -0.188991 -0.226009 -0.215645 -0.185725
-0.24414 -0.165722 -0.204496 -0.225136 -0.213001 -0.186785
-0.241252 -0.178744 -0.216536 -0.224362 -0.211183 -0.187145
-0.238325 -0.191136 -0.224553 -0.222847 -0.208962 -0.187391
-0.236217 -0.201715 -0.22694 -0.221002 -0.207061 -0.186734
-0.234272 -0.203458 -0.226927 -0.218693 -0.207054 -0.184315
-0.230617 -0.204205 -0.225735 -0.215421 -0.20482 -0.183035
-0.227165 -0.205464 -0.22298 -0.211919 -0.200487 -0.182251
-0.222386 -0.206061 -0.221001 -0.208382 -0.194444 -0.183393
-0.216566 -0.207411 -0.220323 -0.202823 -0.188136 -0.184287
-0.20951 -0.207777 -0.219206 -0.195845 -0.181618 -0.18471
-0.202136 -0.20937 -0.218657 -0.187625 -0.174374 -0.185425
-0.193772 -0.210204 -0.217996 -0.178587 -0.166107 -0.18616
-0.184831 -0.211111 -0.218052 -0.169063 -0.157184 -0.187247
-0.175422 -0.211697 -0.21851 -0.159572 -0.147479 -0.18843
-0.165581 -0.212455 -0.218997 -0.150557 -0.137495 -0.189764
-0.155722 -0.213598 -0.219373 -0.142408 -0.127248 -0.191236
-0.146161 -0.215126 -0.219863 -0.135123 -0.11731 -0.193111
-0.13715 -0.216453 -0.220549 -0.12869 -0.1078 -0.195192
-0.129093 -0.217625 -0.221654 -0.122947 -0.0993751 -0.197046
-0.122331 -0.218484 -0.222972 -0.117984 -0.0924298 -0.199075
-0.116987 -0.219145 -0.224738 -0.113792 -0.0870253 -0.20095
-0.113053 -0.220045 -0.227061 -0.110115 -0.0836913 -0.202626
-0.110929 -0.220537 -0.229878 -0.10722 -0.0817146 -0.204398
-0.110083 -0.22118 -0.235307 -0.105273 -0.0809652 -0.206216
-0.110914 -0.222142 -0.236858 -0.10438 -0.0815878 -0.208192
-0.113473 -0.222479 -0.237565 -0.105396 -0.0840715 -0.20977
-0.117412 -0.222373 -0.238696 -0.107627 -0.0879442 -0.210796
-0.122592 -0.222395 -0.239214 -0.111243 -0.0933571 -0.211415
-0.128961 -0.222674 -0.238936 -0.115996 -0.0995523 -0.211936
-0.13586 -0.222637 -0.239082 -0.121887 -0.106332 -0.212409
-0.143437 -0.222531 -0.239209 -0.128525 -0.114073 -0.212927
-0.15121 -0.222551 -0.239216 -0.135855 -0.122258 -0.213461
-0.159219 -0.222499 -0.239215 -0.144164 -0.130542 -0.21376
-0.167534 -0.222174 -0.239042 -0.152833 -0.138833 -0.213872
-0.175746 -0.221682 -0.23908 -0.16098 -0.146835 -0.213797
-0.183894 -0.22073 -0.238405 -0.169116 -0.154723 -0.213236
-0.193745 -0.218787 -0.234295 -0.182062 -0.165546 -0.211637
-0.202627 -0.217582 -0.231023 -0.195306 -0.178375 -0.210493
-0.204605 -0.216806 -0.23001 -0.206765 -0.188249 -0.209359
-0.207491 -0.215189 -0.22878 -0.218481 -0.195038 -0.206602
-0.210145 -0.211497 -0.227688 -0.228986 -0.203071 -0.202334
-0.212058 -0.207439 -0.226112 -0.232157 -0.208795 -0.198351
-0.212038 -0.203825 -0.222374 -0.232076 -0.212615 -0.195114
-0.212681 -0.200082 -0.216935 -0.231444 -0.212092 -0.191608
-0.213289 -0.195548 -0.212174 -0.229714 -0.211514 -0.188142
-0.212661 -0.190113 -0.207732 -0.226335 -0.212225 -0.183007
-0.211904 -0.184112 -0.20227 -0.223187 -0.215189 -0.175805
-0.210973 -0.17702 -0.195429 -0.220585 -0.217829 -0.167451
-0.210516 -0.16913 -0.187103 -0.218 -0.21819 -0.159244
-0.21061 -0.160174 -0.177589 -0.21594 -0.218118 -0.151211
-0.210699 -0.151232 -0.16781 -0.214459 -0.218413 -0.142799
-0.210576 -0.142043 -0.157797 -0.214034 -0.218888 -0.134063
-0.210735 -0.132901 -0.148616 -0.213956 -0.219553 -0.125316
-0.211406 -0.12416 -0.140045 -0.214426 -0.220024 -0.116802
-0.212163 -0.116357 -0.132565 -0.21544 -0.220725 -0.108391
-0.212701 -0.109277 -0.12608 -0.216665 -0.221465 -0.100386
-0.213514 -0.102936 -0.120988 -0.218291 -0.222251 -0.0933341
-0.214374 -0.0977446 -0.116598 -0.219764 -0.223279 -0.0872649
-0.215557 -0.0932558 -0.112908 -0.221274 -0.224315 -0.0827091
-0.216761 -0.0899504 -0.110519 -0.222839 -0.22565 -0.0798182
-0.218005 -0.0880794 -0.109781 -0.224463 -0.226887 -0.0788053
-0.219272 -0.0879649 -0.109877 -0.225811 -0.228093 -0.078986
-0.220634 -0.0895455 -0.111453 -0.227106 -0.229353 -0.080722
-0.221741 -0.0927814 -0.114662 -0.228376 -0.230212 -0.0839249
-0.222679 -0.0971993 -0.118885 -0.229635 -0.230864 -0.0883319
-0.223433 -0.102841 -0.124111 -0.230929 -0.231282 -0.0940132
-0.223869 -0.109503 -0.130657 -0.232093 -0.231498 -0.100733
-0.224266 -0.116831 -0.138094 -0.233031 -0.231534 -0.108366
-0.224566 -0.124882 -0.146351 -0.233875 -0.231552 -0.11637
-0.224781 -0.132945 -0.154486 -0.234498 -0.231655 -0.12459
-0.225038 -0.141352 -0.162705 -0.23476 -0.231881 -0.132995
-0.225314 -0.149572 -0.1709 -0.234987 -0.232139 -0.141322
-0.225349 -0.157942 -0.179169 -0.234401 -0.231965 -0.149594
-0.223998 -0.168001 -0.192049 -0.23181 -0.230757 -0.159936
-0.222714 -0.176052 -0.207538 -0.230329 -0.229327 -0.171351
-0.220388 -0.176108 -0.220139 -0.228957 -0.226965 -0.182537
-0.218609 -0.176845 -0.223958 -0.22712 -0.223639 -0.193875
-0.217681 -0.176214 -0.224624 -0.225313 -0.219796 -0.194497
-0.215589 -0.175529 -0.224365 -0.223745 -0.216334 -0.194047
-0.212459 -0.175483 -0.223238 -0.221238 -0.214563 -0.193792
-0.208544 -0.175515 -0.221733 -0.21809 -0.21107 -0.194149
-0.203224 -0.17587 -0.221231 -0.213638 -0.206621 -0.194501
-0.1972 -0.176973 -0.220801 -0.207825 -0.200863 -0.195317
-0.189972 -0.178555 -0.220557 -0.200861 -0.194332 -0.196029
-0.181968 -0.181564 -0.221007 -0.192854 -0.186578 -0.19728
-0.173176 -0.183854 -0.220822 -0.184041 -0.177831 -0.198136
-0.164087 -0.186157 -0.220924 -0.174591 -0.168467 -0.199188
-0.154709 -0.188543 -0.221686 -0.164823 -0.158818 -0.200333
-0.145032 -0.1911 -0.222617 -0.155206 -0.148839 -0.201562
-0.135369 -0.193516 -0.223748 -0.146407 -0.138931 -0.202749
-0.125879 -0.196493 -0.225026 -0.138442 -0.129405 -0.204269
-0.117032 -0.200442 -0.22609 -0.131648 -0.120342 -0.206042
-0.108889 -0.205928 -0.227303 -0.125786 -0.11213 -0.207884
-0.103109 -0.21068 -0.228156 -0.121499 -0.106507 -0.209329
-0.0969695 -0.214795 -0.229288 -0.116684 -0.100534 -0.211096
-0.0925672 -0.218656 -0.230653 -0.112617 -0.0959926 -0.212698
-0.0902705 -0.223868 -0.231725 -0.109414 -0.0932552 -0.213954
-0.0896043 -0.230333 -0.23273 -0.107366 -0.0925142 -0.214879
-0.090126 -0.23448 -0.233549 -0.106614 -0.0936738 -0.215214
-0.0915051 -0.235699 -0.233314 -0.107552 -0.0959869 -0.216049
-0.0954593 -0.237729 -0.232816 -0.110108 -0.0990017 -0.216989
-0.0997603 -0.238363 -0.232732 -0.114296 -0.103896 -0.218361
-0.105654 -0.239077 -0.232928 -0.119699 -0.110297 -0.218808
-0.11254 -0.239705 -0.232801 -0.125913 -0.118174 -0.218626
-0.120381 -0.239974 -0.23284 -0.132476 -0.126982 -0.218303
-0.128643 -0.239905 -0.232999 -0.139406 -0.135616 -0.217676
-0.137179 -0.239585 -0.233073 -0.146926 -0.144168 -0.217283
-0.14533 -0.238977 -0.233069 -0.154859 -0.152469 -0.216986
-0.153139 -0.238392 -0.232694 -0.163047 -0.160386 -0.21692
-0.16067 -0.237451 -0.232114 -0.171811 -0.168149 -0.216625
-0.169793 -0.236028 -0.228811 -0.18471 -0.177856 -0.214778
-0.181203 -0.23494 -0.225641 -0.19843 -0.189451 -0.213341
-0.19105 -0.234863 -0.223026 -0.198844 -0.196509 -0.212627
-0.192187 -0.23432 -0.221066 -0.198072 -0.197369 -0.211689
-0.194326 -0.232196 -0.219671 -0.196389 -0.198923 -0.209749
-0.195488 -0.229118 -0.219317 -0.194711 -0.200453 -0.207372
-0.196546 -0.226336 -0.217598 -0.193714 -0.201642 -0.204743
-0.197775 -0.222622 -0.213962 -0.192751 -0.202511 -0.201532
-0.198619 -0.217842 -0.209021 -0.19252 -0.203453 -0.197144
-0.199077 -0.212017 -0.202864 -0.192389 -0.204507 -0.191403
-0.19964 -0.205171 -0.195658 -0.192281 -0.206872 -0.184417
-0.200724 -0.197341 -0.187615 -0.193077 -0.211808 -0.176285
-0.202167 -0.188709 -0.179219 -0.193289 -0.216888 -0.16729
-0.203374 -0.179457 -0.170257 -0.193485 -0.223401 -0.157724
-0.204569 -0.169826 -0.160945 -0.193638 -0.228091 -0.148015
-0.206354 -0.159966 -0.152287 -0.193679 -0.229885 -0.138344
-0.210058 -0.149957 -0.143945 -0.193733 -0.231708 -0.129179
-0.21362 -0.140639 -0.136432 -0.194197 -0.233172 -0.120405
-0.216306 -0.132198 -0.129707 -0.194976 -0.234751 -0.112205
-0.218243 -0.124463 -0.123368 -0.19627 -0.235662 -0.10483
-0.21948 -0.118252 -0.11807 -0.197337 -0.236497 -0.0981955
-0.220454 -0.112815 -0.113711 -0.198596 -0.237411 -0.0922374
-0.22129 -0.108916 -0.110414 -0.199668 -0.238369 -0.0870962
-0.222166 -0.106501 -0.107871 -0.20087 -0.239424 -0.0835863
-0.223048 -0.10505 -0.106709 -0.202277 -0.240354 -0.0822116
-0.224602 -0.104835 -0.106429 -0.203099 -0.24128 -0.0825448
-0.226285 -0.106066 -0.107621 -0.203706 -0.242197 -0.0842675
-0.227804 -0.108648 -0.110343 -0.204348 -0.243189 -0.0873889
-0.228942 -0.11252 -0.114387 -0.205166 -0.244193 -0.0917885
-0.230069 -0.117719 -0.119411 -0.206001 -0.244648 -0.0973218
-0.231091 -0.124252 -0.125343 -0.207007 -0.244826 -0.104048
-0.231776 -0.131963 -0.132146 -0.207837 -0.244655 -0.111573
-0.232107 -0.140185 -0.139533 -0.208731 -0.244427 -0.119485
-0.23261 -0.148562 -0.147585 -0.209488 -0.244073 -0.127755
-0.233345 -0.157007 -0.155828 -0.209963 -0.243537 -0.136248
-0.2344 -0.165193 -0.163685 -0.209991 -0.243137 -0.144339
-0.23541 -0.173168 -0.171955 -0.209442 -0.24234 -0.152383
-0.234971 -0.18196 -0.186072 -0.20673 -0.240492 -0.162159
-0.23425 -0.190977 -0.203624 -0.205128 -0.23875 -0.172418
-0.233476 -0.193936 -0.218695 -0.203247 -0.23692 -0.182057
-0.231732 -0.194041 -0.225018 -0.200799 -0.23411 -0.191548
-0.230315 -0.193123 -0.227089 -0.198252 -0.230755 -0.199374
-0.227976 -0.190881 -0.228318 -0.195175 -0.22797 -0.205631
-0.225217 -0.189692 -0.22928 -0.19135 -0.2251 -0.210334
-0.221859 -0.188845 -0.22864 -0.18806 -0.222114 -0.209398
-0.215982 -0.189406 -0.230485 -0.184464 -0.216115 -0.209519
-0.207706 -0.190944 -0.234219 -0.180743 -0.209392 -0.210317
-0.199484 -0.192147 -0.234061 -0.174941 -0.201722 -0.211115
-0.191546 -0.191854 -0.23764 -0.167313 -0.193782 -0.210937
-0.183544 -0.192712 -0.237566 -0.158557 -0.186316 -0.209361
-0.175524 -0.193272 -0.233975 -0.149781 -0.179135 -0.207477
-0.166947 -0.193754 -0.231845 -0.141271 -0.170714 -0.20583
-0.15772 -0.194005 -0.231291 -0.133426 -0.161478 -0.204618
-0.148298 -0.194329 -0.229879 -0.126696 -0.152127 -0.20394
-0.139013 -0.194733 -0.229538 -0.120781 -0.142603 -0.203517
-0.130214 -0.195774 -0.229198 -0.115678 -0.13424 -0.203535
-0.122146 -0.196893 -0.228898 -0.111644 -0.12663 -0.203991
-0.114994 -0.198408 -0.229555 -0.108742 -0.119848 -0.20455
-0.108974 -0.199668 -0.230421 -0.106106 -0.114434 -0.205528
-0.104119 -0.201326 -0.231469 -0.103494 -0.1105 -0.206668
-0.10107 -0.202803 -0.23237 -0.101127 -0.108202 -0.207884
-0.099909 -0.204018 -0.233716 -0.0991254 -0.107292 -0.209158
-0.099917 -0.205689 -0.234964 -0.0978445 -0.107985 -0.210384
-0.101656 -0.207785 -0.235814 -0.0973 -0.110063 -0.211654
-0.104892 -0.210133 -0.236207 -0.0976628 -0.113453 -0.213028
-0.109124 -0.212232 -0.236901 -0.0995422 -0.117881 -0.214344
-0.114524 -0.214014 -0.237328 -0.103149 -0.123706 -0.215811
-0.120944 -0.215452 -0.238452 -0.10791 -0.130503 -0.217189
-0.128293 -0.216941 -0.239027 -0.113114 -0.138521 -0.218021
-0.136105 -0.218303 -0.239213 -0.118929 -0.14703 -0.218741
-0.144351 -0.219599 -0.239562 -0.125376 -0.155422 -0.219424
-0.150836 -0.220537 -0.239552 -0.130757 -0.16189 -0.219986
-0.158834 -0.22135 -0.239651 -0.138517 -0.16963 -0.220673
-0.166588 -0.221664 -0.239824 -0.146775 -0.177245 -0.221071
-0.175936 -0.22065 -0.237212 -0.158286 -0.186085 -0.220156
-0.188289 -0.219946 -0.233658 -0.172488 -0.194366 -0.218802
-0.198299 -0.219229 -0.232587 -0.185246 -0.1979 -0.218027
-0.200543 -0.216358 -0.232582 -0.198481 -0.201443 -0.216781
-0.204121 -0.212599 -0.232369 -0.212611 -0.205561 -0.214
-0.207035 -0.208063 -0.231773 -0.227368 -0.208205 -0.210498
-0.209494 -0.203337 -0.229753 -0.235284 -0.209246 -0.20617
-0.210463 -0.200259 -0.225177 -0.236487 -0.208214 -0.202312
-0.211137 -0.197426 -0.218411 -0.237629 -0.206882 -0.198913
-0.209299 -0.192708 -0.211697 -0.236151 -0.206557 -0.194014
-0.208435 -0.186628 -0.206298 -0.23336 -0.205256 -0.187127
-0.208575 -0.178929 -0.200436 -0.230275 -0.205517 -0.178789
-0.209041 -0.17032 -0.193721 -0.227434 -0.20678 -0.170035
-0.209925 -0.159543 -0.182914 -0.225714 -0.211065 -0.15939
-0.210058 -0.151007 -0.171922 -0.225277 -0.215505 -0.150625
-0.209661 -0.144135 -0.162718 -0.225651 -0.215684 -0.143228
-0.209852 -0.132931 -0.149874 -0.22525 -0.21533 -0.133166
-0.210114 -0.123614 -0.141438 -0.224906 -0.215836 -0.124355
-0.210321 -0.115007 -0.135215 -0.225547 -0.217113 -0.115963
-0.211137 -0.107214 -0.130161 -0.225536 -0.21862 -0.108104
-0.212762 -0.100389 -0.125413 -0.226292 -0.220096 -0.101282
-0.213877 -0.0949136 -0.120912 -0.227399 -0.221149 -0.0956157
-0.214653 -0.0910674 -0.117012 -0.228739 -0.221972 -0.0912883
-0.215256 -0.0885933 -0.114328 -0.230598 -0.222574 -0.0883084
-0.216031 -0.0875045 -0.112965 -0.232058 -0.22306 -0.086982
-0.21716 -0.0877022 -0.112809 -0.233285 -0.224104 -0.0872769
-0.218625 -0.0889657 -0.114621 -0.234109 -0.225297 -0.0883431
-0.219942 -0.0915854 -0.118179 -0.234838 -0.226902 -0.0907503
-0.221095 -0.0953993 -0.122072 -0.235734 -0.228356 -0.0943707
-0.222054 -0.100698 -0.126668 -0.236594 -0.229415 -0.0994819
-0.222721 -0.107161 -0.132361 -0.237586 -0.230328 -0.106046
-0.223294 -0.114665 -0.139129 -0.238394 -0.230635 -0.113373
-0.223821 -0.122777 -0.146656 -0.239148 -0.230985 -0.121113
-0.224135 -0.131149 -0.154615 -0.239649 -0.231371 -0.128973
-0.224511 -0.139442 -0.162585 -0.239992 -0.231889 -0.137191
-0.224716 -0.147633 -0.170471 -0.240284 -0.232203 -0.145474
-0.22471 -0.155913 -0.178665 -0.239987 -0.232459 -0.153961
-0.223505 -0.165385 -0.191306 -0.237657 -0.231452 -0.164337
-0.222023 -0.176336 -0.206813 -0.235898 -0.230415 -0.175904
-0.220549 -0.187247 -0.217005 -0.234236 -0.229128 -0.186624
-0.219766 -0.198349 -0.222532 -0.231665 -0.228034 -0.197409
-0.218572 -0.208467 -0.22739 -0.228229 -0.227041 -0.207593
-0.21623 -0.217752 -0.230082 -0.223592 -0.225251 -0.216889
-0.21289 -0.222493 -0.231149 -0.218484 -0.222103 -0.226024
-0.2073 -0.221336 -0.228305 -0.21328 -0.217237 -0.235418
-0.202238 -0.220502 -0.224743 -0.208284 -0.209981 -0.243151
-0.195685 -0.218854 -0.221949 -0.203701 -0.201016 -0.243494
-0.187901 -0.217057 -0.221906 -0.198773 -0.192675 -0.242185
-0.180089 -0.215265 -0.219767 -0.19202 -0.184848 -0.239939
-0.171634 -0.213833 -0.218119 -0.184008 -0.177617 -0.237779
-0.163047 -0.212109 -0.216796 -0.175159 -0.170293 -0.235584
-0.154066 -0.21062 -0.21513 -0.16621 -0.161859 -0.233282
-0.144634 -0.209516 -0.214046 -0.157116 -0.152348 -0.231942
-0.134951 -0.20915 -0.213746 -0.148873 -0.142301 -0.231415
-0.125245 -0.209486 -0.213719 -0.141216 -0.132088 -0.231333
-0.116249 -0.210382 -0.21413 -0.134363 -0.122384 -0.231442
-0.108525 -0.211308 -0.215126 -0.128457 -0.113824 -0.231665
-0.10167 -0.212201 -0.216682 -0.123168 -0.106841 -0.231939
-0.0960678 -0.212922 -0.218647 -0.118543 -0.101625 -0.232281
-0.0918748 -0.213511 -0.220741 -0.114631 -0.0981729 -0.232588
-0.0895462 -0.214139 -0.222763 -0.111563 -0.0961865 -0.23283
-0.0889128 -0.21543 -0.224294 -0.10979 -0.0952811 -0.233472
-0.0897419 -0.217209 -0.225519 -0.109612 -0.0957516 -0.234272
-0.0918964 -0.218506 -0.226665 -0.111195 -0.0975368 -0.235234
-0.0956388 -0.21977 -0.227822 -0.114309 -0.101226 -0.236438
-0.100475 -0.221075 -0.229347 -0.11836 -0.106393 -0.237185
-0.106726 -0.222058 -0.230525 -0.123576 -0.112822 -0.237426
-0.113782 -0.222682 -0.231592 -0.129492 -0.120167 -0.237459
-0.121429 -0.223197 -0.232617 -0.136123 -0.128149 -0.237293
-0.129574 -0.223479 -0.233195 -0.143321 -0.135995 -0.237145
-0.137601 -0.223812 -0.233511 -0.151041 -0.143745 -0.23722
-0.14542 -0.224114 -0.23381 -0.159712 -0.151616 -0.237335
-0.152973 -0.224492 -0.233873 -0.168732 -0.159381 -0.237234
-0.160621 -0.224402 -0.233779 -0.177234 -0.16727 -0.236589
-0.17026 -0.223493 -0.230909 -0.189634 -0.17534 -0.234982
-0.182003 -0.222427 -0.228816 -0.201604 -0.184793 -0.233373
-0.190794 -0.221145 -0.227856 -0.212778 -0.187235 -0.232043
-0.195561 -0.217976 -0.227327 -0.217669 -0.188422 -0.229849
-0.199218 -0.215276 -0.226532 -0.216769 -0.188995 -0.228141
-0.202243 -0.212729 -0.223991 -0.217663 -0.188421 -0.226667
-0.20459 -0.209968 -0.220845 -0.217505 -0.18673 -0.22475
-0.207875 -0.206662 -0.216948 -0.216877 -0.185688 -0.221266
-0.208684 -0.201947 -0.212336 -0.216478 -0.185508 -0.216064
-0.209241 -0.196034 -0.206786 -0.214894 -0.18636 -0.209658
-0.209986 -0.189064 -0.20008 -0.213101 -0.18798 -0.202002
-0.210977 -0.181379 -0.192158 -0.212453 -0.190211 -0.193745
-0.21255 -0.172758 -0.182946 -0.211571 -0.191993 -0.185175
-0.214233 -0.163834 -0.17301 -0.211239 -0.193557 -0.176502
-0.215859 -0.154606 -0.163041 -0.211104 -0.195205 -0.167503
-0.217107 -0.145361 -0.153006 -0.211479 -0.197029 -0.15839
-0.21846 -0.136375 -0.144123 -0.212348 -0.198889 -0.149299
-0.220043 -0.127512 -0.136161 -0.213465 -0.200887 -0.140394
-0.221625 -0.119065 -0.12943 -0.214612 -0.202827 -0.131967
-0.22326 -0.111857 -0.123666 -0.215846 -0.204857 -0.124114
-0.225105 -0.10558 -0.118956 -0.217516 -0.206848 -0.117371
-0.226693 -0.0998628 -0.114783 -0.219222 -0.208623 -0.11208
-0.22837 -0.0954657 -0.111449 -0.220706 -0.210287 -0.107933
-0.229756 -0.0928522 -0.108879 -0.222229 -0.21199 -0.10514
-0.231102 -0.0914433 -0.107672 -0.223518 -0.213663 -0.10409
-0.232514 -0.091271 -0.107916 -0.224689 -0.215225 -0.104269
-0.233759 -0.0925467 -0.109204 -0.225765 -0.216774 -0.105743
-0.234888 -0.0952373 -0.111765 -0.22668 -0.218071 -0.108547
-0.235609 -0.0992631 -0.115355 -0.227277 -0.219265 -0.112838
-0.236038 -0.104675 -0.120373 -0.228094 -0.220197 -0.118439
-0.236476 -0.111086 -0.126572 -0.22857 -0.220803 -0.124872
-0.236725 -0.11845 -0.133745 -0.229128 -0.221109 -0.132221
-0.236893 -0.128285 -0.143149 -0.229595 -0.221412 -0.141576
-0.236736 -0.136671 -0.150978 -0.229819 -0.221537 -0.149792
-0.236458 -0.145306 -0.158939 -0.230082 -0.221609 -0.158423
-0.236258 -0.153589 -0.16663 -0.230129 -0.221598 -0.166766
-0.235458 -0.162236 -0.175592 -0.22881 -0.221039 -0.175005
-0.233648 -0.172631 -0.189786 -0.225852 -0.219748 -0.184099
-0.232481 -0.183827 -0.205746 -0.223604 -0.218239 -0.192857
-0.230867 -0.19527 -0.219526 -0.221392 -0.21643 -0.200529
-0.229125 -0.198337 -0.225181 -0.218587 -0.214194 -0.208522
-0.225825 -0.198171 -0.227082 -0.215652 -0.211303 -0.213074
-0.224425 -0.198097 -0.226999 -0.212864 -0.206628 -0.211373
-0.21979 -0.197605 -0.228127 -0.210364 -0.201709 -0.211447
-0.215149 -0.197537 -0.22837 -0.207595 -0.196086 -0.211137
-0.2099 -0.197522 -0.227087 -0.204073 -0.190739 -0.20988
-0.20492 -0.197033 -0.226579 -0.198462 -0.185542 -0.208474
-0.198809 -0.196523 -0.225916 -0.191365 -0.179802 -0.206849
-0.191524 -0.196562 -0.225172 -0.183431 -0.172637 -0.205943
-0.18311 -0.196935 -0.224234 -0.175043 -0.164168 -0.205478
-0.173561 -0.197498 -0.223704 -0.166168 -0.154946 -0.205763
-0.163551 -0.198498 -0.223647 -0.157314 -0.145275 -0.206291
-0.153392 -0.199833 -0.223879 -0.148671 -0.135352 -0.206828
-0.143337 -0.201141 -0.224081 -0.140735 -0.125783 -0.207788
-0.133879 -0.202671 -0.224772 -0.133399 -0.116911 -0.208903
-0.125394 -0.203786 -0.225575 -0.127292 -0.108981 -0.210178
-0.117622 -0.204885 -0.226447 -0.121802 -0.102074 -0.211288
-0.110906 -0.206161 -0.22749 -0.116995 -0.0961698 -0.212488
-0.105211 -0.207849 -0.228631 -0.113018 -0.0915794 -0.213842
-0.101797 -0.210453 -0.229795 -0.109791 -0.0885179 -0.215182
-0.100445 -0.214055 -0.231222 -0.107284 -0.0870054 -0.216705
-0.100423 -0.218669 -0.232539 -0.10598 -0.0873743 -0.218858
-0.101951 -0.22321 -0.233667 -0.105793 -0.0893053 -0.223665
-0.105327 -0.228338 -0.234304 -0.106531 -0.0924735 -0.229854
-0.109314 -0.230668 -0.233708 -0.10908 -0.0964541 -0.230558
-0.112857 -0.230969 -0.232967 -0.11383 -0.101073 -0.231389
-0.118525 -0.232038 -0.233856 -0.120614 -0.105965 -0.232711
-0.124732 -0.232601 -0.237389 -0.128788 -0.112122 -0.234414
-0.13234 -0.23305 -0.243975 -0.136541 -0.119293 -0.234806
-0.141123 -0.232526 -0.24318 -0.143471 -0.127651 -0.234076
-0.151109 -0.230893 -0.240898 -0.150291 -0.136863 -0.232465
-0.160812 -0.229361 -0.240405 -0.156527 -0.145772 -0.230026
-0.169365 -0.227715 -0.239335 -0.162732 -0.15397 -0.227784
-0.177124 -0.225667 -0.236041 -0.171706 -0.163142 -0.225119
-0.184971 -0.224133 -0.232775 -0.182615 -0.173697 -0.222156
-0.191428 -0.222966 -0.231405 -0.190761 -0.180225 -0.220813
-0.1966 -0.220746 -0.229394 -0.197506 -0.183953 -0.219887
-0.203172 -0.21725 -0.228248 -0.204384 -0.18805 -0.218806
-0.207953 -0.213165 -0.226597 -0.205338 -0.192411 -0.217787
-0.207834 -0.209335 -0.22448 -0.204049 -0.195923 -0.215779
-0.207956 -0.207137 -0.22176 -0.203062 -0.19871 -0.212432
-0.207631 -0.204126 -0.218787 -0.201029 -0.199778 -0.207864
-0.207873 -0.199437 -0.214457 -0.198236 -0.201645 -0.20272
-0.207937 -0.192918 -0.209193 -0.1956 -0.204348 -0.196525
-0.208503 -0.185496 -0.202684 -0.193476 -0.207465 -0.189642
-0.209775 -0.177383 -0.194524 -0.191643 -0.21225 -0.18199
-0.211029 -0.169059 -0.18459 -0.190178 -0.217538 -0.1738
-0.212226 -0.160653 -0.174113 -0.188778 -0.21908 -0.164348
-0.213649 -0.152233 -0.164 -0.18836 -0.220527 -0.155006
-0.214686 -0.143845 -0.154128 -0.188095 -0.221762 -0.145374
-0.215741 -0.13561 -0.144985 -0.188311 -0.22319 -0.136071
-0.217267 -0.127265 -0.136632 -0.189094 -0.224459 -0.127268
-0.218791 -0.119292 -0.129744 -0.190315 -0.225883 -0.119354
-0.220391 -0.112149 -0.124294 -0.191776 -0.227322 -0.112599
-0.222236 -0.105875 -0.120065 -0.193514 -0.228995 -0.106906
-0.223896 -0.101202 -0.116553 -0.195483 -0.230679 -0.102466
-0.225403 -0.0980866 -0.114352 -0.197609 -0.232175 -0.0992532
-0.226766 -0.0961469 -0.113217 -0.19969 -0.233747 -0.0977182
-0.228063 -0.0958059 -0.113218 -0.20197 -0.235035 -0.0973513
-0.229654 -0.0966164 -0.114115 -0.203968 -0.236227 -0.0981739
-0.231057 -0.0985733 -0.116571 -0.205838 -0.237345 -0.100024
-0.232405 -0.102005 -0.120089 -0.207512 -0.238059 -0.103035
-0.233689 -0.106806 -0.124325 -0.209085 -0.238939 -0.107475
-0.234646 -0.112693 -0.130074 -0.210661 -0.239628 -0.113221
-0.235584 -0.119432 -0.136869 -0.212091 -0.240017 -0.120356
-0.236388 -0.12665 -0.144449 -0.213228 -0.240347 -0.128418
-0.236931 -0.134312 -0.152359 -0.214063 -0.240588 -0.136834
-0.237479 -0.142333 -0.160535 -0.21468 -0.240884 -0.144962
-0.237937 -0.150631 -0.168587 -0.215182 -0.24101 -0.153124
-0.238283 -0.159147 -0.176209 -0.215571 -0.240974 -0.161029
-0.237606 -0.167663 -0.185343 -0.214193 -0.239823 -0.169634
-0.236204 -0.177105 -0.19995 -0.212062 -0.238121 -0.179894
-0.235074 -0.186307 -0.213954 -0.21046 -0.236395 -0.190195
-0.234388 -0.194957 -0.221865 -0.208111 -0.234842 -0.197662
-0.232539 -0.203618 -0.229094 -0.205806 -0.23248 -0.196894
-0.229081 -0.208086 -0.23302 -0.203411 -0.229731 -0.196501
-0.223247 -0.208438 -0.232779 -0.201164 -0.226929 -0.196242
-0.219804 -0.210043 -0.232057 -0.198134 -0.222572 -0.195324
-0.214938 -0.209942 -0.230945 -0.194927 -0.218433 -0.193919
-0.210547 -0.209594 -0.22957 -0.189879 -0.213511 -0.192492
-0.204728 -0.209406 -0.228124 -0.183458 -0.207631 -0.19111
-0.197803 -0.209735 -0.226729 -0.176294 -0.200547 -0.190918
-0.189396 -0.209982 -0.226468 -0.16817 -0.192395 -0.19123
-0.180321 -0.210465 -0.226039 -0.15936 -0.183509 -0.191837
-0.170882 -0.211157 -0.22566 -0.150464 -0.174105 -0.192336
-0.161011 -0.212288 -0.225706 -0.142051 -0.164503 -0.193241
-0.15116 -0.213316 -0.225891 -0.134345 -0.155001 -0.194295
-0.141357 -0.214282 -0.226581 -0.127505 -0.145338 -0.195849
-0.131908 -0.215338 -0.227256 -0.121492 -0.13614 -0.197569
-0.123287 -0.216797 -0.228114 -0.116125 -0.127571 -0.199174
-0.115847 -0.218474 -0.228868 -0.11143 -0.119941 -0.20078
-0.109789 -0.219987 -0.229774 -0.107627 -0.1132 -0.202445
-0.10515 -0.221495 -0.230831 -0.104577 -0.107997 -0.204336
-0.102431 -0.222727 -0.231813 -0.10202 -0.104716 -0.206155
-0.101321 -0.223797 -0.232618 -0.0998038 -0.103017 -0.207766
-0.102039 -0.22499 -0.233683 -0.098333 -0.103226 -0.209141
-0.104262 -0.226002 -0.23467 -0.0977743 -0.104833 -0.210704
-0.107734 -0.226819 -0.235443 -0.0982845 -0.10803 -0.212344
-0.112266 -0.227577 -0.236146 -0.100263 -0.112361 -0.213977
-0.117489 -0.228218 -0.236535 -0.10368 -0.117769 -0.21612
-0.123593 -0.228523 -0.237069 -0.108393 -0.124287 -0.219077
-0.130803 -0.22863 -0.237856 -0.113489 -0.132049 -0.223665
-0.139043 -0.228605 -0.238432 -0.119197 -0.14033 -0.226568
-0.147298 -0.228608 -0.238685 -0.126115 -0.148269 -0.226405
-0.155019 -0.228588 -0.238221 -0.134031 -0.156424 -0.226734
-0.162739 -0.228569 -0.23732 -0.143229 -0.164547 -0.22695
-0.170437 -0.2284 -0.237614 -0.151576 -0.172407 -0.226584
-0.17956 -0.227125 -0.234823 -0.16256 -0.181924 -0.224979
-0.191943 -0.225484 -0.230908 -0.176046 -0.193206 -0.223135
-0.202114 -0.224249 -0.228929 -0.188646 -0.198767 -0.22195
-0.202473 -0.221794 -0.228487 -0.201032 -0.200656 -0.219949
-0.203467 -0.219357 -0.227773 -0.200416 -0.205686 -0.216986
-0.202616 -0.217248 -0.226592 -0.199828 -0.208284 -0.214032
-0.202517 -0.215398 -0.223818 -0.200747 -0.208971 -0.211381
-0.201919 -0.212685 -0.220116 -0.200161 -0.209542 -0.208505
-0.201425 -0.208589 -0.216141 -0.199494 -0.212091 -0.20486
-0.201809 -0.203024 -0.211503 -0.198616 -0.214702 -0.20017
-0.202766 -0.196175 -0.205591 -0.197004 -0.215956 -0.193958
-0.204288 -0.188346 -0.198186 -0.195852 -0.217112 -0.186696
-0.205842 -0.180065 -0.189935 -0.194573 -0.218189 -0.178644
-0.207522 -0.171296 -0.180674 -0.19398 -0.218877 -0.169963
-0.209024 -0.162322 -0.170797 -0.193892 -0.219303 -0.160707
-0.210253 -0.153245 -0.160687 -0.194123 -0.219927 -0.151378
-0.211583 -0.144286 -0.15099 -0.194749 -0.220932 -0.14224
-0.213037 -0.135568 -0.142083 -0.195841 -0.221627 -0.133161
-0.214645 -0.127147 -0.134204 -0.197029 -0.222628 -0.124417
-0.216063 -0.11919 -0.127224 -0.198298 -0.224003 -0.116287
-0.217435 -0.111934 -0.121363 -0.199683 -0.225024 -0.108977
-0.218886 -0.105698 -0.116477 -0.201378 -0.226234 -0.102868
-0.220273 -0.100748 -0.112347 -0.203085 -0.227191 -0.0979345
-0.221583 -0.0970057 -0.109418 -0.204969 -0.228018 -0.0945813
-0.222705 -0.0946575 -0.107737 -0.206792 -0.228926 -0.0926969
-0.224063 -0.0938851 -0.107351 -0.208573 -0.229902 -0.0924288
-0.225291 -0.0949491 -0.107944 -0.210239 -0.230962 -0.0933134
-0.226628 -0.0973294 -0.110371 -0.211409 -0.232303 -0.095559
-0.228181 -0.100916 -0.114162 -0.212457 -0.233315 -0.0988699
-0.229501 -0.10563 -0.118822 -0.213389 -0.234602 -0.103568
-0.230706 -0.111482 -0.124692 -0.214247 -0.235438 -0.109526
-0.231509 -0.118519 -0.131759 -0.215434 -0.23617 -0.116914
-0.231947 -0.126391 -0.139299 -0.216548 -0.236355 -0.125153
-0.232246 -0.134657 -0.147313 -0.217643 -0.236369 -0.13374
-0.232423 -0.143267 -0.155392 -0.218305 -0.236296 -0.142141
-0.232602 -0.151681 -0.163601 -0.218773 -0.236288 -0.150284
-0.232827 -0.15964 -0.171477 -0.218852 -0.236444 -0.158115
-0.232477 -0.167473 -0.182662 -0.216847 -0.234625 -0.167713
-0.231767 -0.175235 -0.1989 -0.215221 -0.232071 -0.179677
-0.230549 -0.182856 -0.214002 -0.213828 -0.230124 -0.191907
-0.228934 -0.190677 -0.226487 -0.211639 -0.228383 -0.203937
-0.226838 -0.197442 -0.232209 -0.208679 -0.225507 -0.208988
-0.22379 -0.202958 -0.233006 -0.206094 -0.220448 -0.207829
-0.219096 -0.208369 -0.232278 -0.203358 -0.219051 -0.206695
-0.214557 -0.214502 -0.231847 -0.199413 -0.215247 -0.20574
-0.209648 -0.221334 -0.231422 -0.19507 -0.212057 -0.203823
-0.203612 -0.225156 -0.230045 -0.190057 -0.207651 -0.20205
-0.197021 -0.227167 -0.228629 -0.184473 -0.201884 -0.200598
-0.190447 -0.230714 -0.22647 -0.177405 -0.194218 -0.199103
-0.182256 -0.230423 -0.223936 -0.16926 -0.184845 -0.198163
-0.173644 -0.230167 -0.22496 -0.160816 -0.175281 -0.197157
-0.164021 -0.229736 -0.226728 -0.151931 -0.165499 -0.196546
-0.154493 -0.229138 -0.224282 -0.14359 -0.155882 -0.195541
-0.145122 -0.227837 -0.221209 -0.13584 -0.147103 -0.194205
-0.136122 -0.22772 -0.219855 -0.128711 -0.138675 -0.193526
-0.127487 -0.227267 -0.218244 -0.122428 -0.130208 -0.1929
-0.11938 -0.226608 -0.217809 -0.117015 -0.122264 -0.192928
-0.112188 -0.225955 -0.218229 -0.112385 -0.115081 -0.192979
-0.106149 -0.225611 -0.2187 -0.108692 -0.109689 -0.193236
-0.101414 -0.225633 -0.219234 -0.105717 -0.105717 -0.19361
-0.0983791 -0.225675 -0.219939 -0.103089 -0.102869 -0.194213
-0.0970357 -0.225713 -0.220911 -0.101505 -0.101418 -0.195221
-0.0970661 -0.226054 -0.221987 -0.100549 -0.101546 -0.196289
-0.0983474 -0.226563 -0.223461 -0.100142 -0.102924 -0.197539
-0.101072 -0.227033 -0.224967 -0.101329 -0.106073 -0.198853
-0.105054 -0.227538 -0.226179 -0.103803 -0.110622 -0.199921
-0.110312 -0.228352 -0.22798 -0.107493 -0.116161 -0.201464
-0.116665 -0.228971 -0.230293 -0.112289 -0.122408 -0.202753
-0.12374 -0.229671 -0.232589 -0.118232 -0.129441 -0.204103
-0.1313 -0.230507 -0.237425 -0.124645 -0.136846 -0.20574
-0.139288 -0.231142 -0.238187 -0.131661 -0.144545 -0.207122
-0.147666 -0.231029 -0.237481 -0.139058 -0.152785 -0.207769
-0.156173 -0.230896 -0.237654 -0.146468 -0.161571 -0.207949
-0.16432 -0.230598 -0.23712 -0.15425 -0.169873 -0.207479
-0.174675 -0.228905 -0.23377 -0.165337 -0.178935 -0.206323
-0.188864 -0.227244 -0.229833 -0.179052 -0.186463 -0.205046
-0.201752 -0.225669 -0.229267 -0.191065 -0.186976 -0.204114
-0.207001 -0.222362 -0.229175 -0.203936 -0.187204 -0.203138
-0.20939 -0.217638 -0.229623 -0.21056 -0.188522 -0.200495
-0.210585 -0.214587 -0.229016 -0.214759 -0.188734 -0.197898
-0.211638 -0.212544 -0.225652 -0.215513 -0.1877 -0.19528
-0.211674 -0.210597 -0.221546 -0.215575 -0.185924 -0.192433
-0.212046 -0.20738 -0.216697 -0.215101 -0.184985 -0.188237
-0.212522 -0.202777 -0.212046 -0.214353 -0.185109 -0.182484
-0.212967 -0.196537 -0.206579 -0.21397 -0.185945 -0.175718
-0.214391 -0.187489 -0.197698 -0.213442 -0.187535 -0.166586
-0.215967 -0.17914 -0.18875 -0.213424 -0.188962 -0.158182
-0.217397 -0.170436 -0.178915 -0.213548 -0.190551 -0.149225
-0.218745 -0.161288 -0.168457 -0.214179 -0.192379 -0.13971
-0.220017 -0.15187 -0.157782 -0.214791 -0.194159 -0.129844
-0.22118 -0.142402 -0.147616 -0.216053 -0.196042 -0.120108
-0.222242 -0.133169 -0.138125 -0.217456 -0.198019 -0.110662
-0.222899 -0.124428 -0.12999 -0.21908 -0.199768 -0.10184
-0.223533 -0.116346 -0.123323 -0.221027 -0.201512 -0.0937734
-0.224009 -0.109059 -0.118064 -0.222679 -0.203301 -0.0865276
-0.224503 -0.102618 -0.114003 -0.224268 -0.205148 -0.0805764
-0.225063 -0.0974864 -0.111009 -0.225825 -0.207168 -0.0760797
-0.225541 -0.0941525 -0.108967 -0.227425 -0.208898 -0.0732815
-0.225901 -0.0923509 -0.108517 -0.228968 -0.210657 -0.0723447
-0.226339 -0.0922899 -0.108763 -0.230136 -0.212239 -0.0724543
-0.226813 -0.0936028 -0.110401 -0.231272 -0.213798 -0.0739927
-0.227107 -0.0966089 -0.113632 -0.232245 -0.215114 -0.0768392
-0.227286 -0.101089 -0.118155 -0.233099 -0.216233 -0.0810596
-0.227239 -0.106738 -0.123522 -0.233942 -0.217375 -0.0864884
-0.22735 -0.113538 -0.129774 -0.234668 -0.218208 -0.0931447
-0.227087 -0.121159 -0.137077 -0.235237 -0.2188 -0.100522
-0.226767 -0.129419 -0.144896 -0.2357 -0.219381 -0.108363
-0.226553 -0.138087 -0.15307 -0.235965 -0.220112 -0.116608
-0.226489 -0.146822 -0.161124 -0.236122 -0.220557 -0.124959
-0.226355 -0.155562 -0.169046 -0.236228 -0.221043 -0.133181
-0.225577 -0.164282 -0.177049 -0.235696 -0.221164 -0.141495
-0.22352 -0.174841 -0.189743 -0.232914 -0.220043 -0.151847
-0.221556 -0.186913 -0.205665 -0.231133 -0.218822 -0.163737
-0.220209 -0.199177 -0.211735 -0.229383 -0.217663 -0.175228
-0.219881 -0.209623 -0.214456 -0.22635 -0.217687 -0.185898
-0.218675 -0.213381 -0.216357 -0.221864 -0.217424 -0.196888
-0.215142 -0.213547 -0.216196 -0.217697 -0.215532 -0.208177
-0.212454 -0.213457 -0.214236 -0.214271 -0.210368 -0.219394
-0.207345 -0.212522 -0.211191 -0.211258 -0.203639 -0.225232
-0.201876 -0.212178 -0.208783 -0.207827 -0.196235 -0.225973
-0.195454 -0.211186 -0.204374 -0.202878 -0.192082 -0.225066
-0.189151 -0.211019 -0.200462 -0.196681 -0.186049 -0.224346
-0.182223 -0.210391 -0.198303 -0.189456 -0.179371 -0.223931
-0.174244 -0.209254 -0.196035 -0.181261 -0.171202 -0.223911
-0.165527 -0.208962 -0.194519 -0.172421 -0.162023 -0.22403
-0.156457 -0.208746 -0.194084 -0.163355 -0.15211 -0.223884
-0.147121 -0.208856 -0.193939 -0.154188 -0.141824 -0.223878
-0.137556 -0.209424 -0.194396 -0.145472 -0.131452 -0.224004
-0.128077 -0.209825 -0.19557 -0.137595 -0.121501 -0.224247
-0.119419 -0.210488 -0.197792 -0.130792 -0.112432 -0.22452
-0.111671 -0.211027 -0.199861 -0.124823 -0.104449 -0.224721
-0.105123 -0.211489 -0.202006 -0.119883 -0.0974679 -0.225208
-0.099857 -0.21222 -0.204656 -0.115699 -0.0917692 -0.22608
-0.0963307 -0.213061 -0.206732 -0.112319 -0.0875968 -0.227145
-0.0947594 -0.214315 -0.208834 -0.109965 -0.0849379 -0.22857
-0.0944028 -0.215789 -0.210733 -0.109082 -0.0837886 -0.229812
-0.09512 -0.217184 -0.212631 -0.109162 -0.0843768 -0.230996
-0.0971434 -0.218439 -0.214461 -0.110332 -0.0867583 -0.23219
-0.100505 -0.219608 -0.216354 -0.11286 -0.0907615 -0.233007
-0.104967 -0.220521 -0.218321 -0.116408 -0.0959338 -0.233349
-0.110791 -0.221204 -0.219971 -0.121174 -0.102093 -0.233716
-0.117378 -0.221762 -0.221578 -0.126535 -0.108944 -0.234039
-0.124489 -0.222427 -0.222767 -0.132924 -0.116269 -0.234657
-0.132192 -0.222931 -0.223707 -0.139986 -0.124134 -0.23523
-0.140101 -0.223318 -0.224469 -0.147635 -0.132557 -0.235654
-0.147872 -0.223653 -0.225028 -0.156218 -0.141015 -0.235947
-0.155793 -0.223801 -0.225437 -0.165158 -0.14939 -0.235884
-0.163459 -0.223353 -0.22539 -0.1739 -0.157477 -0.23528
-0.17384 -0.22195 -0.221659 -0.188028 -0.167572 -0.233964
-0.186141 -0.221236 -0.218424 -0.201637 -0.179558 -0.232944
-0.195591 -0.220758 -0.216209 -0.214929 -0.188957 -0.232108
-0.203757 -0.219405 -0.214326 -0.227409 -0.190889 -0.229985
-0.205808 -0.214826 -0.213515 -0.230725 -0.192813 -0.226615
-0.209331 -0.210309 -0.212914 -0.228929 -0.194157 -0.223594
-0.210014 -0.206606 -0.209966 -0.228636 -0.193606 -0.220351
-0.209414 -0.203338 -0.206195 -0.22775 -0.192353 -0.21694
-0.208469 -0.199925 -0.201978 -0.226247 -0.192252 -0.212559
-0.207973 -0.194691 -0.196146 -0.22508 -0.194101 -0.20684
-0.208041 -0.187987 -0.189318 -0.223674 -0.195266 -0.199781
-0.209034 -0.179801 -0.182084 -0.222776 -0.196694 -0.191896
-0.210274 -0.170686 -0.173797 -0.221808 -0.198718 -0.183486
-0.211688 -0.161535 -0.164584 -0.221226 -0.200796 -0.17472
-0.212852 -0.152345 -0.155023 -0.221361 -0.202619 -0.165507
-0.214003 -0.14318 -0.145716 -0.221809 -0.20403 -0.156357
-0.215115 -0.134202 -0.137089 -0.222655 -0.205239 -0.147207
-0.216432 -0.125596 -0.129791 -0.223684 -0.206654 -0.138294
-0.217996 -0.117481 -0.124103 -0.224888 -0.20836 -0.129865
-0.219592 -0.109714 -0.119654 -0.225728 -0.210146 -0.122204
-0.2214 -0.10268 -0.116018 -0.226556 -0.21231 -0.115457
-0.223093 -0.0968126 -0.112923 -0.227705 -0.214487 -0.110213
-0.224375 -0.0927005 -0.110325 -0.228921 -0.216277 -0.106568
-0.225589 -0.0902167 -0.10796 -0.230237 -0.217724 -0.104556
-0.226608 -0.0891222 -0.105965 -0.231539 -0.218756 -0.104021
-0.227511 -0.0896144 -0.105753 -0.232316 -0.219557 -0.104787
-0.228655 -0.0913966 -0.106359 -0.23314 -0.220538 -0.106396
-0.229812 -0.0944945 -0.10842 -0.233493 -0.221721 -0.108864
-0.230947 -0.0989426 -0.111921 -0.233573 -0.223013 -0.112551
-0.231898 -0.104526 -0.11651 -0.23386 -0.22405 -0.11755
-0.232501 -0.111188 -0.122214 -0.234169 -0.224867 -0.124214
-0.23271 -0.117131 -0.127494 -0.234481 -0.225408 -0.130216
-0.232806 -0.125107 -0.134455 -0.234832 -0.225526 -0.138819
-0.232824 -0.133622 -0.142263 -0.235103 -0.225495 -0.147547
-0.232887 -0.142307 -0.150238 -0.235137 -0.225343 -0.155888
-0.232815 -0.150822 -0.157973 -0.235069 -0.224875 -0.163872
-0.232351 -0.159191 -0.165807 -0.234416 -0.224517 -0.171723
-0.23056 -0.169219 -0.178725 -0.231772 -0.222898 -0.181023
-0.229052 -0.180575 -0.194913 -0.229533 -0.221536 -0.191108
-0.227318 -0.192095 -0.209757 -0.227366 -0.219825 -0.200186
-0.225135 -0.20356 -0.222417 -0.224843 -0.217752 -0.208953
-0.223078 -0.213399 -0.229938 -0.221517 -0.214967 -0.217079
-0.220198 -0.219817 -0.230793 -0.217159 -0.212854 -0.223519
-0.215972 -0.217773 -0.228797 -0.212003 -0.210421 -0.227686
-0.149227 -0.217518 -0.217806 -0.198725 -0.16545 -0.220356
-0.139921 -0.217449 -0.217624 -0.190049 -0.156738 -0.219655
-0.130087 -0.217407 -0.217463 -0.181261 -0.147331 -0.219595
-0.119929 -0.217563 -0.217954 -0.172512 -0.13747 -0.219872
-0.109609 -0.218 -0.218699 -0.164146 -0.127925 -0.220348
-0.099701 -0.218637 -0.219233 -0.156153 -0.118766 -0.221136
-0.0908162 -0.219337 -0.22043 -0.148874 -0.110653 -0.221829
-0.0831881 -0.220184 -0.222095 -0.142368 -0.103361 -0.222518
-0.0772152 -0.220966 -0.223745 -0.137024 -0.0974912 -0.222937
-0.0730239 -0.22181 -0.225271 -0.132639 -0.0930188 -0.223333
-0.0708752 -0.222838 -0.226623 -0.129314 -0.0901488 -0.223791
-0.070407 -0.223753 -0.228022 -0.127181 -0.0886776 -0.224254
-0.0710118 -0.224683 -0.229345 -0.126874 -0.0890993 -0.224883
-0.0730272 -0.225402 -0.230609 -0.128639 -0.0910389 -0.225622
-0.0765456 -0.225954 -0.231862 -0.131623 -0.094607 -0.226338
-0.0814236 -0.226726 -0.232792 -0.135712 -0.0994509 -0.22673
-0.0874422 -0.227404 -0.233658 -0.141017 -0.105171 -0.226971
-0.0944998 -0.228052 -0.234531 -0.1476 -0.111749 -0.227332
-0.102216 -0.228824 -0.235037 -0.155136 -0.119113 -0.227648
-0.110387 -0.229312 -0.235627 -0.163334 -0.126762 -0.22801
-0.118576 -0.229606 -0.236079 -0.171849 -0.135055 -0.228441
-0.126939 -0.229692 -0.236564 -0.180471 -0.143874 -0.228847
-0.134955 -0.229834 -0.236963 -0.189021 -0.152543 -0.229052
-0.142681 -0.229602 -0.237529 -0.197585 -0.160747 -0.228618
-0.151828 -0.228361 -0.235664 -0.209165 -0.170116 -0.22685
-0.163274 -0.227048 -0.232958 -0.222521 -0.181631 -0.225119
-0.173762 -0.226535 -0.231321 -0.224139 -0.192076 -0.224113
-0.182519 -0.226512 -0.228859 -0.224312 -0.200971 -0.223205
-0.192343 -0.225832 -0.224941 -0.224679 -0.210476 -0.222078
-0.201112 -0.224627 -0.221749 -0.22391 -0.217864 -0.220682
-0.212493 -0.22192 -0.217996 -0.221278 -0.218816 -0.21803
-0.223502 -0.217827 -0.214322 -0.217777 -0.219399 -0.213975
-0.225511 -0.211585 -0.211845 -0.213544 -0.220368 -0.209501
-0.229618 -0.205493 -0.208149 -0.209685 -0.221473 -0.203868
-0.23 -0.199026 -0.2027 -0.206546 -0.221083 -0.198212
-0.229576 -0.192021 -0.195273 -0.20339 -0.220389 -0.191645
-0.229531 -0.184777 -0.186918 -0.201071 -0.219509 -0.184022
-0.228861 -0.176575 -0.177846 -0.199501 -0.2194 -0.175427
-0.22848 -0.168129 -0.168839 -0.198921 -0.219897 -0.166255
-0.228255 -0.159026 -0.159609 -0.198548 -0.223694 -0.156986
-0.22805 -0.150107 -0.150105 -0.198641 -0.22812 -0.147606
-0.227844 -0.140905 -0.141631 -0.198358 -0.228322 -0.13798
-0.228444 -0.131445 -0.134194 -0.198129 -0.229102 -0.12905
-0.229375 -0.12222 -0.12801 -0.197839 -0.230392 -0.120899
-0.230181 -0.114255 -0.122637 -0.198295 -0.231586 -0.114237
-0.230982 -0.10776 -0.11756 -0.199173 -0.232373 -0.108617
-0.231777 -0.103349 -0.112931 -0.200923 -0.232858 -0.10438
-0.231904 -0.101003 -0.109452 -0.202837 -0.233109 -0.100938
-0.159105 -0.225696 -0.238419 -0.144812 -0.16108 -0.215793
-0.166901 -0.225676 -0.238544 -0.15304 -0.169204 -0.216107
-0.174688 -0.225278 -0.238332 -0.161776 -0.177291 -0.215607
-0.184554 -0.224007 -0.234667 -0.175408 -0.187176 -0.214183
-0.195851 -0.223092 -0.231428 -0.189505 -0.19849 -0.213288
-0.204979 -0.221859 -0.229777 -0.20321 -0.201572 -0.212378
-0.212256 -0.219259 -0.228522 -0.215804 -0.202841 -0.209964
-0.213022 -0.214562 -0.227943 -0.218156 -0.203964 -0.207431
-0.213752 -0.210576 -0.227074 -0.217498 -0.204137 -0.204821
-0.215184 -0.207684 -0.224018 -0.217683 -0.202514 -0.202225
-0.215798 -0.205115 -0.221052 -0.217098 -0.201082 -0.199427
-0.215259 -0.20176 -0.21692 -0.21661 -0.200712 -0.195013
-0.215331 -0.196328 -0.211008 -0.216025 -0.201041 -0.189198
-0.216033 -0.189227 -0.204793 -0.215255 -0.201651 -0.182252
-0.216798 -0.181575 -0.197328 -0.215363 -0.20276 -0.174499
-0.217325 -0.173211 -0.188301 -0.215516 -0.203839 -0.165964
-0.218118 -0.164433 -0.178402 -0.216095 -0.204916 -0.156729
-0.218912 -0.155422 -0.16791 -0.217077 -0.205904 -0.147283
-0.219778 -0.146313 -0.157512 -0.218309 -0.206799 -0.137482
-0.22046 -0.137231 -0.147725 -0.219492 -0.207796 -0.127664
-0.221463 -0.12815 -0.138883 -0.220682 -0.209158 -0.118176
-0.222853 -0.119348 -0.131498 -0.221924 -0.210797 -0.109272
-0.224072 -0.11135 -0.125218 -0.223224 -0.212498 -0.101419
-0.225065 -0.104104 -0.119749 -0.224785 -0.214062 -0.0947194
-0.226022 -0.0981969 -0.114959 -0.226401 -0.215495 -0.0894578
-0.226733 -0.0939443 -0.111241 -0.22783 -0.216585 -0.0856732
-0.227362 -0.091128 -0.109043 -0.229351 -0.217662 -0.0835951
-0.22812 -0.0898185 -0.108304 -0.23057 -0.218602 -0.0830214
-0.228903 -0.0901046 -0.108551 -0.231622 -0.219805 -0.0833274
-0.229361 -0.0920295 -0.110642 -0.232692 -0.220784 -0.0850708
-0.229927 -0.0953974 -0.114083 -0.233611 -0.2215 -0.0883859
-0.230368 -0.100014 -0.118245 -0.234421 -0.222275 -0.0928868
-0.230659 -0.10583 -0.123708 -0.23507 -0.222839 -0.0984651
-0.230832 -0.112655 -0.130334 -0.23562 -0.223292 -0.105248
-0.230848 -0.120303 -0.138131 -0.236167 -0.223655 -0.113049
-0.230742 -0.128462 -0.146245 -0.236542 -0.223918 -0.12121
-0.230586 -0.137044 -0.15433 -0.236787 -0.224091 -0.129702
-0.230327 -0.145994 -0.162587 -0.23717 -0.224024 -0.13821
-0.229954 -0.154697 -0.170643 -0.237282 -0.223935 -0.146502
-0.229515 -0.163149 -0.178806 -0.236835 -0.223656 -0.15456
-0.22809 -0.172883 -0.189274 -0.233689 -0.222191 -0.164618
-0.226886 -0.183687 -0.200099 -0.231381 -0.221438 -0.175697
-0.226041 -0.194261 -0.207614 -0.22882 -0.220964 -0.186325
-0.225787 -0.204155 -0.209949 -0.225721 -0.22066 -0.196994
-0.224241 -0.202883 -0.208844 -0.222312 -0.220064 -0.206909
-0.221797 -0.203457 -0.206566 -0.218646 -0.217144 -0.210132
-0.217618 -0.204143 -0.203597 -0.216413 -0.21081 -0.211019
-0.212622 -0.204591 -0.201079 -0.214565 -0.204847 -0.213038
-0.206445 -0.204811 -0.19906 -0.209879 -0.198515 -0.21293
-0.200899 -0.205364 -0.198055 -0.203689 -0.193872 -0.212346
-0.19448 -0.205846 -0.197369 -0.196451 -0.187719 -0.212154
-0.186813 -0.206557 -0.19761 -0.188665 -0.180086 -0.212611
-0.177898 -0.207158 -0.19804 -0.180255 -0.170765 -0.213239
-0.168558 -0.208124 -0.198844 -0.171342 -0.16071 -0.213884
-0.158787 -0.209069 -0.199876 -0.162314 -0.150424 -0.214818
-0.148692 -0.210365 -0.2009 -0.153416 -0.140088 -0.215814
-0.138379 -0.211759 -0.202537 -0.144907 -0.129996 -0.217124
-0.128405 -0.213084 -0.204334 -0.137422 -0.120731 -0.218838
-0.119227 -0.214425 -0.206078 -0.130961 -0.112184 -0.220437
-0.110928 -0.216041 -0.207572 -0.125278 -0.104603 -0.222032
-0.104033 -0.217731 -0.209456 -0.120334 -0.0979433 -0.223645
-0.099228 -0.219396 -0.211216 -0.115935 -0.0922691 -0.225161
-0.0963855 -0.220922 -0.213045 -0.112217 -0.0883744 -0.226477
-0.095414 -0.222237 -0.215155 -0.109609 -0.0861766 -0.227678
-0.0954509 -0.223232 -0.216873 -0.108392 -0.0862709 -0.228875
-0.0968295 -0.224208 -0.218224 -0.108842 -0.0879999 -0.230093
-0.0993665 -0.225211 -0.219352 -0.110616 -0.0912131 -0.231311
-0.10334 -0.226175 -0.220503 -0.1139 -0.0956218 -0.232345
-0.108537 -0.226875 -0.22155 -0.118295 -0.101099 -0.233061
-0.115136 -0.227487 -0.222443 -0.124078 -0.107693 -0.233636
-0.122708 -0.227794 -0.223312 -0.130604 -0.115192 -0.234156
-0.130784 -0.228142 -0.223657 -0.13793 -0.123142 -0.234465
-0.138959 -0.228456 -0.22395 -0.145875 -0.131465 -0.234794
-0.147079 -0.228914 -0.224084 -0.154276 -0.140101 -0.235059
-0.155139 -0.229276 -0.224232 -0.162678 -0.148469 -0.235347
-0.163034 -0.229317 -0.22444 -0.171036 -0.156661 -0.235176
-0.171549 -0.228167 -0.222896 -0.182127 -0.165647 -0.23396
-0.182329 -0.226425 -0.218946 -0.196796 -0.177212 -0.232181
-0.19242 -0.225497 -0.216608 -0.210426 -0.188466 -0.23117
-0.199996 -0.224314 -0.214624 -0.223701 -0.198343 -0.229769
-0.206493 -0.222403 -0.211533 -0.227879 -0.207943 -0.227673
-0.213114 -0.220283 -0.207847 -0.22674 -0.216971 -0.225502
-0.215 -0.217267 -0.20344 -0.224799 -0.216188 -0.22299
-0.216489 -0.212389 -0.200025 -0.221347 -0.216545 -0.219291
-0.217032 -0.207293 -0.198828 -0.21799 -0.217912 -0.214379
-0.217343 -0.202433 -0.195793 -0.215473 -0.219567 -0.209254
-0.217689 -0.197073 -0.18977 -0.213385 -0.219753 -0.20385
-0.21825 -0.190887 -0.181947 -0.212459 -0.219966 -0.19738
-0.218561 -0.183854 -0.173036 -0.212589 -0.219814 -0.189854
-0.218284 -0.175758 -0.163538 -0.213287 -0.219489 -0.181537
-0.218218 -0.16686 -0.154124 -0.213871 -0.219723 -0.172675
-0.218765 -0.157382 -0.145681 -0.214164 -0.220407 -0.163229
-0.220024 -0.147372 -0.138182 -0.214364 -0.221752 -0.153486
-0.221607 -0.13749 -0.13144 -0.215281 -0.223572 -0.143888
-0.222939 -0.128445 -0.125095 -0.216139 -0.225199 -0.134795
-0.224194 -0.120254 -0.119141 -0.217649 -0.226585 -0.126577
-0.225119 -0.113115 -0.113696 -0.219189 -0.227557 -0.119438
-0.225962 -0.106977 -0.109005 -0.221069 -0.228155 -0.113365
-0.226535 -0.10203 -0.105483 -0.222745 -0.228782 -0.108332
-0.227379 -0.0985015 -0.102987 -0.224415 -0.229538 -0.104599
-0.227836 -0.0963288 -0.101764 -0.226227 -0.230081 -0.102699
-0.228272 -0.0954561 -0.101672 -0.227602 -0.230663 -0.102411
-0.22883 -0.096361 -0.102109 -0.229163 -0.231229 -0.10337
-0.229354 -0.0988969 -0.104098 -0.230317 -0.231643 -0.105742
-0.229958 -0.102901 -0.107454 -0.231268 -0.231757 -0.109166
-0.230344 -0.108173 -0.111698 -0.232223 -0.23205 -0.113935
-0.23069 -0.114525 -0.116982 -0.23295 -0.232243 -0.119774
-0.230942 -0.121568 -0.123648 -0.233545 -0.23249 -0.126845
-0.231163 -0.129105 -0.131082 -0.234005 -0.232597 -0.134874
-0.231218 -0.137101 -0.138953 -0.234449 -0.232715 -0.143473
-0.231114 -0.145629 -0.146882 -0.234762 -0.232646 -0.152123
-0.230972 -0.154218 -0.15464 -0.234996 -0.232281 -0.160667
-0.230887 -0.162758 -0.162107 -0.235053 -0.231922 -0.16907
-0.22982 -0.171401 -0.17139 -0.233358 -0.230868 -0.177611
-0.22829 -0.181435 -0.185457 -0.230168 -0.22956 -0.187404
-0.227014 -0.191602 -0.200539 -0.227735 -0.228228 -0.197153
-0.225602 -0.201542 -0.214236 -0.225266 -0.226454 -0.205767
-0.223265 -0.208653 -0.22665 -0.222488 -0.223509 -0.207051
-0.218528 -0.207624 -0.229927 -0.219851 -0.218897 -0.206731
-0.213931 -0.207583 -0.229444 -0.217549 -0.215042 -0.206167
-0.210002 -0.206746 -0.229323 -0.214869 -0.211003 -0.205069
-0.206787 -0.206436 -0.230233 -0.211501 -0.207046 -0.203014
-0.203012 -0.2053 -0.229414 -0.207057 -0.203008 -0.201083
-0.197607 -0.205021 -0.229059 -0.201207 -0.197578 -0.200251
-0.190697 -0.205493 -0.22851 -0.194402 -0.190846 -0.200121
-0.182426 -0.206203 -0.227946 -0.186647 -0.182817 -0.200752
-0.173559 -0.207148 -0.227675 -0.178299 -0.174106 -0.201461
-0.164074 -0.207784 -0.227723 -0.16923 -0.164809 -0.202221
-0.154676 -0.208385 -0.228241 -0.159947 -0.15513 -0.202912
-0.145365 -0.208973 -0.228959 -0.150778 -0.145335 -0.203607
-0.136265 -0.209553 -0.229786 -0.142549 -0.13574 -0.204479
-0.127397 -0.210336 -0.230835 -0.135249 -0.126301 -0.205458
-0.119008 -0.211227 -0.231687 -0.128816 -0.1175 -0.206705
-0.111328 -0.212589 -0.232643 -0.123118 -0.109529 -0.208151
-0.104618 -0.213826 -0.23397 -0.118235 -0.102788 -0.209815
-0.0996733 -0.214986 -0.235289 -0.114164 -0.0979246 -0.211354
-0.0968783 -0.215914 -0.236881 -0.110937 -0.0949073 -0.212573
-0.0960151 -0.216788 -0.238724 -0.108404 -0.0934969 -0.213531
-0.0964227 -0.217507 -0.240498 -0.107206 -0.093848 -0.214369
-0.0980448 -0.218227 -0.242375 -0.107901 -0.0954758 -0.215509
-0.100835 -0.21918 -0.247091 -0.110084 -0.0985189 -0.216698
-0.104381 -0.220718 -0.254205 -0.113749 -0.102459 -0.218363
-0.109084 -0.221991 -0.256037 -0.118421 -0.107449 -0.21989
-0.115262 -0.221967 -0.255676 -0.124446 -0.114033 -0.220506
-0.123111 -0.221589 -0.256283 -0.130121 -0.122313 -0.219939
-0.131992 -0.221297 -0.255439 -0.136872 -0.131415 -0.218664
-0.142644 -0.220809 -0.254219 -0.146032 -0.1418 -0.21753
-0.151 -0.219636 -0.253604 -0.154188 -0.150245 -0.217051
-0.158718 -0.21865 -0.252591 -0.162642 -0.158374 -0.216604
-0.1661 -0.218123 -0.251737 -0.170967 -0.16649 -0.216151
-0.174759 -0.216607 -0.248387 -0.182547 -0.175807 -0.21435
-0.185694 -0.214623 -0.24432 -0.195785 -0.187395 -0.21248
-0.196065 -0.213231 -0.242381 -0.206651 -0.198199 -0.211335
-0.204915 -0.21116 -0.240849 -0.216213 -0.199442 -0.209491
-0.213619 -0.207657 -0.239088 -0.214889 -0.199883 -0.206639
-0.219379 -0.203901 -0.237257 -0.213111 -0.19969 -0.204387
-0.220253 -0.199938 -0.234301 -0.212285 -0.199223 -0.202397
-0.220903 -0.196635 -0.231994 -0.210686 -0.198501 -0.199282
-0.221094 -0.19309 -0.228981 -0.208929 -0.199379 -0.194865
-0.221394 -0.188631 -0.224438 -0.207631 -0.200061 -0.189431
-0.222071 -0.182439 -0.218622 -0.206187 -0.200776 -0.183227
-0.223377 -0.175446 -0.211746 -0.205802 -0.201689 -0.176199
-0.224139 -0.167577 -0.203537 -0.205747 -0.202737 -0.168078
-0.224699 -0.159161 -0.194379 -0.206054 -0.204038 -0.159514
-0.225694 -0.150192 -0.184526 -0.206517 -0.205211 -0.150658
-0.226872 -0.141252 -0.174722 -0.207234 -0.206414 -0.14138
-0.227648 -0.13242 -0.165041 -0.208568 -0.20788 -0.131952
-0.228605 -0.123857 -0.155654 -0.210116 -0.209398 -0.122595
-0.229594 -0.115674 -0.146785 -0.211859 -0.210708 -0.113987
-0.230614 -0.107836 -0.13862 -0.21378 -0.211995 -0.106044
-0.231567 -0.100636 -0.131394 -0.21541 -0.213565 -0.0989489
-0.232809 -0.0942717 -0.125894 -0.217121 -0.215016 -0.0928857
-0.234026 -0.0890357 -0.121754 -0.218953 -0.216767 -0.0881424
-0.235068 -0.0854901 -0.119366 -0.220715 -0.21823 -0.0849942
-0.236041 -0.0835267 -0.118361 -0.222404 -0.21956 -0.0836755
-0.236785 -0.0830863 -0.118469 -0.224005 -0.220619 -0.0835138
-0.237345 -0.084306 -0.120352 -0.225556 -0.22164 -0.0848209
-0.238029 -0.0869221 -0.123874 -0.226888 -0.222596 -0.0875169
-0.238543 -0.0908279 -0.128262 -0.228114 -0.223377 -0.0914323
-0.238815 -0.0961548 -0.13379 -0.228859 -0.22394 -0.0964964
-0.239157 -0.102665 -0.140445 -0.229621 -0.224412 -0.102748
-0.23919 -0.110138 -0.148176 -0.230444 -0.224815 -0.109938
-0.238935 -0.118293 -0.156224 -0.231171 -0.224937 -0.117815
-0.238703 -0.126621 -0.164329 -0.231759 -0.225159 -0.126357
-0.23864 -0.135157 -0.172713 -0.232205 -0.225093 -0.135015
-0.238553 -0.143784 -0.181067 -0.232324 -0.225095 -0.143413
-0.238341 -0.152095 -0.189114 -0.232013 -0.225141 -0.151373
-0.236888 -0.161988 -0.200486 -0.229146 -0.223573 -0.161068
-0.235417 -0.173585 -0.214346 -0.226945 -0.222197 -0.172339
-0.233719 -0.185385 -0.226705 -0.225029 -0.220825 -0.183256
-0.23171 -0.196857 -0.237489 -0.22245 -0.219063 -0.19364
-0.229278 -0.204361 -0.246697 -0.219416 -0.216092 -0.204166
-0.224866 -0.202537 -0.25314 -0.216124 -0.211879 -0.212654
-0.220044 -0.202402 -0.255956 -0.213157 -0.205414 -0.211928
-0.214639 -0.201343 -0.256737 -0.210135 -0.198094 -0.211825
-0.208966 -0.20018 -0.256332 -0.206438 -0.191943 -0.211043
-0.20372 -0.198687 -0.255304 -0.201838 -0.187538 -0.209146
-0.198301 -0.19804 -0.253797 -0.195876 -0.183484 -0.206879
-0.192279 -0.197773 -0.251979 -0.18874 -0.177625 -0.20592
-0.184899 -0.197703 -0.250447 -0.180839 -0.170045 -0.205772
-0.176699 -0.197997 -0.249541 -0.172164 -0.161625 -0.20598
-0.167966 -0.198406 -0.249183 -0.163251 -0.152549 -0.206479
-0.158798 -0.199071 -0.249204 -0.154283 -0.143169 -0.206954
-0.149497 -0.199897 -0.24929 -0.145675 -0.133811 -0.207559
-0.140458 -0.200662 -0.249526 -0.137898 -0.124388 -0.20835
-0.131675 -0.201579 -0.250256 -0.13094 -0.115241 -0.209485
-0.123492 -0.202447 -0.250893 -0.124971 -0.10683 -0.21085
-0.116239 -0.203635 -0.251577 -0.119604 -0.0991982 -0.212371
-0.112505 -0.204342 -0.252085 -0.116742 -0.0952427 -0.213435
-0.106152 -0.206067 -0.253174 -0.111657 -0.0889471 -0.21539
-0.103371 -0.207424 -0.253966 -0.108407 -0.0862812 -0.216661
-0.102338 -0.208482 -0.25488 -0.106329 -0.0854406 -0.217868
-0.102697 -0.209513 -0.255787 -0.105279 -0.0862614 -0.218887
-0.104499 -0.210094 -0.256715 -0.105627 -0.0885675 -0.219846
-0.107589 -0.21064 -0.257289 -0.107311 -0.0923513 -0.220749
-0.111836 -0.211138 -0.257886 -0.110354 -0.0975998 -0.221413
-0.11735 -0.211758 -0.258132 -0.114811 -0.103564 -0.22215
-0.123931 -0.212232 -0.258686 -0.120677 -0.110309 -0.222761
-0.131214 -0.212704 -0.258989 -0.127276 -0.117945 -0.223299
-0.139233 -0.213053 -0.259195 -0.134728 -0.126474 -0.223666
-0.147661 -0.213375 -0.259256 -0.142504 -0.134917 -0.223893
-0.156134 -0.213579 -0.259036 -0.150932 -0.143374 -0.224258
-0.164315 -0.213629 -0.25908 -0.159758 -0.151572 -0.224437
-0.172311 -0.213174 -0.259271 -0.168391 -0.159556 -0.224204
-0.181982 -0.211616 -0.256558 -0.179837 -0.169611 -0.222849
-0.19376 -0.210317 -0.25354 -0.192808 -0.181887 -0.221703
-0.200606 -0.209306 -0.251985 -0.204002 -0.192797 -0.220867
-0.201574 -0.206914 -0.250659 -0.215329 -0.202329 -0.218922
-0.201816 -0.204017 -0.249459 -0.219692 -0.211514 -0.215431
-0.201459 -0.202154 -0.24767 -0.21837 -0.219825 -0.211815
-0.200266 -0.19998 -0.244241 -0.218042 -0.226984 -0.208427
-0.198784 -0.197262 -0.239823 -0.217267 -0.228923 -0.204766
-0.19788 -0.192787 -0.235767 -0.214622 -0.229452 -0.199885
-0.198492 -0.186223 -0.231116 -0.211679 -0.230327 -0.195052
-0.199454 -0.178919 -0.225558 -0.208938 -0.231301 -0.188728
-0.200551 -0.171124 -0.218245 -0.207621 -0.232353 -0.181522
-0.20239 -0.16311 -0.209426 -0.20644 -0.23259 -0.173645
-0.204718 -0.15485 -0.199467 -0.206217 -0.232305 -0.165299
-0.205547 -0.146186 -0.189139 -0.207027 -0.231801 -0.156492
-0.206093 -0.137431 -0.17915 -0.207763 -0.231011 -0.147376
-0.206785 -0.128462 -0.169591 -0.20888 -0.23072 -0.138095
-0.207672 -0.119648 -0.160799 -0.210108 -0.231054 -0.128917
-0.208903 -0.111213 -0.152699 -0.211167 -0.231615 -0.120217
-0.211406 -0.103124 -0.145299 -0.212373 -0.232507 -0.112538
-0.214393 -0.0956713 -0.138772 -0.213743 -0.233301 -0.105915
-0.217757 -0.0898627 -0.13316 -0.215362 -0.234001 -0.100211
-0.222781 -0.0852339 -0.128668 -0.21737 -0.234482 -0.0958768
-0.228597 -0.0819343 -0.125493 -0.219243 -0.233942 -0.0931624
-0.22886 -0.0794925 -0.124226 -0.220644 -0.233273 -0.0920079
-0.230357 -0.0796613 -0.124966 -0.221714 -0.233286 -0.0918109
-0.231289 -0.0807494 -0.12741 -0.222455 -0.233912 -0.0920653
-0.232233 -0.0838859 -0.131156 -0.223629 -0.234846 -0.0939266
-0.232812 -0.0880013 -0.135519 -0.224618 -0.235136 -0.0976657
-0.233845 -0.0933028 -0.140716 -0.225053 -0.235129 -0.103218
-0.234351 -0.0995311 -0.147014 -0.225828 -0.235116 -0.109951
-0.234255 -0.106444 -0.154264 -0.226626 -0.235177 -0.117315
-0.234131 -0.113784 -0.16201 -0.227323 -0.235082 -0.125369
-0.234211 -0.123315 -0.171755 -0.227651 -0.234661 -0.135333
-0.234551 -0.131657 -0.180095 -0.227987 -0.234312 -0.14374
-0.234531 -0.140141 -0.188136 -0.228384 -0.233843 -0.151802
-0.233968 -0.148776 -0.196368 -0.228148 -0.233205 -0.15978
-0.232523 -0.158588 -0.208479 -0.225724 -0.231178 -0.169756
-0.231271 -0.169105 -0.222495 -0.223921 -0.229223 -0.180591
-0.229695 -0.179425 -0.23489 -0.22213 -0.227209 -0.190994
-0.228113 -0.189057 -0.238735 -0.219537 -0.225263 -0.200956
-0.226847 -0.196976 -0.239304 -0.216 -0.223579 -0.205363
-0.224364 -0.204835 -0.236806 -0.212314 -0.221243 -0.202612
-0.220027 -0.205588 -0.234466 -0.208799 -0.219184 -0.20193
-0.213396 -0.206665 -0.230525 -0.205363 -0.21343 -0.20237
-0.207512 -0.207413 -0.227342 -0.202149 -0.206758 -0.203004
-0.201745 -0.207128 -0.22609 -0.197104 -0.200249 -0.202992
-0.196261 -0.206695 -0.225114 -0.190021 -0.193674 -0.202229
-0.189716 -0.207145 -0.224054 -0.181798 -0.18737 -0.201259
-0.181864 -0.207857 -0.223326 -0.173009 -0.179615 -0.200875
-0.172805 -0.208093 -0.223075 -0.16415 -0.170813 -0.201034
-0.162634 -0.208214 -0.223224 -0.1552 -0.161381 -0.201397
-0.152017 -0.209101 -0.223305 -0.146675 -0.151466 -0.202417
-0.141532 -0.210477 -0.223595 -0.139026 -0.141626 -0.203773
-0.131224 -0.211918 -0.223907 -0.132129 -0.131978 -0.205576
-0.121967 -0.213171 -0.224443 -0.125929 -0.123083 -0.207283
-0.113989 -0.214447 -0.225656 -0.120438 -0.115223 -0.208802
-0.107318 -0.215789 -0.226692 -0.115779 -0.108642 -0.210217
-0.101974 -0.217042 -0.227952 -0.111741 -0.103615 -0.211626
-0.0981591 -0.218346 -0.229179 -0.108084 -0.0999987 -0.212917
-0.096447 -0.219519 -0.230506 -0.105503 -0.0978746 -0.214162
-0.0960694 -0.220701 -0.231591 -0.103887 -0.097188 -0.215374
-0.0970678 -0.221695 -0.232377 -0.10334 -0.0978279 -0.216522
-0.0994949 -0.222863 -0.233084 -0.103962 -0.100142 -0.217817
-0.103079 -0.224056 -0.233719 -0.106102 -0.103715 -0.219089
-0.108939 -0.225253 -0.234501 -0.110133 -0.109343 -0.220398
-0.114997 -0.226139 -0.234918 -0.114841 -0.115303 -0.221225
-0.122247 -0.227014 -0.235302 -0.120467 -0.12227 -0.222013
-0.130318 -0.227729 -0.235624 -0.126888 -0.129987 -0.222659
-0.138832 -0.228267 -0.235754 -0.134053 -0.138099 -0.223115
-0.147394 -0.228522 -0.236168 -0.141951 -0.146445 -0.223461
-0.155619 -0.228672 -0.236192 -0.150236 -0.154784 -0.223864
-0.163571 -0.228774 -0.236225 -0.158813 -0.162961 -0.224069
-0.171564 -0.228052 -0.235357 -0.168311 -0.171183 -0.223466
-0.181826 -0.22672 -0.231646 -0.182357 -0.182024 -0.222036
-0.192917 -0.226005 -0.229078 -0.195281 -0.193652 -0.221017
-0.201523 -0.224991 -0.226946 -0.20806 -0.202715 -0.220158
-0.209128 -0.223258 -0.224215 -0.220175 -0.210196 -0.218042
-0.214947 -0.220832 -0.222449 -0.223435 -0.21028 -0.215539
-0.218279 -0.216515 -0.22056 -0.221643 -0.210062 -0.212085
-0.218044 -0.211456 -0.217993 -0.219702 -0.209156 -0.208802
-0.217886 -0.207492 -0.214905 -0.219248 -0.208716 -0.204828
-0.216955 -0.203469 -0.211399 -0.218187 -0.207626 -0.200622
-0.216451 -0.198515 -0.205844 -0.217629 -0.206803 -0.195345
-0.216251 -0.192069 -0.198985 -0.216942 -0.20618 -0.188783
-0.216633 -0.184589 -0.191416 -0.217117 -0.206413 -0.181105
-0.21706 -0.176108 -0.183376 -0.21719 -0.207164 -0.172616
-0.218198 -0.167057 -0.174612 -0.217373 -0.208348 -0.163542
-0.219728 -0.157772 -0.165275 -0.217778 -0.209809 -0.154006
-0.221204 -0.148481 -0.155751 -0.218406 -0.211364 -0.144395
-0.222549 -0.139476 -0.146508 -0.2195 -0.213028 -0.134843
-0.224026 -0.130845 -0.13781 -0.220744 -0.214415 -0.125704
-0.225534 -0.121037 -0.128618 -0.222534 -0.215699 -0.115708
-0.226552 -0.11361 -0.122327 -0.224298 -0.216797 -0.108323
-0.227574 -0.106985 -0.117206 -0.225848 -0.21778 -0.101998
-0.228524 -0.101281 -0.112977 -0.22725 -0.218866 -0.0967593
-0.229479 -0.0968235 -0.11002 -0.228745 -0.220127 -0.0928133
-0.230311 -0.0938731 -0.108005 -0.230083 -0.221222 -0.0905745
-0.231088 -0.0923956 -0.107363 -0.231632 -0.222246 -0.0900782
-0.231655 -0.0926456 -0.107433 -0.232642 -0.223198 -0.0905969
-0.232513 -0.0944718 -0.109283 -0.23339 -0.224104 -0.0924103
-0.2333 -0.0977613 -0.112414 -0.234093 -0.224859 -0.0956217
-0.233863 -0.102522 -0.116727 -0.23478 -0.225458 -0.0999423
-0.234033 -0.108422 -0.122179 -0.235389 -0.225953 -0.105586
-0.234168 -0.115319 -0.128686 -0.235999 -0.226273 -0.11241
-0.234211 -0.122961 -0.136398 -0.236466 -0.226392 -0.120231
-0.234276 -0.130983 -0.144367 -0.236766 -0.226486 -0.128356
-0.234282 -0.139555 -0.15253 -0.237062 -0.226586 -0.136753
-0.234232 -0.148277 -0.160649 -0.23714 -0.226692 -0.144996
-0.234097 -0.156767 -0.16856 -0.237027 -0.226627 -0.153011
-0.233783 -0.165462 -0.177566 -0.236057 -0.226036 -0.161523
-0.232473 -0.174864 -0.191005 -0.233585 -0.224445 -0.17168
-0.231238 -0.184843 -0.206279 -0.231747 -0.222872 -0.182501
-0.229758 -0.194727 -0.219384 -0.229838 -0.221166 -0.192708
-0.2277 -0.204603 -0.231432 -0.227128 -0.21898 -0.203143
-0.225416 -0.20917 -0.234071 -0.223477 -0.216399 -0.211929
-0.221685 -0.2066 -0.23258 -0.220122 -0.213203 -0.210796
-0.218034 -0.206652 -0.229426 -0.216872 -0.208353 -0.209682
-0.213054 -0.206017 -0.227223 -0.212981 -0.203825 -0.209282
-0.207932 -0.205896 -0.225478 -0.209194 -0.198211 -0.209046
-0.20242 -0.204969 -0.224299 -0.203872 -0.193589 -0.208254
-0.19619 -0.204724 -0.223291 -0.196755 -0.187697 -0.207651
-0.188803 -0.204942 -0.222987 -0.188832 -0.180629 -0.207246
-0.180389 -0.205017 -0.222901 -0.180198 -0.172367 -0.207218
-0.170852 -0.204953 -0.222973 -0.171164 -0.162987 -0.207395
-0.160643 -0.205466 -0.223227 -0.16212 -0.153114 -0.208004
-0.150238 -0.206442 -0.223577 -0.153194 -0.142571 -0.2089
-0.139668 -0.207712 -0.224029 -0.144801 -0.132136 -0.210192
-0.130051 -0.209201 -0.224663 -0.137323 -0.122152 -0.211887
-0.121199 -0.21075 -0.225819 -0.130607 -0.112628 -0.213445
-0.113709 -0.2122 -0.227172 -0.124677 -0.104442 -0.214768
-0.107564 -0.213466 -0.228437 -0.119643 -0.0976614 -0.215887
-0.103154 -0.214527 -0.229817 -0.115183 -0.0926093 -0.216723
-0.100434 -0.215702 -0.231126 -0.111442 -0.0890134 -0.217626
-0.0989027 -0.216899 -0.232243 -0.108646 -0.0869188 -0.218734
-0.0985285 -0.218186 -0.233196 -0.107373 -0.0867555 -0.220264
-0.0991277 -0.220047 -0.233786 -0.107977 -0.0883761 -0.221782
-0.101349 -0.221158 -0.234371 -0.110102 -0.0914964 -0.223151
-0.105448 -0.222187 -0.235031 -0.11332 -0.0959396 -0.224215
-0.110793 -0.223242 -0.235422 -0.11747 -0.101416 -0.224846
-0.117365 -0.223889 -0.235989 -0.122783 -0.107851 -0.225446
-0.124931 -0.224198 -0.236393 -0.129045 -0.115252 -0.225949
-0.13261 -0.224615 -0.236625 -0.135957 -0.123266 -0.226292
-0.140496 -0.224923 -0.236687 -0.143552 -0.131965 -0.226662
-0.148349 -0.225261 -0.236237 -0.151638 -0.140702 -0.226958
-0.156338 -0.225273 -0.235923 -0.160644 -0.149113 -0.227144
-0.164219 -0.225447 -0.236072 -0.169107 -0.157196 -0.226908
-0.172969 -0.224626 -0.234402 -0.178877 -0.16605 -0.225767
-0.184247 -0.223337 -0.23075 -0.191491 -0.177913 -0.224344
-0.195472 -0.222403 -0.228738 -0.20299 -0.190457 -0.223246
-0.203529 -0.221142 -0.226291 -0.214302 -0.200727 -0.22187
-0.210233 -0.219108 -0.223394 -0.223422 -0.209894 -0.219741
-0.216612 -0.216084 -0.221218 -0.222376 -0.209999 -0.216704
-0.217337 -0.211872 -0.218998 -0.219556 -0.209314 -0.213739
-0.218239 -0.206827 -0.215936 -0.217527 -0.209778 -0.2101
-0.218068 -0.202449 -0.213611 -0.215321 -0.210097 -0.20572
-0.21808 -0.198196 -0.209555 -0.214227 -0.21031 -0.201138
-0.2181 -0.192816 -0.203438 -0.212933 -0.210203 -0.195547
-0.218634 -0.186132 -0.195462 -0.211923 -0.210483 -0.188743
-0.219325 -0.178403 -0.187095 -0.211732 -0.211348 -0.180948
-0.219941 -0.169789 -0.178368 -0.21136 -0.212297 -0.17246
-0.220918 -0.160693 -0.169116 -0.211709 -0.213532 -0.16328
-0.222175 -0.151399 -0.159431 -0.211968 -0.215036 -0.153583
-0.223573 -0.142063 -0.15 -0.212719 -0.216757 -0.144124
-0.22499 -0.132877 -0.140998 -0.213579 -0.218153 -0.134712
-0.226417 -0.12411 -0.132849 -0.2147 -0.21958 -0.125659
-0.227696 -0.115951 -0.125679 -0.216014 -0.220853 -0.117404
-0.228768 -0.108518 -0.119633 -0.217385 -0.222002 -0.109981
-0.229841 -0.101995 -0.11461 -0.218887 -0.223182 -0.103466
-0.230703 -0.0965625 -0.110634 -0.220341 -0.224289 -0.098278
-0.231524 -0.0925079 -0.107613 -0.221824 -0.225292 -0.0945666
-0.23216 -0.090029 -0.105824 -0.223383 -0.226173 -0.0924926
-0.23277 -0.088988 -0.105449 -0.224561 -0.226968 -0.0921739
-0.233402 -0.0894817 -0.106219 -0.225652 -0.227767 -0.0927973
-0.234077 -0.0917259 -0.10837 -0.226497 -0.228485 -0.0947938
-0.23454 -0.0953061 -0.111812 -0.22745 -0.228994 -0.0982235
-0.234949 -0.100126 -0.116372 -0.228281 -0.229367 -0.102949
-0.235221 -0.106142 -0.122114 -0.229025 -0.229649 -0.10905
-0.235427 -0.113006 -0.128984 -0.22947 -0.229871 -0.116202
-0.235801 -0.120615 -0.136696 -0.229774 -0.229934 -0.12382
-0.235948 -0.128888 -0.144863 -0.230074 -0.23016 -0.131731
-0.236079 -0.137543 -0.153014 -0.23038 -0.23022 -0.140058
-0.236082 -0.146251 -0.161091 -0.230701 -0.230152 -0.148694
-0.235989 -0.154774 -0.168865 -0.230742 -0.230032 -0.157022
-0.235067 -0.163665 -0.17851 -0.229193 -0.229126 -0.165762
-0.233739 -0.173687 -0.193094 -0.226771 -0.227479 -0.175721
-0.232414 -0.183679 -0.208878 -0.224886 -0.225812 -0.185475
-0.230958 -0.193954 -0.22277 -0.222846 -0.224172 -0.194772
-0.229067 -0.202965 -0.235029 -0.220065 -0.221863 -0.204145
-0.226306 -0.201529 -0.236105 -0.21678 -0.219071 -0.208237
-0.222127 -0.200843 -0.233936 -0.214101 -0.214757 -0.206604
-0.218575 -0.200489 -0.231349 -0.210505 -0.210502 -0.20571
-0.213814 -0.200333 -0.230053 -0.207106 -0.205551 -0.205689
-0.209016 -0.199683 -0.228343 -0.203032 -0.200951 -0.205046
-0.203229 -0.199119 -0.227362 -0.19687 -0.195677 -0.204389
-0.196799 -0.199526 -0.226801 -0.189791 -0.189635 -0.204184
-0.189058 -0.199866 -0.227064 -0.18173 -0.18221 -0.204132
-0.180253 -0.199921 -0.226857 -0.17293 -0.1739 -0.204175
-0.170606 -0.200401 -0.227318 -0.163709 -0.164607 -0.2046
-0.162414 -0.201149 -0.227618 -0.156481 -0.156841 -0.205211
-0.148835 -0.203002 -0.227965 -0.145306 -0.14346 -0.206834
-0.13866 -0.204716 -0.228606 -0.137519 -0.133075 -0.208267
-0.129454 -0.206522 -0.22945 -0.130617 -0.123155 -0.209838
-0.121322 -0.208103 -0.230523 -0.124666 -0.114144 -0.211387
-0.114308 -0.209636 -0.231661 -0.119616 -0.10609 -0.212679
-0.108363 -0.211294 -0.232545 -0.115015 -0.0994176 -0.214113
-0.103858 -0.212789 -0.233412 -0.111132 -0.0944751 -0.21543
-0.101197 -0.214075 -0.234679 -0.107713 -0.0912839 -0.216629
-0.100267 -0.21558 -0.235939 -0.105317 -0.0897734 -0.217742
-0.100144 -0.216847 -0.236832 -0.104354 -0.0901619 -0.218697
-0.101353 -0.218132 -0.237401 -0.104472 -0.0921228 -0.219916
-0.104271 -0.21928 -0.237917 -0.105944 -0.0955747 -0.221055
-0.108178 -0.22017 -0.238551 -0.108891 -0.100429 -0.221829
-0.113423 -0.221023 -0.23894 -0.113103 -0.106142 -0.222613
-0.119884 -0.221626 -0.239492 -0.118245 -0.112846 -0.223182
-0.127267 -0.222246 -0.239795 -0.124278 -0.120454 -0.223614
-0.135033 -0.222817 -0.239923 -0.130837 -0.128602 -0.223973
-0.143246 -0.223028 -0.240134 -0.138132 -0.137099 -0.22422
-0.151349 -0.223001 -0.240457 -0.145863 -0.145587 -0.22455
-0.159409 -0.223201 -0.240399 -0.15413 -0.1539 -0.224523
-0.167318 -0.223106 -0.240373 -0.16292 -0.161819 -0.224268
-0.176322 -0.222246 -0.23774 -0.174157 -0.171364 -0.223061
-0.187308 -0.221306 -0.234507 -0.187082 -0.183798 -0.22169
-0.196773 -0.220497 -0.232819 -0.198721 -0.19556 -0.220569
-0.203835 -0.219095 -0.230363 -0.210113 -0.205495 -0.219306
-0.210269 -0.216973 -0.227752 -0.220418 -0.214455 -0.21688
-0.21679 -0.213599 -0.225417 -0.220189 -0.21472 -0.213705
-0.22264 -0.209316 -0.222456 -0.217846 -0.213697 -0.210465
-0.222116 -0.204122 -0.219073 -0.21617 -0.21319 -0.206769
-0.199892 -0.198255 -0.228658 -0.193439 -0.192896 -0.206455
-0.193138 -0.198784 -0.228262 -0.185866 -0.186533 -0.206081
-0.183471 -0.198939 -0.227802 -0.175442 -0.177232 -0.205599
-0.174578 -0.199194 -0.227726 -0.166408 -0.168441 -0.20569
-0.164555 -0.199897 -0.228063 -0.157277 -0.158854 -0.206018
-0.154133 -0.201117 -0.228245 -0.148507 -0.148809 -0.206777
-0.143615 -0.202677 -0.228494 -0.140411 -0.138552 -0.207676
-0.133563 -0.204211 -0.229075 -0.133015 -0.128349 -0.209026
-0.124267 -0.205851 -0.230005 -0.126766 -0.118988 -0.210555
-0.116021 -0.207692 -0.230918 -0.121218 -0.110456 -0.211982
-0.1092 -0.209326 -0.231825 -0.116409 -0.103479 -0.213499
-0.103755 -0.21073 -0.232858 -0.112284 -0.0978322 -0.214938
-0.100189 -0.211941 -0.233819 -0.108768 -0.0938857 -0.216049
-0.0983516 -0.213216 -0.235045 -0.105915 -0.0917217 -0.217274
-0.097987 -0.214823 -0.236231 -0.104104 -0.091401 -0.218515
-0.0987864 -0.216448 -0.237165 -0.103472 -0.0927555 -0.219773
-0.100797 -0.217726 -0.237646 -0.104174 -0.095681 -0.220952
-0.104138 -0.218676 -0.238349 -0.106147 -0.0999552 -0.222117
-0.108814 -0.219864 -0.238687 -0.109455 -0.105103 -0.223155
-0.114782 -0.221088 -0.23898 -0.114234 -0.111121 -0.223966
-0.121847 -0.221837 -0.239611 -0.11989 -0.118196 -0.224582
-0.129788 -0.222299 -0.23997 -0.12633 -0.125927 -0.224987
-0.138077 -0.222518 -0.240264 -0.133336 -0.134002 -0.225347
-0.146451 -0.222852 -0.240331 -0.140821 -0.142396 -0.225557
-0.154765 -0.222969 -0.24041 -0.148675 -0.150561 -0.225816
-0.162815 -0.222972 -0.240355 -0.157121 -0.158402 -0.225823
-0.170641 -0.222786 -0.239716 -0.165924 -0.166247 -0.225344
-0.180698 -0.221807 -0.236129 -0.178185 -0.176705 -0.224106
-0.191976 -0.221064 -0.233913 -0.190287 -0.188875 -0.22295
-0.20066 -0.220031 -0.231749 -0.201452 -0.19919 -0.22195
-0.207987 -0.218239 -0.228888 -0.212554 -0.20866 -0.22024
-0.21479 -0.215317 -0.226334 -0.221473 -0.215818 -0.217314
-0.221921 -0.211421 -0.223638 -0.22093 -0.21546 -0.21379
-0.222966 -0.206596 -0.220906 -0.218319 -0.214682 -0.210206
-0.222431 -0.201172 -0.217757 -0.216174 -0.214517 -0.205967
-0.222238 -0.196384 -0.214227 -0.214276 -0.214259 -0.20132
-0.221798 -0.191258 -0.209222 -0.212403 -0.213786 -0.19578
-0.221674 -0.18506 -0.202512 -0.211115 -0.213665 -0.189199
-0.222256 -0.177709 -0.194251 -0.210138 -0.214116 -0.181668
-0.222574 -0.169552 -0.185424 -0.20984 -0.214812 -0.173361
-0.222891 -0.160745 -0.176048 -0.209783 -0.215741 -0.164478
-0.2237 -0.151555 -0.166168 -0.210123 -0.216945 -0.155171
-0.224715 -0.142194 -0.156234 -0.210793 -0.218202 -0.145597
-0.226035 -0.132825 -0.146824 -0.211565 -0.219773 -0.136005
-0.227298 -0.123664 -0.138235 -0.212733 -0.221066 -0.126706
-0.228471 -0.115312 -0.13065 -0.213775 -0.222314 -0.118039
-0.229804 -0.107889 -0.124037 -0.215196 -0.223594 -0.110145
-0.230822 -0.101072 -0.118646 -0.216672 -0.224571 -0.103333
-0.231624 -0.0951899 -0.114033 -0.218257 -0.225668 -0.0976867
-0.232364 -0.0907058 -0.110439 -0.219847 -0.226722 -0.0935801
-0.232896 -0.0877075 -0.108166 -0.221201 -0.227438 -0.0909513
-0.233701 -0.0859915 -0.107226 -0.222508 -0.228141 -0.0899703
-0.234318 -0.0860481 -0.10731 -0.223731 -0.228972 -0.0901538
-0.234945 -0.0876735 -0.108996 -0.224842 -0.229667 -0.0914172
-0.235495 -0.0907548 -0.112118 -0.225815 -0.230328 -0.0941655
-0.235919 -0.0950132 -0.116491 -0.226498 -0.230827 -0.0983468
-0.236527 -0.100335 -0.121854 -0.227058 -0.231212 -0.10375
-0.236961 -0.106996 -0.12852 -0.227608 -0.231527 -0.110309
-0.237101 -0.114471 -0.136158 -0.228174 -0.231619 -0.117585
-0.237141 -0.122489 -0.144211 -0.228763 -0.231678 -0.125731
-0.236928 -0.130659 -0.152231 -0.229097 -0.231722 -0.134211
-0.236875 -0.139035 -0.160392 -0.229459 -0.231506 -0.142759
-0.236804 -0.147536 -0.168441 -0.229697 -0.231395 -0.151082
-0.236537 -0.155981 -0.176696 -0.229288 -0.230889 -0.159215
-0.234983 -0.165908 -0.189437 -0.226905 -0.229221 -0.168542
-0.23353 -0.176493 -0.204829 -0.225228 -0.227416 -0.178381
-0.232121 -0.187285 -0.218509 -0.223452 -0.225555 -0.187722
-0.230497 -0.198151 -0.231005 -0.221176 -0.223394 -0.197422
-0.228073 -0.205267 -0.239837 -0.218061 -0.220509 -0.2067
-0.224251 -0.203647 -0.239559 -0.215061 -0.217604 -0.209496
-0.220123 -0.203329 -0.236478 -0.211677 -0.21181 -0.20824
-0.215232 -0.202634 -0.233694 -0.207631 -0.206765 -0.207431
-0.210297 -0.202178 -0.232183 -0.203815 -0.201286 -0.20693
-0.204819 -0.201011 -0.230362 -0.198379 -0.196533 -0.206138
-0.198743 -0.200805 -0.228845 -0.191443 -0.190919 -0.205259
-0.191733 -0.201366 -0.228468 -0.183725 -0.184363 -0.204988
-0.183387 -0.201478 -0.227795 -0.175146 -0.176499 -0.204815
-0.174178 -0.201523 -0.227802 -0.165881 -0.167574 -0.204948
-0.164237 -0.202084 -0.228119 -0.156726 -0.158332 -0.20524
-0.15375 -0.203166 -0.228269 -0.147874 -0.148595 -0.205873
-0.143318 -0.204651 -0.228533 -0.139694 -0.138355 -0.206839
-0.133299 -0.206218 -0.2292 -0.13249 -0.128173 -0.208071
-0.124234 -0.207961 -0.229891 -0.126214 -0.11865 -0.20969
-0.116299 -0.209656 -0.230914 -0.120754 -0.110092 -0.211283
-0.109712 -0.211304 -0.231929 -0.116017 -0.103016 -0.212628
-0.104357 -0.213069 -0.232838 -0.111954 -0.0974461 -0.214014
-0.100335 -0.21493 -0.234404 -0.107713 -0.0930908 -0.215433
-0.0989594 -0.21573 -0.235183 -0.105597 -0.091362 -0.216265
-0.0984221 -0.217113 -0.236303 -0.103979 -0.0911627 -0.21776
-0.0991387 -0.218649 -0.237331 -0.103359 -0.09263 -0.219157
-0.101148 -0.219687 -0.23809 -0.104076 -0.0959315 -0.220411
-0.104686 -0.22087 -0.238566 -0.106081 -0.100475 -0.221712
-0.109358 -0.221827 -0.23911 -0.10939 -0.106034 -0.222836
-0.115178 -0.222698 -0.239406 -0.114214 -0.112183 -0.223638
-0.122374 -0.223598 -0.240015 -0.119924 -0.119386 -0.224264
-0.130301 -0.224164 -0.240549 -0.126424 -0.127318 -0.224781
-0.138365 -0.22454 -0.240704 -0.133338 -0.135574 -0.225091
-0.146705 -0.224787 -0.24079 -0.140866 -0.143823 -0.225379
-0.155044 -0.224942 -0.240808 -0.149354 -0.151859 -0.22566
-0.163174 -0.225034 -0.240777 -0.157704 -0.159683 -0.225662
-0.173233 -0.224493 -0.238959 -0.168942 -0.169704 -0.224758
-0.184438 -0.223784 -0.235825 -0.181077 -0.1815 -0.223521
-0.195294 -0.223293 -0.233916 -0.1922 -0.193904 -0.222494
-0.203237 -0.222177 -0.231282 -0.203195 -0.203758 -0.221402
-0.210124 -0.220158 -0.228474 -0.213593 -0.212822 -0.219368
-0.217095 -0.216824 -0.226269 -0.221818 -0.21557 -0.216162
-0.224387 -0.212269 -0.223319 -0.222287 -0.215341 -0.211958
-0.224073 -0.206664 -0.220986 -0.219855 -0.215225 -0.208441
-0.222776 -0.2017 -0.217835 -0.218021 -0.214552 -0.20396
-0.222344 -0.196907 -0.213665 -0.216661 -0.213378 -0.199554
-0.221766 -0.191629 -0.208213 -0.214339 -0.212409 -0.193719
-0.221389 -0.184978 -0.201174 -0.213234 -0.212528 -0.186739
-0.222035 -0.177182 -0.192896 -0.211874 -0.213079 -0.178766
-0.222694 -0.16872 -0.183983 -0.211386 -0.214139 -0.170143
-0.223423 -0.159736 -0.17452 -0.211394 -0.215224 -0.161199
-0.224478 -0.150577 -0.164335 -0.21159 -0.216289 -0.151755
-0.225378 -0.141388 -0.154163 -0.212451 -0.217752 -0.142116
-0.22636 -0.132267 -0.144988 -0.213187 -0.218965 -0.132759
-0.227531 -0.123373 -0.136507 -0.214218 -0.220455 -0.123787
-0.228822 -0.115137 -0.12924 -0.215379 -0.221639 -0.115288
-0.229955 -0.107819 -0.123188 -0.216865 -0.22297 -0.10781
-0.230989 -0.101197 -0.117959 -0.218238 -0.224025 -0.101254
-0.231949 -0.0958614 -0.113517 -0.219656 -0.225132 -0.0960727
-0.232623 -0.0917904 -0.110308 -0.22116 -0.226145 -0.092232
-0.233325 -0.0890883 -0.108376 -0.222774 -0.226941 -0.0901241
-0.23392 -0.0879034 -0.107823 -0.224216 -0.227792 -0.0895916
-0.234396 -0.0883855 -0.108161 -0.22525 -0.228592 -0.0902217
-0.235233 -0.0904439 -0.110281 -0.226184 -0.229375 -0.0920051
-0.235913 -0.0938717 -0.113805 -0.227022 -0.230127 -0.0949859
-0.236242 -0.0984939 -0.118302 -0.227963 -0.230835 -0.0993975
-0.236614 -0.104277 -0.123895 -0.228815 -0.231343 -0.105122
-0.236762 -0.111058 -0.130699 -0.229627 -0.231542 -0.112295
-0.237029 -0.118754 -0.138467 -0.230214 -0.231656 -0.12
-0.237165 -0.127012 -0.146644 -0.230613 -0.231634 -0.12809
-0.237207 -0.135277 -0.154894 -0.230917 -0.231892 -0.136258
-0.237231 -0.143742 -0.163218 -0.231277 -0.232052 -0.144605
-0.237299 -0.151988 -0.171236 -0.23139 -0.232072 -0.152866
-0.236744 -0.160647 -0.180595 -0.230194 -0.231444 -0.161626
-0.235286 -0.170573 -0.194727 -0.227932 -0.229942 -0.171279
-0.2338 -0.180914 -0.2097 -0.226211 -0.228342 -0.180697
-0.23233 -0.191604 -0.223142 -0.224358 -0.226673 -0.18998
-0.230674 -0.201277 -0.235841 -0.221923 -0.224651 -0.199219
-0.227938 -0.206388 -0.24274 -0.21868 -0.222054 -0.206905
-0.22423 -0.204314 -0.241628 -0.215304 -0.219035 -0.210099
-0.22029 -0.203765 -0.238109 -0.211195 -0.213362 -0.208669
-0.21478 -0.202848 -0.236061 -0.206965 -0.207923 -0.207626
-0.209284 -0.202166 -0.233513 -0.202815 -0.202055 -0.206828
-0.203374 -0.200911 -0.231753 -0.197015 -0.196826 -0.205752
-0.196949 -0.200604 -0.230834 -0.189747 -0.190705 -0.204664
-0.189637 -0.200898 -0.230011 -0.181681 -0.183519 -0.204209
-0.181122 -0.200784 -0.229486 -0.172927 -0.175179 -0.203977
-0.171837 -0.20076 -0.229618 -0.163804 -0.165794 -0.203968
-0.161718 -0.201113 -0.229936 -0.154676 -0.156339 -0.204318
-0.15123 -0.202138 -0.230307 -0.145963 -0.146665 -0.205084
-0.140502 -0.203705 -0.230864 -0.138127 -0.136692 -0.206197
-0.130484 -0.205532 -0.231651 -0.131122 -0.126853 -0.207664
-0.121323 -0.207395 -0.232558 -0.12506 -0.117672 -0.20922
-0.113728 -0.20899 -0.233397 -0.119963 -0.10946 -0.210699
-0.107529 -0.210629 -0.234562 -0.115397 -0.102462 -0.212187
-0.103173 -0.212306 -0.235919 -0.111291 -0.0970695 -0.213498
-0.100589 -0.213789 -0.237223 -0.10794 -0.0934602 -0.214439
-0.0995424 -0.215217 -0.238523 -0.105383 -0.091569 -0.215832
-0.0993807 -0.216467 -0.239452 -0.104211 -0.091571 -0.217278
-0.100216 -0.217684 -0.240155 -0.104251 -0.0933839 -0.218597
-0.102338 -0.219082 -0.240609 -0.105797 -0.0967992 -0.220081
-0.10611 -0.22045 -0.241118 -0.108647 -0.101497 -0.221315
-0.11128 -0.221397 -0.241442 -0.112557 -0.107156 -0.222116
-0.117688 -0.222235 -0.241714 -0.117531 -0.113732 -0.222894
-0.12508 -0.222943 -0.242025 -0.12345 -0.121166 -0.223626
-0.133096 -0.223303 -0.242194 -0.129974 -0.129298 -0.223952
-0.14128 -0.22363 -0.242335 -0.137032 -0.137716 -0.224181
-0.149505 -0.224026 -0.242475 -0.144435 -0.14628 -0.224328
-0.157612 -0.224352 -0.242127 -0.153032 -0.154351 -0.224458
-0.165647 -0.224358 -0.241812 -0.161411 -0.162137 -0.224202
-0.173915 -0.223815 -0.239908 -0.170826 -0.170773 -0.223412
-0.184864 -0.223154 -0.237137 -0.182163 -0.182825 -0.222161
-0.195138 -0.222541 -0.235234 -0.192074 -0.194974 -0.221174
-0.202545 -0.221308 -0.232452 -0.202027 -0.204665 -0.219807
-0.209183 -0.219077 -0.229688 -0.211482 -0.21361 -0.217469
-0.215355 -0.215772 -0.227074 -0.219289 -0.217807 -0.214436
-0.222195 -0.211337 -0.224019 -0.220078 -0.217074 -0.210293
-0.224348 -0.205604 -0.221396 -0.21816 -0.216966 -0.206402
-0.222522 -0.199879 -0.218093 -0.215317 -0.215909 -0.201828
-0.222116 -0.194864 -0.213802 -0.213645 -0.215022 -0.196941
-0.221252 -0.189452 -0.208388 -0.211409 -0.21358 -0.190873
-0.22114 -0.182883 -0.201064 -0.21009 -0.213261 -0.18379
-0.221459 -0.173602 -0.190813 -0.20847 -0.213383 -0.174035
-0.221895 -0.16504 -0.18166 -0.207843 -0.214242 -0.165286
-0.222345 -0.155845 -0.171956 -0.207678 -0.215412 -0.156141
-0.223235 -0.146548 -0.162044 -0.20799 -0.216825 -0.146879
-0.224349 -0.137165 -0.152209 -0.208788 -0.218131 -0.137725
-0.225264 -0.128034 -0.143125 -0.209685 -0.21932 -0.128477
-0.226343 -0.119401 -0.134722 -0.21107 -0.220514 -0.119588
-0.227428 -0.111668 -0.127732 -0.21243 -0.221666 -0.111545
-0.228608 -0.104475 -0.121785 -0.213699 -0.222613 -0.104223
-0.229862 -0.098043 -0.116879 -0.215148 -0.22388 -0.0980947
-0.230875 -0.0931248 -0.113076 -0.216601 -0.225076 -0.093272
-0.23172 -0.0895279 -0.110252 -0.218204 -0.22598 -0.0899202
-0.232491 -0.0873916 -0.108838 -0.219628 -0.226926 -0.0884064
-0.233424 -0.0866966 -0.108435 -0.221066 -0.227712 -0.0882523
-0.23403 -0.0877654 -0.109425 -0.222271 -0.228717 -0.0888738
-0.234843 -0.0903925 -0.112202 -0.223395 -0.229647 -0.0909824
-0.235513 -0.0941222 -0.116178 -0.224256 -0.230228 -0.0943208
-0.236139 -0.0991535 -0.121164 -0.225017 -0.230762 -0.099165
-0.236762 -0.105479 -0.127416 -0.225694 -0.23135 -0.105165
-0.23711 -0.1127 -0.134833 -0.226409 -0.231674 -0.112323
-0.237353 -0.120471 -0.142894 -0.227117 -0.231728 -0.120077
-0.237486 -0.12843 -0.150718 -0.227605 -0.231842 -0.128374
-0.237487 -0.136843 -0.158786 -0.227991 -0.231963 -0.136907
-0.237564 -0.145172 -0.166687 -0.228373 -0.231963 -0.145339
-0.237437 -0.153334 -0.174441 -0.228382 -0.231914 -0.153416
-0.236367 -0.162399 -0.186214 -0.226422 -0.230717 -0.162589
-0.234798 -0.172269 -0.20184 -0.224832 -0.229179 -0.172251
-0.233353 -0.182458 -0.216898 -0.223298 -0.227654 -0.181477
-0.232012 -0.193089 -0.23002 -0.221361 -0.226024 -0.191012
-0.229723 -0.202326 -0.241103 -0.218555 -0.223536 -0.199946
-0.226996 -0.20666 -0.243004 -0.215339 -0.221237 -0.206973
-0.223123 -0.204788 -0.24115 -0.211679 -0.217751 -0.207696
-0.219052 -0.204503 -0.237858 -0.207323 -0.211723 -0.206406
-0.212626 -0.203777 -0.23474 -0.203359 -0.205925 -0.205679
-0.207415 -0.203191 -0.231734 -0.198784 -0.199594 -0.205354
-0.201272 -0.202216 -0.23079 -0.192389 -0.194214 -0.204435
-0.194846 -0.202092 -0.229527 -0.184565 -0.188163 -0.203224
-0.187668 -0.202149 -0.228452 -0.176089 -0.180915 -0.202458
-0.179367 -0.202244 -0.228017 -0.167077 -0.172132 -0.202104
-0.169785 -0.20249 -0.227506 -0.158082 -0.162418 -0.202165
-0.159423 -0.203355 -0.227804 -0.149258 -0.152216 -0.202888
-0.148519 -0.204693 -0.22807 -0.140834 -0.142066 -0.204058
-0.1378 -0.206429 -0.228473 -0.133365 -0.132466 -0.205283
-0.127948 -0.20802 -0.229202 -0.126836 -0.123366 -0.206864
-0.11916 -0.209226 -0.230002 -0.121217 -0.114952 -0.208143
-0.111939 -0.210778 -0.231077 -0.116315 -0.1074 -0.209458
-0.10627 -0.212562 -0.232672 -0.111938 -0.10123 -0.210871
-0.10217 -0.214045 -0.233998 -0.108299 -0.0964805 -0.212067
-0.0997955 -0.215171 -0.235034 -0.105153 -0.0936916 -0.213196
-0.0989605 -0.21651 -0.235986 -0.10302 -0.0930618 -0.214506
-0.0990459 -0.218008 -0.237002 -0.102191 -0.0939939 -0.215931
-0.100431 -0.219354 -0.237589 -0.10264 -0.0964293 -0.217319
-0.103319 -0.220869 -0.237933 -0.104201 -0.100156 -0.21885
-0.107767 -0.222204 -0.23849 -0.106918 -0.105175 -0.220027
-0.113506 -0.223293 -0.238583 -0.111156 -0.111255 -0.22071
-0.120283 -0.224074 -0.239181 -0.116349 -0.117897 -0.221319
-0.127994 -0.224635 -0.239387 -0.122172 -0.125594 -0.221863
-0.13592 -0.225328 -0.239538 -0.128569 -0.13349 -0.222315
-0.144032 -0.226094 -0.239451 -0.135587 -0.141572 -0.222776
-0.152185 -0.226759 -0.239095 -0.14323 -0.149461 -0.223056
-0.16039 -0.227079 -0.238842 -0.152162 -0.157095 -0.223284
-0.168228 -0.22707 -0.2383 -0.160081 -0.164479 -0.223205
-0.17801 -0.226637 -0.235883 -0.16981 -0.175141 -0.222006
-0.188981 -0.226277 -0.234167 -0.180415 -0.18822 -0.221015
-0.197545 -0.225416 -0.232114 -0.19003 -0.199837 -0.219746
-0.203518 -0.224118 -0.229644 -0.199274 -0.20897 -0.218203
-0.208902 -0.221647 -0.227554 -0.207787 -0.211456 -0.215586
-0.215829 -0.217261 -0.224893 -0.215275 -0.211905 -0.21226
-0.220741 -0.211264 -0.22294 -0.219319 -0.212645 -0.208524
-0.220013 -0.205148 -0.220934 -0.21809 -0.213131 -0.204055
-0.218388 -0.200166 -0.216707 -0.216295 -0.211811 -0.199612
-0.217495 -0.19537 -0.2107 -0.215045 -0.210206 -0.194356
-0.216585 -0.189742 -0.203509 -0.213263 -0.208595 -0.187942
-0.216386 -0.182501 -0.195421 -0.211724 -0.208486 -0.180338
-0.216658 -0.174251 -0.186996 -0.210296 -0.209137 -0.171797
-0.217261 -0.165315 -0.177925 -0.209722 -0.210429 -0.162717
-0.218084 -0.156001 -0.168066 -0.209397 -0.211683 -0.15337
-0.219063 -0.146701 -0.157865 -0.209655 -0.213085 -0.143871
-0.220023 -0.137528 -0.14821 -0.210309 -0.214487 -0.134509
-0.221069 -0.128457 -0.139374 -0.211255 -0.215609 -0.125168
-0.222042 -0.12009 -0.131868 -0.21266 -0.21691 -0.116365
-0.223109 -0.112415 -0.125663 -0.213883 -0.21796 -0.108391
-0.224324 -0.105515 -0.120578 -0.215283 -0.219154 -0.101363
-0.225592 -0.0995859 -0.116258 -0.216668 -0.22051 -0.0955238
-0.226494 -0.0946853 -0.11276 -0.218402 -0.221918 -0.0910229
-0.227163 -0.0913731 -0.10987 -0.220105 -0.22294 -0.088009
-0.227634 -0.0893629 -0.108155 -0.221741 -0.223649 -0.0867797
-0.228192 -0.0891252 -0.107647 -0.223435 -0.224247 -0.0868234
-0.228832 -0.0904422 -0.108587 -0.224689 -0.224958 -0.0877755
-0.229659 -0.093145 -0.111309 -0.22582 -0.225797 -0.0899315
-0.230275 -0.097046 -0.115448 -0.226604 -0.226531 -0.0935045
-0.230953 -0.102137 -0.120627 -0.227395 -0.227177 -0.098445
-0.231714 -0.108398 -0.127106 -0.228174 -0.227866 -0.104578
-0.232158 -0.115511 -0.134259 -0.228775 -0.228163 -0.111763
-0.232421 -0.123605 -0.142154 -0.229552 -0.228345 -0.119723
-0.232531 -0.132182 -0.150174 -0.230043 -0.228473 -0.128159
-0.232391 -0.140711 -0.158148 -0.230499 -0.228482 -0.136688
-0.232229 -0.149074 -0.165795 -0.230823 -0.228523 -0.145068
-0.232083 -0.157272 -0.17396 -0.23044 -0.228338 -0.153014
-0.230759 -0.16632 -0.186915 -0.22841 -0.226961 -0.162174
-0.229147 -0.17613 -0.203235 -0.22704 -0.225412 -0.171741
-0.227716 -0.186303 -0.218155 -0.22564 -0.22374 -0.180913
-0.226158 -0.196447 -0.231388 -0.223524 -0.222095 -0.190553
-0.224502 -0.204661 -0.235143 -0.22044 -0.220101 -0.198642
-0.222664 -0.208173 -0.234775 -0.216685 -0.218608 -0.204901
-0.219617 -0.206154 -0.23322 -0.211937 -0.216028 -0.208126
-0.215356 -0.205997 -0.230984 -0.207772 -0.210435 -0.207108
-0.208504 -0.205815 -0.225538 -0.204247 -0.20375 -0.206995
-0.201971 -0.205781 -0.222482 -0.199492 -0.196495 -0.20704
-0.195639 -0.204958 -0.221966 -0.19285 -0.190425 -0.205776
-0.189515 -0.204344 -0.220482 -0.184731 -0.184264 -0.20454
-0.182208 -0.204334 -0.220078 -0.175679 -0.177041 -0.203511
-0.17375 -0.204135 -0.219603 -0.166485 -0.168412 -0.202937
-0.163749 -0.204094 -0.219058 -0.157444 -0.158207 -0.202893
-0.152861 -0.204648 -0.219671 -0.148884 -0.14726 -0.203699
-0.141634 -0.205793 -0.220263 -0.140758 -0.136825 -0.20501
-0.130806 -0.207505 -0.220649 -0.133604 -0.127158 -0.206176
-0.121019 -0.209295 -0.221407 -0.127169 -0.117984 -0.207554
-0.113107 -0.210727 -0.223014 -0.121558 -0.109759 -0.208766
-0.106735 -0.212165 -0.224536 -0.116527 -0.102445 -0.209842
-0.101639 -0.21346 -0.226109 -0.112178 -0.0967091 -0.210889
-0.0977526 -0.214521 -0.227687 -0.108466 -0.0925325 -0.212109
-0.095528 -0.215595 -0.229114 -0.105459 -0.0902637 -0.213634
-0.0945168 -0.216949 -0.230389 -0.103479 -0.089953 -0.215253
-0.0948365 -0.21857 -0.23153 -0.102912 -0.0911183 -0.216551
-0.0967857 -0.220298 -0.232335 -0.103806 -0.0938321 -0.218244
-0.100467 -0.221932 -0.233158 -0.105947 -0.0979594 -0.219798
-0.105324 -0.222999 -0.233939 -0.109105 -0.103351 -0.221004
-0.111463 -0.22378 -0.23466 -0.113457 -0.10944 -0.221707
-0.118251 -0.224467 -0.235752 -0.118712 -0.116237 -0.222284
-0.125711 -0.224961 -0.236395 -0.124783 -0.12389 -0.222531
-0.133386 -0.225379 -0.23674 -0.131462 -0.131727 -0.222745
-0.141253 -0.225904 -0.237187 -0.138365 -0.139695 -0.223154
-0.149088 -0.226384 -0.237061 -0.146461 -0.14742 -0.223455
-0.157094 -0.226621 -0.236993 -0.155497 -0.154866 -0.223896
-0.164769 -0.226421 -0.236625 -0.16366 -0.16259 -0.223578
-0.175312 -0.225909 -0.234171 -0.173848 -0.173966 -0.222387
-0.186689 -0.225312 -0.232389 -0.184213 -0.187283 -0.221207
-0.195212 -0.224617 -0.230459 -0.193397 -0.198447 -0.219882
-0.201733 -0.223175 -0.227999 -0.202661 -0.207526 -0.218215
-0.207839 -0.220492 -0.225703 -0.211282 -0.211577 -0.215543
-0.214987 -0.216325 -0.223257 -0.218116 -0.211919 -0.211753
-0.219915 -0.210405 -0.220758 -0.219473 -0.212571 -0.207709
-0.218611 -0.204167 -0.218029 -0.21763 -0.212814 -0.203152
-0.217172 -0.199041 -0.213651 -0.216159 -0.211771 -0.198674
-0.216288 -0.193958 -0.207336 -0.214384 -0.209821 -0.193361
-0.2156 -0.188075 -0.199588 -0.212448 -0.208522 -0.186728
-0.2156 -0.180876 -0.191484 -0.210956 -0.208661 -0.179042
-0.216051 -0.172775 -0.183058 -0.209618 -0.209035 -0.170561
-0.216739 -0.163702 -0.173766 -0.209066 -0.210236 -0.161448
-0.217591 -0.154489 -0.164028 -0.208782 -0.21168 -0.152105
-0.218492 -0.144981 -0.154154 -0.209062 -0.213398 -0.14245
-0.219482 -0.135562 -0.145255 -0.209782 -0.214969 -0.133043
-0.220593 -0.126514 -0.137203 -0.210708 -0.216482 -0.123956
-0.221659 -0.118389 -0.130397 -0.212081 -0.217786 -0.115313
-0.222691 -0.11108 -0.124867 -0.213451 -0.218774 -0.107415
-0.223888 -0.104679 -0.120248 -0.214771 -0.219856 -0.100456
-0.225061 -0.0992706 -0.116258 -0.216256 -0.221021 -0.094787
-0.226059 -0.094698 -0.112892 -0.21784 -0.2223 -0.0903841
-0.227103 -0.0914483 -0.110377 -0.219392 -0.223429 -0.087685
-0.227737 -0.0896 -0.108661 -0.220832 -0.224284 -0.0867175
-0.228382 -0.0892697 -0.108087 -0.222174 -0.225365 -0.0868253
-0.228926 -0.0905851 -0.108781 -0.223436 -0.226461 -0.0881213
-0.229548 -0.0934226 -0.111269 -0.224632 -0.227222 -0.0908847
-0.230225 -0.0973891 -0.115249 -0.225549 -0.227818 -0.0948935
-0.230789 -0.102693 -0.1203 -0.226389 -0.228285 -0.100167
-0.231257 -0.109264 -0.126501 -0.227094 -0.228643 -0.106489
-0.231754 -0.116545 -0.133713 -0.227726 -0.228943 -0.113621
-0.231916 -0.124356 -0.141653 -0.228289 -0.229325 -0.121483
-0.231993 -0.132408 -0.14955 -0.228686 -0.229498 -0.129891
-0.232072 -0.140689 -0.157353 -0.22904 -0.22962 -0.138425
-0.232144 -0.149029 -0.16499 -0.229368 -0.229715 -0.14672
-0.231901 -0.157332 -0.172931 -0.229015 -0.229527 -0.154819
-0.230435 -0.166602 -0.185905 -0.227048 -0.227939 -0.163852
-0.228815 -0.176477 -0.201853 -0.225552 -0.226158 -0.173103
-0.227281 -0.18678 -0.216449 -0.223933 -0.224314 -0.182004
-0.22565 -0.196883 -0.229498 -0.221597 -0.222319 -0.191316
-0.223706 -0.204979 -0.234206 -0.218731 -0.219965 -0.199375
-0.221665 -0.206995 -0.233724 -0.215263 -0.218263 -0.205695
-0.217135 -0.205492 -0.231248 -0.209528 -0.214283 -0.207011
-0.212686 -0.205387 -0.227931 -0.205446 -0.207906 -0.20627
-0.205455 -0.204794 -0.223318 -0.201661 -0.201351 -0.206132
-0.199602 -0.204273 -0.221511 -0.196021 -0.194207 -0.205608
-0.193185 -0.203572 -0.220389 -0.188791 -0.1884 -0.204396
-0.186654 -0.203619 -0.21845 -0.180486 -0.182037 -0.203297
-0.179071 -0.203623 -0.217794 -0.171511 -0.174474 -0.202696
-0.169987 -0.203556 -0.217579 -0.162227 -0.165337 -0.202711
-0.159789 -0.203711 -0.217594 -0.153372 -0.155204 -0.202841
-0.148765 -0.204526 -0.21826 -0.14468 -0.144832 -0.203446
-0.137697 -0.206111 -0.218618 -0.13699 -0.134799 -0.204362
-0.127094 -0.207971 -0.219266 -0.130167 -0.12505 -0.205625
-0.117632 -0.209464 -0.220282 -0.123986 -0.115915 -0.206777
-0.109429 -0.211003 -0.221678 -0.118695 -0.107913 -0.208053
-0.102717 -0.212346 -0.22322 -0.114002 -0.101197 -0.209334
-0.0975014 -0.213877 -0.225033 -0.109894 -0.0963007 -0.210546
-0.0936426 -0.215186 -0.226597 -0.106432 -0.0931253 -0.211882
-0.0917303 -0.216357 -0.227791 -0.103813 -0.0914523 -0.21343
-0.0910329 -0.217801 -0.229022 -0.102524 -0.0917097 -0.215182
-0.0921363 -0.219363 -0.230183 -0.102281 -0.0935695 -0.216624
-0.095113 -0.221112 -0.230871 -0.103244 -0.0968816 -0.218253
-0.0998428 -0.222499 -0.231752 -0.105459 -0.101539 -0.219706
-0.105579 -0.223715 -0.232435 -0.109059 -0.107288 -0.220801
-0.112382 -0.224869 -0.232784 -0.113799 -0.113741 -0.221771
-0.119581 -0.225953 -0.233363 -0.119456 -0.120717 -0.222514
-0.127318 -0.226715 -0.233708 -0.125854 -0.128464 -0.222988
-0.135279 -0.227309 -0.233778 -0.132736 -0.136397 -0.223481
-0.14351 -0.227681 -0.23404 -0.139959 -0.144164 -0.223886
-0.151611 -0.22814 -0.23391 -0.148291 -0.151806 -0.224257
-0.15947 -0.228352 -0.234044 -0.15645 -0.15926 -0.224306
-0.168068 -0.227984 -0.23231 -0.165732 -0.167904 -0.223446
-0.179632 -0.227216 -0.229674 -0.177027 -0.180328 -0.222184
-0.189937 -0.226681 -0.228057 -0.187332 -0.192658 -0.221138
-0.197141 -0.225561 -0.22559 -0.197797 -0.202108 -0.219719
-0.203879 -0.223704 -0.223371 -0.207707 -0.209046 -0.217625
-0.211012 -0.220255 -0.221558 -0.215837 -0.209395 -0.214453
-0.218324 -0.215143 -0.218979 -0.221372 -0.210103 -0.210775
-0.218183 -0.209179 -0.217033 -0.220361 -0.210471 -0.206346
-0.21683 -0.204058 -0.214095 -0.219083 -0.210282 -0.202199
-0.215673 -0.199241 -0.208632 -0.217988 -0.208531 -0.197512
-0.214928 -0.19384 -0.201434 -0.215782 -0.207141 -0.191706
-0.214904 -0.187117 -0.19405 -0.213901 -0.206998 -0.184612
-0.215399 -0.17925 -0.18634 -0.212372 -0.208087 -0.176413
-0.216509 -0.170712 -0.177827 -0.211506 -0.209597 -0.167612
-0.217605 -0.161663 -0.168263 -0.21136 -0.211253 -0.158494
-0.218721 -0.152474 -0.158244 -0.211784 -0.212821 -0.149125
-0.21968 -0.143096 -0.148549 -0.212321 -0.214418 -0.139561
-0.22079 -0.133763 -0.140144 -0.213314 -0.215866 -0.130203
-0.222073 -0.125025 -0.133141 -0.214514 -0.217235 -0.121056
-0.223558 -0.117115 -0.127704 -0.215697 -0.218767 -0.112584
-0.224756 -0.110094 -0.123088 -0.217166 -0.2204 -0.104913
-0.225936 -0.104084 -0.119249 -0.218641 -0.221729 -0.0983124
-0.226713 -0.0993997 -0.115631 -0.220386 -0.222927 -0.0931093
-0.22733 -0.095466 -0.112279 -0.222201 -0.223967 -0.0895564
-0.227838 -0.0926077 -0.110013 -0.223909 -0.224701 -0.0875476
-0.228207 -0.091297 -0.108999 -0.225481 -0.225241 -0.086991
-0.228978 -0.0917784 -0.108714 -0.226681 -0.225848 -0.0873746
-0.229909 -0.0939961 -0.109796 -0.227632 -0.226617 -0.0889471
-0.230725 -0.0974472 -0.112775 -0.22849 -0.227568 -0.0918141
-0.231365 -0.101873 -0.116978 -0.229382 -0.22827 -0.0962227
-0.231786 -0.107212 -0.122045 -0.230073 -0.229117 -0.102085
-0.232318 -0.113597 -0.128447 -0.230634 -0.229442 -0.108932
-0.232769 -0.121026 -0.135873 -0.231159 -0.22974 -0.116618
-0.233328 -0.129233 -0.143634 -0.231527 -0.229861 -0.124735
-0.233192 -0.137659 -0.151417 -0.231921 -0.23005 -0.133083
-0.233343 -0.146076 -0.159065 -0.232221 -0.230224 -0.141478
-0.233508 -0.154154 -0.166271 -0.232271 -0.230376 -0.149637
-0.232902 -0.162452 -0.175535 -0.231019 -0.229729 -0.15824
-0.231714 -0.171575 -0.189739 -0.229076 -0.22823 -0.167734
-0.229953 -0.180805 -0.204609 -0.227516 -0.226524 -0.177145
-0.228583 -0.190776 -0.217982 -0.225704 -0.22474 -0.186819
-0.226876 -0.200146 -0.230123 -0.223276 -0.222653 -0.196207
-0.224651 -0.207799 -0.234714 -0.220134 -0.220537 -0.20389
-0.22233 -0.209538 -0.234143 -0.216433 -0.218093 -0.209924
-0.218061 -0.207777 -0.231303 -0.211635 -0.214441 -0.209658
-0.213383 -0.207387 -0.228323 -0.207156 -0.207775 -0.208592
-0.205801 -0.206823 -0.223698 -0.203079 -0.201504 -0.208003
-0.199999 -0.206662 -0.221161 -0.197471 -0.194525 -0.207315
-0.193138 -0.206089 -0.220344 -0.190337 -0.188447 -0.205958
-0.186428 -0.205924 -0.218375 -0.182084 -0.18158 -0.204976
-0.178677 -0.205806 -0.217054 -0.173124 -0.173629 -0.204202
-0.169552 -0.205661 -0.216797 -0.163995 -0.164549 -0.203926
-0.15938 -0.205819 -0.216548 -0.154874 -0.154647 -0.20411
-0.148543 -0.206374 -0.217078 -0.146212 -0.14474 -0.204807
-0.137513 -0.207883 -0.217492 -0.138287 -0.134896 -0.205895
-0.12696 -0.2099 -0.217839 -0.131308 -0.125231 -0.207312
-0.117599 -0.211784 -0.218551 -0.125297 -0.11598 -0.209
-0.109899 -0.213699 -0.219437 -0.12 -0.107652 -0.210403
-0.103464 -0.215266 -0.220922 -0.115411 -0.100856 -0.211848
-0.0988995 -0.216835 -0.22271 -0.111364 -0.0960196 -0.213132
-0.0961062 -0.218237 -0.224799 -0.107854 -0.0932836 -0.21431
-0.0949354 -0.219481 -0.226362 -0.10499 -0.0923534 -0.215579
-0.0950178 -0.221242 -0.227807 -0.103534 -0.0929686 -0.21703
-0.0961948 -0.223117 -0.228931 -0.103508 -0.0948556 -0.218699
-0.0991888 -0.224987 -0.229423 -0.105109 -0.0979975 -0.220698
-0.103627 -0.226547 -0.229986 -0.108117 -0.102535 -0.222569
-0.109374 -0.227739 -0.230385 -0.112291 -0.108297 -0.223938
-0.116299 -0.228906 -0.231341 -0.117176 -0.114726 -0.225165
-0.123957 -0.229938 -0.232235 -0.123019 -0.122134 -0.225747
-0.131886 -0.230716 -0.232704 -0.129559 -0.130137 -0.225979
-0.139667 -0.231541 -0.232939 -0.136416 -0.138007 -0.226368
-0.147388 -0.232264 -0.233035 -0.143785 -0.145656 -0.226716
-0.154907 -0.232464 -0.232793 -0.152317 -0.153124 -0.226962
-0.162434 -0.232879 -0.23296 -0.160571 -0.160539 -0.227019
-0.170617 -0.232939 -0.231504 -0.169391 -0.169084 -0.226206
-0.181378 -0.23267 -0.229293 -0.179667 -0.18148 -0.224965
-0.191203 -0.232102 -0.227598 -0.189207 -0.19398 -0.223987
-0.227746 -0.0999752 -0.111116 -0.224265 -0.223711 -0.0918615
-0.228603 -0.0976012 -0.109319 -0.225796 -0.224892 -0.0903166
-0.22955 -0.0965965 -0.108272 -0.227184 -0.225709 -0.090326
-0.230655 -0.0974532 -0.108383 -0.228086 -0.226701 -0.0910431
-0.231767 -0.09995 -0.110122 -0.229049 -0.227741 -0.09314
-0.232826 -0.103611 -0.113176 -0.229915 -0.228637 -0.0965632
-0.233539 -0.108201 -0.117173 -0.230652 -0.229586 -0.101334
-0.234211 -0.113818 -0.122838 -0.231457 -0.230201 -0.107451
-0.234718 -0.120539 -0.129464 -0.231873 -0.230557 -0.114529
-0.235097 -0.1282 -0.136761 -0.232432 -0.230789 -0.122341
-0.235293 -0.13656 -0.144581 -0.232864 -0.231033 -0.130415
-0.235157 -0.144937 -0.152245 -0.233261 -0.23127 -0.138937
-0.235176 -0.153102 -0.159877 -0.23353 -0.231425 -0.147309
-0.235066 -0.160932 -0.167056 -0.233275 -0.231462 -0.155313
-0.234072 -0.169721 -0.178559 -0.231331 -0.230388 -0.163994
-0.232514 -0.179169 -0.194186 -0.229595 -0.22893 -0.172922
-0.230927 -0.188866 -0.208876 -0.227974 -0.227161 -0.181538
-0.229696 -0.198963 -0.221835 -0.225921 -0.225536 -0.190639
-0.227531 -0.20748 -0.233246 -0.223093 -0.223145 -0.199298
-0.225265 -0.213132 -0.235375 -0.219677 -0.221001 -0.206372
-0.222164 -0.21097 -0.233903 -0.215869 -0.21815 -0.210725
-0.217653 -0.210247 -0.230572 -0.211277 -0.212903 -0.208761
-0.211717 -0.209344 -0.227376 -0.206984 -0.206574 -0.20786
-0.204994 -0.208733 -0.22382 -0.202684 -0.200051 -0.207183
-0.199101 -0.207609 -0.222136 -0.196559 -0.193847 -0.205985
-0.192766 -0.206714 -0.221061 -0.188987 -0.187719 -0.20462
-0.185932 -0.206505 -0.219844 -0.180529 -0.180578 -0.203548
-0.177752 -0.206084 -0.218779 -0.171585 -0.172265 -0.20278
-0.168143 -0.205807 -0.218239 -0.162356 -0.162787 -0.202506
-0.158032 -0.206056 -0.218737 -0.153483 -0.152704 -0.202927
-0.147431 -0.206603 -0.21899 -0.144851 -0.142762 -0.203845
-0.136834 -0.208082 -0.219428 -0.13716 -0.133395 -0.204963
-0.126865 -0.209823 -0.22023 -0.130407 -0.124237 -0.206364
-0.118124 -0.21136 -0.221149 -0.124443 -0.116014 -0.207637
-0.110379 -0.212957 -0.222681 -0.119356 -0.108471 -0.20885
-0.104467 -0.214449 -0.224312 -0.114737 -0.102164 -0.209997
-0.100321 -0.215923 -0.225977 -0.110747 -0.0971778 -0.211224
-0.0976806 -0.21725 -0.227481 -0.107407 -0.0937589 -0.212431
-0.0965751 -0.219012 -0.2288 -0.105157 -0.0923162 -0.213847
-0.0971194 -0.22067 -0.230045 -0.104213 -0.0930903 -0.215536
-0.099032 -0.222005 -0.230856 -0.105043 -0.0953971 -0.217148
-0.10224 -0.223307 -0.231303 -0.107185 -0.09898 -0.218533
-0.106547 -0.225004 -0.231914 -0.110604 -0.103874 -0.220294
-0.112203 -0.226458 -0.232414 -0.11485 -0.109599 -0.221524
-0.118768 -0.227567 -0.232795 -0.120093 -0.116356 -0.222339
-0.126184 -0.228382 -0.233304 -0.126118 -0.123819 -0.22312
-0.133916 -0.229 -0.233759 -0.132779 -0.131622 -0.223633
-0.141966 -0.22941 -0.233962 -0.139816 -0.139722 -0.223923
-0.149809 -0.230274 -0.233937 -0.147421 -0.147782 -0.224316
-0.157755 -0.23107 -0.234041 -0.156079 -0.155359 -0.224514
-0.165268 -0.231434 -0.233719 -0.164158 -0.1628 -0.224425
-0.174949 -0.231159 -0.231205 -0.173945 -0.17304 -0.223207
-0.186274 -0.230752 -0.229203 -0.184437 -0.186216 -0.222139
-0.195292 -0.23012 -0.227036 -0.193611 -0.198034 -0.22125
-0.201806 -0.2288 -0.224354 -0.202549 -0.207182 -0.219804
-0.207516 -0.226375 -0.222708 -0.21093 -0.208886 -0.217265
-0.214696 -0.222104 -0.220593 -0.218475 -0.209859 -0.213925
-0.219054 -0.216205 -0.218555 -0.222676 -0.210526 -0.210048
-0.218328 -0.209959 -0.216507 -0.221854 -0.211033 -0.205576
-0.216437 -0.205119 -0.212156 -0.220557 -0.20938 -0.201295
-0.215223 -0.200328 -0.205304 -0.219428 -0.207428 -0.196269
-0.214562 -0.194433 -0.197941 -0.217492 -0.206173 -0.189688
-0.214552 -0.187249 -0.190558 -0.215333 -0.206336 -0.182153
-0.215255 -0.178966 -0.182906 -0.213841 -0.207528 -0.173511
-0.216285 -0.17001 -0.174202 -0.212907 -0.2093 -0.164411
-0.217338 -0.160683 -0.164395 -0.212607 -0.211131 -0.154923
-0.218123 -0.151323 -0.15454 -0.212751 -0.212624 -0.145686
-0.2191 -0.142168 -0.145368 -0.213319 -0.213953 -0.136555
-0.220047 -0.133282 -0.137117 -0.214129 -0.214909 -0.127412
-0.221024 -0.124924 -0.130511 -0.215181 -0.216121 -0.118479
-0.22208 -0.117336 -0.12517 -0.216414 -0.217413 -0.110021
-0.223136 -0.110813 -0.12089 -0.217696 -0.218749 -0.102595
-0.224292 -0.105367 -0.117149 -0.219224 -0.219968 -0.0965035
-0.22531 -0.100642 -0.113795 -0.220676 -0.221114 -0.0920978
-0.226035 -0.0970187 -0.110865 -0.22233 -0.222287 -0.0891414
-0.22663 -0.0948821 -0.109072 -0.223891 -0.223108 -0.0875995
-0.227401 -0.0942573 -0.108295 -0.225401 -0.223729 -0.0873488
-0.228137 -0.0954085 -0.108177 -0.22661 -0.224238 -0.0881358
-0.228813 -0.0980902 -0.109971 -0.227665 -0.225061 -0.090276
-0.229309 -0.101752 -0.113298 -0.228948 -0.225671 -0.0937651
-0.229706 -0.106474 -0.117666 -0.229883 -0.226168 -0.0988455
-0.229925 -0.112091 -0.12344 -0.230744 -0.226576 -0.104884
-0.230141 -0.119005 -0.130339 -0.231676 -0.226819 -0.112139
-0.230412 -0.126821 -0.138094 -0.232301 -0.226882 -0.119901
-0.230485 -0.134956 -0.14599 -0.232798 -0.22711 -0.127972
-0.230323 -0.143371 -0.153886 -0.233199 -0.227332 -0.136269
-0.230615 -0.151693 -0.161578 -0.233443 -0.227502 -0.144573
-0.230533 -0.159747 -0.168929 -0.23338 -0.22765 -0.152666
-0.229545 -0.168514 -0.180453 -0.231588 -0.226367 -0.16177
-0.228073 -0.177705 -0.195997 -0.229881 -0.224799 -0.171172
-0.226694 -0.187185 -0.210447 -0.228416 -0.223069 -0.180377
-0.225308 -0.197187 -0.223242 -0.226489 -0.22141 -0.190158
-0.223354 -0.205723 -0.232619 -0.223912 -0.219507 -0.199147
-0.221415 -0.212165 -0.232863 -0.220714 -0.217793 -0.206496
-0.218637 -0.2109 -0.230941 -0.216205 -0.214839 -0.211705
-0.213984 -0.210431 -0.228628 -0.211393 -0.210154 -0.210112
-0.208395 -0.210028 -0.224518 -0.207319 -0.203572 -0.209581
-0.201218 -0.209432 -0.22068 -0.202766 -0.196707 -0.209712
-0.194982 -0.208378 -0.219669 -0.196409 -0.190054 -0.208733
-0.188333 -0.207746 -0.21788 -0.188532 -0.183926 -0.207505
-0.181142 -0.207903 -0.216022 -0.179798 -0.176863 -0.206436
-0.173005 -0.20777 -0.216114 -0.170703 -0.168496 -0.205648
-0.163573 -0.207261 -0.216318 -0.161543 -0.158857 -0.205508
-0.153083 -0.207261 -0.217268 -0.152532 -0.148673 -0.205539
-0.142091 -0.207971 -0.218061 -0.144051 -0.138474 -0.206067
-0.131053 -0.209457 -0.218543 -0.136504 -0.12856 -0.206977
-0.120793 -0.211169 -0.21931 -0.129859 -0.118801 -0.208453
-0.111885 -0.212825 -0.220526 -0.124 -0.109842 -0.210104
-0.104286 -0.214382 -0.221622 -0.118893 -0.102192 -0.211561
-0.098359 -0.216024 -0.223689 -0.114475 -0.096511 -0.212882
-0.0940938 -0.217148 -0.225372 -0.110435 -0.0925275 -0.213908
-0.0915374 -0.21835 -0.227131 -0.107048 -0.0903336 -0.214837
-0.0905463 -0.219475 -0.228951 -0.104883 -0.0895176 -0.215981
-0.0908648 -0.221204 -0.230147 -0.104058 -0.0902282 -0.217361
-0.0926886 -0.222823 -0.231085 -0.104647 -0.0924727 -0.219231
-0.0965828 -0.22421 -0.231596 -0.106836 -0.0961996 -0.220945
-0.102104 -0.225563 -0.232121 -0.110241 -0.101421 -0.222438
-0.108559 -0.226882 -0.232858 -0.114776 -0.107571 -0.223635
-0.11594 -0.227856 -0.233357 -0.120261 -0.114494 -0.224394
-0.124359 -0.228812 -0.234117 -0.126511 -0.122313 -0.224878
-0.132385 -0.229576 -0.234742 -0.133243 -0.130335 -0.225192
-0.140339 -0.230277 -0.235084 -0.140502 -0.138376 -0.225255
-0.148249 -0.230579 -0.235201 -0.148908 -0.146151 -0.225354
-0.155974 -0.23091 -0.235596 -0.157258 -0.153707 -0.225459
-0.163377 -0.231152 -0.235306 -0.165147 -0.161078 -0.225091
-0.172687 -0.230935 -0.233337 -0.175033 -0.1715 -0.223957
-0.183426 -0.230676 -0.231469 -0.185706 -0.185017 -0.222853
-0.191587 -0.229859 -0.2294 -0.195058 -0.196821 -0.221882
-0.197506 -0.228474 -0.226908 -0.204159 -0.206633 -0.220065
-0.202993 -0.226073 -0.22501 -0.213238 -0.210438 -0.21779
-0.209606 -0.221928 -0.223041 -0.220401 -0.211684 -0.214452
-0.216618 -0.216246 -0.220972 -0.223478 -0.21235 -0.210105
-0.21851 -0.210026 -0.218244 -0.221792 -0.21238 -0.205601
-0.216201 -0.204447 -0.213427 -0.220459 -0.210785 -0.201356
-0.215306 -0.199461 -0.206878 -0.219135 -0.208594 -0.196052
-0.214335 -0.193287 -0.199571 -0.216392 -0.207492 -0.18931
-0.21446 -0.186036 -0.192199 -0.214446 -0.207869 -0.181413
-0.215067 -0.177766 -0.184152 -0.212129 -0.208712 -0.172746
-0.216634 -0.168907 -0.175139 -0.211173 -0.210469 -0.163701
-0.217639 -0.159793 -0.165193 -0.210868 -0.212284 -0.15443
-0.218195 -0.150409 -0.154964 -0.211193 -0.213677 -0.145131
-0.218847 -0.141094 -0.145346 -0.211991 -0.215011 -0.136126
-0.219645 -0.132143 -0.13718 -0.212856 -0.216109 -0.127195
-0.220779 -0.123941 -0.130779 -0.213993 -0.217406 -0.118455
-0.222053 -0.116506 -0.125806 -0.215094 -0.219067 -0.110083
-0.223579 -0.109908 -0.121721 -0.216428 -0.220772 -0.10269
-0.224885 -0.104692 -0.118054 -0.217869 -0.222282 -0.0966359
-0.226087 -0.10064 -0.114612 -0.219449 -0.223762 -0.0921743
-0.226854 -0.0973831 -0.111571 -0.221247 -0.224937 -0.0895253
-0.227641 -0.0952901 -0.109982 -0.222915 -0.225927 -0.0885163
-0.228322 -0.0946409 -0.109544 -0.224373 -0.22686 -0.0885413
-0.229124 -0.095662 -0.110338 -0.225619 -0.227759 -0.0894763
-0.230356 -0.0983746 -0.112697 -0.226322 -0.228712 -0.0917699
-0.231567 -0.103273 -0.117456 -0.227452 -0.229834 -0.0962171
-0.232316 -0.108462 -0.12223 -0.228081 -0.230809 -0.101366
-0.232692 -0.113339 -0.126845 -0.228691 -0.231471 -0.106629
-0.233144 -0.120914 -0.134301 -0.229427 -0.232204 -0.114891
-0.233691 -0.128786 -0.141904 -0.229944 -0.232416 -0.122898
-0.234055 -0.137157 -0.149467 -0.230293 -0.232604 -0.131265
-0.234246 -0.145695 -0.157286 -0.230576 -0.232825 -0.139717
-0.234339 -0.15391 -0.16481 -0.230763 -0.233069 -0.147883
-0.23428 -0.161933 -0.172612 -0.230247 -0.23307 -0.155924
-0.23325 -0.170508 -0.185073 -0.2282 -0.232011 -0.164896
-0.231776 -0.17968 -0.200473 -0.226733 -0.230517 -0.173963
-0.230259 -0.18958 -0.213903 -0.225171 -0.228839 -0.182813
-0.22877 -0.199783 -0.225355 -0.222837 -0.227119 -0.192302
-0.226367 -0.208405 -0.234608 -0.219911 -0.224797 -0.200966
-0.223761 -0.208981 -0.234685 -0.216637 -0.222057 -0.20792
-0.218978 -0.207626 -0.232679 -0.212484 -0.217934 -0.209645
-0.214763 -0.207084 -0.229275 -0.208101 -0.211299 -0.207924
-0.207901 -0.205908 -0.226324 -0.20392 -0.205422 -0.207296
-0.202343 -0.204929 -0.223736 -0.198817 -0.199182 -0.2063
-0.195915 -0.203652 -0.222332 -0.191917 -0.193356 -0.204953
-0.189199 -0.203426 -0.221228 -0.184055 -0.186948 -0.203804
-0.181449 -0.203457 -0.219766 -0.175279 -0.179179 -0.202957
-0.172721 -0.203408 -0.218729 -0.166255 -0.170125 -0.202677
-0.163029 -0.203718 -0.218685 -0.157054 -0.160327 -0.20272
-0.152791 -0.204355 -0.21899 -0.148351 -0.150465 -0.203176
-0.142008 -0.205625 -0.219197 -0.139906 -0.14096 -0.20388
-0.131567 -0.207355 -0.21952 -0.132665 -0.131544 -0.204998
-0.121952 -0.208825 -0.220399 -0.12643 -0.122687 -0.206365
-0.113294 -0.210328 -0.221403 -0.120988 -0.114313 -0.207452
-0.106047 -0.212084 -0.222452 -0.116177 -0.107158 -0.208768
-0.100569 -0.213582 -0.22434 -0.112046 -0.10124 -0.209985
-0.0969646 -0.215062 -0.225632 -0.108486 -0.0972012 -0.211144
-0.0955017 -0.216478 -0.226897 -0.105463 -0.0949758 -0.212389
-0.0953814 -0.217814 -0.228336 -0.103549 -0.0948167 -0.213901
-0.096707 -0.219341 -0.229381 -0.103017 -0.096342 -0.215351
-0.0998446 -0.22114 -0.230273 -0.104026 -0.0990481 -0.217043
-0.104117 -0.222513 -0.230889 -0.106275 -0.103369 -0.218675
-0.109361 -0.223772 -0.231309 -0.109921 -0.108795 -0.220126
-0.115394 -0.224857 -0.231793 -0.114621 -0.114895 -0.221489
-0.122293 -0.226021 -0.232457 -0.120114 -0.121776 -0.222416
-0.12975 -0.227161 -0.232963 -0.126406 -0.129483 -0.222989
-0.137416 -0.22782 -0.233137 -0.133118 -0.137464 -0.223438
-0.145112 -0.228397 -0.233279 -0.140624 -0.145337 -0.223935
-0.152838 -0.229055 -0.233385 -0.148858 -0.153011 -0.224103
-0.160409 -0.229646 -0.233324 -0.156816 -0.160514 -0.224141
-0.168485 -0.229832 -0.232403 -0.164952 -0.168489 -0.2235
-0.179114 -0.229629 -0.230258 -0.175088 -0.180856 -0.222301
-0.191251 -0.229118 -0.228103 -0.186919 -0.196433 -0.220974
-0.197647 -0.228078 -0.225768 -0.196178 -0.20656 -0.219667
-0.202826 -0.226167 -0.223988 -0.204964 -0.210133 -0.217709
-0.207493 -0.22353 -0.223053 -0.213519 -0.211238 -0.214693
-0.214934 -0.218153 -0.221007 -0.219562 -0.211863 -0.212237
-0.218903 -0.211922 -0.218842 -0.221516 -0.21208 -0.207876
-0.217073 -0.206289 -0.215773 -0.220523 -0.211856 -0.203842
-0.215263 -0.200858 -0.208598 -0.21937 -0.209118 -0.198246
-0.214213 -0.19669 -0.202771 -0.21775 -0.208174 -0.19364
-0.213865 -0.18883 -0.194113 -0.215126 -0.207487 -0.184937
-0.214287 -0.18099 -0.186772 -0.213161 -0.208413 -0.176722
-0.215506 -0.172413 -0.17834 -0.211867 -0.209823 -0.167914
-0.216705 -0.163278 -0.168569 -0.211443 -0.211785 -0.158641
-0.217514 -0.154055 -0.158484 -0.211509 -0.213305 -0.149361
-0.218264 -0.144864 -0.148501 -0.212053 -0.21458 -0.140165
-0.219082 -0.135719 -0.139738 -0.212836 -0.215646 -0.1309
-0.219982 -0.127048 -0.132679 -0.213953 -0.216539 -0.121916
-0.221137 -0.119074 -0.127121 -0.215291 -0.217837 -0.113382
-0.222183 -0.111982 -0.122658 -0.216586 -0.218966 -0.105508
-0.223433 -0.105896 -0.118896 -0.217966 -0.220077 -0.0988463
-0.224662 -0.100936 -0.115468 -0.219288 -0.221485 -0.0935528
-0.225839 -0.0966856 -0.112357 -0.220801 -0.222791 -0.0897866
-0.226725 -0.0937901 -0.109876 -0.222299 -0.224091 -0.0877445
-0.227324 -0.0924659 -0.108421 -0.22381 -0.225107 -0.0871451
-0.227952 -0.0928919 -0.107914 -0.225167 -0.225777 -0.0877531
-0.228956 -0.0948862 -0.108632 -0.226142 -0.22661 -0.0893653
-0.230075 -0.098312 -0.11133 -0.227225 -0.227297 -0.092092
-0.23069 -0.102935 -0.115307 -0.228033 -0.228064 -0.0962699
-0.231405 -0.108518 -0.1203 -0.229011 -0.228726 -0.101833
-0.231657 -0.11494 -0.126711 -0.229767 -0.229321 -0.108673
-0.23212 -0.122122 -0.133843 -0.23027 -0.22958 -0.116179
-0.23249 -0.130085 -0.141703 -0.230642 -0.2298 -0.124239
-0.232886 -0.138248 -0.149503 -0.230949 -0.230034 -0.132464
-0.232897 -0.146615 -0.157394 -0.231191 -0.230498 -0.140796
-0.232998 -0.15478 -0.164867 -0.231367 -0.230879 -0.148955
-0.2324 -0.163304 -0.174181 -0.230301 -0.230429 -0.157439
-0.231129 -0.172787 -0.18838 -0.228353 -0.229061 -0.166652
-0.229453 -0.182702 -0.203614 -0.226914 -0.227434 -0.175617
-0.228153 -0.193443 -0.216901 -0.22513 -0.225592 -0.185017
-0.226591 -0.203155 -0.228795 -0.222821 -0.223521 -0.194471
-0.224313 -0.210787 -0.234151 -0.219647 -0.221336 -0.202663
-0.221613 -0.210136 -0.233138 -0.215976 -0.218855 -0.20916
-0.216891 -0.209189 -0.230239 -0.211421 -0.214558 -0.208761
-0.212295 -0.208641 -0.227278 -0.206974 -0.207642 -0.207545
-0.20509 -0.20772 -0.223716 -0.202809 -0.201514 -0.207077
-0.199456 -0.206906 -0.221588 -0.197204 -0.195125 -0.206292
-0.192939 -0.205774 -0.220692 -0.189871 -0.189142 -0.204671
-0.186159 -0.2057 -0.219041 -0.181632 -0.182484 -0.203739
-0.178351 -0.205783 -0.217662 -0.172831 -0.174507 -0.203004
-0.169161 -0.205808 -0.217243 -0.163751 -0.165198 -0.203014
-0.159325 -0.206066 -0.217464 -0.154831 -0.155087 -0.20325
-0.149024 -0.206754 -0.218143 -0.146012 -0.144903 -0.203918
-0.138494 -0.2083 -0.218793 -0.137905 -0.135482 -0.204768
-0.128393 -0.210059 -0.21929 -0.130895 -0.126529 -0.205991
-0.119049 -0.211441 -0.220109 -0.124842 -0.118156 -0.207449
-0.110518 -0.212847 -0.221403 -0.1195 -0.110465 -0.208819
-0.103594 -0.214476 -0.223021 -0.114958 -0.104092 -0.210038
-0.098808 -0.216164 -0.224901 -0.110938 -0.0987853 -0.211306
-0.0961235 -0.21756 -0.226187 -0.107723 -0.094643 -0.212542
-0.0951022 -0.218806 -0.227394 -0.10514 -0.0922346 -0.213734
-0.0956254 -0.220016 -0.228821 -0.103711 -0.0920411 -0.215213
-0.0975355 -0.221408 -0.230001 -0.103618 -0.0937782 -0.216753
-0.100629 -0.222943 -0.230581 -0.105141 -0.0971029 -0.217945
-0.104698 -0.224195 -0.231203 -0.107957 -0.101731 -0.219583
-0.109707 -0.225208 -0.231602 -0.111865 -0.10744 -0.22091
-0.11562 -0.226463 -0.232048 -0.11684 -0.113966 -0.221836
-0.12245 -0.227841 -0.232866 -0.122695 -0.121177 -0.222515
-0.130032 -0.228909 -0.233161 -0.129081 -0.12897 -0.22295
-0.137775 -0.229586 -0.233129 -0.135852 -0.136693 -0.223303
-0.145717 -0.230028 -0.23324 -0.143427 -0.144331 -0.223617
-0.153545 -0.230232 -0.233364 -0.151721 -0.152034 -0.223872
-0.161125 -0.230434 -0.233184 -0.159555 -0.159367 -0.223927
-0.169354 -0.230301 -0.231955 -0.168238 -0.168171 -0.223211
-0.180018 -0.23012 -0.22986 -0.178735 -0.181245 -0.221874
-0.189557 -0.229655 -0.228103 -0.188367 -0.194044 -0.221019
-0.19595 -0.228568 -0.225692 -0.197746 -0.204074 -0.219715
-0.201413 -0.22667 -0.223607 -0.206515 -0.209684 -0.217774
-0.207516 -0.223112 -0.221871 -0.214739 -0.210492 -0.214699
-0.214962 -0.217689 -0.219724 -0.221665 -0.211328 -0.211194
-0.218284 -0.211389 -0.217482 -0.221443 -0.211478 -0.206746
-0.216188 -0.205693 -0.213974 -0.219853 -0.210889 -0.202676
-0.215034 -0.200949 -0.208012 -0.219052 -0.208914 -0.197644
-0.213652 -0.195556 -0.200611 -0.216811 -0.207456 -0.19157
-0.213327 -0.188853 -0.193374 -0.214708 -0.207096 -0.18416
-0.213687 -0.181003 -0.185944 -0.212523 -0.207755 -0.175837
-0.214842 -0.172345 -0.177514 -0.211247 -0.208848 -0.166964
-0.215943 -0.163323 -0.167914 -0.210919 -0.210765 -0.157851
-0.216667 -0.154135 -0.157649 -0.211086 -0.212092 -0.148465
-0.217395 -0.144918 -0.147766 -0.2118 -0.212985 -0.139104
-0.218179 -0.135763 -0.138883 -0.212415 -0.214025 -0.129867
-0.219226 -0.12702 -0.131835 -0.213593 -0.215342 -0.120676
-0.2204 -0.119177 -0.126291 -0.214781 -0.216723 -0.112029
-0.221679 -0.111988 -0.121977 -0.216033 -0.218214 -0.104183
-0.223021 -0.105991 -0.117873 -0.217368 -0.219451 -0.0977256
-0.224398 -0.100878 -0.114182 -0.218826 -0.220922 -0.092746
-0.225416 -0.0967913 -0.111053 -0.22027 -0.222159 -0.0891851
-0.226369 -0.0941378 -0.108331 -0.221957 -0.22341 -0.0872966
-0.227172 -0.0929205 -0.107091 -0.223416 -0.224256 -0.0868753
-0.228079 -0.0936408 -0.106926 -0.22464 -0.225091 -0.0873572
-0.228836 -0.0958183 -0.108416 -0.225726 -0.226137 -0.0891714
-0.229529 -0.0993263 -0.111551 -0.226912 -0.227042 -0.0922685
-0.229923 -0.103958 -0.115785 -0.22781 -0.227682 -0.0969645
-0.230122 -0.109798 -0.120986 -0.228978 -0.228024 -0.102847
-0.230226 -0.116539 -0.127359 -0.229864 -0.228217 -0.10977
-0.230212 -0.124126 -0.134459 -0.230578 -0.228262 -0.117388
-0.230112 -0.132334 -0.142316 -0.231314 -0.228189 -0.125427
-0.230121 -0.14064 -0.150255 -0.23186 -0.227954 -0.133668
-0.230171 -0.148852 -0.158083 -0.232097 -0.228067 -0.141932
-0.230178 -0.156888 -0.165628 -0.231899 -0.228201 -0.149896
-0.229075 -0.165478 -0.176436 -0.230353 -0.227578 -0.158736
-0.22751 -0.176713 -0.195304 -0.228315 -0.225916 -0.170193
-0.226539 -0.186571 -0.210769 -0.226935 -0.224213 -0.179556
-0.224892 -0.197177 -0.224224 -0.224817 -0.222656 -0.189321
-0.223168 -0.206341 -0.232746 -0.222173 -0.220712 -0.198473
-0.221305 -0.2118 -0.232849 -0.218699 -0.219109 -0.205861
-0.21815 -0.209549 -0.230721 -0.21456 -0.216049 -0.210711
-0.214185 -0.209517 -0.228535 -0.209937 -0.210924 -0.209051
-0.207944 -0.209292 -0.224361 -0.206042 -0.204412 -0.20856
-0.201524 -0.208873 -0.220888 -0.201621 -0.197555 -0.208695
-0.195352 -0.207792 -0.22024 -0.195267 -0.191111 -0.20763
-0.189131 -0.207093 -0.218474 -0.187416 -0.185026 -0.206188
-0.181997 -0.207267 -0.217213 -0.17882 -0.177849 -0.205309
-0.173582 -0.207127 -0.217213 -0.169872 -0.169328 -0.204684
-0.164211 -0.206732 -0.217273 -0.160757 -0.159488 -0.20461
-0.153918 -0.207006 -0.217833 -0.151862 -0.148994 -0.204909
-0.143069 -0.207971 -0.218365 -0.143548 -0.138976 -0.205782
-0.132284 -0.20954 -0.2187 -0.13585 -0.129277 -0.206772
-0.122197 -0.211236 -0.219594 -0.129215 -0.120138 -0.208166
-0.113284 -0.212727 -0.220988 -0.12342 -0.111626 -0.209414
-0.105808 -0.214329 -0.222439 -0.11825 -0.10425 -0.21053
-0.100651 -0.215968 -0.224232 -0.113621 -0.0983435 -0.211729
-0.0972134 -0.21688 -0.225633 -0.109859 -0.0933532 -0.212855
-0.094988 -0.218115 -0.227274 -0.106749 -0.0900383 -0.214165
-0.0941814 -0.219548 -0.228838 -0.104612 -0.0887704 -0.215653
-0.0941961 -0.220827 -0.229997 -0.104039 -0.0894467 -0.217121
-0.0952259 -0.222268 -0.230642 -0.104649 -0.0916036 -0.218558
-0.0978531 -0.223927 -0.23134 -0.106569 -0.095135 -0.220312
-0.102088 -0.225076 -0.231899 -0.109794 -0.0998488 -0.221618
-0.10761 -0.226099 -0.232244 -0.114055 -0.105679 -0.222657
-0.114327 -0.227023 -0.232914 -0.118978 -0.112586 -0.223775
-0.121918 -0.227543 -0.233475 -0.124832 -0.120139 -0.224306
-0.129864 -0.227874 -0.233761 -0.131427 -0.128328 -0.22462
-0.13788 -0.22838 -0.234115 -0.138501 -0.136614 -0.225013
-0.14573 -0.229187 -0.23403 -0.146658 -0.144665 -0.225381
-0.153545 -0.229812 -0.234122 -0.155276 -0.15252 -0.22561
-0.161089 -0.229968 -0.233842 -0.163232 -0.160023 -0.22555
-0.170814 -0.229695 -0.231555 -0.172608 -0.170459 -0.224492
-0.18219 -0.229363 -0.229684 -0.18292 -0.184221 -0.2235
-0.191577 -0.228627 -0.227718 -0.192041 -0.196641 -0.222449
-0.198316 -0.227181 -0.22509 -0.20105 -0.206371 -0.220857
-0.204384 -0.224926 -0.223409 -0.209402 -0.210238 -0.218729
-0.211805 -0.220756 -0.221372 -0.216691 -0.210906 -0.215243
-0.217872 -0.214998 -0.218969 -0.222282 -0.211686 -0.211374
-0.216937 -0.208503 -0.216748 -0.221253 -0.212076 -0.206618
-0.215589 -0.203359 -0.212788 -0.219563 -0.211255 -0.202136
-0.214436 -0.198477 -0.206335 -0.218393 -0.209342 -0.19699
-0.213753 -0.192703 -0.198629 -0.216293 -0.208182 -0.190588
-0.213714 -0.185552 -0.190864 -0.21399 -0.207868 -0.182929
-0.214249 -0.177479 -0.182836 -0.212617 -0.209015 -0.17447
-0.215191 -0.168528 -0.173893 -0.211817 -0.210487 -0.165466
-0.216264 -0.159357 -0.164005 -0.211504 -0.21217 -0.156248
-0.217184 -0.150132 -0.15384 -0.211753 -0.213514 -0.14681
-0.218167 -0.140873 -0.144483 -0.212379 -0.214798 -0.1374
-0.219105 -0.132009 -0.136046 -0.213161 -0.216026 -0.128138
-0.220302 -0.123547 -0.129217 -0.214349 -0.217532 -0.119233
-0.221702 -0.115873 -0.123469 -0.215554 -0.218833 -0.110959
-0.223017 -0.108952 -0.118631 -0.216873 -0.220241 -0.103711
-0.224383 -0.102828 -0.114408 -0.218386 -0.221653 -0.0976086
-0.225481 -0.0981057 -0.110875 -0.219861 -0.223025 -0.092943
-0.226408 -0.0945544 -0.107753 -0.221413 -0.224034 -0.0898382
-0.227212 -0.0924365 -0.10591 -0.223045 -0.224972 -0.0884643
-0.227714 -0.0917969 -0.105395 -0.224457 -0.225882 -0.0883839
-0.228337 -0.0929365 -0.106255 -0.225732 -0.226614 -0.0892032
-0.229323 -0.0954657 -0.108705 -0.226777 -0.227272 -0.0914674
-0.230112 -0.0993913 -0.11252 -0.227522 -0.227873 -0.0949564
-0.230779 -0.104568 -0.117358 -0.228371 -0.228352 -0.0998803
-0.231102 -0.110725 -0.122963 -0.229236 -0.228638 -0.105926
-0.231259 -0.117687 -0.129733 -0.229948 -0.228939 -0.113236
-0.231459 -0.125447 -0.137245 -0.23046 -0.229203 -0.121175
-0.231651 -0.13357 -0.145066 -0.230872 -0.229278 -0.129566
-0.231758 -0.142023 -0.153044 -0.231062 -0.229405 -0.138134
-0.231833 -0.1505 -0.160856 -0.231219 -0.229571 -0.14628
-0.231851 -0.158655 -0.168468 -0.230979 -0.22962 -0.154259
-0.230699 -0.168014 -0.180235 -0.228994 -0.228487 -0.163149
-0.228997 -0.178697 -0.195686 -0.227434 -0.226991 -0.172436
-0.227634 -0.18964 -0.210101 -0.22609 -0.224915 -0.181533
-0.226296 -0.20058 -0.223222 -0.223974 -0.22306 -0.191251
-0.224505 -0.2096 -0.232713 -0.221176 -0.220715 -0.200018
-0.222303 -0.211599 -0.232725 -0.217752 -0.218876 -0.207214
-0.218051 -0.210002 -0.230138 -0.213696 -0.215781 -0.209621
-0.21437 -0.209913 -0.227576 -0.209282 -0.20949 -0.207924
-0.207436 -0.209125 -0.224337 -0.20542 -0.20344 -0.207393
-0.201747 -0.20862 -0.221473 -0.200608 -0.196872 -0.20726
-0.195565 -0.207593 -0.220867 -0.193833 -0.191058 -0.205928
-0.189242 -0.207312 -0.21982 -0.185903 -0.185003 -0.204681
-0.182016 -0.207461 -0.218524 -0.177287 -0.177932 -0.203887
-0.173371 -0.207429 -0.217811 -0.168243 -0.16915 -0.203589
-0.163433 -0.207529 -0.217811 -0.159117 -0.159323 -0.203815
-0.153078 -0.208068 -0.218244 -0.150267 -0.149052 -0.2044
-0.142053 -0.209283 -0.218508 -0.141871 -0.139064 -0.205223
-0.131508 -0.211049 -0.219234 -0.13437 -0.129674 -0.206136
-0.121729 -0.212537 -0.220251 -0.12769 -0.120509 -0.207209
-0.113325 -0.213781 -0.221502 -0.121944 -0.112167 -0.208369
-0.106335 -0.215447 -0.223254 -0.116815 -0.104819 -0.209459
-0.100969 -0.216938 -0.224608 -0.112498 -0.0986178 -0.210456
-0.0968375 -0.218166 -0.226027 -0.108937 -0.0937499 -0.211601
-0.0946344 -0.219598 -0.227236 -0.105864 -0.0908173 -0.213186
-0.0937592 -0.220934 -0.228676 -0.104065 -0.0903696 -0.214819
-0.0941961 -0.222504 -0.229636 -0.10376 -0.0915726 -0.216124
-0.0960952 -0.224043 -0.230566 -0.104524 -0.0943571 -0.217853
-0.09976 -0.225592 -0.231258 -0.10662 -0.0984743 -0.219576
-0.104498 -0.227084 -0.231604 -0.10999 -0.103867 -0.220878
-0.110453 -0.22834 -0.232099 -0.114346 -0.110142 -0.222286
-0.11716 -0.228865 -0.232599 -0.119767 -0.116825 -0.223136
-0.124614 -0.22929 -0.232767 -0.125867 -0.12459 -0.223658
-0.13242 -0.230362 -0.233438 -0.132483 -0.132617 -0.22426
-0.140538 -0.2315 -0.233267 -0.139616 -0.140638 -0.224927
-0.148754 -0.23203 -0.233169 -0.148056 -0.148542 -0.225219
-0.15663 -0.232436 -0.233267 -0.156247 -0.1562 -0.22547
-0.164539 -0.232561 -0.23273 -0.164396 -0.163859 -0.225434
-0.174686 -0.232469 -0.230723 -0.174103 -0.175439 -0.224041
-0.185226 -0.232185 -0.229027 -0.184357 -0.189059 -0.223145
-0.193084 -0.231522 -0.227033 -0.19338 -0.200335 -0.222111
-0.198818 -0.230093 -0.224752 -0.202399 -0.208854 -0.220316
-0.20462 -0.227075 -0.223194 -0.210421 -0.209769 -0.217451
-0.211765 -0.222564 -0.221082 -0.218055 -0.210999 -0.214003
-0.218384 -0.216466 -0.218863 -0.223253 -0.211688 -0.21004
-0.21729 -0.210027 -0.216045 -0.22282 -0.211853 -0.205579
-0.215527 -0.204937 -0.211256 -0.221006 -0.209974 -0.201268
-0.214436 -0.199873 -0.203962 -0.219663 -0.20824 -0.195705
-0.213812 -0.193825 -0.196192 -0.21742 -0.206847 -0.188849
-0.213898 -0.186377 -0.188398 -0.214987 -0.207082 -0.180803
-0.21467 -0.17801 -0.180509 -0.213214 -0.208161 -0.172073
-0.21587 -0.168967 -0.171247 -0.212451 -0.209714 -0.16302
-0.216745 -0.159756 -0.161419 -0.212136 -0.211453 -0.153828
-0.21753 -0.148789 -0.149564 -0.2126 -0.212998 -0.142724
-0.218287 -0.139719 -0.140718 -0.21312 -0.214128 -0.133473
-0.219288 -0.130922 -0.133304 -0.214195 -0.215246 -0.124394
-0.220368 -0.123102 -0.127437 -0.215272 -0.216793 -0.115602
-0.221552 -0.115948 -0.122844 -0.216544 -0.218257 -0.107456
-0.222789 -0.109924 -0.118742 -0.217984 -0.219645 -0.100576
-0.224151 -0.104806 -0.11496 -0.219422 -0.221129 -0.0951084
-0.22516 -0.100583 -0.111628 -0.220876 -0.222567 -0.0912132
-0.226158 -0.0976229 -0.108803 -0.222375 -0.223749 -0.0888979
-0.227085 -0.0958267 -0.106936 -0.223821 -0.22482 -0.0881362
-0.227759 -0.0958518 -0.106519 -0.22518 -0.22595 -0.0884158
-0.228469 -0.0974727 -0.107521 -0.22621 -0.227057 -0.0897921
-0.229457 -0.100489 -0.110134 -0.227105 -0.227871 -0.0927559
-0.230158 -0.104798 -0.114086 -0.22787 -0.228766 -0.0969568
-0.230874 -0.11023 -0.118907 -0.228645 -0.229543 -0.102344
-0.231422 -0.116715 -0.125016 -0.229327 -0.22992 -0.108877
-0.231714 -0.124033 -0.132096 -0.229851 -0.230266 -0.116292
-0.231818 -0.131892 -0.139546 -0.230394 -0.230696 -0.124314
-0.231799 -0.140018 -0.147373 -0.230778 -0.23086 -0.132709
-0.23199 -0.148332 -0.15514 -0.230966 -0.230975 -0.14114
-0.232095 -0.156557 -0.162699 -0.230975 -0.231162 -0.149295
-0.231982 -0.164918 -0.171481 -0.229971 -0.230947 -0.157451
-0.230565 -0.174011 -0.185154 -0.228011 -0.229616 -0.166534
-0.228968 -0.183451 -0.200788 -0.226699 -0.227973 -0.175821
-0.227585 -0.193436 -0.214469 -0.225078 -0.22612 -0.185217
-0.226016 -0.203236 -0.22668 -0.222684 -0.224188 -0.195035
-0.223749 -0.210671 -0.233151 -0.219481 -0.221808 -0.203384
-0.220769 -0.208965 -0.232358 -0.216113 -0.219578 -0.209712
-0.216448 -0.208014 -0.229368 -0.211928 -0.215158 -0.208959
-0.211878 -0.20737 -0.226823 -0.207601 -0.208508 -0.207471
-0.205205 -0.206629 -0.223628 -0.203548 -0.202668 -0.207028
-0.199641 -0.205719 -0.221832 -0.198071 -0.196705 -0.206081
-0.19344 -0.204762 -0.221043 -0.19103 -0.190821 -0.204632
-0.186735 -0.204627 -0.219981 -0.183043 -0.184312 -0.203705
-0.178797 -0.204704 -0.218803 -0.174291 -0.176346 -0.202884
-0.169605 -0.204704 -0.218205 -0.165199 -0.167141 -0.202942
-0.15977 -0.204838 -0.218416 -0.15613 -0.157129 -0.203283
-0.149476 -0.205376 -0.218728 -0.147365 -0.147227 -0.204077
-0.138807 -0.206809 -0.218865 -0.139276 -0.13776 -0.205083
-0.128682 -0.208703 -0.219302 -0.132162 -0.128039 -0.206238
-0.119527 -0.210081 -0.220293 -0.126044 -0.118885 -0.207421
-0.111658 -0.211491 -0.221608 -0.12052 -0.110399 -0.208709
-0.105239 -0.21331 -0.223162 -0.11573 -0.103217 -0.209964
-0.100668 -0.214554 -0.224643 -0.111555 -0.0973689 -0.211109
-0.0972976 -0.215689 -0.225887 -0.107981 -0.0930393 -0.212063
-0.0953978 -0.217073 -0.227101 -0.105196 -0.0906508 -0.213465
-0.09484 -0.21865 -0.22828 -0.10376 -0.0905005 -0.2151
-0.0952423 -0.22011 -0.229471 -0.103528 -0.0919669 -0.216402
-0.0971301 -0.221679 -0.230018 -0.104482 -0.0947508 -0.217837
-0.100839 -0.223568 -0.230579 -0.106714 -0.0989147 -0.219235
-0.145863 -0.228759 -0.232828 -0.143491 -0.1455 -0.223952
-0.153786 -0.229188 -0.232706 -0.15245 -0.153389 -0.224359
-0.1614 -0.229303 -0.23259 -0.16049 -0.161031 -0.22441
-0.170512 -0.228852 -0.23018 -0.169461 -0.170795 -0.223418
-0.182074 -0.228423 -0.227951 -0.179588 -0.184192 -0.222197
-0.191747 -0.227693 -0.226362 -0.189475 -0.196353 -0.221221
-0.198402 -0.226487 -0.223965 -0.198818 -0.205894 -0.219697
-0.204149 -0.224043 -0.221809 -0.20751 -0.209779 -0.217439
-0.210561 -0.220243 -0.219644 -0.215213 -0.210471 -0.214222
-0.216548 -0.214429 -0.217325 -0.221676 -0.211349 -0.210783
-0.215773 -0.207936 -0.215522 -0.220436 -0.211751 -0.206415
-0.214335 -0.201744 -0.211194 -0.218251 -0.210804 -0.201045
-0.213615 -0.197057 -0.2048 -0.216944 -0.209045 -0.195982
-0.213051 -0.191438 -0.197528 -0.21516 -0.207841 -0.189457
-0.213015 -0.184512 -0.189864 -0.213407 -0.208008 -0.181947
-0.213432 -0.176454 -0.181743 -0.212384 -0.208894 -0.173557
-0.214194 -0.167579 -0.172556 -0.211568 -0.21015 -0.16469
-0.215239 -0.158289 -0.162779 -0.211351 -0.211712 -0.155432
-0.216152 -0.149116 -0.153026 -0.21168 -0.213201 -0.145925
-0.217225 -0.13989 -0.143944 -0.212478 -0.214833 -0.136247
-0.21845 -0.130965 -0.135558 -0.21352 -0.21624 -0.126921
-0.219522 -0.122644 -0.128785 -0.214793 -0.21738 -0.118051
-0.220727 -0.115111 -0.123315 -0.216177 -0.218733 -0.109937
-0.22198 -0.108454 -0.118673 -0.217569 -0.219889 -0.102738
-0.223201 -0.102505 -0.114581 -0.219063 -0.221294 -0.0968123
-0.224468 -0.0973279 -0.111172 -0.220463 -0.222704 -0.0921762
-0.225433 -0.0937699 -0.108158 -0.221953 -0.224082 -0.0890222
-0.22635 -0.0914785 -0.106239 -0.223439 -0.225091 -0.0875273
-0.227196 -0.090928 -0.105702 -0.224624 -0.22636 -0.0873895
-0.227872 -0.0919942 -0.106305 -0.225867 -0.22756 -0.0882076
-0.2288 -0.0943983 -0.108499 -0.226789 -0.22845 -0.0905158
-0.229466 -0.0982924 -0.111955 -0.227531 -0.229041 -0.0941125
-0.229966 -0.103412 -0.116601 -0.228288 -0.2296 -0.09905
-0.23022 -0.109679 -0.122129 -0.229023 -0.230131 -0.104932
-0.230381 -0.116807 -0.128827 -0.22962 -0.23047 -0.11216
-0.230527 -0.124387 -0.136232 -0.230061 -0.230749 -0.12021
-0.230587 -0.132557 -0.144064 -0.230492 -0.230965 -0.128472
-0.230391 -0.141135 -0.151836 -0.230823 -0.231013 -0.136895
-0.230228 -0.149735 -0.159499 -0.231117 -0.231039 -0.145159
-0.230047 -0.158044 -0.166963 -0.231048 -0.23084 -0.153213
-0.228524 -0.167577 -0.178851 -0.229023 -0.229548 -0.16212
-0.22688 -0.178233 -0.194503 -0.22759 -0.227996 -0.17139
-0.225283 -0.188752 -0.209142 -0.226346 -0.22616 -0.180347
-0.223802 -0.199509 -0.222481 -0.224387 -0.22424 -0.189865
-0.222073 -0.208838 -0.231998 -0.221374 -0.221986 -0.198849
-0.219786 -0.209892 -0.23169 -0.218256 -0.220055 -0.206245
-0.215407 -0.208577 -0.229376 -0.21423 -0.216849 -0.210893
-0.212239 -0.208465 -0.226925 -0.209709 -0.21066 -0.20927
-0.205706 -0.208042 -0.223542 -0.205889 -0.204005 -0.208755
-0.199797 -0.207589 -0.220377 -0.201093 -0.197789 -0.208544
-0.193673 -0.206604 -0.219939 -0.194426 -0.191498 -0.207522
-0.187428 -0.20631 -0.218779 -0.186624 -0.185699 -0.206324
-0.180009 -0.20655 -0.217018 -0.177836 -0.178582 -0.205556
-0.171405 -0.206872 -0.216753 -0.168667 -0.170033 -0.205398
-0.161842 -0.20689 -0.216895 -0.159328 -0.160356 -0.205574
-0.151534 -0.207292 -0.217131 -0.150315 -0.150237 -0.205981
-0.140786 -0.208347 -0.21782 -0.141909 -0.140454 -0.206706
-0.130103 -0.210106 -0.21813 -0.134526 -0.131082 -0.207622
-0.120039 -0.211692 -0.218926 -0.127882 -0.121842 -0.208958
-0.111408 -0.2132 -0.220262 -0.122282 -0.113441 -0.210432
-0.104389 -0.21479 -0.221531 -0.117156 -0.106028 -0.211784
-0.0995056 -0.216205 -0.223119 -0.112699 -0.0999716 -0.212964
-0.0962658 -0.217274 -0.224671 -0.108951 -0.0951453 -0.214305
-0.0942339 -0.218493 -0.226098 -0.105875 -0.0919803 -0.215756
-0.0936049 -0.219898 -0.227506 -0.104043 -0.0912983 -0.217233
-0.0936249 -0.221119 -0.228761 -0.103545 -0.0923701 -0.218622
-0.0952128 -0.222526 -0.229515 -0.104179 -0.094608 -0.220059
-0.0985191 -0.223879 -0.230475 -0.105992 -0.0982727 -0.22167
-0.103436 -0.225105 -0.231292 -0.109111 -0.103118 -0.222924
-0.109271 -0.226128 -0.231631 -0.113495 -0.109204 -0.223767
-0.116156 -0.226947 -0.232296 -0.118812 -0.116062 -0.224699
-0.123651 -0.227454 -0.232921 -0.124643 -0.123692 -0.225356
-0.131467 -0.227738 -0.233278 -0.131358 -0.132147 -0.225566
-0.139354 -0.228365 -0.233859 -0.138586 -0.140569 -0.225907
-0.147473 -0.229119 -0.233955 -0.146999 -0.148874 -0.226157
-0.155206 -0.229524 -0.233913 -0.155531 -0.156767 -0.22599
-0.162986 -0.229744 -0.233642 -0.163553 -0.164626 -0.225626
-0.173285 -0.229384 -0.231833 -0.173419 -0.176157 -0.224332
-0.184443 -0.228995 -0.230327 -0.183829 -0.189569 -0.223411
-0.193093 -0.228018 -0.22831 -0.193102 -0.200942 -0.222432
-0.199144 -0.226478 -0.225826 -0.20224 -0.209903 -0.220609
-0.205105 -0.223857 -0.223767 -0.210566 -0.211888 -0.21792
-0.212409 -0.219436 -0.221592 -0.217841 -0.212573 -0.214265
-0.218672 -0.213635 -0.219419 -0.222017 -0.213091 -0.210453
-0.217412 -0.207195 -0.216932 -0.220598 -0.213386 -0.205832
-0.216084 -0.202047 -0.21244 -0.219106 -0.21223 -0.201236
-0.215134 -0.197003 -0.205668 -0.217539 -0.210616 -0.195867
-0.21442 -0.191128 -0.198024 -0.21526 -0.209435 -0.189378
-0.21458 -0.183844 -0.18992 -0.213224 -0.209433 -0.181659
-0.215097 -0.175605 -0.181554 -0.211704 -0.210284 -0.1732
-0.215895 -0.166565 -0.172212 -0.210791 -0.211428 -0.164161
-0.216903 -0.15719 -0.162376 -0.210362 -0.212889 -0.154942
-0.217765 -0.148082 -0.15249 -0.210481 -0.21435 -0.145444
-0.218774 -0.138979 -0.1434 -0.211073 -0.215635 -0.135974
-0.219874 -0.130137 -0.135215 -0.212031 -0.216933 -0.126815
-0.220653 -0.122038 -0.128347 -0.213127 -0.218213 -0.118129
-0.221805 -0.114677 -0.122564 -0.214299 -0.219462 -0.110144
-0.223153 -0.107928 -0.117745 -0.215691 -0.220635 -0.103204
-0.224297 -0.102125 -0.113616 -0.216821 -0.221829 -0.0971829
-0.225522 -0.0974376 -0.110158 -0.218353 -0.223316 -0.0925985
-0.226308 -0.0940909 -0.107344 -0.219955 -0.224416 -0.0896787
-0.226949 -0.0920043 -0.105799 -0.221376 -0.225225 -0.088531
-0.227709 -0.0916738 -0.105629 -0.222897 -0.226209 -0.0886517
-0.228491 -0.0930892 -0.106818 -0.223976 -0.227049 -0.0897007
-0.229346 -0.0958773 -0.10946 -0.224951 -0.227823 -0.0922618
-0.230014 -0.100021 -0.113292 -0.225967 -0.228195 -0.0961528
-0.230728 -0.1053 -0.118051 -0.226722 -0.228599 -0.101115
-0.231307 -0.111542 -0.123967 -0.227385 -0.229105 -0.107424
-0.231691 -0.118585 -0.130976 -0.227969 -0.229638 -0.114681
-0.232074 -0.126109 -0.138565 -0.228402 -0.230081 -0.122741
-0.232278 -0.134212 -0.146321 -0.22879 -0.230595 -0.131138
-0.232392 -0.142642 -0.154154 -0.229146 -0.230791 -0.139756
-0.232422 -0.15113 -0.161631 -0.229466 -0.230958 -0.14799
-0.232288 -0.159592 -0.16945 -0.229174 -0.230738 -0.15604
-0.230758 -0.16919 -0.182476 -0.227177 -0.229639 -0.165054
-0.229075 -0.179201 -0.198352 -0.225863 -0.228021 -0.174004
-0.227618 -0.189216 -0.212806 -0.224459 -0.226041 -0.182923
-0.226282 -0.19915 -0.225793 -0.222279 -0.224046 -0.192339
-0.224549 -0.207063 -0.233368 -0.219384 -0.221642 -0.200905
-0.222388 -0.208352 -0.232864 -0.215888 -0.21985 -0.207786
-0.218204 -0.206695 -0.230272 -0.211571 -0.216782 -0.207787
-0.214003 -0.206925 -0.227311 -0.207143 -0.210191 -0.2067
-0.207227 -0.206632 -0.223563 -0.203444 -0.204055 -0.206494
-0.201371 -0.206079 -0.221227 -0.198411 -0.19746 -0.206526
-0.195231 -0.20505 -0.21991 -0.19155 -0.191502 -0.204906
-0.188796 -0.204915 -0.217954 -0.183323 -0.185256 -0.20409
-0.181684 -0.205078 -0.217618 -0.17464 -0.177704 -0.203451
-0.173047 -0.20487 -0.21748 -0.16561 -0.16897 -0.203171
-0.16335 -0.204894 -0.217419 -0.156416 -0.159218 -0.203225
-0.152967 -0.205541 -0.218015 -0.147529 -0.149084 -0.203749
-0.141926 -0.206942 -0.21829 -0.139357 -0.139169 -0.204717
-0.131092 -0.208656 -0.218786 -0.13228 -0.129549 -0.205947
-0.121284 -0.210258 -0.219962 -0.126022 -0.12021 -0.207145
-0.112969 -0.211911 -0.221319 -0.120451 -0.111757 -0.208403
-0.106439 -0.21364 -0.222631 -0.115495 -0.104563 -0.209703
-0.101832 -0.214615 -0.224348 -0.111154 -0.0983284 -0.210865
-0.0984351 -0.215698 -0.225778 -0.107561 -0.0939058 -0.21232
-0.0961937 -0.216997 -0.227249 -0.104639 -0.0915027 -0.213959
-0.0951886 -0.218214 -0.228446 -0.10304 -0.0912907 -0.215557
-0.0953291 -0.219504 -0.229454 -0.102785 -0.0926022 -0.217029
-0.0971279 -0.22121 -0.230385 -0.103351 -0.0951775 -0.218701
-0.100723 -0.222427 -0.231033 -0.105253 -0.0990603 -0.220079
-0.105773 -0.223576 -0.231625 -0.108316 -0.103871 -0.221444
-0.111745 -0.224574 -0.232224 -0.112713 -0.109824 -0.222483
-0.118736 -0.225242 -0.232453 -0.118011 -0.116786 -0.223195
-0.126396 -0.225666 -0.232807 -0.124052 -0.124545 -0.223749
-0.133986 -0.226355 -0.233006 -0.130729 -0.132809 -0.224278
-0.141799 -0.226926 -0.233032 -0.137827 -0.141107 -0.2246
-0.149819 -0.227473 -0.232923 -0.145899 -0.149348 -0.224992
-0.157721 -0.227638 -0.232895 -0.154583 -0.15721 -0.225099
-0.16565 -0.227362 -0.231956 -0.162674 -0.165039 -0.224782
-0.176356 -0.226381 -0.229245 -0.172649 -0.176397 -0.223649
-0.187938 -0.225562 -0.227836 -0.183326 -0.189091 -0.222737
-0.196371 -0.22474 -0.225685 -0.193221 -0.199656 -0.221478
-0.202654 -0.223052 -0.222991 -0.202985 -0.208142 -0.219525
-0.208727 -0.220002 -0.220719 -0.21185 -0.210241 -0.216876
-0.215139 -0.215525 -0.218057 -0.219209 -0.210605 -0.213127
-0.215537 -0.209455 -0.216338 -0.220797 -0.211241 -0.209022
-0.215153 -0.203803 -0.214098 -0.218973 -0.211591 -0.204169
-0.213543 -0.198921 -0.209434 -0.217124 -0.209898 -0.199304
-0.213116 -0.193975 -0.202771 -0.215634 -0.208519 -0.193844
-0.212607 -0.187682 -0.195042 -0.213704 -0.207749 -0.187072
-0.212767 -0.180096 -0.187074 -0.212689 -0.208267 -0.179335
-0.213039 -0.17183 -0.178754 -0.211626 -0.20898 -0.170851
-0.214072 -0.162639 -0.169289 -0.211273 -0.210456 -0.161846
-0.215342 -0.153602 -0.159555 -0.211151 -0.211797 -0.152408
-0.216653 -0.144525 -0.14992 -0.211708 -0.213567 -0.142804
-0.21774 -0.136052 -0.141297 -0.212506 -0.214963 -0.134083
-0.219007 -0.127307 -0.132837 -0.21363 -0.216317 -0.124746
-0.220285 -0.119131 -0.12551 -0.214861 -0.217532 -0.115935
-0.221612 -0.111535 -0.119632 -0.2165 -0.218961 -0.107955
-0.223045 -0.104679 -0.114879 -0.217909 -0.220225 -0.100871
-0.224314 -0.0988745 -0.110996 -0.219472 -0.221682 -0.0949922
-0.225513 -0.0943119 -0.107839 -0.22094 -0.223089 -0.0905652
-0.226488 -0.091152 -0.105513 -0.222411 -0.224394 -0.08788
-0.227354 -0.0893621 -0.104456 -0.224054 -0.225504 -0.0867889
-0.228073 -0.0892471 -0.104342 -0.225466 -0.226489 -0.0871168
-0.228657 -0.0908081 -0.105487 -0.226634 -0.227255 -0.0885717
-0.229778 -0.0937097 -0.108441 -0.227531 -0.227885 -0.0912129
-0.230635 -0.0976886 -0.112609 -0.228175 -0.228579 -0.0950083
-0.23133 -0.103097 -0.117903 -0.228926 -0.229415 -0.100174
-0.231696 -0.109516 -0.12396 -0.229518 -0.229984 -0.106662
-0.231959 -0.11651 -0.131078 -0.230115 -0.23051 -0.114405
-0.232195 -0.124441 -0.138696 -0.230576 -0.230709 -0.122672
-0.232311 -0.132887 -0.146479 -0.231005 -0.230866 -0.131077
-0.232252 -0.141417 -0.154114 -0.231329 -0.230905 -0.139599
-0.23214 -0.149959 -0.161598 -0.231469 -0.230936 -0.147626
-0.23195 -0.158116 -0.169456 -0.230904 -0.23087 -0.155586
-0.230539 -0.167194 -0.182318 -0.228815 -0.229705 -0.164521
-0.228907 -0.177066 -0.19799 -0.227473 -0.228222 -0.173602
-0.227298 -0.187501 -0.212047 -0.226074 -0.226386 -0.182782
-0.225718 -0.198012 -0.22429 -0.223961 -0.224453 -0.19238
-0.223459 -0.206882 -0.233209 -0.220918 -0.221821 -0.200962
-0.221055 -0.210332 -0.232826 -0.217395 -0.219714 -0.207966
-0.217072 -0.208095 -0.230568 -0.213119 -0.216502 -0.209953
-0.213056 -0.207966 -0.227361 -0.208412 -0.210245 -0.208071
-0.206022 -0.207387 -0.223621 -0.204398 -0.203728 -0.207508
-0.200031 -0.206802 -0.220967 -0.199499 -0.196983 -0.207145
-0.193468 -0.205635 -0.219931 -0.192702 -0.191094 -0.205353
-0.186889 -0.205299 -0.217707 -0.184598 -0.184626 -0.204268
-0.179493 -0.205601 -0.216625 -0.175722 -0.176992 -0.203625
-0.170802 -0.205438 -0.216558 -0.166624 -0.168185 -0.203227
-0.161265 -0.205285 -0.216734 -0.157289 -0.158652 -0.20321
-0.150959 -0.20562 -0.217189 -0.14836 -0.148879 -0.203316
-0.140315 -0.206884 -0.217345 -0.140197 -0.138945 -0.204051
-0.129784 -0.20849 -0.217838 -0.133115 -0.129231 -0.20535
-0.120349 -0.210008 -0.218816 -0.12684 -0.119646 -0.206872
-0.112028 -0.211538 -0.219857 -0.121236 -0.110998 -0.208203
-0.104967 -0.213251 -0.221346 -0.116493 -0.103484 -0.209601
-0.0995086 -0.214678 -0.222726 -0.11232 -0.097599 -0.211176
-0.0959032 -0.215887 -0.224489 -0.108568 -0.0934603 -0.212739
-0.0940798 -0.217187 -0.226154 -0.105622 -0.0909104 -0.214035
-0.0935956 -0.218415 -0.227775 -0.10396 -0.0905326 -0.215501
-0.0941172 -0.219836 -0.229004 -0.103283 -0.0918199 -0.217135
-0.0959467 -0.221305 -0.22984 -0.103896 -0.0945723 -0.218606
-0.0992485 -0.222795 -0.230492 -0.105902 -0.0998468 -0.220599
-0.104962 -0.224285 -0.231565 -0.110127 -0.105303 -0.221935
-0.111185 -0.225372 -0.232129 -0.114983 -0.111674 -0.222995
-0.118323 -0.226144 -0.232464 -0.120678 -0.119022 -0.22395
-0.126104 -0.226713 -0.232998 -0.126782 -0.126878 -0.224559
-0.133998 -0.227181 -0.233302 -0.133707 -0.134955 -0.225137
-0.142064 -0.227586 -0.233486 -0.14108 -0.14331 -0.225556
-0.150382 -0.227895 -0.233586 -0.149438 -0.151309 -0.225823
-0.158241 -0.228263 -0.233564 -0.157831 -0.159009 -0.22608
-0.166372 -0.227988 -0.232558 -0.16647 -0.167063 -0.225584
-0.177343 -0.227315 -0.229868 -0.177233 -0.178742 -0.224473
-0.18825 -0.226638 -0.228158 -0.187819 -0.191264 -0.223522
-0.196116 -0.225711 -0.225742 -0.197647 -0.201316 -0.222307
-0.202892 -0.224096 -0.223206 -0.206931 -0.209578 -0.220306
-0.209761 -0.220706 -0.220902 -0.215208 -0.210551 -0.2176
-0.215958 -0.215943 -0.218285 -0.221586 -0.21138 -0.213599
-0.215855 -0.209659 -0.216528 -0.221989 -0.212073 -0.209188
-0.215275 -0.204048 -0.214133 -0.220503 -0.212477 -0.204201
-0.213769 -0.199042 -0.208999 -0.219146 -0.210927 -0.199335
-0.212998 -0.193865 -0.201839 -0.217591 -0.209294 -0.193744
-0.212744 -0.187228 -0.193962 -0.215546 -0.2085 -0.186749
-0.213221 -0.179439 -0.185991 -0.214325 -0.209304 -0.178741
-0.214092 -0.170633 -0.177847 -0.213347 -0.210567 -0.16985
-0.215527 -0.161446 -0.169014 -0.212852 -0.212342 -0.16064
-0.216867 -0.152032 -0.159356 -0.213091 -0.214015 -0.151226
-0.218177 -0.142968 -0.14977 -0.213647 -0.215655 -0.141837
-0.219327 -0.13418 -0.140718 -0.21458 -0.217161 -0.132565
-0.220677 -0.12566 -0.132835 -0.215805 -0.218319 -0.123439
-0.222054 -0.11764 -0.126064 -0.217117 -0.219616 -0.114806
-0.223312 -0.11058 -0.120581 -0.218519 -0.22103 -0.107072
-0.22459 -0.104365 -0.116131 -0.22011 -0.222464 -0.100515
-0.225664 -0.098956 -0.112357 -0.221451 -0.223738 -0.0952581
-0.226586 -0.0946168 -0.109188 -0.222906 -0.225034 -0.0913876
-0.227428 -0.0917841 -0.106597 -0.224483 -0.226008 -0.0891438
-0.228011 -0.090421 -0.105777 -0.225858 -0.227083 -0.0884462
-0.228712 -0.0907317 -0.105963 -0.227063 -0.227987 -0.0887469
-0.229359 -0.092432 -0.10772 -0.227777 -0.228972 -0.090318
-0.230222 -0.0955266 -0.110743 -0.228638 -0.229701 -0.0932169
-0.231039 -0.0999063 -0.114904 -0.229457 -0.230205 -0.0975341
-0.231681 -0.105576 -0.119892 -0.230062 -0.230607 -0.103015
-0.232092 -0.11224 -0.12603 -0.230617 -0.230994 -0.109658
-0.23225 -0.119624 -0.133116 -0.231265 -0.23126 -0.117302
-0.232383 -0.127471 -0.140648 -0.231691 -0.231331 -0.125546
-0.232443 -0.135722 -0.14847 -0.231891 -0.231454 -0.134046
-0.232498 -0.144086 -0.156394 -0.232057 -0.231521 -0.142503
-0.232619 -0.152391 -0.16398 -0.232036 -0.23172 -0.150516
-0.232101 -0.161098 -0.173639 -0.230665 -0.231139 -0.158986
-0.230964 -0.170765 -0.188083 -0.228708 -0.229879 -0.168369
-0.229492 -0.180728 -0.203182 -0.227553 -0.228342 -0.177701
-0.227946 -0.191537 -0.216412 -0.225965 -0.226577 -0.187537
-0.226219 -0.201677 -0.227913 -0.22342 -0.224288 -0.197333
-0.223795 -0.210015 -0.233241 -0.22022 -0.221634 -0.205586
-0.221275 -0.21067 -0.232668 -0.216481 -0.219035 -0.210671
-0.216357 -0.209416 -0.229203 -0.212048 -0.214638 -0.208916
-0.211445 -0.209331 -0.22566 -0.207596 -0.207963 -0.207817
-0.204215 -0.208421 -0.222041 -0.20361 -0.201535 -0.20773
-0.198723 -0.207578 -0.220807 -0.198007 -0.19556 -0.206854
-0.192328 -0.206513 -0.219292 -0.190636 -0.189749 -0.205184
-0.185459 -0.206574 -0.217553 -0.182206 -0.183162 -0.204068
-0.17752 -0.206586 -0.21694 -0.173399 -0.175143 -0.20346
-0.168209 -0.206495 -0.216736 -0.164294 -0.165936 -0.203617
-0.157811 -0.206738 -0.216948 -0.155261 -0.155977 -0.203858
-0.14685 -0.207588 -0.21743 -0.146606 -0.145891 -0.204463
-0.135825 -0.208925 -0.217754 -0.138649 -0.135921 -0.205514
-0.125687 -0.210397 -0.218761 -0.131483 -0.126164 -0.206966
-0.116806 -0.211701 -0.219839 -0.125116 -0.117064 -0.208413
-0.108948 -0.213193 -0.221087 -0.119703 -0.108974 -0.209615
-0.102338 -0.215032 -0.222476 -0.114966 -0.101598 -0.211205
-0.0973922 -0.216473 -0.224102 -0.110905 -0.0959596 -0.212671
-0.0943526 -0.217643 -0.225643 -0.107616 -0.0922973 -0.213959
-0.0931322 -0.219067 -0.227268 -0.105154 -0.0904322 -0.215532
-0.0931107 -0.220352 -0.228721 -0.103856 -0.0906841 -0.21701
-0.0939663 -0.221617 -0.229804 -0.1036 -0.0927178 -0.218436
-0.0963344 -0.222956 -0.230591 -0.104792 -0.0960393 -0.220017
-0.100443 -0.224119 -0.231474 -0.107218 -0.100678 -0.221424
-0.105771 -0.225209 -0.232154 -0.111153 -0.106377 -0.222384
-0.112466 -0.226319 -0.232671 -0.116071 -0.112721 -0.223566
-0.119703 -0.226863 -0.232977 -0.121978 -0.119808 -0.224641
-0.127759 -0.22721 -0.233016 -0.128439 -0.127666 -0.225196
-0.13593 -0.227736 -0.23333 -0.135451 -0.136021 -0.225704
-0.144086 -0.228291 -0.233633 -0.142864 -0.144348 -0.22599
-0.152217 -0.228782 -0.233583 -0.151223 -0.152291 -0.226181
-0.160043 -0.228965 -0.233374 -0.159749 -0.160164 -0.226209
-0.168416 -0.22872 -0.231823 -0.168898 -0.16885 -0.225404
-0.179557 -0.227956 -0.229458 -0.180076 -0.181055 -0.224204
-0.18967 -0.227244 -0.227683 -0.190161 -0.193233 -0.223279
-0.196776 -0.226193 -0.225041 -0.199979 -0.202854 -0.222085
-0.203213 -0.224545 -0.222633 -0.209295 -0.210454 -0.220064
-0.209787 -0.22104 -0.22041 -0.217421 -0.210587 -0.217075
-0.215703 -0.215914 -0.217902 -0.223614 -0.211486 -0.213167
-0.215375 -0.209566 -0.216043 -0.223001 -0.211918 -0.208696
-0.214397 -0.204235 -0.213168 -0.221473 -0.211779 -0.204114
-0.213008 -0.199449 -0.207765 -0.220313 -0.209629 -0.199256
-0.212508 -0.194084 -0.200622 -0.218677 -0.208193 -0.193456
-0.212228 -0.187291 -0.193031 -0.216704 -0.207747 -0.186243
-0.212876 -0.179248 -0.18521 -0.215179 -0.20877 -0.17797
-0.213903 -0.170433 -0.176956 -0.213985 -0.210393 -0.169086
-0.215498 -0.16109 -0.16766 -0.213446 -0.212449 -0.159885
-0.217018 -0.152009 -0.157928 -0.213647 -0.214292 -0.150541
-0.218222 -0.143014 -0.148066 -0.214131 -0.216055 -0.14109
-0.219374 -0.134086 -0.138817 -0.215216 -0.217434 -0.131794
-0.220605 -0.125572 -0.130838 -0.2164 -0.218403 -0.122662
-0.221723 -0.117755 -0.124245 -0.217862 -0.219719 -0.114272
-0.222862 -0.11073 -0.119008 -0.219379 -0.220828 -0.10671
-0.224047 -0.104511 -0.11464 -0.220826 -0.222033 -0.100136
-0.225261 -0.0990361 -0.111205 -0.222039 -0.223388 -0.0948823
-0.226318 -0.0948437 -0.108229 -0.22353 -0.22482 -0.0910499
-0.227174 -0.0922235 -0.105914 -0.225073 -0.22611 -0.0891106
-0.227839 -0.0908767 -0.105614 -0.226535 -0.227007 -0.0888629
-0.228384 -0.0913957 -0.105957 -0.227594 -0.227753 -0.0896147
-0.229145 -0.0932871 -0.107834 -0.228518 -0.228586 -0.0911869
-0.230036 -0.0966795 -0.111139 -0.22932 -0.229306 -0.0941764
-0.230649 -0.101358 -0.115651 -0.230101 -0.229757 -0.098634
-0.231001 -0.106964 -0.120969 -0.230754 -0.2303 -0.104377
-0.231362 -0.113736 -0.12744 -0.23137 -0.230729 -0.111324
-0.231598 -0.121059 -0.134534 -0.231849 -0.230903 -0.118989
-0.231665 -0.129119 -0.142193 -0.232109 -0.230979 -0.12716
-0.231775 -0.137567 -0.15002 -0.232365 -0.231278 -0.135398
-0.231797 -0.146061 -0.157866 -0.232494 -0.231642 -0.143727
-0.231907 -0.154425 -0.165365 -0.23247 -0.231751 -0.151805
-0.231022 -0.163311 -0.175869 -0.230732 -0.230964 -0.160646
-0.229588 -0.172982 -0.190819 -0.228838 -0.22956 -0.17001
-0.228057 -0.183099 -0.206109 -0.22765 -0.227951 -0.17954
-0.226665 -0.193933 -0.219347 -0.226029 -0.226112 -0.189617
-0.225003 -0.203483 -0.230701 -0.223391 -0.223737 -0.199376
-0.222531 -0.210775 -0.233101 -0.219974 -0.221516 -0.206153
-0.219999 -0.209366 -0.231908 -0.216082 -0.219052 -0.211212
-0.215002 -0.209025 -0.228314 -0.211585 -0.21386 -0.209442
-0.209613 -0.209107 -0.22469 -0.207572 -0.207395 -0.208624
-0.20261 -0.208305 -0.221034 -0.203546 -0.200537 -0.208972
-0.195726 -0.207156 -0.219428 -0.19622 -0.193188 -0.207745
-0.189506 -0.206931 -0.217373 -0.188369 -0.187229 -0.206513
-0.183741 -0.20714 -0.216563 -0.181529 -0.181885 -0.205834
-0.174181 -0.20706 -0.216472 -0.170581 -0.172208 -0.204997
-0.166778 -0.206993 -0.216265 -0.163247 -0.164679 -0.204823
-0.156501 -0.20737 -0.216961 -0.154328 -0.154474 -0.204883
-0.145511 -0.208301 -0.217495 -0.145741 -0.144035 -0.205496
-0.134068 -0.209857 -0.217878 -0.137751 -0.133922 -0.206413
-0.123509 -0.211722 -0.219045 -0.130772 -0.124033 -0.207964
-0.114401 -0.213228 -0.220047 -0.124645 -0.115035 -0.209224
-0.106723 -0.214908 -0.221247 -0.119345 -0.107176 -0.210667
-0.101011 -0.21649 -0.222674 -0.114596 -0.100358 -0.212316
-0.0971123 -0.217671 -0.224705 -0.110493 -0.0950649 -0.213657
-0.0943444 -0.218712 -0.22649 -0.106685 -0.0912611 -0.215278
-0.0936663 -0.220132 -0.228083 -0.104604 -0.090149 -0.216872
-0.0936832 -0.221547 -0.229201 -0.103796 -0.0908466 -0.218387
-0.0952026 -0.22297 -0.229902 -0.104162 -0.0927674 -0.219708
-0.098395 -0.224412 -0.230438 -0.105962 -0.0959506 -0.221285
-0.103183 -0.225859 -0.231301 -0.108847 -0.100572 -0.222582
-0.108732 -0.226818 -0.231667 -0.113213 -0.106436 -0.223484
-0.115467 -0.227916 -0.23188 -0.118475 -0.113412 -0.224365
-0.122938 -0.228607 -0.232436 -0.124444 -0.121423 -0.225046
-0.130535 -0.22901 -0.232338 -0.131047 -0.129932 -0.225318
-0.138411 -0.229697 -0.232414 -0.138123 -0.138384 -0.226012
-0.146404 -0.230045 -0.232402 -0.145756 -0.146688 -0.226405
-0.154235 -0.230258 -0.232408 -0.154526 -0.154782 -0.226553
-0.161968 -0.230291 -0.23227 -0.162734 -0.162583 -0.226423
-0.17204 -0.229605 -0.230143 -0.172271 -0.173177 -0.225409
-0.183734 -0.228943 -0.228281 -0.182784 -0.186333 -0.224316
-0.193043 -0.227984 -0.22639 -0.192588 -0.197529 -0.223231
-0.199604 -0.226543 -0.223976 -0.20182 -0.206212 -0.22174
-0.205763 -0.22386 -0.221778 -0.210399 -0.210793 -0.219222
-0.212772 -0.220037 -0.219216 -0.217453 -0.210801 -0.215859
-0.215985 -0.214299 -0.217029 -0.223363 -0.211465 -0.211909
-0.215882 -0.207913 -0.215239 -0.222417 -0.211952 -0.207116
-0.214566 -0.202773 -0.211508 -0.220371 -0.211277 -0.202353
-0.213497 -0.198001 -0.205318 -0.219105 -0.20946 -0.197146
-0.212808 -0.192373 -0.197568 -0.217055 -0.208094 -0.190975
-0.212869 -0.185234 -0.189456 -0.214894 -0.207932 -0.183394
-0.213374 -0.177174 -0.181513 -0.21376 -0.209263 -0.175018
-0.214161 -0.168336 -0.17265 -0.212897 -0.21058 -0.166179
-0.215379 -0.159152 -0.162844 -0.212608 -0.212142 -0.157013
-0.216487 -0.150027 -0.152761 -0.212912 -0.213519 -0.147459
-0.217408 -0.141115 -0.143574 -0.213583 -0.214978 -0.138076
-0.218588 -0.132251 -0.135288 -0.21449 -0.216075 -0.128917
-0.219745 -0.123904 -0.128473 -0.215538 -0.217288 -0.120062
-0.221295 -0.116096 -0.122676 -0.21678 -0.218862 -0.111962
-0.222683 -0.109166 -0.117861 -0.218116 -0.220273 -0.104665
-0.224083 -0.103006 -0.113525 -0.219533 -0.221729 -0.098627
-0.22528 -0.0979474 -0.110005 -0.220919 -0.223155 -0.0939965
-0.226204 -0.0944899 -0.10694 -0.222357 -0.224318 -0.0907983
-0.22696 -0.0923693 -0.104975 -0.223745 -0.22547 -0.0892923
-0.227698 -0.0918475 -0.104273 -0.225027 -0.226521 -0.0893225
-0.228262 -0.0929054 -0.104879 -0.226184 -0.22737 -0.0902765
-0.229118 -0.0953002 -0.107123 -0.226954 -0.228174 -0.0925007
-0.229984 -0.0991727 -0.110718 -0.227749 -0.228547 -0.096137
-0.230715 -0.104275 -0.115492 -0.22843 -0.229101 -0.100892
-0.231278 -0.110531 -0.12121 -0.228971 -0.229557 -0.106761
-0.231428 -0.117479 -0.127931 -0.2295 -0.229809 -0.113932
-0.231503 -0.125034 -0.135446 -0.230003 -0.230084 -0.12198
-0.231635 -0.13322 -0.143265 -0.23034 -0.230074 -0.130357
-0.231671 -0.141763 -0.151081 -0.230574 -0.230117 -0.138942
-0.231391 -0.150209 -0.158678 -0.230806 -0.230143 -0.147062
-0.231195 -0.158463 -0.166078 -0.230391 -0.2301 -0.154955
-0.229896 -0.167492 -0.178013 -0.228431 -0.228964 -0.163761
-0.228279 -0.177226 -0.194031 -0.227057 -0.227569 -0.172883
-0.226814 -0.186899 -0.208964 -0.225839 -0.225892 -0.181583
-0.225328 -0.19716 -0.222308 -0.223602 -0.224038 -0.191047
-0.223309 -0.20588 -0.232912 -0.220771 -0.221729 -0.199642
-0.221039 -0.209394 -0.232549 -0.217222 -0.219732 -0.206609
-0.216992 -0.206951 -0.230538 -0.212975 -0.216615 -0.208172
-0.213082 -0.207015 -0.227471 -0.208525 -0.210595 -0.206588
-0.206397 -0.20652 -0.224212 -0.204631 -0.204606 -0.206273
-0.200942 -0.205881 -0.221858 -0.200106 -0.198023 -0.20577
-0.19477 -0.204581 -0.220465 -0.193635 -0.192659 -0.204338
-0.188587 -0.204238 -0.218664 -0.185778 -0.186409 -0.203475
-0.181204 -0.204355 -0.217855 -0.177078 -0.178986 -0.202872
-0.172504 -0.204082 -0.217441 -0.168135 -0.170298 -0.202586
-0.162807 -0.20415 -0.217303 -0.158971 -0.160606 -0.202671
-0.152301 -0.204619 -0.217801 -0.150118 -0.150666 -0.20314
-0.141445 -0.20577 -0.218145 -0.141813 -0.140555 -0.20407
-0.130759 -0.207424 -0.218648 -0.134291 -0.130377 -0.205297
-0.121387 -0.208962 -0.219685 -0.127565 -0.12082 -0.206598
-0.113468 -0.210186 -0.220771 -0.121806 -0.111935 -0.207834
-0.106885 -0.211674 -0.222152 -0.116779 -0.104127 -0.209242
-0.10158 -0.213125 -0.223764 -0.112458 -0.0974946 -0.210462
-0.0975495 -0.214435 -0.225037 -0.108847 -0.0925803 -0.211973
-0.0950551 -0.215843 -0.226316 -0.105899 -0.0893667 -0.213522
-0.0941696 -0.217196 -0.227714 -0.1041 -0.0880843 -0.214859
-0.0944707 -0.218686 -0.228811 -0.10335 -0.0887617 -0.216324
-0.0960709 -0.220241 -0.229796 -0.103534 -0.0909778 -0.217925
-0.0993022 -0.221662 -0.230481 -0.105115 -0.0947446 -0.219231
-0.10373 -0.223046 -0.230874 -0.107988 -0.0998636 -0.220502
-0.109396 -0.224233 -0.231442 -0.112259 -0.105955 -0.221663
-0.115884 -0.225024 -0.232012 -0.11763 -0.113054 -0.222585
-0.123294 -0.225756 -0.232228 -0.123644 -0.120896 -0.223322
-0.131107 -0.226589 -0.232299 -0.130355 -0.129493 -0.224064
-0.138991 -0.227236 -0.232446 -0.137487 -0.138037 -0.22454
-0.147009 -0.227945 -0.232399 -0.145126 -0.146382 -0.224938
-0.154923 -0.228326 -0.232231 -0.153886 -0.154287 -0.225351
-0.162933 -0.228303 -0.231285 -0.162349 -0.162249 -0.225176
-0.173557 -0.227733 -0.228152 -0.173003 -0.173741 -0.223956
-0.185412 -0.227389 -0.226664 -0.183934 -0.187175 -0.223004
-0.19457 -0.226633 -0.224617 -0.193913 -0.198416 -0.22209
-0.201302 -0.225416 -0.221497 -0.203844 -0.207332 -0.220546
-0.207576 -0.22271 -0.219481 -0.213002 -0.209355 -0.217826
-0.214199 -0.21804 -0.217369 -0.220324 -0.210211 -0.214063
-0.215061 -0.211721 -0.215859 -0.225002 -0.210997 -0.209809
-0.215215 -0.2056 -0.21396 -0.224645 -0.211888 -0.20462
-0.213602 -0.200702 -0.209943 -0.223296 -0.210506 -0.199864
-0.212585 -0.19613 -0.202905 -0.222715 -0.208512 -0.194676
-0.211725 -0.190316 -0.194797 -0.221443 -0.206996 -0.188426
-0.211552 -0.183248 -0.186983 -0.220149 -0.206555 -0.180984
-0.211934 -0.174873 -0.17935 -0.219154 -0.207492 -0.172523
-0.213201 -0.165658 -0.170803 -0.217957 -0.20897 -0.163533
-0.214703 -0.156215 -0.161521 -0.217701 -0.211119 -0.154111
-0.216117 -0.14681 -0.151913 -0.217701 -0.213218 -0.144626
-0.217442 -0.137708 -0.142568 -0.218459 -0.214831 -0.135228
-0.218693 -0.128953 -0.133924 -0.219488 -0.215853 -0.126073
-0.219731 -0.120747 -0.126489 -0.220878 -0.216836 -0.117345
-0.220604 -0.113324 -0.120658 -0.22244 -0.217537 -0.109518
-0.221349 -0.106577 -0.115754 -0.223858 -0.218512 -0.102639
-0.222354 -0.100539 -0.112057 -0.225082 -0.219435 -0.0965878
-0.223625 -0.0953976 -0.109077 -0.226248 -0.22071 -0.0919171
-0.224705 -0.0916701 -0.106659 -0.227256 -0.222148 -0.0887246
-0.225672 -0.0895205 -0.105325 -0.228282 -0.223493 -0.0871854
-0.226689 -0.0891166 -0.105126 -0.229411 -0.224792 -0.0870934
-0.227384 -0.0904935 -0.10563 -0.230355 -0.225745 -0.0882407
-0.228073 -0.0933837 -0.107901 -0.231251 -0.226492 -0.0907204
-0.228473 -0.0976203 -0.111256 -0.232304 -0.226755 -0.0944939
-0.228725 -0.103027 -0.1159 -0.233065 -0.22698 -0.0996156
-0.228686 -0.109275 -0.121575 -0.233663 -0.227127 -0.105864
-0.228927 -0.117606 -0.129809 -0.234166 -0.22753 -0.114632
-0.229132 -0.125013 -0.137607 -0.234505 -0.227868 -0.122538
-0.229159 -0.133137 -0.145436 -0.234687 -0.22822 -0.130806
-0.229094 -0.141515 -0.15314 -0.234928 -0.228338 -0.139188
-0.22894 -0.150247 -0.160716 -0.235134 -0.228424 -0.147484
-0.228643 -0.158742 -0.168508 -0.234666 -0.22819 -0.155552
-0.22717 -0.168335 -0.181416 -0.232485 -0.226883 -0.164694
-0.225685 -0.178617 -0.197353 -0.230805 -0.225265 -0.173901
-0.224161 -0.188962 -0.21196 -0.229152 -0.223425 -0.183008
-0.222599 -0.199432 -0.225109 -0.226708 -0.221488 -0.192681
-0.220488 -0.207805 -0.231445 -0.223335 -0.219167 -0.201558
-0.218182 -0.214374 -0.231383 -0.219525 -0.217465 -0.208812
-0.215903 -0.217524 -0.229335 -0.214528 -0.215007 -0.21388
-0.210637 -0.217392 -0.227152 -0.209783 -0.210708 -0.212702
-0.204364 -0.217709 -0.221485 -0.205358 -0.203613 -0.212056
-0.196325 -0.217395 -0.216443 -0.200935 -0.196161 -0.212655
-0.189695 -0.216716 -0.214736 -0.194672 -0.188429 -0.212095
-0.18275 -0.21567 -0.212624 -0.186849 -0.182282 -0.210657
-0.17593 -0.215414 -0.210463 -0.177949 -0.175463 -0.209205
-0.168457 -0.214785 -0.210227 -0.168671 -0.167709 -0.207587
-0.159416 -0.213916 -0.210258 -0.159339 -0.158268 -0.206992
-0.148898 -0.213652 -0.210632 -0.150644 -0.147832 -0.207037
-0.137921 -0.214185 -0.210969 -0.142753 -0.13708 -0.207943
-0.126689 -0.21554 -0.211274 -0.135415 -0.12638 -0.209427
-0.116787 -0.21708 -0.21242 -0.129002 -0.116301 -0.211008
-0.108566 -0.218365 -0.214117 -0.123267 -0.107472 -0.212447
-0.102295 -0.219319 -0.216189 -0.118284 -0.100338 -0.213375
-0.097483 -0.220229 -0.218237 -0.113901 -0.0947697 -0.21429
-0.0941232 -0.220864 -0.220269 -0.109858 -0.0908818 -0.215309
-0.0917125 -0.22173 -0.222269 -0.106959 -0.0885819 -0.216773
-0.0904683 -0.223046 -0.223885 -0.10529 -0.0878519 -0.218465
-0.0905381 -0.224488 -0.225101 -0.10501 -0.0887593 -0.21996
-0.0924224 -0.226004 -0.226281 -0.106379 -0.0911685 -0.221613
-0.0962623 -0.227257 -0.227372 -0.108965 -0.0948932 -0.223036
-0.101713 -0.228099 -0.228401 -0.112641 -0.100047 -0.224357
-0.108009 -0.228681 -0.229404 -0.117128 -0.106323 -0.225343
-0.115099 -0.229059 -0.230039 -0.122773 -0.113514 -0.226112
-0.122753 -0.229625 -0.230456 -0.129002 -0.121524 -0.226771
-0.130309 -0.230129 -0.230937 -0.135843 -0.130024 -0.227163
-0.138179 -0.230638 -0.231068 -0.143275 -0.138292 -0.22764
-0.146181 -0.231048 -0.23116 -0.151991 -0.146433 -0.227976
-0.15387 -0.231214 -0.231225 -0.160331 -0.154392 -0.228106
-0.161685 -0.230993 -0.23072 -0.168386 -0.162079 -0.227686
-0.17209 -0.230213 -0.227513 -0.17923 -0.172844 -0.226608
-0.183814 -0.229491 -0.225548 -0.190213 -0.185385 -0.225504
-0.192783 -0.228558 -0.223355 -0.200378 -0.195541 -0.224532
-0.200429 -0.226893 -0.220106 -0.210644 -0.203969 -0.222581
-0.207499 -0.223836 -0.217871 -0.220289 -0.208973 -0.219818
-0.209537 -0.219418 -0.215903 -0.227262 -0.209262 -0.216016
-0.210563 -0.213506 -0.21438 -0.231142 -0.210189 -0.211286
-0.143185 -0.232012 -0.231186 -0.151996 -0.144917 -0.22885
-0.151206 -0.231897 -0.231208 -0.16092 -0.152707 -0.228914
-0.15871 -0.231708 -0.231207 -0.169013 -0.160435 -0.228736
-0.167838 -0.230912 -0.228664 -0.179317 -0.169708 -0.227937
-0.179852 -0.230115 -0.225686 -0.190986 -0.18153 -0.226944
-0.19083 -0.229342 -0.223671 -0.201346 -0.192094 -0.226116
-0.199506 -0.227889 -0.220719 -0.211987 -0.199922 -0.224575
-0.206934 -0.225232 -0.217874 -0.221973 -0.206591 -0.221934
-0.207056 -0.221014 -0.216212 -0.229681 -0.207106 -0.218313
-0.209046 -0.215676 -0.214812 -0.23326 -0.20854 -0.213286
-0.209156 -0.210604 -0.213201 -0.232087 -0.209529 -0.207928
-0.207206 -0.206073 -0.208991 -0.230189 -0.208681 -0.202927
-0.206588 -0.201524 -0.202694 -0.229917 -0.207459 -0.198684
-0.205867 -0.195701 -0.195297 -0.227611 -0.205884 -0.193055
-0.205618 -0.188778 -0.187763 -0.226613 -0.205687 -0.185886
-0.205976 -0.180892 -0.180157 -0.225507 -0.205963 -0.177883
-0.206876 -0.172251 -0.171863 -0.22448 -0.207003 -0.169083
-0.208157 -0.163007 -0.163071 -0.224169 -0.208276 -0.159737
-0.209646 -0.153659 -0.154043 -0.22405 -0.209832 -0.150332
-0.210988 -0.14459 -0.145375 -0.224659 -0.211539 -0.141243
-0.212356 -0.135704 -0.137069 -0.22547 -0.212939 -0.132389
-0.213697 -0.127382 -0.12965 -0.226527 -0.214272 -0.123841
-0.214953 -0.119815 -0.123241 -0.2275 -0.215695 -0.115791
-0.216347 -0.112984 -0.11792 -0.228674 -0.217008 -0.108386
-0.217698 -0.107009 -0.113564 -0.229762 -0.218566 -0.10224
-0.219167 -0.101771 -0.110153 -0.230843 -0.219932 -0.0975441
-0.2203 -0.0980467 -0.107287 -0.232171 -0.221178 -0.0943162
-0.221475 -0.0957451 -0.105318 -0.23331 -0.222309 -0.09281
-0.22264 -0.0950685 -0.104856 -0.234474 -0.223523 -0.0926595
-0.223686 -0.0960593 -0.105507 -0.235324 -0.224553 -0.0935695
-0.224743 -0.098462 -0.107666 -0.235864 -0.225887 -0.0959726
-0.225767 -0.102062 -0.111048 -0.236884 -0.226767 -0.0996877
-0.226356 -0.107085 -0.115526 -0.237654 -0.227305 -0.104784
-0.226599 -0.113361 -0.120748 -0.23845 -0.227499 -0.11085
-0.226834 -0.120759 -0.127127 -0.239056 -0.227573 -0.11797
-0.226917 -0.128504 -0.134578 -0.23938 -0.227677 -0.125617
-0.226986 -0.136532 -0.142485 -0.239647 -0.227821 -0.133717
-0.227073 -0.144741 -0.15028 -0.239792 -0.228057 -0.141933
-0.227184 -0.154735 -0.159604 -0.239945 -0.228143 -0.15189
-0.227294 -0.162776 -0.167146 -0.239652 -0.22812 -0.159886
-0.226227 -0.171806 -0.178862 -0.237255 -0.226728 -0.169206
-0.224903 -0.181654 -0.1945 -0.234927 -0.225063 -0.179541
-0.223313 -0.191426 -0.208816 -0.233059 -0.223463 -0.189488
-0.221659 -0.201736 -0.221709 -0.230712 -0.221757 -0.199786
-0.219935 -0.210232 -0.226968 -0.227588 -0.219422 -0.209475
-0.218414 -0.215513 -0.22751 -0.224495 -0.218047 -0.216008
-0.215418 -0.220973 -0.225666 -0.218697 -0.215748 -0.220076
-0.209873 -0.221072 -0.223239 -0.213942 -0.210756 -0.218589
-0.203274 -0.221407 -0.218258 -0.209573 -0.204929 -0.218586
-0.196118 -0.22093 -0.21358 -0.205585 -0.197036 -0.218986
-0.190162 -0.220085 -0.211759 -0.199901 -0.190074 -0.218258
-0.183778 -0.219116 -0.209555 -0.192494 -0.183452 -0.216441
-0.177254 -0.218841 -0.207823 -0.183986 -0.176326 -0.214951
-0.169336 -0.218138 -0.207648 -0.175207 -0.168164 -0.213822
-0.160261 -0.217066 -0.207823 -0.166208 -0.158878 -0.213094
-0.149987 -0.216345 -0.20843 -0.15721 -0.149221 -0.212681
-0.139237 -0.216555 -0.209308 -0.14869 -0.139137 -0.212683
-0.128633 -0.21704 -0.209948 -0.140733 -0.129308 -0.213102
-0.119155 -0.218009 -0.211007 -0.133702 -0.119828 -0.213991
-0.110843 -0.218963 -0.212705 -0.127664 -0.110904 -0.215256
-0.103985 -0.220096 -0.21433 -0.122612 -0.10311 -0.216418
-0.0985267 -0.221384 -0.216089 -0.118284 -0.0969854 -0.217594
-0.0944409 -0.222621 -0.217734 -0.114447 -0.0925351 -0.218583
-0.0921588 -0.223858 -0.219514 -0.111462 -0.0897415 -0.219555
-0.091254 -0.225028 -0.221704 -0.109649 -0.0886546 -0.220563
-0.0914499 -0.225825 -0.223344 -0.109269 -0.0893341 -0.221575
-0.0930787 -0.226591 -0.224547 -0.110142 -0.091552 -0.22294
-0.0959828 -0.227223 -0.226002 -0.112193 -0.0953611 -0.224399
-0.100341 -0.228017 -0.227197 -0.115504 -0.100517 -0.225546
-0.105832 -0.228965 -0.228047 -0.120227 -0.106597 -0.22647
-0.112596 -0.22979 -0.228793 -0.126141 -0.113486 -0.227295
-0.1201 -0.230745 -0.229277 -0.132672 -0.121092 -0.228021
-0.128111 -0.23156 -0.229618 -0.139871 -0.129164 -0.22852
-0.136594 -0.231944 -0.229813 -0.14758 -0.137416 -0.228937
-0.144878 -0.232148 -0.230186 -0.156232 -0.145819 -0.229234
-0.152902 -0.232432 -0.230349 -0.164735 -0.154028 -0.229241
-0.160731 -0.232062 -0.229937 -0.173365 -0.161999 -0.228866
-0.171013 -0.230935 -0.226611 -0.186135 -0.172603 -0.227724
-0.182822 -0.229798 -0.224093 -0.19831 -0.185124 -0.226725
-0.192176 -0.228924 -0.221886 -0.209915 -0.195537 -0.225982
-0.200218 -0.227336 -0.21894 -0.221428 -0.20398 -0.22407
-0.205672 -0.223998 -0.217145 -0.231654 -0.204956 -0.221094
-0.20666 -0.218805 -0.215735 -0.235334 -0.205603 -0.21704
-0.207732 -0.213835 -0.214177 -0.234091 -0.206598 -0.212564
-0.205788 -0.209614 -0.210918 -0.232375 -0.205961 -0.207865
-0.205162 -0.205794 -0.205734 -0.232073 -0.204807 -0.203999
-0.204413 -0.200832 -0.199634 -0.230045 -0.203611 -0.199032
-0.203966 -0.194613 -0.192817 -0.228764 -0.203539 -0.192579
-0.2042 -0.187285 -0.185643 -0.227684 -0.204035 -0.185017
-0.204986 -0.178982 -0.177485 -0.226793 -0.205154 -0.176619
-0.206119 -0.170121 -0.168529 -0.226664 -0.206344 -0.167772
-0.207512 -0.160899 -0.1589 -0.226383 -0.207766 -0.158343
-0.208924 -0.151783 -0.149477 -0.22701 -0.209303 -0.149018
-0.210338 -0.14282 -0.140531 -0.227632 -0.210662 -0.139693
-0.211875 -0.134032 -0.132387 -0.228446 -0.212232 -0.130513
-0.213361 -0.125712 -0.125361 -0.229447 -0.21379 -0.121918
-0.215071 -0.1179 -0.119523 -0.230437 -0.215488 -0.114138
-0.216741 -0.110904 -0.114574 -0.231546 -0.217129 -0.107226
-0.218154 -0.105148 -0.110627 -0.232647 -0.218883 -0.101434
-0.219374 -0.100753 -0.107219 -0.233925 -0.220273 -0.0971381
-0.220568 -0.0976141 -0.104522 -0.235126 -0.221649 -0.0942357
-0.221555 -0.0959589 -0.103196 -0.236195 -0.222708 -0.0931626
-0.222714 -0.0959382 -0.102947 -0.237166 -0.223894 -0.093357
-0.223701 -0.0973723 -0.104169 -0.237788 -0.225114 -0.0948265
-0.224868 -0.100261 -0.106942 -0.238493 -0.226124 -0.0975586
-0.225751 -0.104431 -0.110608 -0.238961 -0.227011 -0.101524
-0.226426 -0.109999 -0.115451 -0.239723 -0.227675 -0.106879
-0.226612 -0.116587 -0.121428 -0.240484 -0.227964 -0.113534
-0.226685 -0.123871 -0.128235 -0.240939 -0.228046 -0.121242
-0.22659 -0.131707 -0.135876 -0.241209 -0.228092 -0.129517
-0.226786 -0.13993 -0.144007 -0.241387 -0.228324 -0.137937
-0.227053 -0.148402 -0.152246 -0.241475 -0.228494 -0.14619
-0.227104 -0.156942 -0.160064 -0.24153 -0.228522 -0.154333
-0.226976 -0.165408 -0.168024 -0.241008 -0.228376 -0.162433
-0.225527 -0.175086 -0.180484 -0.23808 -0.226874 -0.172453
-0.22433 -0.185331 -0.195639 -0.235913 -0.225311 -0.182972
-0.222929 -0.195781 -0.209524 -0.234187 -0.223601 -0.19306
-0.220997 -0.206228 -0.221839 -0.231707 -0.221692 -0.203289
-0.219116 -0.214833 -0.225429 -0.228495 -0.219462 -0.212637
-0.216891 -0.22172 -0.225774 -0.224343 -0.217708 -0.220104
-0.214162 -0.221783 -0.223507 -0.219332 -0.215445 -0.219459
-0.20813 -0.222439 -0.220577 -0.214355 -0.209889 -0.218701
-0.202275 -0.222387 -0.215907 -0.210596 -0.203786 -0.218983
-0.1958 -0.221604 -0.212297 -0.206615 -0.196035 -0.219181
-0.189292 -0.220704 -0.210766 -0.200545 -0.189463 -0.217737
-0.182816 -0.219809 -0.20885 -0.193138 -0.182999 -0.216342
-0.175626 -0.21932 -0.207818 -0.184865 -0.175626 -0.214973
-0.167161 -0.218652 -0.207878 -0.175992 -0.167143 -0.213978
-0.155817 -0.217726 -0.208133 -0.165308 -0.155743 -0.213344
-0.145443 -0.217329 -0.208863 -0.156508 -0.146047 -0.21337
-0.134759 -0.217841 -0.209369 -0.148209 -0.136108 -0.213659
-0.124495 -0.218659 -0.209814 -0.140556 -0.126334 -0.214474
-0.115289 -0.219748 -0.21112 -0.133726 -0.116988 -0.215589
-0.107419 -0.220893 -0.212931 -0.12768 -0.108678 -0.216559
-0.101045 -0.22199 -0.214495 -0.122495 -0.101386 -0.217435
-0.0960904 -0.222949 -0.216171 -0.118022 -0.095839 -0.218193
-0.0927904 -0.223917 -0.217808 -0.114288 -0.0919863 -0.21912
-0.0910657 -0.224804 -0.219901 -0.111604 -0.0896332 -0.22028
-0.0907032 -0.225962 -0.22176 -0.110371 -0.0891924 -0.221362
-0.0913215 -0.227017 -0.223141 -0.110332 -0.0902987 -0.222428
-0.0934597 -0.228008 -0.224458 -0.111741 -0.0930561 -0.223413
-0.097184 -0.228945 -0.22577 -0.11428 -0.0972188 -0.224433
-0.102149 -0.229658 -0.227091 -0.118103 -0.102524 -0.22507
-0.108419 -0.230225 -0.22833 -0.123239 -0.108775 -0.225456
-0.115521 -0.230596 -0.229266 -0.129461 -0.115933 -0.225992
-0.12325 -0.231062 -0.229949 -0.136327 -0.123732 -0.226296
-0.131401 -0.231373 -0.230675 -0.143936 -0.132118 -0.226706
-0.139573 -0.231477 -0.231366 -0.151844 -0.140379 -0.226963
-0.147657 -0.231599 -0.231449 -0.160847 -0.148689 -0.227172
-0.155582 -0.231698 -0.231696 -0.169665 -0.156837 -0.227284
-0.163655 -0.231164 -0.230893 -0.179079 -0.165171 -0.226648
-0.174515 -0.230242 -0.22702 -0.192127 -0.176066 -0.225338
-0.186346 -0.229579 -0.224781 -0.203744 -0.188077 -0.224472
-0.195259 -0.228241 -0.222512 -0.215239 -0.197515 -0.223344
-0.202891 -0.226474 -0.219997 -0.226409 -0.204568 -0.221283
-0.205031 -0.222796 -0.218544 -0.234971 -0.205147 -0.217849
-0.206432 -0.217398 -0.216736 -0.234376 -0.206275 -0.213979
-0.206157 -0.212878 -0.214483 -0.231874 -0.206266 -0.209728
-0.205025 -0.208969 -0.210475 -0.231393 -0.206031 -0.205637
-0.204399 -0.204896 -0.205294 -0.230235 -0.204529 -0.20154
-0.20404 -0.19963 -0.198941 -0.228404 -0.203912 -0.195947
-0.204008 -0.193012 -0.192253 -0.227782 -0.203956 -0.189095
-0.204541 -0.185327 -0.184626 -0.226592 -0.20466 -0.181251
-0.205402 -0.176785 -0.176074 -0.226178 -0.205764 -0.172593
-0.206579 -0.167757 -0.166795 -0.225843 -0.206924 -0.163652
-0.207959 -0.158448 -0.157011 -0.225962 -0.208721 -0.154212
-0.209076 -0.149125 -0.147617 -0.226527 -0.209978 -0.144799
-0.210466 -0.140156 -0.138718 -0.227301 -0.211341 -0.135578
-0.211717 -0.131529 -0.130907 -0.228336 -0.212739 -0.126672
-0.212941 -0.123368 -0.123988 -0.229487 -0.214101 -0.11832
-0.214213 -0.115856 -0.118234 -0.230499 -0.215386 -0.110681
-0.215835 -0.109303 -0.113577 -0.231516 -0.216917 -0.103907
-0.217415 -0.103627 -0.109956 -0.232425 -0.218511 -0.0983063
-0.218745 -0.0992516 -0.106913 -0.233397 -0.220178 -0.0942826
-0.219917 -0.0965687 -0.10468 -0.234699 -0.221542 -0.0920954
-0.220783 -0.0953713 -0.103871 -0.235884 -0.222607 -0.0917037
-0.221772 -0.0959233 -0.103829 -0.236728 -0.223375 -0.0923147
-0.223014 -0.0980484 -0.105595 -0.23748 -0.224348 -0.0942154
-0.22412 -0.101395 -0.108986 -0.237818 -0.225228 -0.0973744
-0.225007 -0.106044 -0.113299 -0.238204 -0.226176 -0.101858
-0.225527 -0.111882 -0.118789 -0.238744 -0.22708 -0.107857
-0.225793 -0.118627 -0.125235 -0.239101 -0.227415 -0.114917
-0.226031 -0.126297 -0.132502 -0.239552 -0.227385 -0.122877
-0.226224 -0.134752 -0.140236 -0.239779 -0.22729 -0.131023
-0.226082 -0.14366 -0.148337 -0.240128 -0.227202 -0.139442
-0.225994 -0.15245 -0.156424 -0.240318 -0.227293 -0.14786
-0.225954 -0.160798 -0.16427 -0.240268 -0.227058 -0.156056
-0.225108 -0.169296 -0.174022 -0.238647 -0.22619 -0.164894
-0.223742 -0.178919 -0.188761 -0.23593 -0.224429 -0.175148
-0.222258 -0.188898 -0.204916 -0.234165 -0.222825 -0.18583
-0.220705 -0.199006 -0.218814 -0.232062 -0.221338 -0.19595
-0.219254 -0.208313 -0.223237 -0.229048 -0.219315 -0.205954
-0.217692 -0.215325 -0.224611 -0.22516 -0.217999 -0.214955
-0.21571 -0.217691 -0.223823 -0.220067 -0.21652 -0.217421
-0.210202 -0.217854 -0.221404 -0.215804 -0.211971 -0.216325
-0.204881 -0.219005 -0.216424 -0.21232 -0.206739 -0.216808
-0.197882 -0.218925 -0.211769 -0.209379 -0.198955 -0.217935
-0.191751 -0.218821 -0.209875 -0.204514 -0.191574 -0.217433
-0.185014 -0.217578 -0.20793 -0.197591 -0.185167 -0.215864
-0.178558 -0.217622 -0.206789 -0.189607 -0.178577 -0.214691
-0.170608 -0.217184 -0.206824 -0.181123 -0.171068 -0.213708
-0.161764 -0.216581 -0.206886 -0.172328 -0.162392 -0.213235
-0.151817 -0.216191 -0.207393 -0.163349 -0.152891 -0.213152
-0.141267 -0.216289 -0.207909 -0.154676 -0.143053 -0.213401
-0.130811 -0.217067 -0.20864 -0.146439 -0.133105 -0.214131
-0.120882 -0.218068 -0.209874 -0.138899 -0.123361 -0.21515
-0.112229 -0.219074 -0.211314 -0.132124 -0.114147 -0.215978
-0.104718 -0.219903 -0.21316 -0.126223 -0.106091 -0.216848
-0.0984762 -0.220683 -0.215277 -0.121164 -0.0992034 -0.217742
-0.0935626 -0.221311 -0.217159 -0.116851 -0.0939548 -0.218694
-0.09023 -0.222265 -0.218769 -0.113073 -0.0902082 -0.219702
-0.0888161 -0.223477 -0.220551 -0.110503 -0.0882013 -0.220924
-0.0889732 -0.22487 -0.222047 -0.109461 -0.0878628 -0.222045
-0.0905228 -0.226161 -0.22318 -0.109899 -0.0892322 -0.223246
-0.0935339 -0.227291 -0.224148 -0.111737 -0.09235 -0.224523
-0.097707 -0.228383 -0.225362 -0.114853 -0.0969279 -0.225483
-0.103192 -0.22896 -0.226512 -0.119125 -0.102716 -0.226011
-0.109913 -0.229202 -0.227623 -0.124423 -0.109402 -0.226287
-0.11713 -0.229577 -0.228494 -0.13047 -0.11684 -0.226627
-0.124952 -0.229869 -0.228875 -0.137535 -0.124731 -0.227066
-0.132961 -0.230214 -0.229125 -0.145152 -0.132813 -0.227614
-0.140976 -0.230431 -0.229183 -0.153603 -0.141067 -0.228192
-0.148987 -0.230806 -0.229128 -0.162861 -0.149425 -0.228453
-0.156933 -0.230486 -0.229281 -0.171638 -0.157633 -0.228317
-0.165676 -0.229735 -0.227546 -0.18138 -0.166312 -0.227169
-0.17758 -0.228689 -0.223642 -0.194615 -0.177588 -0.225856
-0.189539 -0.227754 -0.221579 -0.206225 -0.18894 -0.225
-0.198313 -0.226459 -0.219221 -0.218069 -0.197943 -0.223683
-0.200521 -0.224318 -0.217167 -0.229196 -0.199322 -0.220866
-0.201124 -0.220377 -0.216701 -0.233019 -0.200573 -0.217342
-0.203046 -0.214938 -0.215716 -0.231627 -0.202155 -0.212714
-0.201763 -0.210801 -0.212784 -0.230153 -0.202094 -0.208869
-0.201687 -0.207235 -0.208397 -0.229659 -0.201674 -0.205544
-0.20181 -0.203092 -0.203013 -0.228032 -0.200744 -0.201366
-0.201545 -0.198813 -0.198147 -0.227287 -0.200607 -0.19686
-0.201739 -0.192371 -0.191438 -0.226495 -0.200667 -0.190047
-0.202793 -0.184597 -0.183535 -0.225943 -0.201804 -0.182271
-0.203779 -0.176124 -0.174852 -0.225851 -0.203108 -0.173821
-0.204845 -0.167083 -0.165415 -0.225618 -0.204553 -0.164891
-0.206318 -0.157826 -0.155858 -0.22585 -0.206066 -0.155677
-0.207733 -0.148585 -0.146722 -0.226322 -0.207506 -0.146479
-0.209305 -0.139449 -0.138082 -0.227049 -0.209262 -0.137191
-0.210701 -0.130684 -0.130417 -0.228189 -0.210869 -0.128426
-0.212124 -0.12241 -0.123668 -0.229475 -0.212336 -0.120207
-0.213714 -0.115064 -0.118167 -0.230731 -0.213624 -0.112989
-0.215071 -0.108462 -0.11348 -0.232109 -0.215074 -0.106393
-0.216372 -0.102829 -0.109824 -0.233127 -0.216581 -0.10094
-0.217763 -0.0984922 -0.106868 -0.234318 -0.218221 -0.0969687
-0.219016 -0.0955938 -0.104767 -0.235371 -0.219704 -0.094616
-0.220238 -0.0942119 -0.103986 -0.236429 -0.221091 -0.0940265
-0.221423 -0.0948802 -0.104024 -0.237393 -0.222229 -0.0946875
-0.222387 -0.0970568 -0.105431 -0.238304 -0.223051 -0.0965135
-0.223393 -0.100494 -0.108254 -0.238961 -0.223792 -0.0994381
-0.224072 -0.105204 -0.112171 -0.239502 -0.224545 -0.103733
-0.224523 -0.110943 -0.117331 -0.240025 -0.225123 -0.10947
-0.224828 -0.117698 -0.123799 -0.240357 -0.225568 -0.116222
-0.225133 -0.125336 -0.131189 -0.240712 -0.22581 -0.123941
-0.225369 -0.133791 -0.1389 -0.240958 -0.226026 -0.131947
-0.225323 -0.142714 -0.146754 -0.24121 -0.225999 -0.140458
-0.225178 -0.151407 -0.154765 -0.241405 -0.225998 -0.148898
-0.224983 -0.159788 -0.162468 -0.241208 -0.225908 -0.157186
-0.224623 -0.16817 -0.171186 -0.239995 -0.225299 -0.165459
-0.223212 -0.178153 -0.184841 -0.237014 -0.22365 -0.175452
-0.2218 -0.188663 -0.200225 -0.234815 -0.221974 -0.185903
-0.220461 -0.199025 -0.21371 -0.232624 -0.220295 -0.195754
-0.218726 -0.208772 -0.220169 -0.229828 -0.218178 -0.206107
-0.217258 -0.21616 -0.221479 -0.226237 -0.216404 -0.215337
-0.214956 -0.217156 -0.220834 -0.221291 -0.214898 -0.216557
-0.209811 -0.217214 -0.218665 -0.217087 -0.210395 -0.215458
-0.204743 -0.217627 -0.214712 -0.213836 -0.205339 -0.215907
-0.19814 -0.216973 -0.210925 -0.210798 -0.197678 -0.216635
-0.191929 -0.216562 -0.209126 -0.20596 -0.191016 -0.215586
-0.185654 -0.215804 -0.207672 -0.199291 -0.185036 -0.214144
-0.179192 -0.215358 -0.206988 -0.191574 -0.178559 -0.213284
-0.171398 -0.214955 -0.206893 -0.183395 -0.171109 -0.212605
-0.162444 -0.214797 -0.206845 -0.174859 -0.162509 -0.212378
-0.15247 -0.214798 -0.207213 -0.166034 -0.153033 -0.212376
-0.142102 -0.215205 -0.207887 -0.157298 -0.143189 -0.212735
-0.131895 -0.216018 -0.208802 -0.148809 -0.133205 -0.213432
-0.122215 -0.217009 -0.209929 -0.14094 -0.123492 -0.214378
-0.11334 -0.217975 -0.211382 -0.133928 -0.114418 -0.21537
-0.10533 -0.21892 -0.21318 -0.127862 -0.106329 -0.216498
-0.0986354 -0.220003 -0.214998 -0.122629 -0.0993446 -0.217514
-0.0933835 -0.221243 -0.216628 -0.118068 -0.0936064 -0.218483
-0.0901458 -0.222526 -0.218205 -0.11419 -0.0894427 -0.219496
-0.0887363 -0.223583 -0.220079 -0.11148 -0.0870642 -0.220686
-0.0887453 -0.224431 -0.221705 -0.110137 -0.0866172 -0.22172
-0.0898487 -0.225321 -0.223149 -0.110184 -0.0881755 -0.222751
-0.0922211 -0.226291 -0.224297 -0.111786 -0.0911229 -0.223881
-0.0962574 -0.227373 -0.225207 -0.114709 -0.0952749 -0.224626
-0.101599 -0.228341 -0.226037 -0.11872 -0.100319 -0.225447
-0.107932 -0.229206 -0.226673 -0.124061 -0.106409 -0.226181
-0.115044 -0.229704 -0.227219 -0.130462 -0.113513 -0.226764
-0.122782 -0.230178 -0.227623 -0.137614 -0.121321 -0.227233
-0.13079 -0.230483 -0.228048 -0.14518 -0.129997 -0.227402
-0.138834 -0.230356 -0.228306 -0.153504 -0.138884 -0.227543
-0.14679 -0.230473 -0.22837 -0.1619 -0.147315 -0.227776
-0.15475 -0.230498 -0.228365 -0.170682 -0.155471 -0.227716
-0.162588 -0.229849 -0.228054 -0.179686 -0.163441 -0.22733
-0.172437 -0.228529 -0.224152 -0.193112 -0.173771 -0.225674
-0.184225 -0.227564 -0.22123 -0.206398 -0.185658 -0.224394
-0.193547 -0.226522 -0.21907 -0.218678 -0.194579 -0.223383
-0.198286 -0.224507 -0.217269 -0.23021 -0.194904 -0.221057
-0.198943 -0.21949 -0.216635 -0.233032 -0.19656 -0.21726
-0.200104 -0.215371 -0.216022 -0.231021 -0.19721 -0.213939
-0.199483 -0.211799 -0.212949 -0.23062 -0.197348 -0.210582
-0.199382 -0.208781 -0.208895 -0.230436 -0.196478 -0.207474
-0.19903 -0.204915 -0.203995 -0.229526 -0.195909 -0.203593
-0.198835 -0.199687 -0.198261 -0.22914 -0.195911 -0.198052
-0.199303 -0.192983 -0.191615 -0.228402 -0.196435 -0.191183
-0.200601 -0.185283 -0.184034 -0.228174 -0.198005 -0.183367
-0.201693 -0.17672 -0.175483 -0.228174 -0.199579 -0.174749
-0.203166 -0.167718 -0.166242 -0.228205 -0.201487 -0.165734
-0.204944 -0.158399 -0.156721 -0.228589 -0.20321 -0.156455
-0.20678 -0.149087 -0.14746 -0.229129 -0.205042 -0.147247
-0.2085 -0.139998 -0.138773 -0.229934 -0.206991 -0.138033
-0.210222 -0.131171 -0.131127 -0.231068 -0.208761 -0.129128
-0.211888 -0.122776 -0.124424 -0.232166 -0.210434 -0.120778
-0.213649 -0.115222 -0.118665 -0.233533 -0.212022 -0.113402
-0.215171 -0.108358 -0.113626 -0.234796 -0.213499 -0.106742
-0.216551 -0.102699 -0.109697 -0.236126 -0.215097 -0.101235
-0.217877 -0.098393 -0.106553 -0.237108 -0.216585 -0.0971112
-0.219268 -0.095589 -0.104249 -0.238035 -0.218051 -0.0943943
-0.220585 -0.0943154 -0.103348 -0.238946 -0.219276 -0.0934834
-0.221696 -0.0946773 -0.103302 -0.239697 -0.220611 -0.0937146
-0.222827 -0.0966454 -0.104672 -0.240299 -0.221612 -0.0953823
-0.223525 -0.100276 -0.107379 -0.240858 -0.222496 -0.0984331
-0.22407 -0.105045 -0.111229 -0.241454 -0.223153 -0.102879
-0.224261 -0.110898 -0.116394 -0.242008 -0.223461 -0.108666
-0.224532 -0.117688 -0.122725 -0.242317 -0.223586 -0.115545
-0.224751 -0.125389 -0.130043 -0.242497 -0.223938 -0.123088
-0.224876 -0.133584 -0.137914 -0.242598 -0.224187 -0.13097
-0.224798 -0.142228 -0.146063 -0.242544 -0.224397 -0.139438
-0.224717 -0.15099 -0.154228 -0.242346 -0.224477 -0.148152
-0.224762 -0.159636 -0.161935 -0.242097 -0.224279 -0.156678
-0.224215 -0.168278 -0.17054 -0.240692 -0.223612 -0.165193
-0.222793 -0.178639 -0.183482 -0.237498 -0.22195 -0.175498
-0.221359 -0.189968 -0.198917 -0.235321 -0.220386 -0.186611
-0.219753 -0.200852 -0.212986 -0.233306 -0.218696 -0.196926
-0.217894 -0.210468 -0.224851 -0.230361 -0.216458 -0.207306
-0.215733 -0.217582 -0.226566 -0.226708 -0.213838 -0.216598
-0.212915 -0.214921 -0.225201 -0.222196 -0.212053 -0.215459
-0.208822 -0.214743 -0.223068 -0.218605 -0.207575 -0.214211
-0.203774 -0.214571 -0.22065 -0.214888 -0.202896 -0.213901
-0.198245 -0.214397 -0.21775 -0.211801 -0.196371 -0.214392
-0.192974 -0.214061 -0.216862 -0.207495 -0.190908 -0.213604
-0.187064 -0.213646 -0.216255 -0.20109 -0.185065 -0.212719
-0.18023 -0.213311 -0.216044 -0.193455 -0.178427 -0.212111
-0.17218 -0.213316 -0.216229 -0.185303 -0.170582 -0.21164
-0.163026 -0.213418 -0.216383 -0.17653 -0.161414 -0.211781
-0.152969 -0.213593 -0.21689 -0.167506 -0.151453 -0.212147
-0.14249 -0.21424 -0.21756 -0.158528 -0.141125 -0.213079
-0.131869 -0.215245 -0.218235 -0.149883 -0.13096 -0.214122
-0.121764 -0.216514 -0.219091 -0.141908 -0.121278 -0.215498
-0.112482 -0.217665 -0.22028 -0.13475 -0.112132 -0.216823
-0.104447 -0.218813 -0.221652 -0.128711 -0.104088 -0.21792
-0.0978627 -0.220028 -0.223092 -0.123274 -0.0971873 -0.218881
-0.0929357 -0.221108 -0.224545 -0.118597 -0.0919245 -0.219599
-0.0895237 -0.222006 -0.22609 -0.114482 -0.0882496 -0.220383
-0.0881619 -0.222696 -0.22791 -0.11154 -0.0861371 -0.221277
-0.0880546 -0.223254 -0.229394 -0.110001 -0.0860041 -0.222032
-0.0896167 -0.223938 -0.230548 -0.110325 -0.0873103 -0.222829
-0.0924098 -0.224572 -0.23158 -0.112179 -0.0902201 -0.223704
-0.0964294 -0.225324 -0.232475 -0.115501 -0.0944702 -0.224563
-0.101672 -0.225936 -0.233217 -0.12017 -0.0998276 -0.22533
-0.107842 -0.226425 -0.233949 -0.125874 -0.105975 -0.226033
-0.114904 -0.226913 -0.23443 -0.132648 -0.113079 -0.226571
-0.122715 -0.227486 -0.234893 -0.139924 -0.121164 -0.226829
-0.13101 -0.22782 -0.235173 -0.147637 -0.129582 -0.227181
-0.139527 -0.22785 -0.235528 -0.156113 -0.138007 -0.227444
-0.147763 -0.22782 -0.235687 -0.16449 -0.146361 -0.227761
-0.155603 -0.228011 -0.235576 -0.173005 -0.154477 -0.227951
-0.163714 -0.227308 -0.234881 -0.182767 -0.163 -0.22726
-0.174108 -0.22559 -0.231467 -0.196728 -0.173872 -0.225512
-0.185527 -0.224443 -0.22895 -0.210046 -0.185865 -0.224433
-0.194826 -0.223411 -0.226879 -0.222627 -0.195818 -0.223316
-0.203119 -0.221418 -0.224093 -0.231615 -0.20509 -0.22125
-0.21082 -0.219143 -0.221288 -0.232124 -0.211181 -0.219122
-0.2148 -0.21597 -0.218461 -0.229505 -0.209804 -0.216413
-0.215965 -0.21112 -0.215133 -0.227038 -0.21006 -0.2135
-0.216487 -0.206691 -0.213131 -0.223817 -0.210715 -0.209055
-0.216765 -0.202098 -0.210062 -0.221505 -0.211702 -0.204268
-0.217137 -0.197239 -0.20489 -0.219861 -0.21182 -0.199042
-0.217273 -0.1913 -0.197491 -0.218734 -0.211695 -0.192794
-0.217358 -0.184423 -0.189072 -0.218892 -0.211463 -0.185437
-0.217266 -0.176408 -0.179857 -0.219136 -0.211424 -0.177223
-0.217162 -0.167523 -0.170512 -0.219675 -0.211895 -0.168282
-0.217774 -0.158195 -0.161293 -0.219841 -0.212639 -0.158898
-0.219055 -0.148549 -0.152467 -0.220152 -0.213986 -0.149356
-0.220476 -0.138905 -0.144059 -0.220709 -0.215662 -0.139829
-0.221817 -0.129584 -0.136229 -0.221559 -0.217181 -0.130541
-0.223082 -0.121169 -0.128799 -0.222801 -0.218585 -0.121974
-0.224069 -0.113805 -0.122124 -0.224523 -0.219624 -0.114523
-0.224862 -0.107351 -0.116307 -0.226147 -0.220359 -0.107986
-0.22563 -0.102014 -0.111766 -0.227877 -0.221087 -0.102453
-0.226292 -0.097609 -0.108374 -0.229427 -0.221951 -0.0980309
-0.226966 -0.0946689 -0.106233 -0.230835 -0.22289 -0.0951834
-0.227598 -0.0930411 -0.105872 -0.23224 -0.223721 -0.0941923
-0.228214 -0.0932564 -0.106276 -0.233536 -0.22452 -0.0945825
-0.228815 -0.094848 -0.10806 -0.234343 -0.225222 -0.0962853
-0.229432 -0.0979804 -0.111211 -0.235179 -0.225897 -0.099308
-0.230013 -0.102546 -0.115564 -0.236074 -0.226433 -0.103683
-0.230369 -0.108293 -0.120924 -0.236666 -0.226774 -0.109162
-0.230518 -0.115171 -0.127517 -0.237303 -0.227005 -0.115797
-0.230547 -0.122808 -0.135068 -0.237808 -0.226952 -0.123521
-0.230473 -0.1312 -0.143293 -0.238198 -0.226914 -0.131855
-0.230126 -0.13978 -0.151543 -0.23846 -0.226868 -0.14034
-0.229956 -0.14843 -0.159775 -0.238522 -0.226832 -0.14888
-0.22994 -0.15681 -0.167884 -0.238438 -0.226803 -0.157229
-0.229477 -0.165455 -0.1769 -0.236912 -0.226302 -0.165639
-0.228022 -0.176069 -0.189899 -0.233633 -0.224762 -0.175817
-0.226404 -0.187808 -0.204272 -0.231323 -0.22344 -0.186758
-0.224664 -0.199397 -0.216963 -0.229207 -0.222021 -0.196908
-0.222665 -0.210183 -0.22836 -0.226509 -0.219724 -0.207072
-0.220586 -0.214076 -0.2308 -0.223235 -0.216886 -0.216236
-0.2169 -0.212052 -0.229515 -0.219765 -0.213621 -0.2152
-0.213035 -0.211666 -0.22774 -0.216505 -0.209203 -0.213387
-0.208306 -0.210744 -0.226379 -0.21279 -0.205017 -0.212762
-0.204121 -0.209941 -0.224773 -0.209352 -0.199608 -0.21202
-0.198786 -0.209009 -0.22391 -0.204565 -0.19494 -0.210855
-0.192634 -0.208659 -0.222807 -0.198115 -0.189003 -0.210209
-0.185435 -0.208731 -0.222794 -0.190685 -0.181894 -0.210032
-0.176917 -0.208742 -0.222874 -0.182477 -0.17393 -0.210065
-0.167695 -0.20897 -0.223004 -0.173539 -0.164832 -0.210304
-0.157783 -0.209601 -0.223507 -0.164615 -0.155284 -0.210686
-0.147619 -0.210449 -0.223886 -0.155657 -0.145199 -0.211409
-0.137464 -0.21175 -0.224611 -0.147159 -0.134805 -0.212467
-0.127694 -0.21293 -0.225567 -0.139317 -0.124927 -0.213615
-0.118783 -0.214338 -0.226562 -0.132333 -0.115609 -0.214868
-0.110924 -0.215796 -0.227621 -0.126313 -0.10742 -0.216119
-0.104316 -0.217136 -0.228888 -0.12108 -0.100364 -0.217207
-0.0991937 -0.218253 -0.230117 -0.116581 -0.0948359 -0.218202
-0.0960271 -0.219232 -0.231729 -0.112744 -0.0908956 -0.219039
-0.0948954 -0.220119 -0.233058 -0.109955 -0.0888015 -0.219873
-0.0946378 -0.221056 -0.234012 -0.10831 -0.0882274 -0.220686
-0.0956684 -0.221997 -0.234915 -0.108594 -0.0894592 -0.221631
-0.0981048 -0.222637 -0.235775 -0.110568 -0.0923169 -0.22273
-0.101811 -0.223452 -0.23663 -0.113596 -0.0966625 -0.223554
-0.106911 -0.224082 -0.237159 -0.117932 -0.101983 -0.224037
-0.113142 -0.224509 -0.237595 -0.12342 -0.108436 -0.224492
-0.120454 -0.225045 -0.237892 -0.129966 -0.11563 -0.224939
-0.128438 -0.225331 -0.238128 -0.137184 -0.123463 -0.225362
-0.136828 -0.225653 -0.238502 -0.145089 -0.131621 -0.225695
-0.145149 -0.225767 -0.238484 -0.153415 -0.140047 -0.226115
-0.153391 -0.225899 -0.238402 -0.161859 -0.148843 -0.226361
-0.161391 -0.226163 -0.238317 -0.170241 -0.157329 -0.226354
-0.169632 -0.225568 -0.237286 -0.179962 -0.165928 -0.225681
-0.179606 -0.223889 -0.234054 -0.194719 -0.176533 -0.223725
-0.189651 -0.22283 -0.231638 -0.208879 -0.187211 -0.222415
-0.197646 -0.221596 -0.229743 -0.222335 -0.196173 -0.221308
-0.204793 -0.220042 -0.226976 -0.229972 -0.205375 -0.219345
-0.211526 -0.218008 -0.223691 -0.230935 -0.212113 -0.217249
-0.214994 -0.215354 -0.220057 -0.229272 -0.210165 -0.214968
-0.2156 -0.210604 -0.216333 -0.227321 -0.209792 -0.2124
-0.216076 -0.206134 -0.213958 -0.223833 -0.210481 -0.207941
-0.216192 -0.201188 -0.210793 -0.221667 -0.211324 -0.202797
-0.216421 -0.197095 -0.206709 -0.220584 -0.211288 -0.198233
-0.216 -0.189516 -0.198208 -0.219831 -0.210596 -0.190598
-0.21575 -0.183827 -0.191531 -0.219769 -0.210152 -0.184664
-0.215415 -0.175672 -0.18252 -0.219683 -0.209852 -0.176437
-0.215418 -0.16649 -0.173226 -0.219624 -0.210133 -0.167189
-0.215849 -0.156701 -0.16412 -0.219446 -0.210782 -0.157489
-0.216683 -0.146675 -0.155227 -0.219432 -0.211879 -0.147643
-0.217705 -0.136596 -0.146682 -0.219648 -0.21317 -0.137683
-0.2186 -0.126981 -0.138564 -0.220305 -0.214461 -0.128197
-0.219366 -0.118416 -0.13104 -0.221111 -0.215416 -0.119463
-0.220183 -0.110906 -0.124163 -0.222157 -0.216026 -0.111637
-0.220998 -0.104419 -0.118268 -0.223195 -0.216529 -0.104866
-0.221783 -0.0990182 -0.113557 -0.224381 -0.217118 -0.0992874
-0.222432 -0.0947639 -0.110142 -0.225374 -0.218015 -0.0951032
-0.223093 -0.0919058 -0.108067 -0.22633 -0.219009 -0.0926191
-0.224088 -0.0906632 -0.107706 -0.227416 -0.220068 -0.0919352
-0.224909 -0.0911548 -0.108241 -0.228494 -0.221161 -0.0923937
-0.225725 -0.0929081 -0.110011 -0.229479 -0.222074 -0.0943805
-0.215661 -0.216284 -0.225619 -0.223208 -0.21074 -0.218281
-0.216443 -0.216371 -0.225969 -0.223555 -0.211573 -0.218418
-0.21733 -0.217152 -0.226577 -0.224091 -0.212302 -0.218739
-0.217736 -0.218435 -0.227052 -0.224972 -0.212846 -0.219577
-0.217716 -0.21939 -0.227162 -0.226033 -0.213253 -0.220478
-0.217906 -0.220347 -0.227165 -0.227002 -0.213291 -0.2214
-0.218128 -0.220939 -0.227253 -0.227698 -0.213369 -0.222094
-0.218335 -0.221325 -0.22729 -0.228272 -0.213704 -0.222564
-0.218494 -0.221776 -0.22743 -0.228633 -0.213832 -0.222723
-0.218704 -0.221956 -0.227481 -0.228979 -0.214001 -0.222836
-0.218813 -0.222089 -0.227533 -0.229268 -0.214098 -0.223018
-0.218992 -0.222111 -0.227585 -0.229482 -0.214169 -0.223133
-0.219137 -0.222087 -0.227533 -0.229631 -0.214098 -0.223201
-0.21919 -0.221995 -0.227548 -0.229704 -0.214154 -0.223314
-0.219281 -0.221949 -0.22753 -0.229688 -0.214082 -0.223314
-0.219406 -0.221832 -0.227581 -0.229713 -0.214194 -0.223269
-0.219459 -0.221786 -0.227615 -0.229655 -0.214378 -0.223225
-0.219567 -0.22174 -0.227666 -0.229655 -0.21453 -0.223159
-0.219657 -0.221579 -0.22782 -0.229598 -0.214825 -0.223092
-0.219816 -0.221397 -0.228025 -0.229449 -0.215064 -0.22298
-0.219976 -0.221257 -0.228128 -0.229309 -0.215247 -0.222868
-0.220154 -0.221211 -0.22823 -0.229243 -0.215485 -0.222711
-0.220331 -0.221096 -0.228332 -0.229201 -0.215651