-11.4527 -8.17243 1.20798 1.78942 -7.75629 -15.1846 13.1242 8.35654 1.27477 1.79605 8.34387 17.5256
-11.4058 -8.12761 1.72025 1.71969 -7.755 -15.1377 13.0589 8.32166 1.76837 1.72932 8.34306 17.4991
-11.5308 -8.26765 1.322 1.83245 -7.85532 -15.2297 13.2993 8.45582 1.40281 1.84273 8.46713 17.5643
-11.4493 -8.26105 1.30437 1.81097 -7.92243 -15.1828 13.056 8.43205 1.35242 1.81535 8.51196 17.5018
-11.3364 -8.21585 1.37422 1.76279 -7.8102 -15.3466 13.0508 8.3975 1.44631 1.76572 8.43148 17.7258
-11.4752 -8.09955 1.35274 1.90608 -7.69389 -15.0862 13.2353 8.27092 1.39332 1.9212 8.32161 17.3949
-11.4805 -8.05765 1.4628 1.93267 -7.94908 -15.2285 13.1129 8.2424 1.52879 1.9471 8.55967 17.5526
-11.5945 -8.03237 1.20269 1.76148 -7.83505 -15.3216 13.35 8.21057 1.30933 1.76336 8.47089 17.7125
-11.4837 -8.21978 1.27111 1.78691 -7.95435 -15.254 13.2065 8.39725 1.35898 1.79175 8.59093 17.5851
-11.5529 -8.1294 1.32595 1.85659 -7.98904 -15.2235 13.3173 8.32744 1.37852 1.86065 8.56664 17.5183
-11.404 -8.14204 1.22402 1.83629 -7.95083 -15.3709 13.0751 8.31175 1.331 1.84895 8.57074 17.7373
-11.6401 -8.26332 1.31407 1.8148 -8.13834 -15.2232 13.2938 8.44468 1.43549 1.8329 8.76127 17.5346
-11.595 -8.15365 1.35406 1.73865 -8.0689 -15.1587 13.2632 8.33905 1.38115 1.74184 8.7053 17.4913
-11.5707 -8.19719 1.31537 1.88324 -7.85762 -15.0343 13.3284 8.37647 1.42927 1.89656 8.49013 17.379
-11.5534 -8.17625 1.1128 1.79073 -8.0138 -15.1349 13.2517 8.36323 1.22143 1.80472 8.60385 17.4722
-11.4509 -8.07591 1.32333 1.79073 -8.05659 -15.0648 13.0304 8.25663 1.39188 1.80108 8.62302 17.3389
-11.274 -8.10016 1.39163 1.71714 -7.75969 -15.2575 13.0721 8.27526 1.43548 1.72184 8.36453 17.6608
-11.6869 -8.10183 1.58343 1.74253 -7.92288 -15.0637 13.3388 8.27852 1.61964 1.7596 8.52354 17.4904
-11.4614 -8.03237 1.5593 1.80968 -7.8726 -15.3198 13.2397 8.21272 1.60383 1.81778 8.45565 17.6419
-11.3607 -8.22132 1.32068 1.76534 -8.0777 -15.3223 13.0388 8.40076 1.4147 1.77596 8.74333 17.6868
-11.5218 -8.08255 1.35009 1.93147 -8.0173 -15.1366 13.23 8.27785 1.39841 1.95327 8.62578 17.5513
-11.385 -8.12442 1.27243 1.76657 -8.01193 -15.206 13.1645 8.30151 1.35879 1.78178 8.59289 17.5202
-11.4058 -8.2208 1.42512 1.80965 -7.85884 -15.2962 13.0589 8.40659 1.46941 1.81412 8.48803 17.5974
-11.4021 -8.21978 1.29375 1.79073 -7.8606 -15.1846 13.0805 8.41639 1.3821 1.80472 8.49845 17.5437
-11.6436 -8.17459 1.22667 1.76146 -7.82076 -15.1852 13.3226 8.35958 1.30199 1.76438 8.49859 17.5558
-11.6834 -8.16796 1.42639 1.86046 -8.00972 -15.1864 13.2804 8.32993 1.45102 1.87701 8.58181 17.5587
-11.5779 -8.10437 1.58335 1.83636 -7.87084 -15.4177 13.475 8.28912 1.60211 1.84388 8.44653 17.7552
-11.6208 -8.41149 1.34201 1.6461 -7.96636 -15.2997 13.3847 8.61264 1.42265 1.65346 8.54698 17.6184
-11.4822 -8.1723 1.28433 1.74248 -7.88304 -15.4403 13.1874 8.35613 1.31873 1.74999 8.51557 17.7613
-11.484 -8.05497 1.63301 1.83764 -7.7478 -15.1188 13.3318 8.23586 1.65699 1.86555 8.41363 17.5053
-11.5236 -8.3112 1.25625 1.76537 -7.92651 -15.4159 13.1829 8.49433 1.31915 1.7854 8.54191 17.7492
-11.4435 -8.17395 1.13956 1.93018 -7.87612 -15.0407 13.1607 8.36389 1.20584 1.93998 8.47469 17.3366
-11.6575 -8.34272 1.28292 1.78942 -7.53422 -15.0893 13.2925 8.53386 1.32101 1.80387 8.18745 17.4968
-11.3121 -8.05497 1.42639 1.81092 -8.08148 -15.324 13.0105 8.23586 1.50021 1.81587 8.6583 17.6658
-11.3605 -8.19387 1.27094 1.71838 -7.77564 -15.2719 13.1276 8.36948 1.359 1.72301 8.45982 17.5589
-11.5201 -8.36034 1.20402 1.93011 -7.82805 -15.3916 13.1742 8.55445 1.3201 1.94239 8.43021 17.7463
-11.6852 -8.1916 1.3728 1.7907 -7.73431 -15.1349 13.3653 8.36881 1.41618 1.79945 8.33578 17.4811
-11.6922 -8.17293 1.49089 1.84019 -7.68862 -15.2752 13.4552 8.35007 1.51076 1.85665 8.28979 17.5871
-11.6468 -8.08355 1.51226 1.90599 -7.98716 -15.3536 13.3561 8.28322 1.5547 1.92406 8.55744 17.7584
-11.5897 -8.19719 1.31936 1.95554 -7.83628 -15.1105 13.2507 8.38254 1.38942 1.97186 8.4741 17.4694
-11.5013 -8.15034 1.57403 1.95557 -8.03919 -15.2491 13.2362 8.34027 1.64042 1.97384 8.63109 17.5424
-11.3382 -8.35536 1.20664 1.90601 -7.87493 -15.2783 12.9932 8.53359 1.27946 1.91387 8.47567 17.6698
-11.6626 -8.12368 1.53121 1.76274 -7.82805 -15.3015 13.4252 8.30097 1.58175 1.7651 8.42837 17.687
-11.5201 -8.21812 1.53782 1.88327 -7.99068 -14.9925 13.1844 8.40286 1.56874 1.89464 8.57991 17.3323
-11.4389 -8.14868 1.38645 1.80968 -7.69741 -15.5132 13.2034 8.32777 1.46449 1.81314 8.34737 17.8863
-11.4993 -8.14038 1.30972 1.81095 -7.88018 -15.3673 13.194 8.30161 1.34401 1.8184 8.50629 17.7257
-11.5256 -8.27161 1.34467 1.78691 -8.17173 -15.1989 13.2446 8.47156 1.40776 1.79541 8.73324 17.4695
-11.4507 -8.28847 1.35814 1.81095 -7.77437 -15.2683 13.1346 8.46658 1.49481 1.8153 8.45987 17.5735
-11.404 -8.44243 1.46412 1.6969 -7.95259 -15.2366 13.0546 8.60259 1.52561 1.70554 8.58246 17.6597
-11.574 -8.19387 1.4895 1.88584 -7.65405 -15.3203 13.1922 8.36352 1.52658 1.90208 8.31855 17.6704
-11.4474 -8.41382 1.32984 1.71972 -8.01499 -15.2368 13.0808 8.60642 1.37659 1.72775 8.60408 17.6152
-11.5183 -8.17127 1.35272 1.83121 -7.99419 -15.3428 13.091 8.35088 1.38795 1.83427 8.59645 17.7036
-11.5238 -8.21315 1.32187 1.71972 -8.12955 -15.4385 13.1785 8.37987 1.39002 1.74556 8.70627 17.791
-11.4299 -8.12545 1.46412 1.95428 -7.67175 -15.3548 13.1764 8.30473 1.51384 1.97523 8.31298 17.7343
-11.5499 -8.07259 1.18504 1.76527 -8.22561 -15.5773 13.1352 8.24944 1.25864 1.7817 8.81914 17.8924
-11.4299 -8.24175 1.33935 1.83627 -7.87131 -15.3223 13.1445 8.42885 1.43952 1.84889 8.4536 17.6687
-11.4715 -8.22144 1.35009 1.83378 -7.82805 -15.3033 13.1352 8.41352 1.39841 1.83825 8.42863 17.657
-11.5479 -8.2467 1.16091 1.83376 -8.15562 -15.372 13.2027 8.45014 1.22201 1.84532 8.74362 17.759
-11.4491 -8.17065 1.20005 1.76019 -8.1105 -15.343 13.1264 8.35314 1.31479 1.764 8.70721 17.6509
-11.6401 -8.32945 1.35836 1.83764 -7.9492 -15.3205 13.3349 8.51777 1.4705 1.84889 8.56039 17.6719
-11.5048 -8.28924 1.23092 1.87935 -7.78655 -15.2977 13.2025 8.46524 1.28676 1.89296 8.41653 17.6647
-11.5203 -8.19553 1.36893 1.78558 -7.95593 -15.4833 13.31 8.37281 1.45932 1.81109 8.49425 17.7837
-11.7561 -8.29421 1.26846 1.81097 -8.01555 -15.2772 13.2901 8.48788 1.3832 1.8169 8.61412 17.6572
-11.4734 -8.19387 1.43735 1.81097 -7.80887 -15.4385 13.1249 8.36182 1.49191 1.81587 8.43045 17.8185
-11.3605 -8.1211 1.27373 1.85786 -8.06714 -15.2007 13.0585 8.30746 1.34795 1.86343 8.68077 17.5108
-11.4544 -8.28591 1.39174 1.83764 -7.85696 -15.2807 13.0883 8.45427 1.44534 1.85041 8.47699 17.6333
-11.621 -8.26332 1.3728 1.86164 -7.86909 -15.4661 13.4469 8.43339 1.41151 1.87362 8.44315 17.8768
-11.7182 -8.21928 1.33126 1.64482 -7.90219 -15.2022 13.4889 8.39757 1.3684 1.64621 8.51334 17.5697
-11.5741 -8.42914 1.29524 1.90605 -8.03767 -15.3223 13.3303 8.61954 1.37636 1.91527 8.62408 17.6687
-11.5464 -8.03163 1.48815 1.87941 -7.83505 -15.1832 13.2557 8.21004 1.52115 1.88308 8.47217 17.5303
-11.6468 -7.90957 1.37026 1.7641 -7.87625 -15.2036 13.3663 8.0794 1.44774 1.76776 8.47535 17.5018
-11.4336 -8.23893 1.48572 1.67147 -7.78061 -15.4135 13.1804 8.41821 1.5656 1.68097 8.37964 17.6783
-11.4978 -8.0235 1.36348 1.83891 -7.75278 -15.4527 13.2725 8.18631 1.44126 1.85159 8.32504 17.939
-11.593 -8.31449 1.39694 1.59533 -7.78293 -15.3448 13.2633 8.49895 1.46898 1.59602 8.3924 17.7293
-11.6366 -8.37569 1.39427 1.78811 -7.92005 -15.2261 13.265 8.54434 1.43792 1.80082 8.51073 17.4992
-11.5985 -8.19055 1.27904 1.79201 -7.96343 -15.4628 13.3025 8.35667 1.33016 1.80373 8.53838 17.867
-11.5256 -8.11945 1.48149 1.76918 -7.87612 -15.4195 13.1532 8.28815 1.53174 1.78269 8.4757 17.7701
-11.4785 -8.24901 1.42942 1.90735 -7.95271 -15.2754 13.2039 8.43672 1.51574 1.91876 8.58498 17.5973
-11.64 -8.0753 1.1356 1.76017 -7.86099 -15.4347 13.3194 8.25129 1.21479 1.76131 8.50831 17.7508
-11.7147 -8.02503 1.39833 1.90351 -7.62732 -15.3187 13.3381 8.18643 1.43938 1.90771 8.26709 17.6661
-11.5531 -8.056 1.28433 1.90737 -7.87854 -15.2215 13.3835 8.24354 1.36297 1.91785 8.49867 17.502
-11.5704 -8.16735 1.41575 1.78687 -7.80374 -15.3726 13.248 8.34815 1.46923 1.7907 8.4037 17.7891
-11.6681 -8.21978 1.54857 1.78684 -7.97163 -15.3706 13.3277 8.40568 1.65018 1.79327 8.58136 17.7726
-11.4039 -8.24238 1.41575 1.60177 -7.82749 -15.3448 13.1489 8.41319 1.48645 1.60887 8.42091 17.6836
-11.4923 -8.28578 1.62507 1.83378 -8.02027 -15.3762 13.1157 8.4503 1.65822 1.83774 8.63426 17.7464
-11.4577 -8.05106 1.36497 1.73994 -7.92991 -15.4853 13.2465 8.21835 1.43591 1.74271 8.5709 17.8448
-11.5463 -8.10121 1.37147 1.90479 -7.93003 -15.3554 13.2926 8.29049 1.41467 1.92823 8.5625 17.7918
-11.6437 -8.10768 1.55379 1.87941 -7.7985 -15.5105 13.3441 8.30677 1.60495 1.88308 8.37426 17.7959
-11.5273 -8.40654 1.34878 1.78944 -8.03931 -15.4429 13.3022 8.5843 1.39141 1.79611 8.6398 17.7952
-11.5236 -8.09353 1.48548 1.83633 -8.34312 -15.2769 13.2134 8.26264 1.531 1.84432 8.9303 17.6107
-11.4507 -8.2434 1.36617 1.88839 -8.00972 -15.3934 13.1984 8.4254 1.44071 1.90806 8.57498 17.6651
-11.5722 -7.97996 1.6264 1.88196 -7.89692 -15.3932 13.3253 8.14102 1.66571 1.8883 8.48283 17.7689
-11.4699 -8.2826 1.00274 1.87939 -7.89387 -15.48 13.1271 8.46125 1.04546 1.88254 8.47292 17.7557
-11.5724 -8.14855 1.40909 1.83249 -8.24573 -15.2348 13.3431 8.32328 1.50288 1.8356 8.81667 17.5633
-11.6694 -8.15034 1.15558 1.88192 -7.69968 -15.2266 13.4229 8.33325 1.23644 1.89579 8.36435 17.554
-11.4266 -8.30851 1.44387 1.69173 -8.11104 -15.3519 13.0597 8.484 1.48035 1.7045 8.71723 17.7616
-11.4698 -8.17791 1.60227 1.94782 -7.89924 -15.3256 13.1627 8.37087 1.66056 1.95144 8.50444 17.6971
-11.4783 -8.30789 1.69481 1.76277 -7.69269 -15.3726 13.1616 8.49491 1.72831 1.76833 8.32111 17.7891
-11.475 -8.2693 1.52439 1.74124 -7.98716 -15.3517 13.1852 8.45746 1.60321 1.74859 8.55606 17.8069
-11.4076 -8.16735 1.13945 1.7184 -7.71985 -15.3149 13.1905 8.34536 1.18935 1.72296 8.35916 17.564
-11.4007 -8.28757 1.41587 1.81097 -8.04336 -15.2736 13.0166 8.47079 1.45504 1.8169 8.66275 17.6002
-11.5497 -8.3305 1.46665 1.69433 -8.02203 -15.4465 13.3492 8.50738 1.50353 1.70109 8.64501 17.8251
-11.5878 -8.26498 1.06586 1.76405 -7.92868 -15.3519 13.2666 8.44079 1.17366 1.76935 8.5628 17.7078
-11.6852 -7.96127 1.41983 1.83629 -8.09673 -15.3706 13.2561 8.13134 1.45967 1.84692 8.74105 17.709
-11.5464 -7.98478 1.55921 1.78684 -7.73725 -15.5375 13.214 8.16292 1.5897 1.79327 8.34609 17.9161
-11.484 -8.33774 1.06454 1.78687 -7.93531 -15.2579 13.1918 8.52178 1.15822 1.80478 8.59442 17.6619
-11.546 -8.17217 1.41455 1.71714 -7.99823 -15.4904 13.2173 8.34777 1.47821 1.72075 8.627 17.843
-11.4281 -7.96395 1.23475 1.86303 -7.91948 -15.3223 13.1617 8.15248 1.28049 1.87715 8.50278 17.7238
-11.5897 -8.31514 1.32992 1.67017 -7.94192 -15.4904 13.1804 8.49728 1.37039 1.67602 8.51839 17.879
-11.5739 -8.23845 1.62772 1.76532 -7.76157 -15.414 13.2369 8.40899 1.65936 1.77062 8.37446 17.7328
-11.3625 -8.16735 1.48415 1.93522 -7.85181 -15.2096 13.1496 8.34536 1.53459 1.95577 8.44639 17.6129
-11.7786 -8.12202 1.13824 1.62202 -7.87842 -15.4453 13.4906 8.29796 1.20423 1.62649 8.49597 17.7869
-11.5464 -8.11612 1.2373 1.85525 -7.70942 -15.395 13.2663 8.2837 1.2653 1.85906 8.29738 17.6868
-11.5895 -8.24072 1.74429 1.74121 -8.10008 -15.4177 13.2344 8.41072 1.77947 1.74854 8.64721 17.8094
-11.5479 -8.11612 1.11147 1.87809 -8.13185 -15.4679 13.2693 8.28084 1.19771 1.89794 8.72659 17.8193
-11.6661 -8.14805 1.44001 1.71586 -7.87493 -15.6069 13.3896 8.32764 1.5367 1.71772 8.47706 17.9228
-11.5291 -8.35805 1.64653 1.74121 -7.56238 -15.558 13.222 8.535 1.69475 1.74585 8.12918 17.9792
-11.6366 -8.23906 1.57812 1.74124 -7.64394 -15.1627 13.3919 8.41356 1.61219 1.7459 8.26438 17.541
-11.5481 -8.05166 1.32454 1.85788 -8.21275 -15.4186 13.2492 8.22786 1.41897 1.866 8.7409 17.7125
-11.6245 -8.1464 1.11133 1.69173 -8.17523 -15.3689 13.2963 8.34133 1.18746 1.69455 8.75098 17.7209
-11.7042 -8.21647 1.43999 1.6487 -7.90735 -15.3879 13.3833 8.39265 1.49958 1.67332 8.54449 17.7425
-11.6175 -8.00799 1.32333 1.81095 -7.89224 -15.5112 13.2989 8.1818 1.40601 1.8184 8.4622 17.8609
-11.4888 -8.09519 1.44129 1.71714 -7.85872 -15.4924 13.087 8.2621 1.48572 1.73161 8.48718 17.8595
-11.5203 -8.10514 1.60623 1.76399 -7.83505 -15.4312 13.1801 8.28604 1.63409 1.78249 8.47089 17.7123
-11.5739 -8.17052 1.41587 1.79209 -8.12836 -15.3459 13.3616 8.34217 1.47433 1.811 8.70451 17.6776
-11.4978 -8.282 1.15159 1.62202 -7.97055 -15.3914 13.2951 8.44782 1.25785 1.62476 8.57904 17.7179
-11.6174 -8.22144 1.35009 1.76017 -7.90032 -15.4228 13.3353 8.40473 1.41846 1.7661 8.50521 17.7807
-11.5916 -8.30625 1.2432 1.88582 -8.06011 -15.4367 13.2154 8.46973 1.37433 1.89953 8.63979 17.7671
-11.3364 -8.30625 1.2776 1.85908 -8.2441 -15.4438 13.0831 8.48409 1.32907 1.88403 8.81638 17.8358
-11.4771 -8.37796 1.62772 1.74373 -7.69037 -15.4242 13.1245 8.55202 1.67854 1.75216 8.30174 17.8027
-11.6002 -8.32885 1.19313 1.55358 -8.11754 -15.3706 13.359 8.49726 1.22132 1.55893 8.74762 17.7449
-11.5915 -7.96293 1.38909 1.71836 -7.95992 -15.6104 13.286 8.15222 1.45032 1.72839 8.52451 17.9698
-11.5131 -8.07923 1.55387 1.81226 -8.01663 -15.3682 13.0772 8.2621 1.60507 1.81889 8.61343 17.7183
-11.595 -8.2109 1.1181 1.90349 -8.05717 -15.4213 13.3045 8.37016 1.17866 1.90815 8.64067 17.8119
-11.3589 -8.4242 1.43986 1.83378 -7.71645 -15.322 13.0659 8.59658 1.48451 1.85196 8.33908 17.6672
-11.5464 -8.17065 1.28159 1.81095 -7.8768 -15.3689 13.1937 8.34259 1.32936 1.81582 8.48581 17.6941
-11.6749 -8.26917 1.13295 1.71966 -7.94448 -15.6114 13.4522 8.45366 1.23998 1.72666 8.54407 17.9889
-11.5481 -8.10016 1.61014 1.76792 -7.9218 -15.4608 13.3921 8.27103 1.64377 1.78843 8.52111 17.7954
-11.5759 -8.17395 1.20533 1.83761 -8.06538 -15.4329 13.3081 8.35389 1.27851 1.8549 8.67145 17.7271
-11.5013 -8.1238 1.57418 1.80839 -7.76212 -15.3967 13.2797 8.29924 1.6283 1.81535 8.38742 17.7537
-11.468 -8.25775 0.882107 1.78684 -7.80317 -15.397 13.0759 8.4217 0.976 1.79065 8.38972 17.7376
-11.595 -8.4242 1.27904 1.78687 -7.71294 -15.423 13.2734 8.59658 1.3252 1.7907 8.32142 17.8827
-11.3727 -8.17459 1.32597 1.71714 -7.6928 -15.3932 12.9876 8.36173 1.36817 1.72075 8.3277 17.7327
-11.5236 -8.3531 1.35968 1.83378 -7.99419 -15.3249 13.1729 8.52335 1.46895 1.83774 8.59645 17.6581
-11.5687 -8.2561 1.35 1.73736 -7.64931 -15.5349 13.2748 8.40648 1.39303 1.75317 8.30134 17.8431
-11.4005 -8.30954 1.35532 1.78687 -7.82968 -15.2789 13.0359 8.47867 1.38977 1.80114 8.4402 17.654
-11.5703 -8.52119 1.0619 1.74253 -8.03636 -15.3499 13.207 8.70357 1.20246 1.75159 8.62194 17.7179
-11.5236 -8.1949 1.1596 1.83636 -7.87964 -15.56 13.2875 8.39017 1.21544 1.86209 8.49655 17.913
-11.4995 -8.40489 1.35671 1.74245 -7.703 -15.4922 13.0994 8.58849 1.40873 1.74886 8.26637 17.9031
-11.5761 -8.28591 1.42544 1.81612 -7.90044 -15.4608 13.341 8.46306 1.54234 1.82916 8.50298 17.76
-11.496 -8.21136 1.13031 1.69817 -7.69905 -15.4663 13.1924 8.36989 1.2355 1.70898 8.35212 17.8148
-11.6138 -8.26166 1.34865 1.79073 -7.76684 -15.6031 13.2051 8.43002 1.39622 1.80472 8.40619 17.9444
-11.5183 -8.19808 1.53641 1.73993 -7.7778 -15.2787 13.2544 8.39216 1.56287 1.74585 8.37052 17.5995
-11.5497 -8.33545 1.17439 1.74251 -7.93852 -15.5391 13.2216 8.52549 1.29994 1.75368 8.49873 17.885
-11.4975 -8.08586 1.27228 1.8819 -7.9404 -15.4655 13.1794 8.28046 1.34066 1.88979 8.50959 17.8467
-11.4247 -8.09851 1.27243 1.5764 -7.82033 -15.2573 13.1603 8.26996 1.35323 1.57846 8.37723 17.5782
-11.4005 -8.05435 1.43733 1.73992 -7.94908 -15.4608 13.0775 8.23342 1.4964 1.74266 8.55967 17.7513
-11.612 -8.42749 1.45736 1.69302 -8.13482 -15.3777 13.3118 8.60712 1.56677 1.70068 8.73539 17.8236
-11.5273 -8.00646 1.27641 1.71583 -8.1371 -15.534 13.3131 8.18108 1.32899 1.72585 8.75578 17.9136
-11.619 -8.28517 1.35274 1.76405 -7.67012 -15.4697 13.2384 8.4519 1.4061 1.76829 8.30334 17.861
-11.5253 -8.2826 1.44264 1.66765 -7.75805 -15.5841 13.2177 8.45033 1.47837 1.66829 8.35502 17.9866
-11.4731 -8.26498 1.40661 1.83499 -7.98949 -15.4385 13.1802 8.44506 1.52734 1.84061 8.57588 17.8001
-11.4091 -8.21812 1.46015 1.69559 -8.15792 -15.4697 13.0668 8.38989 1.52449 1.70063 8.76342 17.852
-11.4111 -8.23845 1.45733 1.64739 -7.85586 -15.5043 13.1441 8.40699 1.52849 1.65871 8.47748 17.821
-11.3329 -8.07757 1.20931 1.81097 -7.95259 -15.5636 13.0006 8.26457 1.2594 1.81587 8.58089 17.9428
-11.4787 -8.07259 1.20402 1.83636 -7.84887 -15.4122 13.1893 8.23627 1.3036 1.84388 8.4362 17.718
-11.5947 -8.12368 1.519 1.85531 -8.01675 -15.3671 13.3619 8.29497 1.54201 1.86263 8.61584 17.706
-11.6431 -8.39665 1.31936 1.69433 -8.04282 -15.4869 13.3775 8.56031 1.39416 1.70605 8.65227 17.7958
-11.614 -8.33545 1.41705 1.6435 -7.6665 -15.4816 13.3012 8.51233 1.48302 1.64549 8.28135 17.7516
-11.7388 -8.10348 1.0832 1.76534 -7.90955 -15.4213 13.4828 8.29073 1.19727 1.77596 8.45165 17.785
-11.5499 -8.16961 1.34745 1.81226 -7.89212 -15.2719 13.2126 8.37289 1.39964 1.81889 8.46326 17.5853
-11.6469 -8.36034 1.46544 1.76661 -8.22735 -15.4663 13.3921 8.53716 1.49783 1.7791 8.82984 17.8059
-11.5392 -8.05588 1.38513 1.69304 -7.92005 -15.3481 13.2122 8.24074 1.49176 1.6952 8.51139 17.6852
-11.6676 -8.35536 1.46412 1.71586 -8.00855 -15.461 13.4294 8.52431 1.50448 1.71826 8.57431 17.7969
-11.4507 -8.33545 1.52843 1.64998 -7.99461 -15.3483 13.1555 8.51615 1.59403 1.66177 8.60584 17.6867
-11.501 -8.21585 1.46266 1.78944 -8.0931 -15.5077 13.138 8.41587 1.51216 1.80392 8.71859 17.8223
-11.4128 -8.21136 1.15971 1.76278 -7.85399 -15.4904 13.1483 8.37437 1.2186 1.77306 8.46918 17.879
-11.5048 -8.1431 1.45751 1.85908 -7.82793 -15.5651 13.3204 8.30351 1.52035 1.86604 8.4276 17.9297
-11.621 -8.15465 1.3448 1.85788 -8.20291 -15.4851 13.2288 8.35007 1.40305 1.86589 8.79863 17.8342
-11.5915 -8.29102 1.3729 1.86046 -8.00123 -15.3987 13.2966 8.4731 1.42147 1.88747 8.64154 17.834
-11.6158 -8.23906 1.31936 1.64355 -8.01323 -15.3428 13.3052 8.42132 1.40559 1.6444 8.60081 17.6062
-11.6175 -8.3272 1.30052 1.76277 -8.12311 -15.204 13.4062 8.4922 1.36271 1.76674 8.67926 17.5481
-11.4974 -8.35805 1.46147 1.71843 -8.04107 -15.6971 13.2099 8.52844 1.51128 1.72301 8.64395 18.0717
-11.5672 -8.12875 1.33935 1.78944 -7.90449 -15.4456 13.1748 8.31794 1.43952 1.80392 8.53555 17.8417
-11.6175 -8.19055 1.32463 1.62326 -7.95083 -15.4193 13.2887 8.35891 1.37174 1.62695 8.57097 17.7685
-11.6922 -8.39994 1.43999 2.00239 -7.94895 -15.6067 13.4989 8.56818 1.49958 2.01706 8.55959 18.0107
-11.4993 -8.16451 1.56321 1.71969 -7.90747 -15.305 13.1277 8.34436 1.60489 1.72769 8.54635 17.6988
-11.4472 -8.28695 1.23066 1.74373 -8.06538 -15.3861 13.1369 8.4658 1.27214 1.75323 8.67207 17.6734
-11.5461 -8.15135 1.67187 1.69302 -7.93003 -15.4157 13.3691 8.3367 1.72156 1.70674 8.56254 17.8022
-11.6919 -8.3763 1.28026 1.7399 -8.03998 -15.6953 13.3764 8.53606 1.3324 1.74316 8.6433 18.0387
-11.3813 -8.14145 1.36761 1.90727 -8.19767 -15.4562 13.1831 8.31723 1.41639 1.92022 8.76851 17.8782
-11.5496 -8.38128 1.43468 1.69426 -7.69577 -15.4371 13.3102 8.56487 1.49709 1.69774 8.33216 17.8046
-11.5707 -8.36034 1.49354 1.69047 -8.0103 -15.6034 13.2437 8.54928 1.53768 1.69096 8.58343 17.937
-11.475 -8.21647 1.32452 1.74121 -7.92542 -15.3961 13.2281 8.39036 1.37175 1.75068 8.55254 17.7062
-11.5011 -8.42914 1.32586 1.7184 -8.11454 -15.4412 13.2034 8.60508 1.38462 1.72459 8.73892 17.7985
-11.4906 -8.09777 1.32054 1.64868 -8.06592 -15.4175 13.1634 8.26719 1.37693 1.66879 8.68149 17.7805
-11.574 -8.03341 1.22946 1.78684 -7.99595 -15.56 13.3243 8.22272 1.2915 1.79065 8.60771 17.9042
-11.6119 -8.21585 1.55534 1.76661 -8.08794 -15.4142 13.1994 8.3975 1.63083 1.77382 8.69278 17.798
-11.494 -8.31183 1.55798 1.62717 -8.04404 -15.3636 13.1608 8.49693 1.60083 1.65442 8.66237 17.7035
-11.4056 -8.17293 1.30306 2.04802 -7.94448 -15.488 13.0335 8.35626 1.36858 2.06243 8.53975 17.7637
-11.5462 -8.169 1.27111 1.81097 -7.90612 -15.3256 13.1927 8.3561 1.35898 1.81535 8.54396 17.6703
-11.5236 -8.23409 1.08984 1.67021 -7.84653 -15.6277 13.2875 8.38924 1.19047 1.67435 8.41643 17.9757
-11.4978 -8.21812 1.48692 1.76271 -7.94731 -15.5147 13.1753 8.40286 1.53696 1.76828 8.54945 17.864
-11.5269 -8.42076 1.60094 1.71836 -7.92827 -15.6968 13.2835 8.59381 1.66353 1.75848 8.55357 18.0611
-11.619 -8.31349 1.45603 1.74124 -7.625 -15.5583 13.3075 8.49545 1.54983 1.7534 8.26754 17.9526
-11.6212 -8.10514 1.29774 1.66894 -7.79116 -15.3483 13.2685 8.2817 1.36119 1.67203 8.43442 17.7408
-11.5032 -8.23845 1.13691 1.73864 -8.05659 -15.2475 13.1687 8.41114 1.19921 1.74187 8.62407 17.5205
-11.3587 -8.29355 1.11544 1.59662 -7.94611 -15.6482 12.9984 8.48776 1.22038 1.60554 8.54944 17.9834
-11.475 -7.92651 1.15292 1.71583 -8.03986 -15.4628 13.25 8.07082 1.27646 1.72095 8.64224 17.785
-11.5895 -8.26435 1.37422 1.90737 -7.95124 -15.5059 13.2548 8.45236 1.41339 1.91883 8.58006 17.8075
-11.4733 -8.01245 1.41455 1.92896 -7.86123 -15.5824 13.155 8.21251 1.46862 1.93755 8.50975 17.9534
-11.3795 -8.40222 1.48415 1.88069 -7.94787 -15.4822 13.1683 8.57577 1.53459 1.8903 8.56224 17.8164
-11.6923 -7.98387 1.37424 1.78944 -7.97043 -15.2544 13.3831 8.16021 1.40867 1.79768 8.57818 17.6227
-11.6228 -8.2656 1.42373 1.78813 -8.08323 -15.5571 13.4172 8.43719 1.44167 1.79452 8.66931 17.9221
-11.5182 -8.33214 1.39568 1.71455 -8.10055 -15.4157 13.2211 8.49635 1.4446 1.71604 8.6574 17.7838
-11.4802 -8.28591 1.04571 1.67023 -8.13658 -15.4175 13.1671 8.46065 1.11136 1.67327 8.74511 17.7537
-11.5689 -8.54443 1.22665 1.76405 -7.78468 -15.3932 13.2814 8.72461 1.31935 1.79669 8.40281 17.7598
-11.593 -8.17065 0.942588 1.86164 -7.86793 -15.5094 13.2633 8.34849 1.11642 1.87612 8.43768 17.864
-11.4542 -8.33443 1.06188 1.74379 -7.99946 -15.532 13.1329 8.5069 1.1668 1.75163 8.62688 17.8789
-11.6887 -8.33774 1.46544 1.64608 -8.04458 -15.3156 13.3735 8.51639 1.50598 1.65965 8.66302 17.6198
-11.3799 -8.16119 1.27904 1.88069 -8.01839 -15.6274 13.0361 8.31487 1.3252 1.8903 8.62393 17.9476
-11.7092 -8.2434 1.22133 1.78429 -8.07594 -15.5373 13.4411 8.44228 1.3326 1.79063 8.73346 17.8529
-11.4318 -8.3371 1.20254 1.71972 -8.31881 -15.4608 13.1602 8.51973 1.30215 1.72612 8.90761 17.7864
-11.4091 -8.33111 1.7229 1.76534 -7.67309 -15.6555 13.187 8.50024 1.75478 1.77067 8.31407 18.0534
-11.5275 -8.3564 1.5768 1.69302 -7.87655 -15.3463 13.1984 8.52589 1.62076 1.70674 8.4844 17.6792
-11.5915 -8.35523 1.29522 1.6969 -7.98423 -15.7021 13.2548 8.5332 1.37166 1.72358 8.55389 18.0517
-11.5464 -8.24023 1.20267 1.67147 -7.78293 -15.395 13.2347 8.41688 1.31732 1.68709 8.3932 17.7656
-11.5221 -8.24175 1.232 1.71583 -7.9438 -15.4418 13.291 8.41984 1.27452 1.71822 8.52939 17.7746
-11.4698 -8.379 1.18121 1.78687 -7.8333 -15.5375 13.1004 8.55471 1.27351 1.79018 8.45987 17.8893
-11.5045 -8.00978 1.34214 1.74115 -7.94436 -15.303 13.2483 8.19664 1.41275 1.74526 8.53914 17.6914
-11.6869 -8.14628 1.54857 1.78813 -7.87788 -15.4882 13.4222 8.33479 1.63123 1.79817 8.49145 17.8176
-11.6437 -8.2457 1.11544 1.69559 -7.89924 -15.2339 13.2548 8.43739 1.17558 1.70118 8.50444 17.5799
-11.5444 -8.29255 1.60082 1.76146 -7.7848 -15.7371 13.2663 8.47653 1.66356 1.77393 8.4079 18.2255
-11.5759 -8.30447 1.55919 1.64868 -8.11629 -15.4887 13.2468 8.46617 1.58618 1.65468 8.75035 17.8282
-11.5275 -8.17395 1.55798 1.83378 -7.97163 -15.3706 13.2393 8.35946 1.62535 1.83774 8.57766 17.7268
-11.4005 -8.33608 1.36482 1.76399 -7.9148 -15.2491 13.0882 8.53118 1.4516 1.76771 8.48036 17.5689
-11.6679 -8.16075 1.43604 1.71843 -7.90274 -15.4661 13.3322 8.31281 1.49608 1.72844 8.52703 17.8311
-11.5013 -8.31449 1.46278 1.71583 -8.11117 -15.5302 13.1836 8.49895 1.50777 1.71822 8.71812 17.8462
-11.4527 -8.26092 1.43453 1.6487 -7.89912 -15.4887 13.1346 8.44763 1.51588 1.65869 8.50242 17.8282
-11.4527 -8.14298 1.24299 1.85528 -7.94611 -15.5877 13.114 8.31371 1.37448 1.85805 8.54971 17.9891
-11.3589 -8.28517 1.55534 1.62586 -7.99286 -15.5841 13.0981 8.45374 1.59109 1.63925 8.59505 17.9325
-11.6398 -8.28757 1.43586 1.71714 -7.92827 -15.3742 13.392 8.46829 1.50066 1.72021 8.55298 17.7749
-11.5916 -8.23574 1.80618 1.7184 -8.08323 -15.5147 13.2254 8.40849 1.85763 1.73435 8.6684 17.9088
-11.5168 -8.26765 1.45469 1.67023 -7.97163 -15.2473 13.2144 8.46042 1.53059 1.67439 8.57772 17.5363
-11.3138 -8.23997 1.20931 1.66892 -7.74667 -15.4383 13.0573 8.4183 1.28457 1.67087 8.41186 17.7715
-11.657 -8.35191 1.18518 1.62458 -8.1051 -15.4436 13.2895 8.51565 1.24044 1.63639 8.67566 17.862
-11.4802 -8.24505 1.5084 1.74121 -8.23196 -15.5077 13.2833 8.44475 1.56334 1.74532 8.8475 17.7961
-11.5932 -8.09461 1.37158 1.71586 -7.76684 -15.3167 13.1896 8.25491 1.4246 1.72099 8.40646 17.5533
-11.5932 -8.11945 1.36881 1.76018 -8.10754 -15.5147 13.3005 8.28338 1.45937 1.76241 8.69635 17.9088
-11.7596 -8.45669 1.32988 1.66763 -8.21991 -15.4051 13.473 8.6462 1.40762 1.67387 8.7804 17.6678
-11.4023 -8.1916 1.23333 1.80965 -7.89586 -15.4159 13.01 8.35793 1.29635 1.81309 8.48445 17.6886
-11.4993 -8.38064 1.65052 1.76277 -7.92005 -15.4597 13.2908 8.55585 1.70152 1.76833 8.51103 17.8285
-11.5912 -8.13968 1.45867 1.71843 -7.99811 -15.4228 13.3005 8.30908 1.5239 1.72355 8.62604 17.8254
-11.4021 -8.26105 1.50429 1.83757 -7.85532 -15.4661 13.0648 8.42601 1.55703 1.84788 8.4672 17.8675
-11.4698 -8.2208 1.37026 1.71583 -7.96811 -15.5806 13.195 8.40462 1.42282 1.71822 8.55741 17.9567
-11.5411 -8.08355 1.11556 1.64742 -7.74306 -15.5284 13.1607 8.27649 1.18751 1.65025 8.39062 17.8225
-11.664 -8.28757 1.07246 1.80706 -7.80549 -15.5565 13.3676 8.46593 1.12633 1.808 8.41055 17.9102
-11.378 -8.2886 1.40099 1.67017 -8.27248 -15.4699 13.0518 8.46514 1.43033 1.67434 8.8645 17.8898
-11.6171 -8.2853 1.00834 1.78299 -8.00173 -15.4957 13.223 8.46814 1.17979 1.78346 8.64978 17.8878
-11.5271 -8.21634 1.37156 1.78427 -8.15616 -15.4104 13.3279 8.39469 1.41937 1.78538 8.75317 17.6598
-11.739 -8.21737 1.23343 1.59793 -7.85586 -15.4851 13.4169 8.40497 1.27434 1.6002 8.47996 17.8433
-11.5707 -8.05166 1.4856 1.76405 -7.8368 -15.5563 13.2437 8.23058 1.55176 1.76776 8.48638 17.9178
-11.6589 -8.12215 1.41322 1.74255 -7.9288 -15.4201 13.3672 8.29836 1.47734 1.74844 8.56353 17.7824
-11.5444 -8.42406 1.20666 1.67278 -7.95786 -15.4365 13.2141 8.59855 1.28599 1.70879 8.61573 17.8021
-11.5411 -8.3371 1.42506 1.76405 -8.07229 -15.558 13.1607 8.51795 1.46944 1.76935 8.71115 17.9418
-11.5932 -8.1949 1.41716 1.85653 -7.97515 -15.4436 13.209 8.38446 1.46122 1.8616 8.60348 17.8343
-11.5411 -8.17065 1.48692 1.73996 -8.06526 -15.5788 13.1964 8.36119 1.52095 1.74804 8.67213 17.9418
-11.5497 -8.24175 1.5874 1.85791 -7.92705 -15.4922 13.2946 8.41458 1.61564 1.86293 8.55716 17.9404
-11.5291 -8.28757 1.6373 1.71843 -7.92651 -15.5308 13.2322 8.46164 1.72882 1.72301 8.54425 17.8408
-11.4299 -8.17395 1.62895 1.81223 -8.01018 -15.5824 13.1032 8.36389 1.66581 1.83679 8.58299 17.9176
-11.6383 -8.16722 1.39161 1.76403 -8.08486 -15.6933 13.3736 8.33522 1.48206 1.77089 8.67749 18.0224
-11.6228 -8.26 1.28028 1.78816 -7.97218 -15.5545 13.2623 8.43449 1.35338 1.79457 8.5923 17.8759
-11.5218 -8.1663 1.22944 1.7184 -8.08661 -15.4555 13.23 8.3305 1.28719 1.72296 8.68825 17.6985
-11.4802 -8.30685 1.53506 1.78808 -8.19954 -15.414 13.2292 8.47408 1.56881 1.80752 8.77917 17.778
-11.6657 -8.11779 1.23066 1.67147 -7.8726 -15.341 13.2729 8.276 1.30433 1.67707 8.46078 17.6171
-11.4559 -8.29076 1.18518 1.81095 -7.80549 -15.4069 13.2208 8.46872 1.24044 1.8184 8.41033 17.6825
-11.6002 -8.21647 1.39306 1.72098 -7.95259 -15.2787 13.3378 8.39508 1.45703 1.73001 8.58246 17.6707
-11.4994 -8.48869 1.52989 1.78684 -8.15092 -15.3149 13.2054 8.65201 1.58118 1.79065 8.72454 17.6167
-11.621 -8.1205 1.3448 1.69554 -7.92651 -15.513 13.4025 8.29567 1.41907 1.70063 8.54345 17.8847
-11.475 -8.12697 1.51634 1.76274 -7.89749 -15.3636 13.2281 8.31192 1.53615 1.76669 8.49273 17.6944
-11.593 -8.3498 1.43988 1.59921 -8.03755 -15.558 13.3045 8.53059 1.49394 1.60215 8.62517 17.8791
-11.6173 -8.282 1.28862 1.85269 -7.72172 -15.4869 13.3342 8.43812 1.42648 1.85481 8.37217 17.8401
-11.5327 -8.2368 1.53639 1.73993 -8.07448 -15.65 13.2523 8.40368 1.56291 1.74262 8.61819 17.9714
-11.5724 -8.26332 1.24546 1.67023 -7.95136 -15.3258 13.3431 8.43156 1.36744 1.67271 8.58051 17.7446
-11.5429 -8.52284 1.25889 1.76272 -8.06187 -15.5357 13.1852 8.70677 1.29543 1.76665 8.65312 17.8833
-11.6381 -8.23845 1.55666 1.76403 -7.92705 -15.6239 13.3882 8.41114 1.61457 1.76824 8.55615 17.9094
-11.3308 -8.33263 1.25489 1.62335 -7.74241 -15.5583 12.9996 8.49921 1.31667 1.62526 8.37895 17.9433
-11.2635 -8.09612 1.06851 1.81354 -8.0173 -15.5059 12.8895 8.26665 1.14683 1.82168 8.62657 17.8075
-11.7806 -8.31349 1.49211 1.73865 -8.21305 -15.5112 13.3991 8.51636 1.52756 1.74022 8.85056 17.8431
-11.5411 -8.37734 1.10617 1.74121 -8.17277 -15.2977 13.299 8.55708 1.22563 1.74854 8.73565 17.7115
-11.475 -8.1949 1.5097 1.90735 -7.97567 -15.4679 13.098 8.38446 1.54438 1.93094 8.6088 17.8641
-11.5164 -8.28744 1.65175 1.80706 -8.09692 -15.4175 13.1647 8.46123 1.69948 1.80852 8.63618 17.7274
-11.7299 -8.42406 1.67456 1.78687 -7.85169 -15.7508 13.4093 8.60649 1.72244 1.79018 8.45164 18.1838
-11.6626 -8.19427 1.48294 1.67151 -7.85062 -15.423 13.2891 8.3843 1.5731 1.67874 8.44661 17.7999
-11.7127 -8.26166 1.32333 1.76663 -7.99255 -15.6031 13.4919 8.43002 1.38578 1.78495 8.58624 17.9091
-11.8048 -8.1916 1.14915 1.69561 -7.7402 -15.362 13.4639 8.36881 1.282 1.70123 8.38508 17.6901
-11.5357 -8.40489 1.55655 1.7868 -7.90219 -15.3691 13.2045 8.57866 1.59108 1.7917 8.51352 17.7315
-11.4456 -8.12875 1.50314 1.71583 -7.95423 -15.5349 13.2406 8.32728 1.57953 1.72095 8.59469 17.8344
-11.5932 -7.96115 1.50296 1.64742 -7.83318 -15.5147 13.3111 8.14655 1.57067 1.65025 8.45881 17.8997
-11.5218 -8.1982 1.85301 1.76789 -7.87424 -15.5059 13.2728 8.38386 1.89008 1.78522 8.46366 17.7813
-11.6834 -7.95723 1.41983 1.71836 -7.99123 -15.4436 13.3202 8.1453 1.47059 1.7235 8.5856 17.7807
-11.4455 -8.43079 1.29655 1.69556 -7.93736 -15.5859 13.0707 8.61077 1.37648 1.70123 8.5061 17.9741
-11.6158 -8.3597 1.34467 1.85912 -7.71337 -15.5565 13.3052 8.54677 1.40776 1.86598 8.32751 17.8485
-11.5985 -8.15378 1.30186 1.80962 -7.97218 -15.6102 13.3766 8.35408 1.37189 1.81257 8.58898 17.9595
-11.595 -8.38216 1.2105 1.74256 -8.11979 -15.532 13.2136 8.56287 1.24735 1.74886 8.76844 17.8521
-11.595 -8.17293 1.36893 1.71455 -7.78225 -15.4175 13.3045 8.35862 1.45156 1.71877 8.38137 17.7715
-11.364 -8.40641 1.39161 1.69561 -8.10699 -15.5006 13.0774 8.59345 1.44536 1.70068 8.6865 17.7722
-11.7373 -8.3404 1.08074 1.66765 -7.94787 -15.4628 13.4025 8.53489 1.2253 1.66998 8.55968 17.7939
-11.5253 -8.15365 1.37147 1.76532 -7.82737 -15.5777 13.2913 8.34654 1.41467 1.77855 8.4177 17.9386
-11.5633 -8.23753 1.23465 1.78944 -8.22682 -15.3446 13.1793 8.40641 1.29296 1.79924 8.81814 17.7093
-11.6714 -8.34815 1.42776 1.71586 -7.71349 -15.558 13.4124 8.50354 1.47483 1.71826 8.32959 17.9145
-11.725 -8.18995 1.48296 1.83378 -8.01905 -15.4122 13.4208 8.35446 1.53483 1.84079 8.63477 17.7358
-11.5724 -8.3371 1.37679 1.78556 -8.08673 -15.4418 13.2379 8.51973 1.41433 1.78918 8.68864 17.8013
-11.5965 -8.19477 1.39427 1.76403 -8.11104 -15.6257 13.3875 8.37227 1.43069 1.76771 8.71856 17.9865
-11.621 -8.36366 1.03513 1.62715 -8.16479 -15.376 13.3074 8.55788 1.18038 1.63384 8.80353 17.8178
-11.6228 -8.25668 1.36495 1.81223 -7.99123 -15.459 13.2818 8.42464 1.44059 1.81832 8.58636 17.7539
-11.619 -8.4242 1.29259 1.66894 -7.89749 -15.4869 13.37 8.60409 1.40636 1.67874 8.49273 17.8674
-11.4993 -8.1238 1.25227 1.76405 -7.92839 -15.5616 13.194 8.29924 1.33885 1.77305 8.5536 17.981
-11.3885 -8.42965 1.38513 1.71714 -8.2671 -15.4385 13.1831 8.61679 1.47972 1.72565 8.8338 17.7291
-11.5652 -8.2368 1.74835 1.64484 -7.92312 -15.5077 13.2354 8.41611 1.77552 1.64621 8.5217 17.8401
-11.6661 -8.1657 1.51369 1.73862 -7.92815 -15.5545 13.4216 8.32626 1.54327 1.74345 8.55339 17.8849
-11.8483 -8.23997 1.22814 1.76529 -7.91655 -15.3446 13.5053 8.41606 1.321 1.77384 8.49062 17.7002
-11.5672 -8.40325 1.36759 1.71455 -7.71186 -15.491 13.2883 8.57874 1.4264 1.7188 8.31873 17.8554
-11.6661 -8.28924 1.30977 1.68918 -7.94774 -15.3896 13.3379 8.46712 1.32564 1.69762 8.56155 17.739
-11.6644 -8.03175 1.34599 1.81352 -8.0843 -15.5379 13.3856 8.21045 1.39145 1.82213 8.66734 17.9001
-11.7335 -8.23845 1.3448 1.81092 -7.98611 -15.7194 13.4083 8.43015 1.42569 1.81587 8.56399 18.0312
-11.5516 -8.1723 1.18782 1.78944 -8.02092 -15.5777 13.2889 8.35188 1.23771 1.79611 8.64631 18.0131
-11.6902 -8.21585 1.46667 1.71583 -7.82397 -15.6031 13.4026 8.3881 1.50849 1.71931 8.39943 17.9625
-11.5691 -8.266 1.2992 1.81097 -7.97899 -15.5563 13.2824 8.44819 1.37994 1.81587 8.51524 17.8643
-11.5464 -8.1238 1.28829 1.78427 -8.00796 -15.4608 13.3097 8.31138 1.32008 1.78538 8.56526 17.8227
-11.5393 -8.28352 1.6223 1.64611 -7.81587 -15.4661 13.2083 8.45042 1.67477 1.64832 8.47502 17.8583
-11.5184 -8.1437 1.39438 1.76277 -7.94908 -15.395 13.0757 8.30955 1.45353 1.76568 8.56694 17.7388
-11.3572 -8.0527 1.32597 1.76274 -7.97691 -15.6745 13.099 8.22804 1.35573 1.77305 8.60933 18.0027
-11.5461 -8.21585 1.25214 1.81097 -7.97218 -15.4697 13.2703 8.381 1.30394 1.81587 8.5923 17.808
-11.5324 -8.24492 1.41851 1.90479 -7.9148 -15.4619 13.3456 8.4288 1.46248 1.91065 8.48509 17.7107
-11.4527 -8.35145 1.55123 1.5979 -7.98892 -15.5847 13.1038 8.5137 1.64151 1.59841 8.56651 17.9623
-11.5704 -8.1205 1.09385 1.71583 -7.97043 -15.513 13.248 8.30118 1.16003 1.71772 8.57833 17.9307
-11.4248 -8.2335 1.22682 1.67403 -7.67001 -15.5551 13.1286 8.4034 1.30703 1.68725 8.30497 17.8619
-11.6919 -8.40489 1.43602 1.80964 -8.06579 -15.4661 13.4807 8.58624 1.53162 1.81262 8.68033 17.8492
-11.6471 -8.28352 1.45881 1.73993 -8.03449 -15.6049 13.3314 8.45042 1.53435 1.74316 8.61082 17.9774
-11.6436 -8.11813 1.3448 1.80581 -8.04323 -15.5794 13.4506 8.27857 1.43293 1.80774 8.66398 17.9266
-11.3067 -8.2335 1.48428 1.81095 -8.11104 -15.51 12.9919 8.40067 1.53886 1.81685 8.72099 17.8759
-11.383 -8.17395 1.50429 1.78813 -7.87612 -15.4887 13.0997 8.3689 1.56608 1.80754 8.47633 17.8916
-11.7353 -8.2561 1.24564 1.76146 -7.97163 -15.4347 13.5288 8.43038 1.35424 1.76279 8.57772 17.6896
-11.5932 -8.40387 1.37014 1.73736 -7.82106 -15.532 13.209 8.57887 1.44061 1.74351 8.39039 17.8345
-11.5393 -8.1624 1.34214 1.80968 -7.87667 -15.5344 13.1666 8.32249 1.41741 1.81262 8.48514 17.9237
-11.5895 -8.35805 1.34216 1.622 -7.92005 -15.6067 13.2966 8.53144 1.41732 1.63508 8.51139 17.9474
-11.5494 -8.21915 1.48825 1.83633 -7.89868 -15.4697 13.2362 8.39104 1.52916 1.84382 8.49444 17.8342
-11.5444 -8.2401 1.47073 1.64481 -7.94436 -15.3499 13.2451 8.41438 1.49802 1.64732 8.53903 17.7823
-11.5444 -8.28847 1.16502 1.81095 -8.27248 -15.5077 13.277 8.48668 1.21464 1.8153 8.86829 17.8674
-11.5967 -8.09295 1.43604 1.76145 -7.96167 -15.4164 13.2777 8.25199 1.52412 1.76442 8.52705 17.7865
-11.5199 -8.33697 0.90343 1.7158 -7.86781 -15.6464 13.2463 8.52788 0.993751 1.7372 8.43519 17.9686
-11.482 -8.45238 1.25886 1.67019 -7.76387 -15.5167 13.1761 8.63349 1.29116 1.67271 8.39601 17.8892
-11.4544 -8.33111 1.208 1.81218 -8.11104 -15.513 13.1183 8.49608 1.26357 1.81986 8.71701 17.8404
-11.5897 -8.30789 1.39436 1.76527 -8.01555 -15.6277 13.2927 8.47917 1.4536 1.7759 8.61462 17.9757
-11.4212 -8.14805 1.27639 1.7932 -7.8968 -15.6798 13.0256 8.32988 1.33824 1.81023 8.48174 18.0383
-11.5129 -8.11226 1.17989 1.59793 -7.95933 -15.5996 13.172 8.2711 1.26151 1.59902 8.5068 17.9148
-11.5633 -8.43079 1.45751 1.76529 -7.87143 -15.3481 13.22 8.61798 1.52406 1.77056 8.4543 17.7301
-11.5687 -8.32766 1.45869 1.76396 -7.69213 -15.5337 13.2854 8.48518 1.55443 1.76819 8.31454 17.9029
-11.5757 -8.09625 1.3382 1.7184 -7.66782 -15.6239 13.3873 8.27822 1.4225 1.72296 8.28252 17.9181
-11.5707 -8.2434 1.46401 1.78429 -7.89516 -15.4833 13.2644 8.42186 1.52565 1.81974 8.47323 17.8194
-11.5895 -8.44514 1.39558 1.81345 -7.87143 -15.65 13.2651 8.60799 1.44463 1.82931 8.45824 17.9714
-11.4299 -8.2142 1.07103 1.55101 -7.70954 -15.3446 13.1657 8.38071 1.11966 1.55733 8.30016 17.6643
-11.7091 -8.44618 1.52843 1.90605 -8.07576 -15.44 13.4946 8.60934 1.58513 1.92114 8.62202 17.8136
-11.5481 -8.26435 1.27243 1.76019 -7.92355 -15.3713 13.1981 8.437 1.35323 1.77566 8.53132 17.7569
-11.6832 -8.14715 1.62111 1.83376 -7.94436 -15.5598 13.355 8.32062 1.67446 1.83921 8.54339 17.9385
-11.6175 -8.33214 1.26978 1.78816 -7.98774 -15.5355 13.3515 8.50134 1.36026 1.79613 8.56648 17.8641
-11.5985 -8.12875 1.53907 1.85788 -7.8298 -15.6535 13.3443 8.31413 1.56296 1.88101 8.4452 18.001
-11.6659 -8.25267 1.22285 1.69817 -8.00487 -15.4916 13.3936 8.41758 1.35227 1.71063 8.65995 17.828
-11.4734 -8.21242 1.71365 1.69301 -8.15738 -15.5165 13.1046 8.37934 1.76093 1.69575 8.75293 17.9237
-11.5499 -8.0819 1.41707 1.83371 -7.94611 -15.6239 13.2227 8.26523 1.46569 1.83768 8.54977 17.9901
-11.4491 -8.1756 1.48825 1.622 -8.34016 -15.5337 13.2514 8.3694 1.52916 1.63508 8.9186 17.8493
-11.4993 -8.10501 1.20798 1.74121 -8.08619 -15.6761 13.2255 8.3065 1.27477 1.75336 8.67907 18.0338
-11.4995 -8.26283 1.43322 1.76403 -8.26477 -15.6084 13.2323 8.44491 1.541 1.76771 8.8135 17.989
-11.5668 -8.30851 1.16369 1.7184 -7.82397 -15.44 13.3458 8.49211 1.2315 1.72459 8.39876 17.7338
-11.4544 -8.282 1.4452 1.69171 -7.8102 -15.5061 13.0591 8.45018 1.48331 1.69842 8.43228 17.7829
-11.522 -8.26435 1.67465 1.73867 -7.87776 -15.4199 13.2847 8.44726 1.71199 1.74349 8.48427 17.9004
-11.4073 -8.26587 1.36893 1.6943 -8.07816 -15.5563 13.14 8.44219 1.42669 1.69829 8.75402 17.847
-11.5218 -8.03328 1.41585 1.78425 -8.08443 -15.4608 13.1196 8.21994 1.46928 1.78591 8.67075 17.76
-11.6869 -8.2693 1.24681 1.88322 -8.05998 -15.6031 13.511 8.46138 1.35395 1.89451 8.63939 17.9716
-11.4975 -8.37962 1.27243 1.69433 -7.90974 -15.5824 13.1794 8.55719 1.35323 1.69834 8.56896 17.9265
-11.4005 -8.169 1.18914 1.86301 -8.24454 -15.4177 13.0617 8.34788 1.22898 1.87707 8.81838 17.7376
-11.7092 -8.35204 1.3729 1.71712 -8.18748 -15.6743 13.4955 8.51604 1.41616 1.72561 8.8224 18.0739
-11.614 -8.2434 1.15958 1.78821 -8.13348 -15.4003 13.2497 8.42186 1.23246 1.793 8.73411 17.8106
-11.5205 -8.16961 1.20664 1.82992 -7.95299 -15.5741 13.1709 8.34325 1.27946 1.83579 8.59474 17.8475
-11.4246 -8.28695 1.3286 1.64996 -8.15901 -15.4857 13.1432 8.47326 1.35197 1.65606 8.76467 17.8551
-11.6138 -8.2401 1.20532 1.74121 -7.59194 -15.4853 13.3157 8.41647 1.26898 1.74532 8.19104 17.8088
-11.5569 -8.28425 1.41575 1.78687 -7.80374 -15.3689 13.3016 8.45312 1.48645 1.79175 8.40749 17.6765
-11.5218 -8.1916 1.5056 1.62454 -8.03636 -15.4175 13.1886 8.36881 1.57633 1.6295 8.62729 17.7805
-11.6208 -8.28744 1.37819 1.67278 -7.87776 -15.7165 13.353 8.4633 1.40263 1.67833 8.48646 18.0671
-11.5291 -8.14475 1.27762 1.85908 -8.08848 -15.6553 13.3727 8.31073 1.3396 1.86604 8.69881 18.007
-11.5654 -8.18995 1.37024 1.78556 -7.94249 -15.5794 13.2107 8.36367 1.42817 1.78813 8.52845 17.9997
-11.5444 -8.1723 1.08881 1.78811 -7.8552 -15.5824 13.1938 8.34997 1.18111 1.79822 8.46725 17.9716
-11.678 -8.47091 1.41322 1.73865 -7.94075 -15.7472 13.3018 8.65071 1.47734 1.7456 8.53322 18.0905
-11.6817 -8.38064 1.4131 1.6487 -7.92476 -15.395 13.2279 8.56472 1.4944 1.69004 8.53359 17.7476
-11.4785 -8.12202 1.36497 1.69559 -7.80657 -15.6049 13.2685 8.28769 1.42868 1.70228 8.40962 17.9593
-11.496 -8.1883 1.28168 1.69299 -7.97151 -15.6263 13.1924 8.35604 1.33569 1.69516 8.57726 17.9451
-11.503 -8.28187 1.18253 1.81095 -7.89574 -15.4371 13.0808 8.44311 1.25543 1.8184 8.48298 17.7776
-11.5481 -8.45174 1.41173 1.78558 -8.19254 -15.484 13.4037 8.63337 1.47758 1.79079 8.74133 17.8312
-11.5843 -8.12545 1.01363 1.57381 -8.09673 -15.4922 13.1618 8.31941 1.14294 1.5746 8.74011 17.8579
-11.4942 -8.49846 1.39028 1.64356 -7.64756 -15.322 13.1885 8.6761 1.44961 1.64555 8.28706 17.6405
-11.5705 -8.1817 1.55928 1.87935 -7.77931 -15.5112 13.3384 8.33923 1.59859 1.88552 8.38226 17.8972
-11.5446 -8.37583 1.31921 1.78813 -7.94075 -15.5293 13.278 8.54717 1.40562 1.79295 8.51887 17.8362
-11.5635 -8.16722 1.34613 1.64227 -8.03111 -15.6447 13.2314 8.34498 1.40351 1.64804 8.59176 17.9449
-11.4993 -8.23243 1.55522 1.76271 -7.80887 -15.6594 13.2362 8.39593 1.5976 1.76563 8.43053 18.1119
-11.6887 -8.29177 1.22931 1.78684 -7.94961 -15.4383 13.3531 8.47776 1.28059 1.79797 8.57095 17.7895
-11.4212 -8.08025 1.55788 1.76661 -8.06242 -15.5563 13.0718 8.26977 1.62539 1.78489 8.66165 17.9362
-11.5008 -8.2083 1.55003 1.88067 -8.01717 -15.44 13.2442 8.37619 1.63253 1.89025 8.62384 17.8228
-11.4995 -8.33111 1.20798 1.69433 -7.71525 -15.4833 13.1589 8.50253 1.26364 1.70109 8.33907 17.775
-11.5687 -7.95228 1.36748 1.71325 -7.94424 -15.5616 13.3615 8.11831 1.43096 1.71909 8.54673 17.9353
-11.5429 -8.33111 1.49783 1.62202 -7.92112 -15.6031 13.2266 8.49809 1.61223 1.6236 8.51008 17.9534
-11.7769 -8.14868 1.29788 1.67023 -7.94436 -15.4893 13.4656 8.33241 1.36601 1.69774 8.53926 17.8759
-11.4229 -8.21585 1.35133 1.76399 -8.04161 -15.6049 13.1723 8.39024 1.39029 1.773 8.65911 17.9503
-11.4111 -8.1916 1.59431 1.60048 -7.89153 -15.6274 13.1232 8.36635 1.67755 1.61496 8.45138 17.9564
-11.5707 -8.47498 1.33935 1.62326 -8.08498 -15.3742 13.2854 8.65437 1.46097 1.63728 8.67967 17.7841
-11.5273 -8.21978 1.35009 1.622 -8.01555 -15.6277 13.1874 8.39243 1.41114 1.62299 8.61592 17.9317
-11.5183 -8.35039 1.21062 1.83761 -7.99474 -15.491 13.1905 8.50658 1.2608 1.8473 8.61633 17.8909
-11.7181 -8.1464 1.48683 1.81226 -8.03286 -15.5255 13.5423 8.33229 1.5277 1.82146 8.60197 17.8139
-11.4731 -8.39981 1.27505 1.76527 -7.92651 -15.4228 13.0882 8.57004 1.34294 1.7722 8.54193 17.7895
-11.6589 -8.2401 1.42373 1.76274 -7.98774 -15.5391 13.3357 8.44887 1.45339 1.77041 8.56528 17.9386
-11.5479 -8.28682 1.07104 1.71457 -7.87788 -15.6761 13.2849 8.46318 1.15278 1.74533 8.48543 18.0248
-11.6142 -8.2269 1.36232 1.79073 -8.03624 -15.4614 13.1729 8.39085 1.44301 1.80472 8.62092 17.8074
-11.3049 -8.14805 1.51369 1.69554 -7.78456 -15.583 13.0311 8.33227 1.55239 1.70118 8.40248 17.9833
-11.7858 -8.1663 1.46667 1.69433 -7.98774 -15.6553 13.5604 8.34635 1.5141 1.7033 8.56718 18.0337
-11.5687 -8.2434 1.46676 1.64484 -7.99299 -15.4175 13.2644 8.42355 1.49215 1.64906 8.61109 17.8079
-11.5877 -8.2335 1.55655 1.83505 -7.99461 -15.4661 13.2715 8.4093 1.60875 1.84213 8.60551 17.8132
-11.739 -8.33545 1.46941 1.8148 -8.06538 -15.6263 13.4372 8.52549 1.52315 1.83034 8.67145 18.0073
-11.5947 -8.16557 1.23333 1.83891 -8.09134 -15.5048 13.3087 8.33724 1.29635 1.85159 8.70835 17.8049
-11.5669 -8.12545 1.39568 1.71712 -7.73419 -15.4857 13.2091 8.30473 1.43937 1.72016 8.34116 17.8108
-11.4542 -8.18995 1.41573 1.64613 -7.95136 -15.5949 13.1329 8.35655 1.4648 1.65347 8.5809 17.9273
-11.331 -8.33037 1.32333 1.76269 -7.71337 -15.6031 13.0429 8.51256 1.38033 1.76665 8.32908 17.9178
-11.3311 -8.10016 1.20798 1.71843 -8.11104 -15.5112 13.007 8.27526 1.2814 1.73817 8.71667 17.8698
-11.4715 -8.2467 1.37147 1.83247 -7.96692 -15.5266 13.1772 8.43862 1.41467 1.83658 8.5578 17.871
-11.6556 -8.3597 1.34745 1.69044 -8.0988 -15.5094 13.367 8.53707 1.4414 1.71078 8.65262 17.864
-11.6364 -8.24175 1.27361 1.67147 -7.68686 -15.6482 13.1863 8.42406 1.34298 1.67539 8.28231 17.9567
-11.4699 -8.14357 1.54723 1.8084 -7.89924 -15.3463 13.2135 8.30504 1.62626 1.8246 8.5034 17.7151
-11.4717 -8.21149 1.27241 1.71709 -7.99123 -15.4597 13.1003 8.37475 1.35333 1.72066 8.58961 17.8285
-11.6433 -8.31285 1.21736 1.6728 -8.06175 -15.5865 13.307 8.49533 1.35541 1.67894 8.64956 18.0133
-11.5013 -8.1437 1.26296 1.85653 -7.73069 -15.3677 13.302 8.31679 1.39225 1.8616 8.31628 17.7542
-11.3778 -8.44679 1.34216 1.71708 -7.77768 -15.5806 13.0351 8.61531 1.41266 1.72071 8.3658 17.8941
-11.5897 -8.31436 1.57416 1.80709 -7.87964 -15.44 13.2154 8.49852 1.64048 1.81318 8.4956 17.7954
-11.6418 -8.1238 1.16237 1.71712 -7.95474 -15.5308 13.392 8.30138 1.21725 1.72343 8.60106 17.8849
-11.6676 -8.16887 1.53386 1.83891 -8.04161 -15.6294 13.4188 8.33665 1.57554 1.85867 8.65391 18.0178
-11.5028 -8.24404 1.43999 1.83633 -7.85708 -15.5112 13.2128 8.4275 1.48443 1.84382 8.47742 17.8431
-11.3587 -8.06693 1.36615 1.71457 -7.98012 -15.6725 13.0595 8.21821 1.4408 1.71881 8.51561 17.9953
-11.4527 -7.94365 1.30184 1.66892 -7.8606 -15.6729 13.0257 8.12519 1.34843 1.67087 8.49944 18.0596
-11.6138 -8.32613 1.46268 1.83499 -7.89399 -15.5527 13.3157 8.49558 1.50397 1.84569 8.47226 17.8612
-11.6867 -8.379 1.25093 1.69433 -7.78293 -15.322 13.4048 8.54853 1.3305 1.7033 8.39395 17.713
-11.5668 -8.24238 1.39304 1.64613 -8.19898 -15.3642 13.1494 8.42653 1.44151 1.64779 8.76982 17.7427
-11.7353 -8.17065 1.27772 1.71712 -8.14009 -15.494 13.4277 8.36727 1.33964 1.72016 8.76623 17.8818
-11.4524 -8.31436 1.19608 1.64482 -8.12778 -15.6327 13.2462 8.5025 1.33023 1.64565 8.69444 17.992
-11.6659 -8.24072 1.67855 1.73736 -7.95124 -15.5753 13.268 8.42123 1.72399 1.74351 8.57986 17.9213
-11.4248 -8.33545 1.27629 1.6005 -8.08091 -15.4643 13.1503 8.52054 1.33819 1.60627 8.65102 17.7722
-11.475 -8.22144 1.34745 1.74251 -7.88006 -15.6274 13.1908 8.4012 1.39964 1.74832 8.50518 17.9653
-11.4805 -8.33697 1.60216 1.76403 -7.97711 -15.5284 13.1226 8.53038 1.63773 1.77301 8.50487 17.8674
-11.5531 -8.09519 1.20135 1.7184 -7.99123 -15.5302 13.2869 8.2621 1.33192 1.72459 8.59209 17.8915
-11.5687 -8.2886 1.38643 1.69173 -8.17523 -15.4614 13.2854 8.47117 1.46908 1.69344 8.75198 17.8163
-11.7075 -8.2693 1.29907 1.69299 -8.01555 -15.5527 13.416 8.46356 1.36695 1.69571 8.61385 17.879
-11.5737 -8.14805 1.39694 1.71843 -8.08673 -15.5527 13.3497 8.32012 1.44765 1.7344 8.69098 17.8612
-11.5409 -8.2142 1.53386 1.74251 -7.83692 -15.3967 13.155 8.38495 1.58032 1.74886 8.48132 17.7537
-11.4785 -8.3239 1.31802 1.78948 -7.98411 -15.7285 13.2685 8.48498 1.40497 1.79762 8.54487 18.1428
-11.5897 -8.14805 1.67069 1.8122 -7.92476 -15.5308 13.2056 8.32359 1.71928 1.81992 8.53179 17.8066
-11.3049 -8.28517 1.41455 1.83247 -7.83837 -15.4349 12.8571 8.46775 1.48393 1.83555 8.37657 17.7433
-11.6661 -8.20925 1.84089 1.69433 -8.04511 -15.5545 13.4545 8.3548 1.87624 1.7033 8.67558 17.9213
-11.3329 -8.01081 1.55123 1.78816 -8.15792 -15.602 12.9799 8.19956 1.60199 1.79352 8.76357 17.9505
-11.5201 -8.37569 1.37555 1.69173 -8.15034 -15.65 13.205 8.53422 1.44397 1.70449 8.7131 17.903
-11.5672 -8.40222 1.52592 1.81349 -7.99649 -15.414 13.2991 8.57147 1.62033 1.82155 8.62151 17.7597
-11.6155 -8.17065 1.01629 1.80965 -8.10929 -15.5328 13.2585 8.34638 1.12681 1.81309 8.70681 17.8834
-11.3759 -8.44243 1.35947 1.78552 -8.00972 -15.3799 13.0614 8.61063 1.45943 1.78918 8.57385 17.5857
-11.6177 -8.17065 0.967859 1.71583 -8.00173 -15.4193 13.3418 8.35568 1.1046 1.71822 8.64776 17.7864
-11.5947 -8.21255 1.13824 1.71714 -7.96648 -15.4646 13.1992 8.37539 1.21047 1.73161 8.54786 17.8267
-11.4299 -8.24238 1.53375 1.71453 -7.87131 -15.5534 13.2425 8.422 1.57137 1.7155 8.45361 17.8644
-11.4544 -8.23409 1.58079 1.71583 -8.04458 -15.5984 13.1596 8.39576 1.62916 1.72911 8.6626 17.8773
-11.3969 -8.43244 1.30845 1.73996 -8.24748 -15.255 13.0012 8.63025 1.35871 1.74266 8.82567 17.6529
-11.6123 -8.33608 1.39174 1.76529 -7.92355 -15.5284 13.3186 8.51243 1.4499 1.78166 8.53363 17.7793
-11.5672 -8.05435 1.32463 1.78942 -8.07624 -15.6725 13.1267 8.23572 1.37654 1.80698 8.62841 17.9777
-11.5183 -8.3597 1.23076 1.783 -8.15267 -15.4833 13.1598 8.54677 1.31946 1.79813 8.73268 17.8561
-11.4975 -8.1883 1.2992 1.74508 -8.03636 -15.4887 13.1092 8.35604 1.38743 1.75576 8.62729 17.864
-11.3103 -8.22245 1.01479 1.78808 -7.98237 -15.4424 12.9959 8.40688 1.12881 1.79451 8.53476 17.8403
-11.6362 -8.2561 1.22682 1.78558 -7.90572 -15.5273 13.4279 8.41911 1.31278 1.79079 8.5363 17.8552
-11.4682 -8.4016 1.25756 1.66892 -7.76508 -15.6031 13.032 8.57135 1.29053 1.6703 8.39793 17.9625
-11.5168 -8.16887 1.18516 1.85653 -7.92124 -15.4787 13.2582 8.33332 1.26607 1.86009 8.51141 17.7346
-11.6674 -8.25762 1.00966 1.64736 -8.00668 -15.6241 13.3357 8.41139 1.23045 1.6502 8.56746 17.9461
-11.494 -8.3178 1.322 1.76277 -8.1729 -15.4336 13.0614 8.50582 1.3798 1.76568 8.73254 17.7479
-11.5897 -8.13594 1.43867 1.67151 -7.74429 -15.6277 13.2 8.29679 1.50311 1.67595 8.38864 17.9491
-11.3346 -8.28035 1.32321 1.7399 -8.20237 -15.4851 13.0362 8.43631 1.37145 1.74262 8.78886 17.8162
-11.6436 -8.2853 1.31919 1.78427 -8.12661 -15.577 13.3025 8.44909 1.39427 1.79324 8.69483 17.8821
-11.4975 -8.47256 1.34865 1.87809 -7.81074 -15.5498 13.2431 8.65079 1.41434 1.88007 8.44178 17.8437
-11.6158 -8.169 1.65317 1.8058 -7.96867 -15.5068 13.186 8.34096 1.67872 1.81134 8.56881 17.8388
-11.5461 -8.26536 1.39161 1.74121 -7.84 -15.5059 13.2597 8.44807 1.44992 1.74585 8.38619 17.8803
-11.6659 -8.44363 1.34335 1.76018 -7.99299 -15.5391 13.3524 8.61025 1.42367 1.76081 8.59848 17.885
-11.4597 -8.47269 1.32463 1.71969 -8.17173 -15.6067 13.1826 8.6512 1.37654 1.72769 8.73324 17.9741
-11.5481 -8.20137 1.06719 1.64742 -8.24761 -15.6292 13.2597 8.40821 1.13507 1.65875 8.82845 18.0072
-11.4942 -8.42749 1.0404 1.71843 -8.03986 -15.4354 13.2321 8.6198 1.13655 1.73115 8.64391 17.7451
-11.8482 -8.28187 1.53373 1.73607 -7.67187 -15.5059 13.432 8.45496 1.5804 1.75139 8.31409 17.8434
-11.5166 -8.49542 1.26145 1.81218 -7.9183 -15.4442 13.2182 8.66811 1.30803 1.81832 8.50073 17.8923
-11.5687 -7.93311 1.34757 1.71712 -8.01499 -15.5717 13.2181 8.10005 1.40498 1.7218 8.60375 17.8556
-11.4978 -8.26332 1.32321 1.85786 -7.7655 -15.4857 13.2069 8.43748 1.3858 1.86444 8.40548 17.8461
-11.5897 -8.0753 1.41175 1.81483 -8.17698 -15.6435 13.2507 8.25129 1.49273 1.83603 8.76139 17.9598
-11.5481 -8.19325 1.011 1.81223 -8.10405 -15.4338 13.2082 8.37927 1.14988 1.82912 8.67671 17.7494
-11.5389 -7.98148 1.16891 1.67149 -7.71294 -15.5077 13.2372 8.1568 1.18855 1.6759 8.32253 17.7875
-11.5945 -8.54049 1.55655 1.76272 -7.73022 -15.7211 13.3828 8.72771 1.60347 1.76505 8.30871 18.0908
-11.6624 -8.24175 1.44264 1.5523 -8.12323 -15.4661 13.2396 8.42639 1.46878 1.55314 8.67648 17.8044
-11.4733 -8.38394 1.46278 1.76146 -7.66825 -15.6743 13.1446 8.57085 1.5509 1.76279 8.29498 17.9924
-11.4715 -8.35715 1.49089 1.66763 -8.26535 -15.4851 13.1879 8.54451 1.52441 1.67387 8.82335 17.8433
-11.5446 -8.42914 1.53386 1.78683 -7.89574 -15.4626 13.1793 8.62216 1.56775 1.79174 8.48298 17.7924
-11.6383 -8.11447 1.27507 1.76399 -8.11279 -15.6157 13.31 8.27893 1.33371 1.77564 8.72738 17.8401
-11.6887 -8.33214 1.67066 1.81226 -8.09146 -15.6822 13.3431 8.49635 1.71934 1.81992 8.70893 18.1009
-11.4715 -8.12215 1.37014 1.69682 -8.05835 -15.551 13.1666 8.29836 1.41819 1.71206 8.63062 17.8376
-11.6103 -8.12875 1.38777 1.60175 -8.0138 -15.5563 13.266 8.3109 1.46882 1.60716 8.6068 17.8556
-11.503 -8.18995 1.48815 1.71455 -8.19779 -15.6245 13.1379 8.36633 1.55243 1.72694 8.76915 17.9478
-11.6589 -8.37887 1.2309 1.87809 -7.8298 -15.4626 13.3253 8.5543 1.29775 1.88056 8.44012 17.8193
-11.5893 -8.3498 0.951708 1.76146 -7.87964 -15.5077 13.1937 8.51084 1.03747 1.76279 8.49898 17.7961
-11.7125 -8.42749 1.29524 1.73996 -7.78413 -15.6464 13.5128 8.61178 1.38183 1.7432 8.39337 17.9159
-11.5427 -8.395 1.20135 1.88584 -8.06363 -15.4626 13.3127 8.55793 1.30188 1.90651 8.66009 17.8193
-11.5183 -8.16405 1.67189 1.76274 -8.00342 -15.6707 13.1298 8.32753 1.72149 1.7651 8.54667 17.9629
-11.5687 -8.33276 0.994654 1.76274 -8.08323 -15.6523 13.2644 8.50145 1.09668 1.77041 8.66931 18.0071
-11.6622 -8.31017 1.11133 1.80964 -7.68012 -15.5824 13.3225 8.48057 1.19773 1.81314 8.35711 17.9625
-11.4021 -8.30789 1.2374 1.74248 -7.98949 -15.4579 13.0856 8.47321 1.28078 1.74838 8.58107 17.7689
-11.803 -8.31285 1.36761 1.76532 -7.90786 -15.4453 13.5475 8.49969 1.45573 1.77379 8.55466 17.7956
-11.6381 -8.10108 1.55921 1.76669 -8.03986 -15.6678 13.229 8.28013 1.57779 1.78496 8.6421 18.0349
-11.5636 -8.05106 1.46015 1.71583 -7.99771 -15.5797 13.2274 8.21637 1.55809 1.71768 8.62017 17.9018
-11.2374 -8.47269 1.4452 1.76663 -8.05892 -15.3273 12.9387 8.65362 1.4699 1.77705 8.63986 17.6765
-11.6939 -8.3112 1.57938 1.73864 -8.02242 -15.4853 13.3274 8.48596 1.63176 1.74187 8.65428 17.854
-11.7613 -8.266 1.30306 1.76661 -8.0588 -15.5841 13.519 8.44262 1.38433 1.77435 8.63969 17.9866
-11.6659 -8.2434 1.57814 1.69176 -7.9183 -15.5689 13.3728 8.43178 1.62087 1.69348 8.50473 17.7952
-11.5915 -8.37569 1.43073 1.76405 -7.77943 -15.5545 13.2243 8.54434 1.55159 1.76776 8.3725 17.8849
-11.7092 -8.19374 1.50458 1.82988 -7.76145 -15.8166 13.3386 8.36494 1.58634 1.83371 8.37375 18.2321
-11.5665 -8.2302 1.22682 1.81226 -8.03811 -15.5622 13.2738 8.38101 1.31278 1.83275 8.63269 17.9744
-11.5271 -8.45339 1.22135 1.71712 -8.28616 -15.612 13.2634 8.64571 1.33249 1.72016 8.83189 17.9744
-11.5707 -8.19985 1.32198 1.73993 -8.19954 -15.5824 13.2437 8.39572 1.39008 1.74585 8.77926 17.9716
-11.8062 -8.1916 1.54987 1.88327 -8.04511 -15.3903 13.4862 8.36881 1.62155 1.91384 8.67295 17.7599
-11.4509 -8.30625 1.30839 1.6005 -7.96867 -15.6482 13.1515 8.48134 1.35179 1.60627 8.5675 17.9392
-11.5494 -8.21242 1.3838 1.66894 -8.04458 -15.4626 13.2774 8.38427 1.46911 1.68598 8.66274 17.8193
-11.4281 -8.09955 1.01629 1.83118 -7.97205 -15.5059 13.0488 8.27746 1.16785 1.83321 8.58966 17.7813
-11.5219 -8.1916 1.45749 1.81347 -7.84368 -15.505 13.268 8.35982 1.52847 1.82219 8.52418 17.824
-11.6138 -8.35805 1.27772 1.6969 -8.10274 -15.5112 13.3157 8.52844 1.36884 1.70938 8.67676 17.8972
-11.4264 -8.35626 1.18251 1.83247 -7.90612 -15.6778 13.0945 8.54357 1.2615 1.84575 8.54396 18.0132
-11.683 -8.28035 1.25887 1.71712 -7.77243 -15.4608 13.354 8.44513 1.31996 1.73536 8.33115 17.7775
-11.4713 -8.25445 1.43867 1.73478 -8.14683 -15.5266 13.0739 8.41168 1.4842 1.74295 8.69343 17.8345
-11.6138 -8.26332 1.4856 1.6943 -7.89936 -15.5569 13.2845 8.43339 1.53529 1.69939 8.50585 17.9028
-11.7528 -8.1657 1.53508 1.56997 -7.86111 -15.6067 13.4112 8.34929 1.58311 1.57081 8.50908 17.9474
-11.5164 -8.19655 1.30052 1.622 -7.87481 -15.4887 13.1144 8.37305 1.3523 1.62876 8.4756 17.8106
-11.5652 -8.49529 1.5606 1.81218 -7.93724 -15.6506 13.2669 8.66568 1.58121 1.81832 8.49882 18.0011
-11.447 -8.43066 1.53506 1.78429 -7.75687 -15.6168 13.074 8.61553 1.58912 1.80006 8.35867 17.8509
-11.5392 -8.21915 1.01892 1.80837 -7.91993 -15.4436 13.1507 8.41621 1.12688 1.81789 8.5118 17.8162
-11.6954 -8.29089 1.25227 1.7399 -7.97742 -15.6031 13.5432 8.47085 1.33885 1.74584 8.62 17.9716
-11.5426 -8.14805 1.49221 1.78813 -8.01742 -15.6467 13.1595 8.31723 1.5275 1.79295 8.63048 17.9347
-11.6138 -8.30789 1.71494 1.71328 -7.76375 -15.3861 13.3157 8.47505 1.79787 1.71529 8.39483 17.6734
-11.5514 -8.47001 1.09119 1.59789 -8.21861 -15.6743 13.3798 8.63867 1.17696 1.59899 8.78253 18.019
-11.5203 -8.2853 1.7671 1.66894 -8.13065 -15.5083 13.091 8.45825 1.80729 1.67034 8.7246 17.8085
-11.494 -8.19642 1.06983 1.71964 -8.2291 -15.623 13.1712 8.38199 1.13513 1.73148 8.83792 17.9258
-11.4301 -8.26435 1.24681 1.721 -7.97742 -15.7247 13.1834 8.43877 1.33714 1.72953 8.62538 18.1298
-11.5895 -8.363 1.50456 1.78684 -8.2487 -15.5255 13.1659 8.56001 1.56253 1.79013 8.84572 17.886
-11.5862 -8.379 1.16235 1.73993 -7.92705 -15.4573 13.318 8.55251 1.24335 1.74585 8.55247 17.7218
-11.6155 -8.25762 1.19871 1.69433 -7.78456 -15.5806 13.2887 8.41309 1.31538 1.70934 8.40714 17.9205
-11.7563 -8.09968 1.44118 1.71969 -8.08443 -15.4418 13.3597 8.28293 1.51715 1.74552 8.66928 17.8013
-11.6606 -8.44514 1.42116 1.71708 -7.9253 -15.6239 13.3925 8.60412 1.48916 1.72016 8.54231 17.9269
-11.6814 -8.2368 1.16105 1.57767 -8.09373 -15.5806 13.2707 8.40368 1.20797 1.58617 8.73185 17.9295
-11.4713 -8.28365 1.13428 1.73609 -8.04161 -15.5516 13.1762 8.45299 1.24134 1.7396 8.65236 17.841
-11.4019 -8.09461 1.24566 1.78684 -7.98892 -15.7923 13.1164 8.26736 1.36037 1.79013 8.56594 18.1294
-11.7075 -8.37404 1.25227 1.69561 -7.84362 -15.7419 13.3488 8.56319 1.34656 1.70123 8.40707 18.0463
-11.6884 -8.42481 1.53253 1.76403 -7.74131 -15.4371 13.4406 8.59449 1.57429 1.76771 8.37776 17.7687
-11.4802 -8.19374 1.30314 1.76792 -7.96518 -15.5794 13.2186 8.36694 1.345 1.78528 8.54732 17.9626
-11.6138 -8.18665 1.32066 1.85914 -7.98411 -15.3932 13.3157 8.35641 1.39467 1.86655 8.54552 17.7689
-11.5483 -8.3597 1.11278 1.76274 -7.92476 -15.5534 13.3254 8.54053 1.19817 1.76828 8.53517 17.9179
-11.5915 -8.3597 1.20666 1.78808 -8.11817 -15.65 13.2143 8.55164 1.30127 1.79295 8.75875 17.9626
-11.5218 -8.39321 1.35274 1.78684 -8.1406 -15.5598 13.2728 8.55013 1.39939 1.79327 8.77677 17.9115
-11.5893 -8.35626 1.57552 1.61943 -7.99123 -15.5516 13.2956 8.52099 1.64155 1.62126 8.58579 17.9306
-11.3047 -8.2076 1.55921 1.622 -8.17536 -15.5812 12.9046 8.35586 1.59384 1.62357 8.75269 17.9415
-11.5722 -8.19325 1.26978 1.66894 -7.89224 -15.5759 13.2423 8.36525 1.37061 1.67874 8.46242 17.8708
-11.7147 -8.46774 1.52991 1.83631 -8.0173 -15.5812 13.4281 8.63588 1.58527 1.84528 8.62403 17.9684
-11.5895 -8.33098 1.42247 1.78942 -8.22385 -15.577 13.2496 8.52217 1.46606 1.79657 8.80827 17.9179
-11.5742 -8.40489 1.468 1.71843 -8.11226 -15.5527 13.2728 8.58624 1.51817 1.72355 8.71853 17.9156
-11.5932 -8.11945 1.57955 1.69302 -8.22198 -15.4614 13.1706 8.2857 1.622 1.69516 8.79666 17.8713
-11.7373 -8.12368 1.23078 1.73867 -8.08794 -15.5737 13.4125 8.311 1.28245 1.75154 8.68897 17.8281
-11.4732 -8.32885 1.45619 1.854 -8.0693 -15.5136 13.2134 8.52461 1.5253 1.85679 8.70177 17.8529
-11.3255 -8.44844 1.39296 1.76277 -7.85004 -15.612 12.8573 8.62274 1.49528 1.76674 8.43692 18.0556
-11.4923 -8.31107 1.3729 1.76661 -8.28629 -15.5308 13.221 8.48945 1.4412 1.78489 8.83267 17.8494
-11.614 -8.42481 1.18385 1.68916 -7.92355 -15.5563 13.27 8.59449 1.25038 1.68984 8.53132 17.873
-11.5825 -8.2594 1.53394 1.78684 -7.9738 -15.6921 13.1672 8.42684 1.56239 1.80474 8.59803 18.0555
-11.6676 -8.44996 1.40099 1.73997 -8.08673 -15.5077 13.4619 8.61688 1.42572 1.74262 8.68838 17.8674
-11.5687 -8.44349 1.43336 1.76146 -8.16998 -15.6245 13.1743 8.61249 1.52075 1.77393 8.72459 17.9217
-11.7075 -8.08089 1.32321 1.71457 -8.22154 -15.6245 13.4481 8.26991 1.42272 1.72697 8.78742 17.9654
-11.4507 -8.31285 1.30184 1.76274 -8.10055 -15.4579 13.1875 8.49969 1.35331 1.7651 8.65625 17.8046
-11.5203 -8.21737 1.20533 1.622 -8.05659 -15.4626 13.1005 8.39311 1.29824 1.64367 8.62526 17.8013
-11.477 -8.1431 1.39436 1.76403 -8.09373 -15.5065 13.1747 8.30351 1.43074 1.7693 8.72966 17.8641
-11.4282 -8.16722 1.36348 1.69176 -8.09198 -15.5996 13.1461 8.32777 1.44583 1.70836 8.71925 17.9328
-11.5689 -8.21255 1.62491 1.73993 -7.96692 -15.6523 13.2395 8.37163 1.68375 1.75763 8.55772 18.0429
-11.5149 -8.45504 1.39294 1.81218 -8.08323 -15.5322 13.172 8.65626 1.45123 1.81832 8.66998 17.9171
-11.5253 -8.21018 1.5084 1.85531 -7.88006 -15.2511 13.2075 8.37179 1.55064 1.85759 8.50527 17.6215
-11.4056 -8.30954 1.34734 1.83507 -7.97043 -15.5048 13.1148 8.48905 1.42502 1.84066 8.58823 17.7962
-11.6815 -8.16735 1.25095 1.78684 -8.20291 -15.6067 13.3355 8.3402 1.31188 1.79327 8.79918 17.9474
-11.3274 -8.1651 1.24947 1.71583 -8.06067 -15.4597 12.9665 8.34299 1.3568 1.71935 8.65146 17.8285
-11.598 -8.2434 1.49219 1.69173 -8.0138 -15.6725 13.2855 8.43178 1.51826 1.69455 8.60351 17.9603
-11.612 -8.40222 1.27507 1.71583 -7.75162 -15.4407 13.3439 8.57577 1.33371 1.71931 8.32329 17.7809
-11.3887 -8.3531 1.15841 1.62332 -7.7515 -15.6435 13.1091 8.52836 1.25819 1.63733 8.33175 17.9868
-11.5652 -8.09955 1.25079 1.76148 -8.02761 -15.5147 13.2149 8.28821 1.34392 1.76814 8.57652 17.8907
-11.501 -8.2208 1.06851 1.76274 -8.17348 -15.5598 13.219 8.41097 1.14683 1.7651 8.74092 17.8594
-11.5203 -8.30625 1.18506 1.73738 -7.85762 -15.768 13.2327 8.48409 1.25856 1.73978 8.48836 18.1539
-11.5392 -8.21077 1.41587 1.79073 -8.13306 -15.421 13.1863 8.38199 1.47433 1.80472 8.72539 17.8287
-11.5619 -8.1657 1.49354 1.76532 -7.79517 -15.4329 13.1718 8.32626 1.53768 1.78171 8.46918 17.6665
-11.546 -8.01081 1.3369 1.74382 -7.99811 -15.5094 13.3015 8.19734 1.43605 1.75169 8.62721 17.855
-11.5895 -8.28365 1.32333 1.66892 -7.88018 -15.6517 13.2651 8.44691 1.38578 1.69539 8.50581 17.9686
-11.4003 -8.35805 1.08733 1.74251 -8.08148 -15.5065 13.0401 8.52987 1.17563 1.74993 8.66847 17.8461
-11.7788 -8.26587 1.30581 1.76657 -8.06067 -15.3452 13.5344 8.44992 1.33916 1.78178 8.65124 17.7031
-11.6208 -8.38001 1.53648 1.5764 -7.89692 -15.6435 13.3118 8.55988 1.57072 1.59441 8.48448 17.9687
-11.6101 -8.05 1.32187 1.69173 -7.85387 -15.3607 13.2753 8.22276 1.37571 1.69289 8.46716 17.6945
-11.565 -8.37734 1.48282 1.71199 -8.02512 -15.5059 13.2873 8.54131 1.55921 1.71208 8.55146 17.8617
-11.6416 -8.29342 1.4347 1.69302 -7.94261 -15.5777 13.2828 8.48176 1.52195 1.69847 8.53006 17.9568
-11.8028 -8.3531 1.59949 1.69173 -7.84887 -15.3689 13.5192 8.51891 1.6412 1.69344 8.43647 17.6592
-11.5046 -8.40654 1.42645 1.78683 -8.01905 -15.6013 13.2221 8.58962 1.44645 1.80891 8.63463 17.9031
-11.5897 -8.14793 0.921088 1.74251 -7.717 -15.5804 13.2154 8.34599 1.06188 1.75368 8.35036 17.9644
-11.4562 -8.3013 1.38909 1.90605 -7.94436 -15.72 13.2836 8.46124 1.46967 1.91429 8.54006 18.0787
-11.5149 -8.33214 1.55798 1.74248 -7.83155 -15.6681 13.2361 8.51248 1.61197 1.75149 8.451 17.9911
-11.6433 -8.18335 1.41575 1.76663 -8.13413 -15.374 13.3372 8.34985 1.46923 1.77916 8.74642 17.7919
-11.8461 -8.30473 1.18385 1.66765 -8.03986 -15.5408 13.5043 8.47408 1.25639 1.66829 8.6421 17.9354
-11.3554 -8.1271 1.44396 1.62332 -7.68918 -15.5379 13.0262 8.32465 1.48033 1.63389 8.30044 17.9721
-11.6777 -8.4242 1.21195 1.6943 -7.96271 -15.7905 13.3161 8.59033 1.27007 1.69939 8.52606 18.1969
-11.4108 -8.16887 1.41575 1.76405 -7.9646 -15.5355 13.1379 8.35284 1.47435 1.76829 8.53686 17.8554
-11.4993 -8.16392 1.51097 1.71455 -7.97218 -15.6263 13.0852 8.33501 1.5752 1.71604 8.59483 17.9625
-11.5166 -8.34921 1.228 1.7399 -8.04499 -15.532 13.192 8.50634 1.31389 1.74423 8.67329 17.9064
-11.6363 -8.23502 1.361 1.78942 -8.03274 -15.4471 13.2895 8.39594 1.46841 1.79918 8.60096 17.8282
-11.5461 -8.11612 1.22814 1.76274 -7.72894 -15.6696 13.1982 8.29314 1.31386 1.76669 8.30488 18.0043
-11.5218 -8.35805 1.34333 1.90605 -7.49644 -15.5114 13.1988 8.55489 1.42376 1.91674 8.0836 17.9079
-11.6416 -8.2374 1.32452 1.76789 -7.99111 -15.8184 13.3227 8.39804 1.4104 1.77732 8.58489 18.1739
-11.6119 -8.09295 1.41587 1.76532 -8.07786 -15.5355 13.2091 8.26246 1.48006 1.77591 8.63835 17.8296
-11.6103 -8.2693 1.2268 1.73993 -8.02255 -15.4643 13.2455 8.46833 1.32644 1.74316 8.65853 17.8162
-11.6381 -8.0753 1.39425 1.76277 -8.09198 -15.4643 13.1911 8.25381 1.43798 1.76568 8.72181 17.8342
-11.5862 -8.2175 1.08469 1.5979 -7.96343 -15.6073 13.2638 8.3956 1.20153 1.59899 8.53696 17.9684
-11.7005 -8.26105 1.27494 1.92497 -8.12661 -15.7372 13.348 8.42601 1.36929 1.92894 8.69445 18.0406
-11.4246 -8.3272 1.35671 1.66892 -8.03461 -15.44 13.1324 8.47999 1.39462 1.69539 8.61312 17.8044
-11.4056 -8.21978 1.34363 1.78556 -7.89212 -15.8166 13.136 8.41075 1.42361 1.78761 8.46172 18.1591
-11.5985 -8.30295 1.28028 1.81095 -8.15429 -15.5273 13.262 8.4593 1.35338 1.81685 8.74348 17.8374
-11.4717 -8.1723 1.28565 1.74121 -8.04336 -15.3914 13.1208 8.35613 1.33604 1.75657 8.66275 17.7817
-11.619 -8.30353 1.27904 1.74379 -8.2706 -15.7703 13.3808 8.4689 1.33581 1.75697 8.85316 18.1352
-11.6884 -8.28924 1.38779 1.73993 -7.831 -15.4383 13.3181 8.47361 1.49539 1.74316 8.43959 17.7626
-11.5704 -8.28757 1.62108 1.78684 -7.78106 -15.4579 13.2894 8.46829 1.68296 1.79065 8.38193 17.7866
-11.4072 -8.2853 1.22548 1.59788 -8.10523 -15.2796 13.139 8.45416 1.29994 1.6019 8.67714 17.6573
-11.5945 -8.45174 1.36748 1.83505 -8.17873 -15.5587 13.2367 8.62935 1.44863 1.84061 8.77135 17.9355
-11.6159 -8.40553 1.18255 1.64484 -8.34191 -15.669 13.3273 8.59102 1.26802 1.65417 8.9292 17.9658
-11.4212 -8.2368 1.27772 1.57252 -8.24748 -15.5344 13.011 8.41071 1.34595 1.57854 8.82639 17.9237
-11.4717 -8.32885 1.55402 1.58026 -7.95818 -15.6429 13.1627 8.48876 1.59025 1.58672 8.5068 17.9039
-11.5704 -8.31614 1.48296 1.74251 -8.12486 -15.532 13.3106 8.50133 1.55917 1.74993 8.68451 17.888
-11.468 -8.31449 1.31804 1.78683 -7.97567 -15.5824 13.0961 8.50087 1.43274 1.7954 8.61047 17.9902
-11.5967 -7.98161 1.24566 1.71964 -7.85356 -15.602 13.3511 8.14833 1.35413 1.73148 8.45824 17.9416
-11.3762 -8.282 1.48558 1.80965 -7.84155 -15.5859 13.0478 8.45813 1.52736 1.81567 8.50608 18.0108
-11.5477 -8.42584 1.53383 1.78684 -8.03461 -15.6796 13.1819 8.59964 1.59166 1.7917 8.61283 18.0725
-11.4437 -8.07591 1.51093 1.81102 -7.89924 -15.5355 13.0974 8.25663 1.55242 1.82977 8.50444 17.8729
-11.5234 -8.1916 1.46933 1.83249 -7.92717 -15.5077 13.1919 8.36635 1.49131 1.84934 8.55291 17.8674
-11.7303 -8.30685 1.41455 1.73996 -8.15254 -15.4159 13.3753 8.46793 1.4731 1.74804 8.73253 17.7944
-11.5201 -8.26664 1.11266 1.64225 -7.6885 -15.5059 13.226 8.44444 1.20517 1.65086 8.2911 17.8253
-11.3533 -8.44844 1.37413 1.73867 -7.86618 -15.4887 12.925 8.61851 1.41873 1.74349 8.42399 17.8823
-11.522 -8.40387 1.15576 1.69554 -7.93055 -15.5598 13.231 8.58579 1.24014 1.70063 8.5774 17.9476
-11.5687 -8.09461 1.58079 1.8578 -8.11267 -15.5978 13.2235 8.26195 1.61931 1.86343 8.72763 17.8737
-11.6626 -8.21468 1.43735 1.74121 -8.07915 -15.3463 13.2792 8.38248 1.50698 1.74585 8.63914 17.7243
-11.6922 -8.3531 1.34613 1.62458 -7.94611 -15.4857 13.4989 8.53108 1.40351 1.66537 8.54977 17.8733
-11.6521 -8.2368 1.11278 1.69173 -7.98949 -15.6488 13.2848 8.41334 1.19817 1.69455 8.57529 17.9688
-11.6031 -8.39994 1.54053 1.66506 -8.19604 -15.5569 13.2283 8.57807 1.57069 1.67075 8.75961 17.894
-11.614 -8.1723 1.20653 1.73867 -7.94249 -15.4787 13.3548 8.35613 1.27941 1.74188 8.52821 17.8228
-11.6401 -8.2853 1.50709 1.66763 -8.13658 -15.4869 13.2938 8.46291 1.57829 1.66995 8.74516 17.8045
-11.5652 -8.2368 1.20666 1.74128 -8.1046 -15.739 13.2047 8.42527 1.26829 1.7459 8.68681 18.0119
-11.6173 -8.1916 1.52989 1.76274 -8.20466 -15.6073 13.4098 8.36185 1.58535 1.76828 8.80962 17.9951
-11.477 -8.37569 1.14077 1.83376 -7.92355 -15.6239 13.1135 8.54203 1.19545 1.84837 8.53181 17.9717
-11.4264 -8.23832 1.41042 1.8578 -7.99474 -15.5563 13.0151 8.41547 1.5108 1.86293 8.60599 17.8907
-11.8028 -8.3531 1.36893 1.74121 -8.1105 -15.5651 13.488 8.53108 1.4444 1.74693 8.70669 17.9742
-11.6362 -8.26153 1.204 1.81352 -7.91655 -15.5824 13.2885 8.43916 1.28404 1.82213 8.49279 17.9534
-11.5183 -8.24175 1.4856 1.76534 -7.78468 -15.5806 13.2327 8.43146 1.55176 1.77596 8.40302 17.9116
-11.3572 -8.35475 1.20798 1.6943 -8.07799 -15.5273 12.9794 8.51874 1.27477 1.70105 8.63856 17.8287
-11.5877 -8.12545 1.59817 1.71325 -7.75278 -15.5322 13.3361 8.301 1.67044 1.7169 8.32941 17.8895
-11.3949 -8.54709 1.62637 1.69299 -8.03636 -15.5551 12.9619 8.73981 1.68712 1.70672 8.62169 17.8968
-11.5669 -8.379 1.31936 1.59919 -7.78993 -15.6263 13.2091 8.54511 1.39416 1.6004 8.43515 17.9892
-11.2405 -8.282 1.46147 1.59919 -8.0843 -15.494 12.9655 8.44559 1.53232 1.60916 8.66902 17.9181
-11.5915 -8.1723 1.37026 1.74117 -8.07104 -15.6743 13.1849 8.3451 1.42282 1.74853 8.71242 18.01
-11.4921 -8.18995 1.25754 1.71325 -7.92705 -15.5083 13.1403 8.36115 1.30942 1.71526 8.55221 17.8521
-11.4925 -8.26435 1.322 1.83507 -8.03691 -15.5788 13.2285 8.44273 1.39608 1.84117 8.63181 17.888
-11.6171 -8.2076 1.37687 1.71455 -7.9148 -15.65 13.2919 8.36716 1.4143 1.71604 8.48056 17.9281
-11.7057 -8.26105 1.20664 1.83505 -7.80724 -15.5498 13.4774 8.42788 1.31002 1.84824 8.42086 17.8702
-11.4299 -8.40387 1.48413 1.64613 -7.92005 -15.5996 13.2201 8.58838 1.53895 1.65347 8.51103 17.9419
-11.5011 -8.28187 1.22682 1.67017 -8.24292 -15.4347 13.1421 8.4377 1.31278 1.67602 8.80576 17.7598
-11.4904 -8.30789 1.36748 1.78425 -7.717 -15.6245 13.173 8.47704 1.42237 1.78538 8.3493 17.9478
-11.5934 -8.2368 1.42249 1.66763 -8.17348 -15.7425 13.2547 8.39483 1.44663 1.66882 8.74189 18.1299
-11.5687 -8.3597 1.36627 1.67278 -8.03931 -15.4095 13.2854 8.54677 1.44674 1.67889 8.63194 17.7196
-11.6832 -8.18995 1.21061 1.64742 -7.87667 -15.7941 13.3345 8.37517 1.26683 1.65365 8.48497 18.0836
-11.4455 -8.2853 1.53383 1.78425 -8.11279 -15.6049 13.1829 8.47393 1.56781 1.78591 8.72781 17.9774
-11.6624 -8.21978 1.18914 1.71457 -8.18904 -15.5545 13.2838 8.40336 1.22898 1.72373 8.72019 17.9121
-11.6136 -8.30295 1.46544 1.73867 -8.13348 -15.5201 13.3253 8.46145 1.49469 1.74026 8.73465 17.8825
-11.4715 -8.4016 1.55788 1.76403 -8.29504 -15.5587 13.0847 8.57135 1.612 1.7693 8.88269 17.9265
-11.6397 -8.39487 1.76708 1.57252 -7.94961 -15.6951 13.4349 8.55756 1.79845 1.5726 8.57816 18.0371
-11.4995 -8.28304 1.25346 1.64484 -7.99136 -15.4389 13.2109 8.48225 1.32084 1.64621 8.58613 17.7836
-11.4264 -8.39665 1.34743 1.78556 -7.74812 -15.7176 13.1049 8.56031 1.38482 1.79285 8.30747 18.0342
-11.4942 -8.38051 1.45635 1.7171 -7.99636 -15.4833 13.1673 8.55744 1.53328 1.7316 8.61647 17.8376
-11.5704 -8.38064 1.48823 1.69299 -7.85936 -15.4142 13.179 8.58222 1.53966 1.69681 8.50282 17.7167
-11.5706 -8.3338 1.49078 1.69173 -7.99231 -15.5527 13.2593 8.51522 1.52941 1.69289 8.5849 17.8176
-11.6711 -8.39829 1.12915 1.76019 -7.83276 -15.5753 13.536 8.58547 1.2686 1.77987 8.44911 17.8586
-11.4227 -8.35805 1.165 1.81223 -8.03624 -15.4365 13.0749 8.55191 1.20457 1.81832 8.62118 17.679
-11.6193 -8.0786 1.13679 1.69426 -8.08619 -15.6761 13.3554 8.26437 1.20933 1.72782 8.67835 17.9897
-11.5877 -8.36034 1.3879 1.85405 -8.06067 -15.5622 13.3034 8.54691 1.45925 1.85583 8.6507 18.0019
-11.5534 -8.35461 1.31951 1.69044 -8.1336 -15.532 13.2619 8.53852 1.39952 1.72715 8.73656 17.8345
-11.6136 -8.17065 1.28433 1.85657 -8.0208 -15.5065 13.2938 8.35836 1.30293 1.86312 8.64511 17.8641
-11.4956 -8.1723 1.36497 1.74121 -7.90262 -15.7194 13.0938 8.36636 1.4811 1.74854 8.52423 18.076
-11.5218 -8.04623 1.29933 1.69043 -7.96506 -15.6245 13.1585 8.2077 1.35237 1.69646 8.55007 17.9654
-11.5166 -8.42749 1.39318 1.64996 -7.64581 -15.5439 13.1865 8.61431 1.44143 1.66454 8.27488 17.7965
-11.5409 -8.28757 1.28299 1.76271 -8.01018 -15.4389 13.1257 8.45792 1.30525 1.76828 8.58299 17.8104
-11.4993 -8.2368 1.53922 1.88196 -7.94599 -15.7419 13.1734 8.40588 1.56714 1.8888 8.55499 18.0819
-11.6433 -8.35145 1.11131 1.71455 -8.1105 -15.6239 13.2972 8.50972 1.22738 1.71714 8.70721 17.9357
-11.621 -8.3371 1.26714 1.73996 -7.94436 -15.459 13.4135 8.52166 1.43988 1.74804 8.54144 17.7896
-11.4752 -8.33201 1.4856 1.69564 -7.923 -15.6464 13.229 8.49911 1.52421 1.71602 8.52423 17.9596
-11.7648 -8.31285 1.39436 1.75891 -7.99286 -15.4383 13.3883 8.50462 1.44254 1.77025 8.59493 17.7105
-11.5442 -8.2886 1.43997 1.69044 -7.85544 -15.6067 13.2441 8.46701 1.4845 1.69259 8.4706 17.9386
-11.6573 -8.3856 1.61283 1.85528 -7.97867 -15.5012 13.2715 8.56786 1.65464 1.86259 8.62119 17.8107
-11.3586 -8.379 1.60612 1.78299 -8.10754 -15.5616 13.0174 8.54362 1.62546 1.78398 8.69635 17.9443
-11.7264 -8.2594 1.46015 1.67021 -8.10699 -15.558 13.3499 8.41885 1.50835 1.67826 8.68875 17.9236
-11.7804 -8.39994 1.15973 1.78425 -7.76398 -15.3885 13.4037 8.57539 1.21853 1.78591 8.39638 17.745
-11.8255 -8.24557 1.69214 1.62458 -7.99068 -15.5616 13.4541 8.42724 1.73748 1.62835 8.57549 17.981
-11.6383 -8.2627 1.32465 1.71199 -7.96506 -15.5794 13.3309 8.4593 1.37167 1.72027 8.54676 17.9003
-11.595 -8.30612 1.11147 1.69047 -8.00668 -15.6453 13.2136 8.46932 1.19771 1.70256 8.56307 18.0108
-11.5582 -8.3531 1.25756 1.69556 -8.06417 -15.5059 13.1677 8.52335 1.32295 1.70398 8.6703 17.8803
-11.6852 -8.21585 1.53253 1.8109 -8.11226 -15.4111 13.3653 8.39493 1.60802 1.8184 8.71667 17.7329
-11.6381 -8.31017 1.41859 1.67021 -7.77098 -15.7457 13.3245 8.47711 1.45089 1.67267 8.43891 18.0861
-11.7543 -8.2627 1.32597 1.78558 -7.81931 -15.4193 13.4715 8.43735 1.36817 1.78922 8.38172 17.851
-11.5879 -8.26765 1.39562 1.78555 -7.8698 -15.577 13.1913 8.46558 1.45684 1.79549 8.45037 17.9088
-11.6571 -8.44844 1.36759 1.62715 -7.98949 -15.6778 13.2705 8.61661 1.45582 1.63384 8.57588 18.0219
-11.6401 -8.21103 1.11676 1.61815 -8.00123 -15.558 13.3349 8.3667 1.19005 1.61829 8.63711 17.9511
-11.3535 -8.0753 1.27375 1.64608 -8.15254 -15.5806 13.0158 8.25129 1.35968 1.65626 8.73229 17.9205
-11.501 -8.1205 1.5365 1.76527 -8.10754 -15.4705 13.2295 8.28443 1.57546 1.7759 8.71342 17.8658
-11.6245 -8.39769 1.01232 1.62332 -8.01917 -15.6257 13.4102 8.57582 1.15797 1.63102 8.63517 18.0143
-11.4282 -8.2594 1.44528 1.69044 -7.87318 -15.3713 13.0431 8.42684 1.47373 1.69923 8.46561 17.7479
-11.6331 -8.38229 1.3956 1.67149 -7.92705 -15.5545 13.3087 8.56134 1.46401 1.67702 8.55295 17.8237
-11.4975 -8.18665 1.32187 1.85914 -7.99178 -15.5048 13.2109 8.34401 1.40285 1.87106 8.59618 17.8767
-11.5429 -8.23667 1.35266 1.76274 -7.86286 -15.4608 13.1852 8.40328 1.38792 1.77041 8.51963 17.7687
-11.565 -8.282 1.40793 1.854 -7.90152 -15.5317 13.2553 8.44559 1.52148 1.85528 8.52424 17.8594
-11.7095 -8.26 0.906232 1.76143 -8.01917 -15.7211 13.3341 8.42934 0.967894 1.76332 8.63783 18.0817
-11.593 -8.42584 1.48957 1.5764 -7.85586 -15.6002 13.2477 8.59761 1.52229 1.57846 8.48089 17.9446
-11.503 -8.09461 1.29933 1.71453 -8.03111 -15.4822 13.2616 8.26458 1.34609 1.72095 8.59606 17.7899
-11.4975 -8.18982 1.34082 1.85788 -8.07974 -15.6084 13.1288 8.36596 1.42803 1.86449 8.64883 17.9711
-11.3761 -8.4242 1.37413 1.76534 -7.92005 -15.6553 13.1614 8.60409 1.4247 1.77226 8.5119 18.0796
-11.6817 -8.2175 1.18251 1.5738 -8.08323 -15.5563 13.316 8.40019 1.25551 1.57579 8.6681 17.9178
-11.6173 -8.2627 1.36627 1.71586 -8.09023 -15.7158 13.3554 8.43328 1.46807 1.72099 8.70903 18.0195
-11.5843 -8.19655 1.3957 1.73991 -8.0931 -15.4555 13.2961 8.37464 1.4504 1.74257 8.72308 17.7781
-11.5461 -8.3338 1.55531 1.69302 -7.81196 -15.5788 13.2285 8.52027 1.61173 1.70344 8.44328 17.9327
-11.8292 -8.05435 1.45869 1.66377 -7.76333 -15.621 13.5084 8.25259 1.51014 1.67248 8.38621 17.9183
-11.4921 -8.37721 1.62375 1.71455 -8.3176 -15.513 13.135 8.54682 1.68656 1.73074 8.90104 17.8847
-11.619 -8.28425 1.27893 1.81223 -8.10929 -15.6221 13.3384 8.45094 1.33584 1.82141 8.70647 17.9034
-11.357 -8.05435 1.28565 1.83633 -8.11979 -15.4626 13.131 8.22925 1.31687 1.84686 8.77019 17.7748
-11.6156 -8.33545 1.3005 1.8299 -7.99474 -15.65 13.3359 8.51615 1.36899 1.86415 8.60655 18.0916
-11.5723 -8.2594 1.18648 1.69304 -7.75512 -15.6031 13.2334 8.43433 1.25442 1.69851 8.34635 17.9004
-11.4524 -8.28365 1.2483 1.83499 -7.77768 -15.7012 13.1596 8.45299 1.33589 1.84061 8.36987 18.0771
-11.4956 -8.21915 1.29774 1.9263 -7.98703 -15.6263 13.0745 8.39381 1.392 1.93152 8.55455 18.0349
-11.7839 -8.21978 1.6277 1.71455 -7.87493 -15.5112 13.5235 8.40118 1.65315 1.71714 8.4752 17.8343
-11.5011 -8.3305 1.46401 1.64353 -8.06242 -15.4805 13.2459 8.50239 1.53243 1.64438 8.66009 17.7839
-11.5289 -8.07365 1.24434 1.83247 -8.0138 -15.3452 13.2415 8.24138 1.38158 1.84015 8.60424 17.7302
-11.6659 -8.41925 1.41587 1.72094 -7.82385 -15.6221 13.5256 8.58137 1.45763 1.73007 8.39957 17.9299
-11.5407 -8.40325 1.35406 1.71457 -8.06417 -15.5545 13.1842 8.59093 1.39742 1.73076 8.67092 17.8849
-11.5722 -8.12545 1.58638 1.76143 -8.24454 -15.4354 13.3146 8.31394 1.72922 1.78182 8.81498 17.8079
-11.5911 -8.29089 1.50444 1.81223 -7.92693 -15.6298 13.3208 8.48941 1.56246 1.81986 8.55283 18.0932
-11.3535 -8.1199 1.15425 1.74379 -7.94949 -15.532 13.0054 8.30397 1.26276 1.75216 8.57084 17.8789
-11.5722 -8.37569 1.25491 1.71964 -8.07961 -15.551 13.2935 8.54937 1.3015 1.72769 8.64808 17.8376
-11.4962 -8.17408 1.50973 1.78556 -8.05343 -15.4851 13.1515 8.35988 1.57152 1.78813 8.61107 17.8525
-11.7355 -8.379 1.16502 1.83247 -7.9668 -15.5065 13.3881 8.5808 1.22775 1.83811 8.55667 17.8197
-11.7055 -8.282 0.992162 1.76274 -8.05471 -15.5976 13.4055 8.44157 1.11872 1.77622 8.60927 17.8634
-11.5672 -8.4176 1.43204 1.7171 -8.15442 -15.4875 13.2883 8.58759 1.52042 1.72564 8.74358 17.8791
-11.6848 -8.31285 1.29655 1.73996 -8.0588 -15.5777 13.3079 8.49744 1.36618 1.74804 8.63937 17.9118
-11.5221 -8.21915 1.48966 1.81095 -8.14858 -15.6157 13.2366 8.40323 1.52659 1.81582 8.70619 17.8917
-11.6208 -8.31449 1.06454 1.5979 -7.96648 -15.4667 13.2624 8.51257 1.1476 1.60427 8.54786 17.8611
-11.5652 -8.39994 1.27904 1.69561 -8.1051 -15.461 13.2149 8.58696 1.33016 1.70398 8.67548 17.7356
-11.5635 -8.48539 1.15693 1.71962 -7.94611 -15.5275 13.2418 8.62888 1.24977 1.76149 8.54977 17.839
-11.4248 -8.30728 1.13295 1.95554 -8.03449 -15.6192 13.0253 8.47494 1.21699 1.97614 8.61119 17.939
-11.6591 -8.14957 1.27639 1.78813 -8.00523 -15.4661 13.3742 8.327 1.35015 1.79608 8.6691 17.8132
-11.7127 -8.30447 1.54891 1.64484 -8.15429 -15.7147 13.449 8.46407 1.61718 1.64735 8.74497 18.0255
-11.1923 -8.33809 1.29653 1.64484 -7.83318 -15.6186 12.8405 8.52527 1.37657 1.64906 8.45915 17.8828
-11.7318 -8.2853 1.62375 1.76271 -7.96867 -15.7229 13.3738 8.45416 1.66408 1.76669 8.5675 18.0785
-11.4974 -8.28797 1.50296 1.69173 -7.9723 -15.5249 13.1179 8.48103 1.57965 1.69624 8.58866 17.7586
-11.822 -8.3371 1.41575 1.73993 -8.00493 -15.4641 13.4454 8.51795 1.46923 1.74423 8.55651 17.8511
-11.5635 -8.3168 1.0445 1.66765 -8.19429 -15.7217 13.2846 8.50661 1.14532 1.68005 8.75056 18.0669
-11.5442 -8.35145 1.3957 1.78556 -7.8368 -15.5996 13.2337 8.5137 1.46396 1.79546 8.48408 17.8455
-11.4923 -8.3112 1.48296 1.61943 -7.96975 -15.5094 13.1568 8.49937 1.55312 1.62819 8.56676 17.8195
-11.6398 -8.40654 1.36629 1.80969 -7.94599 -15.5481 13.3184 8.59167 1.42104 1.81412 8.55 17.8554
-11.7077 -8.31601 1.2873 1.83378 -8.03811 -15.4614 13.3298 8.50606 1.42729 1.84079 8.63264 17.8344
-11.494 -8.0075 1.18121 1.64611 -8.09198 -15.5788 13.2578 8.20573 1.25113 1.66361 8.71932 17.8793
-11.6177 -8.28365 1.26018 1.76015 -7.97043 -15.4798 13.2397 8.45776 1.32527 1.76131 8.57818 17.7897
-11.4281 -8.56639 1.25093 1.64481 -8.09198 -15.5308 13.2165 8.74317 1.32482 1.64732 8.72634 17.8939
-11.5689 -8.1117 1.35135 1.71455 -7.86781 -15.5741 13.3138 8.26547 1.44147 1.72096 8.43354 17.918
-11.4544 -8.056 1.48947 1.73996 -8.11279 -15.4802 13.1596 8.2389 1.5223 1.75071 8.73093 17.8547
-11.6103 -8.45009 1.47899 1.83505 -7.97742 -15.6221 13.3186 8.63792 1.56677 1.8634 8.62348 17.9299
-11.5013 -8.28365 1.43999 1.67017 -7.94305 -15.5598 13.194 8.44691 1.49958 1.67267 8.54384 17.8594
-11.494 -8.0687 1.51237 1.72092 -8.20816 -15.6292 13.024 8.23095 1.54977 1.73757 8.83034 18.0163
-11.5199 -8.0075 1.34201 1.69044 -8.18035 -15.4822 13.3012 8.1802 1.41268 1.69093 8.78283 17.8343
-11.619 -8.28847 1.32054 1.71583 -7.97678 -15.6084 13.328 8.47306 1.40068 1.72913 8.60802 17.9622
-11.3399 -8.39769 1.48163 1.83505 -8.0033 -15.6037 13.091 8.56764 1.55734 1.85128 8.5435 17.9743
-11.6781 -8.2142 1.28168 1.71325 -8.21673 -15.5308 13.2875 8.40108 1.33569 1.7169 8.77254 17.867
-11.5669 -8.17725 1.20931 1.62072 -8.07461 -15.7372 13.16 8.36712 1.2594 1.62456 8.62414 18.0494
-11.5238 -8.28035 1.46135 1.78041 -7.77582 -15.4661 13.3058 8.4504 1.5391 1.78049 8.35535 17.8492
-11.7112 -8.2335 1.41707 1.69173 -8.0553 -15.5291 13.4735 8.39332 1.4573 1.7012 8.62139 17.8881
-11.4021 -8.28365 1.57812 1.81223 -8.04148 -15.5806 13.0344 8.45299 1.63483 1.82141 8.65178 17.9295
-11.4437 -8.35577 1.20932 1.69171 -8.03461 -15.3138 13.0767 8.53844 1.2705 1.69344 8.6119 17.6407
-11.6363 -8.16477 1.27111 1.76661 -8.01717 -15.5291 13.31 8.33052 1.36452 1.77435 8.62349 17.8611
-11.357 -8.14475 0.990824 1.76403 -7.68744 -15.669 13.0449 8.30896 1.12037 1.77565 8.29646 17.9747
-11.5895 -8.39994 1.56063 1.83759 -7.91305 -15.5094 13.2755 8.55626 1.60775 1.85484 8.47072 17.8022
-11.494 -8.06705 1.21195 1.74248 -7.77582 -15.5308 13.1001 8.21637 1.25215 1.75149 8.35048 17.867
-11.6327 -8.4016 1.37014 1.6448 -8.06199 -15.5527 13.2498 8.57342 1.40819 1.67664 8.65066 17.8435
-11.6867 -8.20817 1.36497 1.67151 -7.87493 -15.5569 13.4367 8.37585 1.4405 1.67595 8.47902 17.9117
-11.5442 -8.47332 1.43867 1.64613 -7.84887 -15.3896 13.1244 8.64489 1.49746 1.64949 8.43625 17.7668
-11.7248 -8.17065 1.62496 1.83373 -7.96811 -15.5527 13.357 8.34259 1.678 1.84528 8.55738 17.8523
-11.6175 -8.32707 1.28728 1.73734 -7.88018 -15.6263 13.3951 8.50281 1.41149 1.74348 8.50867 17.9802
-11.5218 -8.2142 1.24962 1.76532 -8.0843 -15.5545 13.2195 8.39237 1.33578 1.77855 8.66766 17.8849
-11.5218 -8.14628 1.55666 1.73865 -7.9773 -15.7217 13.2619 8.32414 1.60345 1.74022 8.61862 18.0757
-11.329 -8.41925 1.23465 1.66889 -7.98716 -15.5841 13.0166 8.59229 1.27535 1.67087 8.55558 17.9149
-11.588 -8.3531 1.1784 1.64225 -8.17011 -15.7887 13.3216 8.51026 1.29282 1.64232 8.72358 18.0999
-11.6138 -8.32885 1.65052 1.80709 -8.19546 -15.5326 13.2948 8.48876 1.69097 1.80852 8.74954 17.9179
-11.4227 -8.42584 1.19046 1.66508 -7.90274 -15.6073 13.0544 8.59572 1.21753 1.66684 8.52392 17.9339
-11.6852 -8.2853 1.30182 1.59404 -7.98949 -15.7425 13.4293 8.46051 1.34429 1.60031 8.57639 18.1116
-11.5669 -8.21585 1.13546 1.62074 -7.93218 -15.5806 13.2603 8.4002 1.26275 1.62689 8.58501 17.9567
-11.3832 -8.30625 1.39703 1.67021 -8.17698 -15.5302 13.1219 8.48134 1.44762 1.68829 8.76495 17.8285
-11.5858 -8.55979 1.373 1.85659 -7.84507 -15.5112 13.3096 8.72762 1.40748 1.86317 8.52473 17.8609
-11.7091 -8.09612 1.15444 1.71583 -8.06755 -15.5724 13.3376 8.27197 1.25664 1.72911 8.69119 17.9307
-11.6138 -8.30851 0.966714 1.80968 -8.27248 -15.5634 13.3694 8.5015 1.0911 1.81314 8.86396 17.9148
-11.7182 -8.30776 1.17989 1.74117 -8.01367 -15.4608 13.4996 8.48346 1.29466 1.74532 8.60336 17.7775
-11.6346 -8.0527 1.32465 1.76529 -7.95474 -15.6247 13.2551 8.22804 1.37167 1.77056 8.60203 17.9939
-11.7357 -8.26498 1.28842 1.69433 -8.1259 -15.4371 13.4093 8.44989 1.4199 1.69778 8.69064 17.7426
-11.5704 -8.2594 1.27893 1.78556 -7.95083 -15.6886 13.3 8.42256 1.34918 1.79075 8.57034 17.981
-11.6849 -8.1238 1.3448 1.76403 -8.2561 -15.6992 13.2895 8.30138 1.40774 1.77089 8.76633 18.0876
-11.7338 -8.35131 1.37026 1.78936 -7.71392 -15.2526 13.4563 8.52036 1.42282 1.79657 8.33809 17.6351
-11.6086 -8.2594 1.06849 1.73993 -8.17698 -15.6303 13.2312 8.42463 1.14692 1.76189 8.76239 17.9741
-11.617 -8.37617 1.11941 1.83247 -7.99299 -15.6435 13.3384 8.55189 1.15802 1.83504 8.59989 17.9687
-11.6173 -8.30625 0.977162 1.57508 -8.15254 -15.9275 13.3448 8.48409 1.04226 1.57634 8.73267 18.2199
-11.6228 -8.21182 1.20666 1.71714 -8.08311 -15.5604 13.3425 8.38159 1.28599 1.72021 8.66768 17.9504
-11.8067 -8.28632 1.32066 1.78552 -8.06538 -15.4632 13.4728 8.47586 1.39467 1.79284 8.67486 17.8493
-11.4942 -8.2594 1.32185 1.81095 -8.25166 -15.4798 13.1778 8.43433 1.36753 1.81582 8.85586 17.8079
-11.6311 -8.30612 1.24698 1.73736 -8.24696 -15.6506 13.1972 8.48662 1.33712 1.74139 8.83667 17.9492
-11.5722 -8.29025 1.38907 1.66894 -7.92343 -15.6471 13.3688 8.47452 1.48316 1.67872 8.53057 18.0165
-11.6366 -8.33214 1.41851 1.69044 -7.78293 -15.414 13.2751 8.51513 1.51124 1.69259 8.39334 17.778
-11.6346 -8.07365 1.1824 1.76277 -7.86099 -15.7594 13.359 8.24366 1.24186 1.78416 8.51307 18.0454
-11.5668 -8.4209 1.36217 1.69433 -8.29504 -15.4157 13.3458 8.58403 1.45657 1.70109 8.88377 17.7213
-11.6626 -8.42763 1.20931 1.69171 -7.9668 -15.5788 13.299 8.60543 1.2594 1.69842 8.55646 17.9057
-11.5444 -8.18889 1.27893 1.6969 -8.08323 -15.5571 13.2557 8.3615 1.32094 1.70444 8.6681 17.9132
-11.428 -8.2401 1.29918 1.76534 -8.15092 -15.5355 13.0876 8.4236 1.37319 1.78963 8.72276 17.9178
-11.8288 -8.36465 1.43988 1.71583 -7.98611 -15.5534 13.5424 8.55759 1.47297 1.71768 8.55573 17.9179
-11.4717 -8.13802 1.32729 1.83631 -8.0068 -15.4679 13.1734 8.29139 1.37537 1.84528 8.56328 17.8193
-11.4975 -8.17065 1.37422 1.71586 -7.89399 -15.7419 13.1589 8.36119 1.42467 1.7421 8.47766 18.064
-11.6659 -8.21077 1.43338 1.80962 -7.89562 -15.3625 13.2835 8.36977 1.54887 1.81309 8.48252 17.6645
-11.5687 -8.1916 1.32465 1.78556 -7.92343 -15.5065 13.2854 8.36403 1.37167 1.79546 8.53069 17.8551
-11.7333 -8.35461 1.17972 1.94911 -8.03504 -15.4769 13.3536 8.52813 1.28678 1.95249 8.62117 17.7285
-11.7096 -8.1045 1.32198 1.78556 -7.83855 -15.6992 13.396 8.29373 1.37577 1.79859 8.49122 18.1243
-11.5947 -8.09461 1.11147 1.61946 -7.87025 -15.6013 13.288 8.25285 1.22721 1.62129 8.45818 17.9296
-11.5179 -8.37887 1.41851 1.67021 -7.96331 -15.3671 13.1834 8.5543 1.45409 1.67603 8.53615 17.6881
-11.6175 -8.1723 1.2548 1.80709 -8.0173 -15.6429 13.3731 8.36096 1.31089 1.808 8.62657 17.9481
-11.6363 -8.19387 1.44118 1.7184 -7.95013 -15.5048 13.3309 8.37417 1.48574 1.7235 8.58418 17.9047
-11.8047 -8.25927 1.17856 1.73993 -8.11092 -15.4805 13.3859 8.43395 1.28548 1.74262 8.71627 17.7839
-11.468 -8.25775 1.39028 1.78816 -7.87318 -15.6037 13.1376 8.42666 1.48621 1.80758 8.46462 17.9743
-11.5703 -8.41983 1.34613 1.83376 -8.06242 -15.4904 13.1779 8.58405 1.40887 1.85192 8.66105 17.916
-11.6136 -8.10108 1.43999 1.76271 -8.05587 -15.6672 13.3467 8.29911 1.49958 1.76669 8.6295 17.9164
-11.7388 -8.23515 1.22682 1.60436 -7.75512 -15.6245 13.4723 8.39255 1.31278 1.61519 8.34385 17.939
-11.7977 -8.33367 1.53912 1.81095 -7.9668 -15.4111 13.367 8.503 1.56719 1.8435 8.55648 17.7781
-11.4246 -8.36397 1.34349 1.78816 -7.87361 -15.5534 13.187 8.55301 1.43024 1.79613 8.47397 17.8732
-11.5426 -8.3564 1.15841 1.6207 -8.31397 -15.5824 13.2732 8.53161 1.2279 1.62109 8.88144 17.8576
-11.5739 -8.2627 1.4347 1.85531 -7.95299 -15.6228 13.2077 8.44199 1.50516 1.87567 8.59013 17.9685
-11.5461 -8.50799 1.25756 1.71455 -7.93736 -15.3677 13.3691 8.65616 1.31582 1.71714 8.50231 17.7091
-11.5668 -8.36135 1.45764 1.85657 -7.94261 -15.8409 13.1305 8.54278 1.51733 1.88265 8.53778 18.1713
-11.5237 -8.16735 1.60491 1.6943 -8.01555 -15.44 13.2456 8.34271 1.64015 1.71751 8.61372 17.8136
-11.5166 -8.33276 1.43071 1.64096 -7.99243 -15.2491 13.2182 8.50145 1.53155 1.64971 8.58639 17.5338
-11.6136 -8.38064 1.01479 1.80968 -7.95697 -15.6 13.3042 8.55786 1.16577 1.81572 8.62351 17.9164
-11.7581 -8.28797 1.43855 1.59793 -7.73256 -15.6031 13.4859 8.4669 1.50314 1.6002 8.32535 17.9901
-11.4005 -8.46444 1.19873 1.73996 -7.94731 -15.6488 13.0257 8.62606 1.30449 1.76192 8.54973 18.0313
-11.5724 -8.16735 1.4119 1.78425 -8.10405 -15.4436 13.2278 8.33355 1.53008 1.79062 8.67695 17.7983
-11.6087 -8.379 1.30173 1.87809 -8.18748 -15.602 13.3112 8.54853 1.33792 1.88007 8.82225 17.9328
-11.4715 -8.1205 1.56202 1.76143 -8.1821 -15.4805 13.1148 8.28639 1.58607 1.77074 8.79356 17.8655
-11.5757 -8.3046 1.34998 1.622 -7.99583 -15.6055 13.344 8.46657 1.38085 1.62876 8.6055 17.9802
-11.6867 -8.39334 1.55666 1.59921 -8.08686 -15.5527 13.3998 8.5618 1.61457 1.60102 8.69025 17.8701
-11.4956 -8.23784 1.34216 1.71712 -7.92355 -15.5741 13.0745 8.41571 1.40531 1.72832 8.53363 17.9
-11.4852 -8.19655 1.1128 1.64743 -8.0635 -15.596 13.1192 8.37636 1.20513 1.6502 8.66088 17.8677
-11.6401 -8.26105 1.57802 1.66763 -8.09023 -15.5824 13.4101 8.43436 1.62495 1.66882 8.70891 17.9265
-11.4975 -8.379 0.929036 1.67021 -8.1729 -15.6974 13.1388 8.55705 1.07153 1.67267 8.7311 18.1281
-11.5389 -8.31349 1.41322 1.62198 -7.96518 -15.7662 13.2586 8.49545 1.47288 1.62875 8.54698 18.0937
-11.5897 -8.2401 1.28565 1.73993 -8.10025 -15.5563 13.2 8.41243 1.34376 1.74585 8.7632 17.8556
-11.6193 -8.18995 1.36759 1.64613 -7.92005 -15.6696 13.3238 8.35446 1.45582 1.65969 8.51137 18.0223
-11.5638 -8.169 1.50706 1.5979 -8.19604 -15.3392 13.2284 8.34096 1.58493 1.61068 8.75967 17.6375
-11.7818 -8.1431 1.22667 1.73865 -8.15254 -15.5741 13.4822 8.30351 1.31281 1.74076 8.73299 17.839
-11.3776 -8.25953 1.2817 1.76017 -7.89749 -15.6731 13.1083 8.42958 1.3236 1.76397 8.49267 18.0429
-11.4021 -8.23832 1.3004 1.66892 -7.68393 -15.5741 13.0089 8.40858 1.35232 1.6703 8.26986 17.918
-11.4958 -8.16949 1.2547 1.64353 -7.78281 -15.7591 13.2284 8.34067 1.32301 1.64381 8.39265 18.0088
-11.5392 -8.1657 1.48692 1.74121 -8.07974 -15.5894 13.2658 8.34032 1.52774 1.74585 8.6484 18.0132
-11.5168 -8.04941 1.36881 1.73996 -7.755 -15.5996 13.1209 8.21519 1.43199 1.74589 8.3459 17.9419
-11.6884 -8.44575 1.48679 1.73996 -8.07974 -15.5094 13.3575 8.61027 1.52411 1.7432 8.64796 17.8371
-11.7127 -8.2594 1.15442 1.76015 -7.80887 -15.5987 13.481 8.42919 1.30312 1.76131 8.43108 17.9313
-11.4958 -8.24175 1.32727 1.57508 -7.83342 -15.6263 13.1445 8.41458 1.35472 1.57931 8.46265 18.0632
-11.4489 -8.38394 1.322 1.76403 -7.76157 -15.4407 13.1515 8.57782 1.38457 1.76824 8.37672 17.8074
-11.7839 -8.49199 1.3448 1.74251 -8.20304 -15.6245 13.5235 8.65317 1.41309 1.74993 8.80177 17.9654
-11.737 -8.21255 1.22135 1.69173 -8.10874 -15.5639 13.3027 8.38465 1.32753 1.69621 8.69634 17.9894
-11.4748 -8.40706 1.57536 1.69304 -8.22198 -15.6274 13.1948 8.59137 1.6605 1.70347 8.7967 17.9389
-11.5965 -8.33608 1.46667 1.62586 -8.34003 -15.3417 13.3337 8.51428 1.5141 1.63064 8.91799 17.6644
-11.5687 -8.35536 1.36761 1.68916 -7.99474 -15.5302 13.2035 8.53106 1.43094 1.68929 8.60624 17.8823
-11.8084 -8.14805 1.23211 1.87935 -8.33666 -15.5551 13.5923 8.32988 1.28261 1.88303 8.90223 17.8792
-11.7165 -8.30789 1.16225 1.76146 -8.0219 -15.4354 13.3718 8.48385 1.22883 1.76279 8.65314 17.7192
-11.6644 -8.30954 1.32729 1.66763 -7.92168 -15.6696 13.3542 8.48905 1.36988 1.66882 8.52047 18.0223
-11.5131 -8.41581 1.18371 1.64353 -8.28454 -15.6013 13.2325 8.57388 1.23148 1.64438 8.82561 17.8944
-11.5291 -8.2434 1.58211 1.71586 -8.15092 -15.6013 13.1723 8.4254 1.62685 1.72588 8.72859 17.8771
-11.6156 -8.4016 1.34084 1.7399 -8.35922 -15.8148 13.3147 8.57135 1.42793 1.74262 8.92177 18.1182
-11.7458 -8.37734 1.13824 1.81099 -7.78619 -15.5824 13.3041 8.5544 1.19874 1.81582 8.41216 17.9265
-11.7075 -8.169 1.55389 1.69554 -8.13198 -15.5841 13.4266 8.33533 1.62717 1.70613 8.72553 17.9683
-11.5372 -8.23291 1.11676 1.71836 -7.86968 -15.3861 13.0771 8.39319 1.17653 1.72622 8.44589 17.6912
-11.357 -8.40553 1.37422 1.69299 -8.10917 -15.5286 12.9547 8.58426 1.40135 1.69843 8.70648 17.8418
-11.6589 -8.42522 1.39438 1.7184 -8.22385 -15.6055 13.3566 8.61171 1.46707 1.73435 8.80827 17.9276
-11.468 -8.38459 1.27112 1.64352 -8.17885 -15.4561 13.2135 8.57098 1.35889 1.6495 8.77412 17.7897
-11.4975 -8.1883 1.27361 1.76403 -8.2291 -15.6447 13.1092 8.34919 1.34788 1.77565 8.83792 17.9628
-11.619 -8.30776 1.48692 1.62326 -7.80549 -15.3921 13.3177 8.48872 1.56248 1.62522 8.41037 17.7126
-11.5407 -8.33214 1.52326 1.71583 -8.00505 -15.6968 13.2362 8.50997 1.60831 1.72095 8.55484 18.0339
-11.5757 -8.379 1.68807 1.80837 -7.92355 -15.6951 13.2815 8.55471 1.75214 1.83331 8.53132 18.0103
-11.5481 -8.54709 1.34467 1.71833 -8.03973 -15.6725 13.2597 8.73518 1.45841 1.72454 8.64163 17.9689
-11.6606 -8.2594 1.13812 1.61815 -7.87493 -15.6761 13.3501 8.43169 1.20425 1.63041 8.47487 18.061
-11.5724 -8.47269 1.39694 1.76401 -7.99771 -15.602 13.3 8.64291 1.45415 1.76776 8.61646 17.9775
-11.6346 -8.3498 1.53253 1.6943 -8.06011 -15.6274 13.2651 8.51578 1.58324 1.69829 8.6401 17.9653
-11.5912 -8.0786 1.18253 1.69302 -8.29905 -15.532 13.1993 8.25562 1.26811 1.69847 8.91249 17.8521
-11.6381 -8.14462 1.04174 1.78425 -8.03298 -15.4157 13.3991 8.31032 1.16642 1.80002 8.60237 17.8022
-11.6552 -8.35475 1.35133 1.69426 -8.17102 -15.6778 13.3422 8.52853 1.38554 1.69774 8.72302 18.0851
-11.3951 -8.30625 1.48955 1.6943 -7.89737 -15.3885 13.0071 8.47874 1.53159 1.69774 8.49227 17.7004
-11.3067 -8.3597 1.39161 1.76532 -8.10917 -15.6974 12.9553 8.55707 1.44992 1.77591 8.70585 18.0818
-11.6591 -8.282 1.3728 1.67278 -8.1786 -15.3868 13.2605 8.45269 1.4215 1.68168 8.77033 17.7483
-11.4732 -8.46668 1.436 1.60172 -7.79325 -15.5774 13.1497 8.63373 1.50566 1.61119 8.33909 17.9191
-11.4785 -8.2175 1.43869 1.73992 -7.8968 -15.4146 13.1728 8.40019 1.48413 1.74428 8.48176 17.7988
-11.6624 -8.09625 1.32333 1.59276 -7.72894 -15.5651 13.3646 8.26703 1.39863 1.59438 8.30447 18.0394
-11.6814 -8.35145 1.36748 1.74124 -8.07811 -15.6707 13.3406 8.52337 1.44863 1.74537 8.63892 17.9717
-11.6086 -8.42254 1.4119 1.87941 -7.84943 -15.5498 13.2516 8.58701 1.4927 1.88259 8.44897 17.8882
-11.3552 -8.21585 1.72158 1.78427 -8.01892 -15.5984 12.9403 8.381 1.75635 1.8042 8.63357 17.9478
-11.4456 -8.28468 1.83693 1.48515 -7.99311 -15.3921 13.1079 8.45405 1.85961 1.49416 8.59673 17.7567
-11.4435 -8.25623 1.20518 1.622 -7.85762 -15.4418 13.0707 8.40864 1.32427 1.65447 8.48939 17.7923
-11.3986 -8.43145 1.46147 1.62072 -8.04336 -15.6687 13.067 8.62027 1.52616 1.62109 8.66301 18.0002
-11.5028 -8.2594 1.29124 1.8109 -8.01205 -15.5094 13.2548 8.42919 1.41284 1.85513 8.59336 17.855
-11.5947 -8.28035 1.49089 1.62332 -8.03517 -15.5753 13.2576 8.43631 1.52934 1.63389 8.62499 17.8762
-11.6814 -8.17395 1.41719 1.622 -8.38166 -15.6471 13.2903 8.35946 1.48988 1.62303 8.93611 17.9804
-11.3761 -8.40654 1.30449 1.8299 -7.9703 -15.7235 12.9903 8.5877 1.34676 1.84493 8.57724 18.1824
-11.593 -8.2627 1.23198 1.73862 -8.01905 -15.6749 13.3151 8.4396 1.28783 1.75949 8.63426 18.0221
-11.619 -8.21915 1.52576 1.69559 -7.86968 -15.5118 13.37 8.40554 1.62734 1.70063 8.44522 17.8642
-11.5201 -8.4694 1.34613 1.60048 -8.0208 -15.6239 13.1641 8.63221 1.39138 1.60623 8.64842 17.9536
-11.6155 -8.53719 1.19855 1.85786 -7.86968 -15.6484 13.3302 8.69715 1.29653 1.86595 8.44403 17.967
-11.4507 -8.0301 1.41587 1.66634 -7.92518 -15.5255 13.119 8.21201 1.48641 1.67496 8.54119 17.8052
-11.7576 -8.21077 1.58335 1.73865 -8.23303 -15.414 13.3775 8.36588 1.61966 1.7456 8.76401 17.7597
-11.6848 -8.30892 1.41587 1.6689 -8.09023 -15.5463 13.4428 8.48435 1.47433 1.67027 8.71421 17.8056
-11.7542 -8.54214 1.60491 1.76148 -8.10042 -15.5978 13.4184 8.71923 1.62978 1.76814 8.65584 17.865
-11.5652 -8.12037 1.17722 1.67018 -7.82642 -15.7021 13.2047 8.29035 1.27009 1.6743 8.41894 18.162
-11.6624 -8.41651 1.34084 1.66506 -8.20953 -15.5063 13.3235 8.57441 1.41801 1.66513 8.83048 17.8536
-11.5687 -8.1916 1.4119 1.69299 -8.06417 -15.7662 13.1647 8.35982 1.499 1.7034 8.6703 18.0586
-11.4975 -8.12545 1.27226 1.66892 -8.06469 -15.5826 13.1691 8.30682 1.35891 1.70091 8.68143 17.964
-11.4731 -8.31107 1.49089 1.73865 -8.33896 -15.6784 13.2454 8.49897 1.52934 1.74022 8.9191 18.0342
-11.7563 -8.2826 1.17989 1.69302 -8.20129 -15.5824 13.331 8.45033 1.26672 1.70344 8.78996 17.9176
-11.8236 -8.30625 1.34229 1.8058 -7.98774 -15.5041 13.4889 8.47627 1.42269 1.80771 8.56523 17.8561
-11.468 -8.33201 1.38775 1.7868 -7.89749 -15.5293 13.1588 8.51475 1.46891 1.79065 8.49337 17.8806
-11.6363 -8.26435 1.46147 1.71583 -7.98062 -15.5859 13.3309 8.44492 1.53906 1.72313 8.525 17.9125
-11.6899 -8.33545 1.16225 1.71455 -8.1058 -15.3832 13.4068 8.51063 1.23571 1.72096 8.68629 17.6736
-11.6676 -8.30564 1.36893 1.71325 -8.12136 -15.4614 13.3978 8.46437 1.43197 1.71362 8.66986 17.8435
-11.6606 -8.2401 1.46544 1.73993 -8.14904 -15.6221 13.3818 8.44171 1.51098 1.75067 8.71287 17.8947
-11.5424 -8.32613 1.20666 1.71324 -8.27423 -15.5308 13.2244 8.48997 1.25711 1.71908 8.87401 17.903
-11.5652 -8.39994 1.18782 1.78556 -7.85574 -15.609 13.1847 8.56605 1.23238 1.78918 8.47733 18.0745
-11.7023 -8.2401 1.18772 1.76017 -8.03461 -15.6327 13.3939 8.41647 1.24381 1.76397 8.61283 17.9832
-11.6138 -8.35475 1.43748 1.92889 -7.92892 -15.6037 13.2641 8.53344 1.49189 1.93658 8.56379 17.9743
-11.4229 -8.379 1.41851 1.66892 -8.27004 -15.5266 13.0453 8.54853 1.45797 1.67087 8.84546 17.8896
-11.6193 -8.47698 1.53641 1.67021 -7.88874 -15.6921 13.3661 8.66118 1.57549 1.67323 8.44366 18.0373
-11.614 -8.44844 1.78737 1.81218 -7.98949 -15.4822 13.2907 8.63875 1.84522 1.8291 8.57529 17.7987
-11.711 -7.95901 1.38762 1.7184 -7.99704 -15.6013 13.4033 8.13629 1.4637 1.72459 8.60583 17.9568
-11.7371 -8.3305 1.32729 1.6943 -7.90274 -15.6002 13.5727 8.49239 1.36091 1.7093 8.52496 17.9006
-11.6606 -8.38229 1.53386 1.66892 -8.19942 -15.6292 13.3091 8.56762 1.59809 1.67367 8.77853 17.9801
-11.5409 -8.51789 1.50709 1.64738 -7.88018 -15.749 13.2161 8.68863 1.55425 1.65874 8.51078 18.1596
-11.7108 -8.35413 1.41058 1.66892 -8.04173 -15.5967 13.3519 8.53872 1.47097 1.6703 8.65777 17.9421
-11.4715 -8.32932 1.27375 1.69043 -7.96387 -15.4389 13.0749 8.4995 1.33875 1.69646 8.55379 17.7836
-11.5413 -8.10029 1.34201 1.78939 -8.12648 -15.4612 13.2451 8.28585 1.40867 1.79912 8.69413 17.8792
-11.6398 -8.42749 1.11544 1.73996 -8.04336 -15.6429 13.3494 8.605 1.17077 1.75071 8.66765 17.9663
-11.579 -8.35805 1.13295 1.64353 -8.15604 -15.5996 13.1997 8.53144 1.227 1.64552 8.76816 17.8797
-11.5183 -8.23667 1.20931 1.69302 -8.11629 -15.5741 13.1497 8.40122 1.27057 1.69681 8.74769 17.8911
-11.6173 -8.09295 1.4856 1.62326 -8.06592 -15.6749 13.2629 8.25693 1.53099 1.62522 8.68206 18.0669
-11.7353 -8.21031 1.63028 1.47998 -8.09373 -15.688 13.4227 8.37947 1.65214 1.49331 8.73185 17.9693
-11.801 -8.54544 1.48296 1.69176 -8.11279 -15.4164 13.5048 8.72763 1.53176 1.69293 8.72909 17.7511
-11.4579 -8.13815 1.12482 1.64481 -7.85574 -15.5077 13.0879 8.30461 1.2856 1.6513 8.48886 17.8491
-11.5372 -8.09942 1.41042 1.64611 -7.9323 -15.5777 13.2179 8.27955 1.47864 1.65116 8.58763 17.8769
-11.6086 -8.3305 1.41587 1.66634 -8.07973 -15.5824 13.2312 8.49797 1.47433 1.66822 8.6488 17.9265
-11.6624 -8.31449 1.27492 1.69171 -7.99636 -15.5481 13.3182 8.49718 1.37763 1.70117 8.61638 17.8554
-11.5131 -7.93475 0.99084 1.66763 -7.99123 -15.4608 13.1786 8.10767 1.14273 1.66826 8.58541 17.7775
-11.69 -8.2853 1.42647 1.62329 -7.98949 -15.6031 13.3609 8.45613 1.45616 1.63385 8.57985 17.9716
-11.5201 -8.2561 1.4119 1.83247 -7.89912 -15.4526 13.205 8.41433 1.48194 1.84269 8.51757 17.7601
-11.6151 -8.40641 1.43206 1.69302 -8.22035 -15.3174 13.3759 8.58919 1.53204 1.69516 8.78929 17.6705
-11.7786 -8.4209 1.31407 1.73862 -7.9183 -15.5759 13.3798 8.60326 1.40566 1.74183 8.51163 17.8795
-11.3726 -8.07469 1.38777 1.73736 -7.80374 -15.8201 13.0179 8.2591 1.4553 1.74944 8.40123 18.2157
-11.8999 -8.07798 1.22266 1.76015 -7.84537 -15.6192 13.6274 8.27228 1.3164 1.76397 8.42177 17.939
-11.8742 -8.46444 1.34467 1.60048 -8.12998 -15.494 13.575 8.62112 1.39566 1.61496 8.71428 17.8378
-11.5635 -8.30954 1.2052 1.61943 -7.9183 -15.5563 13.2418 8.48447 1.29101 1.62126 8.50068 17.8819
-11.5149 -8.19325 1.44131 1.66765 -8.23372 -15.7437 13.1616 8.36723 1.49072 1.6739 8.85876 18.1058
-11.5596 -8.32872 1.2548 1.78942 -8.29154 -15.72 13.2583 8.49687 1.32306 1.79605 8.86316 18.0434
-11.73 -8.30625 1.22667 1.6943 -7.85586 -15.7182 13.4 8.47395 1.31281 1.69774 8.4775 18.0461
-11.6171 -8.35145 1.32729 1.81478 -7.83155 -15.5355 13.2718 8.50793 1.38831 1.83283 8.44979 17.8996
-11.6294 -8.23515 1.28976 1.64739 -7.74131 -15.6471 13.2124 8.40833 1.40143 1.65871 8.37922 17.9804
-11.6644 -8.2444 1.20664 1.7184 -7.85399 -15.621 13.3963 8.43712 1.30136 1.7235 8.47017 17.9359
-11.6626 -8.21255 1.34611 1.83116 -8.0897 -15.6228 13.2219 8.38465 1.39145 1.8327 8.69883 17.9867
-11.3082 -8.17382 1.45352 1.61943 -8.03461 -15.6221 13.0976 8.35345 1.54424 1.61953 8.61153 17.9478
-11.5668 -8.27883 1.1556 1.85655 -7.92005 -15.5344 13.1494 8.43575 1.25602 1.87061 8.51102 17.8967
-11.5461 -8.4694 1.26844 1.62196 -7.96987 -15.7958 13.2183 8.63628 1.39011 1.62353 8.56751 18.1501
-11.5825 -8.39994 1.61979 1.67149 -8.12486 -15.4822 13.2816 8.56223 1.66998 1.67702 8.68926 17.8434
-11.5461 -8.19325 1.83693 1.73993 -7.95643 -15.5859 13.2082 8.36723 1.87474 1.74799 8.49689 17.9211
-11.4923 -8.09612 1.18506 1.6005 -7.87318 -15.6731 13.1779 8.24991 1.24046 1.61905 8.46608 18.025
-11.4975 -8.21255 1.46948 1.62069 -7.94479 -15.494 13.1794 8.38212 1.5163 1.62973 8.54876 17.9367
-11.612 -8.21302 1.468 1.73991 -8.1023 -15.5949 13.2497 8.38994 1.50131 1.74795 8.66714 17.8565
-11.7613 -8.23561 1.32333 1.73993 -7.94611 -15.5357 13.519 8.40046 1.36317 1.74316 8.54932 17.9193
-11.6366 -8.33037 1.3957 1.67021 -7.74008 -15.4371 13.3164 8.49369 1.44454 1.67267 8.37776 17.7955
-11.5168 -8.28682 1.53121 1.64611 -8.06067 -15.4851 13.2471 8.45918 1.58175 1.64775 8.65409 17.7985
-11.5218 -8.14414 1.14762 1.78942 -7.75617 -15.5302 13.1988 8.31913 1.2957 1.79605 8.34365 17.8111
-11.7318 -8.16405 1.17856 1.64352 -7.85411 -15.6506 13.4351 8.33 1.26778 1.64551 8.46833 18.0011
-11.7368 -8.2097 1.41439 1.69302 -8.11279 -15.6084 13.5874 8.36697 1.49038 1.70674 8.73084 17.989
-11.7594 -8.2787 1.27772 1.78808 -8.02604 -15.6013 13.3083 8.43537 1.33401 1.79295 8.6762 17.8857
-11.515 -8.2142 1.18519 1.64611 -8.09764 -15.6482 13.2107 8.38495 1.2517 1.64775 8.6464 17.9744
-11.7563 -8.49859 1.21888 1.52946 -8.29154 -15.4544 13.5368 8.67654 1.35297 1.53661 8.86285 17.7659
-11.5409 -8.19312 1.17856 1.73993 -7.91772 -15.4887 13.1065 8.36483 1.27887 1.75389 8.49063 17.846
-11.6193 -8.30803 1.52871 1.69171 -7.96799 -15.6067 13.3448 8.47037 1.59928 1.69621 8.55754 18.02
-11.704 -8.33276 1.48428 1.76277 -8.01608 -15.6553 13.3559 8.5055 1.52534 1.76514 8.62402 18.0247
-11.494 -8.21647 1.43997 1.78684 -8.10567 -15.3952 13.1608 8.39036 1.50592 1.79013 8.68558 17.7762
-11.6342 -8.42254 1.22933 1.74115 -7.87318 -15.6055 13.3299 8.58316 1.31609 1.74688 8.46446 17.9802
-11.5479 -8.11555 1.19873 1.71708 -8.13185 -15.5545 13.2431 8.27542 1.32169 1.72016 8.72497 17.8849
-11.5236 -8.26105 1.32198 1.5979 -8.18035 -15.583 13.2341 8.43436 1.38464 1.61475 8.78163 17.9299
-11.8515 -8.10121 1.53776 1.92369 -8.17873 -15.6263 13.528 8.27459 1.56451 1.93004 8.77291 17.9713
-11.4767 -8.48961 1.55005 1.69434 -7.86618 -15.6778 13.1481 8.64947 1.63243 1.71315 8.4261 18.0667
-11.614 -8.26587 1.15825 1.69041 -7.74306 -15.6508 13.2958 8.44992 1.26656 1.69422 8.38828 17.9764
-11.5009 -8.35536 1.37422 1.67026 -7.85586 -15.65 13.1972 8.52867 1.40872 1.6811 8.4781 18.0072
-11.4472 -8.38216 1.25622 1.76274 -7.87025 -15.6488 13.1056 8.56721 1.3342 1.77305 8.45631 18.0041
-11.5166 -8.3013 1.56063 1.69173 -7.7985 -15.6933 13.1657 8.46124 1.58771 1.69344 8.37697 17.9607
-11.7075 -8.23948 1.55402 1.81097 -8.14904 -15.3938 13.3441 8.41232 1.60087 1.81535 8.712 17.7362
-11.8237 -8.44844 1.60092 1.62329 -8.17523 -15.6506 13.5106 8.61661 1.64824 1.6258 8.75098 18.028
-11.5442 -8.18488 1.1824 1.62458 -8.18223 -15.5551 13.1827 8.33444 1.24565 1.62777 8.79636 17.888
-11.3607 -8.30789 1.22534 1.71586 -8.10405 -15.5824 13.07 8.47321 1.31857 1.71772 8.6763 17.9265
-11.6743 -8.23906 1.43586 1.59533 -7.8963 -15.5041 13.3134 8.4071 1.52436 1.59896 8.49277 17.7928
-11.4785 -8.26435 1.13164 1.78936 -7.99486 -15.6055 13.2358 8.43256 1.24662 1.79918 8.60674 17.9802
-11.683 -8.3272 1.27243 1.76532 -7.88675 -15.6203 13.3234 8.4974 1.35323 1.77062 8.43261 17.8887
-11.4699 -8.26208 1.63044 1.69173 -7.90274 -15.4345 13.1167 8.4297 1.67474 1.69621 8.53211 17.7857
-11.6155 -8.32945 1.31788 1.74121 -8.03986 -15.6228 13.2485 8.48887 1.4049 1.74693 8.64257 18.0051
-11.4923 -8.23667 1.38909 1.90605 -7.87667 -15.6221 13.1885 8.40122 1.47606 1.9138 8.48499 17.9299
-11.7508 -8.1172 1.34867 1.62326 -7.85224 -15.5116 13.4216 8.2856 1.39143 1.62695 8.45596 17.8539
-11.5199 -8.2368 1.41983 1.71455 -7.75699 -15.6435 13.1235 8.41611 1.44801 1.72096 8.35447 17.9421
-11.6574 -8.38051 1.16248 1.73993 -8.13185 -15.4561 13.2762 8.56189 1.22263 1.74316 8.73528 17.7367
-11.73 -8.169 1.34216 1.64225 -7.82444 -15.6906 13.3897 8.33894 1.40866 1.64232 8.40804 17.9711
-11.4787 -8.2109 1.48546 1.74124 -7.71349 -15.4632 13.1582 8.39139 1.55187 1.74859 8.32838 17.8312
-11.4939 -8.33201 1.4119 1.69302 -7.92048 -15.5335 13.2021 8.49911 1.52144 1.69571 8.52077 17.8134
-11.6797 -8.1624 1.62629 1.7184 -8.10217 -15.6471 13.2469 8.32249 1.66573 1.72459 8.66644 17.9541
-11.6797 -8.37391 1.30447 1.6943 -8.21179 -15.3671 13.3574 8.53222 1.37314 1.706 8.85384 17.706
-11.6138 -8.26435 1.3648 1.83629 -8.15034 -15.6049 13.2441 8.44068 1.43602 1.8454 8.71316 17.9503
-11.4734 -8.47269 1.32862 1.76274 -8.17466 -15.5048 13.0748 8.6396 1.38563 1.77622 8.74095 17.8136
-11.612 -8.21572 1.36761 1.66894 -7.90099 -15.6731 13.3118 8.38983 1.44859 1.67203 8.51666 18.025
-11.6606 -8.40872 1.34335 1.81092 -8.08619 -15.7419 13.3294 8.60376 1.40031 1.84351 8.67907 18.0463
-11.8062 -8.16839 1.41707 1.622 -8.22561 -15.5984 13.4563 8.34529 1.46118 1.62472 8.81776 17.8688
-11.5706 -8.16735 1.67597 1.59919 -8.27248 -15.5777 13.2904 8.33355 1.72662 1.60391 8.86498 17.9661
-11.6 -8.395 1.31934 1.64613 -8.03799 -15.6084 13.2812 8.54852 1.39425 1.64836 8.63125 18.0072
-11.7231 -8.54049 1.21193 1.73867 -7.88706 -15.6192 13.3737 8.71652 1.25746 1.74026 8.5473 17.93
-11.3778 -8.30295 1.46268 1.66377 -7.84537 -15.7114 13.1202 8.46617 1.50772 1.66742 8.41579 17.9889
-11.5877 -8.3046 1.06322 1.71324 -8.0588 -15.6002 13.1612 8.46072 1.18669 1.71417 8.64025 17.9626
-11.6292 -8.1464 1.43602 1.64481 -8.12105 -15.6626 13.2827 8.31622 1.51119 1.65414 8.76871 17.9192
-11.6626 -8.21585 1.35408 1.67145 -7.83155 -15.5355 13.3817 8.39024 1.38112 1.6759 8.45032 17.8729
-11.4995 -8.14145 1.55258 1.76146 -8.01487 -15.6731 13.1488 8.31159 1.59796 1.76598 8.60753 18.052
-11.4975 -8.282 1.228 1.59789 -8.01782 -15.3481 13.254 8.44351 1.32104 1.59841 8.63579 17.721
-11.3986 -8.28632 1.13178 1.83118 -8.19954 -15.6206 12.9957 8.45773 1.22384 1.84342 8.78045 17.873
-11.7546 -8.2434 1.17326 1.88327 -7.90099 -15.5308 13.3949 8.42355 1.30186 1.89909 8.5234 17.8939
-11.5374 -8.30295 1.25493 1.59793 -8.3141 -15.621 13.1769 8.4593 1.29781 1.59844 8.88379 17.927
-11.7265 -8.34815 1.39694 1.85534 -7.84408 -15.5943 13.2732 8.51952 1.4773 1.8581 8.41509 17.8531
-11.5425 -8.07035 1.37288 1.74253 -7.92124 -15.5302 13.2088 8.2247 1.40754 1.74892 8.51668 17.8731
-11.3325 -8.53554 1.27228 1.71967 -7.92005 -15.3903 13.0674 8.69001 1.37947 1.72926 8.5143 17.7065
-11.501 -8.28425 1.43735 1.67021 -7.70487 -15.7176 13.1577 8.45312 1.49632 1.68829 8.2772 18.0431
-11.711 -8.4694 1.57671 1.71457 -8.04336 -15.5569 13.4344 8.64091 1.63799 1.71604 8.67033 17.9206
-11.6453 -8.18995 1.48163 1.71714 -8.03811 -15.7355 13.2873 8.34619 1.54276 1.72347 8.63327 17.9912
-11.4923 -8.37464 1.23475 1.66765 -7.95013 -15.5759 13.1885 8.54193 1.31674 1.67166 8.58418 17.9059
-11.6136 -8.07365 1.59819 1.66634 -8.2291 -15.6245 13.4705 8.25423 1.67036 1.67216 8.83904 17.9924
-11.607 -8.35475 1.38777 1.78816 -8.26204 -15.4869 13.1249 8.53091 1.4553 1.793 8.91844 17.886
-11.6177 -8.33214 1.18107 1.6207 -8.38691 -15.6453 13.3633 8.52715 1.25565 1.62686 8.96436 17.9052
-11.706 -8.21812 1.34757 1.78299 -7.96855 -15.5077 13.474 8.39364 1.41765 1.78871 8.56664 17.7789
-11.7077 -8.30954 1.33423 1.62327 -8.1438 -15.6037 13.3199 8.48669 1.44607 1.63726 8.68259 17.9743
-11.6103 -8.169 1.48692 1.66637 -7.87667 -15.6814 13.3139 8.34543 1.53205 1.66993 8.48499 18.0784
-11.5253 -8.4016 1.11676 1.66765 -7.94653 -15.65 13.2487 8.57135 1.19005 1.66886 8.55896 17.9714
-11.4474 -8.33545 1.23333 1.61815 -8.12369 -15.5379 12.9646 8.51615 1.31153 1.62002 8.68484 17.9628
-11.6051 -8.4176 1.46676 1.57121 -8.01193 -15.5326 13.3187 8.56396 1.53446 1.57151 8.5939 17.8469
-11.7023 -8.266 0.969339 1.64225 -8.03274 -15.5551 13.3939 8.45504 1.13188 1.64802 8.60089 17.8968
-11.5218 -8.23185 1.50576 1.67021 -7.94611 -15.5308 13.23 8.38826 1.55819 1.67267 8.54947 17.8849
-11.6659 -8.2175 1.36232 1.6448 -8.45064 -15.631 13.4255 8.39783 1.46888 1.64561 8.99734 18.0405
-11.6853 -8.2109 1.37026 1.76274 -7.89737 -15.5302 13.2667 8.37231 1.43402 1.76563 8.49265 17.8462
-11.5392 -8.12167 1.10866 1.76527 -7.87884 -15.4833 13.3102 8.29411 1.21083 1.77115 8.50545 17.8284
-11.7859 -8.47104 1.36365 1.73862 -8.20829 -15.3689 13.5026 8.65385 1.44581 1.7456 8.83093 17.6941
-11.7581 -8.16735 1.15708 1.71583 -8.02749 -15.4561 13.5626 8.32819 1.23839 1.72095 8.57097 17.7541
-11.5409 -8.42433 1.36365 1.71194 -7.91643 -15.6561 13.3136 8.6164 1.44581 1.72024 8.49408 18.0296
-11.5112 -8.2886 1.49214 1.66634 -8.03636 -15.4597 13.1014 8.47346 1.52752 1.67831 8.62504 17.8285
-11.5839 -8.18652 1.25758 1.7184 -8.13185 -15.6084 13.2353 8.36858 1.33068 1.72459 8.72741 17.9622
-11.5633 -8.12215 1.39958 1.69047 -8.20654 -15.6869 13.3277 8.29382 1.42747 1.69096 8.82064 18.0112
-11.4663 -8.23561 1.46676 1.62198 -8.06404 -15.6002 13.092 8.39606 1.52028 1.62645 8.66987 17.9718
-11.5893 -8.61159 1.6492 1.76405 -8.01367 -15.6482 13.3062 8.78096 1.69837 1.78254 8.61277 17.9655
-11.6276 -8.33214 1.30571 1.66892 -8.16998 -15.4727 13.2906 8.50537 1.37878 1.67199 8.72363 17.7397
-11.5895 -8.28425 1.35142 1.64224 -7.98949 -15.6274 13.1947 8.45094 1.39027 1.64801 8.57586 17.9476
-11.5875 -8.47256 1.43206 1.80837 -7.94839 -15.6245 13.3842 8.64248 1.53878 1.81789 8.57078 17.9566
-11.5689 -8.3305 1.36613 1.71197 -7.94436 -15.6571 13.209 8.50011 1.44677 1.71206 8.53959 18.0946
-11.4542 -8.37569 1.26976 1.74379 -8.16286 -15.602 13.1329 8.55209 1.38371 1.75697 8.68144 17.9866
-11.5669 -8.19427 1.34066 1.64998 -7.97792 -15.577 13.3468 8.37464 1.42806 1.65612 8.63014 17.8821
-11.5479 -8.3112 1.18385 1.60172 -8.10405 -15.6037 13.1353 8.50797 1.25038 1.60595 8.67938 17.9743
-11.5598 -8.47484 1.15708 1.73736 -7.93561 -15.5806 13.2331 8.65395 1.26397 1.73974 8.4952 17.9385
-11.4993 -8.38064 1.1865 1.66889 -8.08835 -15.6228 13.2149 8.56472 1.23162 1.6703 8.70327 17.9595
-11.4281 -8.38229 1.22534 1.57638 -8.15267 -15.484 13.0488 8.55632 1.32499 1.57961 8.73273 17.8312
-11.7056 -8.28365 1.47521 1.66894 -8.09023 -15.5808 13.3693 8.45299 1.58332 1.67034 8.70894 17.9043
-11.7594 -8.2175 1.26695 1.50408 -7.9883 -15.3273 13.5248 8.38979 1.42086 1.50422 8.57636 17.7582
-11.4925 -8.23832 1.00009 1.78299 -7.8768 -15.6031 13.1013 8.42664 1.07138 1.78661 8.49076 17.8833
-11.5635 -8.2627 1.52724 1.78299 -7.95661 -15.6245 13.1904 8.44452 1.59352 1.78503 8.61568 17.9744
-11.6574 -8.3305 1.08586 1.71324 -7.79953 -15.5308 13.2268 8.49411 1.19428 1.71526 8.36881 17.8939
-11.5911 -8.2627 1.13955 1.78552 -7.98436 -15.5373 13.2995 8.45001 1.22067 1.79545 8.54575 17.8877
-11.5654 -8.14158 1.39172 1.622 -8.02749 -15.6482 13.3065 8.31197 1.44997 1.63508 8.57421 17.9392
-11.6363 -8.28365 1.48823 1.7158 -8.06942 -15.7165 13.2496 8.44879 1.53414 1.71768 8.70162 18.0853
-11.4921 -8.14475 1.20533 1.71454 -7.94623 -15.3706 13.135 8.31471 1.27851 1.71601 8.55003 17.6741
-11.7736 -8.25323 1.17439 1.67021 -7.96399 -15.4904 13.4226 8.41777 1.29413 1.67603 8.5475 17.879
-11.5481 -8.30789 1.26012 1.62198 -8.20816 -15.72 13.2597 8.46994 1.29795 1.62645 8.83495 18.115
-11.5426 -8.30612 1.19045 1.66506 -7.90955 -15.6778 13.2202 8.46565 1.26016 1.67356 8.45234 18.0759
-11.5672 -8.16796 1.38909 1.62329 -8.10929 -15.7633 13.2669 8.33575 1.45421 1.62522 8.70837 18.0588
-11.5689 -8.22525 1.3957 1.76399 -8.07961 -15.5569 13.2603 8.377 1.44454 1.76771 8.64871 17.9206
-11.5444 -8.2627 1.50709 1.59917 -8.04735 -15.5498 13.2878 8.4396 1.55425 1.60913 8.69514 17.835
-11.5893 -8.26257 1.69203 1.62329 -7.9773 -15.4714 13.184 8.44413 1.73743 1.62695 8.61887 17.8491
-11.6659 -8.32885 1.20533 1.81087 -8.0897 -15.3868 13.3728 8.49973 1.28439 1.81576 8.69883 17.7392
-11.7751 -8.30625 1.228 1.74117 -8.10742 -15.6696 13.5044 8.47627 1.30742 1.74853 8.69563 18.0406
-11.6226 -8.30564 1.02553 1.71453 -8.13536 -15.6535 13.271 8.48118 1.09149 1.7155 8.74885 18.0369
-11.5409 -8.0527 1.17973 1.45588 -7.64112 -15.6951 13.2586 8.21696 1.26675 1.45676 8.25728 17.984
-11.4978 -8.30187 1.31934 1.64225 -8.21789 -15.5534 13.1444 8.45035 1.41237 1.64289 8.76701 17.9455
-11.73 -8.23337 1.11809 1.71324 -7.99649 -15.5112 13.3398 8.40304 1.17231 1.71526 8.61628 17.7998
-11.5183 -8.37285 1.48282 1.83633 -8.07624 -15.5165 13.2115 8.52935 1.53484 1.8489 8.62816 17.9237
-11.6867 -8.35145 1.60216 1.74119 -8.03986 -15.5516 13.3633 8.52337 1.64978 1.75331 8.64391 17.94
-11.711 -8.16557 1.25227 1.81095 -8.22735 -15.6743 13.4136 8.33226 1.33179 1.82046 8.82768 18.01
-11.7388 -8.37673 1.57947 1.73862 -7.94611 -15.5065 13.4517 8.545 1.60914 1.74018 8.5493 17.8551
-11.5218 -8.30851 1.32718 1.71712 -8.03449 -15.6022 13.1785 8.4793 1.37545 1.7218 8.61082 17.9609
-11.6344 -8.44679 1.04304 1.64355 -7.68382 -15.583 13.2741 8.61754 1.1231 1.64554 8.26986 17.9475
-11.7089 -8.56474 1.01629 1.66892 -7.8783 -15.3868 13.3267 8.73019 1.12095 1.68206 8.50058 17.7032
-11.6641 -8.1916 1.41322 1.69304 -7.59544 -15.5777 13.3079 8.36185 1.48244 1.70072 8.20768 17.9386
-11.4678 -8.32885 1.26714 1.76019 -7.99286 -15.484 13.235 8.48253 1.41215 1.764 8.59531 17.8492
-11.7127 -8.16451 1.6492 1.67017 -8.35922 -15.5967 13.3381 8.32729 1.69338 1.67602 8.91769 17.915
-11.357 -8.21812 1.21062 1.80834 -8.08661 -15.6731 13.0981 8.39169 1.24729 1.81169 8.68774 18.0429
-11.6957 -8.11555 1.48428 1.62458 -8.10567 -15.577 13.4846 8.28652 1.54375 1.64838 8.68581 17.9362
-11.5426 -8.51294 1.37951 1.64481 -7.78281 -15.5083 13.1794 8.69235 1.39394 1.64561 8.39179 17.861
-11.5895 -8.1916 1.22548 1.64225 -8.03517 -15.6363 13.3072 8.36635 1.33991 1.64403 8.62351 18.0578
-11.6138 -8.42406 1.20269 1.67021 -7.8368 -15.6257 13.2541 8.58227 1.32576 1.67435 8.48122 17.9774
-11.8102 -8.30612 1.30173 1.73865 -8.04668 -15.5083 13.5638 8.46741 1.34844 1.74022 8.57044 17.8345
-11.5671 -8.17495 1.25215 1.69043 -7.98842 -15.6725 13.2718 8.36926 1.31966 1.69093 8.57601 17.9953
-11.6641 -8.12037 1.6492 1.66761 -8.12661 -15.5118 13.3379 8.30082 1.69338 1.68391 8.6958 17.918
-11.643 -8.16405 1.55269 1.57381 -8.12136 -15.4336 13.436 8.33537 1.60097 1.57579 8.66687 17.7303
-11.4231 -8.28022 1.55677 1.73736 -8.06404 -15.5967 13.1033 8.44004 1.61453 1.73816 8.66958 17.8885
-11.5652 -8.47104 1.46676 1.76661 -8.07961 -15.5587 13.1947 8.64149 1.50346 1.77541 8.64766 17.9905
-11.5392 -8.2109 1.36761 1.69171 -8.16304 -15.6506 13.2658 8.37963 1.43619 1.69344 8.79315 17.9923
-11.5446 -8.2787 1.23209 1.59406 -7.92355 -15.746 13.1018 8.43318 1.27826 1.60032 8.53206 18.0706
-11.6118 -8.24822 1.29641 1.62326 -8.03111 -15.5498 13.2541 8.44208 1.37102 1.6258 8.59147 17.9344
-11.5481 -8.2594 1.31936 1.71583 -7.91492 -15.5501 13.2703 8.44003 1.42753 1.71822 8.48162 17.908
-11.7786 -8.10196 1.15706 1.64611 -7.9218 -15.5273 13.4288 8.27341 1.2339 1.64832 8.52234 17.8199
-11.6346 -8.4197 1.25613 1.76405 -8.07099 -15.7715 13.2353 8.58367 1.30705 1.77094 8.59872 18.1471
-11.4248 -8.3052 1.20532 1.7171 -8.01487 -15.6517 13.0967 8.4576 1.27343 1.72075 8.60616 18.0221
-11.6173 -8.2627 1.44131 1.64611 -8.26765 -15.4371 13.2241 8.45296 1.49072 1.65627 8.84391 17.7776
-11.8218 -8.37345 1.32584 1.73478 -8.24279 -15.8292 13.4746 8.54702 1.36824 1.73648 8.80698 18.1156
-11.5026 -8.26105 1.36629 1.71708 -7.99649 -15.5284 13.2645 8.43938 1.46797 1.72071 8.61642 17.8583
-11.4732 -8.28035 1.53386 1.65125 -8.14392 -15.7165 13.1601 8.44769 1.56775 1.65948 8.68535 17.9799
-11.7771 -8.08801 1.34084 1.71583 -8.10392 -15.51 13.5153 8.23245 1.40801 1.72313 8.67644 17.867
-11.5722 -8.40654 1.55919 1.69043 -7.99286 -15.6316 13.3146 8.5877 1.60392 1.69148 8.59544 18.0521
-11.7303 -8.24175 1.46002 1.73993 -8.23825 -15.6228 13.3753 8.42188 1.51956 1.75763 8.78665 17.9506
-11.3778 -8.2142 1.468 1.71712 -8.01018 -15.4336 13.0876 8.38975 1.52498 1.7218 8.58779 17.7391
-11.5739 -8.24238 1.43602 1.66892 -7.80025 -15.6933 13.2369 8.429 1.50056 1.67199 8.384 18.0406
-11.5704 -8.28247 1.09119 1.71583 -7.95124 -15.6263 13.3988 8.44756 1.15269 1.72911 8.57986 18.0073
-11.5392 -8.395 1.32465 1.61943 -7.98949 -15.5759 13.2017 8.55537 1.37647 1.61953 8.57552 17.9238
-11.6589 -8.2175 1.34216 1.80837 -8.11226 -15.7229 13.2948 8.4027 1.42857 1.81066 8.71932 18.0696
-11.5045 -8.35805 1.16369 1.67151 -7.95992 -15.6274 13.2378 8.537 1.21301 1.67865 8.51725 17.9653
-11.7025 -8.54609 1.44131 1.7171 -8.03799 -15.4336 13.2675 8.73223 1.48122 1.73538 8.63257 17.7748
-11.8203 -8.28695 1.36232 1.66763 -7.97205 -15.5569 13.5675 8.45619 1.46888 1.66882 8.58755 17.9477
-11.593 -8.3498 1.29389 1.88324 -7.98599 -15.6221 13.3364 8.50096 1.38763 1.89656 8.55934 17.9388
-11.494 -8.18995 1.49078 1.69692 -8.20116 -15.6316 13.0805 8.37208 1.52013 1.70378 8.79224 17.9637
-11.6848 -8.02021 1.52592 1.61946 -8.28791 -15.5569 13.3892 8.17906 1.59397 1.61955 8.84182 17.9028
-11.6138 -8.19655 1.42247 1.8578 -8.17523 -15.6707 13.2948 8.38025 1.46027 1.86444 8.75427 18.0074
-11.5687 -8.2175 1.37819 1.71836 -8.06417 -15.5616 13.2134 8.40019 1.40732 1.7235 8.67037 17.9534
-11.5446 -8.3371 1.04702 1.81095 -8.14742 -15.5724 13.2306 8.52594 1.1062 1.81685 8.70385 17.8329
-11.6414 -8.42193 1.53121 1.69554 -7.85411 -15.5794 13.3841 8.57836 1.5865 1.71599 8.47326 17.9718
-11.4991 -8.33201 1.46147 1.66763 -8.15442 -15.8898 13.1724 8.49744 1.51564 1.68003 8.74321 18.25
-11.5426 -8.28022 1.35002 1.73865 -8.29209 -15.5273 13.2841 8.4379 1.39838 1.74829 8.87589 17.8287
-11.428 -8.16722 1.36748 1.83633 -8.02255 -15.5984 13.038 8.34233 1.42634 1.84686 8.65564 17.9569
-11.6849 -8.42193 1.50446 1.69176 -8.10808 -15.6957 13.3489 8.58306 1.57019 1.69348 8.71083 18.0579
-11.6136 -8.19668 1.30977 1.76527 -8.22035 -15.6228 13.3359 8.38282 1.34398 1.7722 8.78742 17.907
-11.2076 -8.23619 1.28565 1.71583 -8.10929 -15.6933 12.7564 8.41884 1.32258 1.71822 8.70703 17.9956
-11.7804 -8.32885 1.69349 1.5979 -7.96518 -15.5463 13.548 8.49973 1.74247 1.60017 8.54695 17.8318
-11.6626 -8.44575 1.34478 1.64739 -7.94949 -15.6992 13.2891 8.60248 1.41915 1.67054 8.56978 18.0087
-11.6398 -8.1883 1.29524 1.71455 -8.04161 -15.5741 13.3812 8.35862 1.40212 1.71714 8.65467 17.9455
-11.5496 -8.282 1.48825 1.76399 -8.13646 -15.484 13.2996 8.45534 1.55965 1.76824 8.74463 17.8402
-11.3967 -8.38459 1.41707 1.66634 -7.89737 -15.7419 13.062 8.57098 1.4573 1.6671 8.49559 17.9948
-11.7057 -8.14462 1.30306 1.61685 -8.10299 -15.5777 13.3499 8.31431 1.37614 1.62085 8.67694 17.8942
-11.5635 -8.1624 1.21062 1.64225 -7.90262 -15.6951 13.221 8.32502 1.2608 1.64802 8.52669 18.0554
-11.6814 -8.30789 1.13428 1.66759 -7.85236 -15.4347 13.2903 8.48144 1.23373 1.66823 8.45703 17.6981
-11.5652 -8.2787 1.38629 1.5725 -8.01555 -15.5273 13.2669 8.44278 1.47413 1.57615 8.61462 17.8463
-11.6937 -8.31183 1.36761 1.71325 -8.03169 -15.5551 13.4526 8.48124 1.44208 1.7169 8.60239 17.9512
-11.6103 -8.2401 1.44131 1.69299 -8.06242 -15.4787 13.2056 8.40482 1.4964 1.69567 8.6602 17.7517
-11.6346 -8.31285 1.1556 1.71838 -8.27017 -15.5724 13.2353 8.49533 1.26275 1.72301 8.84408 17.8763
-11.7353 -8.45504 1.08852 1.64484 -8.00738 -15.7235 13.4433 8.64234 1.16914 1.65417 8.58503 18.1174
-11.6086 -8.0527 1.43865 1.64479 -7.95229 -15.65 13.2211 8.22804 1.50944 1.65127 8.47244 18.0163
-11.5426 -8.07365 1.52854 1.73993 -8.01205 -15.6661 13.295 8.23542 1.61172 1.74262 8.59607 17.9398
-11.6363 -8.1916 1.19873 1.69302 -7.87143 -15.6939 13.31 8.36185 1.30953 1.71058 8.45503 18.0163
-11.5582 -8.40641 1.36893 1.66892 -8.1716 -15.6239 13.1883 8.58235 1.42207 1.67367 8.73078 17.9008
-11.6622 -8.1624 1.17856 1.78684 -8.14236 -15.4857 13.3326 8.32769 1.30077 1.79536 8.78634 17.8108
-11.3346 -8.39169 1.22799 1.69045 -7.88355 -15.6228 13.0362 8.53644 1.30172 1.69151 8.52963 17.9685
-11.4264 -8.30776 1.27228 1.71583 -8.15454 -15.6714 13.1049 8.47876 1.36505 1.72095 8.74361 18.0281
-11.5462 -8.19325 1.51105 1.7907 -8.18223 -15.6292 13.2233 8.38211 1.54444 1.80101 8.79137 17.9712
-11.4526 -8.16075 1.3957 1.7184 -8.03986 -15.6696 13.1711 8.31511 1.44454 1.72839 8.64304 18.0223
-11.5425 -8.1883 1.24962 1.69302 -8.01205 -15.6986 13.2614 8.34919 1.32516 1.69681 8.59526 18.0668
-12.7653 -10.3081 -1.71353 -0.965168 -9.30398 -14.1393 13.4515 10.3397 1.77705 0.986 9.47167 15.2966
-13.8411 -12.2358 -3.11741 -3.25151 -10.4626 -13.946 14.0835 12.2395 3.14794 3.25935 10.4929 14.4059
-12.148 -12.7954 -6.73709 -5.72136 -10.7453 -12.307 12.3272 12.8039 6.80327 5.81185 10.748 12.4372
-11.5814 -13.1473 -7.07272 -8.52711 -10.0131 -11.5596 11.7915 13.1655 7.11249 8.61827 10.0184 11.6052
-10.9245 -12.9734 -8.35615 -9.20405 -9.67875 -11.3512 11.0823 13.0287 8.40608 9.29642 9.6967 11.361
-10.4195 -12.2877 -7.54705 -9.05819 -9.90955 -11.7676 10.5918 12.3687 7.57827 9.17369 9.93197 11.7854
-9.84059 -11.737 -7.29505 -8.7041 -9.9807 -12.0141 9.91812 11.8124 7.32531 8.84896 10.0109 12.0445
-9.6134 -11.5302 -7.99795 -8.63684 -10.2592 -12.1537 9.64777 11.6061 8.00514 8.75186 10.2848 12.1784
-9.76501 -11.3731 -8.12183 -8.52677 -10.1723 -11.9495 9.78601 11.4396 8.14267 8.62531 10.1925 11.9807
-9.69983 -11.4633 -8.46698 -8.58878 -10.5659 -12.0204 9.71397 11.5034 8.46903 8.65756 10.5731 12.0599
-9.59285 -11.0685 -8.49298 -8.65115 -10.6756 -12.2939 9.6041 11.1076 8.49436 8.701 10.6799 12.3175
-9.50671 -11.1126 -7.98826 -8.47511 -10.7542 -12.4306 9.55277 11.1332 7.99469 8.51444 10.7628 12.4509
-9.3586 -10.9359 -7.98054 -8.72088 -10.9169 -12.7682 9.4327 10.9528 7.99706 8.73763 10.9307 12.7985
-9.49533 -10.9664 -7.96514 -8.89031 -11.1098 -12.7131 9.54949 10.9833 7.98721 8.89998 11.1279 12.7444
-9.50953 -11.1339 -8.38749 -8.79571 -11.0805 -12.8988 9.55891 11.1524 8.40434 8.80823 11.0998 12.9623
-9.68812 -11.0114 -8.53959 -8.86567 -11.2418 -12.9965 9.73685 11.0466 8.54532 8.87947 11.2521 13.0711
-9.64686 -10.8682 -8.51926 -9.00788 -11.3606 -13.1371 9.69141 10.9079 8.52961 9.01866 11.3667 13.2121
-9.46938 -11.0019 -8.54178 -9.12385 -11.3713 -13.2818 9.51635 11.0658 8.54547 9.13293 11.3739 13.3571
-9.45535 -11.1573 -8.35321 -9.26824 -11.2748 -13.2697 9.50905 11.1979 8.35513 9.27783 11.2788 13.3366
-9.23882 -11.0207 -8.33098 -9.29502 -11.4063 -13.2747 9.28891 11.0651 8.33233 9.30604 11.4081 13.3444
-9.33289 -10.8813 -8.37627 -9.13432 -11.3866 -13.3891 9.38734 10.9118 8.37793 9.1415 11.387 13.4451
-9.26356 -10.8115 -8.34838 -9.08428 -11.3666 -13.2452 9.31545 10.8426 8.35323 9.09244 11.3667 13.2795
-9.25179 -10.7212 -8.32076 -9.06374 -11.488 -13.1541 9.29627 10.7533 8.32469 9.07003 11.4884 13.1915
-9.34882 -10.7495 -8.25069 -9.10678 -11.3221 -13.1704 9.3923 10.7694 8.25655 9.11955 11.3271 13.2189
-9.34882 -10.7738 -8.20035 -9.03652 -11.2827 -13.1443 9.41161 10.8015 8.20656 9.04609 11.2901 13.1875
-9.15728 -10.8864 -8.1305 -9.10874 -11.3524 -13.2652 9.2174 10.9098 8.1384 9.11803 11.3555 13.3239
-9.27677 -10.8655 -8.17875 -9.22636 -11.1893 -13.3369 9.33072 10.8872 8.18526 9.23495 11.1911 13.3833
-9.25198 -11.0251 -8.15644 -9.27162 -11.1624 -13.2839 9.31764 11.0554 8.16273 9.27984 11.1673 13.3146
-9.23199 -11.1372 -8.20694 -9.24886 -10.9697 -13.3154 9.28384 11.16 8.21225 9.25861 10.9753 13.3352
-9.30431 -11.1842 -8.17921 -9.19679 -10.876 -13.1526 9.3504 11.214 8.18561 9.20972 10.8846 13.1807
-9.35125 -11.1662 -8.18169 -9.12877 -10.9758 -13.1552 9.40107 11.1849 8.18833 9.14345 10.9785 13.1894
-9.27637 -11.209 -8.15658 -9.17621 -10.8348 -13.013 9.33464 11.2333 8.16156 9.1894 10.8387 13.0425
-9.42066 -11.164 -8.15962 -9.22633 -10.8326 -12.9156 9.46987 11.1873 8.1633 9.23689 10.8404 12.9498
-9.41784 -11.3069 -8.15962 -9.05659 -10.6621 -12.9683 9.47296 11.3231 8.16441 9.07157 10.6729 13.0056
-9.44007 -11.2313 -8.0387 -8.98445 -10.5286 -13.0001 9.49434 11.2603 8.04368 8.99875 10.5374 13.0323
-9.57863 -11.4852 -8.06134 -8.8832 -10.5588 -12.8592 9.62777 11.507 8.06689 8.90423 10.5624 12.8984
-9.60384 -11.534 -8.10926 -9.0057 -10.5565 -12.6942 9.64048 11.5564 8.11398 9.02306 10.5583 12.7194
-9.60358 -11.4397 -8.08447 -9.0805 -10.6086 -12.7143 9.66966 11.4637 8.09147 9.09656 10.6191 12.7376
-9.65376 -11.4607 -8.0616 -9.07842 -10.5787 -12.8085 9.72227 11.4824 8.06723 9.09316 10.5878 12.8303
-9.67334 -11.4154 -8.16 -9.00388 -10.6059 -12.7865 9.72655 11.4439 8.16366 9.02117 10.6104 12.8154
-9.6706 -11.442 -8.17972 -9.10586 -10.5138 -12.7373 9.73387 11.4623 8.18698 9.1187 10.5172 12.767
-9.67326 -11.4688 -8.13451 -9.12855 -10.5811 -12.6948 9.73875 11.491 8.1392 9.1407 10.584 12.7354
-9.67072 -11.487 -8.15466 -9.05186 -10.6778 -12.7616 9.71544 11.5111 8.16141 9.06825 10.684 12.8026
-9.62341 -11.4402 -8.13474 -9.05394 -10.5362 -12.7396 9.67843 11.4612 8.13999 9.07039 10.5474 12.7786
-9.67334 -11.4627 -8.13451 -9.07886 -10.5811 -12.6922 9.72282 11.4889 8.14056 9.09339 10.584 12.7257
-9.6983 -11.5568 -8.13216 -9.06093 -10.5808 -12.7418 9.74881 11.5764 8.13703 9.0733 10.5838 12.7769
-9.67634 -11.467 -8.15728 -9.03362 -10.5786 -12.6475 9.72782 11.4909 8.16269 9.04769 10.5829 12.6797
-9.6983 -11.4829 -8.20507 -9.0316 -10.628 -12.7168 9.75646 11.5096 8.21014 9.04669 10.6378 12.7438
-9.7012 -11.4154 -8.25278 -8.984 -10.6754 -12.7146 9.75781 11.4378 8.25701 8.99867 10.6835 12.7425
-9.72343 -11.3724 -8.1548 -9.01085 -10.6056 -12.7346 9.76824 11.3995 8.16244 9.02593 10.6101 12.7631
-9.62341 -11.3726 -8.15728 -9.07892 -10.7247 -12.8532 9.67843 11.3922 8.16269 9.09255 10.7269 12.8852
-9.65112 -11.2783 -8.12954 -9.08116 -10.6778 -12.7369 9.70516 11.3069 8.13691 9.0937 10.6828 12.7773
-9.6512 -11.3501 -8.07926 -9.05646 -10.6974 -12.851 9.69764 11.3738 8.08708 9.07066 10.7106 12.8923
-9.60393 -11.4156 -8.05153 -9.08123 -10.6729 -12.8331 9.66167 11.4378 8.06091 9.09479 10.679 12.8647
-9.67871 -11.3954 -7.95368 -9.05653 -10.7448 -12.7861 9.74415 11.4187 7.96504 9.07304 10.7475 12.8255
-9.60384 -11.4116 -8.05504 -9.0316 -10.7669 -12.7862 9.65051 11.4371 8.06266 9.04895 10.7697 12.815
-9.55401 -11.3458 -8.05539 -9.00623 -10.7001 -12.8309 9.60207 11.3733 8.06503 9.02241 10.7065 12.8563
-9.63162 -11.3701 -8.17592 -9.07892 -10.72 -12.8088 9.70085 11.3934 8.18153 9.09459 10.7302 12.8349
-9.60112 -11.3458 -8.10546 -9.10638 -10.6506 -12.7839 9.64259 11.3683 8.1141 9.12016 10.6577 12.8069
-9.60419 -11.3951 -8.08054 -8.98152 -10.653 -12.7842 9.67032 11.4199 8.08876 8.99958 10.6565 12.8142
-9.65112 -11.4665 -8.08337 -9.02889 -10.6506 -12.7393 9.70516 11.4846 8.08993 9.04442 10.6554 12.7727
-9.62589 -11.3008 -8.13107 -8.95891 -10.7001 -12.7642 9.67501 11.3273 8.13807 8.97671 10.7044 12.8013
-9.57897 -11.3951 -8.10853 -9.10385 -10.7448 -12.8333 9.63565 11.4168 8.11401 9.11667 10.7545 12.8752
-9.67598 -11.4381 -8.10853 -9.13109 -10.6506 -12.7396 9.74789 11.4601 8.11621 9.14423 10.6565 12.7682
-9.65112 -11.3499 -8.08065 -9.00876 -10.6778 -12.7415 9.71311 11.3739 8.08819 9.02599 10.6819 12.7739
-9.65658 -11.4174 -8.08054 -9.12878 -10.6481 -12.8332 9.71857 11.4376 8.08963 9.14403 10.6535 12.8671
-9.55948 -11.3722 -8.08065 -9.02911 -10.6304 -12.7639 9.61119 11.3982 8.08757 9.04658 10.6369 12.7865
-9.62623 -11.3456 -8.07794 -9.08108 -10.7225 -12.8312 9.679 11.3711 8.08618 9.09587 10.7305 12.8639
-9.62641 -11.3458 -8.13379 -9.17632 -10.628 -12.8108 9.67222 11.3684 8.13934 9.1888 10.635 12.8358
-9.62889 -11.3069 -8.08337 -9.08355 -10.6751 -12.7619 9.69179 11.3283 8.08993 9.09431 10.6797 12.7855
-9.60666 -11.3233 -8.13107 -9.07892 -10.6999 -12.8086 9.67472 11.3454 8.1399 9.09459 10.7041 12.8443
-9.50956 -11.3253 -8.05527 -9.05168 -10.7895 -12.8332 9.55556 11.3519 8.06281 9.07052 10.7968 12.8697
-9.5817 -11.3458 -8.05551 -9.03138 -10.6952 -12.8332 9.63638 11.3692 8.06618 9.04765 10.7075 12.8671
-9.63162 -11.3706 -8.10603 -9.0316 -10.6729 -12.7885 9.69246 11.3906 8.11221 9.04669 10.6769 12.8237
-9.5817 -11.3213 -8.15929 -9.00667 -10.7473 -12.8779 9.62893 11.3489 8.16501 9.0249 10.7504 12.9106
-9.63162 -11.3458 -8.15395 -8.98174 -10.7991 -12.8486 9.68465 11.366 8.16022 9.00218 10.8069 12.8757
-9.68154 -11.301 -8.18183 -8.95663 -10.7473 -12.7574 9.7447 11.326 8.1877 8.97462 10.7577 12.7806
-9.62889 -11.2537 -8.23252 -9.00633 -10.8685 -12.7325 9.68772 11.2777 8.23751 9.02264 10.875 12.7572
-9.70377 -11.2967 -8.22972 -8.95659 -10.7547 -12.6855 9.75443 11.3234 8.23445 8.97452 10.7597 12.7078
-9.75384 -11.2722 -8.20437 -8.93398 -10.777 -12.7081 9.81888 11.3037 8.21124 8.95392 10.7802 12.7347
-9.68455 -11.2949 -8.22987 -8.95659 -10.7026 -12.8264 9.74204 11.3199 8.23463 8.9756 10.7086 12.8641
-9.70924 -11.3169 -8.13426 -9.00418 -10.7944 -12.7594 9.76028 11.35 8.13969 9.02505 10.8047 12.7932
-9.68417 -11.3172 -8.15961 -8.98178 -10.7971 -12.7525 9.73432 11.3437 8.16518 9.00369 10.8027 12.7802
-9.73147 -11.2517 -8.17958 -8.95409 -10.7301 -12.7102 9.79298 11.2784 8.18467 8.97576 10.7343 12.7451
-9.73158 -11.2254 -8.18215 -8.85921 -10.75 -12.6385 9.77797 11.2549 8.18787 8.8836 10.7558 12.6701
-9.70403 -11.1821 -8.28071 -8.88161 -10.7549 -12.7325 9.75127 11.204 8.2845 8.9039 10.761 12.7593
-9.73147 -11.2251 -8.18502 -8.98152 -10.8219 -12.7078 9.79704 11.2575 8.19199 9.00077 10.8298 12.7341
-9.7537 -11.2949 -8.18502 -8.88161 -10.8241 -12.6807 9.81425 11.3194 8.19102 8.9039 10.8304 12.7007
-9.68144 -11.3418 -8.13449 -8.93189 -10.7773 -12.6137 9.73695 11.3706 8.14059 8.95176 10.7813 12.635
-9.75358 -11.2926 -8.23307 -8.88203 -10.7795 -12.6363 9.81441 11.3243 8.23788 8.90398 10.7816 12.6639
-9.68402 -11.3131 -8.15967 -8.92938 -10.7773 -12.683 9.74919 11.3413 8.16464 8.95076 10.7835 12.7184
-9.70924 -11.1986 -8.23586 -8.85689 -10.8467 -12.7056 9.76028 11.233 8.24094 8.87906 10.8572 12.7381
-9.78139 -11.2657 -8.20748 -8.9317 -10.8737 -12.5914 9.83387 11.2956 8.21213 8.95176 10.8793 12.625
-9.75943 -11.2903 -8.21053 -8.90676 -10.8268 -12.7076 9.81672 11.3243 8.21811 8.92906 10.8283 12.7439
-9.86175 -11.1453 -8.3369 -8.77977 -10.8342 -12.5576 9.92248 11.1824 8.3393 8.80939 10.8394 12.5859
-9.81182 -11.0796 -8.30911 -8.8047 -10.8516 -12.6292 9.87374 11.1106 8.3121 8.83184 10.8572 12.6534
-9.83936 -11.1947 -8.28384 -8.80493 -10.9508 -12.6292 9.9135 11.2346 8.28786 8.83183 10.9594 12.6559
-9.73954 -11.1962 -8.16295 -8.82942 -10.8293 -12.6046 9.8041 11.2262 8.16653 8.85548 10.8359 12.6219
-9.80921 -11.1942 -8.23627 -8.80241 -10.7847 -12.5127 9.89954 11.2348 8.24133 8.83228 10.789 12.5346
-9.73694 -11.3091 -8.26426 -8.77979 -10.807 -12.513 9.7842 11.3423 8.26776 8.807 10.8136 12.5397
-9.78672 -11.1471 -8.26722 -8.7544 -10.78 -12.513 9.84384 11.1805 8.26966 8.78566 10.7871 12.5447
-9.76994 -11.0244 -8.34304 -8.75437 -10.7896 -12.5576 9.85373 11.0686 8.34497 8.78573 10.7958 12.5939
-9.7896 -11.096 -8.34054 -8.82964 -10.7849 -12.58 9.83803 11.1329 8.34265 8.85676 10.7892 12.6128
-9.93389 -11.1594 -8.46416 -8.65256 -10.8618 -12.4812 9.98549 11.2092 8.46746 8.69563 10.866 12.5117
-9.8868 -11.0856 -8.3938 -8.7523 -10.9536 -12.3426 9.9494 11.134 8.3956 8.78645 10.9608 12.3713
-9.7398 -11.2083 -8.37125 -8.80448 -10.8299 -12.5577 9.80862 11.2523 8.37459 8.83067 10.8393 12.5788
-9.88989 -11.0201 -8.52039 -8.75483 -10.8593 -12.533 9.95048 11.0694 8.52394 8.7871 10.868 12.5607
-9.86202 -11.1549 -8.44482 -8.75672 -10.8125 -12.4188 9.92293 11.2033 8.44732 8.7851 10.8158 12.4362
-9.8673 -10.9915 -8.56821 -8.7544 -10.8122 -12.5058 9.94148 11.0544 8.57103 8.787 10.8164 12.5251
-9.76475 -11.0624 -8.45299 -8.85182 -10.8546 -12.6221 9.81582 11.1109 8.45524 8.88088 10.858 12.6503
-9.91467 -11.0117 -8.5288 -8.7523 -10.8819 -12.432 9.96977 11.0718 8.53415 8.78389 10.8953 12.4614
-9.87022 -11.0338 -8.60493 -8.80403 -10.8596 -12.4297 9.93097 11.0952 8.60877 8.83427 10.8657 12.4558
-9.87296 -11.0012 -8.63037 -8.5819 -10.8647 -12.4073 9.93623 11.0681 8.6362 8.62183 10.869 12.4388
-9.91449 -10.9133 -8.67819 -8.70194 -10.9343 -12.5213 9.96652 10.9854 8.68346 8.73807 10.9403 12.5545
-9.92021 -10.9092 -8.73418 -8.62712 -10.8871 -12.4004 9.98076 10.978 8.7418 8.66662 10.8943 12.4271
-9.87049 -11.001 -8.73122 -8.70432 -10.907 -12.405 9.93517 11.0783 8.73881 8.73851 10.9155 12.424
-9.91994 -10.9535 -8.7343 -8.59986 -10.9839 -12.4225 9.98028 11.0293 8.74056 8.64432 10.9935 12.4465
-9.89252 -10.8839 -8.65827 -8.6544 -10.9593 -12.452 9.9603 10.9534 8.66523 8.68926 10.9637 12.4654
-9.89798 -10.9717 -8.73988 -8.60197 -10.9369 -12.3286 9.96709 11.0607 8.74802 8.64453 10.9441 12.3503
-9.9449 -10.8801 -8.88344 -8.67701 -10.9345 -12.3286 10.0103 10.9553 8.89593 8.71463 10.9406 12.3625
-9.92315 -10.808 -8.78509 -8.64974 -11.0089 -12.3062 10.0014 10.8967 8.79417 8.68965 11.0185 12.3377
-9.87596 -11.0126 -8.91703 -8.57703 -10.9451 -12.2123 9.93139 11.1045 8.93252 8.61888 10.9575 12.2463
-9.92588 -10.9223 -8.86401 -8.64923 -10.9645 -12.2595 9.98089 11.006 8.8761 8.68964 10.971 12.291
-9.96739 -10.8546 -8.76603 -8.70151 -10.8452 -12.4 10.0521 10.9466 8.77698 8.73934 10.8525 12.4342
-9.87029 -10.8298 -8.73541 -8.60197 -10.8929 -12.3062 9.93532 10.9123 8.74507 8.64589 10.9039 12.3259
-9.94543 -10.9433 -8.61225 -8.67651 -10.8182 -12.3801 10.0007 11.0394 8.61843 8.71595 10.8294 12.4029
-10.0146 -10.8993 -8.66293 -8.65185 -10.8408 -12.2369 10.069 10.9876 8.67111 8.68996 10.8492 12.2612
-9.97039 -10.8952 -8.71396 -8.62662 -10.868 -12.2568 10.0378 10.9811 8.72345 8.66785 10.8742 12.2741
-13.3418 -4.75239 -4.58052 -19.8477 -14.1458 -6.63868 13.3708 4.75339 4.59856 19.9629 14.167 6.66865
-15.0472 -1.6081 -2.23904 -27.0489 -15.848 -2.78722 15.0838 1.68763 2.25796 27.2188 15.8984 2.84827
-15.7749 0.502318 -1.01969 -27.1742 -16.6958 -0.536031 15.8332 0.765577 1.1047 27.2457 16.7144 0.611859
-16.031 1.66311 1.79696 -27.8851 -15.7477 1.46946 16.0572 2.01539 1.94017 27.9358 15.7619 1.48023
-16.3589 3.40318 2.66687 -28.2642 -15.9398 3.32921 16.3991 3.42676 2.6739 28.3159 15.9454 3.3353
-15.9611 4.66798 3.03348 -28.5982 -15.6414 4.9452 16.015 4.73512 3.04331 28.6849 15.6501 4.94825
-16.0169 5.43241 4.02981 -29.1177 -15.7496 5.16815 16.062 5.49806 4.04931 29.1787 15.7556 5.17558
-16.0333 4.61194 3.97541 -30.1328 -16.2466 5.18329 16.0662 4.77159 3.97732 30.187 16.2574 5.26961
-15.9841 4.89655 3.44709 -30.2857 -16.7494 4.76115 16.0235 4.97063 3.44926 30.3379 16.7619 4.80999
-15.5117 5.12625 3.67501 -30.7603 -17.0706 5.33283 15.5515 5.16955 3.67867 30.8173 17.0836 5.37228
-15.4378 5.51962 3.28092 -30.6101 -17.3022 5.0542 15.4651 5.54929 3.2825 30.6707 17.31 5.08126
-14.2481 5.05953 2.99216 -29.3467 -15.1549 4.91637 14.2836 5.12721 2.99815 29.3827 15.1587 4.94016
-13.7411 4.46558 2.74417 -28.788 -14.9306 4.7049 13.7771 4.52465 2.75072 28.8201 14.9404 4.74249
-13.5963 4.12514 2.82721 -28.9554 -15.4655 4.05252 13.6208 4.1973 2.83292 28.9836 15.4793 4.16751
-13.5818 3.76886 1.98974 -29.1314 -15.7912 3.08836 13.6212 3.835 2.03223 29.1565 15.8056 3.20489
-13.432 3.0749 1.02557 -29.6159 -16.1231 2.79468 13.4725 3.10032 1.20428 29.6368 16.1429 2.86782
-13.1821 2.16601 0.503356 -29.7123 -16.2895 2.42576 13.2083 2.17482 0.800624 29.7306 16.3056 2.4811
-13.1799 1.71408 0.235578 -29.8662 -16.1551 1.78521 13.2103 1.76419 0.664208 29.8929 16.1616 1.86227
-12.8621 1.05882 0.0813607 -31.0079 -15.6858 1.01625 12.8986 1.13477 0.484535 31.0225 15.6986 1.14283
-12.7788 0.234472 0.179011 -30.9789 -15.588 0.380043 12.8041 0.364489 0.681348 30.9949 15.6007 0.74339
-12.9088 0.158767 -0.104881 -30.5805 -16.0219 -0.0427477 12.9329 0.62033 0.627854 30.595 16.052 0.879897
-13.0229 -0.439625 0.177016 -30.3597 -16.7607 -1.01956 13.0389 0.53902 0.532513 30.3761 16.8039 1.13807
-13.1752 -1.63516 -0.0578826 -29.3208 -16.8983 -1.82141 13.2029 1.84716 0.484323 29.3477 16.9571 1.98722
-13.031 -2.49433 0.0635685 -28.5083 -17.2658 -2.99568 13.0447 2.49983 0.435915 28.5369 17.3263 3.13686
-12.9445 -3.07937 -0.461852 -28.6326 -17.4553 -2.77722 12.9615 3.11716 0.468035 28.6513 17.5108 2.86861
-12.9954 -3.05198 0.263111 -28.8903 -17.2533 -1.23403 13.0175 3.17667 0.276144 28.8983 17.3044 1.52197
-12.7103 -3.33023 -1.05706 -28.6766 -16.8425 -2.89884 12.7136 3.38423 1.09484 28.6845 16.8742 2.99666
-12.787 -2.81341 -2.0502 -28.8222 -16.5093 -2.70105 12.7915 2.82508 2.09016 28.8351 16.5458 2.86538
-12.4796 -2.5867 -1.96789 -28.849 -16.3342 -2.03061 12.4911 2.68574 2.35689 28.8684 16.3783 2.25798
-12.6076 -2.36916 -2.26709 -28.9815 -16.548 -1.83482 12.6178 2.47324 2.52772 28.9999 16.5883 2.04649
-12.8027 -1.59342 -1.45652 -29.2268 -16.3598 -1.59004 12.8107 2.27349 1.88619 29.2323 16.388 2.49083
-12.8564 -0.659427 -0.655659 -29.1691 -16.3926 -0.78215 12.8702 0.997495 1.18408 29.1701 16.413 1.92905
-12.9174 0.0063379 -0.174523 -29.0301 -16.7022 -0.129435 12.9344 0.481957 1.02811 29.0353 16.7186 1.47808
-12.808 0.532653 0.251925 -28.8501 -16.9322 0.639748 12.8169 0.661329 1.16656 28.873 16.962 1.62659
-13.1966 1.17512 0.393884 -28.3405 -16.9257 1.17984 13.2054 1.31156 1.12462 28.3702 16.9436 2.18452
-13.4131 1.87824 0.452217 -28.4393 -16.9239 1.56185 13.4404 1.95026 0.739291 28.465 16.933 2.41594
-9.66837 -0.0363505 -4.0695 -21.3068 -12.2767 -0.956781 9.68608 0.204022 4.12057 21.3165 12.2776 1.69308
-4.77851 -4.99254 -8.90681 -10.7462 -6.33377 -6.07526 4.83579 5.2247 9.01409 10.7863 6.42717 6.16877
-1.88998 -2.37117 -2.95712 -4.06499 -2.76181 -2.79147 2.30993 2.74666 3.20205 4.28699 2.96269 3.18907
-1.37053 0.622548 1.25018 -4.11256 -2.35756 0.557549 1.68719 1.12362 1.34123 4.31452 2.5461 1.40355
-2.36395 1.50435 3.33228 -4.64363 -3.14481 -0.0710192 2.53514 1.60739 3.72098 4.81353 3.94477 0.446235
-0.4186 0.231621 -8.52568 -5.39846 -2.46503 -3.43019 1.03082 1.92788 8.53708 5.52328 2.73522 4.8549
0.634173 -18.2877 -18.2951 -4.36541 -1.6956 -25.9884 2.60415 18.4287 18.2962 4.82435 1.92241 26.1488
-0.653095 -22.5002 -25.4333 -2.01249 0.893895 -29.1813 0.896851 22.5754 25.5723 2.0532 1.38514 29.5429
2.67225 -24.6246 -28.0901 4.07752 1.32046 -31.2119 3.09077 24.652 28.1873 4.10991 1.60047 31.9421
3.20555 -18.3076 -33.8151 6.62631 2.70821 -28.6503 3.58972 18.4724 33.9389 6.66822 2.81315 29.2759
4.73629 -19.1799 -38.9267 6.32763 5.83768 -25.8221 4.84958 19.4392 38.9824 6.43471 5.89766 26.4775
5.58246 -19.4705 -40.2757 4.04683 6.54692 -23.5096 5.62484 19.7485 40.3029 4.14363 6.84522 24.2173
6.45071 -23.9098 -40.8806 3.42689 6.20189 -19.9732 6.54618 23.9293 40.943 3.48447 6.48864 20.4143
5.19085 -24.3196 -41.429 3.15383 5.17772 -21.7469 5.21629 24.3397 41.5256 3.16617 5.33841 21.9947
4.27312 -22.7425 -39.454 2.92345 4.52068 -24.7072 4.30296 22.7872 39.626 2.93815 4.57525 24.7895
3.07003 -21.2338 -36.2142 2.6104 4.46149 -26.0046 3.12213 21.2834 36.4464 2.62058 4.51474 26.0276
2.61616 -20.3143 -34.0206 1.78779 3.58166 -23.5151 2.71949 20.4025 34.2905 1.81983 3.60901 23.5238
2.0152 -19.1239 -33.8375 1.28469 2.39848 -20.6883 2.11226 19.2824 34.0708 1.35966 2.5835 20.6984
1.48698 -19.1188 -32.5989 1.22971 1.08101 -19.0419 1.58854 19.2752 32.8082 1.31665 1.59918 19.0566
1.09314 -18.4397 -31.9877 0.914735 0.442752 -17.7297 1.47984 18.5765 32.1399 1.0636 1.02082 17.7495
0.866219 -17.4946 -32.5923 0.129732 0.0389879 -15.6405 1.3351 17.6345 32.8065 0.603735 0.375782 15.669
0.518781 -16.0391 -30.6374 0.242448 -0.116812 -14.8611 1.33559 16.3114 30.8945 0.728175 0.610841 14.9179
-0.627281 -15.8059 -29.983 0.0250148 -1.30267 -14.6629 1.17089 16.2598 30.2716 0.501037 1.34381 14.7988
-1.30477 -16.488 -29.923 0.271008 -2.41587 -15.3639 2.24765 16.9192 30.3202 0.999478 2.66576 15.5406
-2.04812 -15.93 -26.966 -0.691624 -2.75438 -16.1062 3.33362 16.3716 27.2459 1.17703 2.95826 16.2747
-0.34238 -14.9106 -26.8591 0.00409201 -3.67889 -14.9572 1.30913 15.4711 27.2507 0.313473 3.69691 15.1877
-2.00318 -13.7617 -26.7956 -1.67957 -3.03363 -15.0643 2.21746 14.3615 27.185 1.8506 3.11086 15.2599
-3.365 -13.575 -26.4602 -2.71898 -2.37353 -13.6654 3.54402 14.183 26.7592 3.10215 2.90219 13.8819
-2.54787 -13.1754 -27.1839 -2.29624 -3.05278 -13.7843 2.58007 13.6346 27.4809 2.46875 3.0815 13.9619
-2.3107 -14.1958 -28.4141 -1.71726 -2.49398 -13.3902 3.07798 14.5745 28.6953 2.43123 3.03225 13.4537
-1.1965 -14.0396 -28.925 -1.86924 -2.15484 -12.9662 2.02669 14.4061 29.1772 2.73625 2.52702 13.0014
-0.636349 -13.9251 -29.2798 -2.41136 -1.57854 -13.3024 1.27842 14.3607 29.5011 2.65707 1.93222 13.3433
-0.0545066 -13.8405 -29.7495 -1.44143 -0.357791 -14.2552 1.02213 14.2454 29.9717 1.75291 1.28238 14.343
0.352994 -14.7904 -30.0006 -0.474414 1.52096 -15.1703 1.30599 15.0589 30.2599 1.02237 1.91677 15.2874
0.35353 -15.3056 -29.6894 0.409929 1.54306 -16.2309 1.19426 15.5731 30.0186 0.949516 1.84941 16.3498
0.594682 -15.0753 -29.7264 1.06436 1.20521 -17.057 1.36078 15.367 30.0616 1.33051 1.83347 17.1266
0.734375 -14.9216 -29.9283 1.39984 1.05821 -17.0954 1.49814 15.227 30.1932 1.64358 1.71684 17.1394
-1.68611 -11.3026 -22.5993 -2.99835 -0.943558 -12.7616 2.34975 11.4879 22.8033 3.16445 1.4955 12.7734
-3.85019 -5.30954 -15.8898 -7.78918 -4.00475 -8.70948 3.94639 5.36613 16.1631 8.11137 4.03192 8.85043
-0.667361 -2.5356 -9.3791 -3.94313 -1.45854 -4.41002 1.07512 2.75063 9.54469 4.41795 1.91271 4.58439
0.761018 -2.48812 -5.20327 0.676475 0.552311 -2.96734 1.14868 2.88551 5.50904 1.37335 1.20205 3.32059
0.667634 -3.04235 -5.64068 4.22175 -0.00279366 -4.25513 0.945377 3.64634 6.05697 4.63078 0.732588 4.47427
1.38169 -2.75632 -5.97482 -16.85 0.557558 -4.1296 2.4524 3.14259 6.07672 17.1183 1.58995 4.62967
-19.3297 -1.67637 -3.62331 -20.4374 -21.8174 -3.88703 19.3992 2.27617 4.15982 20.464 21.83 5.24888
-19.6865 -0.724681 -1.0123 -29.3174 -22.1001 0.13265 20.2265 0.957258 1.35024 29.4743 22.2109 1.05464
-19.7817 1.64704 4.10109 -30.3249 -26.355 1.02671 20.5076 1.7507 4.40103 30.36 26.4389 1.15993
-14.1365 4.39993 5.33869 -39.3951 -23.548 4.93132 15.3143 4.57208 5.38523 39.5112 23.7225 5.06832
-14.63 5.73741 4.82327 -39.5231 -21.1444 5.8723 15.4398 5.96517 4.85162 39.5395 21.4627 5.97515
-14.7206 6.15385 2.85688 -42.2268 -19.6257 6.72447 15.374 6.36375 2.92463 42.2794 20.0008 6.98828
-15.9435 6.48726 2.71739 -43.7255 -19.5699 6.022 16.2289 6.85149 2.79478 43.7618 19.8222 6.2921
-16.5335 6.00667 2.632 -41.4382 -20.115 5.2949 16.7368 6.37421 2.64052 41.5 20.2444 5.62271
-15.5198 5.3111 3.1701 -38.8754 -20.6629 4.53862 15.6515 5.66055 3.20708 39.0318 20.6848 4.97555
-15.107 4.42836 2.97782 -36.8323 -21.3853 4.3972 15.1569 4.71601 3.0032 37.0421 21.3945 4.84843
-13.6873 3.02728 1.98096 -35.74 -19.9125 3.57886 13.7233 3.09226 1.98827 35.9573 19.9216 3.85601
-13.1949 2.27297 1.24979 -34.6987 -18.0106 2.85658 13.2492 2.27733 1.28438 34.8623 18.0328 3.00358
-11.5171 1.44835 0.6504 -34.0875 -15.9017 1.33003 11.5337 1.65424 0.871349 34.2929 15.9184 1.66142
-10.5982 0.624191 0.292715 -32.3533 -15.3469 0.870976 10.6423 0.993237 0.770785 32.5726 15.35 1.3148
-10.6399 0.549442 -0.151548 -31.8382 -13.826 0.417098 10.6872 1.0478 0.610165 32.0677 13.8666 0.960245
-10.4713 -0.0942188 -0.230276 -32.606 -13.1179 -0.422859 10.5137 0.548183 0.552493 32.9324 13.2334 0.557802
-10.2422 -1.02473 0.090916 -30.1716 -13.2127 -1.10995 10.2954 1.43548 0.809447 30.5043 13.3512 1.36902
-10.0958 -2.29607 -0.438266 -28.8413 -13.9853 -1.66247 10.1813 2.32154 0.578008 29.0846 14.171 1.8099
-10.5327 -2.62866 -1.65528 -28.2383 -13.3624 -3.10983 10.6482 2.77708 1.67149 28.5167 13.6728 3.29439
-10.7982 -2.75435 -1.30678 -27.2264 -12.6337 -2.30869 10.9119 3.2123 1.5752 27.5586 12.8764 2.7044
-10.5245 -3.71315 -0.619348 -27.2866 -12.1839 -2.02915 10.6738 3.7732 0.641283 27.612 12.3648 2.20684
-10.686 -3.65635 -2.05775 -27.2314 -12.066 -3.84702 10.7543 3.75781 2.35325 27.4996 12.222 3.97889
-10.7549 -4.29412 -2.81394 -27.8699 -11.1512 -2.61323 10.7792 4.32082 3.17232 28.1314 11.2952 2.71723
-10.912 -2.84426 -2.515 -28.5286 -10.9748 -2.61981 10.9365 2.86633 2.80456 28.7882 11.1351 2.76489
-11.3609 -2.2269 -2.2276 -28.8754 -10.7783 -2.19906 11.4326 3.07127 2.71172 29.0855 10.8591 2.35047
-11.4429 -0.538852 -1.48608 -28.8094 -10.9259 -1.59894 11.5305 2.10462 1.92918 28.9733 10.984 2.57715
-11.5488 -0.00192252 -0.979975 -29.7685 -11.4835 -0.827194 11.6396 0.399186 1.57115 29.9625 11.5225 2.15803
-12.0696 0.303253 0.0353506 -29.6762 -12.1499 0.0157468 12.1779 1.05013 1.21967 29.8327 12.1917 1.88342
-12.4377 0.432454 0.632469 -30.0522 -12.0747 0.990901 12.499 0.471607 0.995828 30.2284 12.1541 1.99429
-12.9249 1.21965 0.790763 -30.0072 -11.7312 1.15915 12.9911 1.36193 1.30928 30.1357 11.7756 2.10289
-12.7344 1.95754 1.0692 -31.0771 -11.5966 1.32799 12.8165 2.07603 1.35765 31.2134 11.6141 2.20742
-8.30728 -1.17249 -5.10117 -20.6304 -7.89729 -2.22854 8.43306 1.18041 5.12916 20.7839 7.90133 2.39714
-4.74831 -4.07434 -6.8499 -11.875 -4.73923 -4.87314 4.9354 4.3486 6.97273 12.241 4.88718 4.975
-2.51782 -1.04951 -1.29257 -6.59666 -3.00137 -0.942077 2.71309 1.74178 1.50896 7.04223 3.25723 1.30257
-1.69159 0.904095 1.46128 -5.7601 -2.23842 0.37385 1.85382 1.17379 1.67079 6.00763 2.5261 0.859994
-2.66258 1.36542 4.65775 -4.80609 -1.49676 -0.286167 2.77197 1.53374 4.95114 4.95253 1.94772 0.720105
-2.13708 -2.50307 -11.2689 -5.20738 -3.828 -0.18708 2.51561 3.27648 11.2745 5.54544 4.14955 1.74884
-1.87331 -18.6187 -16.2694 -4.31438 -1.90773 -23.3255 1.98987 18.6214 16.273 4.67125 2.17078 23.3902
-0.263302 -23.8342 -27.3186 -0.991383 -1.37302 -25.06 0.741016 23.8343 27.3266 1.3885 1.5439 25.4864
0.749496 -21.7567 -29.4036 4.3072 0.665609 -27.6653 1.03023 21.9128 29.418 4.73016 0.782598 28.3143
4.91741 -18.5344 -34.4446 6.5858 3.88061 -25.1297 4.9444 18.7985 34.6065 6.71176 3.89019 25.5515
3.99675 -19.6608 -36.2642 4.49213 5.05622 -25.5048 4.05856 20.0137 36.2965 4.54343 5.17838 26.1677
5.4053 -19.7138 -37.481 4.21252 5.63023 -22.5825 5.4866 19.8215 37.5234 4.27307 5.97131 23.0555
5.27336 -22.2089 -40.6333 4.09166 5.77559 -21.3437 5.31762 22.2334 40.6911 4.11424 6.09257 21.6458
4.82469 -22.9304 -39.9403 3.65827 5.02936 -21.568 4.86566 22.9639 40.0246 3.68766 5.23119 21.7521
4.01088 -22.053 -38.0092 3.44606 4.5371 -23.1795 4.02904 22.0797 38.1726 3.486 4.66414 23.2606
3.03574 -20.8959 -35.313 3.20475 4.0078 -22.9751 3.1256 20.9296 35.5207 3.27829 4.11078 22.9891
2.30657 -18.7416 -33.6866 1.92928 3.02721 -22.0088 2.63664 18.8509 33.9197 2.19771 3.06815 22.0138
1.89081 -16.8936 -32.7575 1.351 2.15378 -21.1597 2.21016 17.0689 32.9698 1.45422 2.3308 21.1728
1.67103 -16.064 -32.3447 1.06927 1.61972 -20.2125 1.97689 16.1975 32.594 1.18297 1.91681 20.2278
1.45814 -14.8262 -32.1651 1.19931 0.781779 -17.6663 1.73947 14.9466 32.5064 1.35041 1.14052 17.7139
1.15121 -14.0341 -31.3606 0.534591 0.0748322 -16.454 1.74314 14.222 31.6284 1.4056 0.187367 16.5162
-0.0373445 -12.9932 -31.057 -0.162465 -0.475317 -15.363 1.3845 13.4193 31.3323 1.55809 1.1885 15.5102
-1.7735 -12.7931 -30.522 0.478494 -1.6035 -16.1062 2.27235 13.1802 30.8741 1.3273 1.92657 16.2742
-1.70489 -13.2828 -29.4358 -0.568836 -1.83483 -15.4872 2.00878 13.6464 29.8721 1.23128 2.37337 15.7582
-1.27858 -13.3709 -28.2972 -0.782302 -2.3738 -15.321 1.85895 13.8178 28.8103 0.826502 2.50628 15.5933
0.436706 -12.1662 -28.9936 -1.81763 -3.57309 -15.1126 2.07596 12.8255 29.5354 2.03256 3.71464 15.3426
-0.344665 -11.7958 -28.1747 -2.23585 -3.56086 -15.0332 1.5043 12.5141 28.6293 2.33601 3.58377 15.3122
-2.79048 -11.4215 -27.7946 -1.94063 -2.56163 -13.8052 3.0421 12.0437 28.1653 2.21854 2.67709 14.0535
-2.91392 -10.8968 -30.0124 -2.45021 -2.12334 -13.9156 3.47946 11.3231 30.4573 2.91012 2.79701 14.1696
-2.36711 -11.403 -30.129 -2.19412 -1.37368 -13.8837 3.10962 11.6924 30.5363 2.45503 1.57436 14.0807
-1.54513 -11.839 -30.4055 -2.20302 -0.889238 -14.3363 2.20418 12.1384 30.815 2.68522 1.64545 14.481
-0.319436 -12.0899 -30.2732 -1.32735 -2.14674 -15.056 2.12179 12.5842 30.5943 2.78072 2.19667 15.1503
0.334156 -12.8637 -31.1917 -0.888192 -0.873271 -15.2554 1.11293 13.4463 31.575 1.28112 1.29983 15.3028
0.489069 -13.2719 -30.8238 -0.431187 0.51959 -15.8815 1.2662 13.6987 31.213 1.03139 1.17866 15.9454
-0.16963 -13.0186 -30.8005 0.713798 1.31406 -16.7674 1.42382 13.2778 31.1942 1.24861 1.78821 16.8529
-0.0745638 -12.7465 -31.3209 0.951323 1.58211 -16.6571 1.50575 12.9773 31.7135 1.23482 1.98767 16.7651
0.396162 -12.4911 -32.4323 0.934262 1.74765 -16.6047 1.57588 12.741 32.7741 1.16784 2.07685 16.7017
-2.56748 -8.33592 -21.6852 -4.54866 -1.79356 -10.9898 2.97153 8.38797 22.0174 4.68763 2.08845 11.0209
-2.8308 -4.60861 -15.3641 -8.7396 -2.89722 -7.53776 2.89249 4.66629 15.6781 9.1156 2.98671 7.62944
0.170005 -2.95809 -8.88535 -2.35623 -0.0163711 -4.24486 1.25061 3.18161 9.21149 2.69238 1.61651 4.50094
0.773722 -2.64219 -5.83026 -0.0177909 0.577304 -3.25117 1.01519 3.21892 6.11496 0.8728 1.18433 3.61821
0.716611 -2.54066 -4.27863 2.4446 -0.161614 -4.57314 1.05608 3.14257 4.47 3.2849 0.586196 4.73216
0.070178 -2.39239 -6.63503 -17.7965 -19.7835 -3.88753 1.8695 3.54543 6.74102 17.9322 20.2385 4.25763
-17.9174 -2.17781 -2.70525 -27.7302 -19.6035 -2.58868 17.9473 2.50584 3.09291 27.8709 19.6788 3.17639
-20.9739 -0.78714 -0.327986 -30.7835 -21.0246 1.59309 21.2646 1.04804 1.0313 30.9805 21.036 2.10267
-19.7874 2.13629 4.58723 -33.1057 -21.5712 1.91721 20.3773 2.17696 4.82597 33.1508 21.7735 1.9422
-17.0342 6.89135 5.5501 -38.3011 -19.6255 6.22253 17.7522 7.08651 5.59046 38.3715 19.86 6.29855
-17.1033 6.00158 3.90322 -38.2851 -19.0435 6.03822 17.5699 6.25095 4.03284 38.3083 19.3354 6.17686
-16.8284 5.22072 2.90588 -40.3363 -18.7659 5.59988 17.1988 5.53452 2.92815 40.3852 18.9377 5.80262
-17.5291 5.2876 2.96486 -40.9659 -19.5874 5.23282 17.8927 5.74909 2.96614 41.0011 19.7486 5.46598
-16.899 4.96883 3.38607 -39.9789 -19.959 5.47782 17.126 5.38148 3.41837 40.0679 20.0118 5.94701
-16.8277 4.52496 3.25177 -38.6825 -19.6854 4.79741 16.9538 4.86651 3.29978 38.8171 19.6998 5.35815
-16.5018 3.51877 2.6624 -36.1112 -18.4384 3.61894 16.6471 3.81828 2.66538 36.2366 18.4646 4.0796
-14.9182 2.42275 1.73922 -35.19 -15.6673 2.40573 14.9788 2.5987 1.74247 35.347 15.6699 2.62213
-14.2563 1.62138 1.25656 -34.3174 -15.1205 2.45158 14.3347 1.77496 1.30405 34.4571 15.125 2.54512
-12.5586 1.59271 0.576573 -33.7637 -14.4241 1.82029 12.6304 1.60795 0.744712 33.9135 14.4292 1.90474
-11.2206 1.40892 0.0266471 -34.1756 -14.9158 0.964066 11.2649 1.53462 0.443117 34.3672 14.9201 1.0365
-10.5142 0.476501 -0.416665 -32.048 -13.7111 0.355204 10.5987 0.498964 0.852898 32.2826 13.791 0.680168
-10.4553 -0.0654379 -0.639998 -31.8535 -14.0152 -0.465086 10.4999 0.845689 0.811775 32.1441 14.1449 0.647774
-10.4971 -1.95222 0.124249 -31.2538 -14.6063 -1.25731 10.576 1.96039 0.473829 31.5969 14.7439 1.59428
-10.2894 -2.49586 -0.589936 -28.4818 -14.2743 -3.088 10.4095 2.52759 0.713035 28.8351 14.4226 3.27858
-10.7623 -0.711434 -1.42331 -27.8539 -13.331 -3.54834 10.8354 1.03763 1.49477 28.1551 13.5332 3.7054
-10.5857 -3.37592 -1.76332 -27.2936 -12.6302 -0.529962 10.6486 3.45071 1.78117 27.5281 12.7805 0.957884
-10.643 -3.00489 -0.986778 -27.8728 -12.3172 -2.88576 10.6989 3.03171 1.33784 28.1424 12.4265 3.0781
-10.3065 -3.08026 -2.8926 -27.0241 -12.6225 -3.13352 10.3406 3.09091 2.92904 27.2694 12.6821 3.18572
-10.225 -3.03179 -2.55777 -28.2936 -12.5426 -2.82468 10.293 3.23447 2.8034 28.5503 12.6103 3.10149
-10.1548 -2.12129 -2.61505 -28.3079 -12.4945 -2.67845 10.2509 2.7717 2.84588 28.5066 12.5452 3.09863
-10.3989 -1.43661 -1.97211 -28.219 -12.9208 -2.2391 10.4842 1.98458 2.29258 28.3867 12.9518 2.8174
-10.6742 -1.24321 -0.877864 -28.6569 -13.4629 -1.16954 10.7353 1.29519 1.22471 28.828 13.4906 1.77137
-10.9969 -0.850485 -0.395306 -28.6801 -13.375 -0.0995501 11.0618 0.894616 1.06161 28.8129 13.3898 1.0124
-11.115 -0.458988 0.298129 -29.9047 -13.3515 0.544135 11.1733 0.478011 0.931671 30.0522 13.3636 1.46622
-11.7626 0.300071 0.52843 -30.2479 -13.0315 1.04479 11.8305 0.609966 1.00688 30.3619 13.0389 1.78392
-11.6086 1.3245 0.0924702 -31.4044 -13.174 1.48954 11.7167 1.41694 0.890673 31.5286 13.1825 2.09376
-11.6729 2.29466 0.770066 -31.2288 -13.3831 1.78431 11.7838 2.34786 1.01389 31.3302 13.39 2.27276
-7.12912 -1.69502 -6.47925 -19.973 -8.07682 -2.84627 7.22414 1.70322 6.4943 20.1796 8.16088 2.87705
-3.40037 -3.58859 -6.4613 -10.7344 -4.2242 -4.59471 3.49752 3.7532 6.62391 11.2237 4.47391 4.72752
-1.61474 0.0612242 0.181338 -5.85412 -3.11467 -0.116688 1.70486 1.04488 0.814359 6.30402 3.31155 1.27059
-1.72451 0.0970205 1.42971 -5.24585 -2.3549 0.246439 1.93636 0.586433 1.67042 5.42952 2.5761 0.604665
-1.90468 1.49591 3.31639 -5.45807 -1.72268 -0.465766 2.04125 2.07223 3.77641 5.64011 2.10262 1.17278
-2.20626 -2.47142 -12.4233 -4.60792 -3.59058 -7.20944 2.93093 2.76513 12.427 4.9095 3.84123 7.31008
-2.14944 -18.6853 -22.522 -3.97702 -2.72254 -23.9607 2.40476 18.6889 22.525 4.43068 2.73539 24.4896
0.981282 -23.0158 -26.4478 0.262412 1.18088 -26.9011 1.35347 23.0196 26.4842 0.908788 1.26897 27.3756
2.88306 -20.6609 -30.4982 4.61698 2.16763 -26.5744 3.01095 20.7633 30.5461 5.02072 2.38958 27.0721
4.54598 -18.3904 -35.4108 5.87468 4.66463 -24.2238 4.63504 18.4487 35.5408 6.05608 4.68788 24.6162
4.3228 -16.9124 -37.7088 4.81744 5.47789 -24.854 4.32928 17.0233 37.7447 4.85715 5.58033 25.3836
5.44551 -19.546 -40.7693 4.53825 6.47062 -22.4259 5.52889 19.6058 40.7866 4.55508 6.69811 22.7123
5.1658 -21.7084 -42.8112 3.97202 6.00026 -20.6142 5.23247 21.7195 42.8769 4.00575 6.31726 20.7828
4.89665 -22.5753 -42.4446 3.32299 4.90489 -21.7405 4.95242 22.581 42.5274 3.341 5.02157 21.8434
4.48228 -22.0756 -39.9383 3.17951 4.17914 -23.0526 4.59385 22.0897 40.0769 3.21233 4.21708 23.0918
3.40236 -21.2934 -36.7016 2.90751 3.67522 -23.7743 3.46161 21.3391 36.9298 2.95265 3.75728 23.8021
2.06886 -19.9119 -34.2308 2.01056 2.76982 -22.4685 2.10232 20.0103 34.4751 2.12446 2.86835 22.4895
1.53985 -18.2989 -32.5429 1.25701 2.01946 -20.6613 1.66054 18.3893 32.7953 1.46997 2.03012 20.6836
1.19307 -17.1973 -32.9088 1.19161 1.68561 -20.0082 1.51233 17.2761 33.1355 1.40434 1.70392 20.0453
1.02103 -16.2988 -32.6937 1.07893 1.18188 -17.4925 1.28827 16.4871 32.961 1.27919 1.23714 17.5395
0.782029 -15.321 -30.6675 0.134837 0.271088 -15.3032 1.2437 15.7132 30.8476 0.479681 0.940132 15.3624
-0.175992 -14.712 -31.1417 -0.0799229 -0.860683 -14.8228 1.26125 15.1045 31.4239 0.513115 1.18467 14.9201
-0.978945 -14.7203 -30.8707 0.526556 -1.80799 -14.8564 1.77528 15.0666 31.1887 1.03462 1.8934 15.0298
-2.09663 -14.9364 -29.953 -0.702712 -2.05632 -15.0626 2.55725 15.2832 30.3565 1.80931 2.26687 15.2678
-1.77876 -14.179 -29.0371 -0.195302 -2.28091 -14.2641 2.12546 14.6799 29.5413 1.908 2.37799 14.5315
-0.617611 -12.9379 -27.1389 -2.30915 -3.26519 -14.135 0.933609 13.5899 27.5211 2.6153 3.29524 14.4597
-1.61213 -12.0233 -28.4776 -2.18022 -3.59126 -14.1436 2.27026 12.705 28.9552 2.35599 3.88715 14.3655
-2.5479 -12.0112 -29.4058 -2.31252 -3.48433 -13.7542 2.83628 12.6441 29.8315 2.54052 3.67929 14.0021
-1.99108 -12.4341 -28.8743 -2.34826 -2.38302 -12.9182 2.27999 12.9593 29.2276 2.46699 2.42149 13.1749
-2.88901 -12.6242 -30.0198 -1.91235 -1.78303 -13.3335 3.44927 13.0466 30.4291 2.5488 2.5071 13.597
-1.94663 -12.6257 -30.7398 -2.35318 -1.0939 -13.6971 3.11681 12.9954 31.138 2.77684 1.67109 13.9572
-1.1126 -13.2158 -30.1627 -1.89863 -0.344042 -13.7113 2.09502 13.6461 30.5424 2.16123 0.643241 13.9452
0.0572 -13.7376 -29.5478 -0.798676 0.0850431 -14.1132 1.27225 14.215 29.856 1.37916 2.36212 14.248
0.876897 -13.9063 -30.0734 -0.292574 0.00554694 -15.1619 1.57877 14.4196 30.4102 1.0342 1.12667 15.2293
0.818393 -13.8909 -30.7889 0.0669884 0.23535 -16.0491 1.61715 14.3173 31.1368 0.96826 0.975932 16.0977
0.70446 -13.8307 -31.3812 0.458765 0.905706 -16.4166 1.42875 14.2103 31.7214 0.996241 1.37213 16.4743
0.712908 -14.2132 -31.9934 0.74986 1.30693 -16.4776 1.59884 14.5452 32.3672 1.06061 1.69453 16.5861
-2.84227 -9.3763 -20.7754 -4.54091 -2.06426 -11.0532 3.18773 9.4298 21.1247 4.60496 2.52478 11.1112
-3.07779 -5.14105 -15.9093 -8.86152 -2.46636 -7.61071 3.13325 5.20348 16.218 9.24159 2.83052 7.73601
0.545083 -3.42257 -8.4796 -2.54206 -0.109579 -4.778 1.46545 3.6597 8.72598 2.75921 1.64709 5.10911
0.94423 -2.33278 -5.23446 -0.206886 0.163519 -3.66665 1.1854 2.87716 5.50812 0.977372 1.04931 4.10675
1.09321 -3.27149 -5.04224 1.95289 -0.0973144 -5.11272 1.45082 3.79548 5.29864 3.08545 0.309151 5.64783
0.433262 -2.89765 -7.38117 -19.3844 -11.5014 -3.81196 2.03306 3.70245 7.41098 19.4141 11.6219 4.51645
-17.5837 -1.83613 -3.16414 -27.2016 -18.5869 -4.53491 17.5958 2.41631 3.53968 27.3555 18.6732 5.8527
-20.7295 -0.381316 -0.355652 -29.3641 -21.5935 2.41915 21.0473 1.43643 0.811012 29.6427 21.7028 3.10954
-21.2763 1.0188 4.31824 -31.8004 -22.8216 1.32474 21.7887 1.18364 4.45178 31.8417 23.0165 1.49688
-16.0828 6.31113 5.25038 -38.3556 -19.4338 6.17263 16.836 6.42291 5.27616 38.4388 19.7093 6.2105
-17.1583 5.89376 4.2939 -38.886 -18.6048 6.94505 17.6386 6.19401 4.35621 38.8897 19.1064 7.2195
-16.0871 5.60266 3.04059 -41.3294 -17.7385 5.88292 16.5451 6.00019 3.08746 41.3599 18.1296 6.20456
-16.9358 5.51142 3.12281 -42.5903 -18.169 5.66086 17.2903 6.05949 3.15286 42.6114 18.3614 6.05134
-16.3404 5.13653 3.27418 -40.223 -20.0198 5.24631 16.6597 5.67612 3.28627 40.2807 20.1409 5.74522
-15.8443 4.17776 3.59249 -38.3331 -20.5884 4.99424 16.0588 4.61992 3.62125 38.4496 20.6235 5.6162
-15.0032 3.12947 2.94826 -35.9347 -19.5492 4.27383 15.1218 3.45822 2.96754 36.0947 19.5571 4.69717
-14.2036 2.18187 1.75011 -34.8488 -17.2053 3.20441 14.2963 2.39939 1.80558 35.0078 17.2058 3.35281
-12.4931 1.74622 1.16645 -34.6102 -16.0911 2.29449 12.5687 1.89176 1.25568 34.7627 16.0932 2.34114
-12.1537 1.79355 0.670037 -33.4701 -15.5804 1.58127 12.2205 1.81484 1.00065 33.5851 15.5809 1.64892
-11.1367 1.37172 0.019157 -33.1447 -14.7105 0.808626 11.1676 1.38284 0.595432 33.3465 14.7162 0.880783
-10.8275 0.214392 -0.433363 -31.2975 -14.1705 0.532248 10.8721 0.527339 0.899817 31.5069 14.2298 0.8739
-10.331 0.22425 -0.159103 -30.2065 -15.0175 -0.441425 10.3665 0.831887 0.957881 30.3784 15.1077 0.835281
-10.3441 -1.2909 -0.0671171 -29.559 -15.417 -1.41018 10.381 1.31504 0.799442 29.8631 15.5027 1.7025
-9.92203 -2.18412 -0.280905 -28.7748 -14.9529 -2.4217 9.97677 2.22827 0.456898 29.1233 15.0613 2.8205
-10.2925 -2.6062 -1.21419 -27.1839 -14.5725 -3.81081 10.3619 3.01065 1.36478 27.4259 14.6925 4.16123
-9.95602 -2.91081 -1.50903 -25.6068 -14.2915 -0.680016 10.014 3.12319 1.68583 25.8058 14.37 1.19878
-9.73158 -3.65959 -1.27595 -25.7943 -13.7774 -2.3334 9.77423 3.73793 1.29023 25.9913 13.8212 2.38756
-10.0254 -3.45561 -1.84698 -26.8085 -13.3336 -3.62851 10.0519 3.49491 1.86951 27.0023 13.3666 3.70569
-9.7956 -3.09541 -2.42629 -27.8879 -12.0059 -2.59327 9.83028 3.13258 2.60472 28.0635 12.041 2.72787
-9.66254 -2.60775 -2.54362 -27.8924 -12.1852 -2.60474 9.7212 3.37772 2.8443 28.0213 12.2011 2.85916
-9.3558 -1.71505 -1.95169 -29.1422 -12.6244 -2.56779 9.46802 3.15255 2.56259 29.2869 12.628 2.95546
-9.82311 -1.29963 -1.52551 -29.5972 -12.9448 -1.52568 9.89106 1.75021 1.90908 29.7334 12.9547 1.82688
-10.0019 -0.758733 -1.16628 -28.7278 -13.7806 -0.361432 10.0416 2.09383 1.6069 28.8334 13.7812 1.35484
-10.1551 -0.818397 -0.307621 -29.3608 -13.9327 0.565681 10.2326 1.86001 1.12588 29.481 13.9425 1.36242
-10.8899 -0.423501 0.437284 -29.8164 -13.4853 1.15645 10.9803 1.20598 1.06488 29.9197 13.4984 1.68793
-11.1489 0.331607 0.313579 -30.6414 -13.3454 1.18304 11.2541 1.09267 1.09049 30.7341 13.3533 1.58749
-11.059 1.23791 0.800027 -31.087 -13.2069 1.49112 11.1929 1.66419 1.19491 31.1769 13.2145 1.75807
-7.72689 -1.70669 -5.26383 -20.9273 -8.95509 -2.14586 7.83519 1.9279 5.2827 21.0659 8.9899 2.16036
-4.63443 -4.75027 -6.87255 -12.6689 -5.14611 -5.09096 4.72297 4.80106 7.00211 13.0963 5.30687 5.22947
-2.14313 -1.43187 -0.665887 -6.3424 -2.94471 -0.898855 2.24844 1.81499 0.978626 6.82597 3.0833 1.43023
-1.73897 0.00805405 1.7148 -5.35995 -2.71534 0.0797898 1.82728 1.04558 2.0419 5.66282 2.90372 0.35457
-1.98028 1.92373 4.07878 -6.14079 -2.49589 -0.776619 2.10722 2.24558 4.32689 6.36528 2.85723 1.14579
-1.38039 1.58195 -12.1026 -5.45994 -2.31619 -0.388799 1.8991 1.98754 12.1093 5.69295 2.84182 1.60945
-0.764698 -19.3169 -15.366 -4.53076 -1.42414 -24.9617 1.48893 19.3226 15.3697 4.9895 1.92271 25.0493
-0.269032 -24.5305 -26.9256 -1.29708 -0.569996 -27.3576 0.587412 24.582 26.9796 1.88332 0.783464 27.8083
2.94458 -21.9388 -29.6667 4.01523 1.95171 -27.8062 3.17019 22.1419 29.7348 4.55817 2.10905 28.4723
4.17624 -18.3564 -33.1892 5.88064 3.60355 -25.8769 4.19777 18.6397 33.2858 6.12812 3.61483 26.2954
4.31987 -17.494 -36.4348 5.3558 5.58335 -25.4147 4.35163 17.8241 36.4628 5.52444 5.74023 25.9918
4.9467 -19.0608 -40.273 3.93078 6.00475 -22.5433 4.99592 19.2404 40.2963 3.96559 6.3124 22.9013
5.15259 -21.5972 -42.0211 4.22552 5.43016 -20.0801 5.21717 21.6255 42.0616 4.25172 5.6962 20.2205
4.90073 -21.9401 -41.3494 3.43169 4.80649 -21.2039 4.96682 21.9582 41.457 3.44848 4.93474 21.2683
4.35488 -21.0918 -39.0219 3.22411 4.20897 -21.983 4.38181 21.1223 39.2158 3.26103 4.28928 22.0003
3.12906 -19.5792 -35.8025 3.06436 3.96468 -22.5972 3.13573 19.6585 36.1507 3.10011 4.02506 22.6013
1.84388 -18.4827 -34.3303 2.09987 2.72973 -21.3586 1.94614 18.5967 34.737 2.2045 2.74013 21.4077
1.08001 -17.1751 -33.0295 1.27026 1.79671 -20.24 1.29172 17.3149 33.3928 1.36973 1.80199 20.3231
0.848175 -15.7527 -32.5761 1.23274 1.09449 -18.7215 1.05178 15.9011 32.93 1.27259 1.17644 18.8026
0.812704 -14.1683 -32.4967 1.12474 0.351638 -16.6434 1.11141 14.4124 32.8847 1.21871 0.824417 16.8031
0.357937 -13.3037 -32.2269 0.161321 -0.191438 -15.6678 1.0568 13.7533 32.6881 0.317818 0.40181 15.8668
-0.630666 -13.0948 -31.5054 -0.0181689 -0.760334 -13.8015 1.39357 13.7136 31.8896 0.803256 1.26866 14.1608
-1.72359 -13.5027 -31.7194 0.565931 -1.95513 -14.0589 2.19191 13.9817 32.2282 0.997388 2.22365 14.4377
-2.38413 -13.0913 -31.4128 -0.689761 -2.13079 -13.517 2.7432 13.5627 32.0436 1.08172 2.58576 14.0086
-1.33462 -12.2102 -30.8794 -1.31504 -1.21694 -13.3221 1.89836 12.8994 31.5728 1.35996 1.34073 13.9344
-0.25532 -11.3432 -31.6457 -2.389 -3.44182 -13.8033 3.25769 12.2687 32.4012 2.86207 3.57785 14.2974
-0.976537 -11.1613 -30.6003 -2.72908 -3.59037 -13.8248 1.95705 12.501 31.2507 2.96942 3.65832 14.3692
-2.79149 -10.8049 -29.7941 -2.58319 -1.97922 -13.7103 2.80386 11.7398 30.3722 2.80914 2.00553 14.2372
-2.36214 -11.219 -31.2799 -2.7308 -1.89965 -13.455 2.49719 12.0263 31.9519 3.21974 2.12171 13.9276
-2.71337 -10.9751 -31.4092 -1.75644 -1.27652 -14.1907 3.09736 11.6651 32.1034 2.32438 1.60534 14.6534
-2.17436 -10.7137 -30.7523 -1.89664 -0.989249 -14.5792 2.72395 11.2923 31.3343 2.1528 1.19924 14.9953
-1.39362 -10.9099 -32.5105 -1.42575 -0.472139 -14.8247 1.69274 11.5622 33.0938 2.12418 1.2761 15.136
-0.3399 -11.3615 -32.3997 -0.497274 -0.307742 -15.3292 0.856869 12.0225 32.951 1.13291 1.06311 15.5211
0.426672 -11.9618 -33.2565 0.21302 0.122223 -15.0537 1.07094 12.6227 33.8436 0.936038 0.940349 15.1995
0.209006 -12.1155 -33.1774 0.760884 0.972361 -15.9187 1.15991 12.6379 33.682 1.18397 1.4495 16.0454
0.471895 -11.862 -33.2913 0.855841 1.29504 -15.9794 1.65741 12.2489 33.7571 0.985884 1.81642 16.1647
1.11556 -13.4521 -34.209 0.797691 1.48079 -15.1591 1.74457 13.7956 34.6974 0.910839 2.07022 15.4174
-2.62319 -8.37435 -21.0006 -5.06913 -3.01656 -9.76313 2.96967 8.392 21.4578 5.24665 3.28532 9.83413
-2.0959 -4.93353 -14.3543 -7.54831 -2.61409 -6.31501 2.19853 5.11639 14.618 8.3083 2.81235 6.59686
1.7781 -2.4764 -7.3048 -1.3558 -0.18675 -3.98575 2.19144 2.69294 7.57427 1.54527 1.69713 4.19661
1.5292 -1.6261 -5.31193 1.10053 0.645349 -5.57243 1.76078 2.19058 5.56862 1.80913 1.25757 5.79936
1.69815 -4.27405 -4.3626 -17.9105 -0.234533 -4.60886 2.18881 5.13345 4.49491 18.0708 0.297806 5.33032
-2.84232 -0.801366 -5.69917 -20.2632 -24.4705 -1.97922 3.45759 2.38284 5.74635 20.3055 24.6109 3.64009
-19.2171 -1.97367 -2.1125 -24.5516 -21.7838 0.415937 19.2266 2.59333 2.32276 24.8564 21.8557 2.03479
-23.408 0.92401 1.46812 -26.6418 -24.5506 1.35831 23.622 1.42761 1.65605 26.7845 24.7795 1.82316
-16.8716 2.65844 5.57298 -34.7549 -20.5797 2.96398 17.4902 2.67817 5.69116 34.9183 21.1567 3.18334
-14.9227 5.74061 4.64875 -39.1057 -17.8171 6.25617 15.4881 6.05243 4.69629 39.1067 18.3404 6.4111
-15.0397 5.79026 3.34841 -38.6515 -18.7029 7.2899 15.6393 6.12504 3.46304 38.6537 19.2981 7.7724
-16.1142 6.00548 2.8081 -40.6594 -19.1894 6.56864 16.5736 6.3205 2.8743 40.6775 19.4981 6.86564
-16.8474 5.35588 2.8839 -40.4765 -21.0614 5.9343 17.1569 5.63496 2.96792 40.4943 21.1264 6.21149
-16.9301 4.67398 2.86671 -39.2203 -21.5814 5.11253 17.2238 4.94478 2.86767 39.2972 21.6137 5.28049
-16.6676 3.65003 3.21775 -37.2618 -21.2931 4.16012 16.8255 3.92481 3.24065 37.363 21.3208 4.27425
-15.0674 3.31843 2.50458 -35.7754 -19.937 3.32881 15.1885 3.66759 2.5298 35.878 19.9568 3.49142
-14.3652 2.65735 1.54664 -35.1489 -17.9487 2.49333 14.493 2.99637 1.60934 35.2709 17.9793 2.58689
-12.7211 2.73182 1.12872 -34.4186 -15.7458 2.45499 12.7604 2.87519 1.22127 34.5212 15.7533 2.69825
-12.0154 2.41465 0.441235 -34.3521 -15.171 1.70196 12.0332 2.43707 0.614098 34.4629 15.1882 1.81188
-11.6707 0.832282 0.10004 -32.13 -15.8935 0.875751 11.674 1.04065 0.628696 32.2728 15.9131 0.996668
-11.1674 0.953676 -0.318269 -30.9925 -15.6518 0.332591 11.168 1.34343 0.753932 31.1648 15.7258 0.742826
-11.0346 -0.71169 -0.37857 -29.556 -16.1323 -0.433256 11.0479 0.905555 0.549333 29.7143 16.236 0.695608
-11.3573 -1.8944 0.00096511 -26.808 -15.6669 -1.59921 11.3727 2.06297 0.322735 27.0105 15.7492 1.99871
-11.1075 -2.70428 -0.503001 -26.1558 -14.7041 -3.49404 11.1381 3.35746 1.20519 26.2972 14.7791 3.89447
-11.1675 -2.80974 -1.25303 -26.5205 -13.7427 -3.83754 11.1875 3.44365 1.7782 26.6765 13.836 4.12068
-10.7022 -3.93503 -1.9894 -26.7484 -13.1233 -1.43813 10.7241 4.03585 2.01107 26.9373 13.1735 1.55094
-10.493 -3.42831 -1.12685 -26.7031 -13.4103 -2.89852 10.4994 3.54834 1.47123 26.7962 13.4399 3.14048
-10.2426 -3.04734 -2.45827 -27.2159 -13.7473 -2.8893 10.2437 3.21446 2.67662 27.3001 13.7786 3.08808
-10.0554 -3.28302 -2.31353 -26.8104 -12.8179 -2.32838 10.0591 3.38507 2.52556 26.8789 12.8678 2.48289
-9.55883 -1.91569 -2.2922 -28.0393 -12.8673 -2.86364 9.58091 3.96473 2.95692 28.1379 12.8868 3.33504
-9.82561 -1.94202 -2.22 -28.4291 -13.1317 -2.63275 9.8505 3.02012 2.67729 28.5372 13.1324 2.88923
-9.77986 -1.23256 -1.46659 -28.9626 -13.7729 -1.48721 9.78221 1.67529 1.99494 29.0453 13.7735 2.21908
-10.5779 -0.527967 -0.376573 -28.907 -14.3387 0.157191 10.6136 2.27848 1.30007 28.9894 14.3574 1.391
-10.9835 -0.14455 0.391531 -28.9883 -14.5594 0.757666 11.0556 1.33147 1.32199 29.0608 14.6133 1.36068
-11.362 0.660439 0.869394 -30.0695 -14.388 0.99129 11.4566 0.97193 1.47376 30.1317 14.446 1.41842
-11.0546 1.49749 0.680466 -30.4964 -14.4992 1.05217 11.1332 1.67933 1.38666 30.5491 14.5333 1.52732
-10.8985 2.39217 0.721688 -30.2771 -14.4956 1.46351 11.0003 2.5602 1.012 30.3094 14.5121 1.76689
-6.34273 -2.31554 -9.61263 -17.8655 -7.80295 -3.62849 6.41008 2.47441 9.71701 18.0425 7.91943 3.68642
-3.14929 -3.14621 -5.86563 -9.49635 -3.74826 -4.67309 3.25244 3.46105 6.02906 9.95094 3.89661 4.91673
-2.03659 0.286931 1.16765 -5.78078 -2.29938 -0.481724 2.24772 1.12741 1.8031 6.25385 2.44406 1.07622
-2.28714 0.309993 2.29887 -5.09515 -3.66536 -0.0689192 2.40936 1.24143 2.59532 5.38799 4.17416 0.446749
-2.24911 1.26976 1.589 -5.42149 -2.85712 0.464945 2.33346 2.19515 2.6304 5.77524 3.25065 1.47308
-1.08166 -11.6657 -12.2918 -4.76276 -2.65135 -24.1455 1.54506 11.6747 12.3515 5.11432 2.82603 24.1545
-3.49604 -18.3615 -29.8644 -2.81374 -1.94644 -23.7873 3.54142 18.4525 29.941 3.3159 2.01128 24.054
1.52696 -25.1938 -28.9151 1.14008 1.20778 -25.9239 2.77433 25.2046 28.9589 2.26194 1.43016 26.3893
2.74712 -19.7588 -36.1318 5.55739 2.24119 -24.4728 3.39663 19.9039 36.252 5.97901 2.60702 24.7939
5.00697 -18.3006 -36.8429 5.83761 4.70068 -24.8082 5.02805 18.4391 36.9764 6.08376 4.74987 25.1088
4.20506 -18.0165 -38.0058 4.93237 5.45991 -24.3456 4.20731 18.2975 38.0493 5.04718 5.58209 24.5077
5.56594 -20.0436 -41.6483 4.20409 5.7397 -21.6616 5.64566 20.1019 41.7132 4.24428 5.90314 21.7376
4.60556 -20.913 -42.0027 4.16213 5.10338 -22.4787 4.6417 21.0042 42.1211 4.1916 5.22223 22.5229
4.64212 -20.6483 -41.7303 3.18226 4.32734 -22.4832 4.78301 20.7268 41.911 3.23822 4.38134 22.4835
3.81662 -20.2847 -39.2109 2.81504 4.01672 -22.7038 3.98333 20.3558 39.4389 2.89426 4.03972 22.7128
3.01925 -20.061 -36.1677 2.10787 3.53726 -21.9523 3.04226 20.157 36.4577 2.12388 3.58979 21.9616
1.89026 -17.7977 -34.7826 1.3113 2.48756 -20.796 2.09867 17.9807 35.1469 1.34288 2.53893 20.8135
1.28346 -16.3501 -33.9475 1.24389 1.49956 -18.915 1.4571 16.6063 34.3507 1.25157 1.50986 19.0199
1.30137 -15.4914 -33.6662 1.29169 0.828998 -17.6818 1.46276 15.7333 34.0778 1.47224 1.01483 17.7946
1.15337 -13.8234 -32.9912 0.293117 0.214451 -16.0938 1.84546 14.0696 33.294 0.930866 0.916241 16.1689
0.829471 -13.6122 -34.0727 0.117505 -0.487889 -15.608 1.52286 13.896 34.4599 0.648316 0.918884 15.7169
-0.57037 -12.947 -32.8922 0.578988 -0.931078 -15.4758 1.2604 13.381 33.3292 0.758141 1.20373 15.6562
-1.57171 -12.1464 -32.18 -0.265796 -1.15527 -14.8186 2.34177 12.7166 32.7716 0.980554 1.69362 15.1309
-2.39167 -12.2494 -30.3261 -0.000867262 -1.37107 -15.1958 2.71458 12.9421 30.9788 0.944053 2.00076 15.5946
-1.91168 -12.716 -28.7022 -1.57006 -1.8627 -15.4089 2.14066 13.4119 29.3018 1.59255 1.98119 15.8265
-1.23567 -13.3537 -28.7837 -1.54766 -4.1799 -15.8355 3.30763 13.9717 29.4884 2.46689 4.60814 16.1897
-2.01436 -12.9621 -28.2888 -2.98519 -4.09981 -15.13 2.61277 13.6606 28.9335 3.39497 4.1887 15.4362
-2.24683 -12.1309 -29.5323 -2.5636 -3.33196 -14.5432 2.35743 12.7015 30.1257 2.75135 3.61125 14.727
-3.12825 -11.3363 -30.8514 -2.30548 -1.66209 -13.8165 3.16666 11.7332 31.423 2.94867 2.12246 14.0313
-3.04815 -11.513 -29.6917 -2.61118 -1.18263 -13.8439 3.4475 11.8034 30.1533 3.24278 2.1366 14.1407
-1.53954 -11.7261 -29.9713 -1.69071 -0.845269 -14.2717 2.72741 12.004 30.4476 2.06269 1.32617 14.5816
-0.448496 -11.8623 -31.4807 -1.2216 -0.347535 -14.7552 1.67669 12.1712 32.0206 1.8763 1.23273 14.9715
0.778043 -12.3688 -31.7223 -0.982726 0.229613 -15.5573 1.76407 12.8161 32.2602 1.69737 1.74952 15.6843
1.1357 -12.9738 -31.862 -0.620203 0.653916 -15.672 1.82463 13.5185 32.3824 1.13905 1.08565 15.7704
0.849004 -13.0436 -31.4751 0.399094 1.08372 -16.3473 1.58717 13.4681 31.9588 0.816545 1.35687 16.4117
0.687481 -12.5494 -31.6242 1.07303 1.38946 -16.5318 1.57804 12.8136 32.116 1.21444 1.60245 16.6419
0.67799 -13.3794 -33.0368 1.65782 1.99373 -16.303 1.32094 13.6283 33.5868 1.73991 2.21379 16.5115
-3.65657 -6.047 -18.1611 -7.51074 -2.98156 -8.97742 3.74522 6.26057 18.7095 7.76164 3.21522 9.01283
-2.47537 -3.69246 -10.5532 -6.64622 -2.16059 -4.74634 2.71533 4.96596 10.738 7.39489 2.55232 4.96335
1.46815 -2.48195 -6.46514 -1.1626 0.886953 -3.10041 1.90297 3.595 6.74142 1.22484 2.04267 3.46121
0.960693 -2.09065 -6.79066 1.7389 0.570073 -3.11927 1.03002 3.01283 7.26598 2.75597 1.23135 3.65519
1.07414 -4.66246 -4.73652 -18.2878 0.108325 -4.4565 1.98117 5.2877 4.77344 18.5783 0.518931 5.06888
-16.0297 0.333681 -4.62991 -22.7209 -17.5405 -0.722908 16.1035 3.70271 4.73495 22.9817 17.6187 2.65717
-18.1766 0.0698928 -1.62644 -35.0962 -17.7418 0.341145 18.6003 2.87898 1.72285 35.3859 17.7956 1.83102
-21.0819 3.13363 1.04002 -32.2294 -22.5877 3.34712 21.4141 3.98067 1.05571 32.4038 22.7408 3.87182
-15.1627 5.02646 4.91035 -39.1353 -21.8706 4.58968 15.8308 5.42333 4.9225 39.2637 22.0552 4.82804
-14.8655 5.64434 4.79925 -42.7491 -17.538 6.74111 15.3539 6.38687 4.81006 42.8133 17.8538 7.0114
-14.2971 5.75803 3.43764 -40.6655 -16.535 6.59191 14.7957 6.26372 3.45828 40.7171 16.9871 7.00527
-15.2096 6.34045 3.12451 -45.4849 -17.716 6.15528 15.5318 6.90415 3.18626 45.5803 17.923 6.52529
-16.2552 5.93612 3.47988 -43.9259 -19.1697 5.65164 16.4611 6.4814 3.48185 44.0433 19.2871 6.08386
-16.238 4.9997 3.44548 -39.5006 -19.2632 4.97197 16.3704 5.47339 3.44836 39.6936 19.2824 5.34127
-15.9724 4.07036 3.0764 -37.2977 -19.4445 4.09737 16.0721 4.37682 3.08603 37.5132 19.4453 4.28663
-14.3015 3.21488 2.42015 -34.4664 -18.9244 3.15866 14.3626 3.39772 2.42467 34.6255 18.9322 3.19503
-13.563 2.1727 1.10847 -33.4626 -17.4623 2.1591 13.6656 2.2325 1.13426 33.5957 17.4865 2.16467
-12.4913 1.40023 0.649047 -31.5378 -16.1989 1.77481 12.5742 1.71293 0.897308 31.6261 16.2459 1.83082
-11.8594 1.07466 0.134921 -31.1349 -14.1408 1.38647 11.9765 1.45303 0.671062 31.2353 14.1542 1.8508
-11.284 1.399 -0.155026 -30.7918 -13.4597 0.457342 11.3406 1.59729 0.80017 30.8841 13.4683 1.94556
-10.9341 0.0408474 -0.107994 -28.1672 -14.1713 0.0872445 10.983 0.834345 0.51486 28.2499 14.1859 1.78084
-11.2533 -0.629051 -0.461144 -26.6876 -14.2551 -1.16448 11.3044 0.641862 0.714182 26.8132 14.2582 1.67675
-10.8874 -1.30181 0.059989 -25.1838 -14.366 -2.14261 10.9203 1.52461 0.58654 25.2697 14.3672 2.44859
-10.4885 -1.61267 -0.666864 -23.3928 -14.8519 -3.23324 10.5293 1.86209 0.726753 23.4809 14.8558 3.53964
-10.8692 -1.7268 -1.90058 -23.5923 -15.1103 -2.75403 10.9338 1.91132 2.00235 23.6793 15.1218 3.45198
-11.1788 -3.76121 -0.969976 -24.0876 -14.0213 -1.18451 11.2349 3.90201 1.22831 24.1701 14.028 1.86245
-11.2563 -3.24354 -1.31258 -23.1072 -12.8079 -2.5969 11.3166 3.30807 1.59432 23.1591 12.8257 2.60682
-11.0002 -3.16672 -1.9879 -22.3427 -13.2519 -3.67466 11.0499 3.6213 2.57754 22.3932 13.3117 3.72996
-10.7212 -3.09468 -2.3812 -22.8894 -12.96 -3.57367 10.808 3.50372 2.61549 22.9354 13.0537 3.60078
-10.4737 -1.75807 -2.24748 -23.6877 -13.502 -3.07004 10.6006 1.86481 2.63664 23.7025 13.6471 3.24379
-11.1847 -2.13164 -1.58455 -24.5034 -13.8647 -1.46395 11.4211 2.23732 2.47935 24.5158 14.0319 2.13286
-11.5547 -1.3947 -1.0448 -25.2266 -13.7678 0.0953655 11.815 1.78422 1.30971 25.244 13.8925 0.861797
-12.173 -0.911229 -0.180159 -24.6099 -14.1089 0.180952 12.3876 1.50115 1.29398 24.6197 14.2613 0.773003
-12.4352 -0.381362 0.215191 -24.9299 -13.9291 0.186491 12.6421 1.18 1.07542 24.9452 14.099 0.766592
-11.9621 0.177959 0.667446 -25.0305 -14.3907 0.429682 12.2495 1.04937 0.971844 25.0386 14.5986 0.739541
-11.8239 0.716385 1.02898 -25.7963 -14.6684 1.1022 12.0838 1.29687 1.45415 25.8141 14.9402 1.21767
-11.9883 1.23484 1.21775 -26.5849 -14.0658 1.81714 12.2613 1.72547 1.42327 26.6086 14.3991 1.93218
-6.39711 -4.27576 -8.96671 -14.853 -7.09656 -3.49927 6.62973 4.38698 9.03621 14.9892 7.57591 3.64012
-3.30832 -3.07249 -3.08489 -7.52774 -4.32729 -3.09758 3.52751 3.34418 3.28233 7.86663 4.77652 3.35825
-1.21122 -0.772082 2.11759 -5.72012 -2.58487 -0.491932 1.54678 1.46577 2.54943 6.02054 2.72909 0.503916
-1.30262 0.575798 2.42393 -5.752 -1.85048 -0.776541 1.5433 1.39607 2.64608 5.97759 2.02528 1.30345
-2.72186 1.46213 -5.00185 -4.93068 -2.15739 1.12859 3.23635 2.61093 5.19418 5.21305 2.41708 1.55856
-0.165238 -11.9594 -14.1844 -5.52866 -1.6606 -15.4222 1.28972 12.036 14.3331 5.83524 1.83053 15.4431
-0.68232 -22.4977 -27.1457 -3.34891 -2.23765 -23.8688 1.45409 22.686 27.32 3.6749 2.25446 24.0973
2.04891 -21.9918 -29.3234 0.839819 1.20472 -27.6521 2.16653 22.0534 29.5186 2.11778 1.29154 28.0068
3.13605 -18.1057 -33.797 5.44482 1.9311 -26.081 3.29172 18.1756 33.9402 6.34013 2.23051 26.36
4.63999 -15.0271 -39.3346 5.18504 4.39524 -23.9745 4.72488 15.074 39.4974 5.31668 4.46227 24.1718
4.48972 -15.9303 -40.0061 5.02735 5.70906 -21.8535 4.50533 15.9974 40.0959 5.15103 5.86579 22.0826
5.5097 -18.544 -44.9871 3.99062 6.16601 -20.5553 5.60808 18.5915 45.0783 4.12164 6.45486 20.6194
5.47874 -20.6056 -43.9981 3.8581 4.93698 -22.2581 5.57736 20.6777 44.2206 3.90139 5.10036 22.3584
4.84136 -20.5225 -41.1372 3.54561 4.249 -22.6881 4.92617 20.633 41.4813 3.58954 4.28346 22.7154
3.99702 -19.5896 -38.6477 3.57966 3.63921 -24.0416 4.09816 19.784 39.1106 3.66644 3.64869 24.0593
3.03414 -19.2716 -35.9963 2.87849 2.90907 -23.6298 3.12293 19.4919 36.4835 2.99382 3.05795 23.642
2.04855 -17.6041 -34.0318 1.7139 1.97512 -20.1761 2.16952 17.9173 34.5088 1.76709 2.24359 20.2143
1.10923 -16.6314 -33.474 1.13182 1.25014 -19.0712 1.42577 16.9347 33.9156 1.20741 1.50012 19.1254
0.473606 -14.9809 -33.6637 1.18438 0.757329 -17.2402 1.46813 15.2123 34.1318 1.23751 0.845914 17.2848
-0.0144359 -15.1059 -33.6383 0.818609 0.832561 -14.8247 1.43745 15.3861 34.1042 0.818897 0.84003 14.8971
-0.143928 -15.2663 -32.0922 0.491828 0.440522 -14.2573 0.934384 15.5243 32.5311 0.687708 0.741037 14.3639
0.0635113 -15.1674 -31.8679 -0.174546 -1.04829 -13.5087 1.15048 15.4934 32.359 0.979136 1.267 13.6827
-1.67874 -14.6188 -31.059 0.0167323 -2.49994 -13.0989 2.38029 15.166 31.6441 0.97637 2.66523 13.3515
-1.66783 -14.7824 -29.7687 -1.57195 -2.55674 -13.6966 2.09944 15.3475 30.5403 1.60503 2.67654 14.0122
-0.386082 -13.0768 -27.7415 -1.39535 -3.04695 -14.1056 1.65471 13.7458 28.4287 1.98844 3.49407 14.5726
-2.77306 -11.8344 -27.5596 -2.46749 -3.15284 -14.7335 3.22927 12.354 28.337 2.78737 3.72589 15.2147
-2.55426 -11.3338 -27.9128 -2.45681 -2.69291 -14.2927 2.63986 11.9616 28.6696 2.6432 2.89172 14.6566
-1.24721 -11.2773 -29.3378 -2.59965 -2.87506 -13.0873 1.5448 11.8565 30.0198 3.3205 3.65683 13.3607
-1.76816 -10.8951 -31.0675 -1.70275 -2.69273 -12.4857 2.66944 11.4125 31.7267 2.38065 2.71292 12.7044
-1.09582 -10.6149 -30.3263 -2.22305 -1.59032 -12.8822 1.47971 11.117 30.8563 2.5307 1.82965 13.2041
-1.58549 -10.8987 -30.3182 -1.59939 -0.801958 -13.5884 2.54285 11.2542 30.9019 2.58292 1.73587 14.0133
-1.08669 -10.9971 -31.8044 -1.41715 0.041549 -14.0101 2.21831 11.3783 32.5238 1.91081 0.847959 14.4862
0.251849 -11.425 -31.6028 -1.24123 0.718466 -14.9282 1.50671 11.8461 32.3249 1.70904 1.65267 15.2788
0.751791 -11.6093 -31.2432 -0.127812 0.710016 -15.6891 1.45072 12.1629 31.9112 0.940472 1.50869 15.9342
0.909418 -11.7905 -31.7429 0.617202 1.01726 -16.1685 1.67195 12.3828 32.3945 0.946908 1.55336 16.3561
0.992686 -11.6694 -32.9354 1.12702 1.28447 -16.0327 1.77713 12.2924 33.6599 1.22359 1.66343 16.258
-1.62683 -9.47687 -23.9456 -1.83063 -1.38131 -12.9916 2.47391 9.86077 24.4722 1.90112 2.04062 13.0893
-2.90527 -5.68147 -17.4557 -6.36444 -3.03681 -9.17341 3.10616 5.68807 18.0795 6.91298 3.21558 9.20454
0.149834 -3.12479 -10.1856 -3.24058 0.117673 -4.84864 1.19802 3.30667 10.5024 3.71252 1.43 5.08412
0.868498 -2.105 -6.03984 -0.359222 -0.0346781 -3.80338 1.30279 2.20953 6.41271 0.667275 1.32148 4.07935
0.495162 -1.58116 -5.93312 2.34683 -0.374105 -4.20407 0.674279 1.86642 6.28396 3.45409 0.684954 4.62385
0.762509 -2.01027 -6.33192 -17.7291 -15.6974 -4.98749 1.68067 2.70107 6.41172 17.9497 16.0402 5.30908
-5.48653 -2.02532 -3.58492 -24.1776 -21.3661 -5.23504 5.98949 2.74228 3.89366 24.2387 21.4598 6.27533
-19.5445 -1.57912 -0.992261 -25.4247 -22.702 1.82146 19.7397 2.50593 1.62971 25.65 23.0002 3.07044
-22.8469 2.61044 3.75381 -28.2798 -22.2948 0.638056 23.2447 2.96208 3.87813 28.3223 22.6556 1.02679
-17.3694 3.73593 5.04665 -34.5374 -20.7001 4.47299 18.3171 4.14824 5.0645 34.6136 21.3752 4.56346
-16.7428 6.1718 4.86827 -37.2257 -18.1137 6.44965 17.3596 6.76762 4.95072 37.2305 18.7988 6.70668
-16.7229 5.44122 2.86277 -38.2635 -19.4429 6.5168 17.4997 6.05149 3.00243 38.2678 20.0109 7.1555
-17.9002 5.73404 2.85146 -38.8052 -19.3725 5.82404 18.4527 6.39698 2.86781 38.8116 19.7737 6.48808
-18.1484 5.17858 2.88847 -37.4751 -20.9013 5.55488 18.6018 5.92582 2.89557 37.4824 21.1572 6.25783
-16.7698 4.4663 3.17051 -35.9578 -20.6156 4.70263 17.156 5.05605 3.18768 35.991 20.6821 5.147
-16.5891 3.48834 2.71653 -33.5329 -20.0453 3.87894 16.8336 4.0072 2.7562 33.57 20.0905 4.13528
-15.8744 2.32949 1.78603 -31.1241 -19.1849 3.14611 16.0568 2.59497 1.918 31.1688 19.2179 3.29293
-15.251 1.76444 1.11825 -31.3013 -18.0824 2.47995 15.4858 1.99356 1.16956 31.341 18.1749 2.60262
-13.8421 1.77615 0.669502 -30.4679 -16.1719 1.92766 13.9854 1.79953 0.894836 30.4837 16.2276 2.05621
-12.7952 1.69509 0.116702 -29.7239 -14.4456 0.957895 12.9346 1.70473 0.560228 29.7514 14.4836 1.3201
-12.2057 0.605023 -0.230233 -28.4795 -14.9422 0.29326 12.3384 0.820453 0.740151 28.5344 14.9927 1.32702
-11.6861 0.246665 0.0229864 -28.2127 -15.0607 -0.372943 11.787 0.615667 0.823151 28.285 15.0874 1.69192
-10.9816 -0.645871 -0.0668534 -26.2398 -14.7293 -1.65446 11.0514 0.915154 0.476966 26.3053 14.7586 2.35133
-10.9981 -0.90559 -0.251884 -25.3181 -15.2748 -2.40419 11.0379 1.41687 0.48352 25.3871 15.3217 2.91425
-10.9302 -2.87705 -1.14295 -25.0385 -15.6247 -3.11132 10.9725 3.16579 1.19041 25.1008 15.6497 3.45217
-10.4694 -0.988356 -1.84497 -24.3783 -14.2339 -3.13465 10.5367 2.16704 1.89872 24.4426 14.2563 3.44552
-10.2821 -3.59437 -1.04395 -24.5941 -13.5154 -2.33982 10.3101 3.88763 1.07079 24.6764 13.5453 2.43687
-10.4146 -3.8165 -1.44557 -25.1455 -13.5807 -2.81922 10.445 3.9774 1.64785 25.2218 13.6228 2.85998
-10.1902 -2.97776 -2.2985 -25.3289 -13.7064 -2.93649 10.2412 3.06049 2.38919 25.3683 13.7625 3.02924
-9.53841 -2.47487 -2.89296 -25.9894 -12.6807 -2.24581 9.58896 2.53658 3.05766 26.0338 12.7048 2.3689
-9.83205 -2.55335 -2.23817 -25.7099 -13.0467 -1.85131 9.91661 2.60094 2.4737 25.7527 13.0568 1.98655
-9.93704 -1.79347 -1.57652 -26.3447 -13.7652 -1.35725 10.0596 2.28797 1.94081 26.3922 13.7846 1.55887
-10.229 -0.633845 -0.742845 -26.5578 -14.2992 -0.628047 10.3554 0.782671 1.15873 26.604 14.3396 1.07116
-10.1842 0.132883 -0.338091 -27.6938 -14.1531 -0.170514 10.2917 0.205013 0.969533 27.7355 14.1958 0.821014
-10.1039 0.39081 0.284663 -27.7095 -14.8786 0.469284 10.2435 0.577404 0.832725 27.7346 14.9527 0.949746
-10.2418 1.03813 0.538964 -28.0449 -14.8393 0.93848 10.4262 1.13714 0.977664 28.0597 14.8936 1.33746
-10.9438 1.55037 0.845276 -28.2722 -14.9343 1.12125 11.2168 1.60863 1.33564 28.2819 15.0374 1.39888
-6.89217 -0.840975 -6.53635 -19.0604 -9.41139 -2.35636 7.1001 1.00969 6.60559 19.1324 9.52073 2.37303
-3.76727 -3.61577 -7.57262 -12.7485 -5.04678 -5.02751 3.87729 4.0489 7.61513 13.0969 5.30201 5.22979
-1.89907 -0.809565 -0.773764 -6.72755 -2.91623 -1.68852 2.00138 1.46259 1.19954 7.19157 3.04462 2.05937
-1.54085 -0.114647 2.58015 -5.54057 -2.37626 -0.30039 1.61265 0.850677 2.95281 5.8087 2.5345 0.324856
-1.89534 2.37007 4.46556 -6.30842 -2.12536 -0.64643 1.95207 2.83198 4.58955 6.52647 2.40898 1.11094
-2.04237 2.58427 -11.8958 -5.5911 -3.09388 -18.7044 2.6607 2.84946 11.9094 5.86667 3.31415 18.8071
-2.29056 -17.2609 -19.6165 -3.84713 -4.23113 -24.3452 2.64969 17.2809 19.6312 4.28234 4.3005 24.7535
-1.58874 -20.2508 -29.4544 -0.547576 1.09071 -26.6706 2.26136 20.2557 29.5449 1.8248 1.23232 27.1124
2.40278 -21.6095 -32.5932 3.53396 1.25829 -25.0278 3.24362 21.6308 32.6732 4.23144 1.56027 25.5146
4.16882 -18.3098 -35.3746 6.05914 4.2024 -23.7154 4.31963 18.3444 35.4984 6.38265 4.20972 24.0482
5.00969 -18.2214 -37.0946 5.66099 5.25854 -24.2892 5.02929 18.3235 37.2059 5.86888 5.29011 24.5001
4.8378 -18.7514 -40.9252 4.19581 6.13742 -22.3695 4.86348 18.814 41.0503 4.2964 6.27886 22.5142
5.31468 -20.8806 -41.8587 4.12485 5.79 -20.7927 5.38589 20.8967 41.9979 4.22098 6.0065 20.8449
4.67042 -19.9616 -43.2383 3.25666 4.41386 -22.1661 4.71438 20.0097 43.4607 3.35674 4.56708 22.2027
4.26369 -19.488 -41.7025 2.98223 3.6599 -22.4477 4.34082 19.6056 41.9913 3.0629 3.8206 22.4582
3.77646 -18.9728 -40.0191 2.40467 3.76319 -21.5643 3.77698 19.1182 40.3943 2.48229 3.98793 21.6184
2.7669 -19.2595 -37.3814 1.49672 2.87769 -20.236 2.84961 19.4581 37.821 1.55907 3.01447 20.3521
1.49776 -16.7346 -36.6581 0.821093 1.76725 -18.8026 1.67452 17.1463 37.1843 0.825562 1.99976 18.9483
0.916482 -15.2277 -33.7242 0.990526 1.05452 -18.1057 1.19461 15.7827 34.1264 1.12211 1.72024 18.289
0.558176 -13.919 -35.8166 0.938667 0.585066 -17.099 1.11754 14.4301 36.3645 1.01532 1.37954 17.3413
0.275588 -13.5047 -36.3034 0.589148 0.107792 -14.6854 1.10758 14.0939 36.8817 0.800254 0.939683 15.0099
0.100345 -14.2122 -35.2366 -0.151234 -0.683153 -13.3566 1.02447 14.817 35.8158 0.639833 0.976647 13.7649
-0.497553 -13.731 -35.6794 0.267464 -1.34513 -13.6052 1.10061 14.425 36.5131 0.500396 1.69864 14.1956
-1.47156 -12.8076 -32.6898 -0.243968 -2.14802 -14.1461 1.78963 13.7541 33.4832 0.713826 2.4139 14.8975
-1.62692 -12.7008 -32.422 -1.1907 -1.59437 -14.5345 1.94745 13.7941 33.2813 1.27694 1.75638 15.3475
-0.516129 -12.3885 -32.3968 -1.4505 -3.4948 -15.2347 1.00684 13.5972 33.4076 1.50826 3.51791 15.9748
-2.20129 -11.8875 -31.6254 -2.88743 -3.01553 -14.7852 2.50794 13.1986 32.6306 2.96429 3.16815 15.5023
-2.11515 -11.9242 -31.6135 -2.30266 -3.26722 -14.0386 2.73912 13.101 32.5785 2.52147 3.39256 14.6212
-2.92175 -11.0701 -32.3891 -1.9081 -2.387 -13.7164 3.23201 12.021 33.2658 2.11674 2.48659 14.3721
-2.26569 -10.7157 -32.0895 -2.06616 -1.82022 -13.1801 2.4144 11.5733 32.7593 2.18401 1.9018 13.8395
-0.972085 -10.7595 -33.2836 -1.51202 -1.89539 -13.2137 1.74713 11.5879 33.9307 2.15285 1.89708 13.6547
-0.135301 -10.7666 -34.5861 -1.42815 -0.930398 -13.2653 1.01122 11.6693 35.2875 1.71562 1.15435 13.646
0.249879 -11.3337 -35.091 -1.59858 -0.137269 -13.9215 1.40786 12.2814 35.8533 1.81216 1.40212 14.3043
0.0516709 -11.3821 -34.1974 -0.838975 0.829143 -14.6431 2.44493 12.2706 34.8769 1.19772 2.04194 15.0371
0.0827265 -11.3316 -34.7122 0.345196 1.12815 -15.604 1.67911 11.9757 35.4349 0.771262 2.08539 15.9694
0.0410476 -11.2023 -35.1299 1.05563 1.12418 -15.6278 1.54612 11.8863 35.9122 1.1736 2.05547 15.9908
0.451732 -11.9171 -36.4722 1.49164 1.21555 -15.5975 1.57382 12.7286 37.347 1.67673 2.14374 16.0008
-3.1203 -7.88941 -22.2279 -4.04938 -4.02088 -9.87871 3.71947 8.03842 22.9686 4.40303 4.45085 9.92647
-1.65047 -3.66685 -14.5247 -7.26808 -2.36338 -6.0355 1.91683 4.00711 14.8319 8.18923 2.41221 6.07431
1.58006 -1.95711 -7.29574 -1.59653 0.20362 -3.88788 2.00834 2.32229 7.64189 1.74453 2.00345 4.07702
1.29899 -1.39876 -5.3096 0.497254 1.01097 -3.83185 1.41916 1.96999 5.5971 1.59638 1.56278 4.02552
0.998967 -3.25463 -3.92674 -1.57221 -1.48291 -4.52849 1.14372 3.66968 4.05253 3.798 1.51501 4.96904
-2.17317 -4.14989 -4.03525 -19.3686 -18.5336 -4.13943 3.03765 4.68737 4.21765 19.4172 18.5651 4.84998
-15.6397 -2.90831 -1.73279 -25.2943 -22.5013 -0.641719 15.7373 3.25922 2.38428 25.4294 22.6226 2.70951
-19.5717 -0.643416 0.738533 -33.723 -22.2585 1.78051 19.882 1.16827 1.20365 33.8404 22.3931 1.90995
-20.7019 2.60371 4.65157 -33.4263 -20.1432 3.7778 21.2938 2.98191 4.72348 33.5709 20.5482 3.83606
-17.4176 6.0325 5.11507 -37.2573 -20.4577 6.80612 18.028 6.54395 5.21141 37.2969 20.8308 6.96363
-16.7697 6.14055 4.06138 -35.8078 -20.1611 6.38973 17.5012 6.89294 4.1658 35.8094 20.5255 6.79236
-16.3724 6.33546 2.79234 -39.2488 -21.6978 6.06881 17.0624 6.9605 2.79481 39.2608 22.0024 6.61449
-17.3178 5.72953 3.0692 -39.0845 -22.5541 5.87384 17.882 6.25305 3.08263 39.0936 22.7442 6.41126
-16.8881 4.70121 3.25494 -37.1277 -22.8848 5.34974 17.4277 5.01087 3.25559 37.1729 23.0277 5.83124
-16.5449 4.48182 3.16667 -35.4277 -20.1381 4.55484 16.844 4.78111 3.18507 35.4605 20.1719 4.9238
-16.9371 3.87448 2.58837 -33.8771 -19.3884 3.87247 17.2035 4.15168 2.5905 33.8954 19.4639 4.10193
-15.3209 3.0363 1.69121 -32.3362 -17.5901 3.14106 15.4963 3.37214 1.72823 32.3626 17.6492 3.19488
-14.6705 2.06434 1.03208 -31.6916 -17.1825 2.20965 14.8815 2.32364 1.13853 31.722 17.2632 2.21226
-13.8658 1.84325 0.542607 -31.3294 -14.6422 1.29654 13.9896 1.84506 0.767922 31.3419 14.6743 1.30902
-13.1891 1.21849 -0.0163448 -30.4432 -14.1397 0.891148 13.2961 1.40098 0.628687 30.4531 14.1554 1.00224
-12.802 0.24415 -0.237978 -27.6154 -15.4077 0.211602 12.8724 1.39405 0.842384 27.6536 15.4268 0.651896
-12.0449 -0.765901 -0.178747 -27.275 -15.3255 -0.525521 12.0841 1.72092 0.890349 27.3266 15.3415 1.17269
-11.6034 -1.71847 0.0913931 -25.7347 -15.5183 -1.89351 11.6283 2.19278 0.503688 25.8074 15.544 2.01415
-12.1029 -2.13803 -0.710362 -25.0618 -15.4966 -2.88769 12.1571 2.65791 0.844285 25.1261 15.4967 2.95755
-12.3238 -2.75543 -1.48436 -24.8183 -14.7802 -3.49742 12.3748 3.13206 1.57885 24.8525 14.7809 3.52063
-11.8561 -3.74448 -1.79822 -23.9865 -13.3434 -3.38795 11.8971 3.89512 1.92123 24.0223 13.3464 3.39552
-12.1463 -3.89995 -1.84404 -23.4445 -12.9479 -2.71968 12.2168 4.21125 1.9955 23.4938 12.9572 3.00284
-11.6209 -3.57162 -1.42331 -24.3779 -13.11 -3.56552 11.6705 3.86137 1.88153 24.4172 13.1375 3.59284
-11.4406 -2.68029 -2.36727 -24.7589 -13.2431 -3.15976 11.5435 2.79547 2.5551 24.7752 13.2752 3.20753
-10.7641 -2.66069 -2.81069 -25.137 -12.7901 -2.66185 10.9111 2.68262 2.9856 25.1459 12.806 2.78839
-10.991 -2.65789 -2.04926 -26.1259 -13.3825 -1.9362 11.1306 2.72234 2.26635 26.139 13.4143 2.18432
-11.0219 -1.72549 -1.26528 -26.2162 -13.3818 -0.940036 11.1823 1.82379 1.65312 26.2284 13.4145 1.06745
-11.4403 -0.352687 -0.318819 -26.951 -13.8588 -0.290563 11.6588 0.860604 1.14768 26.961 13.8943 0.794469
-11.968 0.0866561 -0.187392 -27.2421 -13.8972 -0.0899697 12.1941 0.498729 1.07169 27.2494 13.9639 0.628514
-12.1482 0.690054 0.214941 -27.9967 -14.1972 0.482942 12.3569 0.816256 0.857869 28.0009 14.2659 0.816644
-12.2701 1.40031 0.19175 -28.439 -14.2408 0.8827 12.5249 1.44137 0.92039 28.4413 14.3074 1.17708
-12.6431 1.66647 0.731585 -28.2346 -14.888 1.41048 12.9238 1.70316 1.23725 28.2393 14.9762 1.56724
-7.47173 -2.37865 -7.98125 -18.3071 -8.72688 -2.59655 7.70429 3.00311 8.02551 18.3888 8.86639 2.69477
-3.88016 -4.02217 -6.69182 -9.92546 -4.18564 -4.80793 4.03175 4.61263 6.75049 10.2825 4.41737 5.16846
-1.91941 -0.139603 1.62049 -5.29702 -2.54494 -0.208521 2.04215 0.801574 2.15046 5.67884 2.68294 0.786011
-1.66726 -0.144006 2.98741 -5.83028 -2.35549 -0.535197 1.76986 1.61361 3.28344 6.03336 2.4969 0.774325
-3.2581 2.34698 -2.84757 -5.60377 -2.28222 0.275058 3.25936 2.75026 3.08349 5.7609 2.46854 1.11942
-1.55456 -11.9584 -16.2288 -5.63663 -2.36821 -15.6964 1.87359 11.9613 16.6613 6.07231 2.41954 15.7485
-1.98821 -20.6386 -29.1801 -6.13615 -2.33728 -22.0151 2.19896 20.6825 29.4829 6.62928 2.39561 22.2171
1.37466 -25.9742 -29.9522 -0.0104343 1.92633 -26.4202 2.25412 26.0013 30.1884 1.23523 1.99153 26.6405
2.37622 -21.2024 -35.6865 4.58282 1.77374 -24.6831 3.09664 21.2451 35.9348 5.26446 2.02271 24.864
4.64311 -18.3932 -37.9416 6.48348 4.88393 -21.7552 4.7068 18.4761 38.2538 6.62114 4.89856 21.8974
4.36569 -18.2584 -37.8654 4.46774 5.2117 -22.7433 4.36889 18.3263 38.023 4.57813 5.27629 23.0701
5.53095 -19.8925 -42.9902 3.69809 5.58062 -19.8246 5.60419 19.9173 43.0997 3.80302 5.74281 19.9069
5.00696 -21.9796 -42.1841 3.89579 4.97578 -19.5884 5.02902 22.0896 42.422 4.04715 5.13266 19.6275
4.5258 -21.6465 -41.3787 3.53395 4.17555 -19.9398 4.53397 21.7978 41.7959 3.6683 4.27032 19.9451
3.53974 -19.9228 -38.6165 3.24311 3.69763 -21.3653 3.56804 20.1749 39.043 3.42299 3.71457 21.3663
2.829 -17.6726 -36.9509 2.16223 3.29 -21.1893 2.86157 17.9563 37.5018 2.29188 3.38383 21.1965
2.0436 -16.5617 -36.3265 1.1974 2.54628 -20.3719 2.18146 16.8697 36.9175 1.2267 2.69947 20.4168
1.40612 -14.7937 -35.2589 0.908565 1.67791 -17.5835 1.98836 15.019 35.7904 1.06541 1.77358 17.6498
1.08717 -13.438 -34.2336 0.189057 1.24118 -16.295 1.39682 13.6953 34.6759 0.537727 1.28178 16.4053
0.983758 -11.6375 -35.1004 0.686064 0.744962 -16.2123 1.25202 12.0739 35.7365 0.936552 0.987512 16.3384
0.461734 -10.9624 -34.0427 0.467723 0.42851 -14.6405 0.935801 11.68 34.6782 0.798291 0.872003 14.8297
-0.32234 -11.3909 -34.6752 -0.206981 -0.383832 -14.2868 1.27424 12.1512 35.5879 0.961855 0.721822 14.5464
-1.45964 -11.403 -32.773 -0.618727 -1.7969 -15.0663 1.93894 12.1948 33.5553 1.2959 1.81241 15.4424
-1.72992 -10.9903 -33.6815 -0.634582 -2.18802 -15.1439 2.28959 11.8436 34.6944 1.344 2.31905 15.736
-1.99656 -9.98196 -32.2958 -2.33073 -1.42848 -15.9988 2.16922 10.7685 33.3927 2.56313 1.48334 16.5789
-0.937932 -9.61226 -32.4 -2.52092 -3.17444 -16.2991 1.48413 10.3751 33.6518 2.5693 3.38944 16.8947
-1.60375 -9.19758 -30.2204 -2.75301 -3.40016 -16.6498 2.24758 9.92905 31.2911 2.84394 3.60292 17.1296
-2.85704 -9.97001 -29.1177 -2.53026 -3.02206 -16.7606 2.85787 10.7166 30.1094 2.70383 3.10102 17.1081
-3.29556 -9.60114 -30.1579 -1.71929 -2.30109 -16.2503 3.63456 10.3345 31.1384 2.22902 2.3442 16.5078
-2.68705 -9.31139 -30.9678 -2.0394 -1.77191 -15.6412 3.57333 9.92763 31.9006 2.52884 2.07505 15.9067
-1.64992 -8.87595 -32.5876 -1.21261 -1.14014 -15.0865 2.4166 9.44722 33.4536 1.59763 1.39599 15.359
-0.505024 -9.09388 -34.4268 -0.751352 -0.370775 -14.742 1.41746 9.78103 35.2884 1.18022 1.39637 14.9938
0.404073 -9.63343 -35.4807 -0.611441 0.0573889 -14.5229 1.29012 10.4438 36.2763 1.11572 1.35169 14.7241
0.85318 -9.96013 -34.7631 -0.833639 0.598285 -15.0505 2.08497 10.8023 35.4642 1.0178 1.58098 15.2354
0.700535 -10.3643 -34.1245 -0.0563192 1.2636 -16.2517 2.21763 10.9552 34.8451 0.655663 2.1416 16.4494
0.546176 -10.9713 -34.4867 0.867955 1.2141 -17.4148 1.99681 11.4869 35.3631 0.971972 1.93522 17.5718
0.387527 -11.557 -34.5355 1.51064 1.20023 -17.5047 1.90046 12.165 35.4948 1.59464 2.00883 17.741
-3.35147 -6.34852 -19.9091 -5.19542 -4.22035 -9.55505 3.77581 6.39847 20.7615 5.71481 4.46819 9.56231
-1.65662 -4.0328 -13.0604 -6.9045 -2.78447 -5.38303 2.07041 4.40132 13.56 7.94039 3.18925 5.50471
1.42156 -2.19894 -6.98362 -1.17784 0.471282 -3.04066 1.87626 2.99371 7.36241 1.62072 2.1933 3.40186
1.06794 -1.89234 -5.44015 1.31714 0.432736 -3.76825 1.27416 2.53903 5.68562 2.42616 1.16824 4.21398
0.727488 -4.73049 -4.18501 -15.0825 -7.88683 -4.34774 1.16313 5.29085 4.22278 15.1346 7.91921 4.68496
-2.82849 -1.41413 -2.75532 -20.6203 -22.3885 -3.373 3.35971 2.96791 3.14094 20.7803 22.4024 3.73072
-17.3691 -3.28304 -1.25808 -24.662 -20.746 2.95832 17.4956 3.61828 1.68177 24.9223 20.8253 3.88021
-21.1118 -0.882716 2.43834 -30.6747 -21.96 2.83404 21.4956 1.93707 2.45077 30.7677 22.1763 2.84194
-19.8541 3.03376 5.01673 -33.1544 -19.7546 4.36434 20.7283 3.27055 5.06291 33.2444 20.2924 4.48063
-17.8169 6.05158 4.68377 -37.3748 -17.9683 5.95343 18.5137 6.64455 4.74104 37.3856 18.4219 6.23343
-16.2512 5.48621 3.11729 -37.7958 -19.1572 5.98317 17.096 6.31815 3.16992 37.8158 19.5128 6.49673
-18.1392 5.70231 2.90645 -40.8358 -20.2969 6.04289 18.9118 6.68095 2.92045 40.9084 20.5066 6.64981
-18.9717 4.62248 2.9755 -39.5244 -21.0233 5.36591 19.5653 5.40734 2.98296 39.611 21.1302 5.944
-17.1576 3.95306 3.22818 -37.896 -21.0331 4.84972 17.7021 4.77982 3.23966 37.9979 21.0806 5.24514
-16.6277 3.44915 3.15511 -35.2782 -20.9775 3.99518 16.9429 4.14481 3.19153 35.3664 21.0231 4.22058
-16.3461 3.17358 2.72649 -33.3908 -19.5177 3.43816 16.6126 3.5825 2.73802 33.4684 19.5854 3.54743
-15.7626 2.68501 1.7519 -33.0822 -17.3859 3.05079 15.9766 2.78959 1.78462 33.1199 17.429 3.11233
-14.7012 2.30508 1.04701 -32.9514 -15.0995 2.2795 14.9122 2.31973 1.15752 32.9853 15.1057 2.30798
-14.0513 1.35816 0.452222 -31.6746 -13.6242 1.30946 14.1809 1.55747 0.97493 31.6994 13.644 1.33928
-13.536 1.71412 -0.188508 -31.7996 -13.5787 0.625151 13.6297 1.9881 1.18601 31.8251 13.5977 1.22382
-12.8856 0.215333 -0.608422 -28.7599 -13.4319 -0.702885 12.9492 0.35143 1.15119 28.7951 13.4588 0.976257
-11.9769 -0.824635 -0.267308 -27.7211 -14.0555 -1.47171 12.0485 0.867972 0.486663 27.793 14.0934 1.66083
-11.5863 -2.13123 -0.293494 -26.9267 -15.509 -1.66518 11.6767 2.19544 0.381969 27.0086 15.5288 1.91584
-11.2694 -2.74316 -1.02796 -25.8178 -15.0768 -2.72443 11.3378 2.78204 1.11508 25.9041 15.1418 2.88032
-11.2468 -2.80887 -1.63587 -26.1223 -14.2335 -3.22532 11.3108 3.19791 2.08077 26.1653 14.2992 3.35124
-11.6627 -4.53893 -0.402093 -25.6218 -13.498 -1.88598 11.7162 5.32508 1.62971 25.6862 13.5228 1.98138
-12.0991 -4.2413 -1.82326 -25.866 -12.3107 -3.56783 12.1309 4.56192 2.36419 25.9433 12.335 3.59425
-12.1051 -2.67327 -1.72676 -25.8393 -11.7753 -3.32174 12.1313 2.95935 1.79847 25.8784 11.782 3.52239
-11.5422 -3.0089 -2.18298 -26.1661 -12.3463 -2.13852 11.5871 3.81411 2.64808 26.191 12.3568 2.4903
-11.5312 -2.71807 -2.3366 -25.8483 -13.1813 -2.02652 11.5715 3.19755 2.63288 25.8679 13.1855 2.41993
-12.1622 -1.86504 -1.56934 -26.2203 -13.6046 -1.87762 12.2485 1.87866 1.93815 26.2438 13.6095 2.00887
-11.7252 -1.20578 -0.418795 -26.5449 -14.6868 -1.05183 11.8797 1.3464 1.52851 26.5527 14.7074 1.07737
-11.3453 -0.489737 -0.0737969 -27.6724 -15.3444 -0.506099 11.5004 0.753744 1.04701 27.6775 15.3964 0.906958
-11.5402 0.216303 0.0251214 -28.6708 -14.9956 0.187388 11.6952 0.791888 0.827617 28.6755 15.038 0.661005
-11.9744 1.0256 0.135144 -28.4488 -14.7243 0.86542 12.1794 1.22145 0.701188 28.4561 14.7529 1.13722
-12.5014 1.57095 0.53796 -29.1365 -14.4996 1.20267 12.7875 1.6094 1.08824 29.1482 14.52 1.47408
-12.6244 2.35195 1.0415 -29.8803 -14.8419 1.25364 12.9871 2.38029 1.23475 29.8969 14.878 1.43219
-5.49974 -4.04549 -9.5171 -15.504 -7.19355 -3.84454 5.76456 4.63628 9.5271 15.6435 7.36912 4.01695
-2.68287 -3.98245 -5.23685 -7.45798 -4.26517 -4.04231 2.85145 4.44511 5.40655 7.81688 4.53474 4.38268
-1.22044 -0.610317 2.32561 -5.66185 -2.73525 -0.161179 1.31587 1.51927 2.81508 5.98142 2.91185 0.681186
-1.51493 0.952468 2.70647 -5.89478 -2.19309 -0.700875 1.68534 1.82577 3.03493 6.06871 2.4098 1.06717
-2.12661 2.59895 -6.63254 -5.89156 -2.85636 0.383621 2.29083 3.247 6.68807 6.07218 3.14826 1.07077
-0.513579 -16.8086 -13.1953 -5.06697 -3.28065 -21.9699 1.04954 16.8461 13.4168 5.42742 3.48089 22.0678
-0.82918 -19.4382 -28.5162 -3.77265 -3.49478 -24.727 0.889377 19.4953 28.6869 4.09292 3.51818 24.9744
1.24649 -24.7376 -28.3406 0.903274 0.369229 -29.3489 1.43177 24.7384 28.5203 1.70409 0.905663 29.7178
2.90311 -18.2276 -33.7149 5.08508 1.68925 -25.9836 3.08506 18.3275 33.8972 5.67229 1.89899 26.1602
4.54776 -17.2848 -37.9261 6.27725 4.56978 -23.4707 4.56915 17.4166 38.157 6.56788 4.58298 23.5765
4.40518 -18.0487 -39.6473 4.36828 5.49466 -22.5827 4.41694 18.1801 39.7721 4.39428 5.54598 22.7124
4.82539 -20.9076 -43.266 3.4604 5.59491 -19.4183 4.84139 20.9108 43.3527 3.47618 5.71346 19.4205
5.41644 -22.289 -43.7553 3.48252 4.93772 -18.7811 5.53572 22.3148 44.0716 3.58347 5.07566 18.7989
4.66063 -21.8791 -41.9938 3.38957 4.20012 -20.1941 4.75521 21.9755 42.4485 3.53181 4.2691 20.2599
3.69677 -20.1516 -39.3559 2.84115 3.76254 -22.0614 3.75385 20.2914 39.9402 2.96855 3.77371 22.1629
2.85884 -18.6073 -36.7501 1.66843 3.1818 -21.5548 2.9674 18.755 37.426 1.961 3.18788 21.6907
1.78873 -16.7621 -36.0882 0.94892 2.16682 -20.0078 1.99414 16.9895 36.7827 1.51004 2.19242 20.1752
1.20375 -15.2172 -35.976 0.851835 1.26958 -17.8922 1.69166 15.5907 36.6291 1.42789 1.33089 18.2297
0.855118 -14.1525 -36.8118 0.395416 0.967305 -15.5719 1.70498 14.4933 37.4924 1.34868 1.20562 15.913
0.9025 -13.6348 -37.3644 0.119984 0.58611 -13.6528 1.6856 13.9756 38.1237 1.21214 0.987977 14.0487
0.8299 -14.7894 -34.9384 0.269773 0.0188432 -13.0678 1.39587 15.2421 35.6091 0.905791 0.543532 13.5779
-0.0810553 -14.7994 -34.5574 0.199321 -1.00609 -12.3078 0.925384 15.345 35.4042 0.582809 1.22657 12.8691
-0.0257634 -13.6801 -34.0562 -0.664646 -2.33364 -13.0222 1.91735 14.4409 35.0464 1.12533 2.69578 13.7417
-1.65459 -12.8506 -33.0744 0.200658 -2.63246 -13.3448 2.70293 13.8409 34.2106 0.951422 2.65476 14.1627
-2.37792 -12.2976 -32.7824 -1.99419 -2.93948 -13.8316 2.66559 13.3351 33.9619 2.21099 2.96954 14.7907
-1.82962 -11.945 -30.8387 -2.64587 -2.84791 -14.0129 2.16661 12.9796 31.9002 2.97645 2.8762 14.9797
-2.87696 -12.3094 -31.979 -2.77448 -2.70523 -12.9544 3.13251 13.155 33.1626 2.92448 2.70706 13.8637
-1.58566 -11.4194 -32.6707 -2.3313 -2.81943 -12.1805 1.60723 12.1979 33.8008 2.48152 2.86776 12.8375
-2.31663 -11.9874 -33.1506 -1.81563 -2.06811 -11.7312 2.60358 12.7222 34.152 2.09257 2.48094 12.3547
-1.40583 -11.8959 -34.393 -2.45777 -1.74208 -12.1049 1.75551 12.6594 35.4246 2.72455 2.40573 12.7053
-0.791574 -11.7918 -33.8049 -1.94972 -1.30379 -12.877 1.25909 12.5759 34.7808 2.10531 2.15356 13.467
-0.503485 -11.4371 -32.3056 -1.23126 0.0333813 -13.3045 2.3007 12.0786 33.1441 1.55244 0.963033 13.9492
-0.289372 -11.7634 -32.9757 -1.01523 0.810472 -13.7733 1.80514 12.2732 33.873 1.45491 1.51315 14.3815
-0.0225384 -12.3298 -33.9626 -0.343334 1.42308 -14.1129 1.71628 12.7602 34.9672 0.87476 2.17475 14.6312
0.464738 -11.8494 -34.069 0.271634 1.00845 -14.6563 1.61825 12.3131 35.0475 0.61059 1.96824 15.0935
0.420247 -12.2014 -34.5727 1.15288 0.909746 -16.0128 1.58001 12.6061 35.534 1.23423 1.77326 16.2934
0.617925 -12.1098 -34.946 1.69933 1.41696 -15.5487 1.56558 12.8216 35.8534 1.76868 2.17098 15.981
-3.19276 -5.70106 -19.4603 -6.14684 -3.82396 -7.96719 3.53331 5.78092 20.2527 6.93463 4.00066 7.98436
-0.554701 -2.91047 -12.6397 -5.02606 -1.17566 -4.11301 0.85273 3.45489 13.0788 5.67706 1.60451 4.22183
1.1301 -2.1082 -6.9149 -1.34783 0.885356 -2.77407 1.64188 3.05037 7.2807 1.71609 1.98445 3.09429
0.65557 -1.75601 -5.25199 2.0393 0.287151 -2.85376 1.00234 2.58822 5.49956 2.91361 0.679776 3.39504
0.856976 -3.69777 -3.75723 -14.0881 -17.8381 -4.74367 1.59196 4.39738 3.92028 14.1471 17.8689 5.38515
-14.403 -3.05638 -2.35629 -21.094 -21.5838 -3.01054 14.5349 3.61424 2.74382 21.1841 21.7729 3.36975
-16.4421 -3.45892 -0.478444 -30.7779 -19.6519 1.86167 16.9709 3.76187 0.927958 30.9094 20.0282 3.05205
-20.7874 0.788299 3.36069 -32.098 -20.1865 2.38097 21.3642 1.45806 3.43596 32.1174 20.7797 2.45236
-17.428 5.62191 4.97372 -36.4266 -20.0008 6.33659 18.32 5.94773 4.99255 36.4428 20.5532 6.56183
-17.6374 5.81439 3.89329 -35.1986 -20.673 6.45224 18.2698 6.57051 4.01711 35.2047 21.2021 6.86664
-16.2891 4.82902 3.32553 -35.0066 -20.6362 6.31869 17.0521 5.66257 3.33821 35.0237 21.0343 6.86385
-18.8581 4.84676 3.30088 -38.4075 -21.9867 5.41557 19.5186 5.57504 3.31454 38.4332 22.2186 5.83978
-19.245 4.49782 3.26114 -37.6178 -22.2554 5.44462 19.7805 5.2002 3.27423 37.6317 22.5048 5.85763
-18.0868 3.91747 2.98806 -36.5835 -19.8689 4.90567 18.4816 4.56847 2.99311 36.5888 19.9393 5.24664
-17.7249 3.88002 2.7826 -35.0371 -18.0054 3.89835 18.0352 4.49941 2.7886 35.0406 18.1427 4.10762
-16.9069 3.53593 1.93985 -34.1096 -16.3027 2.84837 17.1923 3.82627 1.98134 34.1172 16.4234 2.87767
-15.8821 3.49239 0.803832 -33.8546 -15.7531 2.8191 16.1311 3.59142 0.979709 33.863 15.9045 2.85378
-14.7291 2.72528 0.316916 -33.0385 -14.5971 1.83108 14.8945 2.79421 0.737013 33.0713 14.6207 1.95346
-13.3655 1.13523 -0.125635 -31.0943 -14.2889 1.29666 13.4945 1.22343 0.801116 31.1562 14.2999 1.60489
-12.6831 0.838898 -0.255789 -28.7106 -15.4461 0.130546 12.8199 1.03941 0.547255 28.7698 15.4528 1.02488
-11.8978 -0.428734 -0.0197194 -28.7664 -14.2581 -0.349452 12.0218 1.07209 0.670634 28.8075 14.2593 1.37493
-11.4753 -0.940103 -0.106937 -27.5309 -14.0983 -1.65426 11.5637 1.32927 0.572958 27.5883 14.102 1.98667
-11.8817 -1.7548 -0.0112516 -27.326 -14.0511 -1.98425 11.9574 1.9342 0.305391 27.3547 14.0523 2.45504
-11.8533 -2.77626 -1.38623 -26.5314 -13.0103 -3.50354 11.8793 2.98944 1.62223 26.5652 13.0299 4.13286
-11.8524 -2.9892 -1.68222 -26.3362 -12.7196 -3.68247 11.8731 3.00683 1.78082 26.4064 12.7525 3.92918
-12.1389 -3.46007 -0.491105 -25.911 -13.0347 -1.83527 12.1644 3.66918 0.499428 25.9494 13.0446 1.91428
-12.0189 -4.08389 -0.874909 -25.9715 -12.1385 -2.97015 12.0541 4.56019 1.45961 26.006 12.1401 3.00558
-11.7776 -2.68858 -1.81284 -25.0124 -12.1234 -3.47517 11.8065 2.79754 1.97575 25.0301 12.1284 3.48947
-11.2414 -2.92852 -2.51837 -25.8198 -12.8724 -2.83118 11.2932 3.0266 2.91658 25.8314 12.877 3.3345
-11.0713 -3.09856 -2.31882 -26.4023 -13.6545 -1.8233 11.1547 3.18158 2.75157 26.4332 13.6649 2.60121
-11.8431 -2.54644 -1.93354 -26.8647 -13.8384 -1.67738 11.9644 2.57619 2.43749 26.9086 13.8488 2.2522
-11.997 -1.76822 -0.405173 -27.3248 -13.7572 -0.613364 12.1427 2.26127 1.45834 27.3381 13.8071 0.800536
-11.9463 -0.676758 0.161312 -28.4145 -12.9785 -0.213691 12.1258 1.22411 1.11493 28.4183 13.0245 0.428435
-12.0375 0.217737 0.205762 -29.3458 -12.622 0.0835732 12.2261 0.806917 1.0458 29.3462 12.6838 0.762212
-12.541 1.19491 0.206576 -30.1504 -12.9538 0.832402 12.7568 1.39641 1.05917 30.1516 13.0115 1.14856
-12.8806 1.70982 0.569281 -29.974 -13.628 1.51666 13.1723 1.75038 1.11228 29.9778 13.694 1.64784
-9.31413 0.0152812 -4.48666 -22.4809 -9.86528 -0.225944 9.55562 0.647198 4.6267 22.4852 9.92175 0.499049
-5.30774 -4.70927 -8.26607 -14.0478 -5.90104 -4.42794 5.6243 5.23034 8.28992 14.2522 6.16511 4.72647
-2.38914 -3.0677 -2.06743 -6.86705 -3.88319 -2.29226 2.57818 3.54165 2.25295 7.20328 4.14113 2.72899
-1.28348 -0.894894 2.59314 -5.45727 -2.93735 -0.414136 1.38992 1.96475 3.05828 5.79483 3.09972 0.720854
-2.2444 1.58708 4.47871 -5.72719 -1.50777 -0.868323 2.433 2.37311 4.68483 5.91397 1.73272 1.49874
-2.33728 2.25967 -1.91382 -5.90941 -2.92537 1.74445 2.50568 3.15078 3.1907 6.14494 3.41042 2.11431
-1.91154 -20.4014 -11.8189 -5.09002 -2.57975 -23.225 2.43394 20.5549 12.1102 5.35267 2.83848 23.2942
-1.8229 -19.1777 -31.8026 -2.31892 -2.91432 -22.2118 1.93304 19.2833 32.0222 2.98621 3.09007 22.4301
1.34469 -23.6014 -32.4344 1.96443 0.276454 -25.9846 2.61802 23.6412 32.6077 2.90652 0.601409 26.261
4.01916 -19.2084 -35.6971 5.65834 1.86164 -24.5045 4.136 19.3285 35.9158 6.0938 2.20372 24.7008
4.77452 -20.7111 -37.8233 5.77459 4.64045 -22.0615 4.91073 20.7546 38.0772 6.02905 4.74792 22.2215
5.25644 -18.5993 -40.2368 4.3093 5.21628 -21.1061 5.27057 18.7349 40.4735 4.44543 5.39026 21.2377
4.94598 -20.5744 -43.5337 3.75125 5.95303 -19.09 4.95006 20.6023 43.7062 3.79602 6.16476 19.1089
4.816 -20.8116 -44.7701 3.89872 5.04692 -18.6682 4.82209 20.9127 45.1123 3.99177 5.22938 18.67
4.57285 -21.1829 -43.2659 3.16698 4.24673 -18.7362 4.58061 21.3735 43.7769 3.25494 4.3592 18.7805
3.6756 -19.6806 -40.6479 2.61876 3.91705 -20.1661 3.70362 19.8867 41.2453 2.67455 4.06271 20.2422
2.57018 -18.8381 -37.3374 1.50009 3.18012 -19.7762 2.63681 19.1519 38.1399 1.66616 3.33337 19.8793
1.53447 -17.171 -36.1702 0.929161 2.14437 -19.3139 1.66825 17.5263 37.0264 1.19014 2.35125 19.5357
0.660294 -15.5142 -34.9436 0.8306 1.30915 -17.2207 1.1949 15.9053 35.7368 1.19664 1.45259 17.5177
0.280476 -13.3097 -36.1104 0.674097 0.937266 -15.1441 0.922631 13.8228 37.0556 0.9725 1.23183 15.4141
0.143312 -13.2901 -36.0039 0.10525 0.622318 -13.8735 1.06101 13.9355 36.8475 0.758254 1.128 14.2353
-0.200815 -13.5757 -34.8699 0.0634449 -0.207966 -12.7374 0.889814 14.3018 35.6415 0.378679 1.16072 13.1634
0.247199 -13.3256 -34.6166 0.241415 -1.69503 -12.5194 1.33487 14.017 35.5489 0.340414 2.19669 12.9943
-1.52341 -12.9857 -33.7502 -0.727958 -2.08217 -12.804 1.97887 13.7469 34.8913 0.917176 2.3549 13.4006
-1.35806 -12.1021 -33.1916 -0.863891 -2.07882 -14.0741 1.89639 13.0583 34.4269 1.15439 2.15894 14.7566
-0.201784 -11.3693 -31.0476 -2.13922 -2.98093 -14.1239 1.02926 12.6045 32.1736 2.54047 3.02323 14.9749
-1.67639 -10.3168 -32.0093 -2.99594 -2.91075 -14.2408 1.8196 11.5077 33.3047 3.19574 2.92423 15.0973
-2.45303 -10.363 -32.4784 -2.50259 -3.06336 -13.2672 2.5153 11.4817 33.7208 2.58194 3.11067 13.9573
-2.04347 -10.4608 -32.8563 -2.10792 -2.63714 -12.2373 2.16568 11.402 34.0594 2.23498 2.65991 12.8878
-2.35047 -10.5241 -33.9711 -2.50293 -2.15435 -12.0572 2.41221 11.3933 35.1607 2.71441 2.1685 12.5876
-1.47919 -10.1416 -33.9553 -1.74384 -1.33879 -12.3661 1.94914 10.9326 35.0243 2.00869 1.45033 12.8947
-0.871455 -10.1269 -33.7043 -1.88818 -1.1825 -12.5066 1.79464 10.8163 34.632 2.11641 1.39782 13.0281
-0.275959 -10.0224 -33.9585 -1.06061 -0.308029 -12.8178 1.84948 10.7395 34.8684 1.37185 1.0578 13.2704
0.373045 -10.4975 -35.3015 -0.239893 0.767987 -13.6288 1.80777 11.1982 36.3409 0.922492 1.55958 13.9775
0.664986 -11.1316 -34.9386 0.0345822 1.55545 -14.9622 1.96386 11.8297 35.9913 0.861786 2.2632 15.2317
0.871139 -11.1853 -35.1096 0.540959 1.47498 -15.0623 2.16026 11.9158 36.1952 1.03128 2.17113 15.3378
0.917875 -11.3957 -34.8559 0.743341 1.35136 -15.25 1.92654 12.2373 35.8867 1.24429 1.85219 15.5603
-2.45914 -9.24761 -25.8472 -2.22775 -1.88379 -11.7614 3.38845 9.71095 26.5832 2.28566 2.66381 11.8996
-2.89809 -5.18589 -17.8637 -5.78465 -3.65561 -7.02497 3.39845 5.38397 18.6753 6.52286 3.91629 7.02825
1.08968 -3.197 -5.37576 -10.1404 -0.173706 -4.1385 1.69028 3.91683 5.42071 10.1966 0.739678 4.51559
-5.94317 -0.905152 -3.8098 -14.4521 -20.8852 -5.00276 6.57542 2.83692 4.16551 14.662 20.9586 6.1197
-17.6117 -2.81805 -1.8349 -25.4417 -20.9407 -0.414192 18.0132 3.41686 2.0391 25.5221 21.094 1.31388
-22.3243 1.08559 1.03535 -25.3359 -24.1648 1.21543 23.081 2.62664 1.19968 25.3543 24.6591 1.82909
-18.304 4.04162 5.60348 -32.3611 -22.691 4.39213 19.6882 4.34249 5.64987 32.368 23.4924 4.60471
-17.3895 6.56075 4.72556 -34.9854 -19.7407 6.60113 18.5905 7.03671 4.74888 34.9878 20.6204 6.80611
-17.3808 5.23669 3.34834 -35.3797 -19.0436 6.25864 18.6239 6.08427 3.40802 35.3996 19.9689 6.74755
-18.0132 5.94747 2.74126 -39.7787 -19.4725 5.85507 18.9827 7.00087 2.76692 39.7803 20.081 6.44082
-18.6938 5.42098 2.73062 -37.7817 -20.0141 5.63515 19.4191 6.45016 2.73322 37.7915 20.4213 6.30804
-18.4155 4.91826 2.88344 -35.9047 -19.8134 4.9122 18.9514 6.02033 2.89156 35.9276 20.1087 5.47075
-18.2011 4.08195 2.92322 -34.3522 -20.0956 4.13469 18.6219 4.97252 2.926 34.3754 20.31 4.50239
-16.5899 3.13257 2.10956 -31.9034 -18.26 3.03001 16.8659 3.9059 2.11635 31.9148 18.3651 3.17203
-15.3793 2.26266 1.15387 -31.5249 -16.9897 2.61347 15.6958 2.64377 1.31556 31.5439 17.0242 2.66861
-13.8441 2.20752 0.673282 -31.0206 -16.5438 2.12499 14.0635 2.32523 0.9215 31.0421 16.5944 2.2553
-12.7933 1.28822 0.135268 -31.649 -15.0254 0.906628 12.9272 1.33079 0.702323 31.6744 15.0475 1.11307
-12.1927 0.870531 -0.0912517 -29.9843 -14.0504 0.233886 12.284 0.933214 0.572406 30.0217 14.0511 1.33284
-11.6396 -0.485234 -0.0768847 -29.4887 -14.0711 -0.644285 11.6811 0.491293 0.642392 29.5473 14.0719 1.6007
-11.7481 -0.750908 -0.352327 -28.4708 -14.5135 -1.86209 11.811 0.993652 0.835142 28.5386 14.5278 2.74793
-11.5351 -1.99399 -0.740466 -27.4639 -14.1014 -2.40021 11.5639 2.09936 0.857708 27.5176 14.1383 2.9371
-11.4496 -2.2409 -1.47901 -27.1202 -14.2146 -3.71899 11.466 2.46954 1.53038 27.1758 14.2541 3.91823
-11.2729 -2.14324 -1.31175 -26.3107 -14.5996 -3.94727 11.2918 2.28262 1.33926 26.4106 14.616 3.99157
-11.0652 -4.2787 -0.649402 -26.3863 -13.4838 -2.39948 11.0795 4.28203 0.808705 26.4416 13.5341 2.71107
-10.4913 -4.24192 -0.69573 -26.8525 -12.7489 -3.09381 10.5061 4.25172 1.08375 26.8906 12.7822 3.61175
-10.148 -3.38615 -2.32243 -27.4619 -12.5955 -3.03981 10.1579 3.39715 2.58436 27.5131 12.6184 3.22439
-10.6411 -2.78096 -2.36918 -28.5694 -12.594 -2.33204 10.6758 3.09967 2.6162 28.6039 12.5976 2.33805
-10.4463 -1.73615 -2.41845 -29.0309 -13.2223 -2.31912 10.4958 1.99563 2.56234 29.0565 13.2274 2.36388
-10.4887 -1.5151 -1.37435 -30.0875 -13.3032 -1.78319 10.56 1.53535 1.69345 30.1119 13.3096 2.04543
-10.9338 -1.04372 -0.451626 -29.5236 -13.9396 -0.55967 11.0681 1.05191 0.96982 29.538 13.9563 0.947921
-10.78 -0.720695 0.103606 -28.9949 -14.2597 -0.121732 10.9208 0.967991 1.08992 29.0054 14.2768 0.53672
-10.4569 -0.215882 0.53384 -30.7173 -14.1318 0.0581938 10.6193 0.595376 1.07733 30.7227 14.1505 0.482355
-10.6362 0.526512 0.308674 -31.8331 -13.5136 0.981599 10.8674 0.766295 1.10474 31.836 13.5356 1.23947
-11.1272 1.67619 0.648271 -31.9295 -14.0342 1.55179 11.3926 1.75322 0.94658 31.9371 14.1168 1.67952
-7.02011 -1.55529 -6.5718 -20.6724 -9.10036 -1.47562 7.21362 1.80798 6.63568 20.6942 9.16948 1.52631
-4.28456 -4.21028 -7.69461 -13.3194 -4.76997 -4.77713 4.41442 4.67553 7.73812 13.5901 4.94628 5.09998
-2.27707 -0.919755 -0.0679442 -7.5078 -3.20706 -1.28598 2.40378 1.88351 1.02914 7.99879 3.34356 1.68196
-1.3516 -0.234213 2.13966 -5.52109 -3.50476 -0.355647 1.41387 1.74508 2.54024 5.86752 3.76241 0.498901
-3.04608 2.05509 4.24774 -5.60156 -2.47707 -0.562005 3.08023 3.0872 4.50998 5.82709 2.70999 1.29805
-2.36971 2.489 -12.582 -5.55829 -2.11212 1.29284 2.93883 3.03941 12.6938 5.76867 2.41012 1.49061
0.17615 -12.7517 -15.7092 -5.87592 -0.83005 -1.47959 1.86063 12.8525 15.8878 6.0665 1.42288 2.15887
0.898931 -23.4462 -24.1176 -7.12734 1.50589 -23.3116 1.34789 23.708 24.4044 7.14308 2.16166 23.5477
3.4129 -24.5376 -26.6958 -1.80781 0.00313403 -26.0113 3.47744 24.5962 27.2506 2.21019 0.463386 26.096
2.77107 -19.0354 -30.9103 5.56223 1.72387 -30.7829 3.01829 19.0567 31.485 6.50371 1.85161 30.9157
3.68597 -14.4433 -38.5845 6.38509 2.39788 -28.2891 3.84592 14.5212 39.0478 6.73449 2.49893 28.416
3.8519 -14.3626 -42.6912 5.29715 5.10439 -26.5304 4.06271 14.5922 42.9053 5.47037 5.15338 26.8276
5.17048 -16.6661 -47.2971 4.03578 6.35673 -21.3087 5.2357 16.8586 47.4947 4.11474 6.51178 21.5138
5.58922 -20.6161 -47.424 2.8691 6.05583 -18.5859 5.62673 20.8143 47.8859 2.87729 6.18623 18.7774
5.26587 -22.7079 -44.3635 2.91856 4.94715 -16.6291 5.30277 23.0258 44.9011 2.96933 4.981 16.7014
4.39034 -21.3952 -39.6884 2.30313 3.669 -20.5063 4.39058 22.0142 40.5122 2.35334 3.69621 20.5124
2.77067 -18.9739 -35.7016 2.05624 2.3237 -23.9606 2.86499 19.782 36.7572 2.09081 2.32901 23.9823
1.63234 -16.8443 -33.0819 1.83054 1.31919 -25.0179 1.93147 17.5397 34.1515 1.87697 1.35255 25.0557
0.893929 -15.8281 -33.3741 1.66079 0.698793 -21.1721 1.44932 16.2925 34.4686 1.7136 1.07821 21.2037
0.487197 -15.274 -33.3672 1.25416 0.577502 -16.9998 1.07224 15.7867 34.2841 1.28003 0.969399 17.0313
0.533959 -14.5997 -33.389 0.473577 0.208911 -13.9383 1.32583 15.3653 34.0615 0.851312 0.513531 13.9643
0.0812012 -14.6213 -34.998 0.104789 0.0773795 -11.7813 2.48546 15.7198 35.7589 1.81142 0.500332 11.8512
-1.24318 -14.8556 -33.5836 0.39111 0.107077 -11.6346 2.35844 16.0937 34.5204 1.53912 1.86067 11.7929
-1.30567 -14.9857 -32.854 -0.942383 -0.700696 -12.0788 1.78878 16.0438 34.0537 1.53124 1.36758 12.4432
-0.663444 -14.9465 -29.8808 -1.28918 -2.03463 -13.7282 0.806436 16.2049 31.1171 1.56488 2.21817 14.1132
-0.405411 -14.3159 -28.3962 -1.81431 -4.42428 -15.0496 2.80005 15.3386 29.5196 2.10579 4.69262 15.3891
-1.01065 -13.5799 -29.3426 -2.09864 -4.07201 -13.8257 1.21336 14.7773 30.6158 2.20268 4.09871 14.1848
-3.05507 -13.2824 -29.454 -2.18401 -2.99471 -12.0184 3.65317 14.2717 30.56 2.82305 3.06075 12.4075
-2.6042 -13.1293 -30.7535 -2.19628 -2.4717 -11.7551 2.91529 13.8527 31.8034 2.56107 3.47115 12.1358
-1.83044 -12.7585 -31.5196 -2.74547 -1.64199 -10.836 2.46229 13.663 32.521 2.89939 2.79061 11.2521
-1.79519 -13.0468 -30.2891 -2.50276 -1.88595 -10.3521 2.58854 13.8476 31.0648 3.01202 2.22933 10.7371
-0.892307 -13.2782 -32.2492 -1.72523 -0.765024 -10.8205 2.47645 14.2369 33.154 2.19646 2.75775 11.0699
1.11973 -13.2828 -33.1042 -0.926302 0.520054 -11.5166 3.18556 14.3042 34.0894 1.5875 2.73169 11.7713
0.952698 -13.7556 -32.9033 -0.353638 0.955472 -12.5745 2.66488 14.5615 33.8319 1.31396 2.24682 12.7672
0.439457 -14.4386 -32.9679 0.322419 1.19825 -13.3673 2.19895 15.4063 33.9569 0.907282 1.94167 13.5043
0.0995202 -14.2816 -32.638 1.05025 1.26805 -14.0125 1.77941 15.0602 33.5428 1.23909 1.64029 14.1296
0.318055 -14.5277 -33.8437 1.22899 1.46047 -14.7206 1.92792 15.5756 34.9218 1.30725 1.72604 14.8513
-3.118 -9.33063 -21.7959 -4.24749 -2.30159 -9.62104 4.02628 9.88821 22.6359 4.52492 2.81297 9.65978
-2.16666 -4.96661 -15.2443 -7.0136 -2.6282 -5.95542 2.47988 5.11158 15.8807 7.70924 3.00517 6.00298
1.09815 -2.30341 -8.07012 -3.12705 0.378418 -3.33671 1.81807 2.61973 8.52495 3.55432 2.24434 3.62085
1.04178 -1.84678 -5.76325 -0.586932 0.446889 -3.13002 1.29201 2.8934 6.09008 1.65829 1.32916 3.4594
0.40603 -1.91683 -4.14468 2.96019 -15.2178 -3.94879 0.460253 2.35621 4.29981 3.6259 15.6169 4.39719
1.05154 -4.24799 -2.32425 -21.5291 -15.6723 -7.43643 2.00073 4.31162 2.85369 21.6519 15.7695 7.48155
-16.2398 -5.17155 -0.726553 -24.007 -23.2264 -0.113476 16.6025 5.21629 2.03728 24.0545 23.3943 1.94476
-17.9692 -1.14359 0.870496 -34.9739 -19.0886 1.22496 18.5054 2.68924 1.54003 35.011 19.3472 1.57655
-20.4197 2.12115 4.44692 -35.4347 -19.8739 4.44206 21.198 2.474 4.6303 35.4461 20.165 4.66452
-17.5417 7.29633 4.82059 -35.0704 -20.673 5.66574 18.354 7.73747 4.83183 35.1239 20.8853 5.89511
-17.3844 5.57896 4.01799 -32.9656 -21.2533 5.92205 18.1179 6.2051 4.01974 32.9888 21.486 6.29236
-17.1873 5.43553 3.39366 -35.8843 -22.2996 5.23599 17.7483 6.13556 3.52443 35.9029 22.675 5.99372
-17.4717 4.33269 3.08981 -37.928 -22.641 5.332 17.9263 4.86512 3.12708 37.9418 22.9052 6.0329
-17.9524 3.89282 2.64622 -37.0237 -22.3437 4.94535 18.5123 4.35693 2.72338 37.0361 22.5276 5.60304
-17.3639 4.08964 2.60544 -35.5878 -20.4811 4.38261 17.6509 4.66595 2.62815 35.5965 20.6243 5.01834
-17.3418 3.88245 1.97369 -34.393 -18.8054 4.17778 17.5578 4.42702 1.99399 34.4031 18.9306 4.73601
-16.5672 3.24512 1.15635 -32.1124 -17.732 3.20666 16.7943 3.86824 1.20092 32.12 17.8601 3.6363
-15.7764 2.78746 0.774857 -31.4487 -15.4411 1.9267 15.9983 3.11012 0.899897 31.4488 15.4649 2.1655
-14.3138 1.96588 0.644714 -29.6934 -15.3528 1.29272 14.4682 2.01886 0.845922 29.7048 15.3698 1.319
-12.8919 0.541323 0.457549 -29.4138 -15.9833 0.671247 13.007 0.907659 0.614385 29.4536 16.0243 0.833311
-11.498 0.548972 0.12715 -28.1437 -15.4553 0.21298 11.644 0.890096 0.524413 28.1698 15.4673 0.722131
-10.7886 -0.451046 -0.268412 -26.6461 -16.0985 -0.58901 10.8572 0.888723 0.694514 26.6633 16.1152 0.902254
-10.8345 -1.81855 0.0357931 -26.2738 -16.8023 -1.29357 10.9032 2.04343 0.468397 26.2878 16.8135 1.60229
-11.0708 -2.77823 -0.384721 -25.5208 -15.9046 -2.09593 11.1621 3.13169 0.734558 25.5512 15.9291 2.63283
-10.9614 -3.86527 -1.20354 -24.3615 -15.1314 -2.88574 11.0244 4.09193 1.42977 24.4184 15.1408 3.1213
-11.2451 -3.47276 -1.46025 -23.5037 -14.1885 -3.49311 11.296 3.61836 1.61422 23.5564 14.1905 3.49667
-11.2407 -4.17205 -1.14707 -24.1025 -12.8247 -2.19909 11.2983 4.21656 1.151 24.1294 12.8276 2.53118
-10.3823 -3.29722 -1.90767 -24.5748 -12.5067 -2.59902 10.483 3.43344 1.96468 24.5781 12.5091 2.87794
-10.1312 -3.06791 -2.27796 -24.794 -13.0399 -2.86081 10.2325 3.2645 2.43672 24.8092 13.0415 3.08706
-10.027 -2.64621 -2.53518 -25.4097 -14.2083 -2.23198 10.2334 2.6579 2.7467 25.4258 14.2191 2.23719
-10.1006 -1.64887 -1.98392 -25.7625 -14.5207 -2.06774 10.3349 2.02002 2.39989 25.7741 14.554 2.16681
-9.95967 -1.22368 -1.55621 -26.5851 -14.0419 -1.08558 10.1988 1.3047 1.8726 26.5932 14.0573 1.19539
-10.409 -0.744913 -0.875624 -27.508 -14.619 -0.529132 10.6839 1.12723 1.15639 27.5168 14.6274 1.15751
-10.8479 -0.807484 -0.0937779 -27.7362 -15.1606 0.0933724 11.1214 0.930783 0.915858 27.7509 15.1634 1.01051
-11.2784 -0.309478 0.385888 -28.066 -14.1129 0.476555 11.5813 0.479831 0.963075 28.0688 14.1305 0.920611
-11.6507 0.479897 0.657351 -28.9969 -13.6034 0.857967 11.9352 0.800822 1.04285 28.998 13.6497 1.07971
-11.821 1.43436 0.892185 -29.9288 -13.434 1.26519 12.2181 1.51833 1.25415 29.94 13.5167 1.35235
-7.18874 -3.33643 -7.59293 -18.7625 -7.91134 -1.97425 7.47265 3.52393 7.65084 18.8327 8.06589 2.14224
-3.84225 -5.10856 -6.59038 -10.0737 -4.40661 -4.42881 3.98644 5.3936 6.62416 10.3804 4.60392 4.89225
-1.74029 -1.38492 0.817375 -6.02291 -2.92592 -0.59043 1.76002 1.6875 1.29089 6.50304 3.06732 1.08868
-1.78186 0.384409 2.666 -6.04165 -2.63288 -0.826852 1.79978 1.4319 3.01733 6.33153 2.83874 1.08209
-2.26789 2.28926 4.27496 -5.70624 -2.61013 -0.0313881 2.29717 2.75805 4.52671 5.92423 2.94734 1.23576
-1.97863 0.389788 -1.94653 -5.93336 -2.20687 1.47602 2.34474 1.61347 3.39821 6.33693 2.43158 1.7061
-1.96979 -19.1982 -9.89002 -6.064 -2.17524 -21.9681 2.47722 19.3084 9.93259 6.30838 2.48935 21.9923
-1.97739 -19.3586 -28.3267 -2.11809 -3.07111 -20.8699 1.99523 19.4125 28.4767 2.89528 3.08206 20.9949
1.21796 -23.0985 -31.7316 1.52882 0.919412 -26.0004 1.51717 23.1564 31.9002 3.08814 1.17882 26.2842
3.09025 -19.3323 -36.4507 5.04944 2.13961 -24.4546 3.22746 19.4368 36.6453 5.88927 2.25184 24.6144
4.38722 -21.981 -39.285 5.46225 4.81413 -22.489 4.40678 22.1216 39.5637 5.55734 4.85193 22.6893
4.57969 -20.8943 -41.4042 4.86969 5.11903 -22.292 4.58348 20.9428 41.5374 5.06698 5.21394 22.4382
4.7687 -21.8533 -42.8682 4.06654 4.89553 -19.5041 4.83277 21.9205 43.0688 4.17483 5.01548 19.5557
4.98257 -21.7887 -42.661 3.60649 4.52778 -19.337 5.02567 21.858 42.9593 3.70838 4.62478 19.3719
4.57989 -20.7412 -40.8434 3.33345 4.52949 -19.8597 4.60777 20.9059 41.2623 3.47555 4.59494 19.8602
3.87612 -18.9745 -38.3915 2.34362 4.23866 -20.7305 3.88501 19.1639 38.9388 2.42014 4.31965 20.7519
2.98335 -18.23 -36.4371 1.63142 3.51372 -19.7501 3.08233 18.4479 37.0789 1.68877 3.58871 19.8057
2.00099 -17.407 -34.8384 1.12594 2.32109 -18.5037 2.23025 17.7436 35.5713 1.34486 2.38323 18.5734
1.18541 -15.8022 -34.8112 0.716495 1.40349 -17.6323 1.48458 16.089 35.6404 0.830047 1.6049 17.7422
0.696983 -14.116 -34.0539 1.25528 0.73574 -16.5952 1.12851 14.4976 34.8284 1.33845 1.07348 16.7759
0.386117 -12.6608 -33.1833 0.505422 0.168158 -14.9912 1.1014 13.2928 33.8864 0.741284 0.697796 15.1839
0.173937 -11.6428 -34.6154 -0.265502 -0.745904 -14.2084 1.27873 12.4738 35.4958 0.745617 0.868207 14.4968
-1.42695 -11.6266 -32.9231 0.0169629 -1.5134 -13.7878 2.0071 12.4408 33.748 0.813499 1.58753 14.2788
-1.46375 -11.4197 -32.5569 -0.217969 -1.93997 -14.4305 1.82285 12.2119 33.6159 0.663653 2.07983 14.9868
-0.683771 -10.9471 -31.9931 -1.76009 -2.1058 -15.21 1.4099 11.8245 33.2137 1.94572 2.41029 15.815
0.180998 -11.6655 -32.8632 -1.93629 -3.10147 -15.2198 1.56516 12.4282 34.1676 2.08349 3.32377 15.8855
-1.00529 -10.407 -31.915 -3.10353 -2.65498 -15.3325 1.21792 11.3658 33.1556 3.1251 2.74941 16.0098
-3.2096 -10.2875 -31.0938 -2.81396 -1.72147 -14.9003 3.5149 11.1715 32.2605 3.17538 2.05185 15.4874
-2.69565 -10.6604 -31.7036 -2.0508 -1.8299 -14.8027 3.78645 11.5291 32.8982 2.84081 2.37699 15.3073
-2.23053 -10.4266 -31.7114 -2.53116 -1.54299 -14.4948 2.76733 11.2677 32.9006 2.73831 1.85412 14.9072
-1.83921 -10.2333 -32.7582 -1.37723 -1.67091 -14.598 2.17519 11.2217 33.8509 2.27931 2.73736 14.9847
-0.662228 -10.818 -33.8022 -1.1621 -1.41776 -15.1722 0.994687 11.7593 34.8674 1.70493 2.05558 15.4558
0.0402635 -10.8035 -34.4332 -1.48913 -0.609848 -14.7478 1.05348 11.7924 35.4917 1.77178 1.53914 14.9694
0.200202 -10.3503 -34.4232 -0.67907 0.605677 -15.3833 2.30757 11.1531 35.3331 1.21591 1.18007 15.669
0.477797 -10.2892 -34.0392 0.230423 1.89426 -16.2827 2.41241 10.7828 34.8776 1.02883 2.27904 16.5706
0.84753 -10.7125 -35.337 0.733311 1.96291 -16.074 2.37001 11.2114 36.2992 1.03545 2.40902 16.3914
1.21107 -11.1852 -36.4079 1.21256 1.7931 -16.204 2.35641 11.9039 37.4892 1.43466 2.44651 16.5457
-2.30608 -6.99993 -22.1218 -4.22889 -3.92492 -10.4371 3.01257 7.16298 23.0152 4.66362 4.30749 10.4671
-1.28886 -3.23613 -14.9976 -7.00233 -3.37802 -6.0613 2.02708 3.43402 15.6125 7.92648 3.75777 6.10278
1.94162 -2.52441 -7.42063 -2.03615 -0.278563 -3.72756 2.42385 3.11848 7.85476 2.2197 2.02865 4.00277
1.25764 -2.7239 -5.16235 -0.0724194 0.137503 -3.35375 1.44464 3.05878 5.37608 1.19367 1.39851 3.68017
0.619621 -4.26552 -3.73348 -14.764 -19.3887 -4.71722 0.920155 4.38168 3.81577 14.8597 20.0276 4.98621
-5.15753 -3.19326 -2.48565 -23.4624 -19.3908 -3.83103 5.39426 3.82871 2.76178 23.5958 19.4288 3.94742
-14.0135 -4.88854 -0.961078 -27.5516 -21.5892 1.71842 14.1199 4.94612 1.27875 27.7646 21.7287 2.77406
-18.6007 0.576941 1.80537 -34.0195 -20.6696 2.58768 18.6974 1.57952 1.83921 34.0716 20.8416 2.72513
-18.3333 3.82856 4.72692 -35.2779 -19.9101 4.70589 18.7974 4.34898 4.7341 35.3137 20.264 4.86962
-17.266 5.91743 4.6529 -37.3589 -19.9033 5.84543 17.675 6.48416 4.72965 37.367 20.234 6.10591
-16.9376 5.94707 3.67112 -36.7097 -20.5239 6.30618 17.4371 6.61939 3.73123 36.7313 20.7811 6.80003
-18.2011 5.71673 3.34782 -39.2147 -21.3859 5.75114 18.5512 6.15014 3.34876 39.2506 21.6153 6.21732
-18.2104 5.53047 3.57055 -40.3334 -21.8275 5.2094 18.5404 5.89778 3.57392 40.3556 21.9905 5.58026
-18.6644 5.27009 3.33553 -39.1818 -21.0814 4.76603 19.0569 5.62601 3.35069 39.2089 21.1722 5.07677
-18.0527 4.5668 3.00213 -38.2835 -19.4714 4.52888 18.2781 4.89521 3.00414 38.2982 19.5616 4.79631
-18.2474 3.60811 2.05605 -36.8782 -17.7761 4.29961 18.4601 3.91704 2.11012 36.8975 17.8725 4.50397
-17.8322 2.71988 1.11206 -35.55 -16.8353 3.60301 18.008 3.0937 1.29845 35.5678 16.9805 3.67665
-16.9998 2.69201 0.575101 -33.4737 -14.7752 2.01633 17.1386 2.91565 1.16318 33.4918 14.8393 2.04208
-16.4174 2.62898 0.083998 -32.8988 -13.9702 1.05908 16.502 2.63191 0.810728 32.9195 14.0012 1.13056
-15.8425 0.846924 -0.0418501 -29.4879 -14.3701 0.567584 15.9253 1.00997 0.659392 29.5101 14.4028 0.623783
-14.9702 0.472004 -0.126897 -29.4031 -14.365 -0.304559 15.0326 1.10463 0.721156 29.4204 14.3991 0.491483
-14.0097 -0.261291 0.127775 -27.8565 -13.7238 -1.54742 14.0835 1.36859 0.778442 27.8711 13.7919 1.84755
-14.2614 -1.63848 0.175114 -26.0842 -13.163 -1.94137 14.3347 2.40283 0.68567 26.0982 13.2322 2.24062
-13.5619 -3.4063 -0.572212 -26.0473 -12.2799 -2.81267 13.6449 3.63873 0.917025 26.0599 12.3717 2.93529
-13.4141 -2.29744 -1.74174 -25.3439 -11.8937 -3.00469 13.5072 2.43846 1.80028 25.3648 11.9863 3.10935
-13.8552 -3.07481 -0.300901 -25.4266 -11.4851 -0.902797 13.9296 3.47459 0.342559 25.4545 11.5552 1.11199
-13.6353 -3.14499 -1.3325 -25.6301 -11.9594 -2.1272 13.7103 3.34882 1.39759 25.6507 11.9996 2.19495
-13.2478 -3.65866 -1.7826 -26.0005 -11.2045 -3.55226 13.3359 3.79584 1.87131 26.0197 11.2373 3.5785
-13.0723 -2.3007 -2.35282 -25.7578 -11.2647 -3.2614 13.2041 2.37448 2.7113 25.7725 11.2929 3.29825
-12.154 -2.96398 -1.99506 -25.6437 -11.8048 -2.19838 12.289 2.98561 2.33217 25.6705 11.837 2.48058
-12.3496 -1.85625 -2.07613 -27.0331 -12.5102 -1.69651 12.4711 1.89392 2.34708 27.0591 12.5295 2.04756
-13.0891 -1.10638 -1.37264 -27.7813 -12.7884 -0.788269 13.2155 1.35022 1.5459 27.8018 12.8118 0.931812
-13.5548 -0.503427 -0.379323 -27.9833 -13.0768 -0.37901 13.6718 0.993368 0.960502 27.9872 13.1171 0.754402
-13.661 -0.125447 0.171214 -28.1053 -13.1217 -0.293668 13.7664 0.557702 0.790186 28.1085 13.163 0.771033
-13.5111 0.502362 0.779854 -28.8295 -13.4674 0.120234 13.628 0.668487 1.10589 28.8368 13.4968 0.85109
-13.5317 1.11376 0.74162 -28.9773 -14.1693 0.905743 13.7371 1.18496 1.28148 29.002 14.2156 1.18721
-13.454 1.3826 1.04551 -29.4385 -13.9302 1.48562 13.724 1.46191 1.28064 29.4754 13.9981 1.63708
-6.55611 -4.92941 -10.0189 -17.3013 -7.57616 -2.91621 6.74185 5.2057 10.0444 17.3792 7.80648 3.03483
-2.68528 -5.44267 -6.25879 -7.66255 -4.28773 -3.96747 2.77574 5.71009 6.39421 7.91682 4.59292 4.28717
-1.1123 -0.925598 1.87557 -5.58215 -2.81697 -0.179303 1.23828 1.56893 2.36911 5.91979 2.98114 0.514401
-1.30468 0.685296 2.7082 -5.59767 -2.08179 -0.723114 1.37197 1.60074 3.17707 5.79784 2.23446 0.980182
-1.88616 1.8222 -11.2546 -5.42868 -1.84181 0.0742829 2.03708 2.57424 11.2774 5.60232 2.04999 1.35389
0.617487 -10.8089 -9.29763 -6.98729 -0.95392 -1.45324 1.22444 11.0122 9.42165 7.21739 1.28872 2.17902
1.26455 -25.1401 -21.9682 -7.76784 1.13337 -25.9183 1.63125 25.3899 22.0684 8.22456 1.52333 25.9816
2.60158 -24.6755 -27.492 -0.717578 -0.62285 -27.0241 2.72807 24.7088 27.9019 1.2711 0.87833 27.2
2.1925 -20.9874 -32.4515 5.06258 0.800526 -28.877 2.44119 21.0957 32.7726 5.98373 0.8661 29.097
4.15546 -18.0286 -40.7466 6.20103 2.4327 -25.5493 4.33198 18.2951 41.0104 6.34815 2.55593 25.6791
4.78476 -17.3007 -42.023 5.49629 6.10107 -24.3478 4.92377 17.4988 42.1273 5.62748 6.12093 24.6451
5.45675 -20.0729 -43.9434 3.69292 6.67359 -22.1998 5.46523 20.0977 44.1383 3.76514 6.7862 22.3188
5.87766 -23.2271 -45.1974 3.2118 5.71965 -21.3374 5.9407 23.3111 45.5081 3.24597 5.85754 21.421
5.05306 -23.7357 -44.224 3.57594 4.25587 -21.9335 5.06621 23.8592 44.6636 3.65876 4.34107 21.9454
4.00753 -21.1305 -42.1581 2.66387 3.45626 -24.0968 4.04128 21.3311 42.6991 2.71025 3.50722 24.1323
3.14843 -19.6701 -38.8847 2.02126 3.51466 -25.0152 3.16062 19.9312 39.5505 2.06616 3.58292 25.0799
2.58833 -18.2151 -37.5836 1.60219 2.92285 -23.2812 2.66537 18.4866 38.3895 1.6554 3.04116 23.3483
1.6272 -16.5421 -36.3113 1.30947 1.96432 -21.0621 1.75028 16.8515 37.0719 1.31806 2.16416 21.2053
0.776254 -15.0871 -35.5018 1.11135 1.29568 -20.3049 1.03676 15.4044 36.1859 1.12023 1.58638 20.5327
0.479517 -14.2323 -35.7104 0.377161 0.469045 -18.4988 0.89761 14.6293 36.3901 0.678205 0.860129 18.7252
0.403979 -12.7808 -35.0487 0.0174906 0.193837 -17.4038 1.24054 13.3396 35.7471 0.660133 0.540563 17.6773
-0.236407 -11.4087 -33.1226 0.443236 -0.275359 -16.9672 1.45442 12.3053 33.7862 0.955573 0.289131 17.3756
-1.78438 -12.648 -32.1486 -0.338986 -1.26583 -16.4677 2.07324 13.4986 33.0231 0.77988 1.38497 16.9026
-1.31799 -12.6843 -31.0757 -0.0677775 -2.44558 -16.3924 1.65662 13.5228 32.1112 0.209599 2.69549 16.8765
-1.15834 -11.8643 -29.9751 -1.89126 -3.90683 -16.8816 2.51226 12.7195 30.9052 1.99768 4.11457 17.4561
-0.647445 -11.2351 -30.7853 -2.14413 -3.07902 -16.9996 1.12101 12.0971 31.8176 2.27788 3.11959 17.5959
-2.07424 -10.2862 -29.6122 -3.0567 -2.68502 -17.3517 2.54075 10.9778 30.4866 3.20845 2.72532 17.8691
-2.14867 -9.74682 -30.9206 -3.05853 -1.68426 -16.5559 2.91411 10.4438 31.9724 3.50534 2.02052 17.1273
-2.67593 -10.1161 -29.5948 -2.16997 -2.08658 -16.4574 2.93832 10.8338 30.3723 2.27796 2.23466 16.8501
-1.42583 -10.714 -30.3463 -2.19154 -1.94668 -15.9055 1.97157 11.5214 31.1615 2.43171 2.56154 16.2114
-0.832594 -10.8341 -30.8647 -1.88922 -1.86187 -16.1552 1.25407 11.7279 31.69 2.28181 2.39655 16.4399
-0.398796 -11.4068 -31.225 -1.74257 -1.12966 -16.4246 1.10705 12.378 32.058 2.25027 1.69229 16.7
-0.469611 -12.0257 -31.6117 -1.43275 0.0359419 -16.3928 1.64212 12.7564 32.4569 1.96549 1.39557 16.7151
-0.222773 -12.2238 -31.2014 -0.337198 1.44888 -16.6821 2.3975 12.8266 31.9602 1.32932 2.04912 16.9989
-0.0282571 -12.9036 -30.3552 0.71861 1.38162 -16.6936 2.22524 13.3965 30.9826 1.49664 1.89718 16.9896
0.445805 -13.6429 -31.1065 1.12798 1.12844 -17.119 1.82485 14.1104 31.7523 1.27365 1.81169 17.2914
0.681006 -14.0323 -33.7421 1.55147 1.58957 -17.0446 1.97752 14.6109 34.5262 1.67635 2.0606 17.3033
-2.85198 -6.87973 -17.2978 -7.01616 -4.74792 -9.74165 3.23321 6.93826 17.9864 7.5054 4.89788 9.76906
-0.187119 -2.86873 -10.8851 -5.80714 -1.62265 -4.76714 0.882775 3.06106 11.2222 6.34102 2.23089 5.01968
1.5856 -2.27454 -5.91722 -1.39433 0.662747 -3.93848 2.00898 2.96434 6.17616 1.58839 2.08069 4.17241
0.695185 -3.07354 -6.30403 0.768961 0.429659 -3.49202 1.01255 3.89332 6.8067 2.80799 1.17485 3.97229
0.666164 -3.27686 -3.69886 -19.5187 -21.7311 -4.37334 1.7469 3.60147 3.79308 19.7168 22.0489 5.04651
-16.3334 -3.84549 -2.18097 -25.06 -23.6448 -1.20295 16.4285 4.54233 2.26672 25.0713 23.6634 2.27451
-16.0565 -3.32208 -0.184637 -29.8777 -22.5156 1.52577 16.0984 3.9158 0.336933 29.9852 22.7105 1.9993
-21.721 1.14638 3.73198 -34.1869 -19.6229 3.35832 22.1419 2.17152 3.76091 34.2058 19.8967 3.44581
-18.7818 5.16386 5.4745 -38.3873 -18.9912 5.69682 19.4311 5.79159 5.4975 38.4032 19.4206 6.04284
-18.0343 6.00236 4.20291 -39.8358 -18.6827 6.20538 18.5671 6.78414 4.29231 39.8747 18.9956 6.56302
-17.7843 6.00338 3.23052 -37.2104 -18.4717 6.08119 18.4471 6.94823 3.233 37.2759 18.7645 6.7449
-19.3373 5.7628 3.14665 -40.6714 -19.8936 5.81944 19.6873 6.44948 3.16908 40.7406 20.0693 6.4415
-19.2057 5.09373 2.93835 -40.4361 -21.8512 5.08351 19.6398 5.52343 2.94381 40.4591 21.9641 5.54073
-18.984 4.76344 3.13238 -39.0956 -20.2622 4.41275 19.3589 5.09775 3.14288 39.1306 20.3251 4.76705
-18.2986 4.29959 2.78266 -37.1621 -19.2812 4.23394 18.4452 4.55108 2.7969 37.1935 19.3528 4.49352
-18.5271 3.33203 1.61139 -35.2311 -17.7249 3.93196 18.7055 3.50415 1.64808 35.2703 17.7868 4.11966
-17.3988 2.70809 1.12417 -34.4954 -15.5632 3.06944 17.5613 2.99842 1.27911 34.5284 15.5881 3.12193
-16.1477 1.99925 0.696136 -34.0932 -13.0313 1.71919 16.2424 2.13648 1.07562 34.1118 13.0522 1.72374
-15.7568 2.06204 0.255854 -32.7859 -12.3043 0.626362 15.8388 2.24084 0.935765 32.8078 12.3266 0.694618
-14.8492 0.50034 -0.345035 -31.4512 -12.1878 0.411086 14.9583 1.03807 1.00992 31.4909 12.2346 0.822759
-13.9111 0.0861721 -0.410503 -31.1551 -12.7131 -0.386413 14.002 1.16337 0.833809 31.1843 12.7929 0.515805
-13.2246 -0.473571 0.131573 -28.4306 -14.1224 -1.41713 13.3135 1.19804 0.404822 28.4757 14.1807 1.63434
-12.3589 -1.76727 -0.1155 -27.3643 -13.6763 -1.7918 12.4991 2.24501 0.346284 27.408 13.8021 2.24301
-12.4262 -2.98515 -0.711218 -26.5668 -12.8306 -2.84285 12.5659 3.3669 0.856139 26.5943 12.9291 3.07617
-12.6707 -0.744135 -1.45707 -26.2305 -12.4752 -3.44535 12.7617 2.23949 1.67762 26.2675 12.556 3.51012
-12.5677 -3.14904 -0.530499 -27.3596 -12.1394 -1.47123 12.6291 3.34939 0.550949 27.3778 12.1839 1.61858
-12.7863 -3.58863 -1.74815 -27.116 -11.0975 -2.88623 12.8359 3.58876 1.80999 27.1327 11.1481 3.17477
-12.5517 -3.76892 -1.54468 -26.855 -11.7048 -2.79759 12.5878 3.77217 1.77762 26.8928 11.7417 2.90852
-11.9747 -2.75884 -2.32993 -27.0961 -12.2827 -3.10685 12.0454 2.76854 2.61913 27.1306 12.3116 3.25386
-11.659 -2.56873 -2.4815 -28.1184 -12.7874 -2.4329 11.7625 2.84052 2.74713 28.1386 12.7987 2.51829
-11.8129 -1.89206 -1.83438 -28.1241 -13.5509 -1.53116 11.8845 2.07843 2.074 28.1291 13.5641 1.89704
-11.4872 -0.568152 -0.945702 -28.6451 -13.5393 -0.68168 11.5333 0.589995 1.38571 28.6462 13.5445 0.869283
-12.1618 0.00679485 -0.10961 -29.7652 -13.9575 -0.335814 12.2254 0.137085 1.00704 29.7736 13.9576 0.708598
-12.2424 0.338104 0.261545 -29.8049 -14.5375 0.00457581 12.3607 0.358365 0.957452 29.8157 14.5383 0.593582
-12.428 0.944525 0.695808 -30.2427 -14.23 0.521254 12.5847 1.05302 1.15701 30.2569 14.2325 0.816469
-12.72 1.7079 0.668492 -30.9927 -14.4227 1.21117 12.9267 1.77877 1.31629 30.9988 14.4527 1.30402
-8.98706 0.0889905 -4.51572 -23.0799 -10.2446 -0.123231 9.12467 0.373206 4.67825 23.0819 10.283 0.137449
-4.53842 -4.69558 -8.97685 -13.5019 -5.81988 -4.12317 4.67689 5.22657 9.00276 13.6192 5.9915 4.39138
-2.02855 -2.33117 -2.61823 -7.63847 -3.88395 -2.15971 2.17528 2.87429 2.81949 8.01367 4.10265 2.69077
-1.28061 -0.260747 2.54277 -5.89062 -3.31085 -0.241839 1.40246 1.26998 2.98276 6.19639 3.52572 0.311309
-1.48119 0.988413 4.46151 -5.40372 -2.65757 -0.836012 1.54469 2.33032 4.80062 5.58981 2.99424 1.32806
-1.91231 2.35775 -12.3785 -5.70652 -2.75352 0.974493 2.21075 2.92006 12.3964 6.02612 3.1356 1.42869
0.624807 -18.1104 -10.13 -7.28472 -1.33071 -21.3375 1.23742 18.161 10.2788 7.47205 1.91492 21.3712
1.20412 -23.1588 -24.819 -3.58682 -1.87815 -24.5666 1.95004 23.2792 24.9132 3.76397 2.00922 24.7401
1.97666 -26.2538 -27.1342 0.412142 1.154 -30.1255 2.25621 26.2566 27.3304 2.17288 1.16401 30.5133
2.38754 -19.8273 -33.7871 4.83367 1.25763 -27.4464 2.72267 19.9945 33.9506 5.52657 1.61164 27.6949
4.26787 -19.2168 -39.9383 5.97997 3.66069 -24.3895 4.49383 19.4815 40.1147 6.13439 3.67211 24.7483
5.27973 -19.0826 -42.0337 4.49649 6.03236 -22.2596 5.28938 19.2051 42.1225 4.63296 6.10431 22.6016
5.46175 -21.5618 -42.8814 3.63434 6.00248 -20.3032 5.48016 21.5936 43.0685 3.69712 6.15285 20.3858
5.50452 -23.5128 -43.9496 3.98808 5.18505 -21.6558 5.58074 23.6202 44.2966 4.1 5.36214 21.7267
4.68801 -22.7565 -41.9748 3.62953 4.15357 -22.7529 4.70077 22.9436 42.4471 3.7276 4.24387 22.7546
3.76083 -20.3319 -40.4052 2.80288 3.90992 -24.4636 3.82432 20.5587 41.0616 2.83259 3.96926 24.5062
2.68801 -19.1439 -37.416 1.86653 3.50886 -23.4131 2.71802 19.3979 38.1701 1.92411 3.60084 23.5128
1.71526 -17.9656 -36.3304 1.09694 2.49696 -20.5389 1.83126 18.2803 37.0936 1.15158 2.68332 20.7196
0.850285 -17.287 -35.4937 0.770738 1.52164 -19.1847 1.21999 17.652 36.22 0.857242 1.65884 19.3397
0.344217 -14.9998 -35.3649 1.11565 0.990409 -18.2902 1.07563 15.5283 36.0178 1.28 1.0739 18.5385
-0.037562 -13.3121 -36.168 0.677059 0.772386 -16.4706 1.60583 13.9987 36.9774 1.41787 1.02238 16.7413
-0.481429 -13.5681 -34.267 -0.195947 0.173239 -15.3513 1.44274 14.2893 35.0583 1.03054 1.04218 15.716
-0.305873 -13.9606 -32.2746 0.110456 -1.00681 -15.1834 0.998952 14.6892 33.0603 0.579884 1.07191 15.6947
-0.92894 -13.5118 -32.0151 0.245448 -2.45207 -15.606 1.89586 14.2819 33.0453 1.18879 3.00947 16.1844
-1.43716 -12.2205 -32.1245 -0.109955 -2.18426 -16.3462 2.01766 13.204 33.2087 0.893926 2.36198 16.9668
-0.202219 -11.9858 -31.4823 -2.1816 -2.96018 -16.1894 0.937628 13.0293 32.6215 2.43764 2.9888 16.8558
-2.04687 -10.9728 -29.4538 -2.82357 -3.07426 -16.6964 2.96349 12.1001 30.4326 3.60549 3.58769 17.3732
-2.97755 -11.4119 -29.8607 -3.25102 -2.61467 -15.8757 3.84835 12.5618 30.9798 3.76683 3.0108 16.5139
-1.50211 -10.8084 -30.319 -2.50949 -2.27438 -16.1105 1.72852 11.7142 31.3544 2.69261 2.30596 16.6637
-1.62746 -11.042 -30.7518 -1.64661 -2.96897 -15.1572 3.1125 12.0131 31.664 3.09596 3.10928 15.5502
-1.45616 -10.9301 -31.9411 -2.45542 -2.58841 -14.8767 2.36841 11.8886 32.8853 3.23692 2.66301 15.1465
-1.20011 -10.6462 -32.3342 -2.08297 -1.52607 -14.7097 1.58044 11.6295 33.1239 2.5484 2.13566 14.9631
-0.489566 -9.44063 -32.9903 -1.23378 0.0976156 -14.6728 1.40843 10.2174 33.6561 1.73684 1.52057 15.0484
-0.135682 -9.55363 -34.8216 -0.955187 1.87258 -15.3485 2.59191 10.1067 35.6665 1.47099 2.98333 15.7322
0.336986 -10.2104 -34.671 -0.354765 1.68927 -16.4721 2.46196 10.6828 35.5376 0.933338 2.66537 16.8921
0.568493 -11.3115 -33.8395 0.228893 1.21255 -16.1909 2.293 11.8801 34.6914 0.739975 2.34533 16.6278
1.11007 -12.5694 -33.8558 0.861468 1.00441 -16.6122 2.47813 13.2288 34.7729 1.16972 2.18486 16.9928
-1.3718 -10.6862 -24.5557 -2.05826 -2.58714 -13.3215 2.62959 10.9361 25.2886 2.38545 3.67101 13.5335
-1.89264 -5.95018 -15.9027 -7.28885 -4.213 -8.63737 2.58607 6.10175 16.6051 7.88647 4.25034 8.66202
1.04229 -2.29727 -8.97435 -4.55397 -1.0802 -4.04675 1.37031 2.67467 9.32323 5.02153 2.26051 4.27775
1.02074 -1.61054 -5.83315 -1.08371 0.77122 -3.65217 1.51989 2.38796 6.23364 1.63936 1.93737 3.81014
0.281228 -3.18964 -3.94561 0.10152 -0.243093 -3.29667 0.866717 4.20593 4.09901 2.62651 0.533284 3.73503
-0.173772 -4.24499 -3.26449 -21.1529 -19.7776 -4.38852 1.73227 4.57484 3.30564 21.1776 19.8326 4.945
-17.0449 -4.16956 -0.323157 -25.1566 -23.2123 -0.0440993 17.1163 4.86726 0.809388 25.2005 23.2408 3.10789
-18.862 -1.53033 1.50544 -32.5853 -20.9401 1.41992 19.1478 2.09604 1.67134 32.6699 21.0563 1.4673
-20.3479 1.86379 4.38137 -35.2006 -19.7569 4.58637 20.9603 2.13507 4.42534 35.226 20.1177 4.6496
-17.9899 6.04178 5.28649 -38.4797 -19.1932 5.85193 18.6448 6.70984 5.33501 38.5082 19.5076 6.16649
-17.4737 6.35836 3.87995 -37.1139 -19.7958 6.2307 18.0683 7.02708 3.93181 37.1448 20.052 6.67934
-17.2739 6.40988 3.52162 -37.0971 -20.7144 5.91272 17.9195 7.01823 3.53849 37.1578 20.9403 6.44645
-18.577 5.30842 3.60376 -39.2353 -21.2852 5.46965 19.1833 5.75868 3.60646 39.29 21.4038 5.8651
-18.311 4.6285 3.22104 -38.0911 -22.847 5.21273 18.7861 4.92931 3.23645 38.1322 22.9648 5.56262
-17.3218 4.3976 2.89198 -36.4051 -20.0356 4.4253 17.5724 4.67685 2.91112 36.4336 20.1004 4.68454
-17.6152 3.96199 2.27693 -35.9585 -18.5858 3.71505 17.8587 4.23626 2.35959 35.9728 18.6335 3.91393
-16.8436 3.24778 0.822517 -34.7461 -16.5036 2.99423 16.9921 3.6638 0.951061 34.7559 16.5676 3.11138
-15.9316 2.51089 0.443491 -32.3104 -14.7594 2.35267 16.0476 2.79434 1.12163 32.3153 14.7962 2.35338
-14.8371 2.10636 -0.0560783 -32.0291 -13.5612 1.88626 14.957 2.18595 1.00434 32.0298 13.5858 1.91571
-14.1962 0.982211 -0.0912226 -31.161 -13.8042 0.680117 14.2986 1.38394 1.21843 31.1668 13.8507 0.816636
-13.0379 0.401025 -0.0733696 -29.5923 -14.0192 -0.0105106 13.1355 1.34267 1.06163 29.621 14.0839 0.756556
-11.5921 -0.823336 -0.147751 -28.7293 -13.6988 -0.807952 11.7539 1.00113 0.821974 28.7568 13.7666 0.933818
-11.4942 -1.6826 0.346099 -27.5069 -13.8433 -1.11576 11.6275 1.70484 0.620725 27.5257 13.8987 1.27135
-11.1843 -1.82609 0.153865 -26.499 -12.9646 -1.67703 11.2248 2.00822 0.382916 26.5233 13.0222 1.88437
-11.5596 -2.85662 -0.982897 -28.0003 -12.8064 -1.99835 11.6464 2.9559 0.991844 28.0364 12.8779 2.45217
-12.0803 -2.8125 -1.17817 -26.689 -13.1221 -3.05259 12.1397 2.84138 1.17906 26.7264 13.157 3.08553
-12.5293 -4.17519 -0.505179 -25.5569 -12.4121 -1.2959 12.5606 4.18687 0.581053 25.5958 12.4256 1.44036
-12.0617 -3.9445 -1.84761 -26.318 -11.3534 -3.01157 12.1027 3.97866 2.01211 26.3494 11.3881 3.03942
-12.0482 -2.69262 -2.12884 -27.1528 -11.6646 -3.46852 12.1233 2.7851 2.17468 27.1746 11.693 3.50389
-10.9887 -3.0101 -2.49446 -27.6769 -12.2835 -2.32978 11.0556 3.19783 2.77353 27.6973 12.301 2.77352
-10.8641 -1.8322 -2.30186 -27.6961 -13.3398 -1.9894 10.9594 1.93377 2.59784 27.7276 13.3439 2.21009
-11.4323 -1.95572 -2.14019 -28.1312 -14.1839 -1.31004 11.5802 2.09806 2.41609 28.1626 14.1884 1.59656
-11.6083 -0.929448 -0.845729 -29.5544 -13.4169 -0.478844 11.7458 1.61438 1.32729 29.5769 13.4202 0.715843
-11.7712 -0.378461 -0.104715 -29.6892 -13.3766 -0.347865 11.9077 1.02415 1.00531 29.6953 13.3881 0.749077
-11.7566 0.0596729 0.445671 -30.6646 -13.8743 -0.0448791 11.9186 0.846675 1.00791 30.6705 13.8807 0.684191
-11.9218 0.585809 1.02006 -30.8868 -14.0671 0.420348 12.0955 1.0481 1.41748 30.8941 14.0744 0.897484
-11.9125 0.976612 0.963044 -31.0711 -14.483 1.07413 12.0936 1.20863 1.38185 31.0809 14.5134 1.33411
-7.55764 -2.31721 -6.98342 -20.6893 -9.10716 -1.65734 7.70963 2.44942 7.06676 20.7175 9.14208 1.66919
-4.29241 -5.25506 -8.27855 -12.3346 -4.65993 -4.81661 4.45452 5.49791 8.31608 12.5534 4.81759 5.11387
-1.88484 -1.82165 -0.415658 -6.73751 -3.14254 -0.786445 2.01453 2.16503 0.949748 7.2005 3.35952 1.33858
-1.00404 0.529956 2.50188 -5.24548 -3.12378 -0.11582 1.09095 1.02284 2.92112 5.48162 3.29711 0.198651
-1.86886 1.99461 3.96603 -6.22888 -2.05936 -0.866733 1.91296 2.92316 4.18546 6.4083 2.2259 1.35138
-1.67538 -6.09858 -12.6029 -5.74644 -2.21802 0.774548 1.86534 6.19226 12.6357 6.06299 2.52657 1.13467
-0.643 -21.4182 -17.3959 -5.87491 -1.43343 -20.7952 0.900102 21.4512 17.4256 6.16995 1.74048 20.8601
1.92417 -23.8252 -29.8322 -2.32424 -3.74127 -23.8735 2.06647 23.8589 30.0045 2.75189 3.75328 23.9887
2.46099 -22.9248 -29.5892 2.91049 0.806078 -29.8193 2.78212 22.9893 29.8179 4.05562 0.881741 30.0181
3.74231 -17.9463 -34.6755 5.66627 2.21658 -28.0624 3.9151 18.0935 34.9961 6.27444 2.56616 28.2241
3.87321 -18.6648 -39.4399 5.81205 4.96702 -25.7018 4.06651 18.7979 39.6283 5.97139 4.97688 26.05
5.47644 -21.6426 -44.4744 4.71382 5.69339 -22.8506 5.51756 21.6635 44.6325 4.84099 5.78721 23.0793
5.01407 -24.3689 -44.9514 4.04245 5.63362 -20.2563 5.03963 24.4543 45.1991 4.13304 5.71789 20.3773
4.84497 -24.9178 -44.488 3.80161 5.44198 -20.6167 4.92231 25.0697 44.8483 3.95746 5.50305 20.7025
4.26302 -24.3441 -42.3115 3.31142 4.31723 -20.9121 4.31976 24.5527 42.8017 3.46811 4.36752 20.9127
3.21943 -21.1577 -40.4691 2.4912 3.67663 -22.3383 3.26677 21.349 41.0842 2.63473 3.71162 22.3709
2.05853 -18.6695 -36.6439 1.55997 2.9552 -22.87 2.38456 18.9107 37.2323 1.82391 2.96477 22.9575
1.12337 -15.9317 -35.3771 1.15931 2.20433 -21.5808 1.54981 16.3097 36.0197 1.3517 2.38976 21.7422
0.805036 -14.0531 -36.47 0.89529 1.09184 -20.2493 1.11838 14.4154 37.2264 0.990776 1.60526 20.394
0.651652 -12.7396 -36.2994 1.01325 0.490455 -19.0495 1.0874 13.0655 37.0322 1.17023 0.754289 19.1912
0.182438 -13.4905 -35.2325 0.478207 0.224448 -17.3445 1.58805 13.8525 35.9904 1.71732 0.578178 17.6639
-0.870978 -13.7695 -35.0382 -0.0554945 0.108213 -15.9961 1.84307 14.1961 35.9462 1.69436 1.29918 16.3688
-0.637803 -12.8281 -32.9757 0.263335 -0.807433 -14.6963 1.10667 13.5683 33.7302 0.931241 1.03704 15.1235
-1.20235 -12.5882 -32.5943 -0.131865 -1.97225 -15.4262 1.65555 13.6352 33.5375 0.711624 2.32268 15.8928
-1.15684 -12.6048 -31.7275 -0.818929 -3.24975 -15.4633 3.03856 13.7351 32.8249 1.65759 3.39952 16.0034
0.0316985 -12.6582 -30.5535 -1.99428 -3.435 -16.6301 1.35464 13.6437 31.7085 2.09872 3.50357 17.1303
-1.98898 -11.6734 -28.7257 -2.7932 -3.21337 -16.6191 2.44639 12.4533 29.7613 3.0691 3.4071 17.1366
-3.07818 -11.2097 -29.7202 -2.62715 -1.99237 -15.988 4.13139 11.8488 30.7469 2.97943 2.16344 16.4763
-1.93645 -10.7213 -30.1631 -2.08958 -2.25042 -14.977 2.29022 11.2504 31.0756 2.46748 2.34196 15.3587
-1.7069 -10.252 -30.6536 -2.35164 -1.96325 -14.6566 2.26297 10.8188 31.4912 2.66888 2.2655 14.9577
-1.40061 -10.4766 -31.7335 -1.70185 -1.88807 -14.7838 1.91762 11.0835 32.6255 2.89488 2.31888 15.0354
-1.1259 -11.6401 -31.3383 -2.44293 -1.70266 -15.0129 1.68658 12.4108 32.0898 2.75242 2.07598 15.2208
-0.621186 -12.5525 -30.5292 -1.59056 -0.271299 -15.512 1.26726 13.2186 31.2598 1.98029 1.55839 15.7349
-0.222607 -12.8176 -30.8579 -0.387639 1.83463 -16.0557 2.50017 13.3412 31.6623 1.26023 2.48955 16.2286
0.122876 -13.2429 -30.9176 0.99456 1.8183 -16.917 2.70905 13.5812 31.7315 1.4591 2.30601 17.1018
0.329683 -13.0256 -30.1308 1.30653 1.30522 -17.3687 2.37879 13.316 30.8147 1.44835 2.14923 17.5131
0.821476 -12.7318 -32.1966 1.25802 1.10576 -16.9171 2.23258 13.0765 32.9705 1.49007 2.22831 17.1089
-2.17845 -7.15512 -19.2571 -5.09083 -4.01521 -10.9505 3.02477 7.25098 19.9188 5.49651 4.25048 10.961
-0.989929 -2.96657 -13.5508 -7.56638 -3.35513 -6.83157 2.5063 3.29515 13.9608 8.40058 3.41288 6.99838
2.09658 -1.64021 -7.94128 -2.11577 0.122191 -3.69338 2.49399 2.23361 8.2635 2.40517 2.08856 4.04708
1.3357 -2.42412 -5.60026 0.0349336 0.445958 -2.92833 1.50193 3.37241 5.86409 1.39947 1.41486 3.42721
0.978463 -3.20103 -2.63186 2.94187 -22.6418 -4.93691 1.18448 3.95303 2.79077 3.78606 23.015 5.56913
0.763651 -6.1348 -1.73971 -23.7956 -19.929 -5.04119 1.46178 6.35235 2.07709 23.9815 19.9904 5.43283
-13.6498 -4.23 -0.0806102 -29.2351 -22.5971 -0.326703 13.8387 4.5422 1.14352 29.493 22.8251 1.79378
-16.8437 0.0408636 1.13625 -39.0247 -17.4811 3.95835 17.1054 2.18238 1.31958 39.1598 17.8911 4.42198
-20.2891 2.15432 4.02753 -35.7943 -20.4538 5.14739 20.6896 3.01598 4.07303 35.8324 20.818 5.2948
-17.125 6.51691 4.91796 -36.6683 -23.2121 5.97386 17.7329 7.00453 4.96069 36.7094 23.3255 6.30518
-16.5124 5.69677 3.99856 -34.6045 -23.2386 5.44416 17.0533 6.33925 4.03356 34.6539 23.3304 5.70941
-17.314 5.21539 3.68495 -37.0809 -22.8735 5.40563 17.978 5.83124 3.69004 37.116 22.982 6.10982
-17.1988 4.92042 3.8882 -39.3534 -21.4956 5.07392 17.7712 5.63412 3.9629 39.3547 21.5617 5.59161
-16.9843 4.51567 2.86123 -38.4591 -21.3534 4.74748 17.4914 4.99182 2.91323 38.4719 21.4827 5.14629
-16.1974 4.52018 2.52613 -38.7701 -18.9459 3.99245 16.5106 5.14886 2.55811 38.7872 19.1104 4.29657
-16.7259 4.02248 1.71794 -37.0704 -16.6201 3.33597 17.0304 4.72584 1.8466 37.083 16.7619 3.57039
-16.106 3.33773 0.829481 -35.6768 -15.0943 2.86333 16.3013 3.96266 1.10741 35.6871 15.1242 3.13952
-15.558 3.03534 0.468835 -34.2948 -14.7434 2.06089 15.7199 3.17389 0.956995 34.3063 14.7556 2.19278
-13.9545 1.71214 0.275656 -32.4635 -15.4768 1.86596 14.0293 1.97107 1.11288 32.4779 15.5093 1.8985
-13.049 0.760077 0.0931644 -30.341 -14.3792 0.982382 13.0996 1.85179 1.38162 30.3766 14.4255 1.1342
-12.3343 0.305372 0.0450014 -30.0466 -14.5895 -0.0444477 12.4824 1.67852 1.21985 30.0716 14.6156 0.649302
-11.4315 -0.482494 -0.396028 -29.1667 -14.6215 -0.839178 11.5426 0.959348 0.826554 29.1983 14.6378 0.923821
-11.2802 -1.96093 0.344275 -27.7557 -13.6867 -1.43748 11.3901 2.17878 0.374577 27.7918 13.7182 1.66629
-11.4935 -2.738 -0.00701395 -28.5199 -13.0791 -1.18067 11.5842 2.9753 0.630429 28.5753 13.1374 2.39521
-11.6458 -3.47374 -1.13254 -27.8348 -13.0215 -3.13586 11.7002 3.49009 1.16192 27.9082 13.0484 3.32124
-12.1841 -2.43871 -2.25352 -27.2985 -11.9986 -2.97943 12.2374 3.08151 2.73425 27.3774 12.0314 3.00638
-12.6673 -3.60772 -1.38584 -26.5101 -11.666 -2.54992 12.7109 4.21756 2.1891 26.5746 11.7148 2.66233
-12.0605 -3.50515 -2.00324 -26.9456 -12.5248 -3.87667 12.0848 3.50936 2.19541 27.0207 12.575 3.94455
-11.5087 -3.65185 -2.05521 -25.7266 -14.181 -3.06449 11.5672 4.12422 2.81606 25.7733 14.1898 3.21012
-10.6804 -3.84763 -2.72655 -27.1709 -14.1795 -2.15066 10.7617 4.02425 2.81884 27.234 14.2041 3.32562
-11.1935 -3.0736 -1.76631 -28.3743 -12.8138 -1.95182 11.3285 3.24059 2.27406 28.4103 12.8405 2.39796
-11.3058 -1.2068 -1.27047 -28.9449 -12.4545 -1.09084 11.4783 1.90093 1.9082 28.9547 12.4579 1.15278
-11.1016 0.280442 -0.469258 -30.1282 -12.7117 -0.730167 11.3205 0.900674 1.09391 30.1411 12.727 1.3434
-12.1222 0.873251 0.234331 -30.675 -13.0863 -0.459198 12.3103 1.07176 1.09446 30.6874 13.1173 1.46102
-12.2848 0.883221 0.360722 -30.7929 -13.2801 0.383772 12.405 1.15597 1.0413 30.8052 13.3024 1.15524
-12.5987 0.916402 0.236395 -31.1673 -14.0093 0.865753 12.7776 1.17426 0.830743 31.1802 14.0287 1.29519
-12.7925 1.0076 0.827056 -30.8697 -14.1199 1.20237 13.0517 1.27586 1.2517 30.8729 14.1544 1.45534
-7.29329 -4.36265 -7.46519 -19.6253 -8.30079 -2.03828 7.51621 4.57785 7.54202 19.684 8.35757 2.10101
-3.50005 -5.55369 -6.87036 -11.2519 -3.41574 -4.21409 3.68181 5.85232 6.93685 11.5447 3.55428 4.45578
-1.09357 -0.750961 0.641974 -6.23531 -2.43313 -0.610936 1.13296 1.30388 1.06294 6.5375 2.50267 0.909939
-0.516679 0.81689 2.38424 -5.72012 -2.30145 -0.753233 0.53253 1.20049 2.68932 5.94234 2.41471 0.839893
-3.8839 1.5395 1.18649 -5.30024 -2.40175 -0.696595 4.00776 2.69571 1.82046 5.49707 2.67483 1.17784
-0.247723 -17.396 -9.48899 -5.8704 -1.2505 -0.754578 0.811862 17.4968 9.59895 6.24702 1.62094 1.47881
0.093562 -20.8155 -20.0856 -5.43226 -1.42423 -23.1447 0.911349 20.864 20.1066 5.62645 1.85941 23.2375
3.65759 -23.7576 -28.2608 -1.21327 -2.72834 -25.841 3.73221 23.7707 28.4006 1.61469 2.78086 26.0897
1.95049 -20.2945 -31.2131 3.7379 1.7002 -30.2671 2.39653 20.5346 31.4305 5.15369 1.90591 30.5489
4.43431 -20.072 -35.0167 6.2036 2.64888 -27.6784 4.80069 20.1924 35.2077 6.53754 2.71094 27.95
4.16996 -20.0689 -40.2379 5.1343 5.25246 -24.8448 4.2844 20.2084 40.4337 5.38729 5.30538 25.2342
5.50917 -22.3609 -42.6696 3.90557 5.79359 -21.0694 5.53851 22.3966 42.8132 4.08403 5.91984 21.2975
5.23989 -24.8408 -45.1259 3.19308 5.64819 -18.4224 5.37383 24.9587 45.4347 3.28765 5.85197 18.5168
4.95617 -25.8189 -44.2929 3.0953 4.84414 -18.659 5.05112 25.9824 44.621 3.24336 4.9317 18.6833
3.94354 -23.59 -43.4533 2.68024 4.35939 -20.3389 4.03384 23.7878 43.8942 2.85208 4.38996 20.3554
3.09098 -21.5015 -40.4418 2.05386 3.92382 -21.9395 3.2077 21.7259 41.0226 2.29966 3.92799 22.0314
2.1404 -19.3461 -38.395 1.2889 2.81585 -22.1534 2.28601 19.5744 39.1468 1.62207 2.82133 22.3255
1.47232 -17.6675 -36.0675 1.17671 1.96747 -21.3236 1.79715 18.0128 36.6764 1.42538 2.04789 21.5913
1.09595 -16.5686 -35.0822 0.94155 1.24991 -19.0602 1.64042 16.9717 35.7253 1.2191 1.38537 19.3074
0.829077 -15.1171 -35.7626 0.956804 0.429754 -16.9225 1.595 15.629 36.4583 1.34572 0.634519 17.206
0.446803 -14.423 -34.75 0.00464391 -0.199519 -15.5555 1.7335 15.0446 35.4893 1.32903 0.803451 15.953
-0.834182 -15.104 -34.859 -0.0245095 -0.937539 -14.5813 1.5966 15.7526 35.7864 0.841516 1.38892 15.059
-0.553738 -14.9317 -33.5276 0.50366 -1.59013 -14.2751 0.782558 15.6093 34.3055 0.568565 1.90657 14.7047
-1.06393 -13.6481 -32.7369 -0.604083 -3.02447 -15.0182 2.7469 14.5296 33.5867 1.47477 3.1322 15.4676
-1.48186 -12.543 -31.6613 -1.85212 -3.55773 -14.8655 3.10465 13.6356 32.6058 2.18358 3.6882 15.3775
-0.518273 -12.0681 -31.1652 -2.71377 -3.30259 -15.6162 0.952087 13.3512 32.2414 2.86874 3.37673 16.2273
-2.20989 -11.7471 -29.5159 -2.35335 -2.66901 -15.1469 2.64939 12.8041 30.448 2.74566 2.79478 15.743
-3.0733 -11.6495 -30.3359 -2.1034 -2.03417 -14.4522 3.91438 12.48 31.2943 2.68216 2.10401 14.9587
-2.84068 -11.6189 -31.2392 -2.1803 -2.10351 -13.3069 3.12023 12.3285 32.1044 2.29254 2.13237 13.7004
-1.52402 -11.7284 -31.4376 -1.62513 -1.96151 -13.6627 1.90643 12.4822 32.2523 1.96914 2.44239 13.9723
-1.09186 -12.061 -32.4432 -1.96163 -1.81192 -14.378 1.44804 12.9322 33.2996 2.54044 2.21985 14.5996
-0.714534 -11.8761 -31.4858 -2.04585 -1.30255 -15.1162 0.94437 12.7247 32.215 2.28183 1.77392 15.306
-0.595164 -12.0691 -31.1138 -1.23458 0.173498 -16.2084 0.97544 12.8273 31.7849 1.96956 1.19194 16.3704
-0.390162 -12.2442 -31.2086 -0.754251 1.99343 -16.4892 2.88928 12.9014 31.96 1.46645 2.66902 16.6475
-0.173261 -13.1142 -30.3194 0.441717 1.81207 -17.2759 2.53411 13.5886 31.0212 1.20696 2.34655 17.4541
0.209098 -13.0066 -30.8091 0.963055 1.1919 -16.8843 2.22053 13.4402 31.5435 1.18559 2.14545 17.0435
0.694807 -13.1776 -32.3684 1.19725 0.923622 -17.1084 2.08357 13.7698 33.1025 1.31091 1.80657 17.2561
-2.65044 -6.88861 -18.1591 -6.46286 -4.69431 -10.8577 3.30328 6.93504 18.8497 7.15187 4.8175 10.8906
-0.842161 -2.48219 -11.6162 -6.81484 -3.84867 -5.39443 2.26786 2.6684 11.903 8.00769 4.06621 5.55674
1.91897 -1.79996 -6.64371 -1.52302 0.241576 -3.48749 2.21822 2.94677 6.92352 1.7563 2.30271 3.85215
1.15499 -2.2905 -6.80864 2.09596 0.0945393 -3.82119 1.26399 3.51387 7.3779 2.92679 1.26161 4.27005
1.22552 -3.63093 -2.6219 -8.36906 -22.7955 -5.63271 1.72494 3.99267 2.72418 8.46817 23.1911 6.05231
-1.50176 -4.14006 -1.20503 -23.8331 -22.9609 -3.97099 2.18603 4.65109 1.4964 23.8476 23.0923 4.35802
-13.6944 -3.51015 0.102821 -27.0725 -23.1894 0.579999 13.8704 4.1178 0.915485 27.2219 23.4981 1.47968
-17.496 0.331011 1.91075 -36.0054 -21.4251 3.24052 17.708 1.80887 2.11944 36.1763 21.5324 3.47506
-19.6563 3.19471 4.69303 -35.2835 -20.0447 5.01318 20.1424 3.72523 4.71399 35.3387 20.3864 5.10604
-17.8312 5.81975 5.0556 -37.2084 -21.4463 5.53974 18.5507 6.41441 5.12789 37.2171 21.5906 6.17678
-16.2789 5.77834 3.53642 -35.4485 -21.6582 5.71023 16.9638 6.58526 3.56585 35.4857 21.7655 5.98638
-17.4002 5.56774 3.33003 -37.985 -21.7369 5.41629 18.1765 6.02018 3.33007 38.018 21.8835 5.8301
-16.9138 5.74195 3.69947 -39.0912 -21.2804 5.24285 17.4758 6.31898 3.73786 39.1008 21.3789 5.61541
-16.3333 4.92026 3.05431 -37.8473 -20.819 4.49877 16.8332 5.22251 3.09232 37.8499 20.9751 4.72871
-16.0039 4.72454 2.56406 -37.5728 -18.8217 3.83409 16.2865 5.0026 2.61504 37.58 18.9095 4.04837
-16.2361 3.58644 1.76297 -36.4425 -17.6667 3.56342 16.4315 3.78756 1.81687 36.4585 17.793 3.7979
-15.5039 2.76756 0.912951 -33.7615 -15.8999 2.3771 15.6743 3.04432 1.05519 33.7766 15.9574 2.48597
-14.6726 2.50844 0.412709 -32.7925 -14.9289 2.20478 14.811 2.8006 0.854643 32.8091 14.9399 2.3079
-13.9057 2.20438 0.137602 -31.4683 -14.1756 1.75196 13.9957 2.28035 0.999921 31.4734 14.1869 1.753
-13.4636 0.642885 0.0695652 -30.5497 -13.6681 0.888268 13.4941 1.08746 1.10995 30.5813 13.6773 0.914336
-13.1177 0.45551 0.215559 -29.0224 -13.224 0.12327 13.1792 1.06036 1.10561 29.0441 13.2379 0.447851
-12.3957 -0.17215 -0.3157 -28.9366 -13.9528 -0.90268 12.4709 0.482702 0.797269 28.9636 13.9688 0.936028
-12.4628 -1.5011 0.345288 -27.3671 -14.517 -1.57009 12.546 1.76109 0.399178 27.4216 14.5434 1.83657
-12.2284 -3.59993 -0.298514 -25.9465 -13.8597 -1.30172 12.2949 3.6998 0.299299 25.9896 13.9131 2.67779
-12.3051 -1.13179 -1.45666 -25.9194 -13.1768 -3.35777 12.3915 1.26486 1.57497 25.9717 13.2113 3.38822
-12.4681 -3.11049 -0.768985 -25.3919 -12.5984 -1.42765 12.5077 3.38628 1.45771 25.4534 12.6035 1.52552
-12.7821 -3.29661 -2.10527 -26.1753 -11.7735 -3.39355 12.8178 3.30253 2.23051 26.2508 11.8104 3.5089
-12.2199 -3.49367 -2.3602 -26.8878 -12.532 -3.60432 12.2475 4.00004 2.43043 26.94 12.5635 3.92889
-11.2929 -2.9486 -2.1961 -26.9867 -13.278 -3.1417 11.3286 3.38799 2.58358 27.0251 13.3031 3.3888
-11.1516 -3.15086 -2.50822 -27.4493 -13.4222 -2.72748 11.2631 3.34088 2.80852 27.475 13.4278 2.96302
-10.7839 -1.67842 -1.846 -27.9053 -12.5378 -1.87698 10.9388 1.84368 2.35336 27.923 12.543 1.90836
-10.6866 -0.608033 -0.731855 -29.3043 -12.5374 -0.925486 10.8744 0.991785 1.2401 29.3307 12.5414 0.952909
-11.0468 -0.17636 -0.101586 -30.65 -12.4546 -0.292254 11.2298 1.20338 0.960376 30.6799 12.4555 0.764432
-11.3388 0.235152 0.115544 -31.1046 -13.2384 0.262275 11.4906 1.37011 1.0004 31.1252 13.2437 0.881454
-12.0133 0.598262 0.415141 -31.6 -13.8886 0.950962 12.1984 1.3007 0.848605 31.6218 13.9025 1.22892
-12.141 1.42502 0.347754 -32.2743 -13.8503 0.983452 12.3542 1.78647 0.940323 32.2975 13.8635 1.13011
-11.8203 1.5976 0.919839 -31.5238 -13.9949 1.4144 12.0811 1.9139 1.1967 31.5323 14.0096 1.50053
-6.36337 -5.49147 -9.56261 -19.3172 -7.29963 -2.56808 6.52803 5.74138 9.57916 19.4933 7.36405 2.71816
-2.89807 -5.4538 -6.14435 -9.54703 -3.35846 -3.93117 2.96093 5.74403 6.31191 9.87171 3.45387 4.27547
-1.25443 -0.758823 1.3381 -6.24513 -2.59071 -0.301975 1.3084 1.55045 1.83614 6.65176 2.62722 0.820305
-0.935349 0.19745 2.14835 -5.36687 -2.96963 -0.711716 1.04699 1.35181 2.33864 5.71449 3.27025 0.93152
-5.07706 -17.8549 -8.48598 -4.04834 -3.05237 0.469789 5.0854 17.9076 8.50295 4.49911 3.26332 1.372
-0.500133 -19.9258 -15.6887 -3.43292 -4.00385 -14.2091 0.544154 20.1151 15.7394 4.17666 4.05209 14.3144
2.28207 -19.1493 -32.7624 -1.44005 -6.05499 -25.1251 2.98243 19.3066 32.7641 3.34359 6.19096 25.2251
3.04229 -20.064 -31.859 2.33817 0.274728 -28.792 3.38453 20.2611 32.1 3.94478 1.85483 28.9557
4.11672 -21.5953 -34.6355 5.4984 3.27868 -26.1052 4.25618 21.6688 34.8693 6.10443 3.50926 26.3701
4.73402 -21.426 -36.0675 5.92398 5.66697 -23.7918 4.78783 21.4764 36.3093 6.09938 5.69662 24.0269
4.50213 -22.417 -36.5292 4.61823 5.1631 -21.0979 4.5526 22.4198 36.7969 4.77759 5.19343 21.3813
5.25209 -24.5978 -42.2415 4.16145 5.34898 -19.8121 5.27538 24.6948 42.3876 4.35809 5.41648 19.9467
4.66233 -24.2897 -44.047 3.65824 5.12653 -20.9552 4.69686 24.5577 44.266 3.84762 5.18224 21.05
4.38615 -22.3123 -44.9639 3.13596 4.59525 -20.65 4.45737 22.4555 45.2458 3.34147 4.66115 20.6572
3.49713 -19.7622 -43.8035 2.67759 4.30224 -21.465 3.58681 19.9817 44.2676 3.00696 4.34732 21.4757
2.98143 -17.9382 -42.0256 1.79372 3.56577 -21.1459 3.07911 18.1773 42.6021 1.96462 3.5958 21.2698
1.96957 -17.0402 -38.8686 1.06862 2.46677 -21.1854 2.14695 17.2911 39.5176 1.28829 2.50727 21.4039
1.50102 -15.3939 -36.4246 0.858119 1.76692 -20.6405 1.84942 15.7719 37.0756 1.08812 1.88915 20.8707
1.11796 -13.7805 -36.8131 0.440347 1.09442 -19.2261 1.36426 14.3812 37.6523 0.615634 1.35218 19.4927
0.746773 -13.5436 -36.407 0.882437 0.598193 -17.9398 1.61569 14.3429 37.1903 1.11715 0.765937 18.336
-0.290092 -13.9913 -34.0485 0.391494 0.0250568 -16.8798 1.5855 14.8523 34.6974 1.02222 1.67225 17.389
-1.13346 -13.5258 -33.9916 -0.365991 -1.58065 -16.0021 1.88337 14.1708 34.8085 1.12617 2.41976 16.5445
-1.19535 -12.7024 -33.4426 0.367607 -2.37295 -16.2617 1.56564 13.5689 34.373 0.45137 2.65347 16.7681
-0.802578 -11.7287 -32.4944 -0.533198 -2.55035 -16.9985 0.951485 12.8854 33.4868 1.07737 2.71484 17.4865
-0.564277 -10.7674 -31.2427 -1.1701 -4.01372 -17.0575 1.81201 12.0664 32.1046 2.12819 4.18493 17.7087
0.211699 -10.5811 -31.1934 -2.20271 -3.48357 -16.5709 1.19113 11.7159 32.0975 2.60291 3.50126 17.1794
-1.44802 -10.3778 -31.1859 -2.12458 -2.97959 -16.3816 1.65923 11.3318 32.1072 2.23492 3.01297 16.8339
-3.36385 -10.3099 -32.2868 -2.42692 -1.75378 -15.8466 4.06327 11.1061 33.2382 2.7346 1.81029 16.2686
-2.17853 -9.38494 -31.3667 -2.53542 -1.97335 -16.0863 3.10495 10.06 32.1559 2.67455 2.20517 16.5771
-1.98748 -9.44023 -30.8896 -1.86524 -1.4481 -16.1471 2.31101 10.2036 31.6208 2.14663 1.75995 16.5214
-1.49321 -10.3645 -31.5355 -1.89626 -1.59344 -16.4194 2.56523 11.1251 32.2821 3.32262 2.62257 16.6514
-0.364791 -11.7321 -32.1833 -1.47965 -1.0653 -16.7245 1.03345 12.3297 33.0177 1.73552 1.5258 16.8975
0.122945 -11.7931 -32.3939 -0.693894 -0.432684 -17.0382 1.036 12.5758 33.1528 1.13197 1.5528 17.2038
-0.11422 -11.8877 -32.3243 0.474514 1.16238 -17.7381 2.10872 12.3098 33.1178 0.906741 2.36011 17.8914
0.310599 -11.3174 -32.3894 1.05681 1.28934 -18.085 1.93545 11.7564 33.0978 1.26495 2.07562 18.2938
0.766976 -11.4135 -32.302 0.963955 1.61243 -18.9106 2.18499 11.8328 32.9443 1.19731 2.48401 19.0865
-1.39052 -9.31479 -22.674 -2.68352 -2.37996 -14.4482 2.63526 9.56562 23.0497 2.73891 3.65342 14.5877
-1.76248 -3.79895 -16.6503 -6.19408 -5.24107 -8.50224 2.16021 3.84806 17.2875 6.70694 5.39695 8.58163
1.39336 -1.54779 -8.88901 -3.65136 -1.82586 -4.90873 1.75439 1.97995 9.16864 4.0242 2.53293 5.14324
1.44651 -2.09361 -5.52395 -0.69683 0.453117 -3.81437 1.69826 3.19293 5.85446 1.12981 1.85099 4.13244
0.479022 -1.60832 -5.08174 -15.6901 -20.0119 -4.22905 0.529064 3.10711 5.25377 15.7115 20.6134 4.56696
-0.848559 -2.48081 -2.59332 -25.5886 -24.018 -4.45998 1.64175 3.32443 2.90644 25.68 24.1282 4.60497
-1.0305 -2.50964 -1.29376 -25.1413 -24.1753 0.513945 2.53719 2.92338 2.03582 25.3455 24.3652 3.07463
-17.8824 -1.71405 0.631185 -27.1419 -24.6037 4.90587 17.9161 2.87249 1.94247 27.5405 24.8381 5.16738
-20.7783 2.32568 3.68296 -31.0517 -19.5935 4.31903 21.2112 2.99882 3.85045 31.3452 19.9722 4.38917
-21.5036 3.6843 5.44771 -34.1668 -18.0336 4.38584 22.2509 3.72691 5.5256 34.3358 18.629 4.93576
-16.8384 6.55532 4.13344 -36.086 -20.1388 5.14291 17.712 7.30835 4.19238 36.1106 20.5254 5.71721
-16.5503 5.70519 3.30596 -35.2292 -19.9242 5.65687 17.4811 6.30449 3.31713 35.2612 20.2835 5.85397
-17.5722 5.17539 3.14561 -37.9626 -22.142 5.69529 18.4205 5.58759 3.17162 38.0353 22.2716 6.21252
-17.2093 4.33555 2.97857 -37.2576 -24.7082 5.72896 17.8417 4.7516 3.00115 37.299 24.7884 6.36487
-16.9852 4.61955 2.97905 -35.9426 -24.2109 4.75014 17.5679 5.08097 2.98445 35.9585 24.3123 5.07609
-17.3603 4.18069 2.70258 -34.2945 -21.3324 4.07753 17.79 4.42634 2.73239 34.2964 21.4202 4.19919
-16.3829 3.13654 1.39124 -32.6057 -18.5778 3.80265 16.6182 3.24987 1.51438 32.6134 18.6885 3.8634
-16.1365 2.57713 0.896653 -31.0596 -18.0901 3.05076 16.3596 2.64711 1.21459 31.0769 18.2215 3.11984
-15.6417 2.20826 0.423591 -31.3077 -15.1915 1.26344 15.8337 2.49979 0.534704 31.3187 15.2162 1.41274
-14.7587 1.91691 0.374155 -29.6871 -14.0141 0.742293 14.898 1.95173 0.570702 29.6897 14.0295 0.914839
-13.8307 0.229061 0.177026 -27.7539 -14.3118 0.653746 13.9472 0.50248 0.447218 27.754 14.3415 0.939451
-13.318 0.120292 0.45744 -27.5438 -13.7282 -0.362836 13.4392 1.51637 0.66872 27.5457 13.7368 0.853996
-11.664 -0.409008 0.099996 -26.7179 -14.3194 -1.79809 11.6937 1.90589 0.67146 26.7248 14.3349 2.07481
-11.3755 -1.70746 -0.0814523 -26.1728 -14.8003 -2.02789 11.4784 2.35627 0.576119 26.1732 14.8101 2.19043
-11.6582 -2.40268 -1.57279 -25.2754 -14.6519 -2.26553 11.7513 2.74104 1.59535 25.2764 14.683 2.95947
-11.5849 -3.36455 -2.12233 -24.8957 -14.5008 -3.61832 11.6451 3.49465 2.23733 24.9262 14.5376 3.7922
-11.7228 -3.87528 -0.882843 -24.163 -14.2908 -1.29661 11.7889 3.96415 1.00938 24.1696 14.3026 1.65322
-12.0253 -3.24869 -2.0471 -24.1409 -12.7827 -2.85127 12.11 3.6248 2.17243 24.1442 12.7883 2.85185
-11.9903 -3.37803 -1.9179 -24.6167 -11.9723 -3.47354 12.0353 3.89208 2.20278 24.6321 11.9761 3.4961
-11.8587 -2.48705 -2.62985 -26.3135 -12.5739 -3.1171 11.9161 2.59155 2.84931 26.3288 12.574 3.12962
-11.0971 -2.27006 -2.16393 -27.6135 -14.323 -2.27142 11.1654 2.38046 2.60892 27.6201 14.3237 2.50093
-11.0016 -2.41361 -1.91423 -27.1299 -15.4446 -1.73713 11.0986 2.46771 2.40059 27.133 15.4459 2.48702
-11.2891 -0.847918 -1.14026 -27.0146 -15.5014 -0.741456 11.3902 1.21291 1.6276 27.0163 15.5113 1.09085
-11.6029 -0.188405 -0.0360975 -27.6438 -14.5203 -0.638145 11.7515 0.915698 1.23052 27.6501 14.5384 1.1822
-11.5021 0.36131 0.148354 -28.9607 -14.2711 -0.171539 11.7598 0.582912 0.984184 28.9895 14.3086 0.839859
-11.4107 1.32126 0.63455 -30.0889 -14.9096 0.82735 11.6155 1.39739 1.26674 30.1062 14.9624 1.1322
-11.7337 1.92194 0.910554 -30.3131 -15.7353 1.64168 12.0024 1.97642 1.36519 30.3229 15.8114 1.84817
-7.71311 -2.46127 -7.01491 -19.4535 -10.2184 -0.859268 7.88358 2.60658 7.11641 19.4788 10.3083 0.86413
-4.23135 -5.69447 -7.99892 -11.4994 -5.36627 -3.60007 4.3743 6.11715 8.01222 11.6805 5.63963 3.84201
-2.22577 -1.41712 -1.40056 -6.06369 -3.6604 -0.402391 2.47029 1.71928 1.58058 6.51214 3.9633 1.19332
-1.73561 0.787808 2.37811 -5.34352 -3.05285 -0.18423 1.92379 1.4033 2.63418 5.61629 3.2644 0.238042
-2.39791 2.83292 4.0694 -5.8326 -1.97183 -1.03617 2.41776 3.59308 4.35974 6.02499 2.19865 1.53666
-1.01824 1.09402 -10.6315 -6.39141 -2.20461 -0.223206 1.6499 2.16527 10.8724 6.58029 2.74916 1.22209
0.313989 -15.1393 -15.7092 -6.72348 -0.823457 -9.42131 2.17796 15.2626 15.7723 6.9649 1.27394 9.72289
0.732456 -20.246 -28.7215 -4.6433 -1.08889 -25.007 1.25405 20.4115 29.0689 4.7633 1.30399 25.1782
3.21341 -22.1662 -31.1138 1.00297 2.10312 -30.357 3.36598 22.2118 31.5553 2.06841 2.13521 30.5674
2.35096 -18.0499 -35.7036 4.93624 2.50158 -29.3137 2.81991 18.2102 36.1453 5.47858 2.68386 29.4909
4.25519 -16.2351 -41.7138 6.42481 4.28176 -25.2645 4.41084 16.3673 41.9703 6.55557 4.30888 25.531
5.01059 -16.219 -43.0066 4.54285 6.0775 -22.5614 5.01545 16.249 43.1765 4.72509 6.16149 22.8614
5.2996 -19.5153 -46.8015 3.15382 5.85116 -20.5602 5.31765 19.6011 47.1133 3.17609 5.9647 20.6444
4.70857 -21.92 -47.4759 3.58414 5.36735 -20.1449 5.00976 22.069 47.9358 3.65773 5.46572 20.1776
4.52725 -21.0036 -44.7693 3.20034 4.28837 -21.462 4.60381 21.224 45.4913 3.25773 4.34791 21.5347
3.72994 -18.1839 -42.0502 2.23426 3.22865 -23.9152 3.7952 18.4398 42.8676 2.35423 3.25996 24.0599
3.00735 -16.8559 -39.0302 1.64807 2.68051 -23.8043 3.22274 17.1436 40.093 1.74896 2.79989 23.9591
2.03012 -15.7769 -37.8322 0.886726 2.48467 -22.032 2.16984 16.1871 38.8266 0.925744 2.59569 22.2442
0.814678 -13.8722 -35.8977 0.65614 1.83692 -20.9027 1.37475 14.2569 36.6733 0.722592 1.86466 21.203
0.247426 -13.0196 -35.8056 0.55301 1.29922 -19.013 1.40047 13.3424 36.5861 0.885922 1.4312 19.3036
-0.289247 -12.4935 -35.7042 0.632756 0.733455 -17.7737 1.04632 12.9208 36.6528 0.698635 0.905354 18.0731
-0.212382 -12.4313 -34.4551 0.443193 0.0124415 -17.1131 0.840152 13.0215 35.43 1.03974 1.0517 17.5384
0.0146158 -12.0821 -33.0131 -0.193455 -1.88587 -16.5645 1.93719 13.0138 34.0179 1.55552 2.15547 17.0098
-1.69072 -12.1114 -31.5031 0.368986 -2.92779 -16.1934 2.48877 13.1174 32.5333 0.90254 3.02913 16.663
-2.25813 -11.595 -31.0426 -0.171997 -2.43269 -16.3522 2.78938 12.5166 32.1092 0.747387 2.59719 16.9268
-1.11423 -10.7393 -30.6687 -1.47506 -2.89003 -17.2261 2.45304 11.4464 31.8088 2.05483 3.51557 17.8145
-1.93381 -10.3193 -29.4889 -1.75257 -2.47438 -16.5788 2.48042 10.8536 30.5371 2.22081 2.52171 17.0468
-1.12389 -10.7691 -29.1449 -2.75764 -3.60589 -15.8455 2.56197 11.403 30.1246 3.07024 3.90884 16.176
-1.36563 -10.5353 -30.121 -3.07253 -3.65201 -15.7758 2.27058 11.1894 31.1812 3.60107 3.75153 16.0771
-1.66737 -10.3779 -30.5997 -2.73243 -1.5444 -15.7098 1.93159 11.053 31.5325 2.85155 1.65826 15.9877
-1.68432 -10.562 -30.9533 -2.66835 -1.21772 -15.4667 1.71744 11.1069 31.9491 3.07059 2.17841 15.752
-1.95539 -11.2207 -30.0965 -1.35266 0.409424 -15.2769 4.55614 11.6108 30.9449 2.67155 1.74979 15.5913
-0.894925 -12.2406 -29.2698 -0.862007 1.02347 -15.3092 2.26912 12.6162 29.991 1.48164 1.57311 15.5655
0.256243 -12.6947 -30.9816 -0.315499 0.628505 -16.0861 2.2844 13.1164 31.8264 1.62963 2.56881 16.2929
0.831601 -12.6325 -31.6648 -0.198681 0.747172 -17.1615 2.27596 13.0623 32.4925 0.945998 2.01327 17.2991
0.867584 -12.3428 -30.5446 0.210577 0.974037 -17.941 2.32653 12.7985 31.2811 0.61989 1.97479 18.0484
1.12535 -12.8059 -31.8328 1.09239 1.14374 -17.8081 2.4913 13.3195 32.6175 1.25791 2.03151 18.0058
-1.87457 -8.69523 -20.4536 -4.36753 -3.87246 -11.667 2.7167 8.79909 21.1306 4.51342 4.77549 11.724
-2.00154 -5.66969 -15.6964 -6.96535 -4.52311 -8.32882 2.54883 5.80032 16.3086 7.41173 4.65883 8.38035
1.71449 -2.92749 -7.31617 -3.23182 -0.328138 -3.99339 2.31557 3.60499 7.63647 3.3389 2.18713 4.27755
0.850639 -3.10327 -4.85216 -0.911443 0.167178 -3.02678 1.1725 3.3186 5.20849 1.4268 1.52874 3.33209
0.465309 -3.10589 -4.67942 -16.1125 -0.485507 -3.42502 0.591768 3.98285 4.70647 16.1144 0.530052 4.2347
-2.28141 -0.221847 -4.83028 -17.7856 -1.65748 -1.96387 2.69993 3.90472 4.86482 17.8156 2.24649 3.56376
-0.989462 3.90195 -5.65092 -18.7533 -12.6299 1.5965 1.74934 6.29838 5.66658 19.0557 12.7556 3.91453
-3.10525 2.57338 -2.70147 -20.486 -23.2762 0.492584 3.22443 4.14767 2.72207 20.7826 23.3399 1.51943
-20.9197 -0.726741 0.991631 -20.1189 -28.4899 5.44867 21.0828 1.85422 1.59488 20.4538 28.6237 6.75652
-20.5239 2.99738 5.79687 -28.409 -22.8242 3.52793 21.18 4.41547 5.80699 28.6084 23.5054 3.63691
-17.7713 3.59154 5.31468 -35.6214 -18.6723 3.95471 19.322 3.74064 5.31956 35.877 20.1891 4.01712
-16.0895 6.71497 4.0089 -40.1544 -18.0717 5.37275 17.9583 7.59516 4.01498 40.2156 19.9662 5.88828
-16.1231 6.92041 2.71225 -41.6041 -18.0727 7.25278 17.9334 8.45043 2.7402 41.617 19.5963 8.25968
-18.0465 6.74487 2.19332 -42.5602 -17.6855 6.58769 19.4168 8.45223 2.3044 42.6089 18.7524 7.84501
-18.4375 5.33615 1.86949 -39.8156 -19.4567 5.48187 19.353 6.58887 2.14865 39.8691 20.0895 6.28761
-17.4214 4.26311 2.37105 -34.2664 -22.1662 4.46716 18.1447 5.05582 2.40544 34.2958 22.4981 4.8733
-16.6604 3.19693 1.79118 -31.3426 -21.501 3.62522 17.1303 3.54629 1.81477 31.3576 21.7061 3.75434
-16.5839 2.39304 1.49538 -30.4992 -19.0385 2.795 16.8171 2.40226 1.51692 30.5237 19.2545 2.84002
-15.2146 1.33878 0.675483 -29.062 -15.028 1.36585 15.4744 1.42899 0.959784 29.0991 15.149 1.6
-14.6545 0.785854 0.553263 -29.3686 -13.5307 0.105664 14.9232 1.03552 1.12604 29.4089 13.609 1.78997
-13.7373 -0.0370036 0.179933 -29.5006 -12.9528 0.309387 13.9366 0.375026 0.746323 29.551 13.0321 1.96672
-13.6626 -0.217854 -0.531663 -28.3511 -12.0277 -0.320247 13.7529 1.79039 1.05532 28.3956 12.0615 1.02968
-13.7137 0.0511812 -0.0391607 -26.3112 -12.0202 -2.01595 13.7438 2.46822 1.1019 26.3539 12.0334 2.46042
-13.2119 -1.57367 -0.799804 -26.2643 -12.3461 -3.18668 13.2429 2.2997 0.992511 26.3827 12.356 3.38485
-12.3827 -2.43535 -1.05928 -25.7889 -13.0021 -2.78141 12.4509 2.63224 1.7349 25.9476 13.015 3.64656
-12.3703 -4.04161 -0.749653 -26.294 -11.9485 -2.71876 12.4261 4.17155 1.56798 26.3949 11.9936 2.87264
-12.6037 -3.5169 -1.63782 -24.6978 -11.485 -1.32947 12.6511 3.69905 1.65667 24.7967 11.5052 1.59838
-12.593 -3.42073 -1.9067 -26.173 -10.5261 -3.01811 12.6737 5.02326 3.0166 26.24 10.5408 3.32743
-12.5673 -3.03417 -1.43314 -27.189 -10.6118 -3.85926 12.6249 4.21948 2.02133 27.2598 10.658 3.90154
-11.9449 -2.50024 -2.6898 -27.6408 -9.83427 -3.28084 12.0087 2.66174 2.95665 27.7167 9.85655 3.42803
-12.0105 -2.03858 -2.3374 -28.091 -10.9211 -2.30083 12.0972 3.01629 3.18157 28.1091 10.9285 2.79528
-11.7389 -1.67279 -1.32197 -28.7153 -11.5632 -0.614097 11.8616 1.98499 1.72949 28.7296 11.5643 1.39864
-12.3702 -1.1479 0.222989 -28.2119 -11.7468 -0.174397 12.4654 1.7392 1.45704 28.2233 11.7522 0.741369
-12.9408 -0.173809 0.58212 -28.8917 -11.7786 -0.181844 13.0783 1.08374 1.40768 28.9078 11.8294 0.831119
-11.9643 0.388119 0.568983 -29.9324 -12.3518 0.0894475 12.1741 1.0088 1.20608 29.9391 12.4681 0.742575
-11.6456 1.29316 0.567769 -31.5428 -12.9892 0.712059 11.8349 1.74205 1.20954 31.5544 13.1598 1.03817
-12.3415 1.72402 0.533667 -32.1315 -13.5165 1.56571 12.5703 2.02234 0.890031 32.1405 13.6918 1.81252
-7.73294 -4.00599 -8.635 -18.8606 -8.26278 -1.44798 7.90104 4.12069 8.64089 18.9181 8.47178 1.51603
-4.31333 -5.6793 -6.70759 -10.3089 -4.82072 -3.72404 4.45275 6.07019 6.78583 10.5881 5.01563 4.10707
-2.06018 -0.70172 0.00927407 -5.3212 -3.20337 -0.283802 2.14108 1.20005 0.951133 5.67185 3.27868 1.02859
-1.72593 0.345294 2.61088 -4.12753 -2.88838 -0.525075 1.78978 0.527487 2.7769 4.36264 3.03996 0.581296
-1.65937 1.29317 -8.30232 -4.2119 -2.59135 -2.37392 1.71942 2.27599 8.34203 4.44131 2.90472 3.06929
-0.755071 -0.0416718 -15.2077 -3.6633 -2.48721 -23.8215 1.46182 1.7586 15.5294 3.98897 2.59661 23.8829
-0.956859 -22.887 -29.171 -3.23983 0.598379 -25.5675 1.72643 23.3871 29.4555 3.61213 1.08393 25.7503
-0.42194 -25.5512 -30.5145 0.616854 1.61831 -24.6678 0.806322 25.6484 31.1024 1.71097 1.99682 24.8212
2.94185 -22.5633 -33.7778 6.17317 1.47671 -21.7331 3.46134 22.5787 34.1907 6.71547 1.61555 21.8086
4.33772 -17.6989 -38.8462 6.07353 4.18166 -22.8865 4.39396 17.7002 39.331 6.43434 4.27787 22.9731
4.32432 -15.3499 -40.8046 4.86874 5.26924 -22.5381 4.48001 15.4315 41.1117 5.15995 5.2875 22.5775
5.08246 -17.5889 -45.3477 4.01291 5.89529 -20.218 5.11926 17.6201 45.6895 4.05288 5.96788 20.3115
5.20715 -20.1034 -47.7087 3.84838 5.20002 -21.6512 5.25387 20.2301 48.2698 3.98068 5.45526 21.729
4.56427 -18.8436 -47.5757 3.46169 4.5495 -22.0996 4.64849 19.0387 48.3617 3.60807 4.76688 22.3412
3.89035 -17.3697 -44.5202 2.56456 3.85461 -23.8852 4.01144 17.6497 45.4419 2.69308 3.98206 24.2698
2.9173 -16.8345 -41.5429 1.83716 3.78036 -22.7496 3.03562 17.1707 42.6783 1.92797 3.92575 23.2441
2.21886 -16.3693 -38.6695 1.3802 2.66216 -21.6241 2.43101 16.8939 39.9196 1.54193 2.87102 22.165
1.71561 -14.5987 -38.5257 1.32062 1.45759 -20.8302 2.13702 15.2313 39.8691 1.56393 1.79185 21.2998
1.06978 -12.5236 -38.2361 1.28524 0.605879 -18.2745 1.41487 13.2687 39.5208 1.62316 0.986802 18.7667
0.80235 -11.8891 -36.2586 0.171065 0.18671 -16.954 1.27895 12.6867 37.2946 0.877635 0.529213 17.4285
0.512722 -11.8761 -37.1011 0.0112008 0.127514 -14.7315 1.11531 12.6897 38.2869 0.591275 0.710277 15.2393
0.237338 -11.5375 -36.3875 0.490857 -0.289308 -14.7906 0.838342 12.3522 37.6256 0.990611 0.821829 15.4803
-0.716881 -10.0569 -35.276 -0.295882 -1.60409 -15.4271 1.83472 11.1033 36.7341 1.16602 1.97586 16.0403
-1.94455 -8.76684 -32.4896 0.334001 -3.13051 -16.8885 3.50309 10.1504 33.9261 1.03253 3.22888 17.5769
-1.50758 -8.06076 -31.9339 -0.778427 -3.02512 -18.5658 1.8974 9.34525 33.4381 1.04736 3.07037 19.3735
-0.224838 -8.24127 -30.8749 -1.81218 -2.51464 -18.1902 0.865338 9.26914 32.5443 2.14829 2.56312 18.9563
-1.80859 -8.7499 -30.3907 -1.82391 -1.76766 -16.6771 2.16377 9.61735 32.0666 2.20722 1.82786 17.3866
-2.14735 -9.20899 -29.167 -2.15217 -2.14753 -16.6337 2.56392 9.95507 30.5236 2.30315 2.19339 17.3299
-2.00768 -8.91671 -31.0424 -2.51921 -2.22099 -14.5677 2.60286 9.6683 32.3944 2.61551 2.28946 15.0379
-1.59255 -9.09464 -32.9177 -2.24674 -2.51718 -14.376 1.83181 9.82253 34.1847 2.72397 2.81834 14.7644
-1.41638 -8.93071 -32.7122 -2.56224 -1.52731 -15.1896 1.66841 9.71174 33.8562 3.06583 1.87723 15.6241
-0.552732 -8.98225 -33.552 -1.89426 -0.85331 -15.2094 1.62284 9.74262 34.7908 2.04599 1.47121 15.6065
-0.152359 -9.47564 -33.4372 -1.49285 0.210752 -15.7067 2.6 10.1563 34.7693 1.61886 1.149 16.1729
-0.000335776 -10.197 -32.7277 -1.13701 1.32444 -16.5442 3.24274 10.7095 34.0309 1.24882 2.01837 17.0514
0.0437056 -10.3089 -31.3344 0.170306 1.38716 -17.1602 2.63747 10.7225 32.4632 0.776286 2.01195 17.6998
0.503243 -10.4847 -32.8238 0.951125 1.20343 -17.9865 2.27409 10.8796 34.1748 1.27075 2.04683 18.3999
0.959394 -10.9462 -34.5672 1.39973 1.07491 -17.4472 2.37287 11.4402 36.0187 1.65478 2.01786 17.9589
-2.80863 -6.90718 -21.7132 -4.58571 -3.68765 -10.172 3.58681 7.0043 22.9257 4.82744 4.23517 10.2622
-1.42487 -3.86456 -14.8285 -7.84203 -1.99626 -5.24425 2.83645 4.03468 15.6425 8.71003 2.32972 5.28095
1.69159 -2.72385 -7.60098 -2.6231 0.208456 -1.96925 2.29724 3.7909 8.0452 2.63167 1.98629 2.20684
0.480107 -1.80007 -5.5967 -0.670128 0.437344 -1.73515 1.11363 2.64977 5.93787 1.30236 1.31598 2.21542
0.594147 -4.45738 -4.07469 3.86088 -0.0924578 -2.83656 1.12278 5.14054 4.31647 4.38521 0.107911 3.4048
0.594131 -4.02677 -4.24128 -8.43084 -0.347279 -2.68522 1.80206 4.8699 4.49683 8.48461 1.56457 3.24506
-12.2543 -1.92032 -3.20124 -17.6689 -20.9891 -2.14724 12.7439 3.83979 3.59765 17.7474 21.2466 2.92584
-17.9904 -1.8978 -0.615794 -28.0886 -22.5508 0.856162 18.8136 3.09712 1.00016 28.1563 22.9982 2.1717
-21.8948 2.5299 3.57631 -29.0928 -23.9681 2.49075 22.8919 3.54528 3.6165 29.1158 24.7822 2.6143
-19.3159 4.23086 5.40569 -34.2425 -21.6615 5.63359 20.6664 5.07577 5.41424 34.2958 22.8591 5.78115
-19.3183 5.82576 4.50561 -33.69 -20.1652 6.18817 20.6007 6.51724 4.56339 33.75 21.5016 6.53551
-19.5509 5.96875 3.16128 -36.9892 -19.8792 6.35324 21.1021 6.99206 3.21481 37.0762 21.1532 6.91931
-18.4009 5.98309 3.09249 -37.5725 -20.6447 5.90791 19.6951 6.89938 3.16093 37.6347 21.696 6.46158
-18.0993 5.04219 2.92075 -34.5331 -21.3847 5.50456 19.3715 5.93986 2.96871 34.621 22.1847 5.92656
-17.7899 4.07908 2.52041 -31.0345 -20.4389 5.06193 18.8403 4.87777 2.53477 31.0856 20.9314 5.43709
-17.9586 3.42781 2.06376 -28.8334 -19.2113 4.34074 18.8278 4.30632 2.07404 28.8562 19.575 4.55498
-16.3318 2.73913 1.47906 -28.5243 -18.2641 3.37908 17.0611 3.28895 1.50035 28.5457 18.6005 3.48878
-15.259 2.52799 0.96466 -28.2441 -17.7109 2.06844 15.837 2.66456 1.08178 28.2751 18.0881 2.10945
-14.9348 2.00107 0.429535 -26.9658 -14.7842 0.9745 15.415 2.08901 0.602615 26.9931 15.0561 1.26231
-14.1041 1.24462 0.0224448 -26.5329 -13.7323 0.365633 14.5633 1.25137 0.791015 26.5532 13.9363 1.40966
-13.4418 0.531424 0.21459 -25.8694 -14.2537 -0.0282826 13.8319 0.563407 1.14907 25.887 14.4528 2.29109
-12.6113 0.0658622 -0.171126 -24.4228 -13.1467 -1.28721 12.9088 0.557151 0.976229 24.4349 13.2196 2.78723
-13.0739 -1.17899 -0.0102761 -24.4855 -13.3043 -1.88271 13.2928 1.34796 0.427187 24.4887 13.3714 2.36935
-12.6693 -2.06424 -0.564228 -23.8428 -13.7752 -3.28819 12.793 2.58738 0.844306 23.8487 13.8459 3.49837
-12.8355 -2.11827 -1.0814 -23.0122 -13.9531 -3.5126 12.9805 2.71588 1.15937 23.0274 14.0143 3.65936
-12.9513 -2.97012 -0.91019 -22.3778 -12.8884 -1.5066 13.1033 3.01558 1.08391 22.3834 12.906 1.94055
-12.9068 -4.18223 -0.997438 -22.4361 -12.981 -3.37283 13.0616 4.20247 1.37625 22.4459 13.009 3.98662
-12.2998 -3.75288 -1.49359 -23.8791 -12.8168 -3.26037 12.473 3.77586 1.64423 23.8821 12.8758 3.48789
-12.8989 -3.24594 -2.08235 -24.2333 -12.6179 -3.30424 13.1186 3.98935 2.38795 24.2335 12.7384 3.30849
-12.668 -1.97618 -2.35797 -24.2133 -11.7257 -3.08289 12.9082 3.16975 2.90199 24.2205 11.8432 3.17966
-12.2483 -1.87234 -1.99026 -24.9841 -12.2802 -2.66117 12.5032 1.92565 2.32387 24.989 12.4175 2.8026
-12.3917 -1.67329 -0.901397 -25.6068 -13.4105 -1.08723 12.7351 1.78951 1.4924 25.6086 13.5312 1.67611
-12.8252 -1.15574 -0.269314 -25.9174 -13.7863 0.0408693 13.3067 1.2481 0.925248 25.9339 13.8826 0.90186
-13.0555 -0.385105 0.280486 -25.8287 -13.7866 0.448726 13.5018 0.88385 1.01713 25.8498 13.953 0.990032
-13.2986 0.368953 0.493423 -26.7073 -13.6883 0.751128 13.7649 0.84602 0.978615 26.7316 13.9189 1.17537
-13.1466 1.4525 0.260689 -27.7272 -14.3351 1.00221 13.6719 1.56502 0.917376 27.7535 14.6415 1.33084
-13.182 2.40124 0.961142 -27.8425 -14.8486 1.2542 13.7753 2.4461 1.24776 27.8878 15.2582 1.4803
-6.92203 -3.09967 -9.94089 -16.1593 -8.29585 -3.01681 7.35007 3.9005 9.97429 16.1866 8.69702 3.29827
-3.67931 -4.26008 -6.57277 -8.08992 -3.97772 -4.01153 3.94423 4.63789 6.62309 8.25617 4.22877 4.61899
-1.48211 -0.656499 1.72496 -5.09338 -2.58836 -0.482266 1.54618 1.04136 2.1973 5.31731 2.77932 0.977293
-1.32542 0.0596633 2.64786 -4.6747 -2.60693 -1.49572 1.48178 1.23555 2.96078 4.76831 2.87184 2.0839
-1.70247 1.34131 -2.96978 -4.4265 -2.68628 0.26793 1.81373 2.32145 3.50679 4.55733 2.89709 1.20782
-0.596829 -2.33298 -14.1547 -5.31629 -2.23692 -5.87305 1.37176 2.60214 14.5838 5.48289 2.41777 6.26681
-1.18163 -19.7071 -28.5596 -4.84044 -1.86529 -22.0692 1.63959 19.9968 29.0493 4.88452 1.99536 22.4101
1.48129 -24.3181 -29.8271 0.0118066 1.07691 -25.5021 1.54544 24.4483 30.55 0.908357 1.18324 25.645
1.72859 -19.6401 -35.24 5.28728 1.72889 -27.2737 2.53298 19.6667 35.8161 6.01508 2.50886 27.3915
4.75678 -15.4038 -39.9853 6.04935 3.4365 -22.469 4.8025 15.4611 40.5802 6.3496 3.44205 22.5382
4.47521 -16.5382 -41.656 5.15748 5.69056 -21.4522 4.49501 16.5835 42.1137 5.42062 5.76553 21.5023
5.66398 -18.0811 -49.8827 3.6992 6.29203 -18.6176 5.708 18.1894 50.4489 3.79706 6.43773 18.6403
5.02745 -21.2444 -49.2436 3.61978 5.88557 -17.7766 5.26145 21.5253 50.0292 3.73778 5.97699 17.8566
4.51228 -20.9027 -47.3891 3.42562 4.87271 -18.9734 4.57485 21.3237 48.4424 3.59385 4.89903 19.1698
3.61284 -19.2157 -42.0802 3.3649 3.64844 -21.2519 3.64523 19.662 43.2215 3.63261 3.66257 21.5946
2.59503 -17.4058 -39.1177 2.52815 2.57929 -22.3695 2.69859 17.8625 40.5475 2.73421 2.66943 22.7232
2.0768 -15.9087 -39.4288 1.49962 2.20209 -20.6461 2.22376 16.4736 41.1167 1.55642 2.28584 21.0217
1.50364 -13.7298 -38.4017 0.988328 1.85254 -17.3166 2.18723 14.3539 39.9399 0.99252 1.85927 17.8048
0.964008 -12.9387 -37.7079 0.877715 1.12151 -16.2844 1.98332 13.6214 39.1702 0.968952 1.18211 16.81
0.732593 -11.915 -38.9385 0.824887 0.550192 -14.3897 1.24183 12.5545 40.5429 0.826066 0.594332 14.8531
0.804143 -12.0134 -38.213 0.332911 -0.0114163 -13.4427 1.04284 12.7818 39.7671 1.06761 0.677412 14.129
0.0961338 -12.3773 -35.8644 -0.637495 -1.1932 -13.311 2.05659 13.3217 37.3293 1.56651 1.63793 14.1409
0.281584 -11.6847 -35.8599 -0.618296 -1.97381 -13.3559 1.71015 12.8714 37.6086 1.22178 2.16026 14.1567
-1.94282 -10.5314 -34.9576 -0.940956 -2.22021 -13.9087 2.28152 12.0245 37.0195 0.955346 2.30503 14.8269
-2.13978 -10.0149 -32.3136 -1.79511 -1.81263 -14.0272 2.92549 11.4268 34.3332 1.95386 1.83564 15.0494
-1.69205 -9.66983 -32.6583 -1.58053 -2.61369 -14.4588 2.63763 10.9145 34.7459 2.02366 2.73422 15.5482
-2.60537 -10.0157 -32.2817 -2.54483 -2.72609 -13.7046 2.80971 11.179 34.3147 2.61023 2.74776 14.6509
-1.76169 -10.4958 -33.9311 -2.29848 -3.55279 -12.3923 2.08146 11.5727 35.9978 2.71854 3.72099 13.1337
-2.17964 -9.74776 -33.0912 -1.94562 -3.18237 -12.1748 2.2519 10.8165 34.8105 2.61295 3.37113 12.7756
-1.3611 -9.10784 -33.2471 -2.58511 -1.7833 -12.6486 1.59656 10.1178 34.846 2.79721 1.91598 13.2448
-1.20967 -9.38043 -33.8587 -2.03615 -1.1164 -13.0601 1.63122 10.2877 35.4967 2.40356 1.77034 13.6465
-1.01328 -10.1609 -33.7563 -1.58379 0.643719 -12.8227 3.5437 10.9878 35.4425 1.88236 1.02284 13.474
-0.5496 -10.8618 -34.6419 -1.31436 1.12516 -13.0459 2.37218 11.585 36.4426 1.5196 1.78621 13.6201
0.00810442 -11.8603 -34.2091 -0.305988 0.819484 -13.8955 2.02279 12.7312 35.9087 0.755252 2.10752 14.384
0.337722 -11.8006 -33.5862 0.513561 0.487321 -14.5547 1.85226 12.562 35.1396 1.08283 1.95988 14.9034
0.370792 -12.2493 -33.0084 1.33438 0.574333 -15.1635 2.05165 12.8977 34.3636 1.54987 1.7208 15.4266
0.724768 -12.0593 -36.1649 1.34996 1.20836 -14.751 2.2247 12.9529 37.8637 1.5198 1.98949 15.1842
-3.06863 -5.30534 -19.1951 -5.57551 -3.55436 -7.5864 3.61561 5.44436 20.5074 6.37528 3.92348 7.62458
-1.63876 -2.66296 -10.5723 -6.05529 -1.63904 -3.56711 1.88832 4.0655 11.2286 7.16506 2.30759 3.7182
1.7126 -2.05776 -6.51645 -1.91741 0.885501 -3.09305 2.41563 3.63481 7.00925 2.15495 1.97053 3.19188
0.725242 -2.64389 -5.57443 1.23756 0.194047 -2.9563 1.34273 2.95263 5.83839 2.50878 1.00905 3.74983
0.784096 -4.33224 -3.84696 4.30354 0.0765482 -3.65663 1.21162 4.8635 4.05799 4.8488 0.286921 4.2949
0.306432 -2.82823 -3.05613 -14.9675 -16.3651 -6.0947 2.31113 3.7791 3.4301 15.0329 16.4773 7.14196
-13.5073 -2.84694 -1.90764 -23.9005 -21.2982 -1.03604 13.7214 4.01034 2.31588 23.9144 21.6766 2.1331
-19.005 -2.32613 -0.244025 -26.5646 -21.4734 2.52596 19.7656 2.63996 0.634131 26.6084 22.2038 3.43258
-22.2168 3.19113 4.79718 -29.564 -21.0065 3.59426 23.2495 3.75002 4.81676 29.5983 22.1943 3.6117
-18.5757 5.73175 5.33409 -33.8275 -20.2216 5.62619 19.9325 6.4602 5.35657 33.8571 21.249 5.80215
-18.5722 5.19723 4.11418 -32.9685 -20.6313 6.40586 20.0214 6.1049 4.17596 33.0505 21.7636 7.11753
-17.6636 5.32355 3.00506 -35.266 -21.3327 6.31445 19.2482 6.49657 3.02676 35.3408 22.5818 7.1966
-17.7155 4.98623 3.15306 -35.663 -21.2539 6.12695 18.8982 6.1598 3.18093 35.7693 22.3641 6.96097
-17.625 4.17518 2.76707 -33.4522 -21.7645 5.74457 18.9999 5.04884 2.80354 33.5846 22.7279 6.43658
-17.3931 3.68155 2.63832 -31.9941 -19.8737 5.22077 18.3155 4.47022 2.71099 32.0668 20.4552 5.71896
-17.6889 3.35265 1.77949 -29.9329 -18.4437 3.78639 18.4507 4.15591 1.82803 29.9849 18.8359 4.0479
-16.7325 2.74494 1.46568 -28.1709 -17.4674 2.57669 17.3668 3.2525 1.52445 28.2029 17.8162 2.71257
-15.51 2.11179 0.999219 -26.8235 -17.1367 1.50256 16.1474 2.1538 1.14998 26.838 17.5415 1.60972
-14.1295 1.08724 0.62933 -25.8767 -15.7886 0.769593 14.6937 1.09833 0.929955 25.9257 16.0662 1.31384
-12.9328 0.829707 0.00705411 -25.5726 -14.7685 0.31968 13.4298 0.838606 0.833258 25.6122 15.0112 1.13961
-12.7294 0.013545 -0.0841938 -25.713 -14.9505 -0.094912 13.1979 0.158351 0.934197 25.725 15.1622 1.69137
-11.8422 -0.67596 -0.109188 -26.6164 -14.3754 -0.869433 12.1384 0.928698 0.977177 26.6305 14.4667 2.43871
-11.8352 -1.41193 -0.198552 -24.2615 -13.7436 -2.1496 12.0638 1.64822 0.712201 24.2697 13.8032 2.85028
-11.8784 -1.7115 -1.08903 -24.4845 -13.6407 -3.16688 11.9966 2.25506 1.13821 24.4888 13.686 3.48654
-11.8869 -0.395938 -1.33106 -23.9555 -14.518 -3.74894 12.0036 1.30176 1.34465 23.9785 14.5814 3.83467
-11.5795 -3.81793 -0.357148 -23.5302 -13.9069 -1.20015 11.6777 3.83154 1.10185 23.5319 13.9219 2.06208
-11.7643 -3.99838 -1.39109 -23.0548 -13.421 -2.49782 11.9279 4.04071 1.74028 23.0614 13.437 2.69547
-11.2353 -3.59328 -1.33913 -22.9171 -13.5048 -3.22866 11.4653 3.60387 1.41725 22.9392 13.5821 3.36544
-11.1451 -3.14004 -1.99001 -24.1014 -13.7712 -3.26976 11.4243 3.26243 2.31391 24.1037 13.9122 3.34374
-10.7047 -1.87216 -2.05269 -25.3639 -12.6673 -2.62608 10.9794 2.03265 2.33934 25.3727 12.7791 2.7333
-10.7275 -1.50606 -1.93886 -25.3977 -12.6076 -1.83556 11.0066 1.51527 2.2738 25.4118 12.7384 1.97859
-11.5297 -1.22604 -0.878515 -25.8736 -13.3953 -0.648093 11.8973 1.31223 1.34383 25.884 13.5396 0.983588
-12.2179 -0.850652 -0.155708 -26.2157 -13.8954 -0.279761 12.6134 1.12881 0.838142 26.2451 14.0356 0.732411
-12.6607 -0.404598 0.221036 -26.1933 -14.2151 -0.0669239 13.069 0.643709 0.857591 26.2295 14.368 0.661391
-12.5716 0.447171 0.692622 -26.6168 -14.9282 0.51325 13.0266 0.591792 1.03986 26.651 15.1491 0.822316
-12.5151 1.29576 0.828526 -26.1345 -15.3221 1.05833 13.0436 1.32948 1.25196 26.1933 15.6401 1.20454
-12.182 2.11057 1.09589 -26.58 -15.7303 1.7033 12.8118 2.12994 1.29708 26.6742 16.1997 1.81538
-6.2211 -4.18621 -10.4357 -13.6731 -7.62698 -3.77106 6.64191 4.94816 10.4793 13.6821 8.16964 4.09441
-3.07996 -3.15823 -2.86472 -6.80879 -3.72073 -2.78876 3.27329 3.55315 2.99237 6.97356 4.01077 3.37122
-2.1139 -0.432452 2.43647 -4.92349 -2.82216 -0.404768 2.27744 1.49005 3.06535 5.12746 3.02193 0.457663
-2.7027 -0.0889568 2.31156 -4.67401 -3.57679 -0.888083 2.76727 2.10596 2.77285 4.73081 4.54153 1.51424
-1.46451 1.89044 -12.3354 -4.65815 -2.27817 1.20316 1.79852 2.80339 12.4122 4.72419 3.12133 1.96297
-0.0894904 -9.1504 -16.0104 -5.26731 -1.05471 -3.07186 1.51101 9.23036 16.4522 5.38932 1.751 4.23888
-0.204683 -22.4782 -28.2304 -4.64191 0.114964 -24.0028 1.12851 22.954 28.6953 4.69972 1.3189 24.182
2.66149 -26.293 -29.0021 -0.153749 0.707943 -24.9639 2.69015 26.5025 29.9109 0.565802 1.81067 25.0086
2.05468 -20.0243 -32.8504 5.86618 1.88825 -25.7006 2.67873 20.0567 33.4479 6.55773 1.93476 25.7323
4.43618 -15.5152 -41.2171 5.87231 3.82416 -21.4156 4.58861 15.6448 41.8559 6.2474 3.93602 21.4469
4.52017 -16.2559 -43.2811 4.91409 5.97987 -20.3271 4.56194 16.338 43.669 5.18631 6.09554 20.4294
5.78373 -18.1694 -49.4601 3.56058 6.93183 -17.2803 5.81828 18.3629 50.0421 3.66466 7.05066 17.296
5.31533 -20.8378 -50.1424 2.95127 6.16707 -16.2671 5.47618 21.257 50.9593 3.00019 6.24554 16.3504
4.56374 -21.6006 -47.8386 3.257 4.87518 -17.7265 4.64666 22.1251 49.1371 3.39391 4.95282 17.9357
3.60516 -20.2943 -44.6168 3.51852 3.66948 -20.2142 3.61214 20.8931 46.3004 3.70354 3.81173 20.6508
2.48066 -18.7931 -40.3796 2.73055 2.48532 -20.9652 2.54977 19.4811 42.3188 2.88287 2.79396 21.5162
1.86019 -17.1493 -38.2819 1.9526 1.54777 -20.0283 2.07324 17.8207 40.2379 1.97264 1.78478 20.6521
1.04199 -15.3449 -37.2942 1.01853 1.14066 -18.0818 1.865 16.0526 39.0017 1.06464 1.19257 18.8104
0.571275 -13.0432 -39.1889 0.918202 0.737246 -14.1782 1.69261 13.8795 40.951 1.01944 0.764208 14.9208
0.302512 -12.7729 -39.5509 0.534308 0.251279 -12.6374 1.38364 13.9046 41.2487 0.553554 0.335839 13.5361
0.546036 -12.3194 -36.9177 0.163669 -0.172141 -11.8741 0.861689 13.434 38.4519 0.580996 1.0201 12.7407
-0.000764708 -12.3756 -36.8386 -0.306681 -1.75999 -11.8266 1.52798 13.4863 38.6962 1.73406 2.15964 12.6507
0.671639 -11.8703 -36.0913 -0.00350825 -2.44386 -13.1032 1.79067 13.0333 38.2111 1.33535 2.59961 14.1149
-1.78192 -11.2028 -34.7626 -1.3168 -2.26672 -13.7036 2.15327 12.4337 36.9347 1.35644 2.45962 14.9439
-0.978764 -10.5697 -33.205 -1.79734 -1.82816 -13.6661 1.99649 11.8987 35.3334 1.90754 1.94102 15.0554
-1.59611 -10.0008 -32.602 -2.90003 -2.31611 -13.3604 2.09154 11.4416 34.8044 2.9626 2.40967 14.6692
-1.91722 -10.3074 -32.5464 -2.39382 -3.13808 -12.4035 2.11841 11.9416 34.8297 2.7748 3.42425 13.5068
-2.27587 -10.6648 -33.1732 -1.76185 -3.61266 -11.837 2.85366 12.2208 35.2438 2.76033 3.90853 12.8189
-2.12657 -10.2789 -32.5749 -2.38754 -1.90929 -11.9131 2.25405 11.7136 34.379 2.74588 2.13857 12.6963
-2.09066 -9.3463 -35.1478 -1.9695 -1.28752 -11.1465 2.33166 10.471 36.9648 2.26788 1.54843 11.9264
-1.24477 -9.35129 -36.4131 -2.35433 -0.689637 -10.6302 3.50866 10.3973 38.2038 2.6029 1.56607 11.5727
-0.442974 -10.2912 -36.6519 -1.35511 0.922042 -11.3373 1.93504 11.3808 38.5312 1.57742 1.27677 12.257
-0.0429581 -10.9757 -37.2803 -0.854943 1.10981 -11.979 1.8805 12.2241 39.3652 1.1377 1.32177 12.8339
0.400993 -11.3955 -35.8992 0.00861012 1.09428 -13.2698 1.90492 12.6383 37.8664 0.942851 1.48023 13.9664
0.39323 -11.0221 -34.5249 0.55117 1.01545 -14.897 1.8678 12.1603 36.2975 0.880836 1.63679 15.4432
0.726802 -11.6218 -35.3217 0.914234 1.10003 -14.9169 2.16254 12.7766 37.1504 1.09604 1.75903 15.4982
-3.15722 -8.5374 -23.672 -3.65013 -3.42334 -9.38435 4.34903 8.82069 25.1522 4.06196 4.47216 9.57591
-2.18394 -5.14506 -16.9269 -6.08744 -2.4037 -5.9186 2.57769 5.29833 18.1782 7.01143 2.8284 5.98312
1.14355 -1.83307 -8.67498 -3.41423 0.264029 -2.93428 1.72002 2.45356 9.52413 3.55934 2.29774 3.1766
1.19448 -0.907399 -6.68663 -1.46407 1.51077 -2.65054 1.91467 1.54861 7.19705 2.13392 2.76036 2.86336
0.458791 -2.63219 -6.90293 2.11676 0.539194 -2.71651 0.678784 3.24778 7.51131 3.37163 1.17685 3.375
0.144506 -4.24437 -4.0527 -4.57656 0.731478 -4.61244 1.14296 4.51597 4.29536 4.99892 1.14385 5.16744
-15.8192 -2.65773 -4.05909 -15.508 -15.1941 -3.88712 16.0667 3.64597 4.56544 15.6461 15.4845 4.77061
-16.9365 -0.79209 -1.93172 -27.6953 -19.0279 -1.44581 17.5814 2.54189 2.21875 27.7245 19.3203 2.67677
-19.6056 1.69228 1.30782 -27.0784 -23.1013 1.73443 20.386 2.81172 1.4687 27.0954 23.7331 2.49755
-18.365 4.25612 5.26062 -32.1843 -23.9483 4.8651 19.5994 4.92909 5.31612 32.1988 24.9206 4.97128
-17.433 6.04575 5.08319 -33.6148 -20.9325 6.43133 18.6571 6.57964 5.08836 33.6834 21.9979 6.75266
-19.0673 5.90022 4.08678 -35.3486 -19.0893 5.96479 20.583 6.50711 4.12048 35.4323 20.3895 6.58859
-19.2343 6.54169 3.03903 -36.4113 -18.6337 6.172 20.5261 7.1994 3.19931 36.5055 19.8123 6.89041
-19.9877 6.68254 2.49401 -35.1949 -19.3576 5.38536 21.2206 7.50318 2.56496 35.3142 20.4238 6.01924
-19.5336 5.91586 2.43418 -33.8578 -19.0864 4.83901 20.4739 6.59151 2.45743 33.9143 19.9007 5.47242
-19.5829 4.50361 2.23693 -31.4527 -18.8658 4.66076 20.1866 4.94096 2.32851 31.4888 19.4082 5.24749
-18.3798 2.9215 1.26554 -28.456 -18.9737 3.49611 18.9054 3.19239 1.34721 28.4999 19.5367 3.82871
-16.7779 1.93434 0.838663 -27.1814 -17.5064 2.48062 17.2701 2.32545 0.969002 27.219 17.9959 2.63328
-15.0853 1.68167 0.501705 -26.883 -16.0229 1.43701 15.5434 1.69298 0.716841 26.9168 16.4605 1.45648
-14.0985 0.851338 0.476733 -26.5688 -15.0766 1.02735 14.5365 0.916992 0.718678 26.6163 15.4798 1.18576
-13.9834 0.187718 0.321037 -25.4694 -13.9571 0.370099 14.4273 0.509373 0.61536 25.5361 14.3243 1.36806
-13.3261 -0.576685 -0.252582 -26.0368 -12.5772 -0.421643 13.6797 0.606944 0.675555 26.0702 12.7787 1.8407
-13.1312 -0.637598 0.0653323 -26.6036 -12.8825 -1.32971 13.401 1.05885 0.640131 26.6681 13.0403 2.91678
-13.5159 -1.64261 -0.531955 -24.8846 -13.6801 -2.01833 13.7532 1.81595 0.844841 24.9362 13.832 3.573
-12.5943 -1.79996 -1.34108 -23.8043 -12.5736 -2.56881 12.7058 2.00192 1.40187 23.8259 12.6078 3.89527
-12.9575 -1.80604 -1.50839 -23.0505 -13.0875 -4.08747 13.0546 2.30331 1.59825 23.0632 13.1233 4.23762
-12.8275 -3.81736 -0.460174 -23.6605 -13.376 -1.86558 12.9339 3.83164 0.926903 23.6717 13.4416 2.20677
-12.6665 -3.89478 -1.65473 -23.9055 -13.4723 -2.84799 12.7767 4.00185 1.82607 23.9236 13.5669 3.26272
-12.6735 -3.3036 -1.44905 -23.5857 -12.7475 -3.0025 12.8486 3.37786 1.74187 23.6165 12.8077 3.17934
-12.3766 -3.49268 -2.24397 -23.8255 -12.2221 -2.7529 12.5892 3.54593 2.75444 23.8416 12.2916 2.90926
-12.2691 -2.05116 -2.06743 -25.0273 -12.2167 -2.25854 12.5315 2.06846 2.44718 25.0525 12.3337 2.37871
-12.4358 -1.57332 -1.70234 -25.8011 -12.2871 -1.79202 12.748 1.69137 1.99905 25.8411 12.4792 1.85396
-12.8562 -0.769839 -0.731578 -26.425 -12.6658 -0.379756 13.1618 1.14267 1.13378 26.4745 12.9091 0.941673
-13.5233 -0.422229 -0.239849 -26.5822 -13.4405 -0.257555 13.8462 0.891728 0.932045 26.6401 13.7426 1.31969
-13.2834 0.287255 0.180509 -26.7489 -13.9391 0.240958 13.6178 0.541396 0.792203 26.8018 14.2195 1.25413
-13.4003 0.925437 0.815198 -26.8129 -14.0546 0.520798 13.7737 0.967746 1.16321 26.8704 14.3342 1.33683
-13.647 1.56536 1.03685 -26.2737 -14.6994 0.98227 14.1015 1.57097 1.42379 26.3707 15.0606 1.50171
-8.47223 -1.29219 -7.68773 -17.3655 -9.28137 -1.74809 8.79085 1.94255 7.94645 17.3887 9.61529 1.85921
-4.20123 -4.64835 -8.63257 -10.2036 -5.81848 -4.39388 4.3563 5.41983 8.65353 10.2315 6.29694 5.06317
-2.31274 -2.50304 -0.323294 -5.33414 -3.2513 -0.53109 2.49993 2.70853 0.804234 5.50545 3.59055 1.92617
-1.61326 -0.79698 3.11488 -4.55233 -2.30065 -0.788943 1.78903 1.40732 3.5923 4.66147 2.52269 1.80254
-2.42225 1.06554 2.41834 -4.35357 -2.18626 0.348824 2.46792 2.31189 2.95008 4.38413 2.66381 2.12895
-2.21133 1.06327 -16.2502 -4.48834 -2.99915 1.10849 2.84752 2.20926 16.9615 4.62247 3.36593 1.77408
1.32463 -21.4263 -23.7537 -7.42578 -0.49257 -14.1382 2.26515 22.0021 24.6089 7.49293 1.61419 14.2051
0.646319 -21.8593 -34.8321 -2.24832 -0.0810187 -21.0618 0.993117 22.1369 35.9016 2.28212 0.401766 21.3933
2.98282 -22.1876 -34.7049 3.68916 2.67705 -24.5506 3.27499 22.2854 35.7054 4.47391 2.69605 24.5553
3.74094 -15.065 -41.7972 6.59361 2.80438 -22.8295 3.8985 15.1065 42.7421 7.03172 3.05022 22.8863
4.24348 -14.0567 -45.437 5.1785 5.78328 -22.1828 4.27168 14.105 46.2779 5.51552 5.83557 22.1942
5.20711 -15.5921 -47.4389 4.34121 6.197 -18.8615 5.21206 15.6463 48.2209 4.64818 6.24069 18.8972
5.06346 -18.6214 -51.4726 3.66409 6.3396 -17.5107 5.06545 19.0106 52.4532 3.86292 6.42923 17.7525
4.89729 -20.2617 -50.8881 3.55624 4.8083 -17.9273 4.91532 20.7897 52.3397 3.84073 4.84621 18.1576
4.27646 -19.5632 -47.1382 3.38944 3.2767 -19.5031 4.32755 20.3667 48.8685 3.58051 3.28178 19.8702
2.61013 -17.9366 -42.8354 2.4023 2.62881 -21.6686 2.74874 18.7978 44.7517 2.56715 2.63555 22.1407
1.7433 -15.2717 -39.8624 1.34448 2.23738 -21.4656 1.91563 16.1945 41.8842 1.54493 2.31703 22.0163
1.39863 -13.0482 -40.1601 0.909579 1.69587 -19.8999 1.64458 13.928 42.3836 1.41877 1.79312 20.5235
1.08104 -12.4617 -38.8634 0.936787 1.12843 -17.6083 1.26638 13.3389 40.8585 1.35243 1.27904 18.1488
0.900966 -12.6454 -37.6575 0.50927 1.05849 -15.8265 1.18589 13.4588 39.3429 0.6147 1.13315 16.3854
0.53666 -11.2919 -38.5077 0.588631 0.92173 -12.7073 2.33418 12.0288 40.2002 0.599661 0.956249 13.2766
-0.322934 -11.1398 -38.337 0.459063 0.499024 -12.4053 2.07112 12.3876 40.1772 0.575604 0.717711 13.1663
-0.637255 -10.5908 -35.6688 0.192603 -0.733617 -12.3681 1.05443 12.0053 37.4753 1.20695 1.22771 13.0548
-1.40534 -10.1428 -35.286 -0.471105 -3.81274 -13.5883 3.75022 11.5097 37.3132 1.68407 4.06774 14.2685
-1.31315 -10.0729 -33.2131 -1.38585 -3.97762 -14.9885 1.56793 11.3571 35.3466 1.90309 4.169 15.7205
-0.192449 -9.77545 -33.0947 -1.03894 -3.0471 -15.3473 0.947618 10.867 35.3478 1.50022 3.09976 16.2077
-1.82691 -8.69066 -31.2407 -2.9699 -2.1848 -14.7287 2.8298 9.5939 33.2985 3.15718 2.24569 15.4608
-2.56232 -9.21009 -31.3873 -2.17481 -1.25967 -13.3328 3.44852 9.9545 33.3926 2.33377 1.69793 13.9972
-1.35157 -9.67326 -32.4859 -1.89265 -2.0337 -13.2849 1.66976 10.4667 34.429 2.05014 2.13791 13.888
-1.51342 -10.6036 -33.8028 -2.38548 -2.15895 -12.7186 1.83492 11.5382 35.7049 2.78546 2.92678 13.1264
-1.31516 -10.2933 -33.3126 -1.88165 -2.34939 -12.5919 3.07406 11.2326 35.0047 3.04062 2.55997 12.9565
-0.793086 -10.3851 -32.8378 -1.81981 -1.6015 -12.991 1.6292 11.296 34.4221 2.05236 1.91339 13.3618
-0.271722 -10.7815 -33.7393 -1.58347 -0.201998 -13.4844 2.59942 11.4219 35.4823 1.7592 1.17416 13.9244
-0.135164 -11.4097 -33.529 -0.596658 1.30452 -13.9348 2.70467 11.9144 35.2477 1.07736 1.82732 14.5418
0.162043 -11.7745 -33.5268 0.461867 1.81264 -15.1979 2.22773 12.2698 35.2754 1.05284 2.34028 15.7032
0.580971 -11.9511 -34.481 1.03691 1.24142 -15.1286 2.00745 12.4633 36.2933 1.34034 2.10049 15.5511
1.18063 -12.2252 -34.8594 0.98481 1.4846 -15.3762 2.2792 13.0131 36.6519 1.27241 2.0815 15.842
-3.08832 -7.30137 -21.5619 -4.00263 -3.65769 -9.97601 4.27616 7.459 22.9037 4.6245 4.26875 10.0856
-1.45392 -3.64203 -14.3677 -6.72042 -1.89967 -5.85813 2.04861 3.87693 15.137 7.7907 2.80201 6.04027
2.10492 -2.36397 -7.34271 -2.98463 0.333076 -3.07663 3.02237 3.59685 7.94755 2.99191 2.12339 3.47363
0.35399 -3.42399 -5.31554 -0.560828 0.475446 -2.27195 1.19533 3.96517 5.71974 1.45735 1.63267 3.26104
0.0191391 -3.37593 -4.07498 3.76146 0.327116 -2.51248 0.169151 3.7236 4.19683 4.35507 0.417963 3.50045
-0.0388586 -3.46704 -4.06098 -14.6363 1.73125 -3.41142 1.7705 4.55743 4.28836 14.7321 2.16111 4.28856
-8.05785 -0.263946 -3.82706 -16.4936 -19.3541 0.217486 8.38821 3.67787 4.10219 16.5615 19.434 3.59271
-19.1306 -0.373607 -1.77753 -23.7291 -19.348 0.751612 19.3686 2.3102 1.88747 23.7442 19.931 2.82882
-22.6487 2.41414 2.46308 -25.8179 -23.3173 2.98665 23.6128 4.10582 2.5121 25.8184 23.8653 3.59989
-20.2924 3.9065 5.90975 -30.6376 -22.3839 4.92129 21.986 4.65088 5.92055 30.6431 23.4331 4.97561
-18.1788 6.4249 4.92098 -34.7663 -18.2831 5.6075 19.781 7.18325 4.92443 34.8511 19.7085 6.03931
-18.6206 5.98937 3.62335 -36.5884 -20.0402 6.25342 20.7545 6.62043 3.64284 36.8194 21.5181 7.07672
-18.3795 6.69023 3.02144 -39.8853 -19.2464 6.74936 20.1663 7.66642 3.05424 40.0645 20.5327 7.89192
-19.6569 6.57393 2.55134 -36.6743 -19.8277 5.98081 21.0992 7.6626 2.63097 36.8368 20.8512 7.00687
-19.8787 5.38043 2.34273 -33.2638 -19.6091 5.01521 20.9201 6.08712 2.41286 33.3371 20.45 5.58356
-19.79 4.70544 2.22593 -29.6549 -19.354 3.66815 20.4552 5.17102 2.34656 29.712 20.0106 3.94699
-18.4276 3.24223 1.4002 -27.0074 -18.4558 2.8169 18.9775 3.53131 1.4555 27.0374 19.032 2.99467
-17.6641 2.21672 0.740817 -27.3066 -16.9067 1.97377 18.146 2.51052 0.91076 27.3413 17.4448 2.11219
-16.082 1.58052 0.392726 -25.9832 -15.234 1.75315 16.5891 1.667 0.744703 26.0517 15.645 1.97588
-14.5124 -0.0108896 0.395205 -25.3993 -14.1597 0.385134 14.9595 0.202926 0.775536 25.4203 14.5155 0.941204
-14.3279 0.212938 0.347211 -24.962 -13.6787 -0.0137622 14.7118 1.21267 0.836034 24.9892 14.0832 1.37392
-13.4683 -0.743947 -0.352549 -24.5427 -12.2271 -1.31461 13.7836 1.23018 0.659051 24.5702 12.4759 1.93425
-12.4338 -1.93491 0.295053 -25.2339 -11.9605 -1.86515 12.6214 2.12172 0.570723 25.2477 12.1441 2.62749
-12.6915 -2.56063 -1.02383 -25.8271 -12.7455 -2.19145 12.9035 2.59732 1.45181 25.8686 12.8855 2.52436
-12.6491 -3.82929 -1.90507 -23.4209 -12.2142 -3.6065 12.7659 3.8357 2.14986 23.4638 12.28 3.99892
-13.5973 -3.40447 -0.630783 -22.8844 -11.6267 -3.20362 13.6987 3.43953 0.686422 22.9065 11.6485 3.54009
-13.9831 -4.37422 -1.41442 -22.4289 -11.7738 -2.18159 14.1321 4.43487 1.44265 22.4305 11.8345 2.38918
-13.2473 -3.68092 -1.12242 -23.6404 -11.902 -3.44144 13.4091 3.68572 1.27728 23.6453 11.9866 3.62782
-12.4994 -3.43547 -1.68789 -23.0255 -12.5211 -2.82554 12.659 3.60382 2.16172 23.0623 12.6446 3.23022
-12.0497 -3.36865 -2.70589 -23.8206 -11.9849 -2.65345 12.291 3.50731 3.12164 23.8723 12.0532 3.44449
-12.6339 -2.57021 -2.14598 -24.2607 -12.1868 -2.42013 12.9555 2.74091 2.53675 24.3226 12.2926 3.13431
-12.7377 -1.64725 -1.04902 -25.428 -11.9617 -1.22153 13.0515 2.03498 1.52902 25.4599 12.1052 1.40648
-13.0878 -0.614164 -0.0812362 -25.9003 -12.5681 -0.460889 13.4445 1.14773 1.03931 25.947 12.818 1.17306
-13.429 -0.191845 0.281627 -26.0786 -12.5943 -0.170162 13.8268 0.875423 0.976201 26.1403 12.9063 0.739531
-13.5635 0.278288 0.63255 -26.5093 -13.7049 0.397222 13.9806 1.10208 1.12625 26.5962 14.0878 1.50519
-13.7753 0.515493 0.442432 -26.0071 -14.3747 0.825369 14.3053 1.05419 1.13646 26.1274 14.7955 1.67922
-13.9575 1.20231 0.824229 -25.7138 -14.3143 1.23603 14.6462 1.31378 1.14604 25.8663 14.7653 1.84092
-8.36715 -3.46832 -8.14733 -15.8491 -8.67839 -2.42746 8.94351 4.02548 8.32363 15.8776 9.20747 2.70324
-4.15761 -5.7739 -7.16907 -8.29901 -5.105 -4.26881 4.34156 6.28241 7.22562 8.38316 5.5949 4.91149
-1.52548 -1.20039 1.6964 -3.68291 -2.68195 -0.337249 1.53753 2.09373 2.12544 3.81803 2.98876 0.997764
-2.42814 -0.270979 3.08352 -3.99715 -4.02116 -1.28344 2.43842 2.19653 3.23947 4.05498 5.03431 1.95043
-1.96506 1.30279 1.30285 -3.27698 -2.31183 1.22682 2.08016 2.72967 2.36882 3.3462 2.92165 1.95813
-0.563866 0.997151 -15.7504 -5.23839 -2.31894 1.01333 1.49185 1.88142 16.4865 5.4057 3.12543 1.73541
1.02126 -7.70655 -21.9041 -5.18423 0.957186 -17.7515 1.68044 8.02355 22.6688 5.20535 2.18568 17.9295
0.368224 -20.9393 -27.7171 -3.63839 0.171948 -21.2867 0.719643 21.8221 28.7931 3.67284 1.08345 21.4197
2.2452 -23.2759 -30.8962 1.85365 3.15581 -22.005 2.43058 23.9354 32.2806 2.42563 3.38713 22.0834
2.32889 -18.9696 -39.2613 6.64793 2.21172 -23.1495 2.72477 19.0252 40.0732 7.15562 2.48879 23.218
5.074 -15.2239 -44.6488 6.05779 4.59721 -20.164 5.08666 15.2484 45.4919 6.40059 4.66069 20.3031
4.49349 -16.5623 -49.6291 4.44178 6.43434 -18.7879 4.51168 16.691 50.4456 4.68998 6.47413 18.8009
5.14059 -17.4993 -52.5994 3.32332 6.1223 -16.9813 5.14687 17.8167 53.5628 3.42222 6.2123 17.0625
5.67134 -19.3715 -51.2009 3.04595 5.71192 -17.5146 5.91565 19.714 52.4055 3.14326 5.89548 17.7187
4.90749 -18.732 -45.3869 3.60054 4.13719 -19.0801 4.99614 19.2143 47.2375 3.8447 4.31627 19.378
3.60961 -17.7645 -41.5284 2.90331 2.67294 -20.6416 3.71529 18.339 43.7381 3.03113 2.72046 21.0028
2.33432 -15.4882 -39.7084 1.86054 2.01881 -20.6107 2.67887 16.1282 42.1905 1.98265 2.09087 21.0052
1.19941 -14.585 -38.5032 1.09306 1.40469 -18.5124 1.5361 15.4282 40.7131 1.31745 1.64589 18.8274
0.461974 -13.0921 -37.5288 1.37901 1.30541 -16.0074 1.33624 13.9644 39.4931 1.60768 1.38913 16.3357
0.128449 -12.6013 -38.2318 1.03951 1.16394 -12.7404 1.53688 13.6009 40.203 1.24735 1.22221 13.0556
0.167206 -12.5461 -39.0489 0.0533104 0.325867 -11.6795 0.888481 13.5253 41.0924 0.854324 0.679078 11.9785
0.134611 -12.001 -36.4272 -0.245663 -0.814332 -11.9309 1.18836 13.1901 38.2289 1.82218 1.12049 12.2997
-0.889564 -11.8467 -36.42 0.566641 -2.14256 -11.9955 2.68655 13.1154 38.4386 1.99271 2.40353 12.4377
-0.988854 -10.6139 -34.8609 -1.05745 -1.99679 -12.7176 1.90773 12.2038 37.2031 1.72526 2.21183 13.4138
-1.17767 -10.193 -32.0928 -1.77228 -2.36936 -14.0977 1.52222 12.2379 34.5769 1.93389 2.43058 14.9435
-1.44999 -9.08085 -30.9379 -2.13175 -2.7224 -15.6575 2.23374 10.7299 33.616 2.42859 2.74154 16.5331
-2.28308 -8.54095 -30.0349 -2.23581 -2.52373 -14.6101 2.70798 9.83496 32.439 2.43125 2.61163 15.2165
-2.30935 -8.50556 -31.3332 -1.93637 -2.32959 -13.5762 2.45061 9.6052 33.5088 2.18491 2.58303 14.1597
-1.68228 -8.94442 -33.0841 -1.87281 -2.59956 -12.7638 1.85129 10.0695 35.0622 2.05055 2.93092 13.1413
-1.52235 -8.66472 -32.6046 -2.15031 -2.10378 -11.6194 1.72278 9.8489 34.2675 2.49928 2.55199 11.9202
-1.2088 -9.23707 -34.2246 -2.22325 -1.25595 -11.5981 1.69519 10.4858 36.0464 2.46602 1.61903 11.8996
-0.751773 -9.00251 -34.9431 -1.65297 -0.318689 -12.4155 2.28698 10.3197 36.9072 1.84435 0.804162 12.8064
-0.606192 -9.19097 -34.6583 -1.61428 0.283821 -13.2786 3.63272 10.3156 36.5961 1.71086 1.16756 13.815
-0.310485 -9.56779 -35.1089 -0.477095 1.1992 -14.3403 2.82664 10.505 37.2043 0.827608 2.1065 14.8626
0.0655075 -9.72505 -35.4332 0.536998 1.08177 -14.9595 2.10876 10.8038 37.5841 0.874692 2.34099 15.4766
0.69943 -10.5531 -35.0922 1.15311 0.780221 -15.3015 2.25352 11.5716 37.1228 1.3532 1.89178 15.6831
1.30013 -11.0749 -35.2164 1.38097 1.14084 -15.0093 2.37537 12.4496 37.1435 1.55743 2.04233 15.4616
-2.74044 -4.99191 -19.9036 -5.7885 -3.25967 -8.47107 3.73897 5.08746 21.4283 6.60342 3.65206 8.5402
-1.15931 -2.58496 -11.3877 -5.52662 -1.45696 -4.37274 1.95254 2.90829 12.2654 6.94517 2.19326 4.54457
1.73576 -2.08135 -8.1811 -1.89605 1.00588 -2.56877 2.44521 2.67472 8.83959 2.24362 2.131 3.09137
0.716137 -1.71066 -5.9924 0.997546 0.405357 -0.598972 1.14085 2.56767 6.35461 2.2795 1.00924 2.0102
-0.185894 -2.16903 -4.26216 3.6414 -1.01167 -1.67964 1.00284 2.35713 4.57548 4.29202 1.25633 2.0334
-14.9843 -4.08113 -2.69692 -16.4721 -15.4049 -3.51959 15.318 4.34459 3.42979 16.829 15.4455 3.91495
-17.7602 -3.26222 -0.16097 -24.3801 -19.6128 -2.45793 19.1946 3.27758 1.31974 24.6591 20.0884 2.65153
-18.0563 0.297158 1.99539 -29.1654 -21.8239 0.539441 19.7744 1.03719 2.03796 29.2662 22.9472 0.92666
-17.321 4.1701 4.27734 -35.0629 -21.592 5.12854 18.8786 4.76251 4.29939 35.1596 22.6418 5.3061
-19.4346 5.50787 4.54942 -33.7563 -20.5402 7.00469 20.7136 6.18788 4.56526 33.8572 21.5962 7.4181
-19.8912 5.47877 3.73578 -31.2205 -19.4895 6.05147 21.0882 6.16662 3.7608 31.2905 20.3949 6.48524
-20.8508 5.59257 3.44945 -33.2354 -20.6436 5.24295 21.9847 6.42758 3.47563 33.3729 21.5497 5.80268
-20.8472 5.59389 3.47891 -33.7093 -21.431 5.4812 22.1003 6.56436 3.48 33.8998 22.3525 6.09636
-19.6623 5.10697 3.46216 -33.0941 -20.8996 5.47874 20.7311 6.07596 3.46267 33.3005 21.6908 6.20001
-17.7907 4.40441 2.68852 -32.3948 -19.2423 4.96113 18.6442 5.20699 2.69796 32.563 19.7572 5.47121
-17.3276 3.35534 1.69479 -31.8566 -18.8968 4.14275 18.0803 3.96294 1.75683 31.9588 19.3376 4.41317
-15.6874 2.35769 1.16647 -30.1041 -18.6532 3.20515 16.2372 2.8005 1.25742 30.2219 19.1304 3.321
-14.3295 2.20333 0.65734 -28.6684 -16.7783 1.84877 14.8358 2.49016 0.863535 28.7305 17.0827 1.92193
-14.1741 1.79588 0.412179 -27.945 -15.565 0.940192 14.6029 1.95178 0.845185 28.0159 15.8207 1.60823
-13.3928 0.949766 -0.106636 -27.0502 -15.5276 0.172366 13.7109 1.40363 0.942656 27.1258 15.7346 2.13253
-12.6631 0.546674 -0.350925 -26.5875 -14.749 -0.0743336 12.9301 1.32231 1.23538 26.6087 14.8387 1.52344
-12.0514 -0.428978 -0.123591 -26.4546 -15.1965 -1.16972 12.2189 1.6134 0.99921 26.4852 15.2297 2.35547
-11.7877 -2.50232 -0.130685 -24.8661 -15.7801 -2.38071 11.8877 2.6844 0.677471 24.8778 15.8216 3.18495
-11.6192 -2.35282 -0.851657 -25.276 -14.9986 -3.25751 11.6735 2.59519 0.909265 25.2793 15.0123 3.72783
-11.6163 -2.65472 -0.987717 -25.3151 -14.899 -4.12742 11.6668 3.06319 1.08401 25.3319 14.9068 4.33134
-11.6576 -3.94536 0.0956261 -25.4617 -14.7597 -1.07191 11.6812 4.05693 0.570212 25.4835 14.7714 1.58259
-12.2505 -3.86603 -1.52851 -24.3101 -14.6463 -2.40905 12.2861 4.13114 1.6546 24.345 14.6651 2.62305
-12.3148 -3.85574 -2.0109 -24.2756 -13.3608 -3.57701 12.3918 4.03122 2.03833 24.2976 13.3785 3.72664
-12.0461 -2.81775 -2.09434 -25.3111 -13.0504 -3.18829 12.1397 3.16328 2.47321 25.3335 13.0679 3.27987
-11.7055 -2.60916 -2.22883 -25.9735 -13.1922 -2.4986 11.8537 3.01731 2.43218 25.997 13.2284 2.62164
-11.4779 -2.18816 -2.04053 -26.7127 -13.7037 -2.05429 11.6301 2.48792 2.37114 26.7472 13.8086 2.14055
-11.6778 -1.00492 -0.669696 -27.5876 -14.136 -0.967542 11.8731 1.66301 1.00298 27.6283 14.2524 1.18105
-12.0635 -0.430919 -0.222999 -27.2293 -14.1145 -0.516581 12.3318 1.18633 0.717871 27.2762 14.2347 1.38896
-12.3364 0.139957 0.122877 -27.8035 -14.1978 -0.0413211 12.6489 1.09441 0.812207 27.8506 14.3019 0.887998
-12.526 0.857438 0.563913 -27.9689 -14.4505 0.853218 12.8431 1.27303 0.83312 28.037 14.5875 1.34002
-13.2861 1.32499 0.290311 -27.8822 -14.7123 1.35575 13.6344 1.51631 0.855068 27.9565 14.9027 1.61265
-13.9095 1.80881 1.06969 -27.2341 -14.784 1.61698 14.3759 1.90292 1.25704 27.3752 15.0734 1.84093
-6.98186 -3.60202 -10.8994 -14.0966 -6.84722 -3.73356 7.29325 4.58397 10.9196 14.1046 7.24076 3.99153
-3.14712 -2.83943 -2.72744 -6.29694 -3.62723 -2.80968 3.3186 3.46485 2.91907 6.50483 3.96361 3.34004
-1.7718 -1.3595 2.38858 -3.72267 -2.93699 -0.224347 1.86625 1.82251 2.95619 3.88572 3.17143 0.354059
-1.86844 0.518965 3.13801 -3.92736 -1.61324 -1.20418 2.18479 1.45177 3.48874 3.95431 1.8706 1.72826
-2.02687 2.01284 -8.90062 -4.16118 -1.64018 0.928928 2.24367 2.69534 8.92751 4.2466 2.06378 1.3502
-0.554381 0.106551 -12.1943 -4.66645 -1.57286 -0.918685 1.30289 1.19696 12.4188 4.78847 2.15391 1.87617
1.1374 -23.2786 -20.1126 -6.51368 1.65064 -19.3413 2.36945 23.7107 20.4954 6.54827 2.55372 19.3759
1.00964 -25.5743 -26.3906 -1.47562 0.698291 -24.7886 1.15701 25.7925 27.2366 1.63512 0.82957 24.9348
1.88844 -22.9039 -28.7261 4.82814 2.07739 -28.8429 1.99432 22.9261 29.5737 5.56642 2.21729 28.8996
3.14907 -16.7425 -36.833 6.55231 2.42707 -25.8534 3.28342 16.8099 37.5762 6.96304 2.51312 25.9354
3.80356 -15.3912 -43.2508 5.54724 4.45786 -22.705 3.92388 15.5036 43.683 5.88953 4.47093 22.8144
4.77509 -17.0945 -47.1377 3.95511 6.23528 -19.2145 4.79334 17.1025 47.5365 4.14368 6.26977 19.2441
5.62703 -20.0354 -48.8189 2.76789 5.34978 -16.3902 5.63814 20.1217 49.3689 2.81802 5.45422 16.4092
5.56962 -20.6951 -47.7387 2.12273 5.24155 -15.2707 5.75597 20.898 48.6352 2.29992 5.37788 15.3568
4.60994 -19.787 -43.6639 3.2055 4.59818 -18.1329 4.68112 20.1018 44.9792 3.49187 4.64214 18.3862
3.57889 -17.8864 -40.1376 2.69542 3.47063 -20.6339 3.5905 18.3054 41.7688 2.80969 3.50439 21.0524
1.83423 -15.7713 -37.6318 1.82189 2.05099 -21.1859 2.22542 16.3215 39.661 1.82563 2.21033 21.676
0.997932 -14.178 -36.2702 1.22189 1.08696 -18.7996 1.44435 14.8911 38.2617 1.24667 1.38342 19.4425
0.652472 -13.569 -36.3288 1.26154 0.515515 -16.8602 0.911282 14.411 38.2067 1.29837 1.03085 17.5896
0.457847 -13.4096 -36.9085 1.1212 0.418772 -13.2847 1.85753 14.3275 38.5925 1.17494 0.602911 13.9857
-0.108024 -13.112 -37.6638 0.0937796 0.434471 -11.2283 2.58254 14.1155 39.3511 0.819296 0.628468 12.0107
-0.991785 -12.1972 -37.3604 -0.299752 0.388427 -10.0334 1.81189 13.5445 39.3022 0.498011 0.889459 10.9417
-0.517298 -11.9732 -34.5022 -0.118857 -0.749317 -9.69404 1.20215 13.9426 36.3781 0.418274 1.09844 10.752
-1.20421 -11.8682 -34.6416 -1.41583 -3.74094 -11.5469 3.86457 13.6392 36.7977 1.8853 4.01323 12.5185
-1.09648 -11.7562 -33.4766 -2.62805 -4.47544 -12.3361 1.43346 13.2342 35.7476 2.82701 4.6141 13.5884
-0.615691 -9.99608 -32.8835 -3.14086 -3.11297 -13.1084 1.47603 11.345 35.4139 3.51963 3.22544 14.4788
-2.1182 -9.24058 -32.5362 -2.51066 -1.89182 -13.2368 4.15526 10.2209 34.9353 3.22037 2.42903 14.5623
-2.38265 -9.07072 -31.0972 -1.90358 -1.54061 -12.6206 3.04989 10.1958 32.9983 2.44814 1.81426 13.7464
-1.5972 -8.74451 -33.1241 -2.25424 -1.82147 -10.6888 1.72183 9.87919 34.9771 2.38046 2.45542 11.649
-1.41596 -9.2223 -34.697 -1.6729 -2.38602 -10.3938 2.62856 10.5499 36.6024 2.89881 2.43034 11.1078
-0.924933 -10.2506 -35.6319 -2.61001 -1.91452 -10.4153 1.50127 11.8058 37.5646 2.79318 2.00734 11.2525
-0.276862 -11.6254 -35.1465 -1.4899 -0.690116 -11.127 1.93242 12.8393 37.1083 2.02009 1.24396 12.0299
-0.198827 -11.332 -35.1366 -0.832013 0.403176 -11.8216 3.36455 12.5698 37.2107 1.26721 1.13199 12.8787
-0.102059 -11.2383 -36.1991 -0.110718 0.893406 -12.6934 2.28361 12.2187 38.3562 1.08246 1.64356 13.7598
0.332674 -10.4188 -37.1788 0.173663 1.08404 -13.1165 2.01492 11.5275 39.2566 1.06393 2.05464 14.0198
0.695298 -10.3887 -38.157 0.328652 0.953088 -13.5024 2.24348 11.5366 40.1498 0.764253 1.85641 14.2952
1.18246 -10.1609 -39.7593 0.869479 1.35936 -13.8857 2.47227 11.477 41.8127 1.13163 2.07 14.7252
-3.1089 -4.25679 -21.2556 -6.04666 -3.22608 -6.77965 3.8749 4.39892 22.7194 6.79102 3.69517 6.92548
-0.138123 -1.71381 -12.8203 -5.43078 0.271934 -3.50326 0.695208 1.92271 13.8121 6.02075 1.03171 3.56633
1.21256 -1.09865 -8.78825 -2.13044 0.93114 -2.16719 1.92396 1.34188 9.47803 2.25553 2.1313 2.17434
0.0141243 -3.08208 -7.38925 0.893205 0.328509 -3.55024 1.4363 3.25308 7.84448 2.3124 0.683819 3.67466
-14.1204 -5.05061 -4.7451 0.97732 -17.8499 -4.1083 14.2414 5.17258 5.1452 2.12426 17.9319 4.37859
-7.55159 -3.62004 -2.20566 -21.3948 -16.0963 -7.73341 7.63735 3.68235 3.37863 21.424 16.3008 8.1178
-9.30158 -3.48304 -0.0485236 -25.0888 -21.9624 -1.06401 9.42773 4.05754 1.98857 25.15 22.5684 1.28777
-16.4137 -0.203841 2.82565 -29.3331 -20.8411 1.48642 16.5951 1.49251 3.38513 29.3422 21.3751 1.5026
-23.6447 2.99369 4.33864 -29.9549 -20.6467 5.40928 24.4629 3.17436 4.60029 30.0418 21.4802 5.49607
-24.9229 5.61323 5.27635 -28.3177 -18.7176 5.29599 25.9509 5.88389 5.36005 28.3397 19.5934 5.53832
-23.505 6.09952 4.92117 -29.1137 -19.0475 5.01554 24.6323 6.5439 4.94987 29.2134 19.8618 5.18355
-23.7603 6.16336 3.84146 -31.4701 -21.6819 4.96647 25.0659 6.73324 3.86555 31.8126 23.0936 5.28359
-21.3245 5.71194 3.35955 -34.8212 -20.9551 5.92977 22.5337 6.23423 3.36923 35.1805 22.1815 6.42342
-20.7913 5.19322 2.82704 -33.8764 -20.5272 5.43179 21.9283 5.62262 2.84119 34.3215 21.7225 5.94213
-19.7854 4.82612 2.05712 -33.4695 -19.578 5.36101 20.851 5.22864 2.08224 33.7441 20.6806 5.88898
-19.5243 4.18925 1.50038 -30.6522 -18.6898 4.74278 20.3438 4.42342 1.68904 30.9094 19.6194 5.07523
-18.8256 3.42473 0.988335 -28.4235 -18.2219 3.77889 19.533 3.56977 1.1117 28.6516 19.0622 3.96546
-18.5015 2.23425 0.735517 -26.6929 -15.1483 1.98923 19.0765 2.54044 0.916877 26.9173 15.6574 2.06366
-17.5465 1.20278 0.424239 -26.2037 -14.2407 1.04098 17.9605 1.80549 0.746251 26.4282 14.7428 1.12209
-15.8313 1.5528 -0.146434 -25.8819 -14.2174 0.46037 16.2051 2.36587 0.645404 26.0181 14.7032 0.8393
-14.7433 0.193514 -0.122938 -23.9847 -13.5157 -0.12457 15.05 1.4574 0.615694 24.1415 13.7517 1.24785
-13.8069 -0.622409 0.0558123 -24.8695 -13.8357 -1.21254 13.9641 1.30384 0.6964 24.9754 13.9992 2.39726
-13.0873 -1.5226 -0.116994 -23.5372 -14.0183 -2.22033 13.1816 2.09294 0.683908 23.5723 14.1547 3.14342
-12.7081 -2.89332 -0.669872 -23.0228 -13.2435 -3.38892 12.7742 3.34395 0.8686 23.0381 13.3087 3.94865
-12.7759 -1.9838 -0.882106 -22.9509 -13.4748 -3.80654 12.803 2.89325 0.899462 22.9569 13.5371 3.9865
-12.4075 -3.8349 0.227627 -22.5755 -13.6153 -1.41157 12.4421 4.08374 0.462198 22.5827 13.6925 1.85011
-12.3819 -3.79749 -1.39734 -23.7126 -12.4784 -2.57814 12.4028 3.86382 1.64158 23.7304 12.5011 3.24093
-12.3223 -3.58053 -2.06885 -24.3074 -12.3306 -3.11899 12.3622 3.71956 2.30024 24.3157 12.3672 3.42872
-11.6608 -3.13761 -1.7827 -24.8995 -12.6541 -2.97982 11.6913 3.2297 2.0868 24.9018 12.717 3.39225
-11.0718 -2.1245 -2.43693 -26.1747 -12.636 -2.52631 11.1124 2.33927 2.68373 26.178 12.6988 2.88478
-10.8301 -1.51608 -1.61558 -26.6839 -12.355 -1.88434 10.8838 1.73235 1.92522 26.697 12.4169 2.33385
-11.3403 -1.12001 -1.10638 -27.3647 -13.266 -0.855291 11.4216 1.65971 1.53127 27.3805 13.3531 1.31026
-11.7914 -0.566234 -0.591449 -28.1425 -13.5981 -0.33448 11.8819 1.31443 1.05511 28.1546 13.6954 0.651429
-11.987 0.0724577 -0.283656 -28.0674 -14.0995 -0.0481033 12.0856 0.922761 1.10315 28.0899 14.2154 0.618718
-12.0149 0.724843 0.139609 -28.6634 -14.6473 0.317284 12.1628 1.12456 0.891945 28.7109 14.8177 0.805165
-12.1275 1.26856 0.411642 -28.8472 -14.6529 1.08696 12.2886 1.44452 0.98724 28.9139 14.8361 1.2843
-12.3737 1.98287 0.969222 -28.7933 -14.6641 1.68874 12.6286 2.09821 1.35881 28.9016 14.9646 1.83427
-5.9262 -3.91231 -10.7069 -14.9909 -7.01047 -2.69053 6.10362 4.80692 10.7271 15.0284 7.32457 3.0903
-2.67306 -4.60301 -5.94848 -7.14782 -3.22018 -3.60269 2.84967 5.21032 6.0461 7.41377 3.46292 4.24407
-1.55399 -1.01871 2.45135 -5.15396 -2.47068 -0.690503 1.75094 1.45596 3.07701 5.46802 2.59051 0.70301
-1.14029 1.14002 2.9605 -5.2297 -3.88429 -0.592407 1.21458 1.88409 3.27433 5.45892 4.55502 1.16718
-3.62708 -13.9429 -9.63049 -4.95129 -2.52937 -0.67977 4.12018 13.9528 9.69971 5.25335 3.02657 1.78567
-1.57943 -20.4273 -12.8293 -2.78577 -3.60343 -19.8698 1.66788 20.4973 12.858 3.06395 3.7188 19.9461
-0.278473 -18.5943 -32.5165 -1.29872 -3.43708 -22.309 1.16103 18.6379 32.6198 2.72947 3.5176 22.4569
1.8665 -19.9563 -36.101 2.54241 -0.304468 -25.1335 2.18905 19.9694 36.486 3.23229 1.04582 25.3156
4.45783 -19.0016 -38.2047 5.79707 3.29735 -23.9581 4.78483 19.0113 38.6557 6.25022 3.4148 24.0403
4.07343 -20.1946 -41.6985 5.63624 5.43243 -20.5371 4.2522 20.2375 42.2768 5.79224 5.43357 20.5462
4.89118 -21.6406 -41.7402 4.91096 5.27752 -19.0396 4.91617 21.7226 42.2568 5.13853 5.33306 19.0403
4.69776 -23.9098 -45.1801 4.17182 4.91898 -18.0141 4.79871 24.3379 45.655 4.42308 4.95275 18.0449
4.11257 -23.2432 -46.3974 3.77712 4.13108 -19.0118 4.13674 23.7088 47.1924 3.89782 4.13269 19.0569
3.84148 -21.8128 -46.6574 3.44837 4.16725 -19.0404 3.84409 22.4199 47.5471 3.60854 4.18399 19.1366
3.42403 -19.8167 -45.2284 2.38324 3.90504 -19.9662 3.42749 20.418 46.2825 2.56603 3.99433 20.1896
2.74059 -17.9857 -43.3639 1.39901 3.61724 -18.5502 2.90973 18.6464 44.5771 1.49339 3.79388 18.9194
1.88272 -17.95 -41.3631 1.13603 3.09249 -17.1427 2.70099 18.7953 42.6945 1.1383 3.1327 17.7036
1.06085 -16.528 -40.9034 1.09891 2.20058 -16.4003 1.81344 17.4014 42.2702 1.15481 2.23582 16.9865
0.811557 -15.3814 -40.4917 0.750759 1.22156 -14.9379 1.13025 16.2126 42.0792 0.862248 1.34943 15.5043
1.19614 -15.3745 -38.6245 0.234346 0.549749 -13.6596 1.42379 16.1803 40.0803 1.14305 0.901123 14.3727
1.02844 -14.5392 -37.3943 0.165293 -0.424558 -13.555 1.30192 15.4604 38.8509 0.977082 0.776569 14.3785
0.0740539 -13.9144 -36.874 0.52176 -0.903504 -12.7051 1.20121 14.918 38.4371 0.622713 1.11654 13.4736
-1.81374 -13.5755 -36.2087 -0.265741 -1.4805 -12.5199 2.29604 14.7946 37.872 0.513501 1.71025 13.2894
-1.96163 -12.7881 -35.4341 1.01836 -2.0757 -12.8839 2.49935 14.1228 37.3152 1.2654 2.20439 13.7752
-1.1302 -12.2987 -32.5395 -1.54808 -1.25006 -12.6535 1.36917 13.5137 34.1335 1.76643 1.32502 13.543
-0.31483 -12.5736 -32.814 -1.6595 -3.66571 -12.3588 1.69828 13.7888 34.6947 2.05288 3.92576 13.2563
-1.58783 -12.5288 -31.5699 -2.50226 -3.66226 -12.7782 2.42339 13.6704 33.3528 3.01861 3.81204 13.6775
-2.0982 -11.7986 -33.0295 -2.93195 -3.11471 -12.7462 2.18911 12.6949 34.8717 3.07396 3.19547 13.6191
-2.79136 -11.0969 -33.2926 -2.76245 -1.44972 -12.1109 3.70894 11.9543 35.0438 2.92 1.8455 12.8866
-2.06951 -10.6455 -32.8993 -2.31545 -1.09518 -12.0274 3.3452 11.2296 34.449 2.59704 1.63186 12.7628
-1.36187 -10.3944 -32.8204 -2.47355 -0.69779 -12.4555 1.96777 10.9857 34.2594 2.68841 1.29501 13.1328
-0.0725035 -10.4168 -34.7922 -1.5045 -0.458633 -13.2012 0.854454 11.1852 36.3911 2.01206 2.00054 13.7544
0.528119 -11.0894 -34.6477 -0.858426 0.0424941 -13.8215 2.09522 12.1268 36.2226 1.18485 0.745351 14.2973
0.568121 -10.6628 -34.8107 -0.32106 0.827782 -14.9405 2.30305 11.7276 36.4633 0.793256 1.13701 15.451
0.359271 -10.3621 -35.7784 0.377882 1.43152 -15.7066 2.45783 11.3758 37.6046 0.740491 1.92918 16.3389
0.484718 -10.3888 -36.1114 0.643223 1.30647 -15.6121 2.14835 11.2756 37.9601 0.761844 1.84237 16.3237
0.608562 -11.103 -36.6512 1.1064 1.55359 -16.1222 2.06313 12.192 38.4793 1.35517 2.17059 16.8996
-2.68621 -4.6738 -19.226 -6.78983 -4.1032 -7.85306 3.50715 4.83109 20.4216 7.5847 4.43499 7.92909
-0.98578 -1.06382 -11.7371 -6.08625 -2.14478 -4.3059 1.43926 1.08006 12.4188 7.13121 2.9361 4.41062
2.6101 -0.133079 -7.29093 -2.45748 0.705204 -2.94163 3.00083 0.373219 7.97116 2.61148 2.57219 3.27459
1.43315 -0.278317 -5.61324 1.11995 0.0479011 -3.33199 1.49346 0.75262 6.02725 2.53532 1.32645 3.80799
-1.81164 -1.81294 -3.78684 3.7886 -21.4688 -5.84692 2.55438 2.16436 4.19974 4.35054 21.54 6.26384
-9.97697 -5.53097 -1.39861 -21.7756 -17.7419 -5.3309 10.2082 6.53725 2.45622 21.7986 17.9437 5.77965
-15.2723 -3.53978 2.08585 -28.4238 -23.0509 -1.98019 16.1908 3.76378 2.63098 28.6091 23.7302 2.24437
-14.0965 0.0774853 2.97225 -40.0995 -18.1982 0.521038 15.1527 3.01416 3.05837 40.1528 19.2393 1.13782
-18.6418 6.32193 4.29223 -37.6643 -22.4425 6.84009 19.5658 6.90415 4.36443 37.7115 23.3 7.07446
-18.0995 6.11239 3.53201 -35.2824 -23.7195 6.64562 18.9058 6.77393 3.79767 35.2855 24.1891 7.0443
-18.7397 4.94331 3.60124 -30.9941 -24.9087 5.33471 19.4923 5.52852 3.60533 31.0003 25.194 5.69853
-19.5386 4.47523 4.67938 -30.7148 -25.3214 4.35755 20.3402 5.02443 4.69381 30.7873 25.6689 4.5728
-19.3043 4.50254 3.94873 -31.0506 -24.8026 4.9021 20.2533 4.976 3.97688 31.1854 25.2808 5.29962
-17.7269 4.85182 3.12079 -31.4739 -22.939 4.40975 18.752 5.37343 3.12422 31.6701 23.5512 4.72446
-15.1938 5.0876 2.48724 -31.8942 -18.3432 3.88698 16.0767 5.62356 2.50053 32.0811 18.8101 4.10727
-14.9113 4.27212 1.51842 -32.9268 -17.647 3.86119 15.6449 4.86718 1.73193 33.0512 18.0993 3.94469
-14.4178 3.06131 0.308258 -31.7428 -17.4563 2.92335 14.9603 3.63045 0.772418 31.8389 17.8959 2.96366
-13.7013 2.41594 0.0856796 -29.2819 -16.574 2.21464 14.0466 2.71317 0.731589 29.3576 16.8451 2.2807
-13.0493 1.93433 -0.573124 -26.942 -16.3166 1.01461 13.3156 1.96666 0.789554 26.9868 16.5151 1.13992
-12.5691 0.070077 0.0265649 -25.901 -16.0864 0.560108 12.8059 0.0865781 0.588126 25.9585 16.2317 0.943108
-12.0018 -0.778529 0.378859 -25.2897 -15.1094 -0.0968262 12.1645 0.879034 0.617031 25.3304 15.2355 0.604143
-11.6171 -1.64951 0.0212508 -25.817 -13.9847 -1.1652 11.7302 1.91286 0.924072 25.8536 14.077 1.69933
-11.8334 -1.43322 -0.0216162 -26.3243 -14.028 -1.7716 11.9175 1.71563 0.980602 26.3579 14.1239 2.26205
-11.7163 -2.68979 -1.21554 -24.6691 -14.39 -2.87718 11.794 2.88725 1.36356 24.6772 14.4842 3.18917
-12.15 -1.18331 -1.8597 -23.9027 -14.1576 -3.35807 12.2073 1.46588 2.03453 23.906 14.1631 3.72445
-12.8057 -3.35163 -1.10951 -22.9446 -14.4463 -1.12184 12.8716 3.43463 1.14491 22.9502 14.4525 1.44135
-12.5923 -4.06226 -1.90611 -22.6857 -14.6051 -2.8178 12.6426 4.27116 2.20278 22.6936 14.6409 2.86279
-11.6936 -3.5613 -1.09053 -23.5002 -14.297 -3.59351 11.7419 3.96657 2.01487 23.5425 14.416 3.62396
-11.1542 -2.49954 -2.04867 -25.0302 -13.3267 -3.14432 11.2541 2.60661 2.26833 25.1008 13.4099 3.17849
-10.5282 -2.24435 -2.17985 -25.4898 -13.7954 -2.89143 10.704 2.60462 2.70127 25.5517 13.8799 3.09448
-10.4936 -2.60832 -1.9747 -26.8668 -14.4121 -1.77667 10.7459 2.76515 2.0401 26.9171 14.499 3.00774
-10.8376 -1.48525 -1.29944 -27.3991 -14.5208 -0.819623 11.1239 1.82612 1.85376 27.4393 14.5953 1.41797
-11.3262 0.0234382 -0.413095 -27.9866 -14.3263 -0.334323 11.5449 1.01547 1.26566 28.0473 14.4925 0.743487
-11.4933 0.498539 0.0902075 -27.9384 -14.2148 -0.12199 11.6785 0.671438 0.953722 28.0533 14.503 0.788442
-11.5934 1.34194 0.3312 -28.5863 -14.6521 0.542714 11.7952 1.49002 1.09136 28.6895 15.0173 1.21083
-11.5291 1.67507 0.877046 -29.0285 -15.7975 1.03726 11.7853 1.81676 1.38076 29.1332 16.1213 1.3846
-11.4145 1.52321 1.03241 -29.1585 -16.701 1.56003 11.8111 1.58732 1.23956 29.2762 17.0273 1.80697
-5.42573 -4.53846 -10.0509 -15.7385 -7.60469 -5.20916 5.61126 5.1943 10.0535 15.7612 7.9782 5.50165
-2.78 -2.68483 -2.87083 -6.65753 -3.88038 -2.93715 2.91971 3.35074 3.24397 6.84044 4.13349 3.62306
-1.71387 -0.800436 2.59605 -4.86396 -3.15173 -0.77168 1.8289 1.90411 2.9385 5.17795 3.30427 0.953225
-1.82296 -3.64002 -7.9653 -4.79476 -4.34519 -1.3594 1.8601 3.70211 8.34543 4.96764 5.11519 1.72757
-2.66686 -19.6862 -11.7443 -4.18902 -2.11012 -1.33167 3.03579 19.8661 11.7797 4.32597 2.6651 2.20668
1.38193 -14.4622 -26.633 -3.38103 -3.58759 -23.3925 1.44553 15.5159 26.9775 3.46943 3.89088 23.546
1.93043 -12.097 -31.0472 -0.442609 -2.07843 -27.3021 2.35357 13.0626 31.7039 0.967717 2.11659 27.4506
2.45982 -18.8015 -31.9595 3.30272 1.92245 -28.4333 2.73808 18.8554 32.7117 3.8608 2.13124 28.4879
3.94233 -21.4291 -38.7148 5.99623 4.03584 -22.7012 4.07169 21.5648 39.5957 6.40045 4.14158 22.7769
4.77609 -22.5612 -39.7465 5.21736 5.0301 -20.4026 4.78081 22.7394 40.4519 5.41671 5.03388 20.478
5.17837 -23.3535 -40.8915 4.5983 4.95297 -17.2866 5.18843 23.7215 41.5785 4.86557 4.97501 17.3507
5.30314 -25.8133 -46.5056 4.32103 5.13211 -18.9483 5.30624 26.4851 47.2597 4.64217 5.16417 18.9945
4.70002 -21.1684 -47.3899 4.17538 4.27111 -20.0915 4.71151 22.0645 48.3528 4.43226 4.27284 20.1335
3.91616 -20.2009 -47.5849 3.72977 4.01849 -21.9576 3.93927 21.7344 48.644 3.84986 4.01948 22.0781
3.35975 -18.7551 -46.6113 3.41664 3.85569 -23.8846 3.38626 20.2398 47.9341 3.66523 3.87458 24.2226
2.5023 -16.3701 -44.5487 2.40716 3.53508 -23.3587 2.75969 17.5993 45.992 2.4908 3.58265 23.8314
1.64627 -15.6097 -41.6917 1.19822 3.08396 -21.9531 2.73389 17.3296 43.1672 1.30771 3.11558 22.3815
1.02039 -15.8782 -38.9033 0.506139 1.85188 -19.8973 1.90605 17.6731 40.318 0.750798 1.99424 20.4105
0.760512 -18.1415 -37.9813 0.206085 0.782016 -17.5258 1.43265 19.8618 39.2759 0.517858 0.875681 18.1124
0.943432 -17.284 -39.0953 0.122468 -0.0543245 -15.9089 1.56519 18.8108 40.5673 0.385952 0.56048 16.4291
0.302319 -17.3196 -38.6148 0.474379 -0.804089 -15.4709 1.81599 18.6341 39.974 0.79915 1.49076 15.9289
-0.921272 -16.7632 -38.6105 0.572711 -1.34369 -13.7189 1.75713 18.5192 40.1453 1.085 3.27232 14.3479
-1.58831 -15.2451 -36.5338 -0.217851 -2.1053 -13.2359 1.99798 17.0926 37.9645 1.22144 3.09744 13.992
-0.582639 -14.7586 -36.3448 -0.65402 -1.94745 -14.6886 0.974112 16.8103 37.8509 1.44181 1.96325 15.5803
-0.478507 -15.4198 -34.1014 -2.46209 -2.11337 -15.5387 0.663422 17.3739 35.5527 2.53253 2.43686 16.4373
0.219507 -15.4581 -32.0558 -2.24566 -2.4521 -15.4873 0.466641 17.1411 33.5756 2.40536 3.15097 16.1968
-1.0632 -14.7351 -30.8635 -2.55937 -2.88907 -14.4996 1.21604 16.5348 32.3594 2.77015 3.26137 15.0656
-2.66735 -13.9342 -31.6084 -2.51621 -1.98579 -14.8636 2.90264 15.2979 32.9693 2.72336 2.1835 15.429
-2.94434 -13.6918 -32.2838 -1.85351 -1.49219 -13.7262 3.33027 15.1385 33.5799 2.56025 1.86139 14.3131
-2.21768 -13.9203 -32.125 -2.67202 -1.43255 -12.858 2.52297 15.3858 33.3072 3.09435 1.73831 13.3692
-1.31672 -14.3851 -30.9789 -2.06593 -0.588246 -13.0788 2.05134 15.6286 31.9243 2.32239 1.20154 13.5394
0.0317386 -15.0907 -31.8464 -1.77476 -0.41288 -13.7262 1.51131 16.5388 32.9338 2.33065 3.2222 14.0683
1.02133 -14.9424 -31.7281 -1.37439 0.0713007 -14.3352 1.95891 16.4718 32.7723 1.74869 1.83164 14.6214
0.818847 -15.6068 -32.294 0.112528 0.67685 -14.6299 1.80861 17.0104 33.4637 0.97695 1.40888 14.942
0.303936 -13.605 -31.9264 0.917001 1.3074 -15.5066 1.43425 15.4648 32.9271 1.09522 1.96491 15.8614
0.169907 -15.4049 -31.4588 1.27721 1.17513 -16.2303 1.1865 16.5849 32.4114 1.42512 2.09021 16.5825
0.703054 -15.4572 -33.8359 1.09916 1.37872 -16.0104 1.39984 17.0701 34.9698 1.31716 2.8203 16.656
-3.48465 -7.26824 -16.7619 -6.22994 -4.0387 -7.5162 3.94674 7.32993 17.7757 7.15368 4.40775 7.58101
0.0753843 -3.79759 -9.8572 -5.70197 -0.356792 -3.49886 1.25494 4.32171 10.2541 6.35732 0.688685 3.64525
1.80042 -1.53001 -4.8705 -7.7232 0.656782 -2.7928 2.49409 2.04106 5.23416 7.78612 2.31833 3.3859
0.322768 1.22807 -4.02186 -20.8834 -5.46336 -1.54485 0.530603 2.35738 4.1831 21.235 5.62051 2.52689
-2.75055 0.503581 -3.51628 -19.7843 -24.4682 -0.400335 3.05919 2.11842 3.59178 19.8555 24.475 1.58953
-20.2391 1.86307 -1.22218 -20.7255 -25.0674 4.63875 20.2766 3.45805 1.92378 20.8672 25.3828 6.15934
-20.8786 -0.244908 3.17991 -26.93 -27.6304 2.8888 21.8566 0.730699 3.3576 26.9788 27.9491 2.93924
-20.6744 2.57279 4.63119 -31.3388 -20.7441 3.12363 22.1523 2.65654 4.67638 31.36 21.718 3.20301
-15.8789 5.69046 4.44751 -36.0441 -21.1828 5.76526 17.6479 6.07578 4.48399 36.1027 21.9967 6.80577
-15.587 6.29092 3.53564 -34.993 -22.6553 6.10296 17.069 6.62503 3.73386 35.0984 23.5167 6.56691
-15.5381 6.84139 3.08996 -34.738 -22.9629 6.32209 16.7663 7.4505 3.20274 34.838 23.5846 7.15429
-18.5642 5.88733 2.67361 -35.3394 -25.6278 5.61532 19.3956 6.35058 2.74531 35.4442 26.1388 6.38258
-18.0867 4.71335 3.05508 -34.2912 -28.3993 4.93823 18.7765 4.97432 3.18212 34.407 28.8322 5.50454
-18.0979 4.28691 3.58178 -31.7873 -27.3925 4.17284 18.8293 4.45143 3.60301 31.9301 27.8081 4.59951
-15.9466 4.07812 2.25327 -31.1259 -24.4024 4.2053 16.4557 4.1728 2.27775 31.2933 24.784 4.63908
-16.2928 3.82275 1.43683 -31.1536 -22.7127 3.36624 16.8631 3.89869 1.60008 31.3408 23.1258 3.63919
-14.5144 2.48956 0.752904 -30.9762 -19.3807 2.67439 15.0853 2.60042 1.08991 31.1807 19.6835 3.04847
-13.608 1.43281 0.299313 -29.4329 -17.6091 1.74738 14.0543 1.79084 0.858942 29.6058 17.8321 2.08337
-13.4063 1.51517 0.05252 -27.4752 -17.7435 1.60489 13.7284 2.27563 1.10456 27.6334 17.9808 1.92533
-12.7786 0.663063 -0.487886 -26.8936 -16.9664 0.526178 12.9926 1.83931 0.953754 27.005 17.0331 0.935943
-12.5313 0.189226 0.0763005 -25.2902 -17.244 0.0229237 12.6465 1.61068 0.921871 25.363 17.2913 1.2457
-12.3977 -1.62053 -0.150096 -24.4817 -17.4811 -0.96547 12.4701 2.09479 0.774889 24.5764 17.5004 1.40618
-12.1683 -2.60268 0.327357 -22.5078 -16.8746 -1.89338 12.2273 2.86917 0.814134 22.546 16.8753 2.11981
-12.5464 -3.06484 0.396959 -21.8028 -16.9474 -3.77627 12.5703 3.95325 1.35925 21.8561 16.9717 3.97591
-12.664 -2.11912 -0.697114 -21.5362 -15.5154 -4.06598 12.701 3.01517 1.36993 21.5864 15.5231 4.17777
-12.2464 -3.33214 -0.756659 -22.2203 -14.7378 -1.69964 12.279 3.5126 0.863356 22.3059 14.7456 2.02346
-12.4444 -3.87838 -1.44323 -22.676 -14.5388 -2.80615 12.5118 4.00817 1.78788 22.7572 14.5657 3.25145
-12.4641 -3.81602 -1.39625 -22.4827 -14.2805 -3.26124 12.5796 4.04454 1.74973 22.5711 14.2989 3.37541
-12.1582 -2.46441 -2.11523 -22.9321 -13.318 -2.85182 12.2907 2.55309 2.23527 23.024 13.3324 2.87281
-11.8304 -2.30911 -2.17885 -23.3959 -13.4677 -2.65137 11.972 2.74233 2.53105 23.5188 13.5434 2.66161
-11.673 -1.86271 -2.28169 -25.1508 -13.8296 -2.49021 11.8153 2.47825 2.67898 25.2625 13.9883 2.60619
-12.2392 -0.862389 -1.55298 -25.4591 -14.1798 -0.938122 12.3722 1.15771 1.92745 25.5871 14.3846 1.77055
-13.114 -0.082604 -0.638968 -25.274 -14.06 0.0292247 13.3486 1.3374 1.28787 25.4269 14.2176 1.30649
-13.5462 0.090874 0.310833 -25.7553 -14.4883 0.486985 13.8209 1.08421 1.00465 25.8946 14.5969 1.54129
-14.0259 0.689279 0.943555 -26.655 -14.9446 0.909642 14.3255 1.05607 1.22595 26.7771 15.0812 1.38184
-14.2562 1.26754 0.791553 -26.4398 -15.1115 1.47488 14.6131 1.51715 1.30393 26.6169 15.3352 1.7037
-10.469 -0.382848 -5.78286 -19.6803 -10.561 -0.140952 10.7081 0.398234 6.15473 19.8048 10.7449 0.89712
-6.50313 -4.89665 -9.89842 -11.8472 -5.85171 -4.29824 6.71101 5.29036 9.91505 11.8494 6.24842 4.83072
-3.65359 -1.75417 -1.25575 -5.7351 -3.61777 -1.60041 3.80369 2.31523 1.51191 6.02679 3.90093 2.54354
-2.27881 -0.888767 2.27801 -4.23083 -3.04758 -0.112853 2.47828 1.44288 2.83442 4.45396 3.38465 0.770389
-2.71458 0.947226 4.33873 -3.81997 -1.76163 -0.483457 2.781 1.66845 4.51356 3.91099 2.04731 1.7435
-3.75283 -11.6264 -0.617297 -3.30627 -2.10844 1.15494 4.35212 11.8644 3.31612 3.68655 2.61211 1.80933
-3.40062 -15.691 -16.8593 -5.94689 -2.77501 0.105668 3.51892 15.8319 17.508 6.45255 2.95485 1.62103
2.06196 -20.0154 -30.5064 -2.7868 -3.06019 -1.91858 2.39613 20.0312 31.0376 3.30979 3.51098 2.58232
4.62566 -20.736 -30.6795 -1.10838 -0.45206 -7.87256 4.74833 20.7417 31.7412 3.12276 1.57729 7.89097
4.50607 -20.6606 -30.7691 2.55248 2.41137 -26.0237 4.50742 20.7655 32.4009 4.93675 2.56912 26.2951
2.98747 -18.9525 -35.3639 6.32891 3.98116 -29.4995 3.1723 18.9978 36.8333 7.06583 4.28858 29.7254
2.24843 -17.0917 -38.9564 5.6457 5.00492 -31.2244 2.37152 17.1686 40.0984 6.17156 5.26162 31.2606
2.99154 -15.8268 -43.2892 5.27565 4.82661 -26.2583 3.11944 15.924 44.1269 5.46567 5.00132 26.3572
4.17535 -16.9518 -47.3555 4.97617 5.4344 -22.4691 4.2309 17.0938 48.3813 5.2149 5.46878 22.5401
4.45487 -18.9176 -49.035 2.76464 5.35874 -18.0792 4.45677 19.131 50.1025 2.77079 5.46639 18.1681
5.14406 -21.5291 -47.7566 1.01942 4.68992 -14.549 5.59455 22.0378 49.3218 1.14357 4.73519 14.6929
4.25255 -21.4928 -43.8645 0.361699 3.44727 -14.349 4.98009 22.1346 45.6551 0.698245 3.49175 14.4688
2.99349 -18.402 -41.9338 0.269812 2.28146 -15.9673 3.26684 19.1266 44.1257 0.589378 2.31166 16.1739
1.82222 -14.7539 -38.5063 0.964431 1.11908 -17.755 2.22872 15.2965 40.7514 1.12829 1.20355 18.2597
0.690636 -12.0334 -36.0025 1.20664 0.501446 -17.7162 1.55503 12.3992 38.2046 1.30175 1.0347 18.4451
-0.320095 -10.1604 -35.5774 0.613764 -0.248509 -16.8626 1.24858 10.5423 37.765 0.799382 0.419506 17.6707
-1.11215 -8.36327 -36.2568 0.735566 -0.74126 -16.321 1.6377 8.92332 38.5353 0.915588 1.02716 17.2447
-0.545177 -7.36842 -34.6525 0.231757 -0.806249 -14.9051 1.13072 8.2728 36.5525 0.782925 1.19592 16.012
-1.62987 -8.05339 -34.8892 0.591852 -0.966357 -14.5224 2.04142 9.08488 36.9992 0.828496 1.15362 15.5815
-1.73445 -9.03575 -34.1046 -0.104766 -1.67909 -13.7667 2.15098 10.1212 36.3549 0.796916 1.97081 14.7813
-0.529525 -10.3533 -34.0271 -1.22523 -2.88682 -12.4686 0.824639 11.5842 36.5511 1.52029 3.08238 13.5971
-1.76374 -10.8673 -31.2092 -1.93741 -3.02051 -12.4967 1.85701 11.8919 33.4806 2.50758 3.16292 13.641
-2.05195 -10.8929 -32.6003 -2.04698 -3.89647 -12.3049 3.06883 12.2303 35.0195 2.53753 4.12051 13.2289
-1.56924 -9.85382 -32.8135 -2.60161 -3.03786 -12.1271 1.89019 11.1177 35.0183 3.26058 3.21739 12.8358
-2.47483 -9.45903 -33.4031 -2.49633 -1.11439 -11.352 2.57708 10.5357 35.473 2.92487 1.29286 12.0311
-1.70476 -9.12294 -35.3661 -2.05747 -1.04467 -11.1461 3.39452 10.2271 37.4479 2.2352 1.44534 11.9306
-1.41863 -9.27835 -34.5644 -1.87093 -0.474139 -11.3704 3.09824 10.2767 36.4732 2.01382 1.36721 12.2197
-0.881008 -10.0041 -33.9078 -1.8063 0.53789 -12.3317 2.06719 11.0617 35.6462 2.04089 1.08418 13.1018
-0.00750254 -10.8618 -35.1651 -0.964674 0.681561 -13.0909 1.62296 11.9371 37.1365 1.35149 1.87741 13.7971
0.522577 -11.491 -35.602 0.274258 0.825705 -13.7384 1.73962 12.5934 37.5749 1.1468 2.27994 14.3186
0.40321 -12.2945 -35.5458 0.667642 0.888798 -14.4551 1.91807 13.3686 37.5367 1.18857 2.45123 14.933
0.366291 -12.3741 -36.0502 0.849457 1.02318 -13.7832 2.15887 13.6269 37.9952 1.23917 2.2558 14.3632
-2.61026 -8.10818 -22.9448 -4.4243 -3.81169 -9.93366 3.39802 8.48126 24.2627 4.63292 5.12032 10.271
-1.23351 -3.55501 -17.3518 -6.56301 -2.86466 -6.41615 1.87299 3.56282 18.5176 7.97335 3.14238 6.66903
2.24076 -1.19891 -9.80015 -3.8477 0.503589 -2.84281 2.89595 1.85749 10.7224 4.3017 1.72808 3.21855
0.94346 -1.41337 -6.93246 -1.30115 0.307143 -3.01258 1.57225 2.20422 7.39321 2.43712 1.73597 3.52126
0.163234 -2.50203 -7.21862 -10.3271 -22.8473 -3.54782 0.807082 3.24076 7.85762 10.4079 22.9664 4.66333
-1.4782 -3.648 -3.13108 -22.8535 -23.0285 -2.81205 2.18625 3.94193 3.66269 22.9822 23.3218 3.6577
-0.62503 -2.75227 -2.07595 -22.9392 -21.0042 1.14972 2.62665 3.2157 2.89782 23.0137 21.5814 2.82788
-17.8143 -0.566494 -0.0431919 -28.3089 -20.5886 5.87456 18.0094 2.30789 2.78502 28.7162 21.5472 6.49148
-22.927 5.28446 3.40549 -29.1742 -19.6502 3.80928 23.5395 5.9051 3.98365 29.3439 20.43 3.8314
-19.8237 4.94386 4.96579 -32.2464 -21.763 3.76206 20.9599 5.11309 5.00248 32.4883 22.447 3.98557
-16.8806 5.44707 4.73384 -31.1948 -23.0932 4.90528 18.1392 6.05492 4.75855 31.2487 23.7004 5.14826
-17.477 5.25115 3.62794 -31.9791 -24.5569 5.74261 18.878 5.71409 3.65924 32.0805 25.2274 6.41056
-17.6707 5.64988 3.39017 -35.8032 -25.0468 5.08241 19.1146 6.04355 3.40161 35.9364 25.6002 6.31201
-18.5129 5.26665 2.97451 -35.3997 -25.2112 5.24671 19.716 5.6863 2.98453 35.5588 26.0433 6.69208
-17.7096 5.15745 2.98399 -34.5334 -24.2615 5.12143 18.6398 5.61948 3.00834 34.6429 24.9464 6.46621
-17.9712 5.17754 2.37769 -32.852 -21.2537 4.32207 18.8012 5.52136 2.39104 33.0384 21.7047 4.97826
-17.268 3.89366 1.05501 -30.9594 -20.4681 3.29945 17.8822 4.13018 1.27788 31.1412 20.8969 3.68666
-16.4181 1.88982 0.705054 -28.1393 -19.9864 2.37931 16.9642 2.11566 1.05798 28.2745 20.4094 2.65728
-15.6961 1.71822 0.367411 -26.8999 -17.7642 1.57375 16.1545 1.88363 0.723791 27.0249 18.0271 1.74208
-15.1868 0.937269 0.452534 -26.3238 -16.1416 1.00831 15.6301 1.02929 0.662352 26.4785 16.3748 1.1014
-14.1715 0.802787 0.192504 -24.7701 -15.2475 0.0872559 14.4955 1.71464 0.463736 24.8885 15.5795 0.30135
-13.0943 -0.544223 0.178135 -24.4768 -13.7588 -0.747359 13.3449 1.5504 0.427226 24.5567 13.9248 1.26191
-12.9889 -1.64967 0.16082 -23.6372 -14.021 -1.89023 13.2065 2.0437 0.59145 23.7008 14.1609 2.20772
-12.3736 -2.85683 -0.218875 -22.9424 -14.9229 -1.95431 12.4951 2.9786 0.484682 22.9999 15.026 2.33228
-12.835 -2.80834 -1.26591 -22.7185 -14.4858 -3.19246 12.9238 2.99271 1.34487 22.7825 14.5427 3.44773
-13.2417 -3.44531 -1.84742 -20.8387 -15.1043 -3.52529 13.3298 3.69581 2.00014 20.8895 15.1935 3.58046
-12.6169 -3.58079 -0.786613 -20.6494 -14.8107 -1.50301 12.6806 3.94217 0.969491 20.7083 14.9012 1.59642
-12.3464 -3.92037 -1.27523 -21.039 -13.8932 -3.00098 12.4253 4.00349 1.72725 21.1088 13.9896 3.07716
-11.9123 -3.47034 -1.9563 -21.7252 -14.0086 -3.31879 12.0483 3.48658 2.06782 21.7766 14.1335 3.47328
-11.1148 -2.76034 -2.34276 -22.2953 -14.0257 -2.43048 11.2951 2.80432 2.63507 22.3699 14.2136 2.66731
-10.9786 -2.33165 -1.99991 -23.721 -13.6641 -2.36831 11.1595 2.5014 2.24878 23.8329 13.8701 2.45722
-11.4751 -1.27355 -1.88686 -25.3807 -13.2417 -1.77331 11.6545 1.96609 2.34076 25.5027 13.442 1.78312
-11.7913 -0.557077 -1.0129 -25.9292 -14.0435 -0.922266 11.987 0.642558 1.33099 26.0997 14.279 1.32629
-11.926 -0.270309 -0.190622 -26.2136 -15.4848 -0.584853 12.1584 0.745055 0.811124 26.3278 15.725 1.21543
-11.9925 -0.119295 0.45938 -26.069 -16.1629 -0.111397 12.2827 0.668803 1.05727 26.1973 16.4099 0.798011
-11.7636 0.34231 0.897307 -27.0268 -16.1866 0.632581 12.0966 0.839742 1.29477 27.1548 16.5212 0.943869
-12.0784 1.08899 1.03164 -27.3608 -15.6149 1.23031 12.4724 1.41307 1.42659 27.5262 16.0737 1.42696
-8.23158 -2.4944 -7.89386 -18.0211 -10.1191 -0.511376 8.56694 2.5349 8.14887 18.0437 10.5048 1.34325
-4.78168 -5.24423 -8.64318 -9.89764 -5.5561 -3.01267 5.01694 5.72895 8.65347 9.98857 6.11143 4.15415
-2.421 -1.38623 -0.300545 -5.30558 -3.01132 -0.619159 2.61506 1.82037 1.27622 5.71011 3.24482 2.13124
-1.60952 -0.922131 2.7918 -4.63587 -2.9287 -0.585562 1.86512 1.45701 3.16601 4.81976 3.14736 1.55047
-1.53479 2.63596 3.4102 -4.97648 -2.41367 -0.601463 1.69579 3.18112 3.55296 5.14272 2.75257 1.46969
-3.26109 2.98318 -12.6358 -5.48204 -2.32889 0.989403 3.91431 3.05763 12.6428 5.68401 2.78153 1.18329
-0.858543 -3.01208 -13.2751 -5.83805 -1.80577 -1.81106 1.67329 3.75702 13.5135 6.03682 2.65003 2.49836
0.502949 -22.2412 -23.8265 -7.2325 1.39368 -1.88263 1.26452 22.5054 24.364 7.32269 2.16697 2.56027
5.11511 -27.5407 -23.2791 -2.27645 1.2552 -24.466 5.18254 27.6358 24.3768 2.84653 1.81836 24.6247
2.60741 -21.0139 -31.6123 4.30637 -0.508089 -29.5584 2.92754 21.0283 32.8459 5.09254 0.57703 29.5692
2.68295 -15.7118 -38.2197 6.47667 2.19059 -27.8177 3.33534 15.8991 38.9707 6.7697 2.49571 27.8478
3.65191 -13.4562 -44.4776 5.31627 3.83671 -27.322 4.13114 13.5424 44.9584 5.47423 3.85896 27.3761
4.55593 -17.1914 -48.7988 4.51845 6.68782 -22.1938 4.63423 17.2321 49.456 4.6878 6.75392 22.3224
5.80675 -22.0945 -50.9927 3.25182 6.26418 -17.1212 5.94912 22.5285 51.6908 3.46856 6.33906 17.255
5.90977 -23.8889 -45.8926 1.99706 5.02235 -15.9056 6.36116 24.4929 47.0583 2.14828 5.04162 16.0478
4.50298 -21.5464 -42.0909 1.84739 3.57674 -18.2356 4.70552 22.1147 43.6277 1.95208 3.60036 18.3683
3.22542 -17.3256 -39.3863 1.39548 2.33324 -21.71 3.51168 17.7767 41.1393 1.586 2.38518 22.0172
1.63813 -14.0312 -36.2829 1.54574 2.28233 -22.6387 3.22499 14.4929 38.0721 1.60002 2.46009 23.1152
0.414681 -11.3186 -35.6836 1.59638 2.10187 -21.0184 2.08477 12.104 37.4472 1.62313 2.34914 21.5597
-0.201195 -10.3979 -35.2565 0.888346 1.30273 -19.6443 1.4998 11.2115 36.974 1.02704 1.36323 20.1362
-0.104162 -9.97593 -10.6943 -0.265218 -0.0887091 17.3257 0.468129 10.6306 22.3082 0.477575 1.60366 17.7477
0.501357 -9.72502 -34.4481 0.980599 -1.3987 -16.5812 1.56714 10.7607 36.2425 1.74839 1.83083 17.0862
-0.339263 -9.321 -33.115 -0.05208 -1.38298 -16.3735 1.02277 10.344 35.0864 1.43882 1.5847 16.9295
-1.55739 -8.58655 -32.3248 0.328071 -1.3257 -16.3703 2.83058 10.1628 34.4459 0.71175 2.31752 17.013
-0.243353 -8.50309 -31.7416 -1.28799 -1.66833 -16.8873 2.52464 10.0534 33.9758 1.57754 2.73396 17.7228
-1.15143 -9.06891 -30.6048 -1.26737 -2.59083 -16.3014 1.59226 10.7389 32.902 1.83212 2.63037 17.143
-1.31531 -9.69437 -28.6139 -1.76821 -4.69323 -15.9987 2.28791 11.3382 30.7092 2.63316 5.11406 16.7509
-2.30013 -9.45724 -30.3731 -2.15977 -4.22812 -14.8949 3.93726 10.5128 32.6531 3.05456 4.56196 15.4877
-1.59028 -8.03965 -31.1364 -3.28954 -2.55482 -15.1271 1.81458 9.47705 33.2506 3.71382 2.71705 15.6104
-2.31718 -7.41109 -31.5639 -2.35289 -0.778431 -14.9053 3.85071 8.62659 33.3027 2.66272 1.16893 15.4203
-1.84812 -7.69087 -33.2239 -2.30909 -0.326246 -14.2296 4.22985 8.51878 34.9578 2.35958 2.22596 14.7016
-1.10008 -8.24058 -34.6536 -1.6295 0.476861 -13.6678 3.01609 9.52051 36.5213 2.10876 1.821 14.1816
-0.22148 -9.48216 -33.3996 -1.81319 0.775526 -13.5518 2.61502 10.7848 35.1363 2.14636 1.68145 14.0924
0.732116 -9.74373 -33.0475 -0.846269 0.458138 -15.0594 2.21619 11.2922 34.8605 1.19453 1.57342 15.5964
0.804209 -9.96084 -34.4002 0.0902729 0.665924 -16.5187 2.67061 11.3224 36.489 0.973627 0.861416 17.0026
0.700463 -10.0387 -34.2979 0.99498 1.14686 -16.7579 2.34366 11.3953 36.3285 1.26406 1.27301 17.344
0.488831 -9.9089 -34.8304 1.54514 1.57137 -16.4339 2.18572 11.3577 36.8308 1.67552 1.74843 17.1636
-2.18307 -5.93246 -22.2256 -4.22641 -4.21907 -9.95408 2.83017 6.21032 23.7227 4.94783 5.03916 10.2911
-0.52507 -2.54779 -15.4701 -7.85701 -2.62443 -6.02345 1.334 2.67271 16.5439 9.65249 2.95442 6.23788
2.47695 -0.372656 -8.40097 -3.00502 -0.232291 -2.23572 2.87098 1.53876 9.12773 3.49259 2.19519 2.54269
0.551166 -0.62718 -6.37929 -0.821649 -2.09361 -2.12666 0.855197 1.44703 6.96832 1.80186 2.48203 2.94119
0.536205 -3.26219 -3.71641 -17.3008 -19.8292 -5.23657 0.598606 3.32162 4.31095 17.433 19.9183 5.44928
-2.08127 -3.05418 -1.63492 -21.8666 -25.8142 -2.27293 2.97219 3.50471 2.91027 21.9578 26.327 4.12696
-9.97234 -2.07831 -1.1093 -27.0004 -21.7178 2.14927 10.8613 2.91546 2.577 27.2771 22.7349 2.33384
-17.939 -0.835938 0.865021 -32.8115 -20.4896 4.96325 18.3689 1.44668 2.11991 33.2386 21.8126 5.20748
-19.8936 4.97802 4.43071 -28.2501 -22.5118 4.35651 20.8638 5.18727 4.50416 28.4955 23.6362 4.52291
-16.8297 6.0406 5.03411 -31.5944 -24.498 4.31465 17.8994 6.43697 5.04543 31.685 25.1555 4.63776
-17.086 5.46315 4.08602 -30.6821 -23.5854 4.75963 18.3097 6.15723 4.09878 30.7411 24.353 5.29556
-17.5345 4.53071 3.30323 -33.9959 -25.5936 5.02555 18.774 5.06557 3.30739 34.1189 26.2763 6.06528
-18.0276 4.47448 3.7001 -35.0759 -25.2346 5.50275 19.0908 5.18285 3.70153 35.2576 25.8711 6.62852
-18.8455 4.1691 3.39118 -33.6358 -24.0651 5.11546 19.9751 4.81411 3.44222 33.8424 24.6474 6.03256
-18.091 4.37716 2.81832 -32.5591 -21.6287 4.9682 19.0659 5.14471 2.89296 32.6825 22.1833 5.77881
-17.806 3.62982 1.99812 -30.587 -20.8885 4.40914 18.5258 4.27306 2.09838 30.7706 21.5807 4.78171
-17.7724 3.50949 1.1199 -29.5751 -17.5184 3.55654 18.3693 3.98268 1.33108 29.7411 17.8785 3.75328
-17.9386 3.07081 0.452051 -28.2359 -15.903 1.50199 18.3907 3.16121 0.935695 28.3628 16.2645 1.79595
-16.6003 1.50124 0.172192 -26.0476 -15.5144 0.741507 16.9905 1.57011 0.68058 26.1256 15.8835 1.22445
-14.7322 0.882677 -0.0737272 -24.8069 -15.0935 0.459759 15.0862 1.18688 0.436778 24.8944 15.3193 1.44937
-14.1613 -0.422795 0.503106 -24.2119 -14.8599 0.303598 14.4518 0.568137 0.616883 24.2753 15.0696 1.564
-13.7915 -1.43043 0.346491 -22.4294 -13.1044 -0.267302 13.9742 2.00487 0.746319 22.498 13.2418 1.83759
-13.5044 -2.24857 0.190463 -22.8896 -13.209 -1.47723 13.6323 3.27776 1.29542 22.9861 13.3455 2.35967
-13.7799 -2.43767 -0.426602 -22.0845 -13.4955 -2.90083 13.8576 3.23183 1.22922 22.1151 13.623 3.74611
-13.6685 -3.05059 -0.935587 -21.1596 -12.9198 -2.43569 13.7203 3.09661 1.13904 21.1692 12.9709 3.4419
-14.0123 -4.24496 -1.41029 -20.2136 -13.3407 -3.14018 14.1069 4.28897 1.60443 20.2348 13.3946 3.79484
-14.0334 -4.6701 -1.00885 -19.8582 -13.0967 -1.3656 14.1535 4.77877 1.08883 19.8706 13.1609 2.15314
-13.2653 -3.91011 -1.651 -21.783 -11.6138 -2.32677 13.3869 4.00505 1.92654 21.803 11.6619 2.3719
-13.5072 -2.98378 -1.88594 -21.9494 -12.0381 -3.51921 13.6387 3.61524 2.6321 22.0099 12.1854 3.56153
-12.6448 -2.35097 -2.31192 -23.9096 -11.9012 -2.87422 12.784 2.92391 2.71837 23.9492 12.1058 3.05026
-12.5913 -2.3067 -1.93826 -23.9985 -12.4493 -2.55317 12.7757 2.36837 2.2275 24.047 12.6771 2.72231
-12.3369 -1.38635 -1.37036 -24.7408 -12.6553 -1.05819 12.5782 1.527 1.79814 24.7708 12.8105 1.31366
-12.8414 -0.551403 -1.00584 -25.9765 -13.2368 -0.136743 13.1521 0.685233 1.38089 25.9974 13.4091 0.882023
-13.4838 0.257964 -0.047151 -25.2087 -13.2159 0.325855 13.754 0.661157 1.11263 25.2594 13.4543 0.90265
-13.9058 0.772441 0.326147 -26.1223 -13.5331 0.619063 14.201 0.903321 1.0144 26.1851 13.8028 1.04425
-13.7525 1.65503 0.761072 -27.0282 -13.946 0.666817 14.0708 1.66632 1.1728 27.0855 14.3553 1.04692
-13.4852 2.34923 1.03091 -27.452 -14.0548 0.964425 13.8677 2.36333 1.32895 27.5364 14.5313 1.21234
-7.94466 -4.33826 -11.4314 -15.732 -7.54188 -1.25271 8.22963 4.85796 11.4777 15.7477 8.0012 2.25234
-4.42973 -4.9524 -7.20906 -7.41773 -3.59256 -3.55419 4.62556 5.58162 7.26466 7.6133 3.9167 4.76124
-2.1038 -1.43607 2.01512 -5.25667 -2.46702 -0.312354 2.35354 1.46357 2.55116 5.62973 2.6272 1.48952
-2.32403 0.412882 2.19911 -5.66944 -2.61433 -0.927305 2.47437 1.04456 2.60604 5.85199 2.98442 1.53531
-1.86695 3.5518 4.14049 -6.07244 -2.64453 0.577773 2.00317 3.85877 4.48405 6.3154 3.08835 1.56296
-1.00242 2.15336 -13.8218 -6.11153 -3.38425 0.826957 1.51789 2.60366 13.9482 6.36955 3.60148 1.30926
-0.441192 -21.0237 -17.3851 -7.48414 -0.880136 -2.26134 1.76941 21.3644 17.692 7.86473 1.64036 3.1965
2.98471 -23.8696 -28.1499 -5.8109 -0.28127 -6.41163 3.22862 24.191 28.7173 6.00814 1.488 6.41605
3.59403 -24.8019 -30.0967 0.160249 -0.949238 -22.3757 3.91271 24.829 30.958 2.4326 1.12737 22.3994
2.37596 -18.5936 -35.7121 5.92475 1.94972 -25.1842 2.4444 18.6007 36.9081 6.83145 1.99634 25.2348
2.72866 -16.3918 -39.464 6.12678 2.7907 -27.3328 4.18573 16.5062 39.957 6.38863 3.30861 27.39
4.13288 -14.3327 -46.3006 4.92435 5.51136 -24.7069 4.29668 14.3368 46.8593 5.13931 5.52496 24.7297
4.49373 -18.166 -48.4539 4.52605 6.26033 -20.2466 4.51521 18.3818 49.0973 4.70741 6.28932 20.276
5.06026 -21.268 -48.2787 3.29006 5.81916 -18.8967 5.11478 21.6663 49.0713 3.41162 5.84591 18.9658
4.83679 -21.8504 -45.713 2.05414 4.04615 -17.5447 5.0332 22.6246 46.8372 2.10988 4.05261 17.6188
3.73736 -19.3101 -41.1322 1.87501 3.01437 -20.1781 3.7577 19.923 42.5318 1.93685 3.02734 20.2487
2.85092 -15.3569 -37.9599 1.41001 1.86681 -22.382 2.93668 15.9441 39.6201 2.05519 1.88387 22.5458
2.01339 -11.925 -35.4752 1.42139 1.85859 -22.7048 2.57956 12.512 36.993 1.87188 2.04073 22.9807
0.864958 -10.1377 -35.3895 1.93606 1.72589 -21.4439 2.76662 10.6268 36.9809 1.99345 1.73942 21.8201
-0.120528 -9.72208 -37.1591 0.834764 1.0661 -17.9654 1.81624 10.1368 38.7825 0.915404 1.32252 18.4168
-0.188206 -9.40391 -35.9294 0.0994768 0.273147 -16.8073 1.2123 10.1506 37.4105 0.788444 0.572339 17.3329
0.218466 -8.08594 -35.3706 0.598568 -0.335305 -17.3295 0.611922 9.20885 36.7778 0.762328 1.31215 17.8717
0.18835 -7.50051 -35.0786 -0.545551 -1.73664 -18.083 2.49311 8.98969 36.776 1.79458 2.1735 18.6653
-0.0992782 -7.67631 -32.9238 -0.127322 -2.44246 -18.2736 1.03618 9.41007 35.0428 2.48924 2.55024 18.9763
-1.02423 -7.72626 -30.0824 -2.14356 -2.8917 -19.0588 1.50636 9.62662 32.2031 2.59697 2.92744 19.7786
-0.485872 -6.57355 -29.5766 -1.55938 -2.64213 -20.2569 2.35838 8.20168 31.9197 2.02773 2.66125 21.0333
-1.95374 -5.55055 -29.4801 -1.67306 -2.44758 -19.7307 2.9563 7.18301 31.7074 1.8788 2.44881 20.5017
-3.50545 -6.01835 -30.2776 -2.40755 -2.72505 -18.954 3.64051 7.55313 32.3764 2.55429 2.77732 19.5854
-1.88733 -6.11222 -31.5164 -2.38786 -2.45127 -18.072 1.97782 7.43118 33.5008 2.48779 2.65582 18.5791
-1.86838 -6.80176 -31.8861 -1.86821 -2.01268 -16.3764 2.35245 8.08063 33.6119 2.40999 2.13345 16.8128
-0.993243 -6.2191 -31.5988 -2.78108 -1.76046 -16.0676 1.37177 7.41658 33.3856 3.08408 1.89541 16.4981
-0.170556 -6.48018 -33.1606 -1.79307 -1.25698 -16.675 2.39023 7.73474 35.1321 2.03924 2.10682 17.1674
0.00103794 -6.71555 -33.1844 -1.13294 1.00938 -17.2997 4.27524 7.79227 35.1944 1.47339 1.74737 17.8214
-0.172606 -7.34211 -33.1447 -0.900099 2.03578 -18.0792 2.98919 8.38116 35.2163 1.29238 2.46676 18.6195
0.0574799 -7.35717 -33.3438 -0.136281 1.80457 -18.6657 2.44796 8.52242 35.5383 0.859558 2.31869 19.167
0.19762 -7.83595 -33.6037 0.66744 1.34389 -19.4482 1.91228 8.92009 35.6804 0.983975 1.94603 19.8431
0.722742 -7.97031 -34.6729 1.35086 1.23547 -19.2004 1.91595 9.01665 36.8491 1.58475 1.95825 19.6637
-1.21182 -4.34905 -20.3266 -5.27063 -5.37141 -10.8382 2.24279 4.39547 21.8397 5.8289 5.75913 10.981
-0.207637 -2.32782 -12.5451 -6.87615 -2.31768 -6.1794 1.96584 2.84457 13.4608 8.72519 2.34394 6.41471
2.20998 -1.82825 -7.68092 -2.22666 0.667254 -3.43325 2.72564 2.60785 8.49934 2.80312 2.32283 3.65254
0.42838 -1.79724 -5.93384 1.05421 -10.5231 -2.23877 0.774558 2.42266 6.41064 3.0705 10.935 3.09384
1.31187 -4.44928 -3.56501 -19.3268 -17.632 -6.15885 1.68263 4.49246 3.89118 20.1477 17.7839 6.34785
-3.1236 -4.54942 -1.66663 -23.1603 -25.5692 -0.350227 3.74611 4.76707 2.89366 23.525 26.0986 3.483
-3.84127 -2.88091 -0.570276 -26.5744 -21.202 3.14381 5.09844 3.4753 2.21204 27.0969 22.1525 3.24084
-18.6719 -0.316384 2.40188 -29.0524 -22.1699 5.35091 19.0304 1.34852 3.1434 29.7561 23.1274 5.61678
-20.1343 5.70239 4.34612 -30.1239 -20.4742 4.60903 20.7508 6.4081 4.41103 30.2708 21.1351 4.76406
-18.9794 5.02736 5.29038 -32.4751 -23.0962 4.28826 19.9103 5.52328 5.30866 32.6845 23.5822 4.53328
-16.9464 6.00468 4.04343 -32.1662 -23.217 5.08747 18.0564 6.65158 4.08814 32.1816 23.629 5.33474
-17.6929 5.28677 3.35001 -34.9464 -24.2909 5.29177 18.8856 5.68253 3.36422 35.0325 24.8396 5.98204
-17.2332 4.82519 3.71429 -36.1306 -23.7857 5.1593 18.0889 5.07915 3.73826 36.2632 24.184 5.96701
-18.0846 4.81544 2.64967 -36.2108 -21.8411 5.35304 19.0014 5.23505 2.65601 36.3286 22.2263 6.338
-18.1934 4.49622 2.50949 -35.1918 -20.7544 4.30723 18.9792 4.91962 2.53995 35.31 21.1151 5.11213
-18.6457 4.58557 1.87667 -33.3291 -19.1551 3.91798 19.1879 4.97661 1.9154 33.4205 19.6544 4.45607
-19.5935 3.96732 1.2265 -30.0995 -15.8963 3.02836 19.9609 4.23611 1.59564 30.1624 16.242 3.16492
-19.669 2.62738 0.439867 -29.4388 -14.2282 2.05143 19.9416 2.95284 0.964725 29.5199 14.5193 2.25878
-18.3859 1.82479 -0.122678 -27.9734 -14.5962 1.12783 18.5904 1.97723 0.668039 28.0654 14.8869 1.72352
-17.5745 0.0445144 -0.0429994 -26.2819 -13.3472 0.230733 17.8008 0.443767 0.394456 26.3285 13.4689 2.17469
-16.6375 -0.274501 0.416971 -25.1365 -12.7815 -0.306476 16.7934 0.741231 0.557321 25.1828 12.8951 1.85075
-16.3778 -1.3745 0.372068 -23.4922 -11.2613 -1.02857 16.5113 2.52186 1.07104 23.5588 11.3763 1.77892
-16.6214 -1.90054 0.441769 -22.9482 -10.3429 -2.30303 16.7461 3.89639 1.91724 23.0107 10.4746 3.14787
-16.5348 -2.21226 -0.803887 -24.1645 -10.6844 -3.35228 16.5867 3.10875 1.48189 24.2224 10.8203 4.10838
-16.2944 -0.839754 -1.66309 -23.3576 -9.8935 -3.4195 16.367 1.04235 1.68991 23.406 9.94977 4.13665
-15.655 -3.75301 -0.490124 -22.9019 -9.79105 -3.4605 15.723 3.88255 1.80716 22.9652 9.82871 3.95329
-15.2845 -4.00335 -2.0587 -23.013 -10.5192 -1.4774 15.3575 4.02119 2.13943 23.073 10.5629 2.57391
-14.7512 -3.56582 -1.46618 -23.0849 -10.3674 -2.7048 14.8743 3.59299 1.50254 23.1161 10.4303 2.8892
-14.2708 -3.81544 -2.22005 -23.5872 -9.95401 -3.19712 14.4069 4.06024 2.49629 23.6051 10.041 3.23152
-14.4164 -1.79081 -2.30195 -24.5869 -9.85721 -2.9126 14.5822 2.80879 2.88956 24.631 10.0159 3.05725
-14.5597 -1.01315 -1.94891 -26.2113 -10.1843 -1.92806 14.719 1.34091 2.42334 26.2491 10.3901 2.00546
-14.7338 -0.671377 -0.813412 -26.9462 -11.315 -1.09967 14.8963 1.05792 1.20872 26.9864 11.4806 1.4656
-14.8841 -0.407539 -0.154903 -26.1745 -12.0687 -0.176888 15.0836 0.826631 0.726382 26.2916 12.1629 1.00744
-14.6871 -0.16548 0.173046 -26.4494 -12.4975 -0.0501039 14.9669 0.188489 0.996078 26.5397 12.5866 0.917156
-14.8233 0.423255 0.799048 -27.2178 -12.7185 0.151349 15.2352 0.537098 1.25606 27.3171 12.8218 0.804385
-13.7041 1.28718 0.46257 -28.4806 -13.557 0.782099 14.0948 1.3105 1.1122 28.5614 13.707 1.0577
-13.4501 2.17951 0.652415 -29.2791 -13.7677 1.47555 13.8736 2.18882 1.01102 29.3878 14.0745 1.63391
-6.83048 -5.72957 -10.6475 -14.2748 -6.29633 -1.77923 7.12931 6.27264 10.6631 14.3687 6.75811 2.71523
-3.08364 -5.25234 -5.89288 -6.519 -3.61676 -3.00785 3.31232 5.80689 5.95024 6.83843 4.00329 4.18899
-1.76669 -1.58099 2.69571 -5.35948 -3.01643 -0.347135 1.98034 1.73683 3.2553 5.71572 3.33603 1.34143
-2.1317 0.723845 3.80775 -5.87929 -2.49815 -0.68553 2.25612 1.73546 4.24043 6.01439 2.9256 1.65975
-2.0584 3.0985 0.561826 -6.14472 -2.77915 0.936873 2.18336 3.4603 2.5971 6.37581 3.18515 1.91173
-0.855256 -16.1558 -10.351 -6.19836 -3.52089 0.246097 1.35309 16.3706 10.5558 6.49151 3.8557 1.39773
-0.679958 -20.4323 -24.753 -7.32822 -0.966305 -1.49619 1.04815 20.5535 25.1223 7.77938 1.73138 2.69517
4.88765 -25.578 -25.5126 -2.90391 -0.987922 -22.0376 4.89645 25.6655 26.0536 3.2055 1.67807 22.4907
2.19879 -20.2162 -32.1379 3.51715 -0.778701 -25.9208 2.4662 20.2265 33.1355 4.63455 0.851033 25.9759
3.25559 -17.1264 -36.3566 6.76641 2.92007 -28.6493 3.7413 17.2264 37.0864 7.18994 3.07886 28.6775
3.32683 -13.2422 -41.4133 5.86114 3.55771 -27.4537 3.64786 13.2831 41.8688 6.03274 3.74031 27.4539
4.38758 -16.0094 -45.724 4.60795 6.39972 -23.2537 4.50416 16.1533 46.2796 4.74515 6.45724 23.2656
4.74378 -20.2533 -46.4305 3.38728 5.62048 -20.522 4.75491 20.6959 47.0613 3.42531 5.66633 20.5564
5.13687 -21.6223 -45.4326 2.63698 4.5934 -18.0414 5.22772 22.2991 46.2555 2.81783 4.67829 18.0934
4.07911 -19.707 -42.5718 1.75605 3.52396 -20.0164 4.1948 20.4392 43.7643 1.98558 3.64413 20.0969
3.20223 -16.336 -39.4368 1.30116 2.7235 -22.4318 3.23038 17.0445 40.8705 1.82463 2.86728 22.5644
2.6291 -12.3373 -37.6851 0.856323 2.42219 -23.6739 2.64661 12.8871 39.2092 2.29868 2.53458 23.9532
2.02733 -10.0406 -36.7291 0.916885 1.80098 -22.0382 2.15589 10.6175 38.2064 1.05969 2.05178 22.3915
1.44042 -9.52633 -35.6851 0.943293 1.86166 -20.2221 3.0483 10.0506 37.0904 1.17742 1.87514 20.5493
0.685767 -8.55465 -37.049 1.19601 1.26956 -19.1694 2.3626 9.0576 38.661 1.28903 1.37378 19.5731
-0.153399 -6.42181 -36.6084 0.416535 0.461534 -18.6218 1.22442 7.71684 38.2666 1.02087 0.707018 19.2592
-0.660294 -5.464 -34.2878 -0.0451497 0.0602454 -18.3526 0.97472 6.67388 36.0381 1.81064 1.14429 19.1084
-0.0447704 -6.76868 -33.4768 0.365127 -1.93212 -19.0796 1.87331 8.09541 35.6108 2.29309 2.35477 19.7838
-1.29283 -7.15803 -32.4149 -0.736484 -1.58935 -18.8654 2.45257 8.41627 34.9372 1.76501 1.83179 19.6415
-1.74869 -8.18445 -31.0778 -1.51559 -3.51886 -18.9945 1.98592 9.03467 33.7133 2.08334 3.55743 19.8031
-2.00398 -5.89311 -29.4742 -0.503093 -2.84484 -20.4438 3.11104 7.0476 31.6838 1.30543 2.90328 21.3624
-2.66736 -5.53772 -30.014 -1.85604 -2.56962 -20.2193 3.66361 6.32872 32.1301 1.9964 2.74242 20.964
-2.29587 -5.90753 -30.5437 -2.42096 -2.36983 -17.9208 2.55954 6.90072 32.508 2.49158 2.38215 18.468
-1.97413 -6.00356 -31.8041 -2.55719 -2.04566 -16.1849 2.30998 7.14257 33.6792 2.69946 2.50802 16.5951
-1.45293 -5.56146 -32.5797 -1.97038 -2.22794 -16.7187 3.14294 6.64378 34.4263 2.50356 2.28555 17.0205
-1.02221 -5.82252 -33.3945 -2.54806 -1.8341 -17.6896 1.54445 7.25237 35.2614 2.84216 1.96919 17.9841
-0.217571 -4.80852 -34.0347 -2.01657 -0.666541 -17.6806 2.93301 5.98081 35.963 2.34632 1.80252 18.1776
-0.299433 -5.54167 -32.9088 -0.949992 1.83698 -17.4008 4.42323 6.43736 34.6699 1.4417 2.47725 17.9461
0.121681 -6.20785 -35.3886 0.199454 2.39908 -16.8149 3.14035 7.12854 37.437 0.995103 2.97174 17.5201
0.63034 -6.82632 -36.1105 0.63279 1.69758 -16.8594 2.48636 7.76704 38.1884 0.959913 2.52161 17.494
1.07087 -6.80012 -36.4276 1.08853 1.45582 -17.1479 2.68367 7.81521 38.6094 1.22954 2.01297 17.7961
-0.927801 -5.69648 -25.8872 -2.11849 -3.16214 -13.7549 1.92636 6.08061 27.4678 2.51777 4.42115 14.1346
-0.87723 -2.92936 -17.9561 -6.64883 -4.91963 -8.9155 1.67093 2.95027 19.384 7.58151 5.10013 9.01409
1.83598 -1.19292 -10.1115 -4.42606 -1.95366 -3.62627 2.16422 2.184 11.2711 5.00955 2.59218 3.8828
2.05391 -1.51394 -6.6249 -1.49465 -0.378374 -2.35459 2.14753 2.3667 7.24024 3.28684 1.86247 2.36983
0.937981 -1.7409 -5.4995 2.56631 -25.3897 -2.14942 1.0626 2.05573 6.03393 3.64428 25.6564 2.47856
1.90721 -5.50915 -2.33443 -21.3234 -19.9068 -4.42292 2.47749 5.5143 3.16275 21.8963 20.0632 4.8002
-2.51412 -5.09502 -1.29971 -24.6152 -24.8674 1.48282 3.21072 5.2065 2.51615 25.3899 25.4925 1.76029
-2.79372 -2.04345 0.153056 -29.9648 -19.3917 4.35123 4.15766 2.87914 1.98881 30.4194 20.4698 4.61774
-18.7132 -0.294182 2.27655 -30.737 -21.3664 6.20919 19.2012 1.43598 2.82052 31.3418 22.1019 6.47493
-22.551 7.17077 4.22959 -30.7459 -21.3937 4.27665 23.2504 7.99006 4.25103 30.8681 21.8171 4.53583
-20.9959 4.9581 4.71033 -31.5677 -23.0109 3.73337 21.9383 5.5759 4.71537 31.7647 23.4265 3.95204
-20.0628 5.36047 4.2412 -31.1104 -23.4751 4.17305 21.3445 6.26263 4.28571 31.1414 23.9685 4.32015
-18.7092 4.17115 3.84601 -34.3323 -25.3674 4.76801 20.1982 4.76353 3.94232 34.4506 25.8619 5.21341
-18.6762 4.04404 3.15668 -34.9069 -23.251 5.43739 20.23 4.62747 3.18702 35.1046 23.6835 6.09056
-18.1689 3.96085 2.75136 -34.4059 -20.9698 5.14021 19.5132 4.78568 2.75811 34.7013 21.6276 5.85538
-18.5766 4.24447 2.02648 -35.3782 -18.3675 5.16057 19.5993 5.25877 2.05092 35.5482 19.0262 5.88916
-20.3271 4.03316 1.00978 -32.5864 -16.8676 4.00098 21.0956 4.84319 1.24886 32.7195 17.4742 4.37651
-20.0287 3.55638 0.864582 -29.6715 -14.1222 2.69852 20.5728 3.7795 1.20573 29.7687 14.4295 2.98063
-20.3008 2.12817 0.59621 -26.4108 -13.0082 1.45836 20.8279 2.16091 1.01069 26.5394 13.2923 1.97443
-19.3992 1.06121 0.545612 -26.151 -12.7735 0.533842 19.8538 1.08854 0.777611 26.2635 13.0239 2.11397
-18.3882 0.2249 0.180236 -25.1772 -11.7705 0.372975 18.7493 0.469218 0.581184 25.2955 11.9191 1.79076
-18.6923 -0.165503 0.0458795 -24.0047 -10.6128 -0.34554 19.0107 1.38506 1.08459 24.1117 10.8082 1.19295
-18.0953 -0.929814 0.248621 -24.3078 -9.10924 -1.37906 18.2231 2.34363 1.32847 24.4249 9.25068 2.29393
-17.8913 -1.62105 -0.309109 -23.0506 -9.22304 -2.26883 18.1753 2.37078 0.696997 23.1386 9.34596 2.83419
-17.8636 -2.57318 -1.06151 -22.3577 -9.64971 -3.2483 18.1094 2.78534 1.13439 22.4846 9.75908 4.13141
-17.3598 -2.99237 -1.39253 -21.6549 -9.07683 -3.48633 17.5199 3.16465 1.76935 21.7738 9.15586 3.78072
-17.0515 -3.36261 -0.596649 -21.653 -8.61829 -1.27097 17.3584 3.47777 0.691907 21.7311 8.71213 1.79235
-16.794 -3.76753 -0.985794 -22.3912 -8.56468 -2.44498 17.1054 3.87046 1.63469 22.4985 8.70103 2.49186
-16.3714 -3.56862 -2.02714 -22.9807 -8.16018 -3.32775 16.6691 3.77301 2.4077 23.097 8.31815 3.33098
-15.5115 -2.21232 -2.28906 -23.998 -7.95521 -2.8955 15.8837 2.2907 2.54397 24.1045 8.09367 2.89587
-15.5892 -2.14661 -2.30115 -24.6937 -8.70784 -2.41576 15.9747 2.44839 2.58435 24.8432 8.81673 2.63332
-15.4965 -2.41189 -2.43831 -25.0963 -9.47708 -1.61648 15.8785 2.60376 2.83389 25.2589 9.58049 2.71627
-15.6581 -1.24566 -1.17919 -25.2725 -10.6031 -0.742609 16.0687 1.74078 1.50932 25.4038 10.6755 1.12254
-15.4244 0.0162711 -0.128644 -25.811 -10.9334 -0.303642 15.8216 0.889036 1.2105 25.9033 11.0187 1.03208
-15.5913 0.8216 0.535711 -26.7936 -11.4705 0.21514 15.9838 1.24652 1.10328 26.8573 11.5635 1.5803
-15.1344 1.32204 1.02698 -26.9713 -12.0653 0.99863 15.5212 1.7785 1.31216 27.0529 12.1937 1.77607
-14.8079 1.45124 0.913422 -26.9201 -12.7081 1.44013 15.2131 1.7682 1.31121 27.0125 12.8794 1.96393
-10.8253 -0.735315 -5.4298 -20.8331 -9.27885 0.246131 11.1665 0.910308 5.71149 20.8685 9.44385 0.450859
-6.09765 -5.74445 -9.72163 -12.6052 -5.72285 -2.33309 6.40716 6.18416 9.74433 12.6507 6.1585 3.42815
-2.92383 -2.43137 -1.39498 -6.64952 -3.32957 -1.09684 3.09643 3.01959 1.62833 6.86995 3.75108 2.7127
-1.25238 -0.49076 3.27846 -4.98079 -2.73973 -0.644959 1.36161 0.790553 3.76714 5.25976 3.02147 1.60078
-1.25646 0.582195 4.26134 -5.95271 -1.70774 -1.54527 1.28647 2.01418 4.80843 6.17902 2.06943 2.42509
-1.92653 2.37153 -9.64417 -6.29872 -2.86627 0.856783 2.29922 2.84561 9.64864 6.528 3.54998 1.22438
0.19495 -19.867 -9.86004 -6.16423 -1.63496 -1.75866 1.75304 20.0607 9.91714 6.41804 2.0674 2.63669
0.173034 -19.5242 -25.9163 -5.73221 -1.68693 -0.467411 0.484934 19.6413 26.2071 5.90441 2.31292 0.92349
4.58461 -25.6377 -24.843 -3.19113 -1.00519 -3.77731 4.64026 25.6588 25.3297 3.49079 2.01462 4.14839
3.47054 -19.1261 -28.9425 2.30936 -0.502555 -26.5532 3.49684 19.1558 30.0395 3.92663 1.69412 26.6121
3.12773 -17.066 -33.3317 6.5944 2.20818 -31.8453 3.16295 17.1962 34.1683 7.10199 2.38758 32.0086
2.30431 -13.4083 -39.0179 5.92398 3.93073 -33.7756 3.17075 13.5568 39.5594 6.18756 4.45145 33.9194
3.69057 -14.281 -43.0804 4.67649 6.16918 -29.1613 3.89457 14.3207 43.5079 4.83909 6.1874 29.3068
4.15798 -17.8602 -43.7095 4.3173 6.31818 -26.0482 4.22146 17.9135 44.4526 4.56359 6.34292 26.2834
4.70826 -20.7837 -44.0901 2.71217 5.29717 -20.0778 4.9399 21.1715 45.081 2.80268 5.32551 20.2849
4.3017 -21.637 -42.8579 1.46731 4.20897 -19.1183 4.88726 22.2553 44.378 1.5537 4.39325 19.3603
3.37386 -19.4651 -39.6554 1.13676 2.5451 -20.4533 3.56064 20.1781 41.3514 1.35019 3.42208 20.562
2.38374 -15.0574 -37.1758 0.684046 1.26951 -23.2027 2.42396 15.8233 38.8847 2.02508 1.92998 23.3133
2.03865 -11.4084 -35.9283 0.218524 0.865576 -23.7233 2.04386 11.9989 37.725 0.726151 0.910066 23.9141
1.36166 -9.19229 -35.46 0.374016 0.819963 -22.218 2.17729 9.7297 37.1992 0.736177 0.992062 22.5601
0.825991 -8.70823 -34.2668 1.57966 0.555163 -20.5046 3.06792 9.1424 35.8413 1.67162 0.988562 20.9822
-0.908839 -7.35388 -34.3286 0.68191 -0.0415411 -18.6241 1.77194 8.03788 35.9152 1.11349 1.57632 19.3634
-1.99723 -6.40739 -33.5701 0.452627 -0.902731 -18.8607 2.51656 7.56398 35.3111 0.728512 1.54117 19.7099
-0.907528 -6.2215 -31.6997 -0.100346 -1.45351 -18.8353 1.16502 7.63449 33.2974 1.03721 1.53311 19.8129
-0.329936 -6.41811 -31.8459 -0.498025 -1.58122 -18.5924 0.546914 7.8756 33.7466 2.17098 3.46491 19.4961
-0.30371 -7.21562 -31.2306 -1.39568 -3.29107 -18.8966 1.31071 8.21195 33.375 2.94988 3.47584 19.7893
-0.00628554 -6.65756 -30.7072 -1.56303 -3.09756 -18.3183 0.825795 8.17453 33.0263 2.52401 3.26246 19.0985
-2.14804 -7.08859 -29.4498 -3.15748 -3.09984 -16.8232 2.49683 8.20668 31.4804 3.33285 3.20212 17.63
-3.81957 -7.09867 -29.7129 -2.61358 -1.9047 -16.5602 4.54739 8.17635 31.5085 2.67257 1.9725 17.3394
-2.59164 -6.61606 -31.4475 -2.22497 -1.75773 -16.4487 3.43356 7.62142 33.2525 2.34156 2.07177 17.2144
-2.27852 -7.39193 -32.7503 -2.81714 -1.04162 -14.9661 2.85465 8.37285 34.4153 2.92823 1.15902 15.5971
-1.15696 -7.82667 -33.5116 -1.8332 -0.770197 -14.2376 1.55364 9.14088 35.1518 2.16894 1.30804 14.851
0.176885 -8.5767 -33.9934 -1.36086 -0.646813 -14.9096 1.01689 9.85426 35.6837 1.75883 1.52719 15.449
0.330652 -8.79043 -35.2213 -1.48662 0.278209 -15.3369 2.02335 10.065 37.1207 1.66102 0.976434 15.8764
0.454023 -9.11721 -34.401 -0.272606 1.41644 -16.1609 2.83377 10.1826 36.1291 0.827748 1.8014 16.7507
0.339809 -9.00516 -34.5186 0.709599 1.57396 -16.2307 2.69456 9.91982 36.2492 1.02958 2.14061 16.8688
0.557277 -9.91739 -34.3969 1.32179 1.30913 -16.2599 2.40415 10.6994 36.0653 1.53687 2.00937 16.9364
-2.21595 -7.29237 -22.8883 -3.826 -4.19082 -10.2384 2.87478 7.4284 24.1654 4.00661 5.47668 10.6839
-1.1787 -3.87493 -17.1321 -6.5611 -3.37468 -6.88423 1.78337 4.04473 18.3347 8.24236 3.48818 6.92816
1.61751 -2.11995 -9.31748 -3.50137 -1.21872 -3.22535 2.3638 3.28938 10.1063 4.03441 2.21529 3.37631
1.83002 -2.10689 -7.3233 -1.33893 0.751596 -3.133 2.20143 2.70629 7.82252 2.12375 2.05342 3.38688
0.546708 -2.18308 -4.90017 -17.0521 -23.6215 -3.34674 0.744711 2.44512 5.30814 17.0534 23.6953 4.44719
-1.94965 -3.75057 -1.71348 -19.9554 -25.3052 -1.0481 2.47786 4.21038 2.49943 20.0291 25.532 3.75032
0.589032 -3.60969 -1.11248 -23.6229 -22.1137 2.15273 4.3294 3.76036 2.23234 23.9409 22.7949 2.99185
-2.64666 -0.462417 0.171974 -27.2224 -20.1264 6.08231 2.87539 1.98286 2.56185 27.4927 20.9353 6.64363
-20.5444 0.820223 2.70091 -28.0138 -19.1995 5.43482 21.0524 2.35552 3.00257 28.3485 19.8092 5.81775
-25.6753 7.21725 4.64154 -30.9893 -18.6103 3.45242 26.2873 7.84599 4.64792 31.1498 19.1067 3.55983
-23.3116 5.67815 4.98797 -30.8704 -20.4292 3.25639 24.3452 5.87466 4.99266 30.9788 20.9083 3.38477
-21.1225 6.04543 4.3262 -32.0557 -23.077 3.51723 22.4443 6.67846 4.39896 32.0755 23.5277 3.60553
-19.6075 4.35533 4.06427 -33.3733 -25.2635 4.67703 21.0831 4.81025 4.06841 33.5917 25.7473 5.13279
-18.4995 4.22362 2.8896 -35.6124 -24.5175 6.08183 20.0524 4.76902 2.90042 35.8517 25.1643 7.66595
-18.1092 4.69623 2.50339 -35.2642 -20.7355 5.50294 19.2328 5.36032 2.5979 35.4479 21.4495 6.40387
-18.7982 4.09984 1.3004 -34.4779 -17.9738 4.82213 19.7421 4.61513 1.41778 34.5508 18.6936 5.47787
-18.7538 3.96105 0.491475 -32.7352 -17.0643 3.64974 19.4217 4.39973 0.885994 32.774 17.628 4.2398
-19.9645 3.12778 0.20443 -29.8567 -15.8337 2.72893 20.5807 3.18115 0.873767 29.9099 16.1535 3.45278
-18.9495 1.60519 0.0129919 -27.0328 -14.2412 1.92834 19.4127 1.62419 1.02892 27.0691 14.3547 2.79312
-19.0086 0.770137 0.0679152 -25.9057 -13.5815 0.981986 19.3476 0.935366 0.547965 25.9692 13.7037 1.67702
-18.4646 -0.0690131 0.588078 -24.8834 -12.2278 0.229516 18.7936 1.24976 1.23282 24.9226 12.3075 0.76969
-16.4744 -0.662338 0.225904 -23.6889 -11.9339 -1.89017 16.687 1.91465 1.29966 23.7098 11.9908 2.4212
-15.4714 -1.28346 0.503035 -22.7168 -12.5459 -2.4035 15.6175 2.03294 0.57617 22.7633 12.6189 3.12721
-14.9818 -1.71676 0.142682 -22.4601 -11.1507 -1.78866 15.1902 2.31903 1.062 22.5515 11.1748 2.84125
-15.3749 -3.29522 -1.24445 -23.5825 -11.3129 -3.19495 15.6186 3.66236 1.82265 23.6785 11.3288 4.45343
-15.2293 -3.791 -2.18677 -23.5999 -11.4964 -2.81316 15.4182 3.83718 2.19386 23.6379 11.5056 3.74943
-15.6541 -3.65242 -1.04435 -22.6039 -9.75862 -1.0777 15.7605 4.01684 1.30828 22.6183 9.77405 1.46273
-15.1738 -3.39181 -1.97041 -22.9366 -9.86881 -2.90443 15.3186 3.90538 2.37266 22.9469 9.89838 3.03832
-14.2892 -2.86169 -1.75013 -24.5125 -10.9943 -3.72361 14.4189 2.8784 1.90053 24.5211 11.0443 3.74406
-13.602 -3.49121 -2.23884 -24.972 -11.3158 -2.58818 13.8099 3.94828 3.07181 25.0071 11.3561 2.9496
-13.5864 -2.47878 -2.18797 -25.3887 -11.3015 -1.77882 13.8564 2.78642 2.66469 25.4301 11.3163 2.51803
-13.7943 -1.73922 -1.90821 -25.3596 -11.7071 -1.19384 14.0483 1.9929 2.23988 25.3934 11.7429 1.49488
-14.4098 -0.764108 -0.854553 -26.4421 -12.1527 -0.23444 14.7039 1.6306 1.75053 26.4608 12.2659 0.939243
-13.9791 0.453477 0.0851442 -27.3669 -12.6256 -0.345787 14.2517 1.00917 1.0128 27.3811 12.7723 1.71862
-13.4704 0.565841 0.485601 -28.0592 -13.5407 -0.206306 13.7475 1.27015 1.04166 28.0742 13.7476 1.524
-13.6051 0.833869 0.973308 -28.5107 -14.2588 0.3962 13.8872 1.40615 1.39509 28.5401 14.4742 1.21336
-13.5301 1.27111 1.06686 -28.3696 -14.3555 1.08415 13.9361 1.63828 1.33902 28.4361 14.6166 1.49789
-8.31158 -5.04182 -8.97105 -16.9238 -7.94203 -0.445022 8.68247 5.28453 9.10681 16.928 8.20516 1.18371
-4.93608 -5.87047 -7.86247 -9.06038 -3.90139 -2.60155 5.18858 6.45351 7.92735 9.21315 4.27394 3.34431
-2.01119 -0.878667 1.01381 -5.96857 -2.79218 -0.367205 2.1667 1.42998 1.6787 6.30322 2.95474 1.83038
-2.01134 -0.179304 2.9423 -6.05956 -2.76196 -0.934897 2.16405 1.58112 3.33846 6.25838 3.01647 1.70055
-1.88092 2.92862 4.2078 -6.4773 -2.84322 -0.355723 2.01294 3.86459 4.46495 6.66471 3.30859 1.63818
-2.36988 -0.113535 -11.4078 -5.78429 -2.6119 0.919205 3.11659 1.36863 11.7512 6.09212 3.18189 1.59771
-1.97228 -19.3016 -20.8562 -7.811 -2.24529 -1.44801 2.42526 19.425 21.324 8.47982 2.82147 2.95414
3.1721 -24.5493 -28.9667 -3.44581 -1.40977 -16.8412 3.41662 24.8013 29.4213 3.64715 1.8199 16.9868
2.68221 -20.2126 -33.688 1.03552 -0.878164 -24.8253 2.99155 20.2323 34.358 2.73957 0.953016 24.9543
3.31768 -16.4208 -35.3328 5.79217 2.24681 -26.4644 3.3311 16.4285 36.2049 6.73785 2.27446 26.6319
3.30704 -16.2516 -40.0158 6.26929 3.69302 -26.1416 3.75742 16.292 40.5208 6.44222 3.74988 26.228
4.08918 -16.5525 -44.2562 4.83506 5.65022 -23.1387 4.10478 16.5875 44.779 5.03561 5.67617 23.2822
4.27258 -18.814 -44.695 4.40762 5.87363 -20.5994 4.28234 19.078 45.2167 4.60318 5.90582 20.7297
4.86989 -20.1098 -44.5481 3.5499 4.85019 -19.0362 5.00216 20.5436 45.2663 3.77719 4.89786 19.1423
4.16798 -19.1348 -43.1327 2.65435 4.00671 -19.3764 4.30672 19.6312 44.0549 2.88279 4.0237 19.4885
3.18084 -16.8767 -40.7511 1.64911 3.45168 -21.1307 3.2401 17.3666 42.0129 1.99859 3.45935 21.2786
2.66733 -15.0952 -38.4539 1.21541 2.99889 -21.6131 2.72933 15.5544 39.8114 1.96968 3.12735 21.8457
2.10472 -12.5694 -37.1486 1.28794 2.32904 -20.7038 2.35617 13.0563 38.4986 1.76701 2.45687 21.0418
1.27554 -11.1361 -35.8872 1.38463 1.91247 -19.0281 3.31014 11.5579 37.2255 1.42896 1.9264 19.4092
0.370493 -9.92041 -36.0483 1.05783 1.45006 -18.4806 2.68652 10.4657 37.4228 1.21452 2.02683 18.9665
-0.768113 -8.20903 -36.635 0.14564 0.500618 -18.137 1.75145 8.90392 38.0894 0.519747 1.26004 18.7291
-0.557983 -7.81402 -34.1491 0.63479 -0.122196 -17.2028 1.0807 8.82426 35.445 1.29631 0.610693 17.8819
0.233559 -7.54075 -33.6703 0.0550994 -2.13219 -17.7468 1.72772 8.61543 35.2957 1.63503 2.4512 18.36
-0.492761 -7.51026 -32.932 0.46589 -3.02986 -18.3692 2.6792 8.36494 34.8177 1.88442 3.19278 18.9648
-1.27169 -7.02464 -32.7924 -0.809515 -2.17765 -18.2176 1.71331 7.83757 35.0387 1.51838 2.1983 18.9648
-0.680736 -6.29201 -31.6156 -1.24348 -2.35286 -18.2529 2.09498 7.11505 33.8074 1.59795 2.3778 19.0759
-2.32952 -5.98198 -30.7821 -1.39983 -2.38375 -18.1335 3.67282 6.51151 32.8658 1.63443 2.43855 18.9284
-1.9365 -6.69702 -31.6971 -2.55099 -2.77119 -17.0976 2.25789 7.52364 33.6952 2.71796 2.77319 17.6882
-1.94363 -6.8343 -32.7357 -2.63978 -3.06381 -15.9123 2.20827 7.88847 34.7775 2.84005 3.18531 16.4525
-1.55404 -6.87392 -32.958 -2.49467 -3.19177 -15.8755 2.85217 8.04723 35.0372 3.13801 3.47671 16.3182
-1.52569 -7.15449 -34.4705 -2.31412 -1.83313 -15.1799 1.77121 8.1454 36.6486 2.64181 1.97207 15.6301
-0.955677 -6.74505 -33.7373 -1.87406 -1.31484 -15.6403 2.55994 7.57672 35.7748 2.15084 1.98742 16.1567
-0.313318 -7.21353 -33.7752 -1.26468 0.309857 -15.4867 5.19914 7.80404 35.6778 1.47139 1.35951 16.0205
-0.317773 -8.08982 -35.4318 -0.377491 2.0546 -15.2919 3.02769 8.44514 37.4628 1.01559 2.63503 15.7806
0.000342514 -8.93094 -35.2878 0.336442 2.19155 -15.2748 2.20237 9.29651 37.2205 0.816733 2.7479 15.7972
0.351601 -9.92716 -36.0943 0.956423 1.58808 -16.1969 1.89157 10.3359 38.0949 1.10303 2.2243 16.5424
0.900589 -9.45929 -35.8157 1.32111 1.53099 -16.0026 1.75012 9.93007 37.9089 1.44552 2.06463 16.3993
-1.49937 -5.39596 -22.6574 -4.31545 -5.52455 -9.71025 2.54727 5.4499 24.1412 4.88994 6.06233 9.81605
-0.00063348 -3.2516 -15.8703 -6.86503 -3.32614 -5.74662 1.98803 3.28626 16.9019 8.02231 3.37376 5.77722
2.77444 -2.10235 -8.8754 -2.94696 -0.500584 -2.93525 3.21828 2.68793 9.77801 3.21136 2.10829 3.12562
1.28064 -2.84878 -6.17435 -1.1796 0.607779 -2.02001 1.82912 3.80485 6.62909 2.36402 1.61953 2.35401
0.433033 -2.96808 -5.70237 1.71395 -0.0735686 -1.97962 0.53404 3.56131 6.13953 3.48871 0.417885 2.46515
-1.96349 -3.72584 -4.9873 -11.0599 -21.4258 -3.43179 2.82699 4.15749 5.24103 11.3203 21.4297 3.872
-3.12183 -3.91829 -2.68555 -6.28667 -21.1394 -0.353344 3.82076 4.17957 3.16466 7.14908 21.71 1.13571
-17.3526 -4.75088 -0.268442 -14.0637 -19.731 0.973504 17.9878 4.81434 1.1818 14.2616 20.9488 1.61234
-18.6741 -2.19708 3.7857 -10.2594 -20.0949 2.43637 19.7881 2.54978 3.99732 11.2636 21.3903 2.5447
-15.777 0.240261 5.29763 -8.05057 -16.5807 3.02884 17.5691 1.0822 5.32763 9.85449 18.6388 3.40367
-14.4613 3.94157 4.72999 -15.2213 -15.7112 4.83386 16.6038 4.58465 4.77542 17.783 18.1285 5.15733
-15.3873 6.90184 2.71665 -30.1249 -17.6603 5.98437 17.5581 7.639 2.77117 30.7716 20.3032 6.44457
-17.3149 7.53232 2.21832 -34.8904 -15.758 6.56804 18.7312 8.35095 2.37257 35.0202 18.1273 7.35285
-20.7813 6.42261 1.86486 -37.9518 -16.0636 6.6233 21.582 7.49025 2.05768 38.1198 17.6985 7.61741
-21.0406 5.88114 2.15197 -39.6211 -17.5573 4.90132 21.6075 6.72983 2.26026 39.736 18.5033 5.43232
-20.569 5.09685 1.9449 -37.5883 -18.6154 4.19386 20.9416 5.9135 1.94606 37.665 19.1596 4.76699
-19.8596 4.5438 1.73394 -36.1981 -17.698 3.69077 19.9701 5.14982 1.88225 36.2131 18.0424 4.29373
-18.7653 2.9682 1.44098 -34.8491 -16.5364 3.22007 18.8577 2.97346 1.68241 34.8648 16.6632 3.69772
-18.6891 0.732634 1.10629 -33.9475 -15.5572 2.26246 18.8198 0.741695 1.41544 33.9713 15.6624 2.77239
-17.608 0.506413 0.287631 -34.4141 -13.2395 0.515862 17.6674 0.630549 0.607084 34.4246 13.2708 1.4877
-16.2744 -0.115677 0.172969 -34.3922 -11.8936 0.163651 16.313 0.420997 0.565732 34.4053 11.8951 0.694446
-15.321 -0.272506 0.599148 -35.2471 -11.5917 -0.428378 15.3668 0.513081 0.756428 35.2846 11.5924 0.520368
-15.4301 -0.925009 -0.092861 -34.0871 -10.2707 -0.963847 15.4621 0.994699 0.763599 34.1791 10.3005 1.05938
-15.6428 -1.00585 0.100279 -34.1965 -9.71401 -1.79253 15.6898 1.12992 0.874255 34.2786 9.78058 1.84219
-15.7005 -2.62764 -0.940052 -32.6799 -9.62343 -3.88838 15.7929 2.70887 1.51452 32.7567 9.66646 3.90034
-15.3656 -2.47913 -1.38994 -32.7108 -8.41836 -3.95007 15.4471 2.79804 1.8372 32.8096 8.54306 3.9829
-15.0612 -3.75834 -0.816655 -33.2694 -7.40128 -1.12195 15.1331 3.81791 1.55431 33.3609 7.57106 1.35221
-14.6582 -3.3976 -1.493 -34.0039 -7.19627 -2.23657 14.7618 3.55152 1.71398 34.107 7.29545 2.36149
-15.2659 -2.61822 -2.24419 -34.8675 -6.82837 -2.23706 15.3491 2.75904 2.45299 34.9594 6.91485 2.24581
-14.9837 -2.91274 -2.14308 -34.488 -7.01331 -2.42343 15.0682 3.03124 2.4901 34.5885 7.14798 2.45595
-15.2085 -1.81447 -2.24768 -33.6694 -7.15143 -2.34106 15.2949 2.01845 2.57815 33.791 7.324 2.4391
-14.8307 -1.48685 -1.49473 -33.3596 -8.05258 -2.0339 14.9507 1.85602 2.14145 33.4825 8.15019 2.24227
-14.9916 -1.10141 -0.299718 -33.1382 -8.6787 -1.1153 15.0445 1.32356 1.07925 33.224 8.71584 1.33681
-16.0543 -0.672924 0.144765 -33.2794 -8.95831 -0.592578 16.1053 0.959412 1.0676 33.333 8.9671 1.45659
-16.0149 -0.228223 0.249918 -33.0697 -9.46946 -0.242981 16.0658 0.664962 0.939976 33.0993 9.48155 0.802595
-15.8984 0.749357 0.338798 -33.6211 -9.88554 0.584755 15.9285 0.960711 0.952357 33.6398 9.90341 0.930644
-16.3553 1.6052 0.655051 -33.2818 -10.8582 1.41607 16.4057 1.68366 1.06465 33.2982 10.9199 1.56821
-9.73734 -3.3856 -7.60197 -21.8965 -7.18588 -0.267526 9.80779 3.5518 7.69324 21.8996 7.27372 0.852295
-4.60089 -6.90124 -8.72256 -12.7044 -4.19838 -2.81486 4.71984 7.31428 8.80152 12.759 4.50731 3.47922
-1.51819 -2.00075 -0.277759 -7.09943 -2.73815 0.185269 1.75625 2.45005 0.951255 7.28414 3.00658 1.43147
-0.865842 -0.0708993 1.50125 -5.65442 -2.26879 0.348308 1.09588 0.653558 2.25317 5.79143 2.58638 1.02622
-2.1711 -22.6846 -14.0125 -4.18399 -0.995848 -0.355101 2.37233 22.9158 14.0987 4.19841 1.37459 2.50215
-0.540526 -20.0189 -22.9461 -2.93634 -3.00807 -11.733 0.647603 20.0275 23.0383 3.30591 3.24528 11.8053
2.54177 -25.9497 -33.3274 -1.48099 -2.2096 -16.7246 3.01665 25.9721 33.4797 2.03322 2.34001 16.7956
2.75764 -22.5999 -33.6226 1.3744 0.500995 -22.681 2.97285 22.6038 34.1847 1.82214 0.911367 22.7539
3.18013 -23.9267 -34.9132 5.41238 2.94299 -23.8715 3.89143 23.9439 35.1859 5.80181 3.0178 23.9539
3.35068 -21.3505 -38.5901 5.43469 4.30022 -22.0301 3.59037 21.3626 38.9739 5.73661 4.3435 22.0726
4.25296 -23.2984 -39.9049 4.74214 4.75343 -18.5664 4.30874 23.4632 40.3176 4.97865 4.76611 18.5728
4.94409 -24.7108 -44.4351 4.4221 4.90183 -17.4637 4.97094 25.0505 44.8318 4.55879 4.93829 17.4706
4.50967 -24.2406 -48.0124 3.66522 4.43379 -17.9218 4.5568 24.7816 48.5308 3.96327 4.45811 17.9431
4.46917 -21.3821 -49.4492 3.73538 4.26376 -19.9098 4.48149 21.987 50.0044 4.21701 4.26874 19.9787
3.85738 -20.1663 -47.3292 3.29007 3.87839 -21.7511 3.85935 20.7795 48.0151 3.80722 3.88219 21.9186
3.41966 -17.1721 -46.2244 3.02724 3.54106 -22.7895 3.45169 17.859 47.1368 3.58148 3.66028 23.1396
2.91389 -15.0593 -41.9963 2.28224 3.00869 -23.6085 2.93361 15.8867 42.7433 3.06445 3.23627 24.0747
1.94665 -12.3078 -40.8941 1.53329 2.4301 -23.8387 2.0192 13.5259 41.9384 1.93445 2.62357 24.3901
0.836623 -11.5746 -40.3643 0.456566 1.87558 -22.2523 2.06617 13.1019 41.4903 0.570589 1.94563 22.9111
0.0752196 -10.9761 -38.2371 0.77891 1.17999 -21.2904 2.24391 12.2955 39.3992 0.834448 1.26439 22.0458
-1.09325 -9.82439 -38.4964 0.235935 0.725867 -21.2377 1.62968 11.4111 39.8449 0.954954 1.07198 22.0423
-0.994852 -7.95132 -38.6845 0.330135 -0.638946 -19.4723 1.35982 10.0085 40.0626 0.497471 1.79273 20.402
-0.617749 -6.86917 -36.1272 0.432943 -2.76512 -19.2431 3.47338 8.46309 37.3436 1.52633 2.94007 20.1578
-1.72868 -6.02849 -36.1594 -1.45691 -3.16097 -20.5406 2.52883 7.59123 37.6871 2.33821 3.19013 21.3483
-1.47041 -6.44424 -35.7125 -1.61533 -2.02831 -20.11 1.56622 7.99222 37.5585 2.63136 2.06721 21.0254
-0.287685 -5.29815 -34.3806 -2.36863 -2.58147 -19.6044 1.57008 6.60381 36.1605 2.64349 2.61556 20.5362
-1.50013 -5.32321 -33.3011 -2.70269 -2.54175 -20.4792 1.8583 6.73632 35.1118 3.02262 2.63144 21.2677
-2.15295 -5.03011 -33.6059 -2.00866 -2.77588 -19.9871 2.28214 6.28443 35.2791 2.25097 2.81904 20.8182
-2.54377 -5.04165 -33.6698 -1.7064 -2.64347 -19.2634 2.5578 6.58899 35.4315 1.95891 2.70101 20.065
-1.60293 -4.47593 -34.6943 -2.58057 -2.46033 -18.0931 1.75065 5.8024 36.8305 2.71729 2.58522 18.9087
-1.96926 -2.52197 -33.2583 -1.99781 -1.493 -19.0224 2.09861 3.5381 35.1471 2.21216 1.54983 19.8553
-1.30195 -3.09897 -34.5505 -1.66404 -0.736383 -20.4167 3.24879 4.24319 36.7452 2.10194 1.30798 21.2397
-0.570947 -2.85732 -35.0971 -1.47737 0.427068 -20.696 3.37019 3.96233 37.1187 1.81192 1.31758 21.7255
-0.183814 -3.9566 -35.5164 -0.488011 1.84568 -20.5659 2.84188 4.95432 37.7069 1.04998 2.38739 21.5167
0.208556 -4.64012 -36.1811 0.39462 1.62239 -20.8004 2.23308 5.49289 38.2165 0.747271 2.02709 21.6641
0.698539 -5.53114 -35.8307 1.05948 1.47389 -20.7743 2.23826 6.42367 37.9441 1.38443 1.90053 21.565
1.14142 -5.19079 -36.1757 0.83713 1.74235 -20.8371 2.29091 6.01944 38.2794 1.34811 1.96542 21.6324
-1.853 -4.02105 -22.7957 -3.87978 -6.27231 -13.4431 3.1159 4.12316 24.1856 4.31273 6.94744 13.801
-0.866205 -2.85893 -16.7724 -6.74923 -5.00528 -8.22976 1.87102 2.93744 17.9587 8.2706 5.06861 8.35062
2.09097 -2.15798 -8.31284 -2.24804 -1.35108 -3.36683 2.43216 2.79622 9.39205 3.19017 2.63814 3.43957
2.28416 -1.34699 -5.86277 -0.927255 -0.125869 -2.28023 2.31246 2.0594 6.6266 4.62691 1.81012 2.5104
2.07339 -3.48048 -3.7358 3.10454 -2.3168 -3.33923 2.43236 3.70886 4.08523 4.66001 2.5003 3.49389
1.27007 -5.81602 -2.24817 0.825508 -19.3613 -6.40063 2.12745 6.02119 2.69974 1.7948 19.393 6.46017
-0.233619 -8.52429 -1.04978 -21.3059 -21.0283 -2.3639 0.981098 8.60865 1.97053 21.8668 21.4936 2.96844
-1.54171 -4.96404 0.847248 -29.9904 -26.4615 1.11287 2.52147 5.47333 2.15611 30.4881 27.271 1.22353
-1.86084 0.832984 1.54985 -37.514 -18.6454 5.65532 2.65064 3.34703 2.45996 38.278 19.3943 5.80737
-15.1374 3.4009 2.51778 -32.5176 -22.3557 7.12579 15.1915 4.07064 2.78093 33.5384 22.8239 7.41035
-24.7484 6.58469 4.45589 -34.2403 -21.1405 5.84586 25.1712 7.22398 4.46397 34.7387 21.2565 6.1671
-25.7522 6.09769 4.76409 -32.7169 -23.9041 3.35038 26.3478 6.59752 4.87116 33.1739 24.2111 3.38457
-21.2212 6.05252 4.97539 -33.3432 -25.2341 3.04883 22.1537 6.29757 5.07049 33.4432 25.4968 3.05373
-17.7595 4.70814 4.16936 -36.2427 -24.7916 3.66556 19.0685 4.90847 4.26903 36.263 25.2473 3.71135
-15.6549 4.17989 2.91583 -36.8152 -23.1135 5.38759 17.1068 4.55173 2.96291 36.8807 23.5161 5.51915
-16.1819 4.1639 1.77186 -37.0598 -18.5512 5.59162 17.4566 4.57159 1.79238 37.1475 19.0431 6.02349
-16.6421 4.39568 0.923609 -36.1949 -14.4 4.05901 17.4524 4.82459 1.13308 36.2433 14.8714 4.25293
-18.1829 4.0507 0.154035 -34.6228 -13.3162 3.07137 18.763 4.30889 1.36416 34.6397 13.6685 3.07915
-19.856 2.22682 -0.306425 -31.4129 -12.7206 1.94597 20.2238 2.42193 1.08233 31.4201 13.0432 1.9594
-20.1334 1.38736 0.0708239 -28.369 -10.8806 0.768092 20.438 1.4037 0.450154 28.3993 11.03 0.863379
-19.8753 -0.162959 -0.0416445 -26.6843 -10.0603 0.219558 20.0918 0.953828 0.61586 26.7297 10.1234 1.43239
-18.9164 -0.86937 0.798058 -26.7794 -9.52632 -0.43892 19.2225 1.78689 0.882068 26.8251 9.62158 2.20486
-18.3071 -1.63008 0.946822 -25.5877 -8.72602 -1.64808 18.8042 1.93823 1.15879 25.6458 8.95084 2.21599
-17.6858 -2.2756 0.455409 -25.0537 -7.55557 -2.93796 17.9852 3.56845 1.956 25.1044 7.94879 3.6682
-17.4011 -2.24393 -1.06068 -25.8008 -6.59339 -3.44454 17.7591 2.96631 1.69986 25.8915 6.89819 3.95819
-17.5293 -3.047 -2.2229 -26.7595 -6.04712 -2.05654 17.9204 3.0524 2.29694 26.9131 6.31692 3.20095
-18.0148 -3.14768 -0.9298 -25.6654 -5.41418 -1.52129 18.2246 3.59042 1.18315 25.9306 5.54466 3.01292
-17.6331 -3.55936 -2.06181 -25.727 -5.78235 -2.74634 17.9199 3.60476 2.10432 25.9203 5.88855 3.98627
-18.0566 -2.90935 -1.91572 -24.7635 -6.87 -2.74611 18.4333 2.97204 2.11159 24.89 6.96598 3.11597
-17.045 -2.61648 -2.04883 -25.085 -7.51667 -3.1457 17.4153 3.12095 2.46222 25.1753 7.63952 3.17391
-16.4568 -1.46941 -1.79314 -25.0746 -7.26147 -2.69141 16.7996 2.49303 2.3286 25.1971 7.41974 3.00047
-16.949 -1.39788 -1.17993 -26.3988 -7.27273 -1.36841 17.3955 1.41036 1.89932 26.5554 7.40044 1.76676
-17.0647 -0.909261 -0.278366 -26.9875 -7.78911 -0.479391 17.3797 1.19164 1.0111 27.1293 7.88679 1.17047
-17.2387 -0.462685 -0.0789328 -27.469 -7.80952 0.242099 17.557 0.809478 0.964816 27.562 7.89581 1.03494
-16.9046 -0.0962905 0.123766 -28.8796 -8.21054 0.593295 17.2424 0.562118 0.894127 28.9224 8.33107 1.03289
-17.1955 0.60139 0.31082 -29.0283 -8.89612 0.909523 17.5671 0.946668 1.01976 29.0568 9.06559 1.2075
-16.9757 1.47334 0.573192 -28.69 -9.51643 1.31661 17.3351 1.76281 1.06078 28.726 9.77258 1.59625
-9.64388 -5.25441 -7.72365 -18.6571 -5.72618 -1.45259 9.98408 5.28092 7.78533 18.712 6.06598 2.30472
-5.31517 -6.67161 -6.92062 -10.7096 -3.3084 -3.80272 5.55825 6.87772 6.96022 10.9286 3.54903 4.67959
-2.12373 -2.0439 0.660479 -6.58513 -2.70625 -0.58572 2.2074 2.13308 1.36549 6.90836 2.82394 1.78957
-0.804285 -0.0534328 1.61961 -5.37718 -2.51834 -0.547007 0.828168 0.612402 2.87411 5.65587 2.719 0.828925
-0.807408 -17.2258 -7.56796 -5.00537 -2.23843 -1.06875 0.834462 17.5496 8.31691 5.25118 2.71054 2.36126
-1.69164 -17.4132 -16.2647 -5.19338 -2.73117 0.147859 1.74054 17.5171 16.3077 5.66333 2.95446 0.798899
2.81525 -21.4091 -21.7913 -5.0552 -2.75516 -21.2133 2.81846 21.476 21.9002 5.46684 3.27321 21.3349
2.56211 -18.828 -30.0211 -0.0542101 -1.98379 -24.4385 2.84451 18.829 30.4568 2.71333 2.02819 24.61
2.75238 -14.9574 -30.4378 3.71524 1.70098 -27.6537 2.9067 15.0527 30.9156 5.23375 1.87774 27.7693
3.67401 -15.2125 -37.1575 6.06169 3.25943 -25.6815 3.99087 15.225 37.3863 6.64311 3.32719 25.782
4.22484 -10.4917 -40.3807 4.66654 5.49163 -22.4677 4.28633 11.0204 40.7068 4.8344 5.50708 22.5919
5.37911 -11.6534 -42.1434 3.3572 5.89094 -21.7607 5.4564 12.3726 42.5318 3.44296 5.97235 21.923
4.26022 -12.0168 -42.8414 3.04941 6.24381 -20.5624 4.40091 13.5087 43.4189 3.08515 6.36836 20.7279
4.10455 -20.1465 -39.642 3.25389 5.039 -22.6255 5.02575 21.4354 40.3807 3.45554 5.16187 23.1188
2.22104 -27.7684 -39.9378 3.37273 2.847 -21.978 2.82125 28.3661 40.7606 3.75052 2.99627 22.4869
3.66772 -26.0403 -37.7455 3.88481 1.3936 -23.1765 3.80905 26.4792 38.4871 4.26459 1.68895 23.672
2.31467 -17.7532 -37.7484 2.4097 0.502687 -26.3019 2.48865 18.0855 38.3776 2.88117 1.07398 26.8088
1.77231 -12.7603 -40.6308 1.43467 0.958632 -25.9399 1.97238 13.0199 41.3346 2.03567 1.45763 26.4339
1.48245 -11.2321 -41.6235 0.48682 2.76117 -24.4378 2.06915 11.6037 42.23 1.69407 2.79574 24.8132
1.80392 -11.6422 -39.1202 0.479337 2.68584 -23.5064 1.81015 12.3132 39.639 2.28647 3.56883 23.774
0.931289 -11.816 -37.4405 0.0963558 1.02203 -22.9162 1.71631 12.5633 38.0748 1.62421 1.5159 23.2073
-0.53045 -12.0575 -35.7319 -0.438894 -0.30273 -22.5411 1.25902 12.9687 36.4739 0.983549 2.0604 22.8901
-1.80706 -11.7567 -32.1298 -0.346236 -1.77264 -22.7389 2.35162 12.7606 32.8313 1.09273 2.01924 23.161
-1.86413 -12.9063 -30.3281 -1.03156 -2.84344 -22.4884 2.44778 14.1232 31.2533 1.60033 3.03801 23.004
-1.7777 -13.2713 -29.8788 -0.991833 -3.31177 -19.3978 2.20327 14.4858 30.7808 1.66705 3.44996 19.9399
-0.335956 -12.5527 -29.3392 -1.78277 -3.50732 -19.2733 0.855044 13.6529 30.2505 2.09031 3.62832 19.8282
-1.49246 -11.2414 -29.7406 -1.94132 -2.78249 -18.765 3.91609 12.3968 30.4381 2.46101 2.95223 19.2469
-3.07618 -11.3109 -29.1082 -1.91092 -1.83276 -17.3732 4.76907 12.2984 29.7437 2.10438 3.03236 17.8176
-3.08825 -11.6598 -29.7902 -2.19597 -1.67788 -17.3417 3.63918 12.6355 30.4664 2.37234 1.84758 17.7827
-1.77234 -10.8218 -29.1492 -1.82057 -1.44616 -17.9429 2.17226 11.6383 29.6881 2.00881 1.98729 18.3142
-0.558765 -10.7968 -29.2785 -2.32654 -1.84584 -18.313 2.87029 11.6961 29.8827 2.92434 2.7518 18.6768
-0.28033 -11.3651 -28.9544 -1.5435 -1.33067 -18.2663 1.35862 12.2932 29.5298 1.96465 1.90177 18.6834
-0.278077 -12.2782 -29.7633 -0.859715 -0.210352 -18.3899 1.98024 13.1675 30.4689 1.28985 1.27671 18.8531
-0.486475 -11.6126 -29.0372 -0.360843 1.55991 -18.6604 3.10922 12.737 29.6445 0.713317 2.08983 19.2017
-0.566735 -12.6449 -28.2249 0.694673 1.98875 -18.2769 1.73398 13.2224 28.6895 1.12321 2.44957 18.8946
0.00364918 -13.8133 -30.0952 0.552722 1.4648 -17.2489 1.71719 14.1957 30.6016 1.00603 2.08116 17.6871
0.987865 -14.7501 -32.6412 0.918983 1.51981 -16.4142 1.8452 15.215 33.2011 1.18829 2.06767 16.8531
-2.97982 -8.91022 -16.7371 -5.49824 -4.5817 -9.34815 3.42247 9.0277 17.3465 6.06196 4.86158 9.40491
-2.00774 -3.39111 -10.5357 -6.84206 -2.35583 -4.50346 2.11113 3.79102 10.7519 8.43196 2.59391 4.63039
1.74875 -1.91361 -5.76384 -1.29797 0.794115 -2.13727 2.85425 2.39292 5.98207 1.66037 2.16928 2.33899
0.0996162 -1.86371 -4.3247 0.217162 0.781915 -1.25846 0.734694 2.59945 4.72323 3.02139 1.3397 1.91837
-11.347 -3.65915 -2.62408 -17.2426 -2.00178 -2.23446 11.4024 3.81857 2.78911 17.4392 2.07915 3.09435
-16.8423 -1.68115 -1.27639 -23.5866 -22.5778 -3.54483 17.1642 1.86292 1.52927 23.692 22.6127 4.2497
-14.9729 0.291625 0.415608 -30.0991 -22.5968 -0.435591 15.3148 1.87264 0.839481 30.1268 22.8144 2.07752
-8.70508 3.51684 3.45472 -31.4919 -27.6903 2.3429 10.0374 3.54778 3.60071 31.4932 27.97 2.42874
-13.7021 4.01186 4.67251 -35.2838 -24.3897 5.61083 14.0344 4.21181 4.73481 35.3387 24.8034 5.82906
-19.3634 4.77579 4.42982 -34.716 -20.4667 6.00848 19.7145 5.08129 4.43378 34.7699 21.2227 6.31483
-21.3067 6.09003 3.29167 -36.5972 -15.6648 5.70288 21.4941 6.50461 3.30375 36.6979 16.6146 6.3575
-24.526 6.49583 2.88649 -38.6606 -14.3206 5.33346 24.7407 7.36715 2.97923 38.7492 15.1559 5.88964
-24.9332 6.4552 3.22785 -38.6341 -15.4277 4.66324 25.2748 7.35699 3.24952 38.6682 15.9163 5.33451
-24.51 5.26453 3.24299 -36.7597 -16.6032 4.91119 24.7904 5.9317 3.26746 36.7812 16.9809 5.99808
-23.0499 4.0284 2.60756 -33.3829 -17.5421 4.19105 23.2633 4.49 2.64438 33.4785 17.8278 4.66487
-22.4033 3.00903 1.70743 -31.6279 -15.5402 3.38655 22.6885 3.21911 1.90738 31.813 15.7557 3.54162
-20.9969 2.07203 0.758851 -31.1087 -13.6222 2.66453 21.3444 2.36444 1.09903 31.3169 13.8907 2.78467
-20.0139 1.51574 0.352799 -30.2958 -12.4442 2.00568 20.2354 1.81156 0.675134 30.5495 12.7322 2.28616
-19.5903 1.34443 0.304403 -28.8518 -9.98543 1.7625 19.8017 1.61839 0.706151 29.1502 10.1722 2.08749
-18.9614 0.464309 0.431621 -28.7741 -9.02091 0.811416 19.1975 0.5527 0.792572 29.052 9.15651 0.89616
-18.4594 0.184251 0.084933 -27.4045 -7.74645 0.19753 18.5921 0.467246 0.714326 27.6928 7.87895 0.580806
-19.0795 -0.294425 0.332061 -25.962 -6.95178 -0.832777 19.2224 0.398915 0.658669 26.2532 7.0797 0.912379
-19.4206 -0.420679 0.26778 -24.2718 -7.08819 -2.09365 19.4742 0.447222 0.677807 24.5586 7.26506 2.16487
-19.3136 -1.57159 0.426099 -23.4282 -6.66594 -2.31183 19.433 1.62666 0.541589 23.7576 6.97367 2.98935
-18.8374 -1.18779 -0.239465 -24.478 -6.74437 -4.45788 19.0124 1.55343 0.294288 24.8287 7.0132 4.46443
-18.8215 -2.17079 -0.649382 -22.8388 -7.72742 -3.54735 18.9995 2.22457 0.922834 23.2544 8.01323 3.55856
-17.9139 -3.87524 -0.332381 -22.0328 -7.71501 -1.95104 18.0414 3.93775 1.7097 22.557 7.97636 2.35432
-17.0851 -4.73872 -2.32309 -22.871 -7.25332 -3.16898 17.2261 4.74307 2.57748 23.4219 7.52715 3.49621
-17.0481 -3.51342 -1.5022 -23.4966 -7.17401 -3.00335 17.2247 3.52448 1.70657 23.8336 7.43112 3.33167
-16.303 -2.38117 -2.45029 -25.3356 -7.24424 -2.15365 16.4978 2.62049 2.73982 25.5471 7.51681 2.30689
-16.3647 -0.958195 -1.80495 -26.7885 -7.88293 -1.72169 16.5859 1.61364 2.18425 26.9567 8.07604 1.72801
-16.4366 -0.369234 -1.44278 -26.9456 -8.63598 -0.701558 16.6173 0.763153 1.74809 27.1217 8.82984 0.981183
-16.5273 -0.216281 -0.821671 -27.0026 -8.73119 -0.316139 16.627 0.623447 1.26922 27.2064 8.85876 0.919065
-16.7876 0.229968 0.00170882 -27.3862 -9.37383 0.0248228 16.8846 0.506341 0.987263 27.5847 9.45662 0.795773
-16.6896 0.692662 0.45026 -27.4283 -9.98954 0.362015 16.8397 0.700201 0.932384 27.5988 10.0803 0.842683
-16.4848 1.11428 0.976454 -27.9019 -10.5862 0.983738 16.6264 1.14399 1.30843 28.0386 10.6863 1.18649
-16.4794 1.48087 1.13436 -27.6567 -10.7814 1.46231 16.7021 1.53854 1.46053 27.7702 10.9913 1.57787
-6.53737 -4.73996 -10.1042 -14.6399 -5.18134 -3.09497 6.66299 4.96195 10.2175 14.76 5.50749 3.4552
-2.99721 -2.97937 -3.42588 -7.47425 -3.52175 -2.46081 3.11952 3.34706 3.59336 7.87553 3.86517 3.32318
-0.465333 -1.01444 -20.107 -5.54132 -2.20602 -0.618232 0.880879 1.33065 20.3184 5.91035 2.49692 1.22986
0.319707 -1.38478 -20.6601 -7.45186 2.07099 -2.32298 1.77237 1.65304 20.8695 7.53135 2.67658 2.74854
3.78475 -5.72004 -16.2149 -8.78143 3.56025 -1.89332 4.01616 5.76408 16.8271 8.79074 3.69365 1.89431
3.30663 -28.0033 -13.1715 -5.73675 2.70322 -2.81841 3.3902 28.1437 14.4614 5.75458 2.74851 2.96379
2.27605 -27.8657 -17.5605 -1.36215 1.02552 -28.7956 3.30554 27.8856 18.3294 1.67345 1.84502 29.0044
2.45645 -19.6031 -27.3234 4.2513 -0.409973 -31.153 3.02591 19.6346 27.8306 5.11058 1.57875 31.478
1.71597 -12.5224 -34.1082 6.8239 2.88571 -29.7063 3.32456 13.0199 34.34 7.53538 2.9752 30.0001
3.99484 -10.9325 -41.1781 4.57279 6.34013 -24.9458 4.52936 11.0765 41.4798 4.778 6.36423 25.48
5.2543 -14.6821 -42.417 3.86349 7.29028 -21.826 5.26846 14.7138 42.7733 3.9312 7.47101 22.5685
6.31434 -22.2218 -43.9361 3.53536 6.07929 -19.0467 6.39195 22.2821 44.6946 3.64481 6.19207 19.3991
4.81132 -25.102 -44.3449 3.98201 4.73428 -22.1774 4.91809 25.2987 45.1595 4.03419 4.88033 22.344
4.60504 -22.5228 -44.4668 3.3627 3.64924 -26.4272 4.67376 22.668 45.2692 3.75982 3.71279 26.5736
3.67781 -19.624 -42.7064 3.20445 3.65982 -29.1653 3.70995 19.7952 43.4478 3.59264 3.66807 29.2814
3.17718 -18.9492 -40.3728 2.14728 4.11713 -28.3719 3.25161 19.1847 41.008 2.30847 4.13947 28.4987
2.381 -18.6228 -38.0888 1.42561 3.30476 -26.5024 2.79053 18.9171 38.6589 1.62777 3.3117 26.6463
1.80594 -16.5492 -37.4097 1.18955 2.1426 -23.136 2.06297 16.9287 38.23 1.71551 2.15357 23.4026
1.10808 -14.438 -36.1145 1.08142 1.04682 -21.6652 1.30986 14.9041 36.8391 1.58291 1.15892 22.0414
0.706811 -13.8093 -35.3426 0.188142 0.413167 -21.916 1.14078 14.5973 36.1013 1.27137 0.817415 22.3214
0.218239 -13.4425 -32.4658 0.202103 -0.0112875 -20.3461 1.25399 14.2429 33.2121 0.897259 1.15088 20.8214
-0.659751 -13.5593 -31.6477 0.545766 -1.06133 -19.4111 1.83431 14.2933 32.463 0.825099 1.61816 19.8417
-2.12184 -13.3764 -31.2516 -0.06432 -2.08122 -18.0498 2.45188 14.1426 32.2093 0.602147 2.39754 18.5983
-1.60396 -12.679 -29.0442 0.991355 -2.64548 -19.0067 2.03788 13.5422 29.7732 1.66579 2.90709 19.6376
0.242476 -11.5774 -29.2361 -1.92753 -2.98611 -18.3085 2.04368 12.4766 30.0236 2.19832 3.12244 18.9519
-0.86998 -10.7351 -27.8601 -3.17887 -3.399 -18.2742 1.76892 11.5846 28.7812 3.40683 3.47418 18.8344
-2.29671 -11.4511 -26.2707 -2.95411 -3.00142 -17.39 2.34064 12.2564 27.0531 3.34787 3.01013 17.9015
-2.75184 -9.68204 -26.1254 -2.37185 -1.68906 -16.4151 3.14843 10.096 26.8263 2.59616 1.93183 17.0673
-2.2268 -9.39731 -25.4341 -2.07913 -1.83726 -16.4574 2.61417 9.9778 26.0419 2.32165 1.91893 17.0275
-1.31393 -11.0358 -25.0991 -1.79403 -1.91457 -17.057 1.537 11.881 25.7797 2.05991 1.96929 17.4356
-1.40121 -10.3608 -25.0003 -1.90251 -1.9769 -17.3322 2.72153 11.178 25.5263 2.19115 2.05416 17.7322
-0.98398 -11.4916 -26.7453 -1.33599 -1.1774 -16.4795 1.4232 12.2683 27.2925 1.77911 1.67846 16.7633
-0.668401 -12.9238 -27.4104 -0.678976 0.349071 -16.559 2.54053 13.609 27.9543 1.2982 1.28925 16.7991
-0.336174 -13.6828 -27.996 0.0246596 1.5443 -16.0645 2.83844 14.2251 28.6084 0.917727 2.10132 16.2534
-0.0141686 -14.3066 -27.6381 1.02912 1.37406 -16.088 2.03234 14.6651 28.1626 1.33889 1.76357 16.2265
0.433478 -14.8441 -28.462 0.890983 0.756346 -15.3823 2.08954 15.2046 28.9348 1.07587 1.10295 15.4478
0.914094 -15.7653 -31.588 0.978041 1.07625 -15.0166 1.85857 16.1184 32.2175 1.18755 1.39371 15.1426
-2.95807 -7.34825 -15.2447 -8.27005 -3.71707 -7.94752 3.40232 7.74178 15.794 8.62347 3.85974 8.01869
-0.87199 -2.76512 -9.5058 -5.39039 -0.499998 -4.26188 1.33977 3.2407 9.70862 5.9379 1.21925 4.71665
0.775188 -2.21433 -5.01106 -0.777406 0.956414 -2.84092 1.6913 3.28128 5.20897 1.39534 1.89846 3.3832
0.145598 -3.64976 -3.37613 2.62618 -0.0238045 -2.0072 1.21097 4.76705 3.47007 3.30154 0.15659 2.52185
-11.7981 -3.80867 -2.75848 -15.4643 -0.327147 -3.35499 12.0104 4.20519 2.80695 15.7874 1.10373 3.73984
-8.33236 -2.57619 -2.73197 -23.3873 0.225102 -1.5213 8.87007 4.28704 2.81994 23.4752 0.997438 3.00396
-5.25852 2.74783 -2.07029 -25.9041 -8.04612 0.171174 5.8045 4.74384 2.2377 26.2138 8.26619 2.9186
-4.30118 2.57265 -0.445468 -30.0915 -21.3999 0.754888 5.14392 3.01043 0.836886 30.6344 21.4737 1.7898
-16.7557 1.29673 1.73878 -28.1551 -24.9468 5.81064 16.9463 1.34844 1.91493 28.7945 25.0012 6.38812
-22.7432 2.34241 5.4889 -31.3545 -20.6273 4.19638 22.875 2.62269 5.49277 31.6145 20.7972 4.80095
-21.8451 5.28374 5.79876 -37.3506 -15.8718 3.64704 22.1961 6.17472 5.81308 37.4151 16.4867 3.68483
-19.0998 6.90741 4.70995 -43.3413 -15.5431 4.24384 19.5282 7.60969 4.71344 43.3547 16.2817 4.4056
-18.7807 5.93895 3.09208 -43.4792 -16.2164 5.56427 19.3237 6.61463 3.15845 43.4943 17.0395 5.94107
-19.9524 5.64707 1.47887 -42.2281 -16.1958 5.81004 20.3702 6.12507 1.99186 42.2835 16.9659 6.35096
-21.5291 5.28583 0.870873 -38.9374 -15.8832 5.08094 21.7964 5.75854 1.51478 38.9791 16.6078 5.48538
-21.4439 4.05208 0.498958 -35.9244 -16.0323 3.69734 21.6844 4.2755 1.0996 35.9553 16.6466 3.95909
-21.755 3.0246 0.448834 -33.0935 -14.7091 3.13055 21.9599 3.31301 0.997811 33.147 15.245 3.34094
-21.7402 1.69696 0.928634 -31.0612 -13.3636 2.80563 21.9248 2.54569 1.04197 31.1085 13.8197 2.99275
-21.475 1.39056 0.876351 -28.8175 -11.7876 1.62315 21.6022 2.33661 0.963156 28.8622 12.3674 1.93724
-20.5413 0.639823 1.29951 -28.6897 -8.46831 0.535687 20.7194 1.52407 1.41789 28.7465 8.89547 2.16116
-20.1165 0.0685204 0.898501 -27.2148 -8.32359 -0.22414 20.3501 0.910009 1.03029 27.3122 8.77048 1.73457
-19.4744 -0.732052 0.683878 -26.8273 -8.10939 -0.674718 19.6118 0.884407 0.816028 26.9664 8.52174 2.48295
-18.7366 -1.29868 0.149789 -26.5885 -8.35462 -1.50244 18.852 1.31437 0.296769 26.8161 8.65941 2.99961
-19.1231 -0.91468 -0.0021179 -24.0203 -8.159 -2.54672 19.2086 1.54484 0.923049 24.37 8.33508 4.02303
-19.0667 -1.53186 -0.623665 -24.3366 -8.66857 -3.2449 19.1844 2.14345 1.36488 24.7477 8.75813 3.92196
-20.007 -2.74225 -0.0726228 -23.1369 -8.85588 -0.922518 20.1421 3.3452 1.35692 23.5661 8.9256 1.32615
-18.9451 -2.81439 -1.77585 -22.5266 -7.66145 -2.63415 18.989 3.14276 2.23986 22.8662 7.74248 2.7356
-18.7579 -4.00045 -1.67067 -22.7958 -6.85956 -3.27141 18.8537 4.07867 1.81944 22.9953 6.92634 3.35064
-18.1129 -2.35657 -1.2516 -23.1682 -6.43735 -3.14613 18.2276 2.50723 1.65608 23.3715 6.56782 3.19878
-16.9937 -2.44197 -2.19574 -25.1365 -6.83837 -2.43237 17.1136 2.66227 2.55738 25.3847 7.09002 2.63719
-16.2854 -1.78578 -1.61505 -26.5353 -7.0851 -1.66181 16.4551 1.91034 2.06859 26.8501 7.334 1.83235
-16.6234 -0.591447 -1.38874 -27.4537 -7.25673 -0.939313 16.8015 0.798605 1.87217 27.7855 7.41761 2.00274
-16.3336 0.750181 -0.710677 -27.8391 -7.05145 -0.454522 16.4812 1.22761 1.22167 28.1697 7.15042 2.8653
-16.5375 1.33826 -0.27521 -27.8755 -7.98239 0.133447 16.6641 1.84225 0.818044 28.1868 8.05088 2.32019
-16.75 1.12806 0.408867 -28.6312 -8.84279 0.806265 16.8941 1.69847 0.848217 29.0181 8.90594 2.23367
-16.78 1.04307 0.999244 -29.1017 -9.16235 1.39511 16.886 1.44702 1.32575 29.4553 9.22357 2.37599
-12.2375 -0.539216 -5.45792 -21.8918 -6.23651 0.675175 12.302 0.979148 5.7581 22.1182 6.30717 1.26453
-6.53144 -4.80515 -11.2922 -13.3363 -4.18428 -0.576812 6.60785 5.31669 11.2983 13.8033 4.32683 1.2141
-2.95302 -3.35296 -3.08713 -6.80859 -1.89477 -0.396339 3.07019 3.73636 3.26054 7.66749 2.13695 1.03962
-1.02241 -3.44057 1.12172 -5.5616 -2.0656 0.21003 1.32529 3.61114 2.08536 6.34562 2.23791 0.917024
-0.923306 -14.3589 -13.5587 -6.44716 -0.504662 -1.789 1.4902 14.4439 13.643 6.73178 1.49654 2.78405
1.95326 -23.6825 -25.4606 -5.25528 1.15174 -16.0598 2.04271 23.7032 25.5796 5.5352 1.82169 16.1305
4.02516 -27.1246 -27.4412 -2.07649 0.692024 -23.1036 4.06495 27.1376 27.7778 2.6452 1.1933 23.1747
2.77908 -23.4418 -28.2356 1.82765 2.35538 -27.1409 2.88122 23.4644 28.5959 2.75512 2.41939 27.2205
3.87282 -17.1842 -34.5376 4.93705 2.37481 -24.564 4.09737 17.2763 34.8805 5.18408 2.37797 24.6405
5.61913 -17.5614 -38.6955 5.63565 4.77548 -22.4374 6.17533 17.6338 38.8284 5.76449 4.92697 22.6407
5.51232 -19.7138 -38.6962 4.01111 5.1438 -19.0683 5.86317 19.7158 38.95 4.03073 5.49023 19.2
4.26561 -23.1728 -40.692 3.65267 4.64212 -19.2605 4.31229 23.2514 41.0188 3.71861 4.90372 19.3043
4.40101 -24.6372 -41.9894 4.1467 4.0404 -23.3806 4.40425 24.8453 42.254 4.27865 4.18498 23.3943
4.00256 -23.4836 -42.9845 4.12544 4.02634 -25.8043 4.00594 23.7523 43.3203 4.27028 4.10161 25.8339
3.30692 -21.5048 -41.613 3.30694 3.47102 -26.9647 3.30993 21.7988 42.0599 3.63154 3.54397 27.0143
3.12146 -19.4524 -40.3743 2.41685 3.25154 -25.9953 3.1254 19.7715 40.8724 2.67648 3.55806 26.0716
2.59052 -18.0143 -39.4045 1.69012 2.38535 -24.0908 2.70302 18.3019 39.8588 1.84098 2.56469 24.2072
1.99082 -16.0683 -38.9061 1.37731 2.14045 -21.5304 2.25338 16.411 39.3042 1.40232 2.16327 21.6671
1.07731 -14.6401 -38.0697 1.16741 1.94472 -20.5344 2.08142 15.2731 38.5191 1.17992 2.01278 20.732
0.703343 -14.1404 -36.4647 0.291346 1.77749 -19.053 1.73946 14.8036 36.8945 0.656194 1.9476 19.3345
0.8273 -14.6263 -36.4466 -0.225071 0.555254 -18.809 1.00896 15.2525 36.9411 1.31771 0.797212 19.1172
0.86157 -12.8792 -34.48 0.453554 -0.935182 -19.9523 1.81988 13.6853 35.0676 0.861003 1.30138 20.3504
-0.672781 -10.3867 -32.0689 -0.228392 -2.2623 -21.0538 2.58599 11.3109 32.7839 1.56248 2.71614 21.5689
-1.64617 -9.09775 -29.4487 0.145943 -2.00429 -22.0781 1.9778 9.90017 30.0708 1.20691 2.18708 22.5765
-2.15443 -8.02715 -27.6526 -0.875491 -1.9782 -22.5094 2.82896 8.31868 28.2455 1.32384 2.12996 22.9759
-1.09924 -10.1135 -24.6744 -0.487511 -2.10965 -23.4531 1.85566 10.5806 25.2055 0.942459 2.25342 23.8827
-2.54113 -11.4182 -24.8632 0.00257635 -2.60002 -22.8047 2.75762 12.2471 25.5623 1.4146 2.69309 23.1543
-1.93865 -11.7083 -24.4496 -1.67616 -4.95444 -19.3716 3.17809 12.4008 25.0157 1.96702 5.20668 19.6457
-3.30397 -10.949 -26.8195 -2.92223 -4.08669 -17.3056 3.51295 11.598 27.2672 3.03596 4.20643 17.5584
-1.71971 -10.023 -27.4285 -2.89814 -2.61693 -16.6602 2.22099 10.6346 27.8995 3.24614 2.76935 16.9129
-0.934392 -10.4199 -28.3338 -2.57839 -1.11823 -16.4977 2.66526 11.0106 28.7954 2.88093 1.45051 16.785
-0.76962 -10.0496 -29.5295 -1.34994 0.136595 -16.5823 3.7107 10.5927 29.979 1.5934 1.30707 16.9197
-0.310905 -11.3485 -28.9085 -1.13169 1.19706 -16.8109 2.17132 11.7718 29.3188 1.37257 1.69313 17.115
-0.0855131 -11.2503 -29.799 -1.19582 1.23989 -17.9111 2.14757 11.7043 30.2165 1.33722 1.64884 18.1202
0.144985 -11.4624 -29.5691 -0.0717185 0.875678 -19.6962 1.72305 11.8708 30.0492 0.670507 1.11107 19.8289
0.0565832 -12.0765 -30.1227 0.559184 1.12755 -20.0692 1.46741 12.469 30.6314 0.923958 1.36948 20.2094
0.505575 -12.6955 -30.1206 0.956303 1.38917 -19.721 1.53806 13.3066 30.6771 1.21138 1.57636 19.8859
-1.9684 -8.78641 -19.2938 -6.30757 -1.87939 -12.776 2.58473 8.98064 19.7985 6.37313 2.29719 12.8348
-1.56083 -4.6862 -13.0134 -10.3784 -2.35534 -7.28136 2.64462 4.69533 13.4026 10.7081 2.51638 7.32934
1.22202 -2.82354 -6.8346 -3.20855 0.380953 -2.62516 1.78866 3.15419 7.09079 3.29821 2.24501 2.8621
0.257124 -2.934 -4.81121 0.229383 0.675679 -2.42557 1.42096 3.8761 5.05394 1.20833 1.38588 2.6596
-14.9514 -3.59785 -2.59873 4.28714 -0.00922345 -2.98107 14.9893 4.29921 2.68573 4.86997 0.558879 3.48858
-12.4562 -4.7049 -2.57814 -19.4668 1.17194 -6.34224 12.76 4.98623 2.80943 19.5934 1.54228 6.47745
-15.4802 -2.06335 0.179779 -28.7756 -8.01665 -4.03425 15.9333 2.19448 0.928277 28.8385 8.43728 4.52954
-15.4038 2.26929 1.14375 -37.1748 -17.5005 -1.11084 16.2428 3.79273 1.37296 37.4523 17.5065 2.17983
-21.0335 2.70326 3.26308 -34.5302 -22.5033 3.57156 21.5278 3.30971 3.35153 34.6959 22.5625 3.94955
-20.6223 4.97489 5.36354 -36.391 -20.9732 5.36348 21.1087 5.31037 5.38057 36.579 21.1598 5.4164
-19.7581 4.6964 5.26578 -35.6756 -18.4769 6.1382 20.1905 4.91423 5.36459 35.7612 18.8223 6.32117
-19.9413 4.51499 4.10917 -37.5271 -17.9691 5.33772 20.2776 5.01819 4.18745 37.5584 18.5713 5.42045
-18.5005 5.04441 2.9661 -40.5244 -16.2352 5.42451 18.7391 5.78917 3.01245 40.5515 16.838 5.58519
-19.6405 5.61692 2.74746 -39.3838 -16.7641 5.43658 19.9479 6.59014 2.77417 39.3996 17.3358 5.83064
-19.0258 4.85153 1.69513 -36.7319 -15.6526 4.94912 19.308 5.52872 1.8159 36.7474 15.9753 5.32625
-18.395 3.69101 1.30374 -34.6816 -14.7346 3.72765 18.5891 4.09885 1.61165 34.7184 14.8737 3.9522
-16.8346 2.83231 1.08907 -32.0851 -15.2897 2.72439 16.9934 3.09202 1.55283 32.1211 15.3724 2.85814
-15.7364 1.57434 0.751086 -30.2511 -15.166 2.08142 15.8779 1.94704 1.06254 30.2726 15.2482 2.18227
-14.6362 0.763611 0.447945 -28.8731 -14.5648 1.73881 14.7249 1.30799 1.03687 28.8975 14.6931 1.85787
-13.8392 0.662933 0.267291 -28.2935 -12.3901 1.2578 14.0065 0.839458 1.25622 28.3198 12.4659 1.92565
-13.1899 0.719269 0.386227 -28.0515 -12.0748 0.348472 13.2832 0.814208 1.29432 28.0796 12.15 1.70161
-13.5636 -0.72015 -0.136951 -28.2149 -11.8402 -0.255761 13.6545 0.747373 1.06414 28.2484 11.9232 2.03166
-14.2496 -1.26175 -0.0635047 -26.7421 -10.7375 -1.40088 14.2903 1.39009 1.09475 26.7949 10.772 1.92295
-14.6184 -1.22667 0.62051 -24.3097 -10.5798 -2.35887 14.6571 1.37156 1.13396 24.3892 10.633 2.46724
-14.1171 -0.991652 0.665811 -23.509 -10.8353 -3.54412 14.1707 1.28169 0.882098 23.5801 10.8521 3.64498
-13.8083 -0.194065 -0.381584 -23.9648 -11.4936 -3.76341 13.8162 0.667204 0.747175 24.0473 11.5309 3.85488
-13.3985 -3.01831 -0.701585 -23.4753 -10.6228 -1.49294 13.4271 3.15477 1.13482 23.5625 10.642 1.70957
-13.276 -3.32712 -0.558257 -23.6483 -10.0659 -2.61135 13.3332 3.455 1.09351 23.725 10.0797 2.6585
-12.8825 -2.95611 -1.55724 -24.9986 -10.6558 -2.67858 12.9147 3.08447 1.87913 25.0794 10.6749 2.72848
-12.9279 -2.80876 -2.90938 -25.9406 -10.1926 -2.13273 13.0025 2.87575 3.10181 25.995 10.2219 2.19566
-12.6504 -2.01111 -2.3027 -26.8183 -10.6231 -1.79983 12.7413 2.21174 2.51615 26.8636 10.6744 1.85932
-12.5276 -1.7839 -2.16082 -27.5179 -10.9986 -1.56687 12.5757 2.05352 2.40216 27.5623 11.0942 1.74318
-12.8228 -0.858711 -0.879754 -27.9618 -10.7532 -0.800741 12.8583 1.19244 1.2372 27.9999 10.8217 1.82601
-13.2153 0.0311471 -0.0315596 -28.2445 -10.8242 -0.585172 13.2745 0.748303 0.820174 28.285 10.909 2.05351
-13.1497 0.988651 0.416037 -29.2311 -10.9295 0.0515766 13.2054 1.15012 0.989265 29.2836 11.0016 1.863
-12.9444 1.62556 0.699227 -30.0678 -11.6096 0.659047 13.0045 1.7709 1.19094 30.1396 11.6804 1.89076
-12.9216 1.4247 0.962327 -30.4943 -11.8412 1.21935 13.0065 1.61249 1.24485 30.5495 11.9472 2.23673
-7.97783 -0.710015 -8.0844 -20.9819 -7.67114 -1.40462 8.05671 0.84285 8.28198 21.1178 7.77719 1.72905
-3.98789 -3.2397 -8.74711 -12.8659 -5.84503 -4.71083 4.06334 3.56908 8.81518 13.2144 6.07942 4.89185
-1.58458 -0.665192 -1.04871 -7.79626 -3.45803 -1.29207 1.81796 1.39019 1.99012 8.34005 3.68182 1.90577
-0.976028 -0.48432 2.35797 -6.3717 -2.40136 -0.645119 1.11921 0.506357 2.70662 6.82263 2.50874 1.32244
-3.59784 -13.8319 -0.16339 -5.87272 -2.02305 -22.979 3.88454 13.8512 1.2811 6.1931 2.14491 22.9863
-4.83894 -15.7784 -17.0166 -3.31769 -4.02859 -22.1659 4.89488 15.7829 17.0547 4.07656 4.1594 22.4567
0.278046 -18.688 -32.4813 0.623352 -1.73935 -24.7696 1.08499 18.7472 32.5792 2.38025 2.08003 25.1536
1.7926 -18.7704 -36.49 2.74859 0.563772 -22.5773 2.58179 18.8769 36.5556 3.35737 0.872739 23.0392
4.40821 -20.7495 -35.107 5.9357 4.14332 -24.5028 4.41301 20.7707 35.2924 6.16397 4.25368 24.8315
4.85146 -21.1571 -34.789 5.0889 4.71736 -24.8602 4.85165 21.1681 34.975 5.19162 4.73815 25.0148
4.67854 -19.6288 -33.8965 4.56994 4.78077 -23.5162 4.68088 19.6344 34.1029 4.77267 4.82755 23.5663
4.36448 -20.9803 -38.1231 4.42985 4.90592 -26.109 4.37632 21.0033 38.3715 4.65285 5.00489 26.1454
3.89693 -21.3059 -41.6952 3.97789 3.98546 -26.1835 3.90459 21.3799 41.8733 4.20885 4.04654 26.23
3.85595 -20.9364 -43.867 3.64774 4.03278 -25.7714 3.89353 21.0316 44.0877 3.84507 4.12606 25.8282
3.79131 -20.5042 -43.0068 2.98264 3.7882 -24.0846 3.80382 20.7688 43.2133 3.12287 3.89914 24.1239
3.69202 -19.5917 -42.8299 2.08774 4.24461 -22.1369 3.7175 19.9187 43.1733 2.20144 4.34936 22.2017
2.84702 -18.9007 -41.0135 1.33695 3.19468 -21.6587 2.93352 19.2245 41.3904 1.42821 3.23606 21.7621
2.09108 -16.776 -39.1304 0.911999 1.84214 -21.654 2.13472 17.2557 39.5056 1.22104 1.84222 21.8458
1.40104 -14.5348 -36.7607 0.646122 1.19966 -22.3669 1.61128 15.2006 37.2496 1.41429 1.21588 22.5862
0.956115 -14.3264 -34.1193 0.822729 0.423115 -20.1683 1.68801 15.2617 34.5369 1.44406 0.585683 20.4579
0.404862 -15.1927 -34.66 0.0733728 -0.323142 -18.4415 1.34357 16.0281 35.2126 1.13812 0.706591 18.7464
-0.670369 -13.4822 -33.3385 -0.213342 -1.16128 -17.8165 1.25228 14.3404 33.818 0.572422 1.39085 18.2139
-1.73238 -12.5064 -34.181 0.461463 -0.931396 -17.3293 2.24261 13.6358 34.7575 0.467901 1.21945 17.6833
-1.27095 -11.8684 -32.05 0.597098 -1.44318 -16.9903 1.91584 13.1452 32.5357 1.34193 1.51905 17.4158
-1.42991 -12.2313 -31.9863 -0.689362 0.000190559 -16.961 1.63743 13.5064 32.5803 1.07587 0.530635 17.498
-0.254669 -12.6706 -30.7373 -0.936367 -2.92322 -17.0375 1.52994 13.7539 31.4621 1.68067 3.25255 17.5823
-1.54749 -12.6518 -29.7859 -2.83798 -3.24762 -17.4379 2.39603 13.7834 30.5318 3.13994 3.57195 17.901
-2.25453 -12.1054 -29.408 -2.89585 -2.62928 -17.2514 2.38181 13.1046 30.046 3.00189 2.6599 17.7265
-2.41971 -11.3087 -29.828 -2.39654 -1.72419 -17.1878 3.50495 12.4005 30.46 2.75619 1.93709 17.7474
-2.4098 -12.0608 -28.9423 -2.23069 -1.16143 -17.0855 4.17652 13.2134 29.5012 2.64612 1.73692 17.5992
-2.45474 -11.3042 -29.5507 -1.53171 -0.491816 -16.539 3.07395 12.2881 30.1472 1.73732 0.692201 16.9547
-1.09852 -11.2389 -29.5949 -0.686386 -0.357911 -16.3327 1.96176 12.0918 30.0979 1.10188 0.375971 16.7011
-0.32791 -10.954 -30.2458 -0.367637 -0.262193 -17.6559 1.12855 11.7056 30.6436 0.995359 0.579315 17.9226
0.00970782 -11.0511 -31.0098 -0.866943 0.105255 -17.8529 1.60695 11.753 31.4501 1.18353 0.623474 18.088
0.495985 -12.2487 -30.9749 -0.315527 1.22728 -18.5994 1.80211 12.7275 31.3365 0.762358 1.57192 18.8568
0.808652 -12.4978 -31.208 0.586617 1.30427 -18.479 2.16351 12.9174 31.6387 0.993228 1.57302 18.7496
0.928002 -12.7842 -32.5668 0.899373 1.71532 -19.612 2.31493 13.4987 33.1273 1.04388 1.97267 19.9061
-3.01349 -7.51923 -18.8835 -5.60976 -2.46061 -12.3577 3.8013 7.67182 19.4222 5.78997 2.87526 12.3898
-1.8463 -3.11077 -12.3024 -9.30775 -1.6337 -6.2433 2.20729 3.19784 12.5007 10.3615 1.74769 6.38574
1.55926 -1.94414 -5.68081 -1.8702 0.401977 -3.77272 2.14398 2.45348 5.84322 2.02193 1.93251 4.12178
1.04522 -2.68183 -3.56778 0.795764 0.33748 -4.42565 1.18021 3.54863 3.71244 2.01622 1.06268 4.81032
1.01121 -3.44868 -3.78325 -16.4375 -0.816492 -4.3216 1.15492 4.01013 3.81197 16.566 0.851634 5.0094
-2.25534 -0.94359 -5.3192 -17.3055 -4.2044 -1.87394 2.9051 3.2418 5.33164 17.3368 4.37053 3.56733
-7.27572 3.27045 -5.26478 -19.8033 -5.59051 1.72865 7.68683 4.71932 5.2652 20.1896 5.67073 3.65559
-24.3026 -0.145422 -1.11768 -24.8695 -19.5274 3.08733 24.5146 1.44102 1.14679 25.2436 19.6198 3.5787
-27.3109 4.43945 2.71732 -25.0824 -21.4265 1.82673 27.7353 6.03487 2.83288 25.3645 21.4618 2.1534
-19.434 3.77968 5.78566 -32.0509 -24.441 2.29817 20.5373 4.07324 5.80292 32.1876 24.7314 2.48863
-14.1513 5.60404 4.50628 -39.0086 -23.3543 5.32303 15.6306 5.94534 4.5102 39.0482 23.8957 5.41935
-12.0314 5.42711 3.01743 -41.6986 -23.244 7.82016 13.4127 6.20205 3.04488 41.7071 24.1365 8.0899
-13.2735 5.91501 2.79637 -44.5344 -19.866 7.61539 14.2314 6.97608 2.84186 44.6384 20.5704 8.04425
-15.6312 6.0077 2.42726 -44.0583 -19.4862 6.9471 16.1573 7.19078 2.5266 44.1836 19.9805 7.39761
-17.986 5.09628 2.08549 -39.788 -19.3485 5.64159 18.377 6.17887 2.14762 39.9806 19.6276 6.02526
-18.4041 3.75011 1.62188 -36.1669 -18.823 4.19083 18.6459 4.8639 1.70978 36.3938 18.9938 4.52991
-18.7044 2.28349 1.15961 -33.6863 -17.4417 2.93267 18.8239 3.35777 1.24305 33.856 17.5464 3.07134
-17.2153 1.44712 0.906234 -32.7092 -16.6938 1.82915 17.3162 2.75982 0.994583 32.88 16.7496 1.84572
-14.9265 1.33544 0.58139 -31.638 -16.3174 1.03404 14.9931 1.99312 0.679325 31.8037 16.3511 1.31803
-12.9957 1.32773 0.732073 -30.3517 -15.2284 0.244429 13.0497 1.69614 0.854972 30.504 15.2352 1.17217
-11.4196 0.351181 0.168735 -29.6444 -14.8123 -0.0135199 11.4508 1.12719 0.437163 29.754 14.8158 1.30313
-11.2752 -0.402395 0.620283 -28.2297 -14.8126 -0.878165 11.3087 1.15709 0.851175 28.3559 14.8283 1.20065
-11.1274 -1.20282 -0.000558477 -29.0659 -13.7539 -1.4808 11.1381 1.77813 0.515626 29.2027 13.7542 1.71592
-11.802 -1.4531 -0.153276 -28.6462 -12.7141 -2.57176 11.8096 2.18749 0.431645 28.8436 12.7366 2.89435
-11.7036 -0.853793 -1.14779 -27.7286 -12.2519 -2.52059 11.7037 1.43745 1.22997 27.9883 12.2823 2.78289
-11.551 -3.18346 -0.269626 -27.1069 -12.4697 -0.857861 11.5545 3.39903 0.457299 27.373 12.4805 1.09847
-11.5523 -3.37442 -1.50906 -27.2021 -11.1853 -2.87429 11.6196 3.46411 1.8501 27.4305 11.198 3.04141
-10.821 -3.16947 -1.33711 -28.6384 -10.6709 -3.50841 10.8285 3.42376 2.00876 28.8025 10.69 3.51248
-10.6629 -2.41358 -2.08583 -27.5166 -11.2472 -2.57202 10.6858 2.54184 2.22486 27.6578 11.2526 2.67796
-9.82222 -2.75437 -2.14064 -27.7938 -12.0772 -2.31362 9.83469 2.77995 2.35857 27.9377 12.0806 2.43916
-9.99139 -2.77373 -2.0596 -28.6808 -12.8868 -1.62393 10.0075 2.86765 2.25879 28.8007 12.9014 2.26643
-10.2427 -1.82247 -1.47211 -29.547 -12.6082 -0.584122 10.2696 1.88037 1.83591 29.6447 12.6216 0.915989
-10.4393 -0.576217 -0.646586 -29.1497 -12.2887 -0.0380763 10.4505 1.00703 1.82924 29.2568 12.3248 0.923564
-10.9809 0.381877 -0.0744684 -29.8087 -12.5232 -0.00865279 11.0004 0.703166 1.43954 29.9785 12.5587 1.02027
-11.1167 1.08405 0.29342 -30.2404 -12.9444 0.505447 11.1564 1.3794 1.18003 30.3874 12.987 1.04322
-11.1905 1.03075 0.921786 -30.9231 -13.5186 0.946814 11.2217 1.41347 1.30203 31.0311 13.5805 1.32146
-11.6306 0.953077 1.1511 -29.4097 -14.2576 1.30674 11.7732 1.27188 1.50308 29.4676 14.3546 1.57692
-6.33353 -2.33931 -10.9375 -17.1432 -7.7885 -4.37131 6.47242 2.48914 11.0448 17.2744 7.97673 4.47346
-3.15271 -2.78161 -6.82604 -9.16616 -4.15582 -6.00698 3.31208 3.17383 7.05129 9.53059 4.46817 6.29177
-1.38026 0.601312 0.714594 -5.40592 -3.06595 -1.07231 1.60572 0.74001 2.17749 5.73602 3.29879 1.678
-1.30791 0.540583 -14.914 -5.93963 -2.86147 -1.00635 1.50547 1.7242 15.6272 5.99803 3.47743 1.27136
0.0556996 1.10598 -10.9193 -6.43452 -0.877647 -3.10662 1.03943 2.13628 10.9484 6.46906 1.34689 3.70954
2.40015 0.344216 -18.5985 -5.79528 0.596995 -29.0311 3.11216 0.427226 18.8175 5.84061 2.14369 29.103
2.80687 -14.435 -21.4183 -3.95269 4.67757 -31.8513 3.13696 14.7494 21.9379 4.21423 5.41167 32.1144
0.229459 -20.7282 -25.2599 1.60248 2.26157 -31.0141 1.98168 20.7592 25.8609 3.72624 2.27379 31.249
2.4913 -22.589 -31.8344 6.03742 1.78996 -24.0261 2.69635 22.5965 32.3577 6.6911 1.90472 24.6171
3.34104 -20.6724 -39.2861 6.19225 3.20406 -20.9572 3.72041 20.7152 39.5674 6.4708 3.83738 21.8371
6.01618 -19.2323 -42.915 4.17791 5.53059 -16.4056 6.04491 19.3962 43.2749 4.7329 5.61482 17.0884
5.79397 -21.5976 -43.323 3.07293 5.45581 -20.48 5.8252 21.7486 43.6296 3.5495 5.53196 20.8462
5.4699 -21.6937 -44.63 3.41013 4.5765 -22.0349 5.49801 21.806 45.1283 3.46217 4.71703 22.1285
4.47229 -19.5426 -45.9304 3.4304 4.71352 -26.1098 4.70231 19.5809 46.4767 3.56792 4.95515 26.2387
3.85503 -16.6099 -43.7824 3.15156 4.154 -29.3885 3.96585 16.6778 44.4364 3.32669 4.22616 29.5571
2.83569 -15.4828 -41.6218 2.15096 4.23205 -29.625 2.84288 15.5969 42.2406 2.41989 4.3041 29.8276
2.18302 -16.1788 -38.8066 1.08333 3.06704 -27.0519 2.23733 16.3759 39.4608 1.74351 3.17035 27.284
1.52023 -17.0383 -36.2512 0.65 1.62493 -23.0183 1.62182 17.3834 36.7811 1.74543 1.75417 23.3155
0.969847 -15.9687 -35.5279 0.618863 0.529163 -20.1303 1.29896 16.3841 36.2604 1.1678 0.55814 20.4593
0.519254 -14.5055 -35.4222 0.277101 -0.0327808 -19.6365 2.1101 15.0833 36.1001 0.657097 0.51768 20.0521
-0.528703 -14.0228 -35.3103 0.718743 -0.0658292 -18.114 2.08739 14.8469 36.0445 0.785357 1.08208 18.5769
-1.01806 -14.0513 -34.1135 0.615363 -0.20816 -17.2198 1.41452 14.8306 34.7921 1.42155 0.980191 17.6359
-0.454774 -13.427 -32.0155 0.183311 -2.67482 -17.5339 2.13113 14.1798 32.7061 1.02395 3.09543 18.0402
-2.31248 -12.2496 -31.3215 0.100918 -1.53957 -18.3207 3.82203 13.2294 32.1761 1.17525 2.19662 18.7032
-2.13063 -10.9074 -31.7543 -1.19593 -3.19683 -18.1056 2.69034 12.0553 32.6064 1.6028 3.75237 18.4906
-0.721102 -9.95327 -30.0189 -2.50296 -2.35455 -18.1624 0.766863 11.1667 30.7756 2.99861 2.40441 18.68
-0.967552 -10.2638 -29.438 -2.87757 -1.86327 -17.1365 1.05761 11.4637 30.1735 3.11809 2.20301 17.6914
-2.3354 -11.2306 -28.9182 -2.42679 -1.08893 -16.799 2.91769 12.6043 29.7766 2.65169 1.23009 17.2557
-2.48348 -11.4349 -29.6534 -1.72396 -1.9214 -15.4401 3.26388 12.5837 30.453 1.92222 2.14846 15.8947
-1.96491 -10.6068 -29.1037 -2.06126 -1.55567 -15.5902 2.63521 11.4942 29.7926 2.12364 1.61221 16.0771
-1.11506 -9.80361 -30.1331 -1.35365 -1.64183 -16.9487 1.84853 10.6768 30.8086 1.57528 1.73844 17.4115
-0.461129 -10.4701 -30.2248 -1.47774 -0.432694 -17.2622 1.82129 11.307 30.8097 1.72364 0.916063 17.6489
-0.19081 -11.6222 -30.584 -1.21325 0.454875 -17.2636 1.98909 12.6296 31.3291 1.31659 0.956463 17.6174
0.104804 -12.1697 -30.0096 -0.413629 1.17255 -17.7255 2.35346 13.0066 30.6005 0.723654 1.52913 17.9901
0.188034 -11.6632 -29.6541 0.526172 0.906121 -18.161 2.27895 12.2707 30.3014 0.887629 1.30375 18.4697
0.288902 -11.7368 -29.9441 0.985527 0.664971 -19.1432 2.06576 12.2332 30.4278 1.19031 1.08859 19.415
0.436194 -12.347 -31.453 1.07821 1.36195 -18.8027 1.68458 12.9498 32.1212 1.29319 1.64183 19.1064
-4.06136 -7.16453 -16.9824 -7.38207 -2.6075 -10.8373 4.36444 7.16777 17.597 7.63911 2.95791 11.0051
-2.4834 -3.44515 -10.6385 -8.39916 -1.17334 -5.20524 2.82484 3.86254 10.8581 9.62279 1.20613 5.5373
1.18605 -1.17934 -5.29398 -1.23297 1.42207 -3.41258 1.81038 1.84341 5.53012 1.58333 2.26677 3.74906
0.693374 -1.48514 -3.52758 2.68726 0.257422 -3.70485 0.764198 2.35662 3.61904 3.7039 0.499235 4.58414
0.545628 -4.87262 -3.21555 -4.05101 -0.956196 -4.39461 1.2416 5.30414 3.25408 4.94391 1.24643 5.20823
-1.9969 -1.34168 -5.00929 -17.1645 0.068109 -3.38883 2.80082 3.17499 5.02864 17.1733 1.80938 4.57118
-20.1023 1.54396 -2.85935 -20.8642 -16.5339 0.845941 20.1234 3.42942 2.87925 21.1758 16.558 3.60687
-24.4929 2.14796 -0.705216 -28.1986 -18.5476 -0.300765 24.7187 3.23515 0.749788 28.32 18.7887 2.22494
-23.3051 3.07809 3.79914 -27.2131 -24.5286 1.85705 24.1046 3.56628 3.86062 27.4048 24.8621 2.78258
-16.6015 4.45099 5.72208 -35.4977 -25.3768 4.12522 17.7245 4.63636 5.72303 35.7963 25.898 4.46985
-12.7669 4.82305 4.44727 -40.845 -22.9399 7.1176 14.0265 5.27885 4.45177 40.9436 23.8644 7.3925
-12.7226 5.37619 2.92164 -42.033 -21.862 7.33522 13.8352 6.21706 2.95026 42.1513 22.9948 7.75262
-13.1964 6.10452 2.35365 -45.3549 -19.1967 7.31409 13.8266 7.47123 2.43447 45.5313 20.0412 7.96603
-16.0811 4.93774 2.08777 -40.8439 -19.5113 5.52702 16.5448 6.07878 2.21777 41.0419 20.147 5.92708
-16.4857 3.92019 1.33765 -36.9794 -19.4559 4.06624 16.7808 4.7989 1.65458 37.2123 19.7478 4.34184
-16.9755 3.06628 1.4059 -32.4207 -19.8811 2.92662 17.228 3.73624 1.63473 32.618 20.1021 3.07137
-14.4735 2.76159 1.07312 -30.0258 -18.112 1.90679 14.6925 3.24903 1.16242 30.195 18.1979 2.06401
-12.7302 1.5622 1.07325 -30.3957 -17.4497 1.69382 12.9387 2.25688 1.13616 30.5188 17.5042 1.75599
-10.0706 0.39809 0.58786 -30.3544 -17.1764 1.02962 10.2356 1.79801 0.764371 30.4543 17.2631 1.03384
-9.03966 0.378686 0.55231 -30.5717 -15.0434 0.839175 9.14115 1.01253 0.625739 30.7305 15.063 1.04868
-9.60375 -0.157212 0.444514 -29.0679 -14.8242 0.279235 9.67309 1.08288 0.527041 29.225 14.8551 0.874455
-9.62689 0.0661721 0.444499 -28.7023 -14.4414 -0.509095 9.64753 0.322722 1.23218 28.96 14.4977 1.21293
-10.6043 0.379984 0.110868 -27.837 -13.6318 -1.37668 10.6271 0.739847 0.993785 28.1198 13.6708 1.79551
-11.1592 -1.49252 0.413242 -28.1523 -13.1363 -2.79648 11.1765 2.22752 0.444864 28.4066 13.1817 2.9281
-11.159 -1.40422 -0.769761 -25.7913 -13.705 -3.58486 11.1999 2.12774 1.12145 26.0524 13.7898 3.71031
-10.7019 -3.13407 -0.171973 -25.7783 -14.1358 -1.60193 10.7368 3.35455 0.314528 26.022 14.1687 1.83464
-9.95454 -3.79667 -1.38787 -25.4896 -13.686 -2.64923 9.96345 3.83742 1.64474 25.6588 13.6899 2.69349
-10.1161 -3.28828 -1.05406 -25.4646 -12.8571 -3.60496 10.1249 3.62979 2.52868 25.5953 12.8623 3.68921
-9.44524 -2.07646 -2.41377 -26.8017 -12.3688 -2.88385 9.44805 2.62898 2.85067 26.9619 12.4038 3.16164
-9.31697 -2.15843 -2.20815 -27.9445 -12.8992 -2.35612 9.3609 2.35757 2.4284 28.0509 12.9479 2.65378
-9.0821 -1.92544 -2.08424 -28.8302 -13.3204 -1.5403 9.12827 3.19244 2.73674 28.9269 13.3972 2.0592
-10.0315 -1.17939 -1.69252 -29.0528 -14.1109 -0.284403 10.1535 1.68482 2.11055 29.1404 14.1964 0.819727
-10.5304 -0.495832 -0.0562245 -28.4534 -13.5518 0.0960279 10.6613 0.99652 1.49034 28.5482 13.63 0.88956
-10.7299 0.394771 0.532547 -29.3214 -12.9093 0.102837 10.8341 0.692806 1.6326 29.4866 12.9899 0.98712
-10.2348 0.97611 0.762012 -29.2317 -13.6338 0.591941 10.3351 1.09211 1.33841 29.3578 13.7631 1.18796
-9.86169 1.5733 1.10734 -30.0111 -13.4628 1.32294 9.9708 1.73662 1.34595 30.0999 13.6235 1.73978
-10.1165 1.86326 1.05799 -30.8931 -13.641 1.92268 10.323 2.07758 1.40763 30.9793 13.9087 2.19046
-4.90576 -1.81461 -10.0996 -17.0983 -6.77493 -4.59542 5.07404 2.47212 10.3476 17.3168 7.15439 4.90845
-2.33341 -0.9514 -3.51065 -8.4465 -3.87217 -3.73336 2.57852 1.78316 3.78653 8.87281 4.21183 4.20629
-1.2318 -0.382232 2.35448 -5.36386 -2.65988 -0.962783 1.4204 1.02642 2.94306 5.80663 2.85901 1.59746
-1.37775 0.745624 -5.40277 -5.55243 -1.0772 -1.13313 1.55105 1.47788 5.79813 5.67488 1.23151 1.65584
-0.0084782 -0.162037 -6.63268 -6.11155 -1.3688 -4.67295 0.930672 1.58915 6.83487 6.27446 1.55909 5.80276
0.934692 -6.0126 -18.5768 -4.93808 -0.640621 -25.232 1.42671 6.16858 18.6255 5.11609 1.42214 25.3732
-0.381604 -19.476 -21.9433 -3.22915 3.19061 -31.6312 0.581056 19.5209 22.1592 3.55777 3.3885 31.9859
1.12392 -21.2236 -24.5067 3.32313 1.01238 -32.2401 1.3277 21.2516 24.8289 4.78847 1.4984 32.6036
2.5122 -17.7064 -32.62 5.59321 1.51194 -28.7064 3.28658 17.7918 32.9862 6.20135 1.75643 29.2473
3.92319 -16.2872 -35.4399 6.11107 3.87585 -26.71 3.95037 16.5897 35.6167 6.58857 3.99563 27.3447
4.86585 -16.8704 -37.7812 4.16574 5.14803 -22.6159 4.89123 17.0424 38.0676 4.54595 5.24663 23.0817
5.69094 -21.4632 -41.4881 3.22412 4.72179 -21.5957 5.7409 21.5363 41.6783 3.28894 4.85569 21.7951
5.19444 -21.9519 -43.0356 3.83751 5.09778 -23.0444 5.53983 21.9614 43.4285 4.03372 5.24789 23.1508
4.95139 -19.1137 -42.8789 3.41434 4.78814 -25.4978 5.14254 19.1343 43.224 3.63076 4.94895 25.5326
4.27682 -15.5716 -41.3176 2.59406 4.64021 -27.3493 4.3674 15.5792 41.7416 2.97488 4.71757 27.4049
3.61489 -15.6402 -38.7401 1.46064 3.49565 -26.9294 3.67143 15.7596 39.2701 2.0566 3.5472 27.0294
2.45304 -15.7071 -36.0259 0.718445 2.1722 -25.4481 2.46295 15.9372 36.5747 1.85406 2.20369 25.6005
1.31437 -15.8626 -35.4189 0.631431 1.26562 -22.2912 1.44619 16.2005 36.1903 1.72386 1.32282 22.5859
0.73138 -15.4888 -34.588 -0.0870513 0.662189 -19.9385 1.12708 15.9311 35.3984 1.05043 0.845095 20.2792
0.183609 -14.0037 -33.1706 0.187106 0.399904 -18.944 2.91011 14.575 33.7874 0.465472 1.3981 19.4154
-0.886766 -13.1231 -33.0598 0.638026 0.0433342 -17.6887 2.63598 14.082 33.8965 0.685761 1.92024 18.1412
-1.00139 -13.7386 -31.8358 0.209041 -0.128212 -15.4452 1.56699 14.6292 32.6399 0.70103 0.725907 16.0146
-1.32516 -14.0418 -31.787 0.0217946 -1.3156 -15.4868 1.76608 14.8282 32.7777 1.65682 1.92601 16.1774
-1.60972 -12.7767 -30.6051 -0.0873405 -2.52156 -16.4273 3.97298 13.7547 31.4954 0.961339 2.87719 17.1353
0.420371 -12.0087 -30.3189 -1.49288 -3.16277 -16.0272 0.793066 13.1154 31.2288 1.69635 3.45526 16.7796
-0.781084 -11.1187 -29.8164 -2.72232 -2.47549 -15.9433 1.74082 12.3285 30.9026 2.85939 3.14514 16.749
-2.89633 -11.0944 -28.8218 -2.4625 -1.41948 -15.4379 4.46646 12.1193 29.8045 2.668 3.56327 16.3374
-1.94562 -10.7243 -29.9529 -2.08865 -1.80597 -14.8503 2.52263 11.4453 30.9861 2.30492 2.26287 15.9055
-2.37133 -11.6547 -28.7551 -2.64318 -1.8478 -14.1566 2.61925 12.3509 29.5412 2.86544 2.17354 15.1477
-1.05436 -11.9793 -29.4628 -1.77586 -2.69761 -13.7471 2.42635 12.6745 30.2099 1.95793 4.27212 14.4247
-0.26722 -11.9049 -30.7509 -2.17624 -2.3644 -14.0511 1.16472 12.6468 31.607 2.55352 2.66059 14.4975
-0.018903 -12.1007 -30.9952 -1.45049 -1.14855 -14.1615 1.60911 12.8966 31.7635 1.90968 1.80891 14.5829
0.0724972 -11.497 -31.4773 -0.410768 0.232126 -14.9964 1.92899 12.136 32.29 0.976814 1.8257 15.551
0.0936993 -11.7197 -32.3893 0.287281 1.5947 -15.8077 2.62555 12.0677 33.2236 0.964655 2.62213 16.4119
0.580385 -11.8213 -32.5216 0.715664 1.49365 -16.0949 2.10927 12.1191 33.3364 1.16724 2.34434 16.6276
0.831914 -12.6005 -32.9387 0.675952 1.10279 -15.8141 2.07036 13.0387 33.6801 0.933016 1.956 16.2376
-2.03178 -10.5278 -23.7569 -3.06686 -1.12087 -12.7335 2.78053 10.8078 24.2417 3.1199 2.07216 12.9332
-2.8557 -5.51524 -16.3542 -7.8103 -3.04368 -7.52229 3.15975 5.7595 16.9949 8.30093 3.13584 7.52335
0.607008 -2.77171 -9.04773 -3.98321 0.0962751 -4.08663 1.80841 3.30016 9.33011 4.5594 1.46937 4.28083
0.879051 -1.4191 -4.97864 -1.04605 1.13477 -2.77919 1.58318 2.43502 5.29219 1.45373 2.02725 3.06129
0.485088 -1.79446 -5.25859 3.07013 0.263702 -4.35944 0.503883 3.12643 5.52779 3.80126 0.958643 4.65294
0.649681 -5.17773 -6.63957 -14.9665 -0.140346 -4.84556 1.44353 5.8187 6.66921 15.0936 0.777583 5.19965
-16.0634 -0.956752 -3.97183 -17.6625 -17.6263 -2.85532 16.091 2.83628 4.17763 17.6678 17.7731 3.95441
-19.5304 -0.679843 -1.83787 -30.8948 -15.4413 -1.3784 19.9569 2.46886 1.94381 31.0635 15.6467 1.68242
-24.1748 1.8742 1.36197 -27.6232 -22.3908 2.12454 24.6618 3.62654 1.38545 27.7821 22.7783 2.72243
-17.5218 4.82342 5.60916 -33.4787 -24.3664 2.71708 18.2583 4.98786 5.60919 33.7744 24.7417 2.90516
-15.4266 5.88046 5.27833 -35.8608 -22.1118 5.86924 16.1595 6.28852 5.28535 36.0277 22.7904 6.11636
-14.0076 4.8672 3.68994 -38.2673 -23.4476 6.7469 14.7281 5.37303 3.69371 38.4855 24.4946 6.97528
-12.9557 5.56449 2.84365 -41.1771 -22.212 7.23571 13.5226 6.602 2.87089 41.5426 22.9877 7.67522
-14.4318 5.45059 2.59556 -39.0107 -21.9264 6.4393 14.9167 6.47255 2.66754 39.3287 22.634 6.85705
-14.7156 4.95788 1.25212 -36.842 -20.6119 5.42979 15.1006 5.78021 1.42882 37.1406 21.0289 5.8418
-16.1699 4.3463 1.04058 -33.9149 -20.3694 3.87233 16.4444 5.30018 1.24798 34.1619 20.6702 4.1136
-15.4528 3.33998 0.948938 -31.1452 -20.3036 2.72381 15.6663 4.4674 1.11039 31.3213 20.4918 2.94902
-13.9696 2.48594 0.918856 -29.95 -19.431 1.93148 14.1811 3.70839 1.01799 30.0883 19.6029 2.24736
-12.4626 1.5905 0.884649 -28.5887 -17.1459 1.41896 12.6609 2.49021 0.930117 28.6823 17.2737 1.42766
-9.94553 0.535443 1.03461 -27.7572 -17.0248 0.961373 10.0674 2.13431 1.09512 27.8432 17.1514 1.17886
-9.49716 0.569986 0.777866 -27.5327 -17.0827 0.308014 9.59265 0.941448 1.20233 27.6231 17.2817 0.958983
-9.04011 -0.563147 0.612634 -27.9368 -15.4005 -0.178291 9.07744 0.983319 1.46232 28.0901 15.5074 1.11166
-9.57766 -0.549185 -0.107815 -26.6781 -14.9067 -0.952047 9.59946 1.28645 0.398858 26.8915 15.0272 1.15008
-9.93923 -1.11131 0.469738 -26.5798 -15.3871 -1.72776 9.99974 1.91308 1.00934 26.7758 15.537 2.59552
-10.9726 -3.02838 -0.460422 -25.2335 -14.9006 -2.77789 11.0256 3.46522 1.16124 25.4274 15.0634 4.0099
-11.4127 -3.48659 -0.842063 -23.9326 -13.9539 -2.40298 11.4786 3.75732 1.11595 24.1434 14.1 4.24773
-11.3337 -2.65844 -1.3086 -23.4503 -14.0754 -2.173 11.3823 2.83618 1.39762 23.6496 14.1753 2.67959
-10.5164 -3.74318 -0.194268 -23.6573 -14.6092 -2.72674 10.5518 3.83383 1.84291 23.8263 14.6661 2.75825
-10.1042 -2.13098 -1.30527 -24.1644 -14.3149 -3.67647 10.1336 2.2065 2.10805 24.2968 14.4145 3.88431
-9.79092 -2.16581 -1.92805 -25.094 -12.9669 -2.64621 9.83753 2.42442 2.36166 25.1994 13.0761 2.92949
-8.88641 -2.40082 -2.18272 -26.6476 -13.158 -1.87004 8.94403 2.60984 2.40915 26.7697 13.2682 2.14772
-8.94712 -2.94828 -2.59718 -26.8398 -13.735 -1.07383 9.06936 3.27832 2.9348 26.961 13.8909 1.83487
-9.91437 -0.995192 -1.3676 -27.2926 -13.832 -0.155425 10.1131 1.25152 1.83318 27.4181 13.9589 0.739687
-10.5515 0.350413 -0.240281 -28.7158 -13.385 0.121718 10.7361 1.13428 2.0394 28.8379 13.5498 0.968068
-11.2614 1.2342 0.480071 -28.3696 -13.4128 0.515927 11.4071 1.70887 1.46486 28.4756 13.6495 1.51437
-10.9464 1.59254 0.70173 -28.4796 -14.362 0.938475 11.0823 2.3112 1.51363 28.5411 14.6324 1.50199
-10.8677 1.24978 0.892527 -28.3569 -14.388 1.20903 11.0653 2.1466 1.43452 28.3962 14.619 1.65483
-6.87197 -0.375074 -8.40118 -19.5412 -9.18817 -1.55734 7.04528 0.522183 8.71205 19.6332 9.34107 1.63814
-3.71727 -2.77875 -9.13762 -12.7863 -6.06994 -5.06606 3.87232 3.10401 9.20266 13.0751 6.39799 5.41132
-1.38293 -0.526916 -1.2775 -6.50551 -2.84995 -1.62787 1.60702 1.27462 2.37806 6.9672 3.01712 2.82353
-1.17942 -0.272371 2.79785 -6.1042 -1.7627 -0.943407 1.43143 0.727035 3.2785 6.38111 1.90016 1.68959
-2.0838 0.865375 -13.5149 -6.6955 -1.61493 -5.22804 2.11245 1.36352 13.8904 6.76622 2.04795 5.68201
-0.302283 -0.140851 -10.5011 -5.50781 -2.16182 -25.3515 0.931839 1.24642 10.6988 5.88041 2.27938 25.3751
-1.09121 -10.7461 -22.4646 -4.13914 1.13871 -27.176 1.71185 10.7943 22.5476 4.36217 1.28578 27.4213
-0.78331 -22.269 -23.6462 -1.59326 3.30957 -29.4327 1.18071 22.363 23.9813 2.56779 3.38927 29.8062
1.98416 -24.1044 -27.4524 4.02775 2.24485 -24.9101 2.27591 24.1662 27.8268 4.93318 2.38235 25.2925
2.91282 -19.6347 -36.8994 6.05961 3.57509 -23.7398 3.328 19.7083 37.1974 6.38428 3.82671 24.337
4.92613 -16.765 -38.5694 5.36448 4.84363 -22.2644 4.96358 16.9731 38.7886 5.99671 4.88625 22.5575
5.5293 -18.3009 -40.5061 4.4247 5.62622 -21.7225 5.55694 18.4323 40.6463 4.94981 5.77271 21.8405
5.45544 -21.876 -44.3596 4.02342 4.4925 -22.1592 5.49225 21.9235 44.6864 4.16427 4.85967 22.2212
4.35919 -20.6503 -45.1245 3.76622 4.75827 -25.0526 4.4009 20.6602 45.4993 3.93876 5.17677 25.1261
3.928 -18.3734 -43.7878 3.60334 4.69675 -26.7044 3.96994 18.4219 44.2877 3.94571 4.87203 26.8257
3.1773 -16.939 -40.8985 2.74979 4.15936 -27.5349 3.23752 17.0699 41.5202 3.28912 4.40874 27.7033
2.61235 -16.8408 -38.0683 1.46704 2.72338 -26.0732 2.78835 17.1068 38.693 2.35376 3.07667 26.2914
1.96564 -17.1447 -36.9318 0.763761 1.37593 -22.9063 2.13074 17.5443 37.5765 1.6729 1.70368 23.1209
1.33873 -16.9654 -34.6016 0.601711 0.829192 -21.144 1.5036 17.4368 35.1943 1.42915 1.12887 21.3857
0.693493 -16.2468 -34.9605 1.22315 0.3549 -19.9719 1.25866 16.8726 35.705 1.59103 0.864339 20.31
0.456352 -14.5 -34.4553 0.670124 0.0170996 -17.0816 2.40588 15.3362 35.2297 0.69395 0.281658 17.5391
-0.307312 -14.0027 -33.882 0.36524 -0.255021 -15.8971 2.07568 14.8848 34.6933 0.377685 0.332532 16.4123
-1.18161 -14.0391 -33.3649 1.06081 -0.597161 -15.2422 1.56365 14.8803 34.2655 1.39834 0.993758 15.7641
-0.96453 -13.1352 -32.0454 -0.252782 -2.78597 -15.5405 1.61992 13.9293 32.7941 1.94128 3.03607 16.0689
-1.3115 -11.946 -32.1196 -0.45519 -3.13444 -17.5496 2.98729 12.9539 32.9246 0.814342 3.41782 18.0438
0.115549 -11.0181 -30.7664 -1.74333 -2.47836 -18.6831 0.593281 12.1126 31.6394 2.14523 2.48133 19.2541
-1.98034 -9.9655 -29.8873 -3.48074 -1.48985 -18.3712 3.25247 11.1099 30.8415 3.52408 1.79693 19.0514
-2.96746 -9.80365 -28.1667 -2.66273 -2.16046 -17.3753 3.97049 10.8144 28.9731 2.71972 2.55174 18.1466
-2.16426 -9.86706 -28.6466 -1.89716 -2.14101 -17.1145 2.49892 10.5815 29.4931 2.06716 2.23384 17.7686
-2.50767 -10.3566 -29.3747 -2.18515 -2.12474 -16.1596 2.903 11.0245 30.2257 3.03357 3.39653 16.696
-1.21986 -10.9736 -30.1464 -1.581 -2.53617 -15.7412 1.68879 11.8061 31.0158 1.89347 2.81249 16.1491
-0.682961 -11.6501 -31.3093 -1.99081 -1.61707 -15.1312 1.22037 12.6386 32.1258 2.33539 1.79111 15.4124
0.00799682 -10.6872 -31.2438 -1.93897 -0.17319 -15.7496 1.69001 11.4023 31.8839 2.30559 1.36101 16.139
0.382715 -10.6095 -30.4583 -0.568474 2.00017 -16.8128 3.40099 11.1737 31.1399 1.22731 2.80395 17.2423
0.467517 -10.8164 -31.3276 0.858262 1.6259 -18.2662 2.9178 11.2136 32.0642 1.24683 2.26933 18.72
0.932815 -10.7888 -31.415 1.05908 1.40529 -19.0587 2.53952 11.1751 32.1619 1.22668 2.07884 19.3949
1.38246 -11.8284 -31.9467 1.2216 1.61793 -18.5838 2.42352 12.4899 32.6174 1.38083 2.24096 18.9847
-2.52815 -7.49533 -19.4365 -5.68874 -2.43587 -11.4449 3.21306 7.64655 20.1365 5.92349 2.96847 11.54
-1.46793 -3.26485 -12.53 -8.96631 -1.62658 -6.36915 2.6348 3.53731 12.8581 10.3372 1.68662 6.59042
1.48618 -2.07901 -6.92961 -1.80683 0.688336 -3.18984 2.77703 2.83838 7.24991 2.40956 1.89529 3.48034
0.335088 -1.28538 -5.21699 0.587966 0.538318 -3.48296 0.771718 2.39431 5.5661 2.36851 1.23597 3.96312
0.500703 -2.02426 -4.95454 -4.4143 -0.387054 -4.13563 0.58465 3.11543 5.11302 5.41999 0.608207 5.03142
-1.81611 -1.95131 -6.36644 -18.8685 -2.11124 -3.43506 2.92305 3.52205 6.42592 18.8851 2.99812 4.25825
-7.92803 0.937299 -4.94067 -23.2501 -18.9543 -0.70941 8.07662 3.33657 5.02483 23.5654 18.9549 2.33255
-21.084 -0.06437 -1.06226 -28.6234 -20.6762 4.01061 21.2207 0.767844 1.58973 28.9613 20.9102 5.29589
-23.0823 4.12568 4.1038 -27.7794 -24.5463 2.11504 23.5531 5.39468 4.13713 28.0389 25.0579 2.23911
-16.3846 4.46096 5.68251 -35.4742 -23.9045 4.92308 17.2394 4.69583 5.71629 35.8811 24.4007 5.04088
-14.1876 6.54212 4.41708 -38.4052 -21.9486 6.2977 15.1765 7.02091 4.42569 38.5446 22.8157 6.46039
-13.2927 5.32149 3.03663 -42.1289 -22.6017 7.27425 14.2565 6.00998 3.06316 42.2388 23.3766 7.71706
-14.2972 6.12913 2.66162 -41.4382 -21.0575 7.28433 14.9833 7.34655 2.75869 41.5191 21.6336 7.95071
-14.9495 5.14786 2.27879 -38.5574 -21.6185 5.53894 15.4291 6.52762 2.32874 38.7089 22.0486 5.83591
-15.3694 4.18811 1.81452 -34.9774 -20.791 5.05423 15.7174 5.15293 1.90156 35.154 21.0483 5.28447
-15.7093 2.93689 1.63863 -32.6853 -20.6102 4.10023 15.9937 3.80901 1.68866 32.8636 20.8475 4.20155
-14.3985 2.20215 1.34496 -31.248 -18.6858 2.73017 14.694 3.07452 1.44947 31.3988 18.8773 2.79326
-13.9771 1.65422 0.762398 -30.7821 -17.5633 1.427 14.2475 2.85201 0.935017 30.9304 17.8189 1.62924
-11.4424 1.63439 0.326044 -29.2056 -15.8396 0.724217 11.6509 2.32309 0.594654 29.3509 15.9796 0.783126
-10.0976 1.06194 0.607817 -28.1741 -16.1212 0.890647 10.2836 1.23299 0.700835 28.3469 16.2462 1.04167
-9.72373 0.106017 0.383854 -27.3449 -16.5644 0.609823 9.84699 0.522304 0.580129 27.4767 16.7063 0.964361
-9.98588 -0.394312 0.408289 -27.1301 -14.891 -0.27691 10.0532 0.583072 0.652232 27.2671 14.9478 0.730047
-10.4794 -0.697677 -0.106776 -25.4019 -14.3047 -1.5177 10.507 1.03889 0.503636 25.5376 14.3613 1.75778
-11.2887 -0.791323 0.649561 -25.716 -14.4482 -2.61975 11.3101 1.38805 0.809545 25.8538 14.5673 2.95075
-11.5312 -2.3997 -0.386674 -24.0249 -14.3113 -3.31061 11.5686 2.64559 0.550853 24.1564 14.4152 3.6342
-11.0922 -3.57549 -1.18834 -23.9028 -13.4463 -1.89748 11.1322 3.61882 1.217 24.071 13.5173 2.00204
-10.7214 -3.59761 -0.837592 -23.5443 -13.9261 -3.11045 10.7622 3.61267 0.840573 23.6801 13.9939 3.19735
-10.1883 -3.60385 -1.62996 -24.7244 -14.3196 -3.30593 10.2282 3.73899 1.98733 24.8545 14.397 3.31667
-10.0955 -2.18902 -2.073 -24.9898 -14.2354 -3.13336 10.1356 2.36438 2.63405 25.1031 14.3459 3.14862
-9.9008 -2.05189 -2.58226 -24.8305 -13.3559 -2.56094 9.95115 2.12506 2.83 24.9154 13.4299 2.74393
-9.46078 -1.8728 -2.18745 -26.6208 -13.5879 -1.88274 9.51624 2.12622 2.40552 26.7153 13.6991 2.25848
-10.0588 -1.46256 -1.29975 -27.1351 -13.8938 -0.746418 10.1495 1.86415 1.56613 27.2106 14.0219 1.42088
-10.5699 -1.02398 -0.634293 -27.6999 -13.6809 0.0217189 10.6866 1.24924 1.32144 27.778 13.8259 1.08383
-11.2922 -0.347926 -0.0329626 -27.3566 -13.6907 0.105211 11.4386 0.690058 1.48925 27.4325 13.9022 1.22176
-11.2342 0.747934 0.313209 -28.3769 -13.7946 0.670347 11.3643 0.927856 1.60768 28.4665 13.9916 1.3528
-10.6327 1.49433 0.556851 -28.9501 -14.1282 0.985468 10.773 1.65273 1.39939 29.0694 14.3837 1.45897
-10.7845 2.03141 0.637639 -29.1227 -14.7351 1.42198 11.0269 2.12155 1.27229 29.2419 15.0489 1.82482
-6.54625 -0.384575 -8.36813 -19.104 -8.35641 -2.96983 6.76253 1.12035 8.53417 19.2702 8.64799 3.11434
-3.1085 -2.13172 -7.79585 -11.3716 -4.46974 -4.954 3.27287 2.9334 7.91497 11.7334 4.81588 5.3281
-1.36374 -0.277685 0.339447 -6.16442 -2.9287 -13.1837 1.56249 0.281667 2.02572 6.66736 3.0308 13.3336
-2.75173 2.06603 1.2054 -4.08114 -5.36395 -19.6523 2.8425 2.27359 1.59501 4.74122 5.40124 19.9828
-5.73415 2.48368 -6.89916 -2.00475 -1.16961 -21.1103 5.73662 3.47436 7.01208 2.72044 1.55384 21.612
-4.2625 1.31187 -8.4164 0.108888 -0.956764 -18.5561 4.43141 2.0861 8.56718 3.21442 1.29247 19.2371
-4.47478 -11.3137 -5.36224 0.263474 -0.14209 -14.6377 5.4 11.3774 5.47224 2.81459 0.915012 15.6798
-3.50984 -15.7902 -18.217 2.62493 0.852252 -14.2947 3.96663 15.955 18.4124 3.45305 1.26356 15.7673
0.930207 -18.6637 -28.9196 5.09553 1.10588 -16.6401 3.00322 18.7192 29.0496 5.4389 1.18992 17.8728
3.85479 -17.1367 -43.7144 3.88825 3.42122 -21.0496 4.3081 17.1777 44.0245 4.17946 3.94734 21.4976
5.34345 -19.8362 -40.1974 4.35492 5.19694 -24.8106 5.37285 19.9805 40.7295 5.1537 5.31445 24.9969
4.87621 -20.7642 -44.5658 5.01635 4.97216 -24.6349 4.91105 20.8288 45.0389 5.62056 5.66254 24.6624
3.94384 -20.9559 -45.8463 4.33732 3.8026 -25.0373 3.94549 20.9975 46.398 4.4546 4.06709 25.0923
3.99847 -18.2281 -47.1117 4.18339 4.299 -24.8266 4.00887 18.2668 47.3996 4.47104 4.52346 24.9002
4.12912 -17.1749 -47.4657 3.63843 4.59244 -24.2212 4.17377 17.2966 47.9052 4.09534 4.75659 24.2821
3.69102 -18.1292 -46.4091 2.02831 3.75532 -22.3577 3.82046 18.4384 46.8961 2.65708 3.9215 22.4055
3.29131 -19.4536 -44.6858 1.2488 2.91502 -19.3917 3.32119 20.0734 45.3144 1.59562 2.97007 19.5026
2.08409 -18.7739 -42.6008 0.455702 2.2129 -17.3726 2.16732 19.6201 43.3697 0.853895 2.26147 17.5521
1.34427 -16.7364 -41.2476 0.511456 1.39482 -17.9235 1.55412 17.8474 42.24 0.869232 1.62964 18.2039
0.696567 -14.6612 -37.9732 0.847911 0.854184 -17.8547 1.00776 15.6742 38.8799 1.46815 1.23809 18.2084
0.531243 -14.3039 -37.0221 0.276681 0.305111 -17.1799 0.932225 15.5142 37.9238 1.36909 0.839302 17.5257
-0.456095 -13.5581 -36.8703 0.971956 -0.747976 -14.9014 1.25353 14.7197 37.8272 1.48324 1.2202 15.307
-0.973898 -12.6276 -36.324 0.554324 -1.7757 -13.2595 1.13273 13.983 37.2862 1.41764 1.93191 13.7388
-1.11369 -11.3307 -34.3692 1.01159 -1.70621 -13.679 1.71132 12.9304 35.2569 1.4369 1.72236 14.3219
-1.28704 -10.5944 -34.4372 -0.641288 -1.68039 -13.3594 2.76307 12.3131 35.5145 0.992504 1.78985 14.0804
-0.829356 -10.4383 -33.6887 -1.4116 -1.60142 -14.4221 2.52681 11.9056 34.7721 1.8227 1.71687 15.3212
-1.95019 -11.1518 -34.1908 -2.89554 -2.63366 -14.0219 2.25817 12.3331 35.3831 3.00798 2.66663 14.733
-1.75995 -10.8898 -34.2026 -2.88969 -3.40232 -12.5794 2.11015 12.1762 35.3552 3.31867 3.773 13.451
-1.91027 -9.70175 -33.0751 -3.17936 -3.18481 -12.9336 3.83942 11.1248 34.1209 3.35444 3.53712 13.8897
-1.62777 -8.89685 -33.7368 -2.84254 -2.56221 -13.5478 1.82385 10.01 34.7564 3.01915 2.78054 14.3548
-1.77322 -9.03437 -34.863 -2.17867 -1.37537 -13.5244 2.85135 10.0657 35.939 2.41081 1.9919 14.2972
-1.46695 -9.92204 -34.8271 -1.26449 0.771722 -13.9126 4.33162 11.1638 35.9293 1.59568 1.15638 14.8502
-0.785398 -10.3837 -34.7404 -1.29044 1.29153 -14.7921 2.05186 11.438 35.8673 1.53198 1.8601 15.6258
-0.235999 -11.336 -34.8889 -0.481711 1.04389 -15.108 1.6456 12.4223 35.9719 0.932007 2.25704 15.8169
0.335507 -12.1392 -36.142 0.368118 0.75126 -16.0477 2.06208 13.2527 37.3042 0.985018 1.94828 16.4545
0.970661 -12.4414 -36.4874 0.946258 0.821041 -15.5096 2.21051 13.6485 37.6337 1.15963 1.5314 15.8854
1.24193 -13.0171 -38.0164 1.282 1.36107 -14.625 2.57357 14.4975 39.1807 1.47413 1.88957 15.1873
-3.96564 -7.11868 -21.6757 -5.50882 -2.54559 -7.48183 4.71888 7.43864 22.5262 6.05536 3.00819 7.53042
-2.14323 -3.16142 -14.1372 -6.63112 -0.929073 -3.77926 2.64649 3.28925 14.6488 7.79745 1.35885 3.81869
1.33075 -2.3543 -8.5829 -1.86505 1.37976 -2.62278 2.14654 3.47021 9.16207 1.94177 2.07242 2.97324
-19.8633 -2.06537 -5.47783 -0.201316 0.643011 -2.75062 19.886 2.12846 6.03118 1.7116 0.946709 3.03465
-15.8205 -2.29604 -3.0967 1.01162 -1.05843 -7.85179 16.2717 2.39908 3.32831 1.55007 1.09041 7.97535
-12.6657 -3.07369 0.163569 -23.9164 -10.5649 -10.4231 13.5799 3.32091 2.18729 23.9377 10.6169 10.4485
-12.6095 0.156298 1.69689 -27.9908 -19.9707 -1.87569 13.6925 0.671552 2.0609 28.372 20.2991 2.96896
-14.7347 2.50766 2.77868 -33.1006 -21.1363 1.73878 15.4756 2.8569 2.80752 33.189 21.7367 2.10187
-20.1151 5.23767 4.20289 -34.7609 -19.9456 6.9043 20.4057 5.72703 4.43612 34.8287 20.6253 7.02216
-23.4788 5.88061 4.95141 -33.9683 -18.4418 6.84447 23.7632 6.70172 4.95495 34.1171 19.131 6.95421
-24.0077 5.50791 4.19147 -33.7149 -16.0689 5.22754 24.3076 6.3906 4.21408 33.9199 16.7969 5.30229
-23.4814 5.8761 3.76221 -36.5616 -17.8459 4.36923 23.7549 6.69338 3.77857 36.687 18.5294 4.41796
-21.3842 6.00155 3.33083 -38.5538 -18.4273 4.07364 21.7279 6.72861 3.33734 38.6217 18.8252 4.15292
-18.8076 4.58653 2.86121 -37.4578 -19.3352 5.31665 19.2347 5.81358 2.91692 37.5177 19.6511 5.55798
-16.2706 3.32246 2.12022 -35.7821 -20.2945 4.58788 16.613 4.00387 2.33631 35.833 20.5 4.67771
-15.2753 2.41037 1.77582 -35.3358 -20.3252 3.32282 15.554 2.86124 1.87253 35.3602 20.4453 3.48462
-14.7116 1.83765 1.16495 -35.4461 -17.9675 2.72313 14.9464 2.17815 1.27937 35.4518 17.99 2.89745
-14.3774 1.75262 0.457556 -35.2116 -16.349 1.98753 14.5554 1.94314 0.906578 35.2209 16.3591 2.24263
-14.3023 1.59648 0.067841 -34.2557 -14.9871 1.87173 14.4219 1.59902 0.794767 34.268 15.0006 2.3253
-14.4045 1.00731 -0.313418 -31.6164 -13.3271 0.617858 14.5018 1.26263 0.66204 31.6246 13.339 1.15838
-13.8898 -0.113722 -0.0199125 -30.1786 -13.0048 -0.0778398 13.9208 1.30046 0.724538 30.1828 13.0255 0.989321
-13.2528 -0.755593 0.0452885 -27.986 -13.6669 -0.864738 13.2732 1.19063 0.195324 27.9939 13.6798 0.918519
-13.0949 -0.346018 0.331517 -27.7558 -13.5169 -2.2119 13.1599 1.41575 1.73405 27.7566 13.5306 2.5281
-12.7033 -1.63341 -1.18694 -27.8326 -12.9253 -3.73672 12.7707 2.46741 1.82946 27.8413 12.957 4.02326
-11.6844 -2.20967 -1.64858 -25.9646 -13.3489 -3.50751 11.748 2.47439 1.81012 25.9698 13.3762 3.68523
-11.4301 -4.22253 -0.369531 -26.7411 -12.53 -1.18296 11.5031 4.66636 1.16112 26.7439 12.5346 1.49431
-11.2248 -3.98273 -1.24256 -26.88 -11.7717 -2.6482 11.2754 4.09667 2.16471 26.8812 11.7751 2.86891
-11.228 -2.92262 -2.04506 -27.6861 -11.6858 -2.62107 11.2743 3.07242 2.12499 27.6871 11.6863 2.95527
-11.7344 -2.43811 -2.8893 -28.1189 -11.7 -2.40246 11.8155 2.827 3.35689 28.1395 11.708 2.46802
-12.1038 -1.43007 -2.1185 -28.5323 -12.0825 -2.96032 12.2158 2.33038 3.28831 28.5631 12.1113 3.18716
-11.8702 -1.17255 -1.71448 -29.3702 -12.0024 -2.18104 11.9171 1.83163 2.17837 29.4034 12.0261 2.63941
-11.8734 -1.45461 -1.14923 -29.4334 -12.2337 -1.07362 11.9045 2.03154 1.53001 29.4451 12.2398 2.19616
-11.9994 -1.00928 -0.215943 -29.4057 -13.1 0.0857138 12.0654 1.94994 1.2181 29.4077 13.1091 1.06265
-12.3807 -0.616164 0.0773798 -29.6085 -13.2904 0.648921 12.532 1.37478 0.887242 29.623 13.3181 1.07878
-12.2927 0.0615043 0.561264 -31.4831 -13.3106 1.17188 12.4753 0.895168 1.19395 31.4868 13.375 1.49688
-12.3653 1.0986 0.765278 -31.6201 -13.5225 1.31522 12.5789 1.40796 1.1642 31.6336 13.5949 1.64133
-12.112 1.66942 0.890386 -31.4592 -13.7044 1.87296 12.3708 1.90993 1.11696 31.4851 13.819 2.12671
-5.67131 -3.09552 -8.60701 -15.6605 -6.56272 -6.74255 5.86488 3.40042 8.63294 15.7319 6.81529 6.86506
-2.58988 -1.98559 -2.37858 -8.07879 -3.8684 -5.50316 2.71589 2.38033 2.61681 8.43378 4.08035 5.81384
-1.80074 0.499069 2.14961 -5.50056 -3.09271 -1.13148 1.82201 1.02867 2.56203 5.83912 3.28673 1.18821
-2.07356 -4.97771 2.44539 -5.17318 -2.38988 -0.925854 2.12119 5.24747 2.61278 5.27838 2.68869 1.46743
-3.25537 -12.8298 -2.3218 -4.08834 -3.95328 -20.8996 3.26001 12.8652 3.30563 4.31844 4.18185 21.2419
-2.63041 -15.1086 -21.6105 -0.681588 -6.92918 -22.3728 2.63415 15.1899 21.8251 2.03792 7.15591 22.4095
-1.86936 -16.7793 -33.565 1.45777 -2.31017 -27.1718 2.14875 16.9095 33.6446 2.36124 2.38317 27.2299
0.947647 -18.8513 -40.1863 4.02536 0.284482 -22.6732 2.18612 18.8704 40.3695 4.31823 0.60429 22.7765
4.06272 -20.7108 -39.5376 4.82859 4.38778 -21.2336 4.5368 20.7318 39.9312 5.01191 4.42732 21.4596
4.73999 -20.1237 -37.6551 4.48294 4.62418 -21.874 4.76176 20.1516 38.1153 4.66324 4.64289 21.9564
4.69387 -18.7372 -38.2211 4.59428 4.5474 -21.8466 4.69707 18.772 38.8022 4.76037 4.58579 21.8927
4.30074 -19.9651 -42.8962 5.12882 4.66871 -23.3093 4.33845 20.0473 43.4022 5.3621 4.69344 23.3516
3.48696 -18.8823 -44.8603 4.90087 4.06839 -22.8514 3.55275 19.0125 45.3959 5.21235 4.14807 22.93
3.85588 -18.1952 -47.0492 3.61543 3.81685 -20.7687 3.8646 18.4295 47.5723 3.84249 3.94545 20.8474
4.2577 -17.2668 -47.129 2.81838 3.68932 -18.6229 4.28122 17.7172 47.7298 2.96648 3.77796 18.7587
3.58082 -16.4081 -45.6286 1.53705 3.76082 -17.3071 3.64359 17.052 46.3342 1.55456 3.791 17.6046
2.39003 -13.2079 -43.6497 0.762019 3.16344 -17.2765 2.66477 13.9666 44.6154 0.890234 3.16364 17.7463
1.98349 -6.25198 -41.2426 0.507185 2.22106 -18.6907 2.23187 6.92231 42.4065 0.674251 2.24684 19.2839
1.20833 -2.86378 -36.1986 0.233403 1.50438 -19.3033 1.40853 3.20471 37.4954 0.761098 1.7833 19.9171
0.603118 -0.663603 -30.86 -0.143969 1.01885 -18.8148 0.986201 1.47064 32.2091 1.24064 1.46244 19.4048
-0.226325 -3.24543 -26.6495 -0.632833 0.320427 -18.584 1.34104 3.48328 28.1613 1.60006 0.994915 18.9108
-2.26951 -16.7529 -24.3671 -0.597505 -1.76517 -18.3698 2.76805 17.8145 26.1065 1.45581 2.03487 18.6138
-2.7864 -15.4011 -27.9656 0.998523 -4.9011 -16.168 2.9922 16.3919 30.0183 1.34916 4.97003 16.5225
-3.09485 -13.7138 -30.1846 0.871245 -3.04759 -14.82 3.35294 14.3704 31.7192 0.892411 3.16792 15.1777
-0.95405 -9.31317 -34.5234 -0.97776 -4.11336 -11.7099 2.05667 10.073 35.8722 1.82211 4.63665 12.2659
-2.0591 -8.81694 -37.0319 -1.07887 -1.90247 -10.0445 2.57068 9.55604 38.4026 1.62549 2.39784 10.4352
-1.04201 -9.44025 -38.5321 -4.04935 -0.973133 -9.67246 1.51475 10.2277 40.0039 4.13007 1.31539 9.92158
-0.644722 -9.46362 -40.2536 -3.84726 -2.59794 -9.86752 2.22773 10.5389 41.8111 4.16549 2.98355 10.2155
-0.373643 -8.32067 -40.5962 -3.34871 -2.5603 -13.0295 1.80559 9.33987 42.4002 3.45163 2.56268 13.4979
-1.43118 -7.21758 -38.3402 -3.39031 -1.19698 -15.2256 1.80569 8.37136 40.2968 3.64348 2.08589 15.9651
-1.5935 -7.93089 -36.4727 -1.69872 0.276773 -16.0698 2.33226 8.64878 38.3736 2.75382 1.38767 16.8906
-1.44468 -8.49171 -35.9984 -0.462683 1.07082 -14.8937 2.90547 9.20286 37.8907 1.55016 1.99939 15.9085
-0.646714 -9.12611 -36.7878 0.630247 0.801861 -14.193 2.18596 9.76602 38.6683 1.37467 3.56331 15.1686
0.52752 -9.68843 -38.4354 0.655604 0.0524117 -13.222 1.94748 10.5437 40.2112 1.29703 1.97808 13.9867
1.30108 -9.478 -39.7542 0.361981 0.194159 -12.6427 2.55144 10.3737 41.4245 0.938832 1.68714 13.3623
1.25506 -9.83941 -40.9586 0.421868 0.530123 -12.8243 2.42403 10.5573 42.6203 0.86334 1.40431 13.5035
1.31165 -10.0633 -42.188 1.0522 1.05787 -12.5385 2.59104 10.9324 44.0067 1.24834 1.73594 13.3241
-5.42132 -4.95438 -23.2751 -3.71619 -3.12161 -6.37771 5.80383 5.15402 24.7249 4.83158 3.52922 6.51992
-1.22038 -2.37705 -11.9991 -4.07944 -0.176174 -3.63931 1.38154 3.2349 12.9992 4.65048 1.46111 3.69892
1.69369 -1.11315 -8.34636 -1.63919 1.03848 -3.19648 2.17045 2.75766 9.06827 1.81704 2.28988 3.39016
1.09529 -1.73907 -6.28655 1.45724 -3.99835 -4.93332 1.52996 2.45203 6.77118 2.42522 4.31239 5.06264
-15.1397 -4.18407 -2.95721 2.44741 -15.8249 -5.86835 15.1579 4.51348 3.58227 2.89787 15.9206 6.0309
-12.9331 -6.5884 0.267762 -5.35508 -9.76461 -8.82697 13.6933 6.89782 2.33966 5.6378 9.78132 9.20054
-12.5828 -3.75086 3.29104 -26.4365 -15.3679 -4.71491 13.3341 3.88803 3.49941 26.606 15.8531 4.75632
-12.9841 -0.871055 3.72669 -37.9566 -18.3654 -1.00721 13.8889 1.25772 3.7294 38.1483 18.8636 1.10629
-15.8867 4.30851 2.37894 -39.5605 -17.7549 4.90656 16.1102 4.50846 2.55918 39.6451 18.3953 5.02862
-19.8956 6.35253 3.23741 -35.7795 -18.5025 7.00484 19.9959 6.84188 3.35411 35.8485 19.2328 7.13964
-21.2914 6.15442 3.12974 -34.8509 -18.2869 5.15928 21.5051 7.42161 3.26323 34.8908 18.8537 5.30828
-22.4757 5.8035 4.18662 -35.9919 -20.5369 4.73848 22.759 6.89945 4.27187 36.0643 21.0605 4.92666
-20.3959 5.41237 4.43509 -36.8073 -21.6478 4.69424 20.7525 6.27563 4.53752 36.8628 22.1587 5.03949
-17.4348 4.74105 3.73278 -36.6674 -22.5023 5.4056 17.8032 5.48961 3.77417 36.7337 22.9478 5.6804
-15.2816 4.10393 2.59581 -35.8284 -21.5481 4.88444 15.6974 4.73044 2.59679 35.9201 22.041 4.98125
-14.2829 3.83575 1.81984 -35.5115 -18.8274 3.62942 14.6483 4.4668 1.84441 35.6153 19.1655 3.67226
-13.6475 3.53824 1.01171 -35.1727 -18.5137 3.07182 13.906 4.08715 1.11192 35.2593 18.8279 3.09818
-13.2625 2.22519 0.612232 -33.6604 -17.6053 2.72078 13.4108 2.77213 0.984622 33.6982 17.8317 2.9223
-13.4741 0.988344 0.0665062 -32.6822 -16.705 1.37832 13.5869 2.0499 0.928204 32.7105 16.8561 2.24195
-12.8498 0.730663 -0.372616 -31.6577 -15.4788 0.43033 12.9206 1.32212 0.987776 31.684 15.5191 2.09577
-12.5724 -0.113522 -0.189874 -28.778 -15.1826 -0.792965 12.6113 0.987946 0.682151 28.7962 15.2162 1.63919
-12.6209 -0.291039 -0.159135 -28.2119 -16.0074 -1.86147 12.6435 1.00493 0.622213 28.2386 16.0349 2.4292
-11.345 -0.706129 -0.27482 -26.9327 -15.3164 -2.7887 11.3481 1.26662 0.997878 26.9571 15.3168 3.41891
-10.8418 -2.3992 -0.801777 -26.5158 -15.6167 -3.29808 10.8546 2.76807 1.58191 26.5455 15.6175 3.74088
-10.3384 -2.8323 -0.188527 -26.0922 -15.6354 -3.24447 10.3621 2.97085 1.5381 26.1053 15.6356 3.85934
-9.92674 -3.74012 -1.12086 -25.724 -14.4537 -1.85213 9.94927 3.78079 1.40113 25.7429 14.4586 2.30916
-9.88023 -3.19165 -1.85719 -26.2779 -13.1085 -2.67259 9.89289 3.34637 1.86125 26.3106 13.1152 2.7557
-10.3714 -1.55587 -2.22249 -27.1991 -12.8833 -2.78569 10.3891 1.87215 2.35723 27.2518 12.9056 2.88583
-10.3678 -2.09883 -1.95319 -27.9716 -13.4522 -2.70752 10.3788 2.10376 2.2328 28.0368 13.4935 2.86614
-10.2609 -2.27284 -1.76528 -27.5967 -13.8798 -2.44001 10.2873 2.5584 2.45141 27.6449 13.9058 2.70145
-10.3634 -3.40414 -1.78265 -27.3256 -14.0756 -1.42008 10.4161 3.55276 2.64018 27.344 14.0924 1.95116
-10.4873 -1.89033 -0.887932 -28.31 -14.1516 -0.532024 10.5588 2.05936 1.40704 28.3174 14.1829 0.794002
-10.7292 -0.480769 -0.156026 -28.3178 -14.0414 -0.00717802 10.8285 1.20543 1.0784 28.3451 14.1035 0.766694
-10.7583 0.534888 0.331213 -29.5187 -14.5264 0.209677 10.9282 0.958368 1.04858 29.565 14.5797 0.877912
-10.5135 1.76371 0.565878 -30.0149 -15.3059 0.989379 10.6884 1.81762 1.34306 30.0611 15.4361 1.42295
-10.9809 1.91519 0.736118 -30.6166 -15.2257 1.58277 11.1795 1.92919 1.34033 30.6572 15.3527 2.02888
-7.21702 -0.0746252 -6.48728 -20.0659 -9.88608 -3.69609 7.38921 0.939209 6.57297 20.0861 10.0508 4.00412
-4.212 -2.74803 -7.54402 -12.4106 -5.53036 -7.87169 4.36102 3.93852 7.6975 12.5164 5.82309 8.08674
-1.96244 -4.83428 -0.545021 -7.19471 -2.94811 -3.476 2.47755 5.14796 1.27885 7.46906 2.9908 3.83657
-3.34477 -13.1066 1.9796 -4.26114 -3.05202 -0.499357 3.50886 13.1959 2.33619 4.58276 3.08765 0.601158
-1.54767 -12.392 1.97531 -2.72505 -6.25063 -8.34231 1.59075 12.4287 2.32054 3.16584 6.29985 8.52327
-4.56911 -9.19705 -17.6425 0.0793881 -9.17617 -21.5808 4.65849 9.48622 17.8023 2.39071 9.20154 21.5921
-2.25101 -11.7478 -31.2517 1.0913 -2.40532 -23.5468 2.28674 12.2582 31.5358 2.62024 2.43466 23.7767
0.0578952 -15.7676 -40.131 3.74622 0.314487 -24.2092 3.62832 16.0416 40.5239 3.78421 1.81849 24.7349
3.59846 -21.494 -38.991 4.46572 3.55709 -22.2124 4.42835 21.5051 39.7505 4.47612 3.65335 22.614
4.91355 -24.1511 -35.9826 4.87662 4.31707 -22.8728 4.92194 24.1627 37.0741 5.13407 4.36008 23.209
4.73345 -22.0506 -37.5321 4.41273 3.99637 -23.525 4.7581 22.077 38.6591 4.60446 4.02818 23.7934
4.24828 -21.0406 -39.3716 5.24282 4.38823 -22.5283 4.3982 21.0835 40.1588 5.61809 4.39801 22.677
3.63284 -20.7525 -45.2032 4.76838 4.6605 -22.2192 3.66014 20.8618 45.92 5.14768 4.68282 22.2731
3.16184 -19.071 -49.2161 3.59262 3.91112 -21.1337 3.22623 19.2543 49.798 3.77976 3.97314 21.2495
4.03121 -19.0182 -50.0574 2.91275 4.01883 -18.7022 4.06563 19.3692 50.6506 3.14572 4.07525 18.8382
4.36262 -16.9165 -50.1073 2.65792 4.1162 -17.1136 4.45358 17.5159 50.8122 2.95704 4.15889 17.401
3.6131 -15.8621 -47.0344 1.6299 3.53324 -17.3221 3.81648 16.6309 47.9102 1.76422 3.58158 17.7944
2.52983 -14.8373 -44.3819 0.53424 2.41113 -17.9113 2.60075 15.5134 45.3197 0.62245 2.55143 18.6519
1.41453 -13.6083 -42.3286 0.437333 1.86129 -19.7775 1.57833 14.2992 43.5335 0.697469 2.19206 20.5379
0.565943 -12.7581 -40.5881 0.238473 1.00999 -19.5081 1.3186 13.6723 41.9058 0.474879 1.4579 20.3174
-0.38094 -11.7025 -41.0616 0.27042 0.453454 -16.4752 1.40715 13.127 42.5698 0.780116 0.8764 17.5069
-1.55072 -12.3423 -38.8421 -0.0450621 -0.536498 -15.5199 1.98305 13.7291 40.1255 0.364458 1.069 16.573
-1.4304 -13.5646 -38.0212 0.264963 -1.83601 -13.3157 1.77026 14.8654 39.2837 0.595633 2.1603 14.304
-1.51898 -14.2582 -37.7774 -0.522072 -2.58255 -12.1872 1.88263 15.398 39.0824 1.0573 2.87511 13.0345
-1.12198 -13.1146 -37.4323 -2.15772 -2.91382 -12.0055 2.52585 14.6001 38.8168 2.5695 3.12931 12.5774
0.432468 -12.4451 -35.7352 -1.86227 -2.77058 -11.885 1.55212 14.1763 37.0902 2.10309 2.82222 12.4451
-0.847122 -11.5531 -34.4204 -3.50947 -2.32307 -12.3984 1.09309 13.291 35.6849 3.52197 2.3615 13.1892
-2.3221 -11.6689 -34.9717 -3.50464 -1.79274 -12.1689 2.60994 13.0011 36.2939 3.56855 1.86251 12.8436
-1.91516 -11.5845 -35.1918 -2.41363 -1.21995 -12.2302 2.68245 13.0175 36.5273 2.64575 1.5478 12.9932
-2.63071 -12.2486 -35.7852 -1.97879 -1.30008 -12.1671 3.14106 13.4799 37.201 2.12007 1.58737 13.001
-1.59408 -11.3631 -34.6571 -2.12251 -1.18314 -12.765 1.978 12.7687 35.9257 2.31615 1.2014 13.5168
-0.833711 -11.2819 -34.6885 -1.62278 -1.69681 -12.6573 1.65177 12.5597 35.842 2.37175 2.27275 13.4251
-0.280159 -11.1209 -35.9291 -0.926827 -0.708772 -13.1615 1.20717 12.2917 37.1349 1.30362 1.32857 13.8515
0.0704772 -12.1955 -36.0855 -0.013091 0.344374 -12.5225 1.71897 13.4937 37.2823 0.730169 1.31661 13.2677
0.455735 -13.0046 -36.7011 0.470219 1.07323 -12.7839 2.07564 14.0628 37.8633 0.829674 1.83494 13.6628
0.975905 -13.103 -38.0993 0.427904 1.53089 -12.7838 2.11919 14.289 39.3048 0.688111 2.27931 13.5953
1.49169 -12.9693 -39.0921 0.289349 1.64179 -13.4947 2.30767 14.2877 40.3417 0.778495 2.1719 14.4269
-4.32493 -8.38571 -24.861 -2.67572 -3.02734 -9.89183 5.56916 8.8351 25.8215 3.14733 3.88393 10.1784
-3.97861 -3.39767 -17.3917 -5.38167 -2.64063 -5.92064 4.15966 3.48912 18.1332 6.87372 3.261 6.07461
0.46062 -1.5236 -9.35836 -2.61557 1.11342 -4.3733 2.33984 1.6472 9.85408 2.77717 1.82666 4.72819
1.06875 -1.2882 -5.6108 -1.12677 1.21406 -3.61415 1.70094 1.80596 6.05081 1.52235 1.96637 4.09246
0.506215 -3.29769 -4.37251 3.38303 -1.28153 -4.52388 0.572527 3.6957 4.68711 4.05722 1.44377 5.10798
0.51294 -3.39675 -3.74617 -1.55088 -18.1157 -5.64185 1.79205 3.59461 4.05757 2.21682 18.1309 6.15533
-0.864918 -4.50304 -1.68113 -13.9814 -17.4499 -5.66447 2.49634 4.74354 2.48681 14.2235 17.9185 6.67058
0.38213 -5.88155 -0.907797 -5.29269 -18.7693 1.32884 2.07472 5.99529 2.09794 6.24722 19.5497 1.89211
-0.157193 -3.01607 0.944832 -4.22443 -14.0211 2.76398 1.2665 3.90369 1.96397 4.29544 15.3027 2.80554
-17.829 -3.56693 3.90032 -23.0318 -14.9874 5.04992 18.0895 4.62729 3.93764 23.0839 16.355 5.10603
-23.0878 0.46217 4.50907 -33.1905 -15.8538 4.26815 23.9456 2.87751 4.60279 33.2474 16.5852 4.43928
-23.3803 5.86591 3.37801 -37.7295 -16.5533 4.51504 24.2259 6.32232 3.63986 37.7337 17.4553 4.86993
-23.1446 6.74725 3.74053 -37.463 -21.5724 4.19322 24.213 6.95674 3.75667 37.489 22.1942 4.63157
-19.417 6.06832 3.84025 -37.2635 -23.3285 4.7166 20.6099 6.60484 3.86936 37.3909 23.8474 5.08485
-16.8053 4.74509 3.51316 -37.2435 -24.1067 5.73629 18.0125 5.13023 3.52496 37.4434 24.4925 6.38232
-14.1703 3.33662 2.47418 -37.7709 -24.6566 5.42877 15.4936 3.64953 2.50568 37.9578 25.2329 5.93118
-11.4057 2.81303 1.52161 -37.037 -23.6003 5.34512 12.5793 3.28375 1.72902 37.1814 24.0741 5.70873
-12.058 2.84034 1.15928 -36.2202 -20.2352 4.25878 12.9737 3.22663 1.40407 36.3466 20.7411 4.44385
-12.8674 3.46608 0.519108 -36.521 -16.9985 3.29428 13.3287 3.70406 0.826707 36.5364 17.4225 3.47522
-14.3928 1.89144 0.116712 -35.4714 -16.2525 1.60546 14.6644 2.54274 1.02531 35.4754 16.6376 1.73619
-14.4032 1.60202 -0.409678 -33.7764 -14.7738 0.186308 14.5318 1.88065 1.00197 33.791 14.9521 0.492979
-14.0419 0.6491 -0.277605 -32.5385 -14.8934 -1.01603 14.0903 0.992891 0.637777 32.5557 14.9678 1.21012
-12.8576 -0.435542 -0.108749 -30.004 -16.1179 -2.40045 12.8945 1.2122 0.941839 30.0476 16.1509 3.32882
-10.6719 -2.83513 -0.43286 -29.6004 -16.7406 -2.55974 10.7775 2.86676 0.585973 29.6389 16.7614 3.33128
-9.5629 -3.26785 -1.67554 -28.8322 -15.7947 -4.06454 9.60671 4.27467 2.24242 28.8698 15.7988 4.24531
-8.66948 -3.69291 -0.745639 -30.3912 -15.3339 -0.861354 8.77566 4.80094 1.52016 30.4091 15.3589 1.65997
-8.62187 -3.62387 -2.25816 -29.077 -15.4749 -2.30559 8.64746 4.06022 2.36999 29.0842 15.5359 2.37578
-8.16445 -3.48363 -1.22085 -28.2998 -14.9906 -3.36731 8.16763 4.21039 1.80111 28.3054 15.018 3.70947
-8.12424 -3.19649 -2.04841 -28.9782 -14.5297 -2.20139 8.12663 3.85883 2.21802 28.9827 14.5775 2.54237
-8.97038 -2.90139 -1.86809 -29.0967 -14.4634 -2.50408 8.99184 2.98138 2.20322 29.1154 14.5432 2.82828
-9.39392 -1.87634 -1.65886 -29.5011 -13.3823 -2.03521 9.40213 3.15345 1.98464 29.5526 13.456 2.14605
-9.69419 -0.445536 -1.34133 -29.0447 -13.8219 -1.36696 9.7005 0.936667 1.89649 29.0874 13.887 1.39369
-9.43784 0.248867 -0.523744 -29.7678 -15.3967 -0.676729 9.44096 1.80379 1.04487 29.7869 15.4966 1.20665
-9.08598 0.303397 0.281453 -29.94 -16.8042 -0.0347967 9.09902 1.75149 0.95678 29.9414 16.8871 0.808744
-9.5445 0.274992 0.663367 -28.8488 -17.6002 0.564999 9.6445 0.978419 1.36023 28.8631 17.7388 0.923429
-9.56298 0.6822 0.715016 -29.3527 -17.0765 1.15068 9.7243 0.893429 1.31921 29.3752 17.2556 1.35218
-10.1278 1.71982 0.816272 -29.9392 -16.277 1.42343 10.4111 1.83899 1.10845 29.9849 16.4906 1.55947
-6.34228 -3.79012 -7.00484 -18.6873 -8.62029 -3.80991 6.57563 4.02933 7.03332 18.6885 8.91535 3.97815
-3.9029 -5.29752 -6.20655 -10.6384 -4.00776 -6.35852 4.10883 5.6727 6.28157 10.7667 4.32246 6.81861
-2.12273 -0.819767 0.935997 -5.95996 -2.37973 -1.65995 2.21091 1.37275 1.43628 6.24385 2.46971 2.20117
-1.96153 -12.96 -9.08423 -3.66528 -1.84136 -0.785636 2.00932 13.0757 9.84434 3.87756 2.11344 1.17283
-3.45589 -17.2771 -13.3523 -3.34404 -0.327624 -15.8649 3.49571 17.3784 13.5767 3.58971 0.871927 15.909
0.34227 -21.0588 -26.2753 -1.03268 -5.53451 -21.51 0.789952 21.0706 26.3861 1.92004 5.63692 21.6632
0.70558 -21.41 -30.4984 2.18997 0.601569 -29.5044 1.00486 21.4359 30.6245 3.30793 0.812698 29.559
1.78847 -20.5841 -37.6549 4.8307 1.65547 -24.5522 2.64011 20.5989 37.8222 5.3002 2.17326 24.5527
3.57578 -22.6885 -39.6317 5.23124 6.09578 -21.7065 3.74633 22.7785 39.7748 5.37663 6.10224 21.718
5.35681 -24.7091 -38.8481 5.10634 4.877 -19.2164 5.36117 24.879 39.0819 5.31076 4.87838 19.2284
5.17623 -27.2093 -39.7319 4.40284 4.69913 -16.5703 5.19621 27.54 40.2208 4.71267 4.74828 16.5781
5.31142 -29.8238 -43.4852 3.93326 4.54147 -18.8511 5.3876 30.4244 44.0617 4.31832 4.58919 19.0008
4.28705 -27.275 -46.9994 4.1409 3.92111 -20.4023 4.28728 27.9211 47.6504 4.69885 3.92908 20.7232
3.98136 -24.9837 -48.9962 3.80428 4.26052 -20.2166 3.98349 25.7384 49.8324 4.3869 4.27544 20.797
3.48523 -24.6354 -48.9703 3.25023 4.14922 -20.0977 3.55477 25.4873 49.8461 3.80945 4.20317 20.7024
3.06119 -21.7862 -50.2158 2.65104 3.87212 -19.3744 3.2478 22.812 51.2199 2.90522 3.87776 20.2244
2.35145 -19.4541 -49.4882 1.9914 3.43367 -17.8997 2.64949 20.6874 50.7038 2.06532 3.4378 19.1478
2.31762 -18.8324 -47.7075 1.69467 2.55777 -17.272 2.66362 20.025 48.8872 1.87499 2.58195 18.7979
1.82599 -18.8203 -44.066 0.600589 1.77669 -17.5413 2.05656 19.9909 45.3454 1.37048 1.9716 19.0849
1.23246 -16.9488 -41.7776 0.152491 0.408578 -17.8097 1.34467 18.2399 43.1871 1.67078 1.72073 19.2766
0.646243 -15.7585 -40.1938 0.0213528 -0.648382 -16.287 1.08426 17.6276 41.786 1.80592 1.2387 17.6908
-0.530122 -15.306 -40.0666 0.612955 -1.76771 -14.9202 1.4729 16.8574 41.6828 1.58882 2.10472 16.6154
-1.34551 -14.2011 -38.2096 0.0511714 -2.09831 -14.162 2.1169 15.8061 39.563 0.969956 2.31822 15.8346
-1.95076 -14.8603 -37.0767 -1.86498 -2.1204 -14.2688 2.33156 16.1414 38.4531 1.94101 2.2619 15.7562
-1.17667 -13.6708 -36.0853 -2.2764 -0.956781 -13.7153 1.50812 15.3678 37.599 2.3092 1.15533 15.2412
-0.328563 -11.8209 -34.9828 -2.59784 -3.62105 -12.6955 1.70693 13.906 36.4485 2.68196 3.64417 14.3274
-1.47797 -11.2546 -35.468 -2.62722 -3.63946 -13.7681 1.91469 12.814 36.8928 2.92497 3.72489 15.2908
-1.92635 -10.4545 -35.5775 -2.83672 -2.75611 -12.5506 2.1737 12.2781 37.0065 2.9547 2.75985 14.2081
-1.90264 -10.912 -35.6169 -2.82467 -1.07968 -11.9267 1.95508 12.5568 37.1384 2.92397 1.12041 13.664
-1.71532 -10.9883 -33.9881 -1.59114 -0.905578 -13.0348 1.92362 12.4291 35.2938 1.82868 1.08352 14.5144
-1.55659 -10.8135 -34.4949 -1.94094 -0.924814 -13.3521 1.72434 12.2005 35.8753 2.16776 1.39373 14.9103
-1.3625 -10.7292 -35.2786 -0.804396 -0.31407 -13.2059 1.87154 12.178 36.7354 1.06564 0.731082 14.5457
-0.746311 -11.4123 -36.5269 -0.370044 -0.207451 -13.7332 1.85616 12.926 37.9983 0.839155 1.42511 14.8739
-0.365146 -11.9857 -36.7884 -0.174043 0.550152 -14.1099 1.96453 13.4596 38.1102 0.890957 1.62742 15.1923
0.218855 -12.6078 -35.5534 -0.115335 1.28722 -15.4645 2.11139 13.9851 36.7141 0.865608 1.90535 16.3293
0.747437 -12.8259 -36.7765 0.252268 1.83599 -15.8394 2.28563 14.1355 38.074 0.674188 2.30506 16.6535
1.12047 -13.6757 -37.9488 0.846701 2.02849 -15.7699 2.31344 15.103 39.2718 1.05515 2.50814 16.8175
-3.10749 -7.26193 -20.367 -3.1152 -5.88361 -8.77713 3.98315 7.55349 21.467 4.70874 6.42678 8.9232
-1.35264 -2.72045 -12.9363 -5.92429 -2.94929 -4.60697 1.85066 2.91362 13.5106 7.75539 3.87972 4.62601
2.22938 -2.24498 -6.53868 -1.86214 0.8809 -2.68209 2.80768 3.10663 7.13051 2.08919 2.9829 2.91365
1.27478 -1.79373 -5.39784 0.824266 0.109325 -3.04886 1.62504 2.37382 6.06682 2.67722 1.13296 3.30868
1.1151 -3.18398 -2.32368 3.56502 -0.369151 -4.76347 1.30316 3.79336 2.3251 4.2183 0.711555 5.07178
-2.21248 -4.289 -0.359416 0.810515 -20.5987 -4.53016 3.2478 4.66957 0.473532 1.35819 20.6921 4.79702
-10.4302 -10.9201 1.81429 -3.16079 -19.3783 -3.99084 10.586 10.927 1.92737 3.25486 20.0827 4.06092
-4.64624 -8.08216 3.66586 -22.9682 -19.8534 -1.54349 4.65438 8.28504 3.72046 23.0908 20.9014 1.74499
-6.87773 -3.20985 3.72755 -39.1077 -22.8294 1.3879 7.01212 4.11894 3.81449 39.3452 24.0116 2.20331
-8.98784 2.0563 3.0606 -44.2001 -21.4952 6.6546 9.68012 3.14114 3.23596 44.2369 22.4496 7.00962
-19.2962 5.12263 2.82014 -42.5725 -21.7006 7.20199 19.7424 5.49257 3.09287 42.6265 21.9407 7.62561
-24.8211 6.88223 3.50048 -41.0864 -19.9246 5.57085 25.5998 7.2956 3.82255 41.0868 20.2557 5.88685
-26.1082 6.01774 4.47252 -37.9595 -19.0421 2.9815 26.9382 6.51885 4.69491 38.0304 19.4622 3.06306
-21.6 4.94543 4.09848 -34.5534 -21.1309 3.14246 22.435 5.1504 4.15398 34.7909 21.5212 3.21071
-15.6931 4.11795 3.11265 -34.6415 -21.3635 3.76534 16.074 4.23598 3.12295 34.9869 21.7132 3.9559
-11.6343 3.06553 2.07549 -36.8494 -20.298 5.14918 11.7275 3.23787 2.08058 37.2235 20.4928 5.50627
-12.8116 3.32974 0.833471 -36.9685 -17.8751 4.90381 13.038 3.4681 1.17545 37.4344 18.2478 5.01326
-15.0067 2.61154 0.526299 -36.7058 -14.9305 2.97189 15.234 2.80888 1.55664 36.9436 15.3017 3.10634
-17.1871 2.40116 -0.634345 -36.1157 -12.6289 2.02472 17.4541 2.5019 1.43547 36.2468 13.1083 2.69795
-18.8884 1.34431 -0.429737 -34.2969 -11.5289 0.935992 19.0527 1.48142 1.29988 34.4043 12.0519 1.91513
-19.6252 1.01711 -0.144643 -31.3345 -9.45347 -0.161594 19.7037 1.22372 1.56032 31.4142 9.70656 0.76299
-20.2882 -0.240464 0.499485 -29.5167 -8.7888 -1.2751 20.4203 0.901322 1.3467 29.6004 8.97433 1.65996
-18.5408 -1.033 0.63084 -28.0917 -9.57841 -2.50693 18.7299 1.08084 1.06378 28.1919 9.73214 2.68456
-17.5438 -2.26099 0.441575 -26.3677 -10.4479 -3.08343 17.7137 2.27558 0.459227 26.4923 10.6947 3.45215
-17.1761 -1.31094 -0.740677 -25.0635 -9.21943 -3.21009 17.3772 1.43292 0.863751 25.2344 9.35066 3.62595
-16.7139 -4.06626 -1.25638 -26.7466 -8.64806 -1.194 16.9869 4.0923 1.27656 26.9555 8.77745 2.0628
-16.8032 -3.81698 -1.45833 -27.4334 -8.04322 -2.1878 17.0364 3.89998 1.46648 27.6431 8.27667 2.58435
-17.0954 -3.21565 -1.77371 -26.4102 -7.79813 -3.24594 17.2683 3.30686 1.81922 26.6492 8.04528 3.50071
-16.9365 -3.05041 -2.37834 -25.9059 -6.98626 -3.07018 17.2187 3.1523 2.51704 26.1324 7.18894 3.35949
-16.8061 -2.19972 -2.42933 -25.5479 -7.63773 -2.6721 17.1001 2.33502 2.78345 25.775 7.82999 3.05094
-17.18 -2.11009 -2.10343 -25.9785 -8.42868 -1.90464 17.4725 2.41437 2.26247 26.2476 8.62336 2.99574
-17.2535 -1.03521 -1.03554 -26.7662 -8.68611 -0.667661 17.5265 1.22657 1.35353 27.035 8.88393 1.36417
-17.8765 -0.0798601 -0.311919 -26.652 -8.91036 -0.283503 18.2177 0.975908 0.904486 26.9324 9.19287 0.816444
-18.0234 0.445356 0.130543 -26.8288 -9.22477 -0.221966 18.3864 0.785273 0.948671 27.0675 9.57369 1.30299
-17.5152 0.769307 0.334059 -27.1975 -9.80593 0.227196 17.8948 1.05747 1.48774 27.3961 10.1607 1.24416
-17.2557 1.16587 0.968805 -27.813 -10.1803 0.790185 17.638 1.39752 1.33653 28.0367 10.5533 1.41931
-17.363 1.30874 1.23255 -28.0003 -10.2078 1.31614 17.7623 1.54986 1.40937 28.2792 10.6128 1.64633
-6.98802 -9.38649 -9.31231 -14.4212 -4.46503 -2.25087 7.28544 9.63176 9.41546 14.5674 5.03704 2.77967
-3.24774 -7.8848 -5.59196 -7.33144 -2.74305 -2.99513 3.39695 8.42997 5.67226 7.58629 3.06258 3.549
-2.03484 -9.54239 2.41773 -4.61652 -2.54436 0.191281 2.13571 9.76968 3.21566 4.85604 2.81057 0.954247
-4.57281 -23.1042 -15.6313 -3.31257 -1.95325 2.03013 4.62763 23.4102 15.9372 3.59945 2.19105 2.95194
-0.350954 -25.0294 -12.4592 -2.20693 -3.1412 1.54718 0.400993 25.053 13.1834 3.48464 3.2668 2.63505
1.66417 -25.7803 -28.215 -1.82224 -3.19014 -11.5261 2.4602 25.8323 28.693 4.8649 3.53194 11.552
3.37943 -24.6342 -33.4866 2.08861 -2.12216 -18.9298 3.67096 24.7341 34.5385 5.31116 2.60557 19.0984
3.34472 -26.1173 -34.2738 4.32646 2.4921 -22.6094 3.71145 26.1571 35.1137 6.25984 2.66178 22.6231
3.52123 -25.658 -36.9898 4.48667 3.80502 -21.0179 3.79067 25.7585 37.6033 5.70107 3.88682 21.0301
4.08612 -27.5189 -37.6084 7.1315 5.73394 -18.1982 4.1509 27.7131 38.0656 7.39883 5.76386 18.2378
4.78016 -28.6363 -37.6457 5.82589 5.20858 -16.1313 4.80446 29.02 38.0896 6.24837 5.22334 16.2063
4.76432 -31.7631 -43.1001 5.00169 4.97743 -16.8669 4.90531 32.4988 43.8375 5.71042 4.99721 16.8729
4.0649 -29.9049 -46.2173 4.53518 4.17547 -18.306 4.10858 30.87 47.077 5.13884 4.20185 18.3494
4.23064 -26.5177 -47.5447 3.90739 3.73064 -19.1637 4.24721 27.4662 48.5725 4.16718 3.73425 19.2982
3.59002 -22.8688 -47.1237 3.58256 3.35071 -19.9328 3.65412 23.7878 48.1104 3.84294 3.41555 20.1568
3.37903 -21.3796 -46.8649 2.65313 3.15293 -20.2706 3.46991 22.3378 47.7912 2.86008 3.59307 20.6652
3.51835 -18.286 -47.4849 1.69781 2.73227 -20.6038 3.55155 19.4195 48.684 1.95141 3.51249 21.2089
2.79143 -15.8871 -44.6743 1.42195 2.39853 -20.3466 2.9581 17.1609 46.0236 1.53747 3.17493 21.2309
1.58584 -15.4222 -43.0425 0.810641 2.0372 -20.2404 2.63175 16.7536 44.5208 0.836322 2.29286 21.1716
0.619602 -14.976 -40.0716 0.735794 1.23096 -20.35 1.72329 16.2638 41.5207 0.764738 1.46271 21.2544
-0.0880032 -13.2944 -38.1579 0.277277 0.310909 -20.2644 1.00212 15.0498 39.4533 0.970659 2.33136 21.2864
-1.28043 -11.9777 -36.2824 0.22248 -2.59356 -19.7571 3.29904 13.8856 37.5325 1.50198 2.9865 20.6424
-2.41109 -9.94456 -35.9224 -1.13577 -3.42738 -19.1892 3.01945 11.6098 37.378 2.14017 3.48369 19.8962
-1.79884 -10.0257 -32.7992 -1.20832 -2.88786 -19.979 2.26937 11.4739 34.0928 1.83627 3.07414 20.7205
-1.52508 -9.67766 -32.6319 -2.59105 -3.06661 -19.1484 1.8148 10.8333 33.9417 2.96179 3.15729 19.7659
-0.598749 -9.51715 -32.291 -2.67783 -3.018 -18.5981 1.48115 10.4275 33.6121 2.95021 3.16824 19.2629
-1.14242 -10.0493 -29.5079 -2.88147 -2.72019 -18.6364 1.55424 11.1017 30.5437 3.12347 3.10613 19.2085
-1.76361 -8.95182 -29.987 -2.08328 -2.1703 -17.6575 2.16559 9.97721 31.1409 2.23899 2.30104 18.1447
-2.79694 -8.12593 -30.0445 -1.72373 -1.35575 -18.1534 2.8405 9.1504 31.1139 1.87244 1.42649 18.6458
-1.37476 -8.71265 -30.0175 -2.5315 -1.47771 -19.1409 2.81471 9.72808 31.163 2.61368 1.88371 19.7435
-1.47696 -8.60773 -29.595 -1.57571 -0.602946 -18.513 3.86194 9.58073 30.5059 1.98559 1.0015 19.0156
-0.768301 -9.60497 -30.7354 -1.13163 0.0256045 -17.8438 2.04578 10.5333 31.7406 1.33593 0.443973 18.3318
-0.513354 -9.75259 -31.6532 -1.10753 0.195956 -18.3112 2.16218 10.7215 32.7333 1.33261 1.04117 18.7738
-0.0109598 -10.693 -32.2144 -0.220029 0.336464 -18.1904 1.78359 11.8345 33.151 0.695983 1.3977 18.6338
0.478576 -10.6671 -34.3692 0.455851 0.533049 -17.8327 2.11338 11.8529 35.522 0.913587 1.56256 18.2292
0.7317 -11.7186 -34.4316 0.333558 1.11093 -17.9176 2.75049 12.8457 35.4055 1.12111 1.94179 18.2925
0.864843 -11.4933 -35.3413 0.522636 1.46763 -18.0373 2.46994 12.8766 36.3971 0.853605 2.2093 18.6276
-3.94436 -4.56553 -18.3019 -4.59655 -5.72783 -9.46871 4.45462 4.7659 19.2503 6.11547 5.95317 9.51186
-1.80988 -1.43229 -10.4543 -4.33173 -3.61761 -4.86788 1.93692 2.16556 10.8259 6.09804 4.6135 4.94527
1.5451 -1.57245 -5.08891 -1.94225 1.20537 -3.10777 2.50535 2.24042 5.44705 2.38543 3.26639 3.23624
0.515026 -2.7509 -5.56258 1.95417 -0.000402525 -3.1774 1.37915 3.60726 6.30738 3.62279 0.93394 3.34438
0.761617 -3.54715 -3.66412 -0.661287 -1.95111 -4.819 1.49687 3.93525 3.9043 2.41594 2.30276 5.05009
-4.82951 -4.48065 -2.39625 -8.62843 -23.0219 -3.45115 6.37591 4.93547 2.71873 9.97724 23.1503 3.6741
-16.4782 -8.46157 -0.0499412 -9.19717 -22.5429 -1.4976 16.947 8.47749 0.775637 10.0016 23.3655 1.92583
-15.8866 -3.7919 2.70916 -6.33114 -19.8333 -0.000669087 17.1095 3.8392 2.76869 6.97075 21.1345 1.05173
-14.1585 -3.2813 5.08892 -29.2408 -20.008 0.52894 15.927 3.38017 5.1121 29.6948 21.8496 1.81347
-14.465 1.16473 4.01609 -36.5722 -23.006 4.69848 16.1237 2.61703 4.05738 36.9636 24.7926 5.03674
-15.2567 5.75859 2.65047 -39.3859 -19.1825 6.71251 16.513 6.24062 2.79093 39.6004 20.6846 7.01708
-20.4294 6.49959 2.40324 -37.7508 -18.3291 7.20872 21.4001 6.93565 2.68357 37.9687 19.4229 7.85522
-23.1634 7.4499 2.30744 -35.9371 -16.4538 5.65345 24.1242 8.10589 2.54153 35.9989 17.2389 6.23935
-22.9846 6.25444 3.31192 -33.6624 -16.2353 4.43104 23.677 6.73507 3.33604 33.7323 16.9724 4.78995
-21.1932 5.14084 3.12571 -32.0982 -16.3772 4.1043 21.8108 5.43919 3.23259 32.143 17.0847 4.43912
-18.8843 4.49919 2.36628 -30.5777 -15.8937 3.93065 19.2828 4.70251 2.56295 30.6577 16.5483 4.2919
-18.3936 3.01097 1.1662 -29.375 -14.5845 3.31003 18.8577 3.23065 1.54492 29.5 15.2516 3.65132
-16.8586 2.26611 0.503607 -30.2893 -12.2092 2.50299 17.2659 2.50716 0.894091 30.4482 12.6796 2.87171
-16.87 2.08216 0.23643 -31.1521 -11.1843 1.4658 17.267 2.18546 0.428492 31.2935 11.4948 1.83963
-16.2274 0.896454 0.142341 -31.1991 -10.3295 1.1274 16.485 1.12679 0.694153 31.3056 10.567 1.21165
-16.8204 -0.339002 0.189671 -30.1437 -8.85513 0.298961 17.0223 0.700665 0.43457 30.2434 8.98599 0.416787
-17.2341 -0.6186 -0.0806497 -30.0683 -7.6447 -0.587271 17.4239 1.79123 0.794534 30.1735 7.66583 0.908128
-17.3395 -0.778813 0.167236 -28.4371 -7.51638 -1.70981 17.4719 2.0279 1.22535 28.5451 7.53039 2.26973
-17.1997 -2.08495 -0.723236 -28.3568 -7.98015 -3.31789 17.3488 2.53521 0.884593 28.4923 7.99573 3.58783
-16.42 -1.11795 -1.92122 -28.6631 -7.77367 -3.71311 16.61 1.66022 2.33813 28.8458 7.77914 3.7262
-16.0827 -3.70307 -1.11328 -29.3398 -6.62287 -1.61284 16.2249 3.80462 1.92314 29.5745 6.66968 1.96462
-15.316 -2.94615 -2.52859 -29.8147 -6.59095 -2.79224 15.478 3.12636 2.63378 30.0322 6.70403 3.15925
-15.4698 -3.41776 -1.0025 -29.0412 -6.38369 -2.97226 15.7433 3.56277 1.08914 29.2539 6.5741 3.0023
-15.3455 -2.0573 -1.49191 -30.5638 -6.35227 -3.042 15.5307 2.6996 1.97011 30.776 6.48677 3.28827
-15.6087 -2.06074 -1.81722 -31.6032 -6.32772 -2.57702 15.8217 2.17936 2.16908 31.7893 6.36662 3.06102
-14.8452 -1.50405 -1.69666 -31.6724 -7.12606 -1.6281 15.0818 1.91164 2.58354 31.937 7.13146 1.94591
-14.9121 -1.29507 -1.25776 -30.3959 -8.20371 -0.852873 15.0661 1.30577 1.74707 30.6697 8.20403 1.17604
-14.9044 -1.0096 -0.188837 -30.1502 -8.71604 -0.604057 15.0868 1.49917 1.22498 30.3741 8.71734 1.19908
-15.1002 -0.296909 0.526801 -30.1579 -9.26083 -0.450176 15.4263 0.998873 1.10053 30.2943 9.32344 1.37242
-14.3589 -0.0815563 0.292461 -30.6074 -9.93611 0.247555 14.6494 0.72294 1.31449 30.6963 10.0938 1.18299
-13.8374 0.769693 0.915177 -31.6457 -10.365 1.17024 14.0496 1.10357 1.50242 31.7329 10.5823 1.59145
-13.8852 1.62335 0.907261 -31.9627 -10.6111 1.76817 14.172 1.8134 1.2784 32.0608 10.9131 2.10855
-5.61723 -7.92033 -8.77509 -17.3412 -5.2937 -2.95579 5.74356 8.10825 8.86007 17.3636 5.77624 3.24109
-2.91312 -6.72843 -5.56473 -8.76977 -3.38769 -3.40015 3.01367 6.97701 5.73551 8.89263 3.68387 3.85518
-1.27249 -1.36232 1.98879 -5.27987 -3.40091 0.104765 1.47001 1.92569 2.72184 5.51768 3.71974 0.728956
-0.832873 -2.22833 -8.94535 -4.38028 -3.46879 -0.24705 0.988212 3.21288 10.0322 4.46041 4.24574 1.17336
-2.01096 -20.6015 -15.3902 -3.88951 -2.0148 -9.41834 2.01315 20.6702 15.5937 4.04635 2.71398 9.63072
1.82748 -23.1776 -31.3781 -2.65084 -6.10998 -19.0185 1.99741 23.2206 31.6433 2.74289 6.19206 19.2516
2.29044 -22.7547 -32.7965 1.12073 -0.909342 -25.7198 3.24322 22.7683 33.3259 1.53073 1.01451 25.8062
3.41009 -18.5576 -36.4875 5.50768 0.783709 -23.2549 3.74495 18.6156 37.0004 6.00129 0.795997 23.2797
4.16909 -18.1919 -39.4452 4.92057 4.89114 -21.9193 4.31821 18.2298 39.9164 5.32928 4.89305 21.94
5.20195 -19.2958 -39.4089 3.74733 5.80697 -19.8736 5.23476 19.3523 39.8375 4.20622 5.82597 19.8787
5.04949 -20.3622 -39.0841 4.59459 5.75002 -18.0977 5.08395 20.5964 39.6059 4.84908 5.80851 18.1137
4.38121 -23.1932 -43.8004 3.80197 4.98849 -21.2747 4.39964 23.5969 44.3533 3.96283 5.00836 21.2977
3.8365 -21.262 -47.0412 3.35074 4.21176 -23.2731 3.87206 21.9128 47.7452 3.58075 4.23192 23.3635
4.38652 -19.2798 -48.3724 2.90316 4.62758 -24.1044 4.41266 19.8042 49.2266 3.267 4.64486 24.3096
4.01032 -17.5677 -45.2101 3.18749 3.97297 -23.1692 4.01104 18.2697 46.1198 3.64686 4.22634 23.4861
3.58171 -15.392 -43.0374 2.99446 3.29572 -22.3077 3.6023 16.4031 44.0395 3.43724 3.5629 22.7216
2.25245 -13.0613 -42.9987 2.54523 2.21227 -23.2511 2.38543 14.2378 44.2059 2.7886 2.34093 23.7867
1.31332 -11.5861 -41.767 2.28813 1.8868 -23.2449 1.84472 12.628 42.944 2.40417 2.12184 23.9185
0.498597 -11.1401 -39.7707 0.915646 1.4642 -21.4946 1.73353 12.1498 40.8244 0.962906 1.54979 22.3326
-0.238879 -11.4279 -39.5844 0.317824 1.20647 -20.8014 1.36318 12.4787 40.784 0.483072 1.28228 21.6007
-0.709692 -9.65634 -38.3218 -0.395913 0.415868 -20.8704 1.27414 11.1263 39.5788 1.3632 1.68101 21.6321
-1.30058 -8.58923 -36.2461 -0.912339 -2.35584 -20.4356 3.06518 10.3482 37.5323 2.11162 2.58781 21.1065
-1.74893 -7.65618 -35.5356 -1.09763 -3.38477 -19.7141 2.40196 9.1495 37.0001 1.90305 3.43871 20.4015
-1.39074 -7.0136 -35.7125 -1.66342 -2.40291 -19.7899 1.55763 8.12279 37.208 2.31428 2.47375 20.7141
0.481978 -5.2097 -34.7756 -2.25673 -1.92017 -19.3966 1.24552 5.87282 36.3983 2.3352 2.09871 20.321
-0.459476 -4.49674 -32.7922 -2.7677 -1.69733 -19.0837 1.46429 4.95819 34.4628 2.85907 1.72803 19.9157
-1.30124 -5.66094 -31.6029 -2.00787 -1.97335 -19.2589 1.52349 6.03929 33.2352 2.2294 2.09831 20.0592
-1.89134 -5.52844 -32.1607 -1.70016 -3.15961 -20.0403 2.37068 6.26115 33.8261 2.07363 3.44327 20.7472
-1.80599 -5.64198 -31.4272 -2.66693 -3.20625 -20.0739 1.88635 6.70846 33.0281 3.21236 3.267 20.6948
-1.78795 -5.70986 -30.6252 -1.96984 -2.726 -19.3006 1.98104 6.89516 32.206 2.45504 2.75355 19.8436
-1.83466 -5.22708 -32.2615 -2.37031 -1.61567 -18.7184 2.09146 6.48602 33.909 2.66558 2.55473 19.3508
-1.1567 -5.26501 -32.2188 -1.36037 -0.155635 -18.8021 3.14104 6.26977 33.5491 1.77979 0.94107 19.4532
-0.715547 -5.42432 -33.5404 0.0166404 1.16087 -19.0979 3.3699 6.25482 35.0271 1.19843 1.49454 19.8354
-0.33148 -5.47214 -34.3364 0.488772 1.47935 -19.5246 2.25389 6.49712 35.5419 0.921819 2.00869 20.2647
0.219312 -6.14594 -34.1299 0.274135 1.20961 -19.797 2.31276 7.02659 35.4111 0.800533 1.84346 20.4085
0.682696 -6.32248 -35.0627 -0.114195 1.04443 -19.816 2.31113 7.2451 36.4651 0.695821 1.47079 20.3584
0.853955 -7.16107 -35.627 0.857487 1.38686 -20.2297 2.31076 7.88112 37.218 0.983085 1.78878 20.8049
-3.22458 -3.9817 -20.2869 -2.6971 -6.34595 -10.8184 4.17219 4.00024 21.6432 4.37644 6.61657 11.0266
-1.41565 -2.73193 -12.4131 -5.47406 -3.62553 -5.59652 1.83539 2.84427 13.124 7.24719 4.21921 5.92727
1.85643 -2.09872 -6.04538 -1.13504 0.269233 -3.09114 2.42869 2.4594 6.69212 1.37428 2.56639 3.62053
0.800916 -1.52407 -4.36491 1.61766 -0.0336414 -3.61677 1.09672 1.69298 4.79501 3.18031 1.32907 3.85154
0.507862 -2.84831 -3.2547 3.26116 -0.00133224 -4.72317 1.71725 3.03764 3.48799 4.83626 0.686909 5.0784
-0.555652 -4.95015 -3.42494 2.79079 -0.895983 -4.65853 2.68004 5.03234 3.76303 3.5818 2.79185 5.2403
1.08159 -4.69351 -2.4552 -2.69305 -19.8133 -4.08797 2.06202 4.97176 3.01279 3.3081 19.9003 4.81191
1.40987 -5.5307 -0.563411 -21.2871 -22.1848 -2.55702 1.48912 5.66231 1.5069 21.3918 22.6009 3.39178
-14.9534 -4.04307 2.01956 -23.7205 -26.5038 1.96094 15.4551 4.54261 2.69447 23.7665 27.3136 2.50791
-18.8411 -1.06158 3.43437 -37.3265 -20.0098 4.972 19.6793 2.1776 3.54911 37.3901 21.0749 5.16388
-22.4762 4.04966 4.96564 -34.7849 -22.4355 5.61758 23.4657 4.49381 4.96851 34.8987 23.8416 5.73768
-19.5301 6.78193 4.54801 -37.6622 -22.61 5.30714 21.0431 7.11822 4.55687 37.687 23.3308 5.52171
-19.52 6.09387 3.49862 -34.4959 -21.0484 5.36655 20.8161 6.7666 3.50636 34.5176 21.7742 5.66762
-18.8559 5.18045 2.93504 -33.9064 -20.4967 5.68768 20.4565 5.77958 2.99261 34.0098 21.2852 6.25752
-15.3762 4.61004 2.68247 -34.843 -18.3181 5.4874 16.7159 5.26217 2.69028 34.897 18.8867 6.07965
-15.4418 3.7814 1.98293 -31.7806 -18.6166 4.16844 16.7757 4.46922 2.08689 31.8571 19.2645 4.38889
-15.3524 3.73911 0.831524 -32.5071 -15.3953 3.39108 16.1788 4.20303 1.1713 32.5441 16.0739 3.89573
-16.5549 2.9896 0.353672 -31.1922 -11.983 2.83482 17.2017 3.37789 0.877577 31.2171 12.4685 3.62356
-17.2909 1.71074 -0.0780495 -30.8232 -10.5383 2.01875 17.8214 1.89693 0.70089 30.8451 10.8186 2.59
-16.879 1.569 -0.000215466 -30.4885 -9.15123 0.69815 17.1738 1.64509 1.27731 30.5318 9.25326 1.14438
-17.0879 0.736195 0.0104624 -27.8718 -8.86303 0.224523 17.4247 1.03923 1.86394 27.9748 8.94938 0.382419
-16.665 -0.880167 0.0412885 -27.9334 -8.43063 -0.685616 16.876 0.903384 1.21017 28.0416 8.46971 0.879733
-15.6399 -2.00561 0.503792 -27.3578 -8.18504 -2.08485 15.9218 2.51151 0.605289 27.492 8.23481 2.56876
-14.4994 -1.76584 -1.04754 -27.9428 -8.68521 -3.65174 14.8213 2.75911 1.28408 28.0788 8.75124 4.08452
-13.3964 -1.75357 -1.37345 -29.0331 -9.03159 -3.35665 13.744 1.82987 1.4447 29.1912 9.09087 3.51218
-13.1632 -4.11662 -0.207667 -27.8098 -8.23558 -1.40328 13.4312 4.28869 2.43716 28.0739 8.28364 2.27715
-12.895 -4.37059 -1.02089 -27.8161 -7.39838 -1.93756 13.1679 4.57344 1.70853 28.1001 7.43377 2.41859
-13.3426 -2.86245 -1.19385 -30.0753 -6.91046 -2.88732 13.6312 2.86718 1.87125 30.3245 6.92327 3.14431
-13.4773 -2.89563 -1.89947 -30.0284 -6.70061 -2.87 13.7193 3.34417 2.03139 30.1921 6.71836 2.87971
-13.5734 -1.58545 -2.21139 -32.4003 -5.9827 -2.98626 13.8331 2.92765 2.47026 32.5236 6.00524 3.32598
-13.2754 -0.727602 -1.73436 -32.9544 -6.018 -2.51443 13.5022 1.52409 2.24701 33.0362 6.05238 3.13201
-12.4527 -0.197163 -1.06475 -33.9656 -6.99752 -1.32182 12.6318 0.74147 1.60934 34.124 7.00196 2.24797
-12.4227 -0.416638 -0.276771 -32.3099 -8.04425 -0.21859 12.6128 1.31309 1.10699 32.4767 8.04668 1.42601
-12.7909 -0.26951 -0.00352902 -32.8673 -8.64528 0.344029 13.0247 0.27276 0.985375 33.1024 8.64711 1.42406
-12.9146 -0.00294618 0.16751 -33.1577 -9.55522 0.707386 13.2374 0.311215 0.998896 33.2942 9.56225 1.81409
-12.4431 0.845037 0.72399 -32.9927 -10.2641 1.01691 12.7829 0.887338 1.34363 33.0633 10.3243 1.98547
-11.8889 2.06966 1.03346 -32.9766 -10.6033 1.35531 12.1661 2.07943 1.35145 33.0414 10.7592 2.12982
-6.12766 -5.25671 -7.49777 -20.7055 -6.3351 -3.06057 6.20405 5.55657 7.623 20.8121 6.61487 3.2061
-3.30124 -4.80616 -5.44494 -11.5404 -3.70645 -3.94519 3.33328 5.38735 5.5639 11.7319 3.90716 4.25787
-1.564 -0.660565 0.993281 -7.23705 -3.40272 0.044454 1.63396 1.34434 1.5834 7.45412 3.51734 0.864525
-2.77334 -11.3969 1.68291 -4.90295 -3.19586 -0.629848 2.84437 11.4206 2.24974 5.08153 3.50032 1.34315
-3.35448 -16.1448 -16.4147 -3.88044 -3.50068 0.0554459 3.38534 16.2848 16.4985 4.0922 3.76241 1.679
1.93297 -20.2365 -25.5219 -0.867501 -6.20673 -17.775 2.37785 20.2688 25.7038 1.78969 6.35861 17.8037
1.68211 -17.7678 -34.5533 0.50792 -3.13965 -9.06143 2.55432 17.7696 34.8772 1.40276 3.14085 9.77808
4.02247 -16.555 -34.0253 2.81821 0.883439 -18.1129 4.32788 16.5669 34.5592 4.18833 1.19626 18.5071
4.82657 -17.36 -37.262 4.92483 2.2855 -10.2708 4.86858 17.4066 38.0205 5.18941 2.40713 11.3343
4.50737 -17.5635 -35.8148 3.93281 5.8527 -8.6601 4.51421 17.616 36.7724 4.62699 5.93443 9.67909
5.21154 -16.8421 -33.2334 3.86452 4.4825 -11.1255 5.26172 16.9819 34.3991 4.14489 4.52327 12.3817
4.01353 -15.515 -39.5738 4.43416 4.06475 -26.2433 4.01775 15.5968 41.4491 4.85751 4.16592 26.733
2.31312 -12.8804 -43.177 4.00303 4.00257 -33.9713 2.36244 12.8912 45.2396 4.77829 4.10211 34.3092
1.89146 -11.9015 -45.1038 3.64468 4.65575 -33.8505 2.05409 11.9352 47.0426 4.29154 4.74044 34.1309
2.26121 -13.2509 -44.7893 3.6195 4.42273 -32.7022 2.61805 13.2674 46.755 4.06474 4.44923 32.7566
2.72575 -15.7297 -43.8559 2.63085 3.89847 -27.8012 3.14103 15.8036 45.8389 3.02811 3.98317 27.9061
3.25156 -17.1809 -43.0113 2.49719 3.20484 -23.9408 4.0783 17.2983 45.2828 2.55753 3.30196 24.2016
2.29775 -15.6414 -41.1359 1.83165 1.80956 -22.9406 2.57382 16.2549 42.934 1.87643 2.01093 23.2313
1.41017 -11.2374 -38.9977 1.11215 0.725034 -24.0624 1.51183 11.9431 40.4885 1.18986 1.08346 24.4672
0.826728 -7.52899 -38.7181 0.579484 -0.184618 -25.6861 1.17003 8.11887 40.1537 0.752069 0.855949 26.2845
0.638536 -5.63918 -35.6687 -0.184251 -0.308372 -27.2125 1.32185 6.1637 36.8488 0.416985 0.645571 27.9434
-0.0822823 -4.24282 -34.889 -0.815229 -0.488653 -27.4123 1.43992 4.53754 36.1619 0.886165 0.935801 28.2777
-1.47404 -3.44735 -34.7324 -0.328799 -1.3434 -26.5161 1.88285 3.68801 36.0092 0.396353 1.43471 27.3382
-1.34952 -2.8739 -32.5682 -2.37238 -1.26039 -25.7903 1.46575 3.24159 33.8305 2.5919 1.99772 26.6716
-1.25749 -3.11231 -30.5024 -2.40184 -3.37258 -25.5993 2.80412 3.52062 32.0122 2.93726 3.51088 26.411
-0.57659 -3.45069 -29.5403 -2.74559 -3.59921 -24.7 1.59505 3.74467 31.0338 3.10326 3.65712 25.4966
-2.08602 -4.41615 -28.5488 -2.3885 -3.24707 -23.3818 2.40705 4.76176 30.2899 2.58044 3.27068 24.0579
-2.89224 -5.42941 -28.4563 -1.88666 -2.20059 -21.1587 3.23225 5.88789 29.8845 2.00079 2.21943 21.7498
-2.32711 -5.47291 -29.4626 -2.60966 -2.75414 -21.6055 3.3672 6.03608 30.8515 2.73713 2.9334 22.2526
-1.63932 -5.50062 -30.0735 -1.92825 -1.81136 -21.2337 2.31928 6.07173 31.3003 2.09454 1.8678 21.8794
-1.01399 -5.77468 -30.5018 -2.20037 -1.0593 -21.2358 1.60737 6.2224 31.6118 2.82545 1.25332 21.8563
-0.409656 -4.94955 -29.5134 -1.25387 -0.327229 -21.9515 1.0313 5.49622 30.6686 1.68635 0.532902 22.4751
-0.345654 -4.29242 -30.5493 -0.577391 0.0778309 -23.4588 1.78408 4.627 31.6343 0.846761 0.666301 23.9043
-0.199727 -4.89672 -30.6443 -0.431704 1.17104 -23.8702 2.18549 5.34396 31.9045 0.604309 1.77812 24.3326
-0.360371 -5.54229 -30.4605 0.141267 1.45526 -23.5913 2.31172 5.90988 31.5149 0.847484 2.22034 24.0978
0.112965 -6.95129 -31.8411 0.488565 1.35594 -23.0465 2.3429 7.38722 33.0813 1.01796 2.218 23.5703
-1.45315 -5.62848 -22.8679 -1.69794 -3.899 -17.4927 2.50044 5.96834 23.6213 1.90498 4.98699 17.962
-1.35319 -1.78386 -14.6501 -5.66667 -6.11576 -11.0163 1.9101 2.18706 15.3832 6.86803 6.12486 11.1782
1.91165 0.0903031 -8.71999 -3.45998 -2.22328 -5.08139 2.19937 2.10069 9.23725 3.8922 3.13254 5.28167
2.56322 0.376661 -4.80946 -0.690819 -0.0313512 -3.9913 2.63406 1.67548 5.45659 2.12923 2.26662 4.55196
1.55716 -2.63899 -3.72351 4.24998 -20.0101 -5.07289 1.72137 2.88193 4.20271 5.12437 20.0878 5.42682
1.69014 -6.0842 -1.31234 -3.66675 -23.9994 -8.51195 2.16888 6.11248 2.00963 4.28984 24.1397 9.00448
-0.517858 -7.32863 0.735709 -22.4785 -26.847 -3.07659 1.7821 7.45909 1.66895 22.7334 27.4725 3.41741
0.0808015 -3.296 1.84644 -33.1105 -25.0355 0.883837 1.7352 4.59183 2.27523 33.6307 25.8799 0.916282
-1.98481 1.86593 2.31018 -36.4974 -22.1398 5.96108 2.82579 4.18777 2.70609 36.9267 23.4398 6.18178
-4.95791 3.10079 2.85948 -30.5902 -26.0302 6.56021 5.07839 3.97968 3.17783 30.8264 26.3327 7.03679
-19.7303 4.64257 3.63714 -29.8918 -22.7523 5.785 19.9777 4.8986 3.66536 30.1805 23.4878 6.00389
-26.0926 6.68568 4.78091 -29.6057 -18.3777 3.42726 26.7152 7.29603 4.83486 29.7823 19.3625 3.57072
-22.8207 6.30158 4.96345 -31.1707 -18.9147 2.87948 23.7115 6.8792 5.03131 31.3088 19.6503 3.08889
-16.6458 5.80069 4.12507 -35.1033 -22.9579 2.7408 17.6687 6.20395 4.18977 35.1107 23.4204 2.83846
-14.7672 4.93853 3.49512 -34.0657 -23.9257 3.3751 15.9131 5.4429 3.79812 34.1118 24.3402 3.42502
-13.2652 4.18611 2.23996 -35.0278 -25.3898 4.94132 14.1834 4.52146 2.34683 35.2184 25.9019 6.26955
-13.8916 3.34786 0.911946 -34.0108 -22.1536 4.31438 14.4787 3.99912 1.60076 34.2529 22.8416 5.29133
-15.262 2.14151 0.2978 -32.6445 -18.5359 3.08461 15.7482 2.52292 1.0652 32.7993 19.1559 3.23485
-16.1398 1.88169 -0.726292 -32.4265 -16.0718 2.84091 16.5812 2.08411 1.29881 32.4817 16.7358 2.97301
-17.9006 1.69583 -0.64821 -31.5779 -13.2744 2.30676 18.1686 2.16932 1.01065 31.5854 13.9387 2.34813
-18.9155 0.653466 -0.309638 -29.5902 -12.0071 0.93746 19.0876 0.820236 0.855025 29.626 12.5489 1.05716
-20.1603 0.821473 0.0302933 -27.5439 -10.6564 -0.19018 20.3533 1.32044 0.605133 27.5786 11.0029 0.659042
-20.0622 -0.0913719 0.208749 -24.9212 -10.5096 -1.37825 20.2294 1.01158 0.920399 24.9282 10.6832 1.96136
-19.0637 -1.15492 1.23781 -23.4704 -11.2786 -2.18698 19.1437 1.50676 1.44883 23.4739 11.3385 2.74367
-18.1228 -1.63902 0.676138 -23.3814 -12.1383 -2.10651 18.3926 2.4183 1.12414 23.4097 12.1966 2.21662
-17.2717 -3.51231 -0.410365 -22.3891 -11.438 -2.98781 17.6882 3.70816 1.24619 22.4924 11.4706 3.1887
-17.0189 -4.60239 -0.626487 -22.4152 -10.3744 -0.763036 17.5199 4.64927 0.851184 22.5074 10.42 1.01215
-15.21 -4.30282 -0.561825 -23.2862 -10.2847 -2.7343 15.6199 5.34232 1.74643 23.3459 10.3883 3.45948
-14.1369 -2.93053 -1.1709 -23.9544 -10.6731 -3.60208 14.5532 4.10521 1.84053 24.0076 10.8676 3.94106
-13.3036 -3.09581 -2.68879 -24.7635 -10.708 -2.59714 13.8096 3.22026 2.87184 24.8367 10.9098 2.66771
-12.4195 -2.91135 -2.81028 -25.5968 -10.8711 -1.94421 12.9374 2.9566 3.62428 25.7487 10.9271 2.37867
-12.7924 -2.4127 -2.4063 -25.9421 -11.4114 -1.31986 13.3241 3.26556 2.48834 26.0603 11.4578 3.08729
-13.6978 -1.59791 -1.67748 -26.1769 -11.1649 -0.949911 14.1466 2.37378 2.185 26.2439 11.2077 1.46142
-14.1369 -0.204554 -0.316462 -26.5344 -11.7633 0.0582533 14.44 1.28728 1.31351 26.5418 11.8497 1.55752
-14.1289 0.558888 0.634131 -27.1396 -12.5406 0.479796 14.4363 1.16757 1.19166 27.1442 12.6564 1.96286
-13.5005 0.890736 1.0393 -27.1402 -13.377 0.918569 13.7369 1.25186 1.49057 27.1444 13.5746 1.55864
-12.7689 0.834146 1.20072 -27.3419 -14.7347 1.08195 12.9806 1.10118 1.79539 27.3549 14.9886 1.49069
-8.26006 -1.20913 -4.35139 -21.4455 -10.7519 -0.187509 8.35477 1.21339 4.62054 21.4468 10.9315 0.573079
-4.49084 -6.6797 -8.61532 -12.1242 -5.63575 -3.11552 4.70248 7.21216 8.63029 12.2427 6.11827 3.62017
-1.40371 -3.6383 -1.36913 -6.38458 -3.31477 -0.954448 2.03532 3.91612 1.89405 6.78275 3.58226 1.8415
-0.336746 -0.538337 2.67742 -5.50879 -2.93075 -0.69063 1.41567 0.904869 3.02708 5.8077 3.17837 1.19343
-1.57905 -19.0065 -7.73508 -5.44993 -3.88154 -1.17043 1.81603 19.4168 8.06976 5.54825 4.69112 1.52319
-0.946288 -17.0825 -13.6721 -4.39197 -3.39167 -3.66374 1.19403 17.1831 13.7578 4.71027 3.70518 4.76075
3.29734 -20.0546 -22.1698 -1.86925 -4.29757 -25.4588 3.48845 20.0717 22.1922 2.30749 4.80007 25.4936
2.31126 -15.7512 -31.734 0.978053 -2.67513 -29.1906 2.66237 15.9174 31.7966 1.9566 2.68953 29.4672
3.585 -16.3769 -32.7192 5.09169 0.583415 -32.0436 4.00285 16.4645 32.8983 5.56108 0.824076 32.3511
4.08269 -17.7442 -35.4788 5.21805 4.80005 -29.2711 4.21091 17.745 35.7875 5.42782 4.83412 29.5431
4.33083 -20.4439 -36.0048 4.77539 5.20819 -26.6618 4.40181 20.4834 36.2909 4.91668 5.21879 26.9
4.7559 -23.5861 -37.1846 4.62754 5.16605 -24.6118 4.81259 23.9043 37.6986 4.82611 5.2075 24.989
4.37288 -24.1578 -40.8821 4.21968 4.68684 -25.6531 4.42881 24.5424 41.5167 4.42721 4.7358 25.9285
4.05316 -22.031 -44.8559 3.98471 5.03918 -25.9104 4.16464 22.3758 45.3263 4.23296 5.09047 26.1056
3.97771 -19.1125 -45.4096 3.14176 5.01034 -25.6736 4.14879 19.4884 46.1703 3.27187 5.0637 25.8511
3.34166 -16.7045 -44.9224 2.33082 4.95937 -25.7399 3.63715 17.1692 45.418 2.3957 4.99938 25.9824
2.69276 -14.2032 -43.6553 1.5 3.81809 -26.5604 2.9313 15.1371 44.3568 1.52239 3.83069 26.9503
2.03973 -11.3731 -40.9364 0.915547 2.4358 -27.3837 2.31129 12.3379 41.6156 0.997311 2.46318 27.8768
1.18378 -9.53644 -39.4426 1.07175 2.19169 -27.5623 1.31685 10.5318 40.4575 1.12284 2.41582 28.2659
0.59936 -9.11291 -36.4089 0.642207 1.36802 -27.4836 1.07315 9.98892 37.3394 0.657469 1.50659 28.2106
0.3107 -9.22794 -36.6512 0.81444 0.516703 -25.9923 1.12877 10.0139 37.788 0.856991 0.726427 26.8016
-0.142623 -8.74074 -35.1378 0.113153 -0.566225 -23.9024 1.12988 9.63419 36.3455 0.356572 0.808857 24.6935
-0.698432 -8.95374 -34.3859 0.244557 -1.64053 -21.1593 1.27861 10.0717 35.6238 0.471088 1.83936 21.8989
-1.66805 -8.65505 -33.3422 0.168767 -2.78468 -21.1948 2.01028 10.1172 34.7885 0.47454 2.80809 22.063
-1.68014 -8.54701 -32.2166 -1.36826 -2.94295 -19.9064 2.23002 10.0987 33.4361 1.45889 3.08581 20.9576
-0.624947 -7.65182 -33.2002 -1.2611 -4.06342 -19.1873 1.26745 9.35613 34.5412 1.33639 4.14518 20.1471
-1.31882 -5.94979 -33.4964 -3.09538 -3.53501 -19.9814 1.6305 6.9466 34.9083 3.11481 3.53578 20.9729
-1.30067 -4.14811 -31.8564 -3.5622 -2.94771 -20.4223 1.37421 4.57255 33.0939 3.72717 3.14664 21.278
-2.80666 -4.54934 -30.0194 -3.17857 -2.48747 -21.8788 2.95616 5.54432 31.2245 3.55235 2.55727 22.5424
-1.69476 -4.71627 -30.0478 -1.93129 -1.85113 -22.2957 2.30843 5.69262 31.4754 1.98754 2.03231 22.8604
-2.05269 -4.34629 -29.7201 -2.38349 -1.85414 -22.3192 2.14119 5.2879 31.1528 2.54358 2.20589 22.9742
-1.86919 -5.08326 -30.6833 -1.59982 -0.921805 -22.1223 2.50759 6.22168 32.1171 1.8468 1.88862 22.883
-0.823615 -5.33552 -31.4681 -0.606787 0.512452 -21.9372 2.93573 6.1598 32.9247 1.18287 0.932906 22.7459
-0.393042 -5.68523 -32.3981 0.273702 1.07414 -20.5821 2.17756 6.64914 33.7804 1.12898 1.66688 21.3608
0.298004 -6.7291 -32.4497 0.477685 1.10849 -19.7887 2.38519 7.73986 33.61 0.957058 1.72273 20.3631
1.01295 -6.75564 -34.426 0.35442 1.07463 -20.0127 2.79714 7.88113 35.746 0.781526 1.84105 20.5276
1.27051 -6.50219 -36.0403 0.301885 1.37132 -21.3208 2.84243 7.73384 37.5708 0.793734 2.0922 21.8113
-1.45698 -3.67255 -23.4468 -3.93428 -6.29127 -14.3266 2.45403 4.2049 24.6684 4.18559 7.23865 14.5782
-0.295181 -1.23312 -15.5799 -7.25102 -5.21384 -7.59491 1.15778 1.54308 16.4927 8.6304 5.22083 7.62734
2.88866 0.177672 -8.23439 -2.38006 -1.79192 -4.66101 2.99615 1.13061 8.96572 3.05305 3.00862 4.72744
2.12448 1.03966 -5.07137 -0.610106 0.238374 -3.49485 2.1837 1.52798 5.57352 3.4029 1.72239 3.72421
1.33242 -1.9992 -3.26201 3.39449 -24.9792 -5.58366 1.41896 2.32904 3.67786 4.71212 25.2006 5.76321
1.53532 -5.50075 -1.07762 -4.25634 -21.5902 -8.5586 2.27345 5.63042 1.7597 4.93142 21.6715 9.11839
-1.03323 -6.73206 0.636376 -25.3026 -23.0342 -3.22559 2.01033 7.24932 1.30692 25.8574 23.36 3.41137
-0.846091 -3.80623 1.51332 -35.7942 -25.0954 0.388484 2.43068 4.08317 1.70139 36.4622 25.6795 0.956513
-1.51527 0.959676 1.84543 -38.5731 -22.6443 5.6566 3.20817 2.02704 2.07651 39.0457 23.0597 6.1677
-4.29442 3.7647 2.60609 -34.915 -25.6202 7.55022 4.39798 4.29141 2.78362 35.2584 25.7749 7.96563
-16.1711 3.77912 3.36052 -32.3006 -25.0533 6.29905 16.5096 4.18673 3.39244 32.6916 25.5398 6.73266
-21.856 6.57333 4.53654 -34.5837 -20.5549 3.39279 23.293 7.52762 4.60413 34.8982 21.2688 3.45668
-24.6409 4.92239 5.53495 -32.3566 -21.0174 2.49427 26.4034 5.11403 5.57836 32.6563 21.5189 2.49779
-18.6563 5.12581 4.6676 -36.8743 -26.3813 1.70703 20.6603 5.45212 4.79309 36.9509 26.7269 1.85632
-15.4429 4.80274 3.47829 -34.6357 -27.3984 1.94277 17.1699 5.61981 3.86851 34.6505 27.7671 1.96412
-12.9017 4.08937 2.26219 -37.0021 -26.2162 4.52745 14.1416 4.48448 2.40801 37.3625 26.8405 5.17127
-12.6237 3.43631 0.683872 -35.3024 -23.0887 4.79366 13.4151 3.60111 1.45343 35.4316 23.8652 5.14363
-13.9952 2.79155 0.0398612 -34.2926 -18.6738 4.79644 14.5089 2.83175 1.84324 34.3625 19.4927 5.27615
-16.0293 2.14567 -0.808341 -32.349 -16.4066 3.23585 16.479 2.29122 1.75545 32.3905 17.233 3.62642
-19.1702 1.93082 -0.28348 -29.6687 -13.8078 1.61529 19.4339 2.19845 1.41891 29.6949 14.589 2.19602
-20.8445 0.810322 0.240648 -26.6341 -11.6303 0.8926 21.0303 1.2769 1.44189 26.7602 12.3294 1.99162
-21.7002 0.330144 0.22972 -26.1245 -9.08533 -0.620934 21.8575 3.108 1.05661 26.266 9.40977 2.44585
-20.8213 -1.14545 0.122963 -24.2284 -9.46323 -2.6407 21.0137 3.27755 0.733287 24.3151 9.73709 3.31091
-19.2284 -1.19591 0.255439 -22.0782 -10.8999 -4.00394 19.4236 1.86649 0.477082 22.1099 11.1007 4.22801
-18.1975 -2.06407 -0.242804 -21.3967 -12.0058 -2.70738 18.4427 2.5309 2.12409 21.4318 12.1377 3.13109
-16.9058 -4.39539 0.552458 -20.5717 -11.9425 -0.485328 17.3354 4.42849 1.22396 20.7394 12.0067 1.32317
-16.0129 -4.75013 -1.09134 -20.0594 -12.0062 -3.23146 16.5709 5.15998 1.35009 20.3499 12.0585 3.28031
-15.7459 -4.67431 -2.09139 -19.7638 -11.6092 -3.27688 16.2567 4.75293 2.39939 20.0287 11.6997 3.58859
-15.6669 -3.75443 -1.63627 -21.321 -11.3025 -2.51095 16.2602 4.14896 2.10012 21.5061 11.4117 2.81033
-14.9017 -2.3771 -1.83604 -21.5593 -10.8095 -1.90075 15.4352 2.56841 2.33161 21.7259 10.9447 2.03339
-14.5866 -1.69853 -1.68937 -22.851 -10.742 -1.254 14.9247 3.22894 2.36757 22.9538 10.8863 2.17176
-14.7769 -0.908229 -1.62098 -23.2545 -11.8216 -1.35715 15.1322 2.38637 2.04202 23.3296 11.9912 2.12041
-14.6139 -0.321135 -0.698572 -23.2669 -12.3289 -1.01738 14.8948 0.818122 1.62514 23.3613 12.4905 1.7544
-14.8487 -0.212716 0.0375418 -24.3285 -13.3664 -0.215112 15.1655 0.866969 1.46171 24.4281 13.4939 1.29582
-14.5096 -0.193726 0.450719 -25.1194 -13.642 0.490054 14.9283 0.360323 1.12201 25.2241 13.7674 0.99832
-14.0759 0.424098 0.646303 -26.3667 -13.766 1.16315 14.4644 0.98258 1.06271 26.4151 13.934 1.53554
-13.6826 1.57907 0.594636 -26.3676 -14.6639 1.39875 14.058 1.82438 0.962917 26.4696 14.9351 1.91739
-7.61405 -4.03059 -8.52386 -16.992 -8.90773 -1.58552 7.79819 4.35022 8.59047 17.0144 9.28702 2.3677
-4.03516 -5.35947 -7.69048 -9.50912 -4.4912 -3.4644 4.28968 5.88659 7.72374 9.70353 4.69642 4.57286
-1.50188 -1.052 0.914893 -6.00326 -3.15119 -0.991474 1.89586 1.32729 1.74878 6.37495 3.25107 2.32437
-0.36107 -0.288878 2.81617 -5.82908 -3.26006 -0.952966 1.39164 1.20458 3.09659 5.99267 3.36462 1.67353
-2.07332 -19.0394 -7.97605 -6.2165 -3.18311 -18.3416 2.14379 19.331 8.59632 6.50633 3.23775 18.4171
-1.41191 -15.1701 -28.1218 -3.27568 -5.93052 -23.698 1.64068 15.1813 28.7437 3.61277 5.93603 23.9617
1.94867 -17.3362 -35.4477 -0.736419 -1.57483 -26.0091 4.0914 17.4851 35.7139 2.60602 1.70146 26.088
2.43902 -15.4609 -39.0547 3.53444 0.531949 -25.4105 3.60933 15.6686 39.2635 3.88034 1.67444 25.5387
5.03845 -17.8761 -39.0603 5.94345 2.86292 -23.4434 5.04921 17.9114 39.449 6.11163 3.06664 23.5353
4.88115 -16.7679 -38.0956 4.88954 5.34672 -24.7683 5.03427 16.9015 38.4898 4.95288 5.35428 24.8178
4.63848 -15.6367 -35.795 4.73948 4.70611 -26.0031 4.68861 15.7374 36.2097 4.97365 4.70746 26.0645
4.29515 -14.9477 -39.6381 4.19631 4.99554 -28.6435 4.35329 15.0445 40.1229 4.37397 4.99733 28.7186
3.51432 -14.613 -43.4189 3.81963 4.47022 -30.7332 3.57378 14.7869 44.033 3.98413 4.47416 30.8211
3.24973 -13.1474 -46.106 3.35838 4.59431 -29.6254 3.28445 13.5133 46.6417 3.52538 4.61171 29.8417
3.40283 -13.1233 -43.888 2.87615 3.96489 -28.3664 3.4055 13.5432 44.4904 3.05811 3.97529 28.6883
3.24966 -10.7881 -42.3909 2.07075 3.80149 -27.8401 3.38684 11.3767 43.1871 2.17621 3.88063 28.1447
2.21708 -9.06606 -41.5449 1.15604 3.06859 -26.9499 2.69136 9.94623 42.4203 1.18348 3.10811 27.4165
1.3917 -7.26311 -38.182 0.929611 2.42735 -26.4886 2.1031 8.20224 39.049 0.950259 2.44074 27.0128
0.980496 -7.10752 -37.8356 0.862932 1.257 -27.8199 1.17781 7.89794 38.8412 1.20428 1.31281 28.2919
0.742244 -6.14081 -36.0165 0.558641 0.529306 -25.9626 0.957327 6.89831 37.1977 1.58293 1.01547 26.419
0.325987 -4.50021 -35.1745 0.284163 -0.683214 -25.6104 1.16318 5.23957 36.5978 1.52603 1.08074 26.0322
-0.52139 -3.20533 -32.5845 -0.347033 -1.25659 -26.5656 1.2312 3.90008 33.9333 0.808711 1.44333 27.1188
-1.42815 -2.9807 -31.8907 0.329478 -1.34324 -24.8597 2.46943 3.46561 33.4665 0.373178 1.57524 25.4926
-2.59485 -3.14635 -31.7252 -0.395411 -1.69655 -26.0858 3.337 3.66755 33.3586 0.505548 1.96527 26.7924
-1.66095 -2.79006 -30.4541 -0.798927 -0.451062 -24.9246 1.94255 3.20597 32.5151 0.919616 0.673641 25.612
-0.473906 -2.73392 -29.1431 -0.879141 -3.49392 -25.2654 1.21384 2.94738 31.0326 1.82783 3.68524 25.9066
-1.18655 -2.33359 -29.7497 -2.45285 -3.73692 -24.1745 2.75834 2.48257 31.8653 3.21654 3.86944 24.8538
-2.37941 -3.23419 -29.7274 -2.60573 -3.4537 -21.5528 2.40585 3.37747 31.6376 2.81893 3.54236 22.1195
-2.77917 -3.25143 -30.8266 -2.48793 -2.17187 -21.9082 4.73183 3.40936 32.7365 2.81649 2.82859 22.6404
-2.51971 -3.36913 -30.3268 -2.15106 -2.21761 -20.9343 3.47733 3.45426 31.9133 2.7997 3.19337 21.7091
-1.90392 -2.99152 -29.3629 -2.41152 -0.991834 -20.2763 2.93966 3.13741 30.6579 2.81031 1.66939 21.0612
-1.1176 -2.40606 -31.478 -1.44587 -0.192128 -21.6075 2.23053 2.53127 33.1901 2.09457 1.27375 22.3807
1.00439 -3.16123 -31.5284 -0.888093 0.074126 -22.8545 2.4984 3.39134 33.0923 1.67894 1.99002 23.4534
0.938287 -4.15988 -32.2533 -0.490452 0.466159 -22.199 2.70551 4.4001 33.9897 1.12281 1.42552 22.8383
0.540508 -5.36016 -32.9114 0.200932 0.899531 -22.056 2.4714 5.56783 34.5456 0.687343 1.24094 22.8182
0.302714 -5.81406 -33.4849 0.619696 1.38457 -21.5598 1.97867 5.99182 35.0884 0.750792 1.56362 22.5014
0.569537 -6.87955 -34.1885 1.22486 1.53236 -20.9188 2.22306 7.07795 35.7448 1.46521 1.7019 22.086
-1.44552 -3.60448 -19.7995 -5.56413 -6.46056 -11.6989 2.00949 3.63552 20.9145 6.25785 6.83448 11.9957
-0.2656 -1.57782 -12.6423 -6.62825 -4.49025 -6.28263 2.05989 2.0882 13.2917 8.13115 4.59178 6.32422
2.74768 -1.75956 -5.84718 -1.96826 -27.7595 -3.60137 2.92917 2.82613 6.8289 2.17262 27.8787 3.6761
1.7174 -6.86912 -2.33292 -0.395823 -25.9665 -3.00002 1.9026 6.97739 3.6605 1.16206 26.2209 3.72521
2.04813 -10.7066 1.5676 1.87114 -25.4048 -3.53004 2.94391 10.7866 3.63988 2.21439 25.9673 3.88352
1.61742 -9.65954 2.49266 -11.8296 -17.73 -1.72636 2.1422 9.752 3.69551 11.8441 19.0576 2.32361
-0.525354 -5.71362 2.72749 -37.4204 -14.9658 1.28764 0.84367 7.04937 2.81984 37.66 16.1894 1.29128
-3.68043 -1.55344 2.06451 -37.9067 -18.5576 6.22983 4.5119 3.38339 2.39637 37.9953 19.2004 6.57981
-3.24574 4.86488 1.83162 -38.6494 -16.0856 6.76367 4.96365 5.86813 2.43074 38.9467 16.8907 7.26918
-22.8642 3.99111 2.48651 -32.0302 -19.2899 5.94775 23.1202 4.27204 2.7035 32.9871 19.5309 6.4059
-31.3263 6.42021 5.31468 -28.5334 -16.4693 2.82261 32.1881 7.65439 5.33692 29.605 16.7742 2.8641
-30.1082 4.90218 5.95689 -29.4634 -19.0291 1.78545 31.236 5.7567 6.15988 30.0355 19.5823 2.1392
-22.6919 5.7889 5.14294 -32.8222 -23.8756 1.49593 24.1951 6.33057 5.29226 33.1321 24.3885 1.51256
-15.6491 4.5758 4.07904 -34.1875 -25.3802 1.90072 17.3931 5.00063 4.16211 34.4298 25.9214 1.91954
-11.1888 3.84323 2.99115 -36.4071 -25.1352 5.10733 13.0649 4.16028 2.99557 36.7651 25.8495 6.11654
-10.2449 4.34234 1.44496 -36.3719 -20.2499 5.64658 11.856 4.53345 1.71887 36.8119 21.3761 6.115
-12.0336 3.95325 0.373757 -37.1916 -15.3229 5.66299 12.9106 4.12842 1.41573 37.3691 16.419 6.19377
-14.3046 3.11319 -1.14763 -36.6952 -12.0441 3.91706 15.0583 3.49869 1.98387 36.7237 13.0122 4.50611
-17.4662 2.10108 -1.11492 -32.7763 -9.69405 2.44295 17.692 2.24771 1.53758 32.7899 10.6119 2.799
-19.5523 1.79105 -0.258809 -30.6261 -7.23628 1.15766 19.6916 1.79334 0.79273 30.6797 7.62909 1.88046
-20.92 0.444009 0.0827222 -26.103 -7.35952 -0.276083 21.0674 0.692903 0.72466 26.1459 7.65918 1.47939
-19.1293 0.565814 0.581385 -24.0186 -8.13353 -2.36644 19.3186 2.08721 1.0796 24.0552 8.48409 3.09777
-17.9707 -1.36165 0.491324 -23.0399 -8.69807 -3.55981 18.27 2.63619 1.14252 23.0528 9.09067 4.47342
-16.1986 -2.06982 0.165782 -22.8873 -9.39469 -3.82391 16.4635 2.74819 1.25741 22.9781 9.69871 4.12163
-15.0913 -2.68336 -0.825116 -22.5065 -9.9799 -2.36982 15.4188 2.97833 1.25465 22.6359 10.1431 2.49505
-13.7869 -3.95169 0.65642 -23.1218 -9.54943 -0.868847 14.05 4.12973 0.99902 23.2897 9.63685 1.07126
-13.628 -4.0479 -1.3271 -23.137 -9.67459 -2.27232 14.041 4.89206 1.67461 23.142 9.69369 2.72294
-13.5003 -3.95356 -1.86073 -23.9063 -9.55145 -3.60701 14.0215 3.97467 2.16652 23.9387 9.57138 3.95134
-13.7721 -2.92405 -2.06834 -24.5882 -9.02234 -2.56705 14.2789 3.28089 2.23523 24.6378 9.03924 2.80927
-13.4827 -2.04809 -2.52408 -25.5006 -9.39297 -2.05503 13.9337 2.24679 2.88423 25.5491 9.41164 2.1236
-13.2411 -1.31562 -1.40854 -25.9375 -9.87555 -1.56189 13.6009 1.79855 1.95871 26.0112 9.91303 1.96507
-13.4359 -0.212367 -0.429825 -26.9343 -10.8656 -0.843986 13.7021 0.88634 1.04135 27.021 10.921 1.87634
-14.0616 0.0183239 -0.147599 -26.3476 -11.3465 -0.631817 14.3111 0.0529126 0.810027 26.443 11.4287 1.29281
-13.3575 -0.24771 -0.04399 -27.4487 -11.6937 -0.269113 13.6455 0.343221 1.01938 27.5643 11.7794 0.968068
-13.3126 -0.220511 0.240767 -28.5178 -11.9484 0.286821 13.6974 0.521707 0.968146 28.6352 12.0364 0.785352
-12.8045 0.230836 0.62739 -29.5889 -12.1106 0.959269 13.2349 0.766995 1.15039 29.6904 12.182 1.24789
-12.6195 1.13307 1.03165 -30.1082 -12.4716 1.30983 13.0842 1.41344 1.19899 30.1909 12.5949 1.65298
-6.88809 -6.50817 -8.38636 -17.9686 -6.75982 -1.79269 7.08475 6.66479 8.40387 18.0635 6.99736 2.12325
-3.65674 -6.24477 -5.93484 -9.59852 -3.88364 -3.12971 3.73035 6.59243 6.01094 9.95859 4.25917 3.73906
-1.39385 -1.28195 1.27426 -6.32061 -3.32013 -0.276389 1.40344 1.36653 1.89597 6.75417 3.44179 1.88331
-0.860557 -0.306284 -13.4861 -6.98026 -1.93406 -1.00479 0.901535 1.20533 13.9923 7.20175 2.0785 1.97653
0.383686 0.540797 -11.2865 -7.78833 -0.30379 -2.10987 0.683822 1.98909 11.4302 7.83051 0.911043 3.00145
3.48355 -2.34186 -15.7822 -9.80485 2.08975 -0.733289 3.71086 2.44088 16.0585 9.80671 2.29014 1.396
2.52794 -20.7811 -14.6615 -8.21521 4.23373 -17.8245 2.55307 21.0119 15.5631 8.31669 4.25173 17.915
3.37824 -24.0124 -18.2931 -2.92057 1.16105 -31.3187 3.57997 24.0143 19.2292 3.27291 1.60842 31.4118
2.61787 -18.7819 -26.4914 4.0946 0.83247 -31.653 2.79254 18.9037 27.0626 5.49567 1.52725 31.8973
2.3706 -14.9044 -32.3358 6.05596 1.9876 -30.2643 2.73904 15.3689 32.6222 7.27475 2.19482 30.718
4.15839 -16.1909 -39.6614 4.67063 4.69905 -24.5675 4.50688 16.5159 39.7756 5.14344 4.70495 25.4677
5.85774 -21.929 -41.714 3.72643 6.13173 -22.0817 5.9032 21.9426 41.9602 3.83034 6.31578 22.8824
5.62635 -23.8708 -42.6158 3.51252 5.52531 -20.964 5.72951 23.8822 43.0203 3.57811 5.60754 21.6211
4.88609 -21.2158 -42.8092 3.73038 5.32444 -24.3963 5.10552 21.2821 43.3572 3.87672 5.35601 24.6701
4.39123 -17.3956 -42.3537 3.1123 4.03574 -28.8286 4.45145 17.4617 42.9294 3.39318 4.05114 28.913
3.75343 -14.1645 -40.5543 2.6924 4.26272 -31.1494 3.89329 14.2275 41.1963 3.17731 4.30503 31.2406
3.2604 -13.3891 -37.8194 2.20975 4.3398 -30.8651 3.27409 13.5107 38.5395 2.61413 4.41402 30.9906
1.70226 -13.502 -36.3645 1.20527 3.07969 -28.2167 2.66087 13.7649 37.1539 1.34538 3.09905 28.4243
0.552579 -11.706 -35.372 0.561092 1.97452 -26.2719 1.65 12.23 36.312 0.792874 2.328 26.606
-0.133779 -10.0479 -34.1963 0.368393 0.676847 -25.7456 1.17946 10.6546 35.1847 0.896383 0.955722 26.191
0.162204 -9.69739 -31.9589 0.103786 -0.938315 -24.1997 0.801552 10.4699 32.9478 1.9112 1.37381 24.7435
0.611915 -9.80596 -32.7028 0.0280441 -2.38617 -21.6908 2.09733 10.6312 33.7462 2.41753 2.60935 22.1358
-0.478288 -8.58897 -33.0396 -0.29517 -2.71378 -21.0089 2.01542 9.60845 34.1342 2.27429 2.83203 21.5064
-1.14805 -7.27154 -32.0169 -1.2266 -2.33471 -21.934 1.84238 8.58803 33.1667 2.4348 2.38685 22.4955
-1.35202 -6.74983 -30.9336 -2.6647 -2.95594 -22.4253 1.85051 7.96237 31.9991 2.95659 3.04783 23.1206
-0.416465 -5.86427 -30.2961 -3.19132 -3.03977 -21.0803 1.13447 7.45511 31.4989 3.34843 3.07028 21.8895
-1.33542 -6.15213 -29.1385 -2.01548 -3.48746 -20.6652 2.49292 7.5956 30.4301 2.21334 3.5661 21.2407
-3.03736 -6.88924 -29.4271 -2.63383 -3.59104 -20.0035 3.07375 8.20296 30.7549 2.76118 3.63089 20.5679
-2.3528 -7.18196 -29.1955 -2.15806 -2.53063 -18.541 2.57223 8.69793 30.1696 2.27748 2.59997 18.9908
-2.52511 -8.30949 -29.867 -2.15867 -1.35006 -18.4573 2.59303 9.52987 30.8479 2.34685 1.69023 18.7339
-1.20615 -8.67302 -29.7149 -1.4967 -1.44868 -17.4895 2.02155 9.73216 30.6811 1.91347 1.66683 17.779
0.00154115 -10.0497 -30.2027 -1.3382 -0.509443 -17.7483 4.4694 11.0881 31.1902 1.60813 1.43979 18.0693
0.0614179 -10.8474 -31.2657 -0.604048 0.905729 -17.8414 3.20809 11.6466 32.2736 1.18076 1.28193 18.1726
-0.00447657 -11.0525 -31.6139 0.0945875 1.72583 -17.2193 2.58288 11.8504 32.4852 1.15313 2.2372 17.5479
0.154015 -11.4502 -31.0639 0.586211 1.24217 -18.1312 2.01468 12.1715 31.8234 1.042 1.60578 18.3431
0.25744 -12.2406 -32.8579 0.806222 1.21715 -17.8152 1.84094 12.9875 33.7228 1.05489 1.54351 17.9728
0.714336 -12.9189 -33.393 0.567034 1.56682 -18.0114 1.69737 13.7239 34.2954 0.737808 1.90924 18.239
-2.01494 -6.73645 -17.8657 -6.52185 -5.48167 -8.36179 2.53804 6.96675 18.6622 7.57938 5.66407 8.36249
-0.881815 -4.06794 -11.9247 -6.0327 -4.63282 -4.25648 1.59291 4.81675 12.3022 7.71623 5.14457 4.36509
2.09387 -2.95087 -6.21215 -0.595861 1.4216 -2.31731 2.61835 3.84604 6.65524 0.968067 2.8076 2.61426
0.951491 -3.27784 -4.63555 -8.69501 0.664842 -2.41707 1.86807 4.34064 4.89692 9.03468 0.833969 2.83335
-1.55561 -4.24154 -4.75386 -18.2569 -2.14883 -1.69321 1.81403 4.96048 4.82763 18.2576 2.73937 2.28951
-2.02516 -0.732861 -4.88045 -22.8798 -20.2265 -2.38989 2.51292 3.5003 4.93757 22.9057 20.2852 3.85087
-21.7506 -1.67395 -0.622061 -24.8442 -22.2262 6.29496 21.7973 2.75169 1.31757 24.8922 22.4328 7.3883
-23.7874 1.09766 2.9628 -29.3138 -21.4993 2.57593 24.3284 2.77376 2.98579 29.3622 21.6907 2.58439
-18.2172 2.01017 5.22684 -37.6518 -19.2945 4.24895 19.4271 3.02158 5.27373 37.6588 19.6156 4.53168
-16.2787 7.018 4.62954 -36.9029 -20.1084 5.66453 17.3907 7.74629 4.64286 36.952 20.4386 5.97149
-15.3781 6.2779 3.35136 -36.9761 -20.0948 6.9066 16.3643 6.82237 3.38359 37.0262 20.3086 7.45982
-18.5312 6.5381 3.27987 -38.9739 -19.7523 6.02391 19.1934 7.21889 3.32605 39.0502 19.9786 6.60385
-20.2147 5.70335 3.3468 -36.9485 -19.1599 5.19951 20.9325 6.24681 3.37857 37.0023 19.3269 5.68742
-20.1111 4.86317 2.99921 -35.5052 -17.8755 4.16445 20.7289 5.29157 3.0234 35.5806 17.9443 4.41688
-19.9955 3.58556 1.91556 -32.5447 -17.4008 3.41704 20.3699 3.9312 1.96669 32.6018 17.5247 3.78135
-18.2704 2.41567 0.930198 -31.9114 -16.0766 3.00247 18.5535 2.71537 1.14078 31.9697 16.2319 3.48957
-17.4625 1.91317 0.59428 -30.3523 -14.1702 2.70443 17.8268 2.17549 0.784441 30.4064 14.2992 3.37284
-16.2111 2.25981 0.54931 -29.6708 -12.6255 2.16975 16.6238 2.27211 0.762019 29.7284 12.7192 2.58703
-15.3041 1.35083 0.72759 -28.7987 -12.7133 1.12629 15.6837 1.40248 0.991558 28.8544 12.8181 1.55837
-14.6308 1.02924 0.254124 -28.9559 -12.1321 0.53506 14.9424 1.16053 1.13388 29.0289 12.1986 0.899756
-14.3846 -0.0867179 0.406617 -27.5704 -11.6604 0.064856 14.7695 0.538461 1.03794 27.6662 11.7263 0.484951
-13.7821 -0.715414 0.0109111 -26.4529 -12.0461 -0.581676 14.1515 1.31743 1.10324 26.5746 12.1022 1.04619
-13.7906 -1.95981 0.471666 -25.3345 -11.4602 -1.67093 14.0214 2.41551 1.13792 25.4462 11.5199 1.84591
-13.4947 -1.98261 0.352474 -24.1418 -11.1778 -3.2485 13.7232 2.61323 1.47729 24.2224 11.234 3.42783
-14.0576 -2.70562 -0.576076 -23.8805 -11.6693 -3.36132 14.3874 3.05502 1.57127 24.0151 11.6978 3.50965
-13.4528 -3.03151 -1.19421 -24.4345 -11.8389 -0.834517 13.6645 3.20972 1.29667 24.586 11.8559 1.27933
-13.473 -2.80777 -1.30059 -25.0401 -11.3055 -1.97307 13.7154 2.92484 1.51177 25.1914 11.3228 2.08561
-13.2429 -3.63031 -1.25047 -25.0666 -11.0209 -3.19013 13.4505 3.70596 1.4317 25.1923 11.0448 3.21908
-12.7507 -2.64717 -2.19616 -24.9178 -11.2712 -2.72415 13.0458 2.72767 2.35443 25.0172 11.278 2.73393
-12.0382 -2.46947 -1.81252 -26.3121 -11.6371 -2.49993 12.4428 2.65575 2.03097 26.4361 11.6431 2.56194
-11.834 -1.44147 -2.06524 -26.8304 -12.4801 -1.70604 12.1989 1.62278 2.21546 26.9641 12.4981 2.00168
-11.6794 -0.400933 -1.27464 -27.5903 -12.3269 -0.667314 12.0174 0.740716 1.65487 27.7146 12.3357 1.07901
-12.4774 0.521358 -0.374384 -28.2308 -12.6292 -0.320324 12.7897 0.759986 1.12079 28.3532 12.6398 1.64203
-12.7647 1.37768 0.291973 -28.9657 -12.3642 -0.213371 13.0956 1.42757 1.05244 29.0499 12.371 1.23606
-12.6624 1.92625 0.822859 -28.78 -12.8109 0.412911 12.9962 1.95286 1.22324 28.8565 12.8232 1.22383
-12.3179 1.85961 0.903585 -30.3089 -13.5905 1.13502 12.673 1.88379 1.18455 30.3996 13.5992 1.56817
-9.29175 -0.699504 -5.53035 -22.642 -9.79906 0.227537 9.57524 1.02202 5.77498 22.7491 9.81719 0.248209
-4.8015 -5.68827 -9.67384 -14.5863 -5.62498 -1.71873 5.00408 6.08205 9.70178 14.864 5.83661 2.05581
-2.15569 -1.90135 -2.10728 -7.11059 -3.43694 -0.994186 2.24134 2.65848 2.25705 7.44605 3.67458 1.40305
-0.853093 0.918487 1.41009 -6.13895 -2.74402 -0.097931 0.912878 1.75874 1.93155 6.48339 2.91766 0.340281
-0.773529 0.926899 0.686404 -6.32097 -1.86072 -1.22197 0.809317 2.824 1.8287 6.52218 2.18934 1.6546
-0.0930161 -16.8267 -12.2636 -6.2919 -1.90203 -0.725837 0.68249 16.901 12.2799 6.54341 2.37329 1.38774
1.27103 -16.6629 -27.9513 -6.05137 -0.355489 -2.58943 1.4601 16.7179 28.1041 6.169 0.742073 2.71992
4.08005 -21.7297 -28.3011 -3.73313 -0.0714315 -27.3523 4.25085 21.7438 28.5728 4.00393 1.13268 27.3862
3.12581 -16.6696 -30.9545 0.791771 0.663637 -30.5473 3.21067 16.7084 31.6872 1.75132 0.764599 30.5496
2.64917 -16.5049 -32.5382 4.95445 3.53782 -31.4478 3.3582 16.5791 33.0366 5.60497 3.5401 31.4882
3.63057 -16.8729 -38.1666 5.89535 4.76018 -28.1406 4.22486 16.9368 38.4227 6.102 4.80046 28.3415
4.32339 -20.1639 -37.4935 4.55411 5.54457 -23.0382 4.36152 20.1713 37.7373 4.84664 5.66741 23.3789
4.7403 -26.9416 -44.0065 4.54198 5.02951 -20.4778 4.7732 27.1783 44.24 4.65829 5.12991 20.6934
5.08918 -29.0622 -44.7452 4.16808 4.18773 -19.9899 5.32808 29.3297 45.0165 4.32745 4.25508 20.1062
5.02767 -26.6104 -43.6381 3.94053 3.82492 -21.2591 5.1825 26.8789 44.0067 4.13888 3.9379 21.297
4.18873 -22.3046 -41.7912 3.68567 3.87049 -22.7655 4.36291 22.5422 42.2547 4.06783 3.93162 22.7816
2.85397 -19.1974 -38.4022 2.05193 3.34416 -23.9379 3.01042 19.3758 38.7805 2.447 3.37886 23.9975
1.76847 -16.661 -37.6899 0.782086 2.47616 -23.9403 1.95613 16.8755 38.2168 1.52915 2.52181 24.0786
1.22334 -14.6659 -36.6347 0.113251 2.02205 -22.3037 1.58054 14.9837 37.1843 1.08872 2.03057 22.5278
1.04419 -14.2042 -35.4558 0.254404 1.06644 -20.7514 1.36866 14.5901 36.0897 0.629217 1.13481 20.9256
0.984268 -14.5887 -34.336 0.744175 0.384502 -19.6646 1.66445 14.998 35.0001 0.865702 0.465256 19.86
0.0188962 -14.2671 -32.4232 0.648191 -0.38189 -18.595 1.1811 14.6484 32.9781 0.782349 1.04099 18.991
-0.511622 -14.2899 -32.5506 0.152467 -1.57814 -17.3298 1.04305 14.7272 33.1656 0.469585 1.97139 17.6811
-0.840758 -13.0337 -31.4667 1.40202 -2.44977 -17.1846 1.28334 13.729 32.1377 1.77682 2.51608 17.5113
-0.909184 -11.8437 -30.5131 -1.39449 -2.2265 -17.6574 1.99565 12.702 31.1737 1.96013 2.49376 18.0799
0.270209 -11.4621 -28.6327 -1.31734 -3.91223 -18.3049 1.33284 12.2462 29.2666 1.67316 3.98163 18.6872
-0.837144 -11.604 -28.5232 -2.56831 -3.4649 -18.6235 1.14593 12.261 29.2375 2.67818 3.47244 18.8722
-2.14871 -11.6343 -28.0396 -2.52675 -3.05223 -17.1703 2.25463 12.1615 28.7173 2.58 3.13825 17.4642
-2.8951 -11.5061 -27.8906 -2.86982 -2.16855 -17.0122 3.11439 11.9288 28.5104 2.93522 2.18441 17.3255
-1.71772 -11.7941 -27.6912 -2.51783 -2.05354 -15.3453 1.99597 12.3472 28.1467 2.74544 2.24442 15.5808
-1.38847 -12.7116 -28.3072 -1.6606 -1.86517 -15.3045 2.30204 13.2642 28.7775 2.55042 1.96811 15.4599
-1.21976 -12.7895 -28.0551 -1.733 -1.85836 -15.9893 1.7777 13.3336 28.4813 2.28327 2.07978 16.0853
-0.840948 -12.5405 -29.2057 -1.70452 -0.54111 -16.5767 1.18918 13.0803 29.7025 2.02153 1.48324 16.6946
-0.69871 -12.6899 -29.0743 -0.817099 0.932869 -17.4057 2.05742 13.0767 29.5509 1.24211 1.75092 17.5402
-0.0642591 -12.7788 -28.4088 0.376614 1.6443 -17.6085 2.15479 13.1323 28.8263 1.06559 2.26486 17.7334
0.374098 -13.7086 -28.5921 0.993365 1.2917 -17.5725 2.32846 14.0389 29.0063 1.34327 1.98065 17.6427
0.977241 -14.1793 -30.6441 1.22007 1.23154 -18.0823 2.43402 14.5938 31.1442 1.50233 1.89119 18.1264
-1.06014 -10.8907 -22.4272 -2.714 -2.1655 -13.6104 2.23954 11.1804 22.7679 3.08243 3.05208 13.6477
-1.61248 -4.99333 -15.1829 -7.15902 -4.67976 -8.51454 1.9811 5.07096 15.5329 7.78725 4.72512 8.55329
2.02382 -2.02193 -7.51125 -3.08455 -0.521383 -4.00403 2.33497 3.01508 7.70926 3.33343 2.48504 4.15649
1.28977 -2.50107 -4.97647 -0.412712 0.734465 -3.88969 2.11446 3.62998 5.28025 1.64111 1.74656 4.14135
0.502543 -4.0503 -3.47299 2.95573 0.162092 -3.94584 1.11224 5.14676 3.55525 3.7931 0.664333 4.20011
-9.20083 -4.18947 -3.7583 -19.2092 -21.2518 -4.40193 9.24522 4.61967 3.79933 19.2501 21.702 4.97902
-13.6574 -3.94405 -0.404953 -33.0034 -21.2294 -2.79599 14.086 4.15265 0.733668 33.1579 21.2799 3.1199
-16.2447 -0.767019 1.50184 -33.5051 -23.2415 0.551901 16.5817 1.84734 1.50842 33.6124 23.3654 1.53916
-15.4643 2.86104 4.5249 -37.4132 -24.6614 4.24335 15.9951 3.79057 4.54596 37.4419 24.8065 4.54878
-16.0008 5.14759 4.75532 -38.0714 -21.5235 5.90644 16.3877 5.37442 4.7613 38.0933 21.7555 6.0424
-16.4863 5.94392 4.02912 -37.9831 -21.0474 6.05018 16.8636 6.3624 4.16006 37.9936 21.314 6.44978
-17.8005 5.51809 3.20973 -38.6385 -20.8337 4.98744 18.1798 6.19937 3.31197 38.6503 21.0444 5.334
-18.5132 5.22951 3.28649 -39.2627 -20.148 5.03646 18.8335 5.7838 3.33151 39.2651 20.3631 5.43796
-18.3925 4.64357 3.35469 -37.9042 -19.6342 5.02721 18.6334 5.17759 3.408 37.9287 19.7355 5.68086
-17.1415 4.06351 2.94122 -36.4163 -19.2036 4.3828 17.3414 4.48878 3.04364 36.4588 19.2633 4.91748
-16.7666 3.37527 1.59335 -34.164 -18.4916 3.06041 17.0091 3.70366 1.74133 34.2051 18.5763 3.55248
-14.5894 3.27515 1.2366 -33.6319 -17.7184 2.69021 14.7852 3.60491 1.55014 33.677 17.8383 3.05911
-13.8811 2.58156 0.715904 -32.5387 -15.8333 2.00798 14.0876 2.88343 1.32392 32.5634 15.8943 2.41144
-13.1528 1.30722 0.311736 -31.8344 -14.2881 1.49975 13.31 1.56189 0.88633 31.8625 14.342 2.14474
-13.1254 1.25009 -0.076106 -30.2787 -13.6419 1.12876 13.2648 1.69165 0.522809 30.3187 13.7007 1.26673
-12.3362 -0.0824329 -0.0634592 -29.0804 -13.8728 0.401988 12.4543 1.28976 0.794287 29.1283 13.8857 0.632868
-13.0105 -0.50155 0.217077 -28.6788 -12.6892 0.296774 13.1155 1.15371 0.730151 28.7484 12.6967 1.07961
-13.0971 -1.5159 -0.0989178 -27.9154 -11.9335 -1.05597 13.198 1.53463 0.382842 28.0347 11.9536 1.35317
-13.2841 -2.53414 -0.0941481 -26.3507 -12.2893 -2.3332 13.4197 2.65818 0.533367 26.4773 12.3019 2.71086
-13.3377 -2.12933 -0.286396 -26.0425 -12.4057 -3.53411 13.4525 2.14581 0.428496 26.1606 12.4368 3.7675
-12.6978 -3.58851 -0.689667 -24.4612 -11.9295 -3.54094 12.7707 3.67413 1.91986 24.6145 11.9957 3.66152
-12.6249 -4.59918 -0.855303 -26.293 -11.872 -1.36771 12.6794 4.60393 2.12188 26.5156 11.9494 1.79087
-12.8225 -4.15426 -2.12433 -26.3897 -11.6441 -3.13384 12.8704 4.21352 2.50609 26.6123 11.6954 3.60356
-13.0376 -3.31807 -1.10857 -26.3124 -11.973 -2.88714 13.131 3.66967 1.15263 26.5062 11.9878 2.98986
-11.9922 -1.98509 -1.756 -26.7667 -11.4724 -2.47727 12.147 2.35542 2.14832 26.931 11.4902 2.58788
-11.6684 -0.854048 -1.39405 -27.0879 -11.7541 -2.32815 11.812 1.23858 2.00461 27.201 11.7687 2.93824
-11.1546 -1.00157 -1.39338 -28.7665 -12.2814 -1.85095 11.2965 1.06198 1.88072 28.8731 12.2843 2.19749
-11.5287 -0.893552 -0.728731 -29.2985 -13.174 -0.886217 11.6804 0.953793 1.49419 29.4119 13.1741 1.32079
-11.284 -0.548057 -0.167846 -29.8174 -13.2887 -0.144771 11.4497 0.663087 1.07538 29.9359 13.2892 1.20364
-11.4092 -0.0504222 0.454303 -30.9538 -12.9145 0.523138 11.5829 0.593455 0.990439 31.0547 12.9171 1.22177
-11.7771 0.959752 0.732097 -30.8192 -13.6166 1.17703 11.963 1.14301 1.02032 30.9063 13.6306 1.72658
-11.6016 1.98526 0.798403 -30.9564 -14.0468 1.59706 11.7749 2.10006 1.1615 31.0108 14.0842 2.15331
-6.65632 -2.77852 -7.66957 -19.9332 -8.34821 -1.34986 6.7139 2.89668 7.71052 20.0832 8.50011 1.47192
-3.44224 -4.53386 -6.9702 -12.3139 -4.93074 -3.32861 3.50649 4.85083 7.06494 12.6935 5.18119 3.65179
-1.17858 -0.822127 0.0273774 -6.77874 -3.70607 -0.334161 1.25797 1.38921 1.05706 7.18313 3.85184 1.02374
-0.373398 0.0625477 2.33423 -5.70691 -5.07162 -0.441068 0.892884 0.521784 2.68356 6.04431 5.65765 0.997301
-1.43096 1.78218 1.82037 -6.30378 -3.1643 -0.920151 1.5134 2.82093 2.34364 6.61015 3.52268 1.41978
0.460397 0.255666 -8.97949 -6.81905 -2.7136 -2.31769 0.793951 1.49539 9.08245 7.35714 3.19554 3.29666
1.39605 -19.5206 -17.9544 -5.69129 -0.616592 -25.447 2.30265 19.5438 17.9649 5.95998 0.982687 25.4521
1.36325 -21.8221 -24.4692 -2.68323 -0.717555 -29.0272 1.89573 21.8327 24.6293 3.44802 1.34484 29.2466
2.91085 -22.0121 -27.4018 3.34087 1.02501 -30.8285 3.14948 22.1689 27.5047 4.86223 1.45896 31.366
3.24266 -18.6921 -35.329 5.07645 1.81114 -26.3972 3.54001 18.9554 35.4925 5.7097 2.0055 26.9336
4.82686 -19.6389 -38.3878 5.61547 4.608 -24.0191 4.92236 19.7612 38.452 5.89461 4.66137 24.7429
5.09787 -21.5962 -40.2843 3.87639 5.35605 -22.1353 5.12808 21.6114 40.3414 3.92368 5.57048 22.6043
5.2372 -23.9177 -41.7088 3.8731 5.2471 -20.7736 5.25697 23.9193 41.8454 3.91863 5.44848 21.0227
4.80352 -21.8476 -41.1511 3.72066 5.02609 -22.8855 4.85901 21.8832 41.3063 3.93396 5.1769 22.9554
4.35237 -18.3782 -40.1297 2.90407 5.01093 -25.4303 4.36653 18.4094 40.4005 3.04244 5.07637 25.448
3.3764 -15.7096 -38.6892 2.68996 4.61095 -26.9288 3.38693 15.7909 39.0251 2.82737 4.72717 26.9403
2.5683 -15.1565 -36.7848 1.40696 3.20092 -26.9816 2.66553 15.2275 37.3157 1.42672 3.35999 26.9978
1.72467 -14.7695 -34.9467 0.960703 2.41439 -25.3307 1.88777 14.9167 35.36 1.01899 2.58055 25.3755
0.762675 -14.37 -32.9544 1.12419 1.58436 -22.1503 1.2907 14.523 33.3704 1.43555 1.60321 22.2347
-0.00622861 -12.4914 -32.8691 0.665598 0.774997 -20.4798 1.52941 12.8119 33.3672 1.06215 0.97369 20.6619
-0.686048 -11.3751 -31.9783 0.20091 0.197766 -19.7075 1.44171 11.8106 32.5442 0.642177 0.431219 19.9151
-0.339922 -12.2461 -29.9421 0.0767082 -1.05732 -17.9628 1.47223 12.7891 30.4748 1.47614 1.8914 18.1329
-0.237234 -11.0853 -31.6388 0.626852 -3.32727 -17.532 1.77186 11.637 32.3573 1.33775 3.7133 17.6724
-1.17831 -10.262 -31.0997 -0.653714 -3.22574 -17.9951 2.86412 10.86 31.6706 0.93511 3.32698 18.1739
-1.2031 -9.00343 -31.8802 -1.15336 -2.0769 -18.6908 2.09041 9.74198 32.6303 1.24359 2.12174 19.0225
-0.653862 -8.13913 -29.0316 -1.94491 -2.12762 -19.3979 0.999496 8.98327 29.668 2.33513 2.25434 19.7926
-1.81077 -7.58327 -29.5273 -2.52867 -2.12498 -19.7374 2.15109 8.61393 30.2818 2.67397 2.12981 20.1668
-2.18876 -7.94009 -29.3196 -1.97579 -3.13954 -19.3894 2.27265 8.89956 30.0882 2.1203 3.21044 19.6581
-2.77687 -8.46317 -29.7527 -2.14938 -2.95541 -18.5933 2.92907 9.36415 30.5399 2.27485 3.21347 18.8481
-2.20928 -8.57207 -30.0048 -1.82913 -2.41546 -18.5604 2.43789 9.38969 30.758 2.04628 2.58506 18.7157
-1.59173 -8.96542 -29.8934 -2.18633 -1.92895 -18.4404 1.79583 9.71982 30.5375 2.43621 2.11089 18.5948
-1.25275 -9.09685 -29.2574 -1.33938 -1.09843 -18.0086 1.68357 9.7911 29.7677 1.84518 1.58127 18.1703
-0.802368 -9.74244 -30.7226 -0.702259 0.0907229 -17.826 2.35876 10.2668 31.3326 1.51104 0.908318 17.97
-0.443976 -10.0491 -30.8874 -0.679592 1.20275 -17.8706 1.94223 10.5483 31.4116 1.32585 1.62408 17.9876
-0.0188423 -9.82401 -31.5926 -0.113227 1.47748 -19.0029 1.62635 10.2576 32.1806 0.663806 1.71687 19.0983
0.146698 -9.75674 -30.9913 0.439599 1.35743 -18.9995 1.93275 10.211 31.4763 0.685543 1.52325 19.0837
0.467598 -9.95349 -32.4756 1.23146 1.54643 -19.4892 2.0091 10.4202 33.0786 1.4419 1.73092 19.5823
-1.97613 -7.60639 -21.084 -4.22544 -3.27773 -13.5466 2.82649 7.65444 21.6343 4.38272 3.64943 13.5949
-1.3527 -4.59998 -14.6509 -8.34636 -3.74521 -8.70829 1.88549 4.74462 15.0452 8.88338 3.94344 8.92868
1.62139 -2.1463 -8.15086 -2.52503 0.0447621 -4.33495 1.94239 2.63221 8.42632 2.75065 2.30589 4.56987
0.900598 -1.6642 -5.64435 -0.337453 0.726745 -3.43434 1.43619 2.33014 5.94827 0.877211 1.47955 3.7241
0.040776 -5.19892 -3.95536 -4.20634 -12.3154 -3.97939 0.574304 6.0433 4.13243 5.09952 12.5799 4.14169
-1.35325 -3.2976 -3.7961 -25.5213 -19.8285 -3.39705 1.92298 4.25919 4.04312 25.7223 19.8779 3.76941
-14.8122 -3.08627 -0.836254 -25.3639 -21.2079 1.5698 14.9192 3.86601 2.02747 25.4665 21.2875 2.42043
-17.6436 -0.109192 1.0423 -35.864 -20.8287 2.33078 17.8301 2.31081 1.63907 35.9538 20.9563 2.34087
-17.5965 3.04212 4.94109 -36.2038 -21.0171 4.27315 18.0501 3.47983 5.12873 36.2593 21.2289 4.32011
-14.8749 5.67246 4.82544 -37.9422 -22.8958 5.29681 15.4005 6.11945 4.83698 38.0532 23.054 6.0547
-14.6189 4.76718 3.74271 -36.8792 -22.7345 5.78384 15.1652 5.19325 3.74902 36.9718 22.799 5.99246
-15.6797 5.01347 3.30305 -38.6239 -22.358 5.79232 16.2027 5.46786 3.37191 38.7145 22.3746 6.23268
-17.2274 5.235 3.71566 -39.7714 -22.2714 5.04286 17.711 5.90743 3.73777 39.8202 22.2966 5.54023
-16.4619 5.18383 3.25132 -38.0331 -21.4989 4.98107 16.8646 5.92831 3.32157 38.0593 21.5062 5.49507
-15.6684 4.93067 2.87162 -37.4592 -19.6829 4.27325 15.7973 5.59346 2.90475 37.5153 19.6895 4.67836
-15.6932 4.19779 2.05848 -36.7837 -18.5541 3.45004 15.7893 4.66513 2.10414 36.8368 18.5595 3.79321
-15.172 3.29503 1.1293 -35.3268 -17.7067 2.55961 15.2496 3.49485 1.41501 35.3933 17.7123 2.72665
-14.5581 2.21962 0.635146 -33.9573 -15.1344 1.87358 14.6206 2.27852 1.21471 34.0209 15.1429 1.98043
-13.2245 0.892256 0.260366 -31.6234 -14.2823 1.73955 13.2915 1.79053 1.45983 31.695 14.2954 1.84903
-12.6594 1.30176 -0.0287093 -31.6745 -14.5207 0.914757 12.74 1.50083 1.23076 31.7671 14.5286 1.02065
-12.547 0.0656014 0.363014 -30.3354 -13.1592 0.220597 12.6595 0.519693 0.955612 30.4161 13.2285 1.06949
-12.1085 -0.326854 -0.225288 -29.0399 -12.8143 -0.583248 12.2291 0.914104 0.560096 29.1383 12.8971 1.54541
-12.0852 -0.906068 -0.235109 -27.7164 -13.0283 -1.6216 12.1547 1.44273 0.85923 27.7982 13.0958 1.96365
-12.6915 -1.21741 -0.710391 -27.5757 -13.1578 -2.2762 12.7498 1.91644 1.75584 27.6606 13.2463 2.32788
-12.8128 -0.99103 -1.25248 -26.7352 -12.7555 -3.48919 12.869 1.56499 1.52522 26.8952 12.8955 3.54025
-12.7763 -3.84303 0.0810441 -25.5142 -12.422 -3.22529 12.8404 3.97178 0.724995 25.6445 12.5308 3.24229
-12.3682 -3.43847 -0.969759 -25.4904 -12.8448 -2.19016 12.4632 3.89562 1.01995 25.5959 12.9022 2.21543
-11.6872 -3.19293 -1.64112 -26.4173 -12.1179 -3.86438 11.8205 3.57655 1.71224 26.5054 12.1714 4.10897
-10.6683 -2.62054 -1.83338 -26.6832 -11.7501 -2.74953 10.7779 2.78177 2.06131 26.7423 11.7947 3.13015
-9.53521 -2.63967 -2.60757 -28.3983 -12.1374 -2.35398 9.62523 2.75215 2.97452 28.5024 12.1725 2.55928
-10.281 -2.7831 -2.3691 -29.3507 -12.7006 -1.35922 10.4243 2.88619 2.78563 29.4687 12.7348 1.6296
-10.4112 -1.72253 -1.61118 -29.0758 -13.322 -0.820381 10.5044 1.84527 2.08546 29.1637 13.3397 1.08587
-10.7051 -1.07181 -0.779312 -30.4326 -13.4659 -0.376693 10.7956 2.07232 1.41187 30.5241 13.496 1.28237
-10.8228 0.381494 0.353759 -29.5877 -14.0553 -0.256878 10.9391 1.21398 1.21824 29.6565 14.0584 1.83355
-10.68 0.957938 0.809638 -30.1725 -14.6194 -0.03716 10.7741 1.45816 1.36893 30.2285 14.6222 2.09908
-10.3363 1.29272 0.647285 -30.1763 -15.5435 0.555779 10.4194 1.51216 1.03445 30.2205 15.5475 1.66528
-9.95655 1.70886 0.992228 -30.7026 -15.499 1.17142 10.13 1.78339 1.3965 30.7503 15.5017 1.79277
-5.27278 -4.22733 -9.07274 -19.287 -8.47865 -2.76517 5.42581 4.41124 9.07969 19.5288 8.56731 2.83916
-2.46839 -4.63072 -6.32882 -10.7958 -3.99736 -4.09091 2.67442 4.94966 6.52774 11.3646 4.09193 4.46991
-0.763034 -0.715758 1.17005 -6.17245 -2.97661 -0.904113 1.28737 1.51484 1.86102 6.58298 3.03719 0.994425
-1.12517 1.20578 2.48819 -6.55951 -3.24783 -0.665746 1.6406 1.75227 2.67458 6.82488 3.43815 0.845597
-0.753479 2.94588 -7.56607 -6.69318 -3.56604 0.0290379 0.816536 3.57293 7.63606 6.91389 3.8983 0.853426
1.05684 -12.5658 -11.895 -6.52048 -2.44144 -21.3756 2.50765 12.6531 11.9647 6.99767 2.83823 21.3851
0.655833 -17.9684 -25.9101 -5.433 -3.80827 -25.8391 1.42923 18.0641 26.0098 6.01533 3.81313 26.1024
2.70422 -21.1826 -26.1822 -1.1346 0.0467388 -32.2253 2.99914 21.1878 26.2543 1.96681 0.318765 32.6423
2.87034 -18.2393 -31.8437 3.93322 0.958053 -29.1258 3.14803 18.3363 32.013 4.88344 1.42014 29.6694
4.21149 -17.6525 -35.0817 6.25019 3.3575 -26.7815 4.36094 17.6789 35.1954 6.65159 3.35887 27.3988
5.05709 -18.8916 -38.3714 4.31894 5.45851 -23.4876 5.06071 18.933 38.4094 4.41974 5.55263 24.099
4.85061 -22.1266 -40.3566 3.79949 5.57837 -22.0452 4.85081 22.1333 40.4727 3.85821 5.73494 22.4803
4.54986 -23.707 -41.3954 4.26165 4.88975 -22.3082 4.56074 23.7088 41.5128 4.35603 5.00087 22.5449
4.52132 -21.2275 -42.3628 3.55356 4.14781 -24.6901 4.54106 21.2287 42.5149 3.63989 4.23893 24.7997
4.14755 -18.4289 -41.5931 3.2801 4.22797 -26.2753 4.16565 18.4411 41.8253 3.4763 4.2957 26.3286
3.63143 -16.0836 -38.861 2.43848 4.1832 -27.5584 3.63753 16.1065 39.1238 2.6994 4.21066 27.5904
2.74272 -15.118 -36.7505 1.3498 3.06063 -27.7727 2.7556 15.1358 37.0818 1.74932 3.06338 27.8127
1.83842 -13.9996 -34.8421 0.765371 2.16982 -26.7557 1.84451 14.0402 35.105 1.06428 2.18677 26.8453
1.45337 -13.1246 -34.1759 0.613187 1.2944 -24.905 1.5074 13.262 34.5143 0.695475 1.30202 25.0302
1.28106 -13.0905 -33.3178 1.17664 0.441839 -21.4741 1.43769 13.4764 33.6957 1.1881 0.455221 21.6306
0.766883 -13.0484 -31.0891 0.722105 -0.026954 -20.8365 1.19587 13.5325 31.4082 0.815247 0.510042 21.0064
-0.357543 -12.4547 -31.1765 0.2886 -1.5668 -20.1558 1.22645 12.8261 31.5763 0.483849 1.84717 20.3269
-0.93044 -12.2107 -29.6016 0.844255 -2.934 -19.0692 2.52532 12.577 29.9766 1.28387 3.11672 19.2147
-1.48222 -11.2614 -29.9365 -0.516654 -3.25908 -19.8585 3.14804 11.6943 30.4359 1.38751 3.40492 20.0042
-1.4678 -10.1976 -29.9908 -1.068 -3.22928 -20.1876 3.27571 10.7942 30.368 1.25805 3.35155 20.3708
-0.663574 -9.39084 -28.998 -3.20007 -2.58548 -20.9283 1.20046 10.0169 29.3921 3.29106 2.65059 21.1515
-2.13046 -8.67436 -28.0417 -2.93185 -2.12714 -20.2703 2.36632 9.39102 28.4539 3.18174 2.2602 20.4893
-2.79389 -8.69529 -27.9385 -2.10706 -1.67374 -20.4195 3.01355 9.28928 28.502 2.69434 2.45051 20.6586
-2.93768 -9.45201 -26.4211 -2.22238 -1.6559 -20.7223 3.34653 9.99167 26.8635 2.44873 1.82143 20.937
-1.71221 -9.33988 -27.092 -1.21571 -2.01063 -19.9266 2.12078 9.77178 27.4766 1.72121 2.16488 20.0831
-1.30839 -9.76998 -27.5815 -1.53057 -2.15807 -19.2913 1.71729 10.1861 27.9771 2.80644 2.68574 19.3557
-0.864764 -10.0754 -28.2729 -1.46993 -1.26744 -18.7566 1.15486 10.5507 28.5798 1.73024 1.49928 18.7988
-0.506034 -10.4086 -28.6079 -0.770457 -0.232466 -19.0327 0.944129 10.8438 28.9463 1.29632 0.887091 19.0778
-0.188418 -9.80948 -30.1852 -0.0945459 1.67277 -19.5245 1.00377 10.1155 30.585 0.774812 2.02878 19.5889
0.271635 -10.1414 -29.1182 0.870418 1.87794 -20.6317 1.89211 10.3607 29.3852 1.16662 2.14569 20.6994
0.763488 -10.7009 -29.1471 0.785744 1.75454 -19.8315 2.12326 10.9443 29.401 0.993456 1.93858 19.8815
1.23014 -10.9563 -30.4587 0.857683 2.00235 -20.356 2.20656 11.3382 30.7531 1.01352 2.16072 20.4183
-1.46332 -5.47107 -15.6827 -8.04419 -5.13067 -11.7422 2.04679 5.52035 15.9995 8.62306 5.19517 11.8912
0.73603 -2.95209 -11.0134 -5.54126 -2.94645 -5.98269 0.771246 3.41356 11.1952 6.36076 3.44945 6.33157
1.91292 -2.17371 -5.71071 -0.959433 0.467885 -3.90272 2.12041 2.6763 5.99149 1.61434 2.06363 4.27726
0.135486 -1.37903 -4.84998 2.51915 -1.6716 -3.88413 0.753843 1.80977 5.13475 2.9823 1.75289 4.3483
1.48013 -2.28188 -3.86486 -23.6593 -18.0758 -6.10753 2.42239 2.36284 4.12269 23.8942 18.1978 6.35663
-2.2945 -3.56674 -3.55146 -28.9105 -21.9566 0.264722 2.80881 3.64102 3.78301 28.9714 21.9623 3.03619
-14.1828 -2.09795 -0.888037 -34.2685 -20.7541 2.64607 14.233 2.36184 1.67228 34.406 20.7874 2.87127
-19.0152 2.81204 2.84527 -38.2641 -20.2977 4.91671 19.196 3.00247 3.16774 38.4144 20.3752 4.92707
-17.5954 3.90139 4.80322 -39.1331 -21.5742 4.82545 17.922 4.01984 4.88427 39.3004 21.703 5.02078
-15.9548 6.11375 4.52845 -39.4537 -20.4095 5.34586 16.264 6.75479 4.52971 39.5919 20.475 5.50694
-15.7591 5.07788 3.82409 -37.695 -21.2459 5.70774 16.1446 5.64932 3.84501 37.781 21.271 6.1705
-15.7412 5.57821 3.63705 -40.3399 -21.3329 5.62593 16.0617 6.0545 3.63981 40.4187 21.3398 6.25236
-16.3064 5.30971 3.09044 -40.8309 -22.3164 4.8631 16.5784 5.78086 3.10204 40.8988 22.3323 5.39128
-15.3049 4.86206 2.79937 -38.7132 -20.564 3.90423 15.4752 5.27803 2.81917 38.7806 20.5672 4.47892
-16.0569 4.2961 2.26607 -38.2534 -19.5334 4.10225 16.2435 4.61582 2.26618 38.3381 19.5346 4.93665
-14.7889 3.44654 1.28603 -36.2054 -18.7647 3.61377 14.887 3.59287 1.31984 36.2767 18.7698 4.45674
-13.9899 2.71679 0.827198 -35.1087 -17.0074 3.14381 14.1038 2.7353 1.00416 35.1856 17.0092 3.79267
-13.4119 1.92603 0.489413 -34.2213 -14.5502 1.86964 13.5134 1.96507 0.719136 34.3203 14.5599 2.21434
-12.5803 1.28075 0.377093 -32.6783 -14.2013 0.66924 12.6537 1.61341 0.611414 32.7786 14.2247 1.95022
-11.8244 1.70552 0.0397136 -30.9054 -15.6577 0.436219 11.8874 2.25162 0.522732 30.9714 15.6727 2.03496
-11.0778 0.202706 -0.318727 -30.0578 -14.8476 -0.379149 11.1325 0.850383 0.726848 30.1423 14.9282 1.84626
-10.9193 -0.448645 -0.0630213 -28.698 -14.3324 -0.957158 10.9515 0.800431 0.464725 28.8488 14.4217 1.23221
-11.4761 -1.91123 -0.262684 -28.5576 -14.3605 -1.35014 11.4979 2.34601 0.777588 28.6698 14.4537 1.53226
-11.5132 -1.98577 -0.767926 -27.7504 -14.1958 -2.52999 11.5473 2.39933 1.10608 27.8943 14.2933 3.33395
-11.9463 -2.06476 -0.979853 -26.2478 -13.353 -3.60168 12.0485 2.13343 1.06839 26.4299 13.4943 3.60635
-11.3777 -2.347 0.0671802 -26.153 -13.0534 -1.30505 11.4845 3.13798 0.278584 26.2979 13.1552 1.58467
-10.6168 -2.55007 -1.09642 -27.2979 -13.0477 -2.8876 10.7075 2.88583 1.52874 27.4273 13.0899 2.97601
-9.65626 -2.89794 -1.75245 -27.3953 -13.7059 -3.48258 9.70642 2.94559 1.75733 27.5125 13.7204 3.57254
-8.68795 -3.3767 -1.74488 -27.3954 -14.1815 -2.39433 8.75995 3.61882 2.69292 27.5076 14.2304 2.59475
-8.71965 -3.46567 -3.17008 -28.7273 -14.1022 -1.75845 8.83897 3.65973 3.73598 28.8577 14.1837 2.57724
-8.72024 -2.24661 -2.45923 -29.1337 -14.2839 -1.8579 8.80297 2.30523 2.93015 29.2131 14.3437 2.45221
-9.23276 -0.578512 -1.25053 -29.3303 -13.8634 -0.669152 9.30273 1.45131 1.96082 29.3956 13.8923 1.35023
-9.80198 0.598837 0.106151 -29.7783 -14.5343 -0.32916 9.88538 1.16811 1.36099 29.8682 14.5372 1.94835
-9.50642 1.43473 0.755303 -30.8382 -15.3155 0.148485 9.57884 1.55693 1.47628 30.9395 15.3228 2.00247
-8.96519 1.37562 0.885384 -31.0221 -16.0942 0.726062 9.00875 1.42034 1.49018 31.0993 16.0999 1.52583
-9.0248 1.33985 0.729496 -31.1878 -16.2698 1.20697 9.1705 1.40341 1.32697 31.2351 16.2728 1.71856
-6.26925 -0.511617 -4.18565 -24.3968 -11.9312 -0.550262 6.41882 0.568621 4.33939 24.4772 11.9407 0.689541
-3.46274 -5.01864 -7.92282 -13.9072 -6.21733 -4.66154 3.66946 5.31613 7.97451 14.2811 6.35219 4.72741
-1.64065 -2.44787 -2.80773 -8.20143 -3.7296 -3.04774 2.24044 3.07629 3.08363 8.81896 3.79935 3.17149
-0.403241 0.570588 1.2941 -6.07951 -2.93504 -0.891655 1.24755 1.133 1.74729 6.62193 2.95362 0.929759
-1.57817 2.20429 3.11609 -5.50232 -2.46211 -1.24179 1.72646 3.152 3.13612 5.70341 2.47411 1.57441
-0.455082 2.8442 -11.1017 -6.51255 -2.53808 -1.69622 0.718099 3.36299 11.2485 6.85317 2.6309 2.34819
1.28817 -2.42543 -15.5778 -5.37267 -3.91989 -28.0432 2.25735 3.60086 15.6821 5.97254 4.0126 28.0702
0.606067 -17.122 -26.8416 -3.08935 -0.30023 -30.8486 1.29948 17.2084 26.9625 4.2306 0.476711 31.0525
1.87129 -21.2069 -28.123 0.267336 0.752659 -31.3241 2.4986 21.2223 28.2952 4.69988 0.920934 31.7707
3.03552 -19.0185 -31.8547 4.46747 1.70346 -27.8532 3.43093 19.1506 32.0352 6.15284 1.83745 28.4102
4.2769 -18.746 -36.2151 6.21875 4.48493 -25.3453 4.34997 18.9536 36.352 6.75137 4.53985 25.8717
4.43454 -18.8623 -39.5391 4.49912 5.33994 -25.2426 4.49307 19.0333 39.5868 4.61252 5.40307 25.7717
5.32014 -20.3881 -41.9979 3.64118 5.61669 -22.1581 5.36858 20.4535 42.0357 3.67878 5.70266 22.3515
4.87411 -19.9448 -43.7409 3.49265 5.44901 -23.9156 4.93955 19.9596 43.8428 3.6332 5.60578 24.056
4.45757 -16.3669 -42.9763 2.89512 4.75594 -25.6844 4.53051 16.3909 43.1328 2.94687 4.84656 25.7246
3.74019 -13.8793 -40.786 2.67247 4.28257 -27.66 3.87536 13.8969 41.0541 2.76865 4.44899 27.6764
2.59025 -12.9041 -37.623 1.58408 3.70524 -27.6402 2.70589 12.9266 37.9432 1.68619 3.81292 27.6505
1.70482 -13.1876 -36.1975 1.0056 2.77113 -26.4512 1.90483 13.2197 36.605 1.47153 2.85602 26.4848
1.02625 -12.529 -33.1626 0.589997 1.70051 -25.3082 1.42951 12.6098 33.485 1.39689 1.72718 25.383
0.639744 -12.307 -33.1679 0.823432 0.799397 -22.8662 1.21909 12.4893 33.5966 1.03976 0.84586 23.0157
0.198715 -11.6787 -32.3756 -0.0643366 0.4926 -20.7676 1.41106 12.1276 32.8361 0.842832 1.36238 20.9137
-0.0430006 -11.9338 -31.7735 0.432721 -1.45543 -19.0632 1.00818 12.5511 32.3341 2.08913 2.06709 19.2067
-0.0326421 -11.4687 -31.4314 0.620225 -3.26222 -19.0716 2.30375 12.0159 32.0376 1.40694 3.4631 19.2238
-1.38738 -10.0605 -30.0174 -0.274542 -3.01443 -19.9913 2.70309 10.6279 30.5049 0.557519 3.13276 20.1824
-1.82197 -8.48596 -30.9669 -0.296602 -1.23061 -20.2322 2.40094 9.13188 31.5368 0.694558 1.29195 20.4443
-0.710651 -7.51631 -30.0291 -1.46122 -2.63758 -20.157 1.13114 8.19658 30.5754 2.18877 2.72239 20.4594
-1.4392 -6.86893 -29.8563 -2.40054 -1.69923 -20.1707 1.92685 7.55839 30.5377 2.71607 1.88526 20.4687
-1.62211 -7.101 -28.1532 -2.16815 -3.06822 -19.9942 1.98902 7.86252 28.7076 2.3117 3.08335 20.3361
-2.18113 -7.29953 -28.6211 -2.10013 -3.16253 -19.7785 2.64178 8.09672 29.2181 2.39173 3.22558 19.9862
-2.24878 -8.34358 -29.539 -2.44955 -2.54372 -18.2419 2.50962 8.95443 30.1984 2.61334 2.7056 18.409
-1.20869 -8.47854 -28.8849 -1.89743 -2.31268 -17.8729 1.44605 9.02172 29.3759 2.33162 2.47247 18.1132
-0.932108 -8.90337 -29.4823 -1.49299 -1.1505 -18.3571 1.28284 9.28167 30.027 2.657 1.85629 18.6267
-0.954202 -9.25487 -30.0999 -1.31006 0.217074 -18.2608 2.0475 9.48741 30.6062 2.14253 0.913312 18.4821
-0.301564 -8.7541 -29.8988 -0.782815 1.04973 -18.9197 1.80185 8.94673 30.3426 1.56729 1.37614 19.1192
0.203964 -9.07486 -29.4411 0.040491 1.20928 -19.1244 1.8252 9.25566 29.8051 0.82189 1.47088 19.2553
0.258655 -9.13192 -30.4578 0.633567 1.45858 -19.9978 1.83836 9.29988 30.9031 0.90348 1.6471 20.0666
0.466797 -9.45775 -31.5211 1.17191 1.42973 -20.2671 1.7244 9.71373 32.0173 1.33505 1.6003 20.3616
-1.12741 -8.3552 -21.6571 -2.81059 -1.86055 -16.1523 1.94305 8.42236 21.8855 2.946 2.34638 16.2133
-1.33865 -4.87738 -16.0308 -16.2431 -4.72074 -10.0609 1.72002 5.03842 16.3821 16.3944 4.87574 10.3096
0.642378 0.21736 -10.6347 -30.1496 -2.79502 -3.65683 0.986231 2.6101 10.7933 30.2866 4.07478 4.27563
-0.630406 1.40257 -8.31114 -25.2365 -0.871685 1.89739 1.20953 1.72736 8.4196 25.8354 2.21143 3.83065
-4.66497 3.27406 -6.8978 -18.8965 -5.98288 3.33203 4.74492 3.47882 6.91318 19.5519 6.1425 3.94193
-4.47337 2.90752 -5.35216 -18.9464 -16.5845 1.69098 4.76178 3.10019 5.39152 20.2686 16.7007 1.8179
-22.0805 -1.46738 -2.17882 -19.3012 -20.0138 4.11745 22.2623 3.20298 2.61562 20.5537 20.0646 4.58815
-20.889 3.06841 4.66675 -27.3432 -19.2269 1.29098 21.5573 3.28032 4.83334 27.9738 19.5257 2.48797
-12.8979 3.28518 5.12699 -35.1284 -21.6372 2.1532 14.4158 3.74922 5.41921 35.3824 22.0293 2.69703
-10.1954 5.56878 3.60127 -38.9723 -21.1043 5.52275 11.2459 6.06335 3.8113 39.185 21.7467 5.63911
-9.59114 5.04519 2.67645 -38.067 -22.0448 8.10871 10.195 5.49174 2.70621 38.2551 22.8389 9.12885
-14.1868 5.77554 3.05959 -38.6215 -21.1153 6.64373 14.5385 6.40003 3.08274 38.8832 21.6597 7.57536
-18.1935 5.71355 3.04964 -38.9224 -21.4124 5.50828 18.3642 6.4375 3.11841 39.1613 21.6613 6.29901
-19.7729 4.99899 3.2937 -38.8732 -22.0325 4.48625 19.9283 5.61074 3.50843 39.0422 22.2666 4.99318
-19.759 4.02016 3.25087 -38.8166 -21.2874 4.2646 19.911 4.45541 3.43751 38.9252 21.5123 4.8736
-19.3272 3.95669 2.86197 -38.0816 -21.0031 3.1237 19.5016 4.56285 2.98325 38.1466 21.2302 3.63441
-17.477 3.59381 1.4657 -36.8139 -19.2665 2.4349 17.5773 4.32755 1.50427 36.8685 19.4427 3.33542
-15.5973 2.52951 0.869862 -36.4416 -18.0971 1.94977 15.6579 3.43442 1.27191 36.4876 18.2114 2.57514
-14.5966 2.31042 0.179674 -35.7131 -18.629 1.89766 14.624 2.91967 0.814532 35.7517 18.6986 2.38093
-14.2548 1.59597 -0.306082 -32.0063 -19.4033 1.47453 14.3107 1.62039 0.648612 32.0172 19.4537 2.24456
-14.373 0.399599 -0.270326 -31.0119 -17.7707 1.03214 14.4154 1.70831 1.1689 31.0162 17.7999 1.4032
-14.2441 0.0129288 -0.0870056 -26.9929 -16.7963 0.161182 14.2948 1.73283 1.78443 27.0126 16.8222 0.775165
-14.0309 -2.1053 0.879232 -25.9556 -15.798 -0.477127 14.0808 2.40844 1.01207 25.9714 15.8261 1.0962
-14.2007 -2.9117 0.258338 -24.3493 -14.3152 -2.47571 14.2544 2.92465 0.342019 24.3569 14.3618 2.61475
-13.3805 -2.39895 -0.868884 -24.521 -14.2356 -3.40836 13.4412 2.59198 0.899101 24.5244 14.2721 3.74676
-13.159 -1.02371 -1.91495 -22.9241 -14.5308 -3.92092 13.2041 1.12872 1.97265 22.9316 14.5606 4.02224
-12.499 -3.52764 -1.46673 -23.1124 -13.8517 -2.07386 12.5189 3.5516 1.64105 23.1207 13.9415 2.2942
-12.2741 -4.18793 -2.88389 -22.306 -14.4359 -3.25166 12.293 4.25238 2.95401 22.3279 14.5453 4.34484
-12.0541 -4.16162 -2.10373 -22.2137 -14.4126 -2.94953 12.1254 4.1682 2.24568 22.2494 14.469 3.3057
-11.1919 -3.11823 -2.72335 -23.9468 -14.2413 -2.51512 11.2802 3.34846 2.97891 23.9563 14.2668 2.57796
-10.6688 -1.65729 -1.83091 -24.1277 -13.7219 -2.53521 10.7138 2.47055 2.38445 24.1331 13.7455 2.73488
-11.0496 -1.16291 -1.02882 -24.4742 -13.8891 -1.96618 11.1175 1.6774 1.82704 24.4823 13.9128 2.66232
-10.5399 -0.941588 -0.396603 -25.9422 -15.1939 -0.632808 10.5724 1.13817 1.11532 25.9435 15.1964 1.45994
-11.0263 -0.83328 0.122375 -26.6077 -15.9333 0.146495 11.106 1.07387 1.20653 26.612 15.9342 1.08148
-10.8957 -0.333555 0.0654111 -27.8333 -15.9499 0.802757 11.0016 0.780774 0.83784 27.8366 15.9505 1.40044
-11.5274 0.478297 0.388912 -28.85 -15.9138 1.24563 11.6896 0.940527 0.878974 28.8513 15.9154 1.82037
-11.4682 1.69248 0.85592 -29.0705 -16.3998 1.56039 11.6287 1.87976 1.22988 29.0769 16.4316 2.18706
-7.54723 -0.593001 -7.8826 -18.3427 -10.838 -1.29984 7.62027 0.710153 7.94825 18.3537 10.9251 1.56384
-4.39445 -3.89826 -8.98099 -10.6862 -6.74163 -4.50852 4.51332 4.29998 9.01866 10.8584 7.07103 4.79776
-1.32771 -0.714526 -0.482375 -5.50283 -4.07218 -0.863259 2.02829 0.981614 1.23488 5.94323 4.30719 1.68874
-0.492699 0.90799 2.81767 -4.85821 -4.63978 -7.86022 1.49652 0.964783 3.19055 5.32363 4.88679 7.92529
-2.4255 1.65393 2.70318 -2.99087 -7.12934 -20.2176 2.61915 2.92986 3.05739 3.72745 7.1716 20.3206
-4.86316 3.36249 -3.63634 -2.42644 -2.53614 -18.8588 4.86938 3.62972 5.32955 3.7701 2.5915 19.0182
-3.73087 -0.0457621 -17.8727 -0.0144397 -2.03463 -20.581 4.12889 2.89994 18.1254 4.15664 2.03717 20.9353
-1.04146 -0.780529 -29.5064 0.963182 -0.61611 -18.7248 4.018 1.90265 29.9792 4.36257 0.783862 19.0708
1.66455 -1.96518 -32.7896 1.6421 3.60554 -19.4636 4.19397 2.17001 33.5652 4.47708 3.65146 20.0191
3.81666 -22.5775 -30.789 3.98226 5.32008 -22.5714 4.12229 22.7708 32.0302 5.03382 5.37607 22.9226
4.71883 -24.3106 -32.2059 6.93593 2.88858 -23.0653 5.28034 24.3162 33.9337 7.24814 2.92669 23.2644
4.17851 -22.0804 -35.6813 6.15656 1.98574 -25.3387 4.36151 22.2569 36.8808 6.30728 2.05457 25.5741
3.3237 -17.0632 -40.0072 5.01972 3.0405 -23.9675 3.33792 17.4684 40.8763 5.09676 3.05111 24.2515
3.17313 -15.194 -39.9029 3.50238 4.68373 -22.4002 4.2355 15.6113 40.6117 3.7738 4.77789 22.6614
4.19126 -14.9261 -42.5081 1.71148 4.43946 -19.7338 4.41352 15.2726 42.9854 1.85166 4.46871 19.809
4.76257 -16.8648 -42.2074 0.73722 4.61124 -17.0652 4.81851 16.963 42.677 0.895015 4.77562 17.0843
4.33586 -14.134 -38.7596 0.532772 3.29292 -18.5492 4.47674 14.2236 39.3892 1.07908 3.36116 18.5683
2.40115 -11.2667 -30.5096 0.814856 1.72119 -20.4723 3.21493 11.4695 31.0701 1.38076 1.78789 20.5161
0.843394 -8.02042 -19.7959 0.210439 0.679242 -21.2816 1.7918 8.27676 20.0697 0.887879 1.18332 21.3624
-0.491274 -6.32694 -29.1315 0.941749 0.231489 -19.4391 0.984286 6.58301 29.4578 1.03361 0.667149 19.5475
-0.418348 -7.82217 -31.1648 0.858463 0.0293344 -18.5851 1.83958 8.00098 31.5752 1.02263 0.589148 18.7212
0.134471 -10.222 -35.4719 1.07532 0.217425 -16.4641 1.35252 10.3367 35.9485 1.14672 0.439178 16.5216
0.714095 -12.5736 -32.8723 -0.143463 -0.0409654 -15.607 1.40802 12.6111 33.4805 0.568451 1.00028 15.6469
0.239878 -12.4517 -32.5798 0.730578 -0.480236 -16.1524 0.567527 12.6196 33.3548 1.14246 0.7764 16.3273
-0.635527 -10.3675 -31.5925 1.47498 -1.2783 -19.3921 1.73532 10.4911 32.4538 2.4543 1.33444 19.6762
-0.0976761 -8.51873 -31.994 0.0114234 -2.20443 -21.5659 1.71779 8.66902 33.0577 1.82478 2.47616 21.8699
-1.45434 -7.13068 -32.3471 -0.446303 -2.19933 -21.5688 1.82307 7.37977 33.3693 0.79567 2.25367 21.9302
-2.628 -7.57334 -31.7357 -0.728568 -3.2746 -21.0581 2.73787 7.87491 32.7015 1.5638 3.7568 21.3264
-2.17697 -7.455 -32.5207 -2.81163 -3.53494 -19.8566 3.07483 7.92256 33.4318 2.90664 3.53648 20.0763
-2.5342 -7.75184 -31.93 -3.28558 -2.63083 -18.6983 3.43444 8.31851 32.6843 3.32157 2.69097 18.8911
-1.78054 -7.82959 -33.2369 -3.01745 -1.86793 -18.4114 2.23478 8.28228 34.1403 3.32704 2.57769 18.6149
-0.32612 -8.02825 -33.0757 -1.70251 -0.70623 -17.9531 1.30676 8.45972 34.1033 2.22371 2.60092 18.2056
0.337604 -7.73907 -33.4774 -0.900335 0.896759 -17.6915 1.89302 8.16176 34.4828 1.75406 2.08263 18.0142
0.352335 -7.35683 -34.9823 -0.578914 1.45381 -17.7134 3.8886 7.73587 35.9604 1.67645 2.37795 18.1752
0.23585 -6.92309 -35.6423 0.0810395 1.28275 -17.8491 3.17574 7.36408 36.5835 0.964999 2.18888 18.3499
0.237279 -6.89126 -35.6841 0.723882 0.832804 -18.1329 2.2556 7.39395 36.6118 0.939445 2.11552 18.469
0.443226 -7.44751 -36.9077 0.980284 0.864487 -17.8656 1.88648 8.23632 37.8857 1.11953 1.97315 18.2524
-3.18214 -5.10538 -23.939 -5.45017 -3.20156 -9.92775 3.71531 5.40309 24.8319 5.6262 3.50857 10.0295
-1.46148 -2.62997 -16.6388 -8.4266 -2.08635 -5.79362 1.86479 2.76739 17.2618 8.89132 2.81318 5.79893
-16.1411 -3.03643 -7.89156 -3.31474 1.0174 -2.62564 16.4883 3.21517 8.64533 3.51861 2.34341 2.73657
-14.5415 -2.78603 -4.61701 -0.732157 1.20163 -6.04275 15.7006 3.44209 5.24351 1.20993 1.50578 6.05262
-10.9767 -0.379338 -2.61768 -18.1938 -1.61515 -7.87107 11.698 2.33679 3.34981 18.258 2.21981 7.87479
-11.695 2.30186 -1.1448 -25.6166 -3.25455 -3.10974 12.2981 2.38673 1.73723 25.9319 3.68128 3.59854
-14.4285 5.22951 -1.27285 -27.438 -5.06408 1.17771 15.1321 6.07165 1.7528 27.6914 5.24327 1.67538
-19.7712 4.93302 0.277431 -27.0466 -19.1381 2.31584 20.3952 5.14831 0.642538 27.2008 19.2073 2.63961
-19.5733 2.32921 3.66076 -26.9337 -20.9642 7.29727 19.9446 2.6772 3.68182 27.0368 21.0789 7.57354
-18.8911 2.53105 5.96153 -26.7425 -23.5632 4.56534 19.3363 2.63203 6.06917 26.7772 23.7938 4.61685
-15.0197 3.34024 4.48335 -33.0665 -20.3597 5.03217 15.5667 4.02256 4.92101 33.1461 20.9957 5.25815
-15.6545 4.29305 3.84372 -37.663 -18.755 6.1293 16.1064 5.44284 3.99682 37.7044 19.5166 6.47017
-16.0278 5.73052 2.78987 -39.6661 -18.0926 6.25124 16.6273 7.25732 2.96184 39.7087 18.7961 6.78038
-17.4508 6.14939 2.83398 -40.0363 -19.5426 6.53047 18.191 7.12876 2.87002 40.1036 20.1676 6.9151
-17.4786 5.65731 2.09119 -40.0625 -20.5482 4.95567 18.1966 6.32741 2.11836 40.0885 20.8804 5.11559
-17.7499 5.09431 1.73749 -38.6854 -21.2428 3.91348 18.3071 5.81236 1.7937 38.6929 21.4385 4.08113
-17.9828 3.79723 1.45602 -34.6281 -21.4697 2.59835 18.3596 4.47804 1.52179 34.6315 21.6081 2.75082
-16.8756 3.02985 1.26234 -32.5036 -21.6962 2.37007 17.13 3.53842 1.42969 32.5097 21.8073 2.46759
-15.7647 2.20205 0.873573 -29.3125 -20.1426 1.45312 15.9927 2.34401 1.12258 29.3459 20.2 1.73434
-14.3276 1.27766 0.634733 -28.3544 -19.3397 0.377008 14.5291 2.24857 0.67666 28.4026 19.4284 1.65294
-12.8859 -0.154158 0.659314 -28.2496 -18.9834 -0.816406 13.0928 2.00667 0.945127 28.3718 19.11 1.55345
-11.439 -1.11051 0.266441 -25.818 -18.8534 -1.98098 11.5739 1.35572 0.777809 25.923 18.9818 2.17948
-11.2689 -1.42612 -0.785271 -25.0802 -17.3767 -2.00659 11.4245 2.1845 1.15199 25.1705 17.4356 2.05808
-10.8834 -2.31224 -1.96147 -25.2069 -16.8275 -2.34757 11.0202 3.03713 2.55145 25.2674 16.8561 3.62712
-11.1248 -1.42896 -1.68936 -24.3887 -16.2215 -3.23334 11.2731 1.79123 2.29621 24.4724 16.2395 4.08152
-11.6141 -1.61642 -1.04853 -23.3445 -15.3434 -1.39952 11.7235 2.41978 1.30588 23.5275 15.3571 1.55198
-11.1284 -2.64373 -0.633893 -21.6777 -14.5107 -2.50437 11.2391 3.31805 0.721564 21.85 14.5367 2.71813
-10.9728 -2.42723 -1.3504 -21.556 -15.3681 -3.71784 11.1198 3.13607 1.65332 21.7069 15.405 4.17613
-10.6113 -3.05388 -1.60267 -21.2039 -16.8381 -3.82551 10.7334 3.05731 1.94304 21.3407 16.8744 4.01958
-9.92677 -3.67189 -1.88119 -21.2361 -18.2273 -2.87819 10.1105 4.02425 1.96725 21.3371 18.2613 3.10524
-9.54082 -3.20506 -1.95634 -22.6215 -17.6745 -2.24961 9.82232 3.73718 2.00048 22.7087 17.6884 2.93777
-9.80998 -2.40952 -1.79256 -23.264 -17.6923 -1.70369 10.2305 2.72142 2.05551 23.3671 17.7136 1.95053
-8.92741 -0.812377 -0.768673 -24.27 -17.0892 -0.955213 9.3062 1.62993 1.49907 24.3803 17.108 1.7578
-9.13687 0.442 0.0487289 -25.0193 -17.6638 -0.287366 9.58611 1.21114 1.20187 25.1569 17.7326 2.0462
-9.00128 0.602774 0.671517 -25.8449 -18.2926 0.389005 9.43418 1.19331 1.49147 26.0047 18.4215 1.73191
-8.64149 1.05299 0.623905 -26.8458 -18.7162 1.33452 9.1001 1.21284 1.23097 26.9979 18.8642 1.77683
-9.04618 1.96892 0.654252 -27.6237 -18.7752 1.68135 9.67703 2.12792 1.08412 27.7624 18.9442 2.0016
-5.27747 0.986112 -7.63521 -16.6765 -11.3847 -5.49468 5.78919 2.29361 7.73861 16.7499 11.5906 5.55831
-2.28764 -1.1356 -6.64194 -7.74096 -6.49775 -8.88441 2.986 2.05753 6.95943 8.10915 6.73755 9.31165
-0.560655 0.254145 1.37663 -3.63286 -4.72903 -3.37961 1.47239 0.805011 1.77593 4.20445 4.97064 3.70662
-0.55538 2.39869 3.47975 -4.32669 -4.56114 -1.99347 1.30634 3.02638 3.62489 4.81202 5.08809 2.13753
-2.25539 2.87546 -2.4532 -4.31194 -3.22105 -1.95192 2.4912 3.36958 3.2092 4.75839 3.68923 2.70114
-0.685853 -7.01118 -13.8358 -4.20102 -3.93373 -29.6766 1.82645 7.02684 14.7256 4.73908 4.48584 29.7971
-2.6557 -9.63167 -20.9462 -0.634626 -2.39269 -31.8467 2.92178 10.0018 21.8241 3.23874 2.7317 31.8472
0.123079 -15.5385 -29.7371 3.86274 -0.410963 -29.0301 3.75504 15.9855 30.3431 5.28959 1.0881 29.1705
2.1202 -17.4014 -35.2536 6.38372 1.3818 -23.3654 3.59483 17.5958 36.105 6.85878 1.66037 23.6354
3.24535 -18.2843 -33.709 4.9551 3.05433 -25.6383 3.47048 18.4452 34.2405 5.27579 3.05608 26.045
4.48172 -17.1936 -32.0816 4.56426 3.60494 -22.4694 4.49086 17.3189 32.3924 4.63834 3.67332 22.6158
4.84756 -20.2195 -39.3533 4.57355 3.82752 -21.8048 4.85261 20.2929 39.6714 4.67566 3.96888 21.8293
4.59161 -20.3532 -45.1113 4.45991 4.51629 -23.0154 4.60363 20.3806 45.517 4.51266 4.58089 23.0263
4.05927 -18.7164 -47.3568 3.14859 4.61481 -23.7879 4.06308 18.8139 47.8943 3.16687 4.77705 23.8223
3.96362 -16.283 -47.1206 2.13059 4.23194 -23.7721 3.97934 16.4781 47.8017 2.20109 4.36656 23.9106
3.8314 -16.3952 -46.2854 1.32591 3.76011 -21.1965 3.85689 16.8344 47.1748 1.76609 3.90142 21.4637
3.28645 -16.1508 -44.8218 1.09351 3.43145 -20.8607 3.33378 16.5966 45.8209 1.22036 3.54231 21.3449
2.37443 -14.2404 -43.5224 1.0246 2.30735 -20.2352 2.39009 14.9985 44.6054 1.02921 2.56345 20.9017
1.71845 -13.4695 -41.4748 0.82337 1.63787 -19.749 1.91053 14.8186 42.6677 0.90096 1.77424 20.5803
0.914877 -12.1009 -40.3428 0.364285 0.999908 -18.4508 1.45355 13.8423 41.7369 0.749008 1.11736 19.5005
0.044169 -12.1719 -40.4642 1.00329 0.335029 -17.9916 1.06619 13.928 42.1597 1.02942 0.612741 19.1425
-0.507893 -13.2472 -39.8347 0.28643 -1.02114 -16.8097 1.39568 14.7832 41.618 0.455069 1.11612 18.2343
-0.815047 -11.7048 -38.7407 0.981149 -1.81818 -15.7725 2.1222 14.0747 40.4067 0.99828 2.11246 17.1888
-1.6778 -10.5162 -39.0111 -0.0400582 -2.15919 -15.8351 2.63235 12.7913 40.9009 0.351501 2.62329 17.2779
-1.88006 -10.0991 -38.6039 -0.328784 -2.43383 -15.8388 2.55812 12.7289 40.5644 0.895904 2.70518 17.3184
-1.02083 -9.57331 -36.4993 -0.997878 -2.29819 -15.8109 1.42341 11.7482 38.3786 1.50178 2.46785 17.5372
-2.24397 -9.78727 -35.6219 -2.21002 -2.48603 -15.4814 2.51537 11.7265 37.3865 2.42729 2.5505 17.0441
-1.37358 -9.95268 -36.8381 -2.22013 -1.83849 -14.2024 2.05165 11.9265 38.7164 2.29687 1.99256 15.615
-2.22215 -9.47008 -38.0014 -2.20314 -2.34657 -12.8554 2.45092 11.3682 39.8293 2.3649 2.41339 14.1966
-1.62591 -10.197 -37.7455 -2.47616 -1.94198 -12.2383 1.83142 12.4368 39.3589 2.72564 2.0694 13.4329
-1.44939 -8.77839 -39.1568 -2.04074 -1.6755 -13.0405 1.72145 10.331 40.7156 2.26277 2.07836 14.2388
-0.582173 -9.56169 -40.0021 -1.52074 -0.711638 -13.8317 1.26235 11.2709 41.7238 2.04949 1.53148 14.9058
-0.160838 -8.57714 -39.7361 -1.85598 0.630955 -14.6099 1.00457 10.3601 41.4392 2.17722 1.46767 15.8417
0.23519 -8.40289 -39.7567 -0.787657 1.35677 -16.0807 2.4259 9.91323 41.5001 1.51218 1.99017 17.2193
0.35026 -8.05959 -38.077 0.215413 1.076 -17.4605 2.27259 9.60349 39.6868 1.22769 1.78749 18.4292
0.649855 -7.87754 -39.021 1.04711 0.869401 -18.1829 2.1066 9.59777 40.7246 1.28346 1.63179 19.0042
1.15553 -7.94661 -40.8041 1.20733 1.20623 -18.3902 2.39574 9.70142 42.9306 1.37985 2.09466 19.2667
-3.58883 -2.4964 -22.3865 -6.62214 -2.77424 -8.72664 4.57789 2.95486 23.9635 7.41538 3.06461 8.92891
-1.44022 0.0761945 -12.8811 -6.26912 -1.29083 -5.17423 2.33037 0.84916 13.871 7.62692 1.61196 5.63542
2.48081 0.969102 -7.88597 -2.06184 -0.0660293 -3.50593 3.0401 1.31451 8.61844 3.0822 2.01365 4.08354
1.79749 0.338903 -5.12501 0.993098 -17.0861 -4.71634 1.92388 0.403621 5.73608 2.57221 17.0995 5.26773
-7.84295 -5.69682 -1.65748 1.65137 -17.1997 -5.84676 8.18074 5.82945 2.59913 2.45332 17.3343 6.90433
-8.66783 -5.83767 0.635781 -28.9808 -14.6286 -4.54276 9.3814 6.01027 2.52972 29.2289 15.0756 5.48725
-14.3052 -0.977985 1.48472 -35.4085 -17.6706 -0.647157 15.4111 2.08688 1.94367 35.521 18.4606 2.96512
-13.4228 4.45884 2.89351 -41.4425 -21.1683 4.05953 14.3561 4.52457 3.02702 41.4661 21.5926 4.57735
-18.2618 5.73655 3.88096 -37.6165 -23.3669 6.42227 19.0519 6.2908 3.9759 37.6204 23.7678 6.61945
-17.9891 5.94332 4.24669 -36.483 -23.011 6.64362 18.7711 6.79603 4.24959 36.4859 23.2076 7.10898
-18.2889 4.93802 4.40329 -33.5141 -22.3749 4.90999 19.0422 5.52786 4.44065 33.5471 22.6473 5.16226
-17.3512 4.53804 3.95155 -34.7947 -24.2052 5.23228 18.1268 5.13569 3.98308 35.0385 24.5688 5.7512
-15.684 4.86451 3.26504 -36.6398 -24.0095 4.66972 16.3018 5.48623 3.31432 36.9534 24.519 5.33272
-14.7578 4.72013 3.07155 -36.7875 -22.4803 4.65426 15.4118 5.328 3.10896 37.1149 23.0713 5.35602
-13.0077 3.84929 2.38208 -35.938 -21.5866 4.47775 13.5392 4.39681 2.44223 36.2897 21.955 5.11446
-11.9407 3.09621 1.99787 -34.0661 -21.9326 3.94947 12.3433 3.57465 2.07089 34.3058 22.2427 4.34164
-11.7687 2.50419 1.26726 -31.8779 -21.3057 3.04429 12.1503 2.82402 1.36374 32.0769 21.6072 3.18258
-11.9665 2.35529 0.788726 -31.1048 -19.9228 2.22979 12.2679 2.40863 0.997971 31.2994 20.1452 2.25286
-11.0978 1.81183 0.334163 -28.4318 -18.9725 1.09989 11.3894 1.87752 0.658084 28.5993 19.0804 1.42378
-10.5329 0.469717 0.16465 -28.2062 -19.4786 -0.0363748 10.8075 0.747078 0.718274 28.3504 19.5625 1.34225
-9.77509 0.267674 -0.131494 -25.9499 -20.0868 -0.832272 9.96528 0.756782 0.645593 26.0882 20.1771 2.10335
-9.06618 -1.21867 0.087141 -24.2634 -18.9545 -2.19591 9.23205 1.30557 0.312768 24.4452 19.0063 2.55702
-8.45064 -2.50862 -0.272738 -23.9301 -19.1108 -2.41648 8.598 2.61339 0.472958 24.1446 19.1718 2.68283
-7.59477 -2.38004 -1.20392 -22.7893 -19.7354 -3.73471 7.73408 2.48605 1.32631 23.0968 19.8317 3.90957
-7.60395 -2.48206 -1.47415 -22.8254 -19.3516 -3.35015 7.77941 2.48326 1.53902 23.1526 19.4324 3.618
-7.68784 -4.40278 -0.652361 -22.6281 -18.4659 -1.61026 7.9507 4.42853 0.711984 23.0292 18.5335 1.87418
-8.03158 -4.26359 -1.63337 -22.112 -18.2143 -2.76866 8.34772 4.26554 1.67676 22.546 18.3651 2.83713
-7.38453 -3.52837 -1.54538 -22.0654 -18.3339 -4.05549 7.67992 3.6496 1.80205 22.5373 18.5514 4.22201
-7.29013 -2.87568 -2.07 -22.3339 -19.4898 -3.17636 7.61728 3.04195 2.45221 22.8899 19.7414 3.3758
-7.16505 -1.82354 -2.3587 -23.0123 -19.012 -3.04306 7.55469 1.82602 2.64942 23.4737 19.2321 3.34082
-6.91714 -1.94515 -1.58749 -23.3839 -18.8877 -1.81969 7.35608 2.10644 1.87948 23.8073 19.0654 2.08073
-7.25326 -1.68269 -0.634075 -24.1564 -19.9665 -0.487864 7.73002 1.83457 1.0913 24.5001 20.2224 1.02338
-7.99398 -0.765079 -0.288484 -24.47 -19.8669 -0.266923 8.56858 1.17949 1.24548 24.8652 20.1733 1.08373
-8.32395 -0.184056 0.108576 -24.9643 -20.4128 -0.0599877 8.87497 0.772221 1.04811 25.4267 20.7613 1.1246
-8.16077 0.605113 -0.00679759 -25.1078 -20.321 0.517114 8.7068 0.885622 1.13445 25.5661 20.6319 1.30316
-7.92901 1.51092 0.746115 -25.4566 -20.7026 1.09028 8.487 1.59771 1.26682 25.8882 21.07 1.31022
-8.02351 2.23714 1.06096 -26.0396 -20.9968 1.77319 8.75542 2.30765 1.3925 26.5053 21.4691 2.05367
-3.8768 -1.98492 -9.58519 -13.323 -9.98882 -8.01201 4.24753 2.57711 9.61171 13.4547 10.578 8.28666
-2.32842 -0.834148 -2.00869 -5.37375 -5.86301 -6.09119 2.77275 1.02392 2.97685 5.76183 6.26358 6.52845
-1.38754 1.76507 3.02718 -4.11612 -4.31421 -2.68429 1.83837 2.24084 3.82939 4.56037 4.70252 2.7639
-2.01377 1.95056 4.29942 -4.28258 -4.51714 -1.6794 2.35918 3.1573 4.45742 4.48538 5.30058 2.18601
-1.34918 3.51991 -1.80512 -3.8171 -3.42497 -0.923011 1.51682 3.78678 3.5114 4.05538 3.78873 2.28983
-0.611942 1.09876 -12.1783 -5.75646 -7.00958 -30.0731 1.73614 2.32696 12.7567 6.34568 7.09576 30.1481
-2.50247 0.0310759 -14.2122 -1.34919 -1.57266 -28.3072 2.83624 0.347695 14.5063 2.59257 2.03245 28.4333
-1.40783 -1.5471 -21.4388 0.61522 0.325463 -29.4475 3.04074 1.65586 22.4839 5.51079 0.443108 29.7369
0.180496 -3.01991 -28.3709 2.91742 2.72256 -23.7439 2.10404 3.22059 30.0318 5.66831 2.73917 23.9965
2.2904 -21.7052 -31.8255 6.33327 4.55583 -24.623 3.03607 21.9514 33.2595 6.83041 4.60989 24.9763
4.31801 -24.8925 -36.343 5.64794 3.52163 -23.8662 4.41531 24.9105 37.8139 6.37118 3.59544 24.0291
4.04174 -24.3538 -44.2052 4.91186 2.62946 -22.7694 4.09519 24.4675 45.19 5.15846 2.81446 22.9906
5.96709 -22.2241 -46.8423 4.46329 3.70259 -19.4077 6.03858 22.4542 47.8853 4.77116 3.74033 19.7402
4.40439 -17.9209 -48.2275 3.29006 5.22897 -20.2699 4.41349 18.0969 49.2521 3.5356 5.3104 20.4879
4.74955 -14.8968 -47.3567 2.34608 4.58029 -21.2883 4.77264 14.9774 48.7067 2.51488 4.76701 21.4746
4.09688 -13.4246 -47.9221 1.91102 4.0225 -23.0595 4.36735 13.6845 49.5281 2.08159 4.02377 23.3873
2.34705 -14.439 -46.8217 0.631483 4.21387 -23.4345 2.51705 15.0382 48.6171 2.07148 4.3 23.8997
1.63473 -13.4144 -43.5218 -0.152536 3.56736 -21.8165 1.72973 14.172 45.4832 0.364189 3.81774 22.3769
1.56149 -14.4405 -39.3659 0.245475 1.43737 -22.8492 2.0032 15.5365 41.4911 1.30347 1.50872 23.3933
0.688068 -15.6104 -36.7968 1.383 -0.192191 -19.9923 1.82727 17.1033 38.9143 1.45509 0.79067 20.5765
-0.724143 -16.8279 -34.0246 0.923638 -1.77174 -17.6073 1.79624 18.4361 35.8605 1.12344 2.00415 18.291
-1.94613 -15.3754 -35.2683 0.571691 -2.17768 -15.7717 2.69698 17.3608 37.1061 0.721471 2.34256 16.2958
-1.72053 -13.8455 -35.5576 0.52858 -1.99635 -13.9396 2.1336 16.1812 37.347 0.612779 2.16358 14.5208
-1.34132 -14.2214 -35.0095 -0.803638 -1.5871 -12.1775 1.65849 16.6935 36.8652 0.964625 1.67742 12.8153
-0.734648 -14.0538 -34.1083 -1.80653 -2.29296 -12.0035 1.16951 16.1217 35.9397 2.00305 2.324 12.5495
0.0957914 -11.3545 -33.299 -2.4545 -2.61909 -13.571 1.01746 13.2806 34.772 2.50872 2.64058 14.1376
-1.09424 -10.6826 -34.1395 -2.98349 -2.1751 -14.1665 1.2631 12.3955 35.7048 3.02668 2.2241 14.83
-2.09771 -9.91373 -33.3998 -3.68938 -1.99838 -13.4675 2.21839 11.9085 34.9563 3.69828 2.01194 14.361
-1.89382 -10.0538 -33.5 -2.88699 -1.31716 -14.4136 2.37603 12.2857 35.2321 2.96827 1.46814 15.3292
-1.64634 -10.2981 -32.4219 -1.93088 -0.980549 -15.2195 2.6544 12.3527 34.1326 2.23025 1.22439 16.0398
-2.47853 -11.0263 -31.5171 -1.63039 -0.43142 -14.7916 3.56578 12.8016 33.0612 2.22435 0.986492 15.5442
-1.29158 -11.3387 -32.4735 -1.54651 -0.193187 -14.7843 2.42208 12.9697 34.1101 1.78149 0.626425 15.3211
-0.6547 -11.1212 -33.2181 -0.565357 -0.163982 -13.6981 1.78031 12.9039 34.8159 1.12363 0.718608 14.2198
-0.296943 -12.1071 -33.08 0.561059 0.0567587 -15.4855 1.64468 13.6661 34.5192 0.918963 0.934185 16.3404
0.17447 -12.0824 -34.2508 1.04722 -0.046457 -15.569 1.73613 13.6923 35.6658 1.27898 0.713199 16.3581
0.673442 -12.1605 -36.1662 0.908352 0.369315 -14.895 1.87703 13.9527 37.6042 1.16436 0.803293 15.787
-3.54908 -9.50341 -26.9642 -1.93947 -2.45921 -11.6958 4.77986 10.4356 28.0651 2.1831 3.41692 12.2002
-4.18565 -4.26201 -18.9578 -5.16267 -2.50552 -6.24715 4.48032 4.68291 20.1824 6.28373 3.07064 6.36192
0.174483 -1.55739 -10.7216 -3.93877 1.19235 -3.50422 1.6885 2.3054 11.4142 4.1685 1.79101 3.67473
1.49377 -0.488806 -6.3226 -1.88701 1.08258 -4.01351 1.87327 0.862066 7.02993 2.50961 2.0755 4.05223
-15.9167 -1.31223 -6.03535 1.7764 -1.00799 -4.77962 15.9942 1.45707 7.17594 2.65669 1.39729 5.13693
-13.6679 -2.04554 -1.44435 -12.6693 -16.1708 -9.27475 14.4395 2.08224 2.22997 12.7386 16.1722 9.43663
-16.268 -2.80351 1.13963 -26.3358 -22.1586 -5.07333 17.356 3.19441 1.95285 26.669 22.4529 5.73565
-13.1655 1.36089 2.34273 -34.5364 -24.1786 -0.700199 14.2339 1.66911 2.35974 34.6295 24.7619 0.746896
-15.6241 4.48757 4.07285 -36.019 -24.1684 3.53469 16.156 4.63245 4.15339 36.2538 25.0024 3.79266
-17.0302 5.49216 3.94373 -33.9149 -24.1001 7.11776 17.6364 5.93282 4.00628 34.257 25.2313 7.75193
-19.4319 5.91177 4.17855 -31.5227 -22.4688 6.49603 19.9746 6.47273 4.20312 31.8017 23.2547 7.23665
-20.6495 5.10408 3.97318 -30.9983 -23.5895 5.38925 21.4647 5.77718 3.97461 31.3795 24.5541 5.97653
-19.0593 4.99802 3.73203 -32.547 -24.4988 4.9722 19.7406 5.67605 3.74918 32.949 25.288 5.72754
-17.3188 4.67552 2.93315 -31.8528 -25.6658 5.16506 18.1378 5.25608 2.96782 32.3038 26.4117 5.73881
-14.3636 4.29207 2.77281 -30.8062 -26.2791 5.14455 15.1328 4.63248 2.82708 31.2491 26.9598 5.58901
-12.0518 4.13604 2.10298 -30.1141 -25.4269 4.17508 12.7988 4.46316 2.18721 30.5633 25.9503 4.4732
-10.8424 3.42415 1.23677 -29.4584 -24.3907 3.73822 11.4437 3.62512 1.48279 29.8979 24.8369 4.01357
-9.5718 2.75444 0.8958 -28.8294 -23.3688 3.08948 10.1273 3.05045 1.24714 29.4189 23.8816 3.26818
-9.1894 2.09377 0.621718 -27.9887 -20.9696 1.97546 9.74666 2.40153 0.9667 28.5776 21.4627 2.11858
-8.91568 0.580643 0.174746 -26.1816 -19.9937 0.980961 9.56664 1.37516 0.70195 26.7249 20.3318 1.12546
-8.77967 1.00271 -0.225624 -26.68 -20.0209 0.330405 9.44114 1.13671 1.03421 27.0637 20.2633 1.72675
-8.75539 -0.227605 -0.489609 -25.7332 -19.9511 -0.533644 9.322 0.537943 1.19981 25.9986 20.1454 2.79817
-8.79525 -0.276625 -0.150863 -24.3725 -18.577 -1.87564 9.22621 0.726168 0.710451 24.5399 18.6839 3.53139
-9.32199 -2.09045 -0.236302 -23.1997 -19.1514 -2.8446 9.60284 2.10674 0.503575 23.4237 19.2429 3.83397
-8.67175 -1.94663 -0.918371 -21.6884 -19.7773 -4.20335 8.86848 2.00848 0.955323 21.8585 19.8693 4.52145
-8.53029 -1.13232 -1.09628 -21.9854 -19.2952 -4.07463 8.63899 1.42793 1.174 22.1894 19.3306 4.18815
-8.33808 -3.90377 -0.669787 -22.0303 -18.9071 -2.59192 8.46347 3.90962 0.686596 22.285 18.9657 2.96135
-7.29939 -4.20619 -1.35846 -22.3117 -18.9516 -3.43407 7.45838 4.20799 1.3898 22.5909 19.0579 3.75687
-7.09848 -3.53212 -1.54512 -23.317 -19.1364 -3.4094 7.28133 3.53844 1.58066 23.6438 19.2916 3.69282
-6.50684 -3.15574 -2.83452 -24.1037 -17.7163 -2.53293 6.72076 3.19422 3.04022 24.5292 17.8379 2.6537
-6.64502 -1.54103 -2.27151 -25.6494 -16.9597 -2.27253 6.87101 1.90772 2.74885 26.0916 17.1382 2.32913
-7.7665 -0.815481 -2.03318 -26.5338 -17.1233 -1.34033 8.03983 1.4963 2.51495 27.0137 17.3877 1.36845
-8.36461 -0.499679 -1.03971 -26.7605 -17.7479 -0.578685 8.58246 0.550323 1.30493 27.1592 17.9796 1.05752
-8.83824 -0.0745924 -0.242248 -27.1035 -18.7384 -0.143891 9.09242 0.12779 0.813731 27.3989 18.963 0.853466
-8.91884 0.321107 0.402991 -26.7555 -18.9099 0.360347 9.24651 0.508353 0.991102 26.9951 19.099 0.813963
-8.95975 1.01322 0.593978 -26.8726 -19.0774 0.699044 9.34449 1.18348 1.49911 27.0918 19.2841 1.01057
-9.14131 1.68977 1.27139 -27.1978 -19.4692 1.34076 9.57431 1.80454 1.85854 27.4698 19.7807 1.54144
-5.31323 0.477224 -6.62909 -18.1695 -12.7179 -3.79459 5.60169 1.30634 6.83013 18.2391 12.9897 4.1353
-2.74516 -2.30494 -7.96413 -10.6441 -6.61482 -7.72714 2.96231 3.2217 8.03818 10.7466 7.04896 8.18141
-1.72373 -0.85279 0.2593 -5.52222 -3.47083 -3.98035 2.05959 0.8836 1.51525 5.92667 3.66528 4.62292
-1.95259 0.67983 3.5346 -3.99496 -2.9439 -1.489 2.26554 1.26402 3.85798 4.49896 3.14398 1.8897
-2.25194 2.40681 4.07432 -4.97926 -2.61677 -0.250772 2.41569 3.21353 4.2404 5.33944 2.97263 1.47905
-1.16574 4.08016 -9.07939 -4.02812 -4.0619 -13.9561 1.43081 4.31836 9.57793 4.57504 4.22306 14.1729
-1.89209 1.05974 -18.4766 -5.03096 -5.42735 -27.0925 2.46137 2.11482 19.1572 5.63952 5.52884 27.172
-2.68693 -0.132899 -24.6829 -1.38683 1.42744 -30.0534 4.08899 1.22613 25.6675 2.38046 1.51974 30.2597
0.33404 -17.2646 -27.7671 0.818522 2.15275 -27.3052 3.7972 17.4971 29.2315 3.2082 2.22983 27.5911
1.09382 -22.0773 -32.6745 5.69309 3.30241 -23.9093 2.80234 22.0963 34.4853 6.14024 3.31683 24.2551
3.26415 -20.9111 -37.2061 6.19203 2.82858 -25.0882 4.1004 20.987 38.3617 6.80477 3.36869 25.4242
4.43637 -17.0396 -43.0775 4.61437 3.57323 -22.9571 4.53721 17.0926 44.033 5.03616 3.71936 23.1457
4.92015 -18.0076 -45.1957 4.98013 5.41848 -21.8583 4.93334 18.1636 46.0148 5.21068 5.45019 21.9521
5.46403 -16.2251 -48.653 3.86653 5.1713 -20.2854 5.55391 16.2819 49.3366 4.04751 5.40286 20.4521
5.11777 -16.8745 -48.104 2.98095 4.23739 -20.0152 5.12297 16.9613 48.9908 2.98841 4.29573 20.296
4.0557 -14.0761 -46.129 2.53054 4.52081 -21.0764 4.0671 14.1628 47.2965 2.91882 4.56578 21.5183
3.41946 -12.3481 -44.6597 1.28311 3.94748 -22.0929 3.65715 12.5207 46.1092 1.96281 3.96291 22.7727
2.53038 -12.125 -41.2212 0.526455 3.17583 -22.221 2.56088 12.5265 42.9156 0.933808 3.33759 23.1095
1.94749 -12.1446 -39.033 0.598775 1.48871 -21.0773 2.33787 12.8984 40.7812 0.894372 1.80043 21.8162
0.931666 -12.1775 -35.0274 0.536845 0.12985 -19.1111 1.4684 13.0501 36.6023 0.963639 0.815911 19.891
-0.120468 -11.7297 -36.3386 0.529149 -0.766219 -16.752 1.05533 12.8646 38.2199 0.532693 0.988167 17.4324
-0.704985 -11.2606 -37.283 0.701595 -0.619976 -15.0457 1.56231 12.6467 39.1243 1.38866 0.638704 15.8022
-0.666359 -10.9418 -36.5396 0.180504 -0.331044 -13.5328 1.99004 12.8707 38.2657 1.33685 0.711483 14.5751
-0.784942 -11.6251 -37.4041 0.186284 -1.01372 -12.984 1.17236 13.512 39.4581 0.458197 1.0487 14.1383
-0.813985 -11.7252 -34.8495 -1.69538 -1.52035 -13.7162 2.64026 13.0614 36.6593 1.93164 2.0994 14.8881
-0.0873609 -8.26408 -35.3547 -2.30554 -4.37708 -15.2872 2.40776 10.1181 37.4195 2.56244 4.51065 16.4865
-1.63086 -6.99666 -34.6232 -3.27243 -2.96284 -15.9682 2.77243 8.24406 36.644 3.41706 3.0997 17.1098
-1.85047 -7.37347 -33.701 -3.09494 -2.47481 -16.6566 2.16636 8.48355 35.6339 3.35259 2.9594 17.6875
-3.34484 -7.29653 -33.7085 -2.55153 -0.643515 -16.233 3.37272 8.52896 35.6933 2.93336 1.24836 17.2501
-2.11081 -8.05459 -32.1832 -1.06337 -0.594474 -14.6549 3.09051 9.39478 33.9773 1.92562 2.21064 15.6916
-1.28683 -8.08614 -33.1387 -1.53182 -0.860213 -14.2174 2.17313 9.47498 34.8327 1.66383 1.59592 15.1134
-0.455691 -8.10428 -35.2534 -1.16395 -1.28291 -14.535 1.5188 9.49239 37.0879 1.35375 1.83372 15.26
0.156385 -8.86173 -36.4588 -0.618533 -0.607051 -14.2036 1.76693 10.4445 38.2505 0.980902 1.08389 14.8781
0.411143 -9.37838 -36.6028 -0.716827 0.177733 -14.7726 2.68899 11.0968 38.302 1.01123 0.720959 15.4314
0.904342 -8.97332 -37.7052 -0.486459 0.874191 -15.7491 2.80218 10.4945 39.4121 0.833568 1.4266 16.3596
1.16911 -8.33913 -38.2303 0.0692054 1.57486 -16.7229 2.6797 9.80926 39.9884 0.504904 1.98489 17.3089
1.21321 -8.45665 -39.4577 0.932926 1.92381 -16.7907 2.83644 10.1999 41.3999 1.08503 2.24015 17.5783
-3.8089 -5.23321 -23.5816 -3.01926 -3.51063 -10.1143 5.08807 5.83079 24.9672 3.76738 4.3344 10.3395
-2.30058 -1.58667 -15.4494 -6.25526 -2.67617 -5.99911 2.82541 1.65797 16.3451 7.97222 2.95472 6.11531
1.56212 -0.412012 -8.48359 -1.98618 0.242148 -3.34841 2.7068 0.786714 9.39206 2.00706 2.05298 3.48333
0.877906 -1.42179 -5.85196 -0.719846 0.67398 -4.04729 1.27511 1.81392 6.45022 1.58204 1.69522 4.47063
-0.0901279 -2.85175 -4.94072 3.41063 -19.8267 -5.30579 0.483833 3.17928 5.62055 4.27015 19.8631 5.58735
-12.279 -6.00774 -1.46176 -21.3141 -16.2435 -7.41903 12.4481 6.09663 2.57848 21.7425 16.5158 7.87584
-14.8128 -1.29156 1.16073 -28.2027 -22.1575 -0.744487 15.6696 1.6664 1.91712 28.499 22.9376 1.47211
-14.6927 -0.11267 2.76968 -35.2545 -22.2657 0.209805 15.6003 1.49768 2.82512 35.5034 23.1308 0.916095
-17.565 5.84006 4.45732 -34.4303 -23.5868 5.7266 18.2461 6.10178 4.47057 34.6947 24.3905 5.89072
-17.1403 6.12788 4.21779 -32.5331 -25.107 6.29539 17.9576 6.63438 4.2567 32.7132 25.83 6.81155
-17.247 5.48944 3.78651 -30.8876 -24.1418 5.39922 18.1728 6.11069 3.79124 31.0053 24.6966 5.74107
-17.6128 5.14396 3.56354 -32.3532 -25.631 5.23715 18.5406 5.78713 3.58051 32.5865 26.3982 5.57667
-16.3574 5.28856 3.6245 -34.6393 -25.8119 5.25371 17.3539 5.84837 3.63694 34.9154 26.4741 5.61261
-14.7513 4.98573 3.02664 -34.3087 -24.7237 5.45442 15.7034 5.47148 3.0276 34.5636 25.2474 5.86955
-13.2884 4.32418 2.87317 -34.1094 -23.8644 5.47611 13.985 4.81837 2.9106 34.3418 24.39 5.8333
-12.5812 3.97376 1.89218 -33.7018 -23.578 4.78447 13.1035 4.55889 1.90892 33.903 24.1237 4.975
-12.3002 3.64034 0.881494 -31.3523 -21.7117 3.48987 12.8354 4.0647 1.0283 31.5907 22.1974 3.64448
-11.2263 3.47031 0.424017 -30.3464 -19.4827 1.83696 11.6146 3.66544 0.909066 30.6113 19.9188 1.90988
-11.1109 1.88603 -0.127308 -29.3887 -18.6793 1.49113 11.3716 2.10982 0.75635 29.6538 19.0009 1.52813
-11.3139 0.839227 -0.144237 -28.3162 -18.6303 0.548478 11.5247 0.847498 0.772106 28.5536 18.828 1.04837
-10.7755 0.107881 -0.0926435 -26.2771 -18.1907 0.0307093 10.9404 0.30548 0.588612 26.5494 18.3074 1.096
-10.6934 -0.424313 -0.189484 -24.9061 -18.2715 -1.23608 10.7721 0.931884 0.632831 25.1403 18.3458 1.62548
-9.79955 -1.41078 0.303895 -23.6633 -18.3455 -2.58316 9.84148 2.06086 1.1359 23.8387 18.4349 2.82695
-9.22293 -2.44705 -0.222523 -23.2619 -17.3014 -4.11104 9.24601 2.84896 0.707052 23.4614 17.317 4.24141
-8.98161 -2.84675 -1.00966 -23.6127 -17.1668 -2.64255 9.01389 2.91539 1.15555 23.7739 17.1933 3.63352
-8.60289 -4.4996 -2.01111 -23.5181 -17.7365 -1.2492 8.62357 4.51415 2.08225 23.6328 17.8186 1.66821
-8.5401 -3.81093 -1.67465 -23.8673 -16.1371 -2.16009 8.56961 3.89862 1.69316 23.9825 16.1896 2.25479
-8.55953 -3.34745 -2.04624 -24.4815 -15.6844 -3.30648 8.59009 3.93139 2.50011 24.6495 15.7407 3.31877
-8.69701 -2.62433 -2.33851 -24.4938 -15.683 -3.20032 8.74353 3.35138 2.7817 24.7562 15.7635 3.26604
-8.54194 -2.74561 -2.62047 -24.3533 -16.7896 -2.93822 8.59624 2.82197 2.79894 24.5637 16.9353 3.1399
-8.71976 -2.47143 -1.92741 -25.1782 -16.4081 -1.96122 8.80579 2.51422 2.21457 25.318 16.5475 2.15341
-8.93927 -1.53288 -0.961144 -25.976 -15.7447 -0.756682 9.0356 1.53879 1.32455 26.1273 15.8541 1.13149
-9.8875 -0.284257 -0.176224 -26.9409 -15.8434 -0.216133 10.0104 0.91811 1.35217 27.0975 15.9893 0.823715
-9.89493 0.253803 0.0998279 -27.1428 -16.7591 -0.121619 9.98958 0.878296 1.27161 27.3776 16.9177 0.840585
-9.73034 0.720289 0.315174 -27.3802 -17.1663 0.193474 9.82826 0.982631 1.22324 27.5991 17.3328 0.923192
-9.54622 0.778162 0.340032 -28.4759 -17.5716 0.848583 9.65547 1.06895 0.993433 28.6619 17.7807 1.2032
-9.50499 0.918444 1.00808 -28.9994 -17.7585 1.39492 9.7524 1.14753 1.47577 29.1757 18.0143 1.65638
-5.61179 -1.45068 -7.48117 -18.2653 -11.0406 -4.50728 5.81703 1.7683 7.6542 18.3129 11.2959 4.59159
-3.12284 -3.42048 -7.25872 -9.44763 -6.49221 -6.77008 3.43309 4.00364 7.28592 9.66098 6.87846 7.2148
-1.65743 -0.116236 1.38588 -5.50101 -4.40643 -2.25855 2.02867 0.480945 2.17175 5.88564 4.72081 2.78357
-1.3976 0.517654 2.93668 -5.04393 -4.79096 -1.32042 1.67349 1.3732 3.24204 5.27969 5.52306 1.73513
-3.02422 2.3794 4.18239 -4.35446 -2.69478 -0.0351235 3.08801 2.93603 4.57345 4.5319 3.05929 0.92936
-1.45082 3.07212 0.891176 -4.30293 -4.20221 -16.0362 1.60534 3.44524 3.97215 4.67784 4.56614 16.0691
-2.59528 2.34398 -17.6044 -3.96834 -5.77649 -24.7446 2.87664 2.97869 18.5265 4.29204 6.16071 24.9417
-2.61478 -11.9401 -25.4809 -0.701108 -0.907265 -30.7743 3.1788 12.179 26.441 1.73518 1.13016 31.1345
0.270876 -15.3101 -35.7069 2.69527 0.802752 -26.356 2.13032 15.3966 37.1055 3.53382 0.995675 26.5938
2.62924 -17.697 -36.831 5.94396 3.48974 -25.6982 3.6737 17.7174 37.943 6.18172 3.70516 25.9266
4.2925 -16.1948 -40.8339 5.22625 4.77792 -23.2941 4.40125 16.2772 41.838 5.98344 5.01545 23.3526
5.36367 -17.1034 -42.1206 4.37906 5.32097 -23.4357 5.36576 17.1712 42.7511 5.13898 5.36397 23.503
5.02931 -17.2083 -44.9167 3.65072 5.22639 -21.3896 5.09608 17.2915 45.5843 3.85926 5.25396 21.4468
5.48155 -16.1205 -46.1788 3.00007 5.08872 -20.01 5.50838 16.1267 46.8864 3.11154 5.16358 20.2088
4.38895 -14.2856 -44.8895 2.50948 3.94843 -21.4645 4.45192 14.2973 45.7478 2.5523 3.96308 21.7828
3.43142 -12.1697 -43.2392 1.5846 4.08452 -22.7993 3.47276 12.1772 44.3158 1.86049 4.14717 23.2934
2.77839 -11.8429 -40.1772 1.08746 3.59309 -23.4945 2.90355 11.8965 41.3915 1.28886 3.66046 24.0934
2.27724 -11.4548 -38.5445 1.13407 2.27159 -22.474 2.39135 11.6182 40.0668 1.45828 2.78598 23.0624
1.38396 -11.7133 -35.6059 1.20831 0.779507 -20.4726 2.21213 12.1209 37.2572 1.69095 1.45657 20.8611
0.59735 -11.7791 -33.7948 0.86372 -0.419927 -18.3387 1.25102 12.362 35.3894 1.23333 0.919133 18.8692
-0.478649 -11.1108 -34.2463 0.310061 -0.979872 -16.5804 1.22791 12.0479 35.9024 1.08421 1.23356 17.0372
-0.392594 -10.636 -34.5304 0.486263 -1.25434 -14.6775 1.03918 11.97 36.2628 1.18672 1.49544 15.1927
-1.35352 -10.419 -32.6591 0.614009 -1.527 -13.6025 1.7182 11.7621 34.0955 1.0585 1.67073 14.1098
-0.946784 -9.73659 -34.6542 -0.135775 -2.08606 -12.906 1.41006 10.8177 36.3376 0.809928 2.16182 13.3801
0.668601 -8.9438 -34.6883 -1.71102 -2.92966 -14.3392 1.54796 10.013 36.2691 2.07095 3.11074 14.9189
-0.23976 -7.75424 -34.9732 -2.6086 -2.97326 -15.6218 1.22561 8.64844 36.5781 2.83461 3.05084 16.3574
-2.06808 -6.55524 -35.2273 -3.28755 -2.35882 -14.9346 2.49036 7.5997 36.8771 3.4396 2.42244 15.8195
-1.85971 -6.57609 -32.726 -2.9719 -2.03164 -15.5323 2.12777 7.4631 34.2025 3.16275 2.05591 16.3209
-2.2942 -6.12323 -33.5671 -2.74133 -1.05069 -15.6389 2.44339 7.02273 35.3185 2.89489 1.17426 16.2733
-1.7476 -6.7428 -32.9352 -1.65085 -1.88243 -16.5135 1.91018 7.73313 34.6899 1.89255 2.0415 16.9954
-1.60072 -7.27444 -32.1965 -1.45345 -1.44152 -16.5569 1.8432 8.86363 33.892 1.75528 1.64314 16.9705
-1.1572 -7.66002 -33.6944 -1.41659 -1.06853 -16.721 1.82812 9.36493 35.2839 1.98703 1.73186 17.1184
-1.09747 -7.46305 -35.2227 -0.233164 0.431838 -15.6422 4.79467 9.14844 36.8702 1.39858 1.18467 16.0783
-0.402331 -8.16286 -36.9313 0.47995 1.88969 -14.9622 3.33623 9.84555 38.6333 1.40354 2.43305 15.4001
0.232053 -8.4685 -37.5974 0.585839 1.36597 -14.8734 3.01824 10.196 39.2401 1.29418 1.76973 15.2585
0.591734 -8.50334 -38.1883 0.347112 1.06796 -15.4562 2.7977 10.4028 39.7866 0.843457 1.61847 15.7992
0.922875 -7.84895 -39.1008 0.356805 1.07147 -15.4305 2.485 9.51285 40.9071 0.855397 1.45105 16.0681
-3.95013 -3.35238 -20.8079 -5.09903 -3.67102 -9.13337 4.46638 3.69132 22.0829 6.01461 3.92663 9.14359
-2.20926 -1.49294 -12.7623 -4.94477 -1.5718 -4.219 3.26384 2.03098 13.6599 6.30429 2.47681 4.25025
1.31291 -1.10858 -8.52954 -1.81107 1.35667 -2.95145 2.59284 1.25846 9.21915 2.04681 2.68236 3.11604
0.147574 -2.37582 -6.61758 1.0566 0.0107843 -3.8888 1.14786 2.76155 7.03792 3.27275 1.11368 3.96569
-0.0369969 -2.39947 -5.79297 4.41668 -9.23845 -6.39388 0.699213 2.44368 6.13471 5.06631 9.33905 6.4201
0.635713 -4.86433 -4.11688 -16.0472 -15.152 -6.42658 2.03141 4.87901 4.94216 16.4843 15.5309 6.47335
-13.305 -2.88526 -2.5356 -20.5177 -20.9837 0.0425037 13.6088 2.97931 3.47024 20.8537 21.7445 0.892062
-19.1002 -1.53217 -0.325649 -28.8545 -20.61 2.01897 19.6039 2.35003 1.38732 29.0247 21.5119 2.0658
-21.1453 2.21351 3.39659 -29.6419 -21.473 4.0368 21.9775 2.37013 3.70462 30.0007 22.5451 4.13265
-18.1589 4.60775 5.13237 -32.364 -23.1399 5.84097 19.3111 4.8604 5.15648 32.5581 24.0258 6.20917
-15.9444 5.44358 4.29684 -29.8344 -24.4146 5.51621 17.2314 5.95156 4.38188 29.9595 25.1642 5.78889
-15.6083 5.0126 3.60133 -31.7026 -25.4941 5.69099 17.3194 5.64542 3.6173 31.8893 26.179 5.99673
-15.2412 5.06064 3.21761 -32.8835 -25.7916 5.47487 16.9216 5.92618 3.25244 33.0596 26.4403 5.81954
-14.7214 4.51723 2.90096 -31.8926 -26.2299 5.72331 16.418 5.28034 2.94336 32.0853 26.9276 6.13133
-13.3241 4.14706 2.30046 -31.2918 -22.96 5.85091 14.7023 4.89252 2.30631 31.411 23.4743 6.3188
-14.2886 3.8239 1.66572 -30.772 -19.782 4.68648 15.3374 4.46269 1.67197 30.8734 20.2082 5.04882
-14.1881 3.30656 1.48541 -29.92 -19.0875 3.38129 14.989 3.90008 1.5101 30.0229 19.4153 3.56519
-13.6029 2.79235 1.12701 -27.1632 -18.8704 1.39251 14.1676 3.59603 1.2493 27.3115 19.2135 1.65614
-12.7741 2.07774 0.648289 -25.314 -18.7323 1.09161 13.1137 3.66088 1.15617 25.4949 19.0478 1.86817
-11.9928 0.733788 0.105854 -25.1255 -17.7201 -0.0438779 12.2304 1.99727 1.64073 25.2835 17.9319 1.15418
-10.7981 0.58778 -0.0614423 -24.398 -18.1383 -0.892828 10.9777 0.719375 0.673958 24.4942 18.2912 1.09496
-10.0944 -0.709817 0.0143553 -24.2706 -18.8843 -1.6348 10.3525 1.5686 0.328533 24.3804 19.0169 1.71034
-10.3635 -2.10461 -0.631871 -24.3238 -17.4738 -1.7251 10.5912 2.65628 0.827559 24.45 17.5191 1.92486
-9.90012 -2.39657 -0.487524 -22.929 -16.4019 -3.32563 10.0716 2.46587 0.835121 23.1618 16.5024 3.43226
-10.3607 -2.40907 -1.41339 -24.0548 -16.0361 -4.04225 10.4933 3.36619 2.35067 24.3318 16.1504 4.05567
-10.2976 -2.79889 -0.804034 -24.0183 -15.2699 -1.91443 10.3913 3.34285 1.91123 24.301 15.3653 2.17029
-9.82604 -3.18509 -1.63765 -24.719 -14.5764 -3.02209 9.91933 3.29782 1.93524 24.9305 14.6608 3.19777
-9.15791 -2.90652 -1.72387 -24.9133 -15.7292 -3.36428 9.25227 3.27657 2.08096 25.0462 15.8061 3.60456
-9.07558 -3.54268 -2.02925 -24.6615 -16.8658 -3.06636 9.25963 3.71834 2.42625 24.7754 16.9365 3.4539
-8.97502 -3.18088 -2.29569 -23.8764 -17.4065 -2.48911 9.18902 3.26354 2.49704 24.0172 17.4894 2.75284
-8.69832 -2.09995 -1.66533 -24.7193 -16.9877 -1.86797 8.89842 2.70107 2.8168 24.9182 17.0783 1.87419
-8.65961 -0.923446 -0.521555 -25.888 -16.9014 -0.991497 8.81224 1.62349 1.65352 26.1565 16.9993 1.09611
-8.94826 -0.112851 -0.0145375 -26.6352 -17.3315 -0.424837 9.16018 0.553364 1.10401 26.9248 17.5125 0.742064
-8.92954 0.35406 0.0543168 -27.1971 -18.2184 0.107705 9.23203 0.428539 0.896231 27.4283 18.4287 0.695518
-8.74644 0.902124 -0.0929167 -28.0222 -18.5342 0.733449 9.26154 0.998092 0.751487 28.1576 18.7255 0.981255
-9.15978 1.35708 0.452293 -28.1914 -18.6529 1.34559 9.87496 1.51363 1.16242 28.2673 18.8733 1.53479
-9.61244 1.84698 0.819554 -27.534 -18.3337 1.65027 10.4732 1.97754 1.49449 27.6161 18.5157 1.78861
-5.2613 -2.51117 -9.62745 -15.5341 -8.50977 -5.55037 5.79009 3.99002 9.64238 15.6718 8.83554 5.73056
-2.34677 -3.55703 -5.44798 -7.17592 -4.77268 -5.67068 2.73077 4.0437 5.68286 7.47123 4.94498 6.11425
-0.996274 0.239389 2.55895 -4.34556 -3.19772 -1.83321 1.31603 0.606138 3.11504 4.56071 3.29 1.89385
-1.0022 1.91388 3.40873 -4.98674 -3.48674 -1.30848 1.13234 3.24982 3.49298 5.07733 4.0059 1.5957
-1.96285 3.72439 -7.48136 -4.51679 -2.79354 0.674924 2.30619 4.22819 7.88047 4.6242 3.08101 0.845954
-0.656247 1.04 -14.5691 -4.6712 -1.38571 -27.9025 1.42954 3.7731 15.4883 4.87063 1.88852 28.0148
-0.600385 0.407118 -27.9589 -3.60109 -1.29011 -28.07 1.77968 0.926761 28.8666 3.71257 1.37386 28.3379
-0.137562 -16.3202 -28.1752 0.613357 1.84846 -30.9892 1.38115 16.3615 29.6378 3.80538 1.86996 31.2341
3.44676 -19.839 -32.8872 4.91629 1.89655 -23.6485 3.69297 19.9005 34.3073 7.21468 2.1175 23.7887
3.43039 -19.3363 -37.9686 6.27118 3.12161 -22.407 3.60979 19.3647 38.888 6.72081 3.34552 22.629
5.00389 -17.5423 -40.9942 5.0073 4.87512 -16.6855 5.06891 17.5811 41.7041 5.68629 4.89127 16.8284
5.08444 -19.5044 -46.6671 4.41819 5.95976 -16.8461 5.35268 19.6295 47.2408 4.66043 6.01527 16.8747
5.77319 -18.0285 -48.6065 3.69222 4.80925 -16.4298 5.90489 18.1254 49.3048 3.80968 4.91208 16.4814
5.24449 -15.7826 -48.8044 3.11082 4.35628 -17.6453 5.25827 15.8569 49.6793 3.12696 4.37611 17.9469
3.87615 -12.1926 -45.4392 2.7342 4.80517 -21.4775 3.91109 12.3524 46.6306 3.05202 4.89566 21.9609
3.05647 -10.519 -42.4092 1.84912 4.36262 -23.9283 3.12561 10.7294 43.9467 2.08356 4.51799 24.5668
2.08384 -10.1045 -39.9781 1.03965 3.11283 -24.6498 2.08966 10.3611 41.8036 1.10376 3.75845 25.3311
1.56564 -10.8855 -36.4057 0.879389 1.51711 -22.3125 1.7072 11.3784 38.2669 1.12899 1.68764 23.1514
0.55549 -11.8143 -33.3551 1.14117 0.482516 -19.9376 1.43021 12.6862 35.0385 1.34242 1.30299 20.5647
-0.136708 -12.495 -32.3513 1.14795 -0.577628 -17.3136 1.37333 13.3405 33.9988 1.23486 1.06695 17.8377
-0.601549 -13.2563 -33.7539 0.611613 -1.53451 -13.9461 1.44895 14.2681 35.533 0.669026 1.63531 14.4192
-0.203719 -11.8539 -33.9197 -0.0702479 -1.81627 -11.8584 1.93136 13.3499 35.6431 0.4137 1.86223 12.4484
-1.50067 -10.9169 -35.3026 0.946273 -1.72477 -11.1157 1.96824 12.6108 37.0166 1.14143 1.82548 11.6403
-0.979021 -9.43496 -35.12 -1.55302 -2.04319 -12.3374 1.41894 10.8174 36.7651 1.64309 2.14608 12.9717
0.501909 -8.47761 -34.7009 -2.41525 -3.34457 -14.4009 2.76237 9.45078 36.379 2.54492 3.59256 15.2931
-0.950368 -6.53902 -34.7482 -3.95811 -2.93598 -15.1781 1.56839 7.83368 36.7048 3.99601 3.01363 16.1343
-2.12946 -6.74385 -34.507 -3.5689 -2.61411 -15.6661 2.55168 7.87045 36.5891 3.57974 2.65161 16.5789
-2.24963 -6.66179 -34.2061 -2.61579 -0.785719 -15.3328 2.3857 7.68139 36.4437 2.834 0.831158 16.209
-2.75953 -7.53726 -32.1731 -2.50725 -0.852366 -15.626 2.77101 8.73963 34.2023 2.74683 1.3272 16.3569
-1.78387 -7.82573 -32.013 -1.2552 -0.900944 -15.2476 3.23511 9.06409 33.8961 1.83121 1.37154 16.0842
-1.38021 -8.24929 -33.7514 -1.63379 -0.735336 -15.2847 2.87457 9.33266 35.7581 1.98884 0.971594 16.0138
-0.666688 -8.67405 -34.3024 -0.984959 -0.224218 -14.9123 2.46942 9.83718 36.2234 1.35264 0.402394 15.5486
0.0132977 -8.95981 -36.3202 -0.111087 0.0385159 -14.7963 1.826 10.214 38.2078 0.724546 0.373217 15.3091
0.591109 -9.02266 -36.3697 -0.0532739 0.45273 -14.9433 2.42669 10.4017 38.0677 0.745951 0.610406 15.5171
0.95492 -8.74839 -36.9045 -0.111587 0.926719 -16.0247 2.8548 9.87091 38.6616 0.783788 1.1637 16.5211
0.998365 -8.32733 -37.8246 0.136142 1.44207 -16.6398 2.6912 9.60191 39.7183 0.644513 1.62855 17.247
-2.38921 -7.10623 -27.8095 -2.06323 -2.17304 -12.8876 3.56053 7.7453 29.2107 2.22588 3.70892 13.3359
-2.3576 -2.81869 -19.5857 -6.3734 -3.41741 -8.14409 2.80165 3.06404 20.7993 7.1337 3.79324 8.18477
0.935597 -0.886018 -10.8965 -3.91333 -0.0461915 -4.39455 1.6999 1.45422 11.7662 4.13345 1.99141 4.53912
1.26322 -1.1347 -7.31401 -2.01422 1.15567 -3.46338 1.65237 1.67015 7.98011 2.4847 2.6683 3.66976
0.578661 -2.37531 -5.69771 2.46418 -0.0728985 -3.81926 0.687718 2.88366 6.14885 3.2066 1.09347 3.89334
0.0487185 -3.69992 -5.48787 2.74536 -5.31555 -5.17514 1.21794 3.70622 5.66339 3.32939 5.46316 5.28864
-3.6501 -2.99159 -3.68305 -18.5321 -18.166 -6.79364 4.4193 3.14461 4.34808 18.6912 18.3252 7.11109
-16.4636 -2.18257 -1.54485 -23.0883 -24.4284 -0.180005 17.4062 2.79834 2.53275 23.351 25.3557 1.19615
-18.5557 0.469777 1.61118 -28.7296 -23.5726 2.12377 19.3664 1.28403 2.18757 28.7945 24.6199 2.16031
-19.6477 4.76056 4.57366 -30.6033 -24.0774 5.15007 20.8886 5.02661 4.70872 30.8415 25.3328 5.24635
-17.4801 5.22893 5.17025 -31.8133 -24.2384 5.71482 18.7825 5.77918 5.17386 31.9173 25.3236 6.15841
-16.3056 5.01606 4.0188 -30.5243 -23.3779 6.11365 17.6608 6.208 4.0669 30.6665 24.2981 6.47933
-17.3167 4.72375 3.27206 -33.6929 -23.6633 6.08843 18.8145 5.62524 3.29495 33.8317 24.5745 6.54192
-17.4225 4.99533 3.15088 -33.0792 -23.7599 5.34741 18.9061 6.03857 3.15829 33.2444 24.6675 5.69679
-16.6004 4.63758 2.89082 -31.6544 -23.0546 5.31269 17.9397 5.49378 2.90413 31.789 23.8284 5.67179
-15.0325 4.54664 2.40439 -30.6699 -20.4605 5.22804 15.9343 5.25461 2.42426 30.7397 20.9114 5.50033
-15.3861 3.88666 1.78449 -29.4567 -20.0025 4.09115 16.2109 4.64497 1.82563 29.4957 20.4895 4.22092
-14.156 2.8161 1.10553 -28.9818 -18.8749 2.39588 14.7385 3.50719 1.21252 29.0106 19.2768 2.48432
-13.659 2.1468 0.615421 -27.37 -17.9025 1.23515 14.2453 2.68253 0.931315 27.3873 18.2049 1.78084
-12.4596 1.68689 0.107228 -26.0521 -16.3925 0.837394 12.9277 1.82022 0.799024 26.0753 16.583 2.08332
-11.9487 0.174249 -0.355687 -26.9183 -16.0424 0.489957 12.3459 0.549611 0.749753 26.9305 16.1665 2.07851
-11.5637 0.0468668 0.0883992 -25.199 -15.7635 -0.45765 11.8669 0.685739 0.510595 25.2066 15.8705 1.11558
-11.3416 -0.558681 -0.232503 -24.7853 -14.2602 -1.68431 11.5209 1.83595 1.13432 24.8153 14.3148 1.95367
-11.7336 -0.855738 -0.0465525 -24.0128 -14.0894 -2.53804 11.902 2.10273 1.00387 24.0492 14.1534 3.06676
-11.2292 -2.1702 -0.807821 -23.8029 -14.2683 -3.34449 11.3557 2.48673 0.929743 23.8391 14.3227 3.73575
-11.1631 -1.2327 -2.01622 -24.297 -13.742 -3.65288 11.3132 1.51494 2.25023 24.3113 13.7458 3.69093
-11.0657 -4.22636 -1.19277 -23.1592 -13.6387 -1.38791 11.1923 4.25815 1.37243 23.161 13.6458 1.82418
-11.0353 -3.84852 -1.16457 -22.9901 -13.7966 -3.13258 11.2059 4.06782 2.06115 22.9942 13.858 3.23844
-10.8375 -3.37307 -1.92029 -22.8737 -13.7961 -3.51192 10.9515 4.31977 3.01578 22.8777 13.9007 3.56534
-10.4732 -2.8053 -2.79677 -23.8369 -13.2097 -3.26955 10.6739 3.53022 3.3218 23.8485 13.3097 3.3265
-9.82183 -2.31366 -1.83209 -24.8807 -14.0572 -2.93126 10.0837 2.51514 2.34561 24.8826 14.1593 3.22993
-9.39801 -2.55113 -1.51769 -24.9872 -15.3352 -1.27267 9.74271 3.08138 2.5586 24.9911 15.4251 2.06965
-9.76627 -1.08379 -0.967803 -25.5653 -15.9217 -0.222763 10.1888 1.22861 1.52149 25.5699 16.0167 1.02564
-10.8765 0.0240073 -0.0608328 -25.6802 -15.2265 0.120628 11.2929 0.968147 1.76448 25.7491 15.3824 0.975709
-10.686 1.0367 -0.0362032 -26.2361 -15.7797 0.31211 11.0605 1.22894 1.20207 26.4165 16.0213 1.03069
-9.85775 1.82769 0.408956 -27.7343 -16.3397 0.987005 10.2337 1.86824 1.11851 27.8781 16.6432 1.30359
-9.6994 2.00343 0.866334 -27.8201 -16.7383 1.2438 10.1585 2.05828 1.4013 27.9228 17.0281 1.51354
-6.98722 0.235813 -4.67717 -20.9977 -12.3379 -0.812111 7.35432 0.559946 4.99215 21.0587 12.5177 0.915535
-4.33598 -3.32859 -8.96927 -13.1534 -7.64826 -5.9725 4.62085 4.46414 9.07329 13.2909 8.14366 6.30138
-2.59053 -1.6479 -1.10894 -6.0831 -4.15551 -2.71454 2.92699 2.05492 1.55349 6.52331 4.34006 3.15007
-1.31459 -0.257503 2.97452 -4.53228 -3.14433 -1.19287 1.49904 1.0589 3.33699 4.91808 3.27016 1.22789
-2.21835 1.41363 3.53212 -4.55537 -3.16102 -1.10442 2.28757 2.34059 3.59218 4.7819 3.62643 1.4643
-1.78793 2.71119 -3.94801 -4.40405 -3.5919 0.867297 2.10768 3.16801 4.98448 4.64816 4.01849 1.27389
-0.862019 1.23203 -13.288 -5.77876 -2.87275 -27.0814 1.72054 2.58701 13.9047 6.0705 3.67563 27.2056
-0.301919 -10.7947 -27.6207 -3.36411 -1.54899 -27.472 2.06132 11.0555 28.4026 3.7425 1.90807 27.5175
-1.00025 -17.5122 -26.7663 0.168461 0.784641 -30.4028 1.91578 17.5764 27.9051 2.98094 0.812509 30.5461
2.46917 -20.0668 -33.5038 5.88144 1.29192 -25.7194 2.60827 20.097 34.6147 7.19108 1.77733 25.9223
3.2537 -18.3838 -38.3124 6.5739 2.66988 -23.2611 3.67211 18.4037 38.9772 7.14758 2.9648 23.441
4.6096 -18.0157 -43.1618 4.49561 4.96622 -20.1983 4.65672 18.0323 43.8059 4.97195 4.98809 20.3062
5.06674 -19.0301 -45.9488 3.69837 5.58851 -18.8596 5.09718 19.1846 46.5211 3.81851 5.63811 18.8698
5.37556 -19.1561 -47.1924 3.04119 4.50506 -17.345 5.39093 19.4588 47.8744 3.25406 4.53441 17.3686
4.8846 -16.4102 -46.7582 2.74819 4.39932 -19.6185 5.02391 16.5825 47.7154 3.28699 4.51709 19.7465
3.8066 -12.6929 -44.1803 2.93465 4.77928 -22.6507 3.90592 12.8714 45.4331 3.48376 4.89468 23.0133
2.75373 -10.9509 -41.325 2.24178 3.94376 -23.7781 2.81684 11.1857 42.7258 2.83306 3.9931 24.3859
1.9233 -10.3101 -39.1057 1.51775 2.65288 -23.3815 1.97128 10.745 40.6429 1.92267 2.77455 24.1161
1.07529 -10.3459 -36.8449 0.646227 1.59561 -22.1061 1.18652 11.085 38.4837 0.769503 1.91628 22.7395
0.499917 -10.7872 -36.5296 0.907839 0.703901 -19.2963 0.960959 11.6427 38.4345 0.981654 1.08525 19.9387
0.128428 -11.0572 -35.0328 1.11679 -0.575854 -17.5012 1.37934 12.0962 36.8802 1.12863 0.646947 18.0893
-0.581665 -11.2983 -33.3026 0.440701 -1.54582 -16.5474 1.32416 12.5365 34.9845 0.445389 1.65734 17.1594
-0.645154 -9.66315 -34.339 -0.0841411 -2.36917 -14.1035 1.76867 11.3276 36.0896 0.488486 2.58179 14.637
-1.75726 -8.05269 -34.9175 0.321472 -2.69463 -14.1438 2.71656 10.2138 36.6816 0.779539 2.94438 14.8163
-1.14115 -7.87011 -35.8823 -1.87021 -2.59365 -15.3812 2.54536 9.37073 37.7751 2.06418 2.65757 16.0588
0.480297 -6.28725 -34.2108 -2.3954 -2.40633 -15.6495 1.17851 8.11721 35.9829 2.55905 2.46245 16.6015
-1.12677 -5.31786 -35.2101 -3.61015 -2.20304 -15.8881 1.59843 6.93635 37.3048 3.69671 2.3727 16.851
-2.28241 -4.49907 -34.4901 -2.79574 -1.544 -15.7122 2.88177 5.34762 36.6106 2.90855 1.70111 16.6737
-1.82706 -5.64864 -34.1144 -2.26476 -1.14748 -16.4407 2.37476 6.83319 36.2266 2.33446 1.15235 17.2158
-2.38424 -5.30979 -35.5666 -2.53522 -1.93175 -15.9862 2.51517 6.68506 38.0049 2.75329 2.07508 16.9656
-1.59651 -6.17413 -32.8822 -1.89648 -2.22101 -16.4272 1.84198 7.66148 35.0128 2.44528 2.40665 17.1883
-0.953787 -6.47924 -34.2312 -1.75106 -2.03049 -16.0738 1.33279 8.14365 36.4982 2.01332 2.28737 16.6773
-0.335776 -6.79186 -35.7344 -1.69732 -0.161263 -15.7126 2.2012 8.47708 38.0828 2.28891 1.13582 16.3279
-0.0738835 -6.9635 -36.4939 -0.734558 1.47938 -15.4312 3.96979 8.40007 38.7087 1.70437 1.86911 16.2327
0.391261 -7.19118 -36.2559 0.350156 2.02605 -16.0439 2.932 8.47011 38.2312 1.32147 2.30239 16.7693
0.819243 -7.7135 -36.9768 1.01253 1.4433 -15.9781 2.98114 8.65876 38.9873 1.2334 1.68782 16.6629
1.18389 -7.75278 -38.09 1.37754 1.35684 -16.4382 2.74435 8.87828 40.1818 1.51863 1.4972 17.1044
-2.83349 -4.13931 -23.1875 -3.06516 -4.52856 -10.4134 4.46193 4.38833 24.7333 3.86931 5.21526 10.5323
-1.13021 -1.62282 -16.0012 -6.03239 -2.43319 -5.96637 2.20952 1.62629 17.047 7.20172 2.719 5.96977
1.83779 -0.425214 -9.20184 -2.7482 0.574038 -3.15377 2.59068 1.22866 10.0318 2.81279 2.72727 3.31912
0.746012 -1.44005 -6.8702 -0.67243 0.521646 -4.6075 1.21232 2.19635 7.3958 1.52282 1.73895 4.65252
0.108188 -2.58064 -6.89594 3.66694 -0.393641 -3.63205 0.819689 2.64967 7.61562 4.16834 1.01138 3.72847
0.418437 -3.1175 -5.05765 -4.4914 -12.3485 -4.3477 1.45973 3.32743 5.46997 4.64454 12.5461 4.49756
-3.64825 -1.64872 -3.35371 -18.6809 -21.7232 -2.69518 4.36363 2.26857 3.99056 18.8355 22.2186 2.82807
-16.3306 -2.28664 -0.752468 -24.0118 -23.7316 1.59089 16.8842 2.42739 2.31247 24.1892 24.5651 2.42877
-19.504 1.9909 2.47222 -30.2912 -22.7478 3.48963 20.333 3.07435 3.42035 30.412 23.9302 3.55526
-18.3264 4.50619 4.77955 -32.0872 -23.6825 5.56877 19.59 4.70384 5.21359 32.3011 24.9281 5.85934
-17.0493 6.08918 5.03196 -31.6846 -24.0117 6.10939 18.4946 6.45136 5.05392 31.7419 24.8962 6.55535
-17.4044 5.44866 3.99524 -32.4908 -24.6117 6.03734 18.8369 6.07188 4.02514 32.6308 25.5333 6.54492
-17.6743 6.07419 3.23071 -34.0733 -22.6409 5.73027 18.936 6.73105 3.30513 34.1667 23.5702 6.30702
-17.502 5.69239 3.07201 -33.0976 -22.4461 5.02047 18.7338 6.33862 3.10997 33.2359 23.4591 5.45766
-15.9603 5.37143 2.91977 -32.1609 -21.3646 5.0087 16.9512 5.93356 2.99215 32.2642 22.2363 5.40059
-16.1903 5.12847 2.24536 -31.7313 -18.2093 4.93752 17.0068 5.57745 2.32466 31.7868 18.72 5.22025
-16.7865 4.08104 1.05183 -29.951 -17.7218 3.68953 17.5101 4.30596 1.28891 30.0025 18.2635 3.8025
-15.6287 2.74346 0.506758 -29.5197 -16.6384 2.20054 16.1238 2.98793 0.922793 29.5541 16.9945 2.30135
-15.521 1.49251 0.126232 -27.6335 -16.3696 1.02166 15.9411 1.85224 0.851124 27.6408 16.6774 1.21042
-15.169 1.7875 0.206463 -26.8329 -14.4943 0.692832 15.491 2.37481 0.750696 26.8408 14.6509 1.2407
-14.158 0.451927 0.038552 -25.3148 -14.5433 -0.171835 14.3887 1.18613 0.745491 25.3242 14.657 0.917422
-13.3819 -0.0922166 -0.0207735 -24.4904 -14.5721 -1.56658 13.5914 1.24249 0.695569 24.4904 14.7133 1.95468
-12.9397 -1.5072 0.347748 -24.6923 -13.1874 -2.1884 13.145 2.01695 0.637198 24.6923 13.2567 2.73118
-12.5006 -2.53177 -0.238979 -24.5242 -12.7521 -2.89378 12.635 3.15992 0.650432 24.5251 12.8052 3.52217
-12.3286 -2.42331 -1.46845 -24.6802 -12.9875 -2.72787 12.5047 2.82315 1.59351 24.6803 13.0812 3.37029
-12.7747 -2.55038 -2.1176 -24.6354 -12.1918 -3.27492 12.9452 2.92705 2.24942 24.6357 12.2374 3.3709
-12.4507 -3.45684 -1.70827 -24.1362 -11.2235 -2.11143 12.5605 3.50532 1.84807 24.1409 11.2448 2.28214
-12.3681 -3.30236 -1.81562 -24.81 -12.0163 -3.1677 12.5148 3.31569 1.92822 24.8141 12.0508 3.38836
-12.3096 -3.29284 -2.03532 -24.4216 -12.7318 -3.01768 12.4807 3.30543 2.38954 24.4248 12.7982 3.43171
-11.7765 -2.73322 -2.67133 -24.6649 -13.3609 -2.39189 12.0191 2.73633 3.05892 24.6661 13.4442 2.81647
-11.6333 -2.39162 -1.91992 -24.7579 -12.9168 -1.98574 11.9047 2.47162 2.30561 24.7601 12.9977 2.12383
-11.2906 -1.64058 -0.850284 -25.1902 -13.2329 -1.27739 11.5675 1.74964 1.3084 25.2096 13.3226 1.39384
-11.1082 -0.550785 -0.132321 -26.4389 -13.7644 -0.751409 11.3677 0.694836 0.960029 26.464 13.9036 1.05314
-11.3796 -0.0985259 0.164112 -26.4317 -14.5013 -0.317649 11.7035 0.467956 0.884294 26.4784 14.7034 0.82548
-11.2532 0.281015 0.347289 -26.9049 -14.9423 0.0482436 11.7275 0.921948 0.879452 26.9495 15.1847 0.746752
-11.3078 0.959726 0.330335 -27.1785 -14.8319 0.775704 11.8723 1.36565 0.99022 27.2337 15.0641 1.16879
-11.2202 1.47332 0.900694 -27.3956 -15.5968 1.33591 11.8693 1.79377 1.19718 27.4657 15.9084 1.51664
-6.44122 -2.62517 -7.89042 -17.9046 -9.90858 -2.71445 6.94535 3.07598 8.0325 17.9401 10.2839 2.84684
-3.68349 -3.82158 -7.41005 -9.12278 -5.4211 -4.97947 4.07905 4.47624 7.49042 9.32147 5.87655 5.43654
-1.10677 -0.155171 1.0852 -4.67528 -4.11448 -1.64921 1.55565 1.07322 1.70378 4.94171 4.4789 1.94575
-1.73507 0.0797029 3.04328 -4.59019 -3.8856 -1.40661 1.97477 2.10244 3.31626 4.68307 4.41164 1.77883
-1.41182 2.92353 1.867 -4.53912 -2.96665 0.0938029 1.51995 3.53446 2.39394 4.58508 3.56308 1.14122
0.0144106 1.42295 -12.6482 -5.07085 -3.22767 0.662132 1.0049 2.39258 13.081 5.18999 4.01359 0.976338
1.45584 0.541621 -20.8824 -4.95403 -1.1487 -26.8991 2.80646 1.96655 21.4521 5.01714 2.27974 27.0011
1.81482 -18.4671 -25.4151 -2.92647 1.50393 -27.7638 2.07089 18.7975 26.198 3.35174 2.79231 27.8419
1.34969 -19.7788 -27.1182 2.84048 0.493786 -30.5564 1.75789 19.8129 28.3429 4.93884 1.27939 30.6109
2.52714 -18.758 -35.8342 6.90474 1.45796 -24.4516 3.00609 18.8261 36.7999 7.63184 1.95502 24.5416
4.12868 -18.8381 -40.4989 5.57785 3.56823 -21.5446 4.13388 18.9202 41.3373 6.06206 3.69862 21.7607
4.46996 -18.9579 -46.0556 4.38367 5.38179 -19.6042 4.48099 19.1498 46.5558 5.3165 5.49292 19.8719
5.73156 -20.2775 -47.2116 3.91638 6.41217 -17.3588 6.00986 20.6281 47.8525 4.16775 6.50662 17.4232
5.26009 -20.1376 -47.5717 3.26486 5.05021 -16.8641 5.42998 20.5521 48.4391 3.68205 5.08104 16.8652
4.24635 -16.5005 -46.8775 2.93799 4.91106 -20.306 4.44736 16.8276 47.9677 3.28981 4.98133 20.4306
3.33352 -12.3452 -44.8171 2.35521 4.15958 -24.2171 3.37759 12.6307 46.254 2.6178 4.19978 24.5995
2.27036 -10.358 -41.0066 1.16271 3.41712 -25.7351 2.40509 10.6641 42.6332 1.58469 3.49842 26.3176
1.44275 -9.74909 -37.8537 0.565048 2.03905 -25.06 1.70012 10.2081 39.5096 1.33971 2.11181 25.7884
0.711256 -10.264 -36.6278 0.656545 1.2629 -22.6886 1.20935 10.9581 38.3466 1.01321 1.39091 23.3926
0.727161 -10.2893 -36.3044 0.231182 0.501858 -20.4516 1.42677 10.9352 38.1499 0.276598 0.701036 21.0082
0.394272 -10.1193 -33.624 0.689208 -0.330464 -17.7658 1.60898 10.9108 35.2663 0.696896 0.767069 18.3319
-0.681509 -9.81426 -33.477 0.901693 -1.14737 -16.1837 1.33937 11.2017 35.0934 0.986459 1.53671 16.784
-0.232328 -8.35048 -34.447 0.240228 -2.22492 -15.6635 0.807897 10.2537 36.1186 1.34973 2.32458 16.1645
-1.00433 -7.55363 -35.0534 -0.0864094 -2.79052 -16.2563 2.04021 10.0331 36.9345 1.89184 3.11804 16.9624
-0.875818 -6.92887 -33.8058 -1.97926 -3.58213 -17.7055 1.47668 8.48003 35.7075 2.29131 3.69041 18.3971
0.510553 -5.76019 -33.0677 -1.60292 -2.50926 -18.225 1.38025 7.53197 34.9928 2.06253 2.6159 19.0624
-1.22136 -4.8519 -33.2919 -3.5927 -2.34964 -18.5748 1.46061 6.31828 35.3902 3.64669 2.65466 19.334
-2.29134 -4.63458 -33.0712 -2.64809 -2.27835 -18.3914 2.572 5.53148 35.121 2.78418 2.38192 19.1733
-2.47134 -5.56003 -33.3062 -2.36827 -1.34435 -17.8351 2.55854 6.97892 35.4715 2.49766 1.41094 18.6032
-1.96797 -6.05957 -31.8525 -1.72176 -1.66436 -17.9854 2.10212 7.3939 33.6896 2.24267 1.76612 18.6509
-1.9928 -6.70193 -31.8439 -1.93559 -1.54592 -17.4067 2.12974 8.24015 33.6289 2.76263 1.57597 17.9536
-0.778162 -6.86335 -34.1293 -1.59716 -1.41288 -16.715 1.71386 8.49734 36.1083 2.12307 1.59991 17.185
-0.0297721 -7.39291 -34.7478 -1.48926 -0.321117 -16.6069 3.88431 8.71426 36.697 1.84474 1.08288 17.065
0.192405 -7.62109 -34.2255 -0.880217 0.964326 -16.6409 3.30444 8.8474 35.9932 1.23304 1.55357 17.1564
0.410979 -7.58202 -35.4366 0.107733 1.15239 -17.7764 2.47243 8.5387 37.2056 0.601121 1.74612 18.2549
0.767054 -7.14658 -36.0922 0.553133 0.963951 -18.4043 2.51259 8.21123 37.8059 0.953163 1.46599 18.8974
1.16903 -7.48598 -38.1432 1.07477 1.45756 -18.3298 2.68027 8.56156 40.147 1.39746 1.88578 18.9419
-2.56941 -3.51674 -21.1202 -4.63976 -4.56764 -10.6377 3.96604 3.6879 22.5627 5.28646 5.07962 10.7135
-0.984 -1.44254 -13.0406 -6.67924 -2.57028 -5.6198 2.14947 1.5601 13.8492 8.0104 2.81989 5.6686
2.12124 -0.994159 -8.16181 -1.96098 0.498969 -3.20812 2.68149 2.52361 9.04896 2.14977 2.42196 3.40195
0.636143 -1.91721 -6.17618 0.347897 -0.0689777 -3.89166 1.11291 2.63856 6.70793 2.0819 1.2894 4.0076
0.312253 -2.28112 -4.01721 4.07729 -8.24187 -3.96251 0.753611 2.85811 4.48233 4.62926 8.31937 4.0507
0.28933 -4.34563 -2.91383 -14.4014 -16.9243 -7.00508 1.50796 4.61446 3.76513 14.4796 16.9865 7.23915
-5.96489 -4.20273 -1.88632 -15.1954 -22.3599 -0.361403 6.49293 4.49099 3.11492 15.6833 22.9671 1.60596
-16.0979 -2.73473 0.125611 -27.1227 -21.6077 3.59578 16.9077 3.07476 1.91259 27.2006 22.7333 3.68841
-18.1698 2.94999 2.98434 -30.8406 -22.2021 4.57123 19.0542 3.46191 3.50136 31.0033 23.3816 4.63406
-16.8999 4.90332 4.77786 -31.8008 -24.8963 5.40013 18.0987 5.41942 4.84474 31.9582 25.7936 6.0103
-16.6704 5.15234 4.83059 -32.7603 -25.1851 5.8673 17.8787 5.91597 4.83813 32.8242 25.7811 6.33673
-18.2859 4.89233 3.90452 -33.0988 -24.8427 5.3824 19.6032 6.15682 3.90674 33.2377 25.6646 5.80076
-17.2732 5.32809 3.96511 -35.0112 -23.1963 5.46755 18.4178 6.38733 3.97237 35.1237 24.1908 6.01071
-16.0703 4.97335 3.19723 -34.5997 -23.4148 5.12575 17.1588 5.90568 3.22158 34.7685 24.3162 5.59007
-15.5477 4.39067 2.60258 -33.089 -21.6035 4.94993 16.5629 5.175 2.66469 33.2509 22.3206 5.40916
-15.9972 3.8731 1.60409 -32.5708 -18.436 4.37077 16.689 4.52769 1.75921 32.6975 18.8649 4.67779
-16.1244 2.86857 0.969215 -30.6527 -17.3056 3.34148 16.6197 3.26158 1.19626 30.714 17.6541 3.45114
-16.0006 3.03187 0.493053 -29.1857 -16.324 1.96503 16.3771 3.35949 0.827566 29.2242 16.573 2.03573
-15.25 2.24251 0.212743 -29.1418 -15.7377 0.92151 15.5218 2.81083 0.706165 29.1798 15.9505 1.10694
-14.632 1.56618 -0.0882087 -28.3091 -14.2753 0.434869 14.8055 1.81467 0.870303 28.3141 14.3463 0.881667
-13.9033 0.093974 0.0644441 -26.7491 -14.7526 -0.267832 14.0101 0.377758 1.13155 26.7521 14.782 1.21069
-13.9445 -0.688009 0.197046 -25.2938 -15.0232 -1.31064 14.0466 1.36889 1.07862 25.297 15.0613 1.98739
-13.536 -1.83521 0.25998 -24.8558 -13.5853 -2.12283 13.6075 2.4592 0.581639 24.8628 13.5985 2.52689
-13.2111 -2.49384 -0.573247 -25.0745 -13.1966 -3.09924 13.2597 3.34255 0.583415 25.0773 13.2062 3.48469
-13.3151 -2.98745 -1.03067 -23.8939 -13.1805 -3.35092 13.3878 3.04358 1.07906 23.8939 13.2063 3.50309
-12.8374 -4.06778 -0.0514037 -24.4884 -12.0432 -1.95286 12.892 4.12793 1.03069 24.4891 12.0457 2.34572
-13.1956 -4.32781 -1.32369 -24.78 -11.8345 -3.33849 13.2906 4.47003 2.00598 24.7822 11.8357 3.79003
-11.8705 -3.81991 -2.25396 -24.4635 -11.9227 -3.51913 11.9664 3.87692 2.40424 24.4716 11.9285 3.72994
-11.9148 -2.98476 -2.18405 -23.948 -12.2449 -3.01105 12.0458 3.22488 2.38978 23.9546 12.2955 3.04592
-11.5238 -2.11047 -2.38087 -19.8546 -12.1845 -2.85142 11.6649 2.54416 2.69721 19.9826 12.272 2.94207
-10.5712 -2.70969 -1.82255 -5.60117 -11.207 -2.98947 10.7941 2.74814 2.36641 6.56721 11.3269 3.02942
-9.14235 -2.713 -0.64916 -4.05818 -11.5353 -2.39275 9.80689 2.76549 1.75848 6.01796 11.8082 2.59082
-8.11545 -2.20815 0.115878 -17.7903 -14.1334 -1.00865 9.38501 2.28391 1.16826 18.6377 14.542 1.37923
-9.0138 -0.503708 0.113177 -27.7488 -15.6053 -0.00414041 10.2233 1.28609 0.853809 28.0201 15.9749 0.949998
-10.5869 1.28917 -0.141504 -32.078 -14.5033 2.06837 11.2896 1.56185 0.438821 32.3541 14.8709 2.47349
-12.7643 2.59189 -0.365711 -32.7561 -13.7911 2.36276 13.1677 2.62873 0.534203 32.9445 14.272 2.80002
-14.2834 3.09966 0.622874 -31.0992 -14.1797 1.94424 14.7902 3.15711 0.729429 31.2219 14.516 2.30849
-7.76333 -3.48396 -9.17117 -18.4696 -10.006 -2.95259 8.03184 4.19052 9.22111 18.5424 10.5101 3.10922
-4.27231 -4.96238 -6.87986 -10.2088 -7.09699 -3.68539 4.44988 5.79936 7.11189 10.5981 7.50499 4.21846
-2.00404 -1.12429 1.72109 -7.72451 -5.57088 -0.271243 2.26742 1.78117 2.2335 8.21725 5.73477 0.856898
-1.44208 1.32323 2.96021 -7.91612 -4.16086 -1.67525 1.69651 2.12912 3.07237 8.22116 4.29387 2.15717
-2.51484 2.19998 -12.5069 -8.83484 -3.12964 -0.950167 2.5467 3.57383 12.5081 9.11142 3.32318 1.49595
0.619607 0.279364 -11.091 -9.96391 -0.978234 -1.34092 2.371 1.92657 11.1147 10.1992 1.5254 1.84271
3.2611 0.20841 -14.2421 -13.6366 0.920777 -1.91686 3.99478 0.767816 14.5217 13.7371 1.2547 2.20999
3.18762 -18.9526 -12.0581 -8.3536 2.88961 -33.4867 3.34225 19.3477 13.0469 8.59742 2.98519 33.6188
0.90127 -21.2679 -22.4427 -1.26191 1.31732 -34.7951 2.07884 21.3881 23.663 3.86877 2.76127 34.8676
1.43122 -20.9426 -31.4718 5.64024 0.7032 -32.0609 2.30452 21.0153 32.0449 7.50838 1.46675 32.4688
2.92724 -18.1382 -37.2822 5.78127 1.25111 -24.8821 3.20933 18.2149 37.8864 6.51317 1.72704 25.871
5.2619 -22.8267 -42.6169 4.76005 5.30192 -19.6354 5.27649 22.8414 43.019 5.20305 5.32668 21.3778
6.23655 -24.3413 -45.0725 3.51505 6.0334 -17.2022 6.31382 24.48 45.665 3.66595 6.16901 18.3832
6.4101 -23.6139 -42.746 2.54329 5.24522 -17.3365 6.59047 23.6683 43.3554 2.55959 5.36446 18.0333
4.86017 -18.3562 -43.2108 2.31499 4.9623 -20.8694 4.99926 18.4087 44.0032 2.50105 5.06534 20.9721
3.96293 -13.9954 -42.834 2.58016 4.54445 -26.4873 3.96588 14.0947 43.7532 2.71045 4.61252 26.5407
2.84503 -11.5861 -40.9195 2.0051 3.95447 -30.7129 2.90916 11.8283 42.0195 2.14699 4.29766 30.8428
1.87245 -10.5309 -35.7509 1.22048 3.05588 -30.5751 2.03358 10.6396 36.8978 1.31642 3.12117 30.7922
0.990455 -11.377 -32.5788 1.16571 2.06402 -26.2756 1.48715 11.6172 33.8078 1.46264 2.07134 26.6333
0.131193 -11.9457 -30.9452 0.822865 0.571021 -25.0713 1.75253 12.2179 32.3241 0.952513 0.805886 25.5181
-0.961409 -10.578 -29.7957 0.726196 -0.397704 -23.7144 1.7002 11.1931 31.1825 0.746732 0.64601 24.2434
-1.27481 -9.85856 -28.2804 -0.018569 -2.05328 -21.1797 1.57225 10.9159 29.6586 1.31085 2.33531 21.5937
-0.509311 -9.73478 -28.5578 0.105112 -3.29134 -20.6886 1.56733 11.0205 29.8175 1.47894 3.47868 20.9075
-1.06136 -8.90468 -29.6353 -1.53102 -1.64386 -18.9773 2.85708 10.2568 30.93 2.27772 1.81291 19.3083
-1.4057 -7.62501 -30.4663 -1.48026 -3.75088 -18.5821 1.95233 8.82724 31.7803 1.74111 3.8942 18.8928
-0.874843 -5.78821 -28.9262 -3.30758 -2.936 -19.1193 1.96931 7.08251 30.0817 3.39665 2.98136 19.4519
-1.95602 -4.3052 -29.2501 -2.7578 -2.67311 -19.8007 2.0011 5.90939 30.6684 2.91293 2.71444 20.1892
-1.98816 -4.50078 -29.8952 -2.53535 -0.603731 -19.9764 2.02795 6.31163 31.2268 2.62784 1.09758 20.5176
-2.99037 -5.21112 -29.3831 -2.27964 -0.832829 -20.0946 3.53961 6.70458 30.872 2.4695 1.2665 20.6067
-2.25004 -6.03619 -27.3183 -1.73906 -0.771297 -20.0624 2.94506 7.31088 28.5856 1.97783 1.14261 20.5332
-1.30585 -6.59741 -28.7038 -1.10531 -0.771589 -19.9164 1.95255 7.72374 30.2164 1.47682 0.818351 20.3458
-0.26337 -6.98175 -28.8665 -0.910249 -0.791143 -20.1689 1.91045 8.31138 30.3083 1.22467 0.944947 20.4925
-0.232748 -8.0299 -29.2936 -0.690275 -0.500963 -18.8282 2.85244 9.27453 30.6201 0.930359 0.844122 19.1116
0.0582279 -8.51821 -30.3089 0.117509 -0.106444 -18.5379 2.89418 9.61073 31.6873 0.789578 0.836946 18.8161
0.539283 -8.66083 -31.3051 0.373017 0.578549 -18.4742 2.56753 9.58075 32.5101 1.0046 1.13158 18.7573
0.799504 -8.9462 -32.8691 0.846106 1.05333 -18.6293 2.65012 9.59039 34.2258 1.15777 1.43999 18.9303
1.00025 -8.83781 -33.6123 0.917982 1.62978 -18.7198 2.21756 9.61432 34.8523 1.0452 1.88402 19.1022
-2.93929 -3.91221 -17.5848 -5.63171 -4.67578 -10.2076 3.36938 3.98143 18.5439 6.51518 4.9157 10.2372
-0.300498 -2.71508 -10.3876 -4.86629 -1.10446 -5.31393 0.978401 3.0719 10.7884 5.50992 1.38813 5.47681
0.974392 -2.1547 -6.0637 -1.05102 -0.0711069 -3.24919 1.68041 2.9646 6.52839 1.27578 3.13297 3.44829
0.379634 -2.39726 -4.25155 -0.264929 -8.93436 -3.89978 0.768983 2.86443 4.67616 2.98998 9.88592 4.0799
0.956897 -3.81429 -3.34891 -19.9518 -19.8217 -5.19146 1.73794 3.89826 3.61203 20.7771 19.8834 5.38338
-10.2648 -2.99226 -1.97725 -21.9804 -22.6074 -1.85496 10.9438 3.57128 2.65131 22.7536 22.7616 3.09506
-17.1317 -2.5474 0.00255587 -30.8044 -19.0167 2.98523 17.5148 2.75272 0.978174 31.0666 19.3168 3.22429
-20.6414 2.48542 3.81862 -30.5001 -21.8018 4.45962 21.3982 2.99939 3.88606 30.9731 22.3876 4.54054
-17.9442 5.37216 5.10524 -32.7739 -24.5168 4.51543 19.0993 5.65002 5.10709 32.9575 24.9011 5.29475
-16.6607 5.10616 4.68625 -31.0846 -24.5636 6.09962 17.7472 5.65942 4.69057 31.1645 24.9032 6.53019
-16.528 4.45302 3.59684 -29.9833 -24.5456 6.05808 18.0461 5.23259 3.60352 30.0903 24.8912 6.41022
-17.6465 4.28364 2.97076 -33.8411 -25.1041 5.50045 19.0118 4.95254 2.98127 33.9581 25.4325 5.85568
-17.4757 4.57715 3.37065 -34.3202 -25.5999 5.14444 18.8222 5.10469 3.41468 34.4948 25.9711 5.60337
-16.063 4.49337 2.60124 -33.1293 -23.7508 4.92625 17.3324 4.89866 2.64036 33.2918 23.9181 5.34592
-16.3151 4.3755 1.81401 -32.6758 -22.1126 4.55769 17.2535 4.85423 2.03946 32.817 22.3244 4.97878
-15.4977 3.75643 1.23352 -30.8603 -20.7186 3.80463 16.2769 4.15025 1.49494 31.0502 20.9995 4.07767
-15.0712 3.58262 0.757869 -29.4847 -18.8867 2.61084 15.8578 3.88401 1.17955 29.6683 19.0126 2.83026
-13.5997 3.03947 0.460067 -28.2588 -17.8934 1.63388 14.1933 3.41916 0.819225 28.4059 17.9787 1.72041
-13.2359 1.6279 0.149865 -27.4017 -17.4208 1.28519 13.6731 2.34877 0.830882 27.4911 17.4896 1.40213
-13.3737 1.7041 0.0183946 -26.2921 -16.6793 0.290724 13.6835 2.71446 0.596789 26.3802 16.7261 0.851274
-12.496 -0.0739734 0.301206 -24.8315 -16.3467 -0.73631 12.7326 1.22704 0.682178 24.8893 16.3549 1.25952
-12.3112 -0.735854 0.145096 -23.6549 -16.9863 -1.72157 12.5478 0.736045 0.63445 23.6829 16.9906 2.12278
-12.0929 -1.8636 0.253375 -23.5555 -16.0701 -1.83337 12.2884 2.04483 0.783166 23.5811 16.0772 2.49577
-11.8723 -3.04585 0.635058 -24.0724 -15.3857 -2.2235 12.0661 3.08975 0.770298 24.0844 15.3974 3.18201
-11.7997 -2.36665 -0.488001 -23.5592 -15.3913 -4.1935 11.8581 2.68568 0.636351 23.5621 15.3932 4.20011
-11.9502 -3.8539 -0.107231 -23.2512 -14.5171 -2.34127 12.0761 4.08961 1.15848 23.2581 14.5247 2.57461
-11.3366 -3.33809 -1.59001 -23.8674 -14.2251 -3.76898 11.3983 3.4806 1.61228 23.8751 14.2586 3.83876
-10.9999 -3.62666 -1.67577 -24.6466 -15.0024 -3.17527 11.079 3.98724 2.04172 24.6542 15.011 3.37459
-10.8257 -3.17172 -2.44619 -24.9912 -15.0535 -2.16553 10.9555 3.3605 2.74726 25.0001 15.0554 2.37616
-10.5568 -2.51881 -2.16345 -26.0442 -15.301 -1.88901 10.7246 2.68043 2.40762 26.0608 15.3011 2.06667
-11.2241 -1.47149 -1.90271 -26.8617 -13.9179 -1.81016 11.4106 3.57344 2.84653 26.9482 13.9225 1.95132
-11.0454 -0.0982167 -1.39638 -27.2697 -14.3242 -1.04716 11.1397 0.760218 1.7655 27.4284 14.3361 1.32423
-10.9259 0.396887 -0.441904 -27.8652 -15.4635 -0.435194 11.0145 0.579415 1.20122 27.9958 15.473 1.10808
-11.1923 0.790152 0.358064 -28.7001 -16.1023 0.272717 11.287 0.824187 1.16712 28.7652 16.1082 0.985224
-11.092 0.889603 0.821477 -29.1982 -15.9846 0.968864 11.2065 0.917222 1.27508 29.2546 15.9889 1.38337
-11.8084 0.923625 1.20178 -28.5544 -16.1396 1.08895 12.0564 1.05577 1.48475 28.6125 16.1551 1.4288
-8.13407 -0.0429329 -5.08785 -21.8983 -11.6397 -0.515865 8.37546 0.226772 5.43589 21.9839 11.6585 0.631821
-4.01645 -3.24262 -9.41642 -14.0445 -6.37425 -4.78751 4.19209 3.86925 9.5171 14.2734 6.4811 5.00608
-1.52054 -0.438977 -1.61843 -7.12292 -2.98135 -1.97781 2.09697 1.63214 2.10834 7.59359 3.05528 2.39758
-0.690863 -0.525206 2.7413 -5.07567 -2.445 -1.01744 1.31269 0.903689 3.22664 5.28817 2.5359 1.19884
-1.69505 0.883606 2.3923 -6.36783 -2.22951 -1.08992 1.85762 1.02813 3.34695 6.55585 2.54627 1.31383
-0.644607 0.403137 -1.45641 -5.58136 -2.20602 0.30266 0.874419 1.15678 2.51212 5.94658 2.44634 1.51878
-0.528303 -14.1493 -8.08883 -5.92173 -2.62603 -25.4711 1.54987 14.2748 8.68882 6.27596 3.08651 25.4729
-0.474918 -17.0409 -24.0953 -3.0366 -2.33216 -28.1337 0.674345 17.1146 24.1409 3.5712 2.481 28.3589
0.493406 -20.8959 -28.3876 1.71332 -0.57696 -30.0396 1.37138 20.9217 28.4897 3.67272 0.803135 30.5202
2.79779 -18.8682 -33.8497 4.59826 0.942334 -26.1022 3.02589 18.898 33.9378 5.56153 1.12746 26.6284
4.03464 -20.9543 -38.3676 5.62522 4.96686 -25.6445 4.12935 20.9673 38.5291 5.70133 5.15039 26.1988
5.10289 -22.1059 -41.2898 4.71342 4.47351 -23.6573 5.14484 22.1261 41.4649 4.85075 4.53316 23.9125
5.17904 -24.0767 -41.8223 4.08878 4.95586 -22.4458 5.22637 24.1419 42.1039 4.13906 4.96432 22.5075
4.57755 -22.5192 -42.9256 3.7383 4.55626 -24.013 4.64964 22.5941 43.1621 3.95637 4.63359 24.0938
4.46879 -18.8715 -42.7317 3.10711 4.45237 -25.2992 4.50009 18.937 43.0675 3.37248 4.56068 25.4182
4.39178 -16.2077 -42.1082 2.87122 4.70757 -26.8953 4.42598 16.3246 42.5908 3.17148 4.85789 27.037
3.57691 -14.98 -40.1265 1.6901 3.73139 -27.1273 3.62043 15.3021 40.744 2.07341 3.89232 27.3189
2.46321 -13.4958 -38.3139 1.2789 2.55108 -26.1934 2.47643 14.0543 38.954 1.39669 2.84419 26.4784
1.19222 -12.186 -37.2314 1.23859 1.57835 -24.9043 1.3846 13.079 37.9251 1.3714 1.70288 25.3051
0.344461 -11.8367 -35.44 1.07507 0.949122 -23.6202 1.23805 12.8113 36.2356 1.31505 1.02626 24.0353
-0.238894 -12.5629 -35.7174 0.472134 0.123895 -21.0417 1.43103 13.6196 36.6711 0.98054 0.402322 21.4936
-0.916885 -13.2988 -34.8319 0.261868 -0.79716 -18.8033 1.3552 14.407 35.8199 0.595992 1.24614 19.3436
-0.503612 -11.7677 -33.8416 0.973575 -2.07297 -18.9362 2.40826 13.1451 34.5841 1.84019 2.64028 19.502
-1.8488 -11.1747 -34.4706 -0.104305 -2.82507 -18.9135 3.04665 12.3444 35.3997 1.40787 3.10176 19.4509
-1.45375 -8.91158 -34.0162 -0.606615 -3.11842 -18.9846 2.66273 11.0278 35.0777 1.08984 3.1762 19.549
0.306148 -8.48162 -33.4048 -1.24498 -2.28394 -19.7503 0.913289 9.89659 34.5755 1.64928 2.28873 20.428
-1.36376 -7.18881 -33.1384 -2.8248 -2.49353 -19.6502 1.57034 8.27325 34.247 2.94502 2.61345 20.3255
-2.41484 -6.80764 -32.2108 -2.17686 -1.75153 -19.3479 2.60792 8.08615 33.0632 2.37836 1.82902 20.1532
-1.96495 -7.00179 -32.5488 -1.8875 -1.94267 -19.2412 2.19309 8.23209 33.5983 2.03292 2.01307 19.9485
-2.24324 -7.55261 -32.6031 -2.66675 -2.1648 -19.1708 2.53567 8.92064 33.6008 3.11949 2.33904 19.6844
-1.56868 -7.56466 -32.2038 -1.87529 -2.23663 -19.405 1.92174 9.03925 33.3041 2.26036 2.27088 19.9051
-0.787032 -7.61317 -33.3545 -1.90851 -1.57659 -19.4836 1.34763 9.07031 34.5632 2.12738 1.81397 19.9582
-0.225231 -7.92746 -32.4151 -1.51001 -0.0284845 -19.5105 3.20879 9.2425 33.3747 1.93278 1.25047 20.0943
-0.0760479 -8.62658 -31.9119 -0.160764 0.950255 -19.5523 3.21072 9.7662 32.8635 1.31791 1.59682 20.1831
0.038032 -8.71856 -33.3314 0.813255 1.32725 -19.3988 2.16122 9.5431 34.3137 1.42894 1.8708 19.9216
0.39431 -8.66868 -34.1878 1.00244 0.72601 -19.5147 2.15942 9.62084 35.1647 1.3067 1.22901 19.9191
0.918563 -9.09282 -36.105 1.00813 0.034508 -18.7372 2.59227 10.2074 37.0402 1.32051 1.1655 19.1706
-2.88097 -7.25709 -21.0136 -4.73779 -20.5518 -15.0505 3.78181 7.57504 21.7697 4.87039 20.5746 15.3093
-1.09053 -5.33906 -10.9195 -8.75497 -23.0988 -7.62409 1.82269 5.41835 11.3185 9.6235 23.1951 7.64081
3.314 -6.53604 -3.11028 -4.95688 -22.0129 -3.57613 3.56457 6.54202 3.69902 5.35479 22.3397 3.61013
1.10557 -6.40129 -0.665859 -3.11215 -15.2043 0.0513707 1.27369 6.469 1.33836 3.32917 15.8147 0.731853
-1.4177 -8.39354 2.25074 -27.2181 -13.4619 -1.38487 1.73493 8.42888 2.29987 27.3923 13.8764 1.76769
-4.22778 -2.6426 1.23167 -36.8333 -14.9193 3.15936 4.30408 4.37512 1.40941 37.0442 15.3737 3.35356
-4.38773 0.175586 1.45752 -40.1615 -15.0518 5.77384 4.82482 2.82851 2.05076 40.3766 15.2423 6.00122
-7.03978 3.24219 2.02638 -37.8607 -16.3984 7.19292 8.00502 4.04323 2.33263 38.7517 16.6092 7.50614
-19.3029 5.41939 2.59881 -30.5652 -16.2297 5.64731 19.9365 5.67624 2.77131 32.2534 16.3305 6.0321
-31.8404 4.4029 4.94869 -32.9968 -12.9806 2.77201 31.9457 4.49097 4.9936 34.4077 13.2574 2.84621
-27.791 5.41508 5.43026 -32.6013 -16.6511 1.81802 28.3159 6.36141 5.51164 33.42 17.2948 1.93724
-20.0126 4.46416 5.18203 -37.1291 -25.9543 1.74018 20.8854 4.9306 5.28714 38.0634 26.3759 2.04837
-14.8079 3.823 4.43585 -41.5148 -29.859 3.29751 15.5988 4.09784 4.44476 42.2821 30.2602 3.46703
-13.5364 3.03643 3.10979 -43.3534 -29.9564 6.8462 14.1531 3.45647 3.15319 44.1188 30.566 7.52354
-13.626 4.19601 2.24539 -42.6073 -20.5513 6.22828 14.0635 4.76053 2.2763 43.0607 21.2207 6.71246
-15.6727 4.57155 1.15223 -42.6573 -15.0503 5.91262 15.9435 5.31068 1.20951 42.7325 15.9202 6.45635
-16.3495 4.38702 0.218522 -41.6648 -12.885 4.48364 16.4662 5.1898 0.708425 41.6664 13.5962 4.81069
-18.7652 3.02235 -0.156395 -37.9823 -10.9517 3.15073 18.7851 3.71092 0.889445 38.0071 11.3631 3.70251
-19.8195 2.37091 -0.69293 -33.6759 -11.1578 1.58237 19.8328 2.68117 1.33721 33.6868 11.473 2.7624
-19.7408 1.18673 -0.264483 -30.571 -12.2107 0.443372 19.8442 1.36061 1.46979 30.6218 12.5035 2.57533
-18.4 -0.188228 -0.159365 -28.669 -12.3952 -1.086 18.5127 1.26521 0.643434 28.6808 12.5951 2.76304
-16.592 -0.483274 0.11286 -28.0361 -12.8832 -2.67005 16.7006 1.41799 0.453065 28.0509 12.9996 2.88309
-15.0273 -0.347811 0.968664 -26.1381 -13.3381 -2.12539 15.0878 1.48335 1.48379 26.1728 13.4041 2.65183
-14.1131 -2.73188 0.833636 -24.749 -12.1644 -2.67562 14.1837 3.06661 1.09375 24.7573 12.1711 3.46
-12.9828 -2.90068 -0.659469 -24.8817 -12.4528 -2.71429 13.1336 4.29188 0.86969 24.9769 12.4576 3.64107
-13.0049 -3.61558 -1.6746 -24.3552 -12.7038 -2.23813 13.1207 3.81994 1.84169 24.5872 12.7107 3.22463
-13.7803 -2.98945 -1.33884 -23.1576 -12.7935 -1.12022 13.852 3.01633 1.78723 23.4049 12.8021 2.43553
-13.0936 -2.77569 -1.87839 -23.9621 -12.1466 -2.69486 13.1578 2.79605 2.2036 24.2439 12.1535 3.23682
-12.6404 -3.25167 -1.09108 -24.1498 -12.308 -2.77719 12.7334 3.56611 1.49231 24.4466 12.3094 2.98867
-11.8761 -1.78965 -1.26892 -25.2535 -12.3547 -2.27924 12.0453 2.2287 1.76986 25.518 12.3629 2.4757
-11.6961 -1.66688 -1.87462 -25.6031 -12.8207 -2.38418 11.8625 2.64153 2.1548 25.7974 12.8735 3.46783
-11.5193 -1.48622 -1.39018 -27.2572 -12.7326 -1.72376 11.6188 1.526 1.8457 27.3922 12.8053 2.73761
-12.1371 -0.574353 -0.751596 -28.8778 -11.8778 -0.522921 12.269 1.13176 1.63323 28.9923 11.9324 1.80168
-12.7111 -0.101819 -0.66735 -30.0263 -10.8557 0.513012 12.8953 0.663183 1.25649 30.1514 10.8701 1.23567
-13.6159 0.592545 -0.481363 -31.0251 -10.0421 1.10554 13.8238 0.671962 0.772983 31.1492 10.0562 1.82868
-14.6334 1.78092 0.203827 -31.3927 -10.0893 0.920717 14.8459 1.85198 0.620431 31.4765 10.0943 1.77919
-14.8235 1.8923 0.653361 -30.7696 -10.9497 1.22461 15.0451 1.96841 0.98239 30.8611 10.9708 1.91302
-9.7524 -3.55595 -6.92161 -19.9774 -6.92855 -0.531153 9.90686 3.896 7.00992 20.0885 6.9495 0.670729
-5.77362 -7.13344 -8.1495 -12.13 -3.59792 -3.04098 5.85221 7.57452 8.20461 12.5306 3.68161 3.42009
-2.6325 -2.37781 -0.344316 -7.27542 -2.48922 0.0354412 2.63272 3.36129 0.790677 7.86578 2.64267 0.839391
-0.48693 -0.715813 -17.1943 -6.22431 -2.87434 -0.535656 0.530169 1.86424 17.6082 6.64108 3.31561 1.62063
0.76901 -2.15751 -14.52 -8.72149 -0.518263 -2.12313 0.976095 3.13377 14.7531 9.02953 0.965151 3.35941
1.97167 -28.9327 -19.5747 -7.42526 2.58944 -0.554854 2.08797 29.2484 19.8881 7.58735 2.62168 0.64787
3.7875 -31.0211 -18.9395 -6.12172 2.1614 -1.29596 4.01856 31.1847 19.7547 6.99492 2.18823 1.53569
2.98095 -25.6751 -22.0475 -1.62789 0.375114 -3.36647 3.19187 25.7831 22.8664 3.39007 0.823952 3.46844
3.85742 -18.8076 -27.1525 1.6929 0.546288 -24.8104 4.04839 19.2586 28.0333 4.71106 0.66557 25.2249
2.92722 -16.3568 -34.9059 4.60419 1.74688 -27.1176 3.68177 16.7615 35.5037 5.4206 2.38051 27.1699
3.81464 -17.7483 -36.5539 5.35246 6.13869 -30.816 5.00804 18.1619 36.8198 5.47088 6.1691 31.1442
3.58506 -24.7487 -40.2135 4.37426 6.05859 -25.4228 4.00423 24.8829 40.4463 4.39425 6.13819 25.8306
3.75522 -30.0395 -41.2756 4.3389 6.20243 -24.0669 3.96163 30.2106 41.5847 4.58707 6.27634 24.5626
3.47756 -30.5567 -39.4088 4.15898 4.11845 -25.1159 3.70134 30.6832 39.6212 4.25173 4.14809 25.4722
3.44968 -28.0308 -38.8972 3.36054 3.39524 -23.8608 3.45292 28.1193 39.1848 3.39875 3.39965 24.1178
3.90416 -25.0943 -36.951 3.03717 3.48772 -23.5193 3.94627 25.1885 37.1193 3.16063 3.56056 23.7769
3.18272 -21.3968 -37.1902 1.68075 3.03899 -24.5032 3.26328 21.4662 37.3865 1.71752 3.13922 24.6677
2.65278 -18.7244 -35.9185 0.906489 2.52573 -23.9209 3.10832 18.8168 36.1756 1.5631 2.56214 23.9813
1.72651 -16.3898 -36.0228 0.759973 1.86572 -22.9911 2.18786 16.538 36.3528 1.50897 2.23225 23.0216
1.1675 -14.9871 -35.4381 0.195617 1.4148 -22.2678 1.51316 15.1714 35.8352 1.40633 1.68428 22.3275
0.562035 -14.1852 -34.2979 -0.530455 0.703941 -22.6398 0.849561 14.4419 34.682 0.691601 0.935768 22.7447
0.653172 -13.144 -33.4602 -0.482343 -0.37883 -22.6963 0.722328 13.5132 34.0222 0.889621 0.662432 22.906
0.537511 -11.7036 -31.2804 0.427249 -1.95628 -24.4984 0.888049 12.1689 31.8895 0.650514 2.0587 24.6968
-1.95585 -10.505 -30.7259 -0.312059 -2.03287 -24.9442 2.48512 10.9687 31.4968 1.00346 2.06061 25.2393
-1.47748 -9.7705 -29.3206 -0.418989 -1.04969 -23.6231 2.27329 10.4579 29.9715 1.36574 1.49873 24.0329
-2.18024 -8.9833 -27.8703 -2.53643 -3.61914 -23.3726 2.4349 9.97058 28.5653 2.7651 3.87651 23.7356
-1.99244 -9.77075 -27.1466 -2.3421 -3.75187 -22.6962 2.16387 10.813 27.9481 2.64502 3.75301 22.9758
-1.47161 -10.2512 -27.2794 -2.38099 -3.88153 -20.9572 2.2811 11.2115 28.0598 3.66856 3.97436 21.2463
-2.40888 -10.2992 -26.7265 -2.42517 -3.29767 -20.3635 3.2772 11.1932 27.3723 2.9429 3.39156 20.5415
-1.42454 -8.66202 -26.0169 -1.8689 -2.26149 -19.0408 1.62538 9.35517 26.387 2.34437 2.47269 19.1777
-1.84507 -8.45395 -25.847 -1.62542 -1.6962 -19.3366 4.01802 8.95505 26.1988 2.19277 2.54086 19.4707
-1.61233 -8.87428 -27.3063 -1.82137 -0.337659 -19.3116 2.51569 9.32215 27.7245 2.15838 0.717121 19.5059
-1.11341 -10.0845 -27.2455 -1.14392 1.02555 -19.4914 2.1467 10.5064 27.5411 1.34725 1.58065 19.6772
0.255152 -11.2725 -26.8474 -0.171541 0.8606 -20.4506 1.67496 11.7514 27.1427 1.201 2.26601 20.5435
0.0674426 -11.4841 -26.8594 0.142366 0.617949 -21.2214 1.53834 11.9314 27.1996 0.881444 1.84872 21.2732
0.0193007 -12.2977 -26.7833 0.656989 1.15462 -22.0343 1.17314 12.6428 27.1758 1.07312 1.68932 22.071
0.590237 -13.1107 -27.478 0.842412 1.44328 -21.4023 1.91378 13.6303 27.7887 1.19094 1.76048 21.4888
-1.33747 -7.91786 -15.6718 -6.54823 -5.09871 -12.7268 2.00392 7.97016 15.9427 6.74681 5.26048 12.7677
-0.954703 -3.36067 -11.2579 -8.64171 -5.50721 -8.01709 1.36204 3.58443 11.407 9.38742 5.66077 8.27494
1.03105 -3.26689 -6.12165 -1.41742 -0.0325902 -4.73878 1.5119 4.02611 6.21902 1.81655 2.22356 5.18276
-12.7055 -3.78034 -2.58108 1.77063 0.522963 -3.56717 12.8595 4.06462 2.8439 2.67094 1.32494 4.17108
-9.76283 -2.31881 -0.73955 -21.6518 0.416788 -5.95634 9.88666 2.79397 0.7645 21.8206 1.29156 6.18295
-12.812 -0.845836 -0.854411 -28.2947 -28.8101 -4.43631 12.9821 1.58651 0.992792 28.5389 29.1737 5.27324
-12.803 2.58077 0.687689 -39.2062 -22.9766 -2.85384 13.1308 3.00117 0.995565 39.8127 23.0721 3.3957
-18.0064 1.27331 4.02348 -33.5366 -29.5552 3.01126 18.0688 1.90114 4.10838 33.7484 29.5883 3.67054
-15.5203 4.86127 5.43418 -36.8326 -23.9628 3.0291 15.7158 5.24666 5.4754 36.904 24.0281 3.13323
-15.3065 5.72255 4.6426 -40.9938 -19.1763 6.24685 15.3382 5.9611 4.75231 40.994 19.4509 6.44779
-16.8595 5.649 3.10629 -41.1298 -15.3692 5.69563 16.9162 6.24847 3.10734 41.1429 15.7962 6.04187
-18.8142 5.85434 2.5534 -44.5291 -14.8777 5.74611 18.8224 6.56996 2.79589 44.5599 15.1176 6.11303
-20.93 5.79075 2.71866 -44.1257 -15.419 4.51815 20.9316 6.48189 2.75091 44.151 15.5359 4.85862
-20.8875 5.12346 2.866 -42.1929 -15.5619 4.38269 20.952 5.71718 2.91016 42.2917 15.5824 4.82695
-20.9354 3.9288 2.76397 -39.1786 -16.4899 3.30363 21.0262 4.34451 2.79468 39.3372 16.5063 3.66996
-18.7457 2.60426 1.88152 -35.1183 -17.4306 2.39667 18.8345 2.74604 1.92387 35.2964 17.4403 3.04123
-16.1468 2.20707 1.13795 -35.2081 -15.6203 1.9848 16.3663 2.23427 1.28475 35.4017 15.6366 2.637
-14.0354 2.18087 0.539158 -34.3792 -14.2822 2.69015 14.17 2.28662 0.710001 34.5196 14.2946 3.69966
-12.69 1.21334 0.313088 -34.8573 -13.3157 2.3801 12.7768 2.14907 0.67539 34.998 13.3402 3.21065
-12.7837 1.09935 0.503063 -35.008 -11.5391 1.83009 12.8502 2.01502 1.36721 35.1285 11.5756 2.58261
-12.6706 -0.0603151 0.0812139 -35.0486 -10.5535 1.32237 12.701 0.82784 1.42274 35.2037 10.6009 1.36014
-14.1989 -0.22077 -0.190858 -32.7533 -9.67542 0.599359 14.2493 0.610679 0.604942 32.907 9.72376 0.756507
-15.5232 -1.46642 -0.435381 -29.4097 -7.44822 -0.7785 15.6344 2.08192 1.18427 29.5502 7.50561 2.16297
-16.1572 -1.43948 0.339268 -27.8666 -7.18895 -4.04049 16.3142 2.36044 1.51134 28.0378 7.36838 4.83496
-15.7216 -1.84786 -0.393085 -27.7526 -8.10022 -3.50494 15.8944 1.94336 0.552618 28.0544 8.25594 3.88748
-15.2232 -3.49936 -0.756742 -27.0876 -8.77184 -3.42841 15.3856 3.70538 0.871982 27.4406 8.91098 3.6054
-15.0834 -4.8245 -0.780887 -27.1746 -8.742 -1.30568 15.2042 4.82737 1.29267 27.6018 8.97767 1.55531
-14.4467 -4.17883 -2.287 -27.5912 -7.97699 -2.4186 14.569 4.25188 2.39333 28.0417 8.27677 2.5722
-14.1293 -3.34981 -1.69066 -27.3206 -7.64277 -3.13363 14.2843 3.69261 1.70067 27.6906 7.8398 3.2451
-13.3416 -2.32289 -1.69975 -28.1406 -7.38031 -2.94984 13.5609 3.4902 1.82745 28.4411 7.43624 4.06539
-12.9766 -0.899606 -2.03647 -29.1954 -7.70888 -3.06631 13.239 1.97293 2.72871 29.4766 7.77009 4.1965
-12.3357 -0.132569 -1.20857 -31.0119 -8.39681 -1.39358 12.4982 0.205001 1.70265 31.319 8.41325 2.41786
-12.9733 -0.22912 -0.95707 -32.0998 -9.1688 0.024625 13.0266 1.14452 1.6054 32.4633 9.19462 1.29503
-13.4728 -0.263438 -0.627093 -32.874 -9.01582 0.827097 13.507 0.344716 1.06834 33.3071 9.11266 1.41228
-13.844 0.22589 0.0242045 -33.3773 -8.89953 1.11979 13.8754 0.45989 0.912695 33.6757 8.97715 1.56869
-13.7579 1.12762 0.419777 -33.6863 -9.72438 1.1257 13.8038 1.17546 0.944876 33.9079 9.758 1.49374
-13.1312 2.08203 0.888954 -33.7328 -10.6663 1.02482 13.2004 2.08987 1.11639 33.9251 10.6698 1.41998
-6.87798 -3.64251 -7.7165 -21.4864 -6.84799 -0.971526 6.89561 3.72035 7.81369 21.833 6.96472 0.989543
-2.58496 -5.09743 -7.74181 -12.4784 -4.59485 -3.03482 2.61277 5.30995 7.8027 13.0266 4.74517 3.30138
-0.550576 -1.73487 -0.68615 -8.357 -3.71091 0.0994325 1.16998 2.03913 1.12307 9.03268 3.79916 0.931271
-0.737293 0.190114 2.41863 -7.25788 -4.19466 -0.110389 1.08197 0.257026 2.81308 7.67722 4.56704 0.469367
-0.709963 2.67456 4.68469 -7.72133 -3.70816 -0.766405 0.969718 3.01925 4.95294 8.06553 4.13738 1.27106
0.364093 0.304931 -10.7099 -7.57743 -3.21522 0.567308 0.852048 1.2934 10.7116 8.05598 3.79206 1.11799
1.09654 -20.8938 -13.6236 -6.40241 -2.42064 -20.8587 1.95582 20.9384 13.7666 7.21689 2.69484 20.8759
1.85543 -21.2532 -27.0471 -4.42126 -3.95843 -25.0512 2.25724 21.2744 27.0515 5.21191 4.0911 25.2805
3.0146 -22.1881 -29.2519 0.781245 -0.761393 -30.4558 3.32527 22.4821 29.3157 3.30985 1.2793 31.0654
4.22559 -17.114 -32.0669 4.59207 1.3574 -27.4157 4.23746 17.4229 32.1485 6.02985 1.62085 27.9031
4.32364 -17.8883 -36.9718 5.76904 4.01093 -28.1276 4.41766 18.0093 36.998 6.6071 4.04804 28.9448
4.9378 -20.2466 -40.2796 5.1858 5.13273 -27.6912 5.12 20.3289 40.2962 5.27022 5.27973 28.4943
5.10333 -21.8173 -39.2998 4.10802 5.12722 -25.0803 5.16344 21.8445 39.3581 4.14416 5.26741 25.5664
4.70735 -22.0351 -37.5116 3.60808 5.0193 -26.8992 4.71123 22.0376 37.5961 3.68115 5.10889 27.3999
4.18517 -19.0579 -36.8741 3.02603 4.0582 -28.1123 4.19369 19.066 36.9582 3.10236 4.14053 28.4953
3.43169 -16.2945 -35.545 2.55424 4.0863 -28.2617 3.43644 16.2976 35.6621 2.6688 4.25006 28.5563
3.04169 -14.253 -34.0498 1.43839 3.51691 -29.0524 3.07339 14.2546 34.1804 1.5916 3.9066 29.2558
2.13781 -13.8926 -32.3121 1.19419 2.37877 -27.8323 2.51809 13.9185 32.4164 1.559 2.55842 27.9655
1.36758 -13.3305 -30.6654 0.873719 1.88439 -25.7044 1.77396 13.3667 30.752 1.32384 1.91377 25.8101
0.885797 -11.7188 -30.059 0.712735 1.21571 -24.0799 1.33367 11.8125 30.2003 1.32786 1.2669 24.1744
0.612569 -10.2565 -28.4769 -0.018463 0.509451 -23.7689 0.946434 10.4273 28.6533 0.419383 0.747115 23.8001
-0.318229 -9.78965 -27.7115 0.0535686 -0.880316 -24.4462 0.979871 10.0829 27.9769 0.62241 1.05912 24.4765
-1.51314 -8.98787 -25.9742 0.594927 -2.11213 -23.7382 1.99483 9.25746 26.1951 0.768332 2.25907 23.778
-2.09004 -8.73762 -26.5048 -0.529797 -2.54959 -23.8302 2.51119 8.92032 26.7327 0.90143 2.61002 23.858
-0.00763874 -9.02527 -26.5502 -0.775027 -2.33673 -23.7988 1.34529 9.20793 26.7942 0.859078 2.82475 23.8558
-1.049 -7.8806 -25.753 -2.18139 -2.80488 -24.0392 1.12797 8.12284 26.0767 2.25456 2.87836 24.1745
-1.59678 -8.18028 -24.1904 -2.5297 -3.40051 -23.548 2.80498 8.45111 24.4452 3.35787 3.70931 23.6401
-2.21965 -8.19996 -24.4129 -2.19206 -3.1214 -22.1655 2.97094 8.52234 24.6913 2.76066 3.43217 22.2663
-1.89511 -8.43326 -24.8915 -2.37508 -2.00123 -21.9911 2.02604 8.73472 25.1554 2.59737 2.00514 22.1752
-2.69865 -8.44981 -24.9847 -1.65714 -1.69822 -20.8921 3.42152 8.75439 25.2626 2.32372 2.85337 21.0642
-2.57248 -9.30232 -25.2624 -2.1414 -1.26788 -20.3225 3.69537 9.48364 25.5203 2.6524 1.77216 20.3954
-1.85277 -9.90256 -24.6987 -1.51351 -0.973617 -20.2132 2.47286 10.063 24.9102 1.81226 1.64185 20.2895
-0.350387 -10.3042 -24.6965 -0.478886 -0.263531 -20.6409 1.35164 10.5166 24.943 1.86998 2.45177 20.7739
0.572525 -10.3979 -26.3798 -0.288445 -0.0866457 -20.9358 1.60325 10.6592 26.6099 1.05789 1.5283 21.0611
0.503404 -10.4193 -26.6121 0.168124 0.635864 -21.2767 1.73571 10.7262 26.9188 0.658518 1.12394 21.4193
0.671712 -10.7347 -27.1035 0.44026 1.47879 -21.4309 1.74872 11.0095 27.2713 0.736215 2.03767 21.5835
0.817515 -10.9763 -26.9859 0.926435 1.71043 -20.54 1.89809 11.2657 27.2274 1.13795 2.01098 20.6519
-1.43292 -7.87405 -17.4509 -4.87654 -2.28717 -14.9268 2.06011 7.91057 17.6282 4.91585 2.56061 15.0495
-2.57583 -5.5917 -13.7394 -7.91494 -3.70504 -11.236 2.6981 5.66816 13.9768 8.17794 3.73779 11.5232
0.0347081 -3.38928 -8.02494 -4.55151 -1.08643 -5.72694 1.01117 4.13497 8.08509 4.83553 2.01327 6.21872
0.937979 -1.63679 -4.64076 -1.52788 0.859566 -3.87512 1.4068 2.32512 4.76085 1.83973 1.89388 4.31862
0.256611 -2.79796 -2.63051 -20.4861 -18.8954 -2.83766 0.990648 3.17184 2.6566 20.7815 19.3306 3.83193
-4.70232 -2.14368 -2.10359 -30.8421 -20.1568 -0.203563 5.08433 2.77886 2.18878 31.1562 20.1892 3.08636
-18.6957 -1.82905 -0.403961 -30.1046 -18.8672 0.811516 18.7061 2.65434 0.828193 30.7115 18.9903 3.72374
-18.868 1.52631 2.15173 -37.8112 -18.6357 4.34331 18.9191 2.79714 2.33231 38.2376 18.6395 4.36834
-17.3665 3.57992 4.48532 -41.4777 -18.8894 4.01549 17.6765 3.76124 4.52781 41.8597 18.8945 4.21614
-13.9301 5.69459 4.73186 -42.2717 -21.4294 5.78154 14.2306 5.99184 4.74118 42.4823 21.4544 6.50146
-14.5016 4.76516 3.74149 -40.4322 -21.0139 6.25803 14.7195 5.16993 3.74181 40.6357 21.0174 6.5547
-15.3197 4.83746 3.55472 -42.1366 -20.6214 5.63498 15.475 5.21815 3.5566 42.4792 20.653 6.18746
-17.8089 4.21983 3.86171 -44.5698 -19.7114 5.24499 17.8951 4.6595 3.86627 44.7729 19.7809 5.79498
-18.354 3.95112 3.441 -43.5427 -20.7209 4.42192 18.4435 4.41996 3.45932 43.7373 20.773 4.75431
-17.5782 3.8953 3.31663 -42.9985 -18.6523 4.29646 17.6224 4.4295 3.33819 43.2373 18.7274 4.58794
-17.4788 3.59442 2.30695 -41.6195 -16.9495 3.81833 17.5121 4.06342 2.31991 41.8093 16.9846 4.1352
-15.8867 3.60779 0.907894 -39.9998 -16.0689 3.00444 15.8963 4.04449 1.1966 40.2097 16.1043 3.1488
-15.2907 3.24041 0.201263 -38.1349 -15.0414 2.06051 15.3214 3.39719 0.822129 38.3097 15.1603 2.17139
-14.6127 2.21286 -0.25309 -37.0199 -13.6437 1.75172 14.6875 2.25246 0.868108 37.2951 13.7859 1.92849
-14.5454 0.586464 -0.208458 -34.1288 -12.7066 0.896049 14.6315 1.23657 0.561042 34.4329 12.7929 1.25903
-14.3612 0.653448 0.351056 -32.3607 -12.383 0.56205 14.4655 0.986218 0.508661 32.5631 12.5783 0.942176
-13.2778 -0.635765 0.0442124 -29.8299 -12.9613 -0.639248 13.3441 0.871675 0.375902 29.9943 13.2572 0.869052
-13.0494 -2.30801 0.57501 -27.428 -12.3632 -1.70741 13.1138 2.31984 0.575246 27.6006 12.5142 1.89353
-12.8744 -2.62468 0.157295 -28.0939 -11.5393 -2.6925 13.0087 2.80244 0.289099 28.3389 11.7155 2.95056
-12.692 -2.31489 -1.11524 -28.069 -11.1535 -3.50329 12.8117 3.51979 1.2956 28.2625 11.3627 3.78792
-12.2706 -2.76538 -2.26252 -26.6613 -11.7583 -1.53755 12.4004 3.40443 2.37779 26.8338 11.9012 1.88478
-12.0672 -4.4021 -1.2822 -26.0568 -12.0216 -2.3026 12.1978 4.41895 1.31889 26.2542 12.1411 3.08656
-12.3451 -3.81338 -1.84763 -26.2128 -11.5449 -2.52849 12.4221 3.99828 2.13443 26.3724 11.6853 2.70965
-11.6931 -3.22855 -2.05579 -26.8877 -11.3168 -2.87457 11.7319 3.24757 2.28667 27.0479 11.4482 2.96492
-10.9032 -2.91361 -2.34008 -27.4127 -12.0285 -2.37396 10.9773 3.27933 2.61237 27.5444 12.1289 2.68585
-10.2402 -1.96137 -1.91906 -28.1186 -13.348 -3.04854 10.3359 3.37728 2.12456 28.2437 13.4184 3.72625
-9.49953 -1.11724 -1.66243 -28.636 -13.6916 -1.81373 9.55045 1.61834 2.11831 28.7484 13.7443 2.39186
-9.3574 -0.459607 -0.908858 -29.4652 -14.9154 -0.867353 9.36628 1.24659 1.38664 29.5564 14.9371 1.68961
-9.09337 -0.289338 -0.149098 -30.5013 -14.8864 0.324214 9.09505 1.41044 0.902278 30.5927 14.9397 1.22465
-9.33499 0.320416 0.319993 -32.4718 -14.6013 1.23325 9.3496 0.742312 0.874216 32.5767 14.6745 1.67311
-9.45005 1.37088 0.648439 -33.5309 -14.5173 1.54515 9.45855 1.46158 0.935306 33.6593 14.5578 1.89941
-9.62103 2.12211 0.869833 -33.554 -15.0492 1.75215 9.63191 2.1985 1.15747 33.6817 15.0602 2.0361
-5.39951 -1.96743 -7.1159 -21.5399 -9.23166 -2.53355 5.40066 1.98991 7.13536 21.9177 9.29043 2.56045
-3.0149 -3.7443 -6.69668 -12.2263 -5.17101 -4.51549 3.1146 3.87979 6.82248 12.9373 5.26931 4.71687
-1.56318 -0.114882 -0.216636 -6.96173 -3.63964 -0.757727 1.83914 0.905394 0.836538 7.65353 3.70759 1.51155
-1.23012 1.67991 1.85742 -7.23218 -3.70983 -0.229118 1.49718 1.92666 2.10183 7.71973 3.81589 0.400851
-0.804273 2.86744 4.99848 -7.16784 -3.69556 -0.738143 1.02205 3.34782 5.34613 7.6313 3.87777 1.04829
-0.0563075 1.70659 -10.8458 -7.91612 -3.24249 -1.20529 0.590165 2.42674 10.8855 8.71091 3.46146 2.04942
0.630813 -14.1079 -12.6799 -6.64663 -2.31198 -27.9517 2.17598 14.1167 12.9382 7.57879 2.56472 28.0594
0.497716 -19.2251 -23.9667 -4.5058 -0.530625 -31.9056 1.7696 19.2402 23.9726 5.28149 1.01804 32.4377
2.7485 -22.5044 -25.2813 1.0559 -0.403439 -34.1046 3.13228 22.7911 25.2923 4.57046 0.965431 35.0734
1.87204 -18.059 -30.9681 5.12346 1.16009 -30.8202 2.3541 18.4994 31.0118 6.01879 1.53733 31.9226
4.36404 -19.7108 -33.5863 5.79141 4.36673 -29.1382 4.47983 20.2056 33.5895 5.91442 4.37521 30.6252
4.81887 -21.7638 -36.5831 4.46265 5.21992 -26.7847 4.85205 22.1129 36.6405 4.7403 5.30615 28.196
5.49345 -22.3129 -38.8034 4.09351 5.4714 -23.5328 5.57865 22.4766 38.8167 4.1402 5.61963 24.5759
5.28926 -21.9109 -37.9459 4.00011 5.06202 -24.5724 5.37629 22.033 37.962 4.01163 5.22819 25.3747
4.19226 -18.4914 -36.3235 3.14079 4.5055 -25.988 4.20135 18.63 36.3412 3.16095 4.66406 26.4957
3.25152 -15.4739 -34.9758 2.21765 4.15741 -27.4531 3.25363 15.566 35.0172 2.37757 4.23942 27.7196
2.61177 -14.1881 -31.9576 1.37983 3.33979 -28.5297 2.63114 14.2233 31.9984 1.4891 3.37413 28.7973
2.06144 -12.827 -30.6138 1.03329 2.61772 -27.7702 2.06897 12.8304 30.6631 1.06637 2.71177 27.97
1.56808 -12.4087 -29.5065 0.912477 1.4806 -26.1905 1.62333 12.4185 29.6476 0.949699 1.56777 26.3405
1.2367 -11.1057 -28.2276 0.338458 0.485407 -23.5925 1.4355 11.1786 28.4132 0.654934 0.533058 23.7627
0.746359 -11.0724 -27.3805 0.308565 -0.00499214 -22.754 1.44984 11.2072 27.5715 1.12638 1.26464 22.9424
-0.833398 -10.9665 -27.7542 0.945643 -1.06264 -22.1592 1.4542 11.1072 27.961 1.30364 2.26346 22.2956
-1.25913 -10.608 -26.3684 -0.198435 -2.07527 -21.0929 1.61909 10.6964 26.5362 0.342062 2.20974 21.2066
-1.0601 -9.96995 -26.0471 0.279958 -2.66432 -21.6707 1.83268 10.1322 26.2951 1.69845 2.87138 21.7966
-0.983318 -8.82452 -26.3633 -0.235904 -3.67413 -22.5118 1.84947 9.06098 26.6288 1.95409 3.7773 22.6556
0.272983 -8.40451 -26.0391 -1.4397 -2.86663 -22.6148 1.49808 8.7407 26.3055 1.98121 2.96568 22.755
-2.1668 -7.84063 -25.555 -2.66305 -2.6963 -22.2706 2.50056 8.17678 25.9295 2.83979 2.74232 22.4209
-3.11337 -8.23734 -24.2958 -2.88838 -2.00447 -22.1748 3.71023 8.5792 24.5209 3.1524 2.46625 22.3135
-2.73773 -8.89216 -24.0428 -1.98258 -2.15256 -21.4723 2.84738 9.1127 24.2824 2.32252 2.22817 21.5665
-2.44518 -9.60223 -25.5432 -2.2126 -1.83082 -19.8834 2.58664 9.8087 25.8025 2.5876 2.23688 19.9681
-1.48576 -9.93147 -26.6481 -1.68302 -2.07564 -18.4559 2.25576 10.1732 26.9804 1.77301 2.68235 18.5465
-0.635848 -10.4561 -26.322 -1.85532 -1.68922 -18.6719 1.4358 10.7355 26.5926 2.00498 1.95111 18.764
-0.239251 -10.2254 -27.5526 -1.77233 -0.6073 -18.5565 1.26896 10.4779 27.7632 2.0932 1.435 18.6321
0.452125 -10.0396 -28.4105 -0.411957 1.61102 -19.318 2.17409 10.1434 28.6902 1.01391 2.17186 19.392
0.451487 -10.1201 -28.6745 0.893373 2.13071 -20.4311 1.6723 10.1522 28.8493 1.25495 2.51538 20.5154
0.839511 -10.9399 -28.4346 1.11374 1.88727 -20.1322 2.0378 10.9665 28.6508 1.30818 2.37709 20.2013
0.982111 -11.9947 -28.647 1.42577 1.97748 -20.2968 2.11217 12.0687 28.8171 1.52632 2.44216 20.3773
-1.77951 -7.78267 -16.6444 -5.60299 -3.64463 -13.7086 2.01515 7.79541 16.8793 5.65706 3.709 13.8996
-1.75171 -3.78229 -12.2299 -9.24639 -3.7386 -8.23183 2.0164 3.90609 12.4271 9.71117 3.8061 8.56723
1.04053 -2.79169 -6.19494 -1.57169 -0.0643065 -5.3251 1.63062 3.24569 6.38056 1.96545 2.16322 5.7062
0.420729 -3.66046 -4.08123 -0.134761 -1.16791 -4.45129 1.89848 4.36854 4.23945 3.08394 1.66434 4.76809
0.561447 -3.74417 -2.11717 -21.3911 -20.7341 -4.24698 1.8068 4.18068 2.3129 21.6282 20.963 4.82977
-11.4019 -3.16225 -1.92481 -26.6875 -23.0458 -0.621897 11.4725 3.77103 2.46604 26.999 23.0524 3.30239
-14.6707 -2.32948 0.960387 -35.4133 -20.0673 0.869957 14.828 2.85128 1.83249 36.0686 20.1613 1.50672
-17.6003 2.20029 4.21007 -36.5676 -21.2902 3.74018 17.7138 2.98324 4.37724 37.0586 21.3548 3.76732
-14.291 4.46866 4.73361 -38.2155 -22.3537 4.30661 14.4662 4.68932 4.86332 38.5224 22.3938 4.76389
-12.9009 6.29933 4.15149 -39.4937 -22.1887 6.08897 13.0873 6.54839 4.17171 39.7284 22.2352 6.35003
-13.3022 4.86395 3.53199 -39.0137 -21.796 6.20908 13.5449 5.18215 3.55863 39.2604 21.821 7.11479
-14.6376 4.73541 3.53376 -42.363 -22.2474 5.66112 14.7489 5.12851 3.54882 42.6359 22.31 6.2992
-15.9487 4.5219 3.63874 -43.593 -24.0373 5.45846 15.9988 4.98614 3.64819 43.8482 24.1368 6.17824
-15.8504 4.32886 3.22972 -42.0086 -23.0642 4.80456 15.8845 4.83174 3.26966 42.26 23.1544 5.40316
-15.5105 4.28285 2.85924 -41.7602 -20.3034 4.14692 15.5121 4.86325 2.86926 42.0309 20.4049 4.58826
-14.6708 3.93896 2.06173 -40.4629 -18.828 3.32782 14.6731 4.47084 2.06337 40.7289 18.8922 3.71554
-13.5188 2.68912 0.850156 -39.19 -18.2011 2.47841 13.5561 3.07493 0.982991 39.448 18.2576 2.74647
-12.3601 2.36132 0.464205 -38.3977 -16.7806 1.97524 12.3867 2.5523 0.796215 38.7054 16.9061 2.29767
-11.8699 1.20011 -0.111609 -35.6428 -15.1312 1.25234 11.9087 1.20878 0.514096 35.9264 15.2641 1.69471
-11.7065 0.775034 -0.111013 -34.7139 -15.025 0.721858 11.7707 0.901292 0.977742 34.9922 15.1233 1.04776
-11.1547 0.349129 -0.0076242 -34.5817 -14.21 0.466086 11.2189 0.49268 0.813438 34.9059 14.4153 0.744284
-10.6061 -0.303977 -0.449665 -33.6174 -13.6037 0.00358664 10.7195 0.973053 0.634363 34.0981 13.8803 1.16634
-11.5511 -1.21854 -0.15796 -33.6352 -12.6706 -1.40979 11.7662 1.78421 0.566448 34.0318 12.9098 2.03711
-11.6473 -1.6254 -0.788747 -30.7088 -12.2469 -3.00882 11.9192 1.86256 1.01478 31.0749 12.4507 3.38837
-11.8567 -2.4645 -1.11156 -30.0144 -11.5699 -3.21431 12.075 2.60874 1.22088 30.4526 11.8706 3.30484
-11.7637 -4.28222 0.0499903 -29.6623 -12.0005 -3.273 11.9497 4.78884 0.362724 30.0911 12.3822 3.39377
-11.3918 -4.49522 -0.962608 -29.3311 -12.6272 -1.61959 11.543 4.72697 1.26886 29.83 12.9746 1.86441
-10.427 -3.15678 -1.77291 -28.6295 -12.7003 -2.64435 10.5626 3.25387 1.98555 28.9837 12.9631 2.75746
-10.042 -3.12908 -1.98504 -29.1346 -12.9665 -2.972 10.1716 3.41291 2.28718 29.4317 13.1987 3.06079
-8.95401 -1.49097 -2.23547 -30.1988 -12.3994 -3.37969 9.12392 2.25664 2.36664 30.4674 12.6068 4.0103
-8.88612 -1.69686 -1.9103 -30.3334 -12.6532 -2.64751 8.99492 1.83972 2.38541 30.5396 12.8027 3.39547
-8.57259 -1.67489 -1.16509 -31.5116 -13.1375 -1.05304 8.62325 2.43833 1.57071 31.7325 13.2785 1.87687
-9.64522 -0.950338 -0.62313 -32.7665 -13.5813 0.1126 9.65575 1.97795 1.01358 33.0135 13.7229 1.22802
-9.9215 -0.316913 -0.228808 -33.0005 -13.1139 0.675061 9.92186 0.918852 0.992841 33.2241 13.2381 1.7013
-9.79606 0.482804 0.358991 -33.8164 -13.3836 0.792242 9.80637 0.860545 0.882585 34.032 13.4632 1.97841
-9.73977 1.37769 0.606662 -33.8605 -14.4448 0.768843 9.75324 1.65384 0.859263 34.0632 14.4782 1.97745
-9.50602 2.18315 0.888423 -33.3288 -14.9259 1.14987 9.52163 2.47025 1.17748 33.4876 14.9289 1.95018
-5.32869 -2.07977 -6.79978 -21.7893 -9.32218 -2.91262 5.33842 2.0884 6.80661 22.1176 9.35229 3.04917
-2.25739 -3.73042 -6.90968 -12.3367 -4.93922 -5.26888 2.48316 3.78774 7.10267 12.9993 5.09058 5.39086
-0.879643 0.0133943 0.15594 -6.43818 -3.20603 -1.02691 1.73541 0.395055 0.768242 7.05805 3.35287 1.58627
-0.778467 1.06865 1.98374 -6.86652 -3.26332 -0.346336 1.48578 1.16242 2.17573 7.26222 3.41406 0.649297
-1.38036 2.77503 3.75722 -6.75924 -2.81653 -0.631814 1.44879 2.97161 4.1044 7.22024 3.10869 1.20006
-0.177284 1.0508 -13.4899 -6.71467 -2.40262 -2.6169 0.92117 1.51556 13.5912 7.40907 2.66817 3.88426
0.774348 -17.4752 -19.5288 -6.11725 -1.32241 -27.7476 1.88907 17.4786 19.5551 7.05649 1.47764 28.3425
1.38409 -20.0248 -25.6319 -1.95365 -0.530618 -32.3026 2.08561 20.0778 25.6359 3.04781 1.0222 32.8443
2.98431 -20.3104 -29.6903 3.09566 1.32988 -31.4663 3.23043 20.6734 29.7138 4.47315 1.65365 32.5812
4.24922 -18.1148 -35.037 6.01345 3.86764 -27.3094 4.25763 18.4527 35.0608 6.28131 3.88261 28.3232
5.1233 -22.061 -37.4092 5.02138 5.44108 -25.495 5.16112 22.4954 37.4305 5.16248 5.57007 26.7516
5.24106 -22.012 -39.2623 3.89079 5.24968 -23.962 5.31021 22.2598 39.2657 4.03441 5.38304 24.8488
5.2134 -22.3209 -39.3526 4.13355 5.09572 -23.1051 5.29627 22.4174 39.359 4.17686 5.23777 23.7248
4.80196 -19.2313 -38.5026 3.84832 4.64838 -26.8169 4.84687 19.3033 38.5232 3.93045 4.73664 27.2697
3.91379 -16.0018 -37.0623 2.87615 4.60619 -27.8469 3.9444 16.0488 37.0993 3.01309 4.6389 28.1153
3.07916 -13.9696 -34.8557 1.72775 4.13753 -29.1814 3.08617 13.984 34.9291 2.03556 4.1475 29.3459
2.35463 -13.7443 -32.499 0.840628 2.86661 -28.5311 2.3592 13.7486 32.6078 1.04399 2.89655 28.633
1.56339 -13.0693 -30.513 0.582489 2.00775 -26.5997 1.64146 13.0816 30.6524 0.739195 2.10743 26.7077
0.827044 -12.294 -27.959 1.10798 0.987733 -25.1832 1.26342 12.3624 28.0422 1.22179 1.06513 25.3513
0.288216 -11.5038 -28.0703 0.810327 0.100821 -22.9268 1.11499 11.665 28.2249 0.987076 0.375709 23.0868
-0.38293 -11.3077 -27.8315 0.550024 -0.983196 -21.9529 1.24889 11.5562 27.9876 0.835976 1.11411 22.1091
-0.30898 -11.8151 -27.8852 0.79121 -1.71706 -20.1669 0.977353 11.9714 28.0373 0.846011 1.94479 20.3592
-0.996312 -11.0171 -28.1393 0.436669 -2.90431 -19.1329 2.23793 11.135 28.3158 1.36369 3.05962 19.2904
-1.12498 -9.93665 -26.9319 0.336242 -3.13551 -19.4731 1.83114 10.0635 27.082 1.65059 3.28027 19.5649
-1.15185 -9.35512 -27.3652 -0.872932 -3.44501 -20.5825 2.35554 9.56213 27.5835 2.01113 3.53583 20.6278
-0.432975 -8.29101 -25.9807 -2.77122 -2.62904 -22.2007 1.68542 8.554 26.1693 2.8129 2.65517 22.2569
-1.86607 -8.47886 -26.6836 -3.35423 -2.3457 -22.2659 2.65384 8.73035 26.9401 3.43368 2.3534 22.3277
-3.10874 -8.87551 -25.584 -2.86563 -1.72036 -21.8531 3.13441 9.07418 25.7839 3.10629 1.81209 21.9292
-2.52863 -9.41733 -24.1333 -1.89812 -1.7491 -20.8939 2.54322 9.56934 24.289 2.15609 1.88266 21.0029
-2.28108 -10.1223 -25.2714 -2.16629 -1.90068 -20.1668 2.41402 10.2248 25.4736 2.3652 1.93783 20.27
-2.027 -10.4515 -25.8673 -1.16961 -1.67748 -19.6099 2.16887 10.5126 26.0407 1.96786 1.74622 19.7245
-0.884618 -11.3229 -25.9875 -1.08869 -1.01749 -18.388 1.0662 11.374 26.078 1.53722 1.24226 18.5272
-0.155902 -12.1233 -27.1037 -1.0312 -0.307872 -18.2575 1.11854 12.1687 27.2302 1.30813 0.802025 18.4062
0.256727 -12.1972 -28.1235 -0.811094 1.24502 -18.866 1.53814 12.2073 28.2364 1.07466 1.5481 19.0327
0.532156 -12.0573 -27.7822 -0.0797443 1.95685 -19.3999 1.48691 12.0628 27.901 0.727692 2.2072 19.5271
0.81107 -11.795 -26.888 0.701606 2.01036 -20.535 1.5232 11.8102 26.9588 1.01035 2.19716 20.6479
1.05031 -11.6175 -26.9579 1.24761 2.01182 -20.8291 1.74603 11.6774 27.0653 1.4251 2.14521 20.9199
-1.51131 -6.05548 -14.5077 -8.89701 -4.64723 -12.323 1.66953 6.241 14.6085 8.99445 4.72881 12.6076
-1.18225 -3.81438 -9.29559 -9.91296 -4.39845 -6.4381 1.29256 4.47148 9.34261 10.2406 4.62301 6.83295
1.24307 -2.98841 -4.36353 -1.78752 0.915295 -3.71799 2.28055 3.93484 4.44825 1.96937 2.33964 4.24717
-0.061882 -2.99025 -3.98517 -18.2401 0.863116 -3.05189 1.28748 3.8805 3.98901 18.5366 0.939714 3.9508
-1.60368 -2.36435 -2.9712 -19.6227 -25.9858 -1.44484 2.27114 4.88282 2.98275 19.7922 26.3705 4.2541
-14.1848 0.0343386 -2.01246 -29.6143 -19.4444 0.823981 14.3754 2.55664 2.10515 30.5282 19.4892 3.504
-18.9695 -1.65606 1.47029 -32.9572 -22.1893 1.28115 19.2274 2.39578 1.63228 33.6857 22.1946 2.37236
-17.5717 2.96332 4.43842 -33.7533 -20.5231 1.67254 17.8174 3.22219 4.43848 34.3013 20.5974 2.30458
-13.3608 5.47094 4.92256 -40.1626 -21.9032 5.86325 13.833 6.06224 4.95552 40.486 21.9244 6.1649
-11.8781 5.0536 3.66746 -40.5612 -21.6232 6.91559 12.2098 5.33978 3.74142 40.7263 21.669 7.27593
-11.5219 6.30512 3.11515 -41.5506 -20.108 6.34408 11.8973 6.59395 3.27416 41.8287 20.1112 6.87644
-14.4747 6.09229 2.94615 -45.0115 -20.5664 5.90253 14.5637 6.43678 2.97662 45.3827 20.5809 6.52138
-15.9972 5.17645 3.11332 -46.0401 -19.9459 5.37569 16.04 5.44021 3.11807 46.4611 20.0243 5.98675
-17.742 4.93106 3.0417 -43.9511 -18.7961 4.97273 17.7425 5.36951 3.08296 44.5381 18.9154 5.56857
-17.6389 4.79792 2.70984 -41.4881 -18.0959 3.67651 17.6594 5.28559 2.78412 42.144 18.2302 4.1293
-16.4952 3.78691 2.13035 -40.4289 -17.6984 2.59308 16.55 4.10422 2.17993 41.0496 17.839 2.92638
-15.3244 2.74158 1.2339 -37.8458 -16.861 1.54581 15.3653 2.91861 1.34904 38.3367 17.0112 1.9094
-13.4014 1.67208 0.598926 -36.4804 -15.5572 1.42267 13.4889 2.02589 0.718678 36.9895 15.7819 1.56008
-11.9856 1.18789 0.23467 -35.5025 -15.4274 1.09157 12.0485 1.52984 0.661229 36.0136 15.6588 1.09275
-10.5968 -0.0709695 0.0413635 -34.1598 -14.5831 0.905037 10.6324 0.918107 1.10712 34.5326 14.8313 1.22496
-10.3373 -0.45924 -0.200319 -33.7056 -12.9761 0.311104 10.3864 0.73772 0.571375 34.0569 13.3122 0.612097
-10.7599 -0.753989 -0.743534 -32.6894 -12.2286 0.00683194 10.8537 0.906565 0.903947 33.191 12.449 1.03568
-11.5888 -0.983175 -0.205359 -34.1798 -11.2626 -1.46979 11.7931 1.2562 0.632029 34.7376 11.5272 2.06391
-11.9572 -0.603196 -1.14769 -31.894 -10.4045 -2.86462 12.1766 0.777124 1.23905 32.4111 10.7531 2.9972
-12.023 -1.19373 -2.11064 -29.308 -11.0345 -3.66498 12.2282 1.95362 2.88148 29.8256 11.4742 3.67136
-11.5052 -4.1689 -0.496776 -28.8576 -12.2063 -1.49886 11.6685 4.28253 2.07148 29.3463 12.5677 1.7862
-11.2541 -3.47765 -2.26189 -28.7861 -12.8927 -3.26343 11.3554 3.53682 2.31479 29.3624 13.2585 3.33726
-9.86299 -3.22373 -1.9056 -27.8517 -12.8629 -3.77281 10.0105 3.7511 2.23005 28.29 13.1856 3.81338
-8.68147 -2.61514 -2.00698 -28.4163 -13.0281 -3.70755 8.83865 3.04512 2.4183 28.7694 13.2858 4.37641
-8.29514 -1.95789 -1.96258 -30.4216 -13.0055 -2.609 8.42979 2.1227 2.28302 30.7427 13.2171 3.06987
-8.4155 -2.53492 -2.12176 -31.4471 -13.3872 -1.65706 8.47113 3.54457 3.29076 31.7284 13.5667 2.25468
-8.99933 -1.8722 -1.50753 -31.956 -13.7302 -0.144829 9.01887 1.9258 1.79312 32.2493 13.8674 1.12136
-9.83053 -0.621438 -0.511294 -32.0893 -13.022 -0.0127076 9.83431 1.03907 1.28643 32.3665 13.1237 1.65039
-10.4064 0.246654 0.055946 -33.2295 -13.2107 0.0838998 10.4446 0.798508 0.956045 33.5277 13.2837 1.4709
-9.75899 0.586249 0.556648 -33.4787 -14.1257 0.578984 9.82016 1.35422 1.03994 33.7787 14.162 1.61005
-9.27194 1.67759 0.877119 -34.4069 -14.7237 0.842172 9.33675 1.98039 1.4555 34.7227 14.7455 1.76122
-6.49047 -0.502374 -3.43257 -25.302 -11.45 -0.430222 6.50615 1.1427 3.45819 25.5364 11.4545 1.11248
-3.73479 -4.19284 -7.6956 -16.3763 -6.02694 -4.72051 3.74628 4.2014 7.88488 17.01 6.15531 4.7528
-1.63948 -1.30782 -2.45005 -7.36079 -3.97996 -24.3186 2.12446 1.34065 2.79959 8.26088 4.0265 24.4149
-4.37951 -12.9212 0.864692 -3.84987 -3.65703 -21.9344 4.61956 13.0946 1.4399 5.0125 3.72846 22.5842
-7.04588 -13.083 -0.0293541 -1.55203 -4.7213 -19.8053 7.1681 13.2843 1.38881 3.15558 4.98814 20.5134
-3.30604 -14.5385 -22.7369 3.12737 -5.53026 -13.7361 3.53386 14.6448 22.9182 4.52099 5.89753 14.9466
-1.54735 -18.0091 -31.5485 2.93478 -0.992141 -18.0214 3.33958 18.2861 31.7694 3.54895 1.20877 19.5685
2.99213 -22.984 -34.0156 2.59325 0.990145 -21.395 5.40339 23.1156 34.0269 2.7051 1.34434 22.2388
5.15478 -24.9542 -31.8979 6.0585 4.66049 -23.9021 5.16365 25.0794 31.931 6.26221 4.67143 24.3651
4.47408 -20.2193 -30.4455 5.68094 4.66268 -30.1637 4.58193 20.289 30.5881 5.9925 4.74534 30.3731
3.53235 -17.138 -32.0382 4.49303 3.91153 -30.0916 3.67542 17.187 32.1111 4.77073 3.9555 30.3496
3.0261 -17.566 -33.7836 5.55037 5.06211 -31.4856 3.16468 17.6025 33.8014 5.78722 5.22923 32.0189
3.67029 -20.3029 -39.3719 5.26503 4.47635 -31.2216 3.91762 20.3343 39.3784 5.3825 4.71356 31.5398
4.09888 -22.6421 -42.763 3.96626 4.04996 -25.7434 4.15344 22.6714 42.8491 3.97509 4.13926 26.0143
4.39096 -22.8762 -41.7618 3.35128 3.9999 -22.7005 4.40828 22.957 41.7687 3.39281 4.08052 22.8619
4.21732 -20.0425 -41.5665 2.28773 3.7403 -20.4724 4.22866 20.2882 41.7106 2.35917 3.8435 20.6015
3.34425 -18.3075 -40.954 1.4276 3.02424 -21.0658 3.38208 18.4755 40.9635 1.46074 3.14782 21.132
2.76175 -15.705 -40.8497 0.489027 2.09026 -21.4801 2.76529 15.8607 40.9584 0.694038 2.23793 21.5147
1.96286 -12.7216 -38.8593 -0.13689 1.56991 -22.6843 1.98584 13.1113 38.9233 0.679365 1.70999 22.7091
1.38331 -11.6225 -37.0287 0.427318 0.974463 -23.4032 1.7641 12.2911 37.1392 1.53422 1.38875 23.4966
0.759967 -10.8891 -36.4217 0.082441 0.377529 -22.851 1.39471 11.5502 36.6267 0.681332 0.958236 22.9501
-0.183455 -11.1289 -33.2712 -0.0771049 -0.0874455 -22.1597 1.10526 11.7363 33.4214 0.563489 0.420513 22.2963
-1.87433 -10.8171 -33.1646 0.106924 -0.953886 -23.0568 2.4391 11.4296 33.4192 0.615946 1.21922 23.291
-2.16363 -10.3338 -31.5578 0.582669 -1.88509 -21.4602 2.82476 11.278 31.746 1.13846 2.16892 21.7391
-1.44391 -9.53828 -30.3052 0.346387 -2.07601 -21.453 1.65168 10.7316 30.6253 0.598314 2.21831 21.7766
0.118467 -9.54914 -28.9996 -1.39726 -4.2108 -21.6823 2.14819 10.8295 29.2982 1.96134 4.46147 22.0212
-0.539576 -9.57223 -28.6299 -2.06827 -4.194 -20.8495 1.45681 10.8092 28.9324 2.50988 4.36256 21.1429
-2.3154 -9.10715 -29.2142 -2.66104 -3.91883 -19.6808 2.34249 9.9804 29.4739 2.82403 3.99099 19.9904
-2.57346 -8.14948 -29.3587 -2.57641 -2.36223 -19.0446 2.62504 8.81933 29.5726 3.07985 3.46876 19.3678
-3.07221 -8.80542 -30.3068 -2.35586 -1.62976 -18.5519 3.75334 9.3445 30.4896 2.90464 3.11806 18.817
-1.69288 -8.58519 -31.7681 -2.19071 -1.11076 -19.1657 2.84379 8.99814 31.9784 2.48843 1.41994 19.3952
-0.768003 -8.3653 -31.4444 -2.09377 -0.28323 -19.1088 1.82564 8.9942 31.5975 3.67597 1.53227 19.2981
0.733143 -8.81034 -31.0327 -1.47303 -0.371888 -19.5848 1.59513 9.51368 31.2139 1.92882 1.35971 19.7134
0.801808 -8.9223 -31.2182 -0.753871 0.0885898 -20.5176 2.04768 9.7118 31.383 1.17943 1.18875 20.6411
0.473452 -9.76134 -31.4479 -0.359523 1.35465 -21.1003 2.16548 10.2785 31.707 0.855724 2.06152 21.2795
0.219835 -9.95335 -31.6497 0.505299 1.15261 -22.0938 1.57351 10.3192 31.8636 0.949535 1.78663 22.3758
0.069167 -11.0782 -31.3758 0.817227 1.33486 -21.6208 1.49323 11.4769 31.605 1.16974 1.83652 21.9204
-1.64326 -9.46266 -21.8927 -3.14767 -1.93322 -16.4026 2.25115 9.65152 21.9953 3.15156 2.75747 16.6067
-2.54008 -5.69036 -16.1895 -8.08428 -4.45828 -8.86563 2.72244 5.75177 16.4408 8.29256 4.49663 9.06578
0.131269 -3.29613 -9.46303 -3.54515 -1.31032 -4.70329 1.37763 3.77016 9.56657 3.77274 2.12868 5.23581
1.19373 -2.83681 -5.4693 -0.165131 0.657802 -3.77091 1.62747 3.27003 5.63463 0.928133 1.6681 4.37349
0.71598 -3.72533 -4.03594 2.38845 -0.23143 -4.04325 0.815841 4.65313 4.07382 3.6943 0.84048 4.94476
0.362085 -2.95413 -3.84636 -18.0307 -23.6774 -4.76572 2.43772 4.14916 3.86254 18.129 24.0839 5.83339
-16.5763 -4.03121 -1.41655 -27.4352 -23.5233 -1.9028 16.5928 4.4377 1.59153 27.566 23.5638 2.69256
-18.9036 -0.566261 1.09573 -32.2006 -22.7673 0.917977 19.0958 1.292 1.32979 32.4562 22.9537 1.84397
-17.2361 1.66483 4.60405 -36.3624 -24.2731 3.50143 17.6783 2.4778 4.65495 36.4581 24.4257 3.61971
-15.0589 6.45102 4.6633 -40.5757 -21.3784 6.37345 15.5809 6.68324 4.67094 40.6847 21.5206 6.47479
-14.3694 6.63342 3.99277 -40.5457 -21.8056 7.61542 14.7677 6.87303 4.03489 40.582 21.9905 7.82717
-15.0353 5.31644 2.86296 -41.974 -20.7258 6.43099 15.3137 5.69797 2.86568 42.1309 20.7886 6.69268
-16.6024 5.33344 3.41089 -42.5201 -20.3533 5.44363 16.7637 5.94152 3.42073 42.645 20.3858 5.62375
-16.7322 4.70923 3.43415 -40.2669 -20.3874 5.00478 16.8568 5.23812 3.44575 40.4293 20.4019 5.21081
-16.5531 4.56981 3.34939 -39.5341 -19.095 4.48067 16.6454 5.10338 3.37164 39.7471 19.1043 4.65234
-15.6998 3.68103 2.54395 -37.8201 -17.1705 3.93935 15.7385 4.19527 2.5512 38.0213 17.1867 4.02397
-14.6638 2.98502 1.60197 -37.6233 -15.7505 2.87401 14.7202 3.39096 1.62314 37.8206 15.7749 2.88427
-14.0825 2.6349 0.953777 -35.7192 -15.8703 1.99588 14.1392 2.74767 1.09137 35.9265 15.8796 2.05291
-13.4574 1.97941 0.408503 -33.8927 -14.7568 1.37096 13.4863 1.97948 0.652318 34.1412 14.8104 1.43081
-12.847 0.623518 0.0931902 -33.8253 -14.1071 1.10062 12.9041 1.02986 0.584862 34.045 14.1919 1.31001
-12.7223 0.552064 -0.444467 -31.924 -13.9673 0.298482 12.768 0.846874 0.699755 32.1434 14.0512 0.754903
-13.2352 -0.746153 -0.14198 -30.7411 -12.5686 -0.118157 13.2748 0.90169 0.806481 31.0643 12.6702 1.08288
-13.3189 -1.32871 0.00989223 -29.5717 -11.3191 -1.3697 13.3976 1.60371 0.450951 29.7952 11.4635 1.71128
-13.1942 -1.11654 -0.290179 -28.9613 -10.8236 -2.56072 13.2846 1.34449 0.404992 29.2136 10.9492 2.80185
-13.5865 -1.86768 -1.53302 -28.956 -11.1622 -3.3195 13.6399 2.05211 1.63725 29.2024 11.2434 3.42369
-13.3156 -1.51913 -2.10069 -29.6315 -10.8787 -2.87257 13.4177 1.52654 2.12705 29.9368 11.0351 2.8824
-13.4553 -3.16307 -1.00188 -27.375 -10.5955 -1.85556 13.5552 3.44221 1.19117 27.6652 10.8135 2.09844
-13.0702 -4.42478 -1.29918 -27.313 -11.1245 -3.20486 13.1672 4.45484 1.39097 27.5614 11.2605 3.39689
-12.4413 -3.53741 -2.09054 -27.3632 -11.8842 -3.04277 12.5971 3.71098 2.23214 27.5677 11.9614 3.27981
-11.6287 -2.64155 -2.50392 -27.581 -12.4639 -3.3805 11.8245 2.9126 2.83755 27.7287 12.4912 3.85285
-10.844 -2.2638 -2.16516 -28.1988 -13.0259 -2.51688 10.9293 2.42207 2.36093 28.3236 13.0357 2.90515
-10.6837 -2.09944 -1.53675 -29.0704 -12.9418 -1.56282 10.7212 3.2185 2.20725 29.2179 12.9547 2.18298
-11.1855 -1.22091 -1.03922 -30.0232 -13.5748 -0.00586611 11.2362 1.78669 1.51519 30.1873 13.6069 0.90659
-11.194 -0.385576 -0.116052 -30.3294 -13.8547 0.657991 11.2302 0.534227 1.02293 30.4868 13.8747 1.22343
-11.2401 0.395626 0.13821 -31.0871 -14.1823 0.675106 11.2889 0.491547 0.969504 31.1983 14.1886 1.45022
-10.8954 1.04423 0.206716 -30.611 -14.9556 1.01497 10.9566 1.2148 0.858426 30.6917 14.9557 1.59816
-10.6969 1.88512 0.852885 -30.7741 -15.4792 1.32959 10.7686 2.0619 1.32835 30.844 15.4848 1.74167
-7.21726 0.372456 -3.96406 -23.7507 -11.6503 -1.19757 7.24227 0.850843 4.03896 23.8302 11.668 1.4684
-4.22879 -3.63201 -8.17219 -14.5177 -5.87992 -6.27849 4.29057 3.72116 8.24208 14.8434 6.08772 6.35313
-1.48913 -1.4652 -1.60463 -7.68222 -3.88207 -2.41497 2.08694 1.70343 1.91488 8.26115 4.1523 2.57925
-0.521869 -0.146846 1.86579 -6.55371 -3.33299 -0.617822 1.85561 0.936985 2.26698 7.00843 3.51285 0.857058
-0.66675 1.94896 3.74083 -5.55783 -2.06051 -1.04971 1.62743 2.26418 3.92919 5.72988 2.33431 1.34959
-0.581878 2.50496 -6.74024 -5.99802 -3.10152 0.422813 0.893673 2.82925 6.88569 6.3945 3.55468 1.4685
0.00943015 -9.1612 -15.0337 -4.49833 -3.31313 -27.9918 2.08406 9.18269 15.0833 5.19383 3.59481 28.0017
-1.24741 -14.0184 -26.9915 -4.05133 -2.79359 -26.8722 1.74753 14.0335 27.1018 5.03988 2.9162 27.3495
1.48163 -19.0677 -29.6394 0.788427 1.42952 -30.5636 3.12303 19.1107 29.6957 3.12925 1.49804 31.1542
2.15424 -17.9908 -34.4639 4.73289 1.87486 -27.8916 3.27918 18.133 34.5777 5.74659 1.98137 28.6085
4.57248 -18.8992 -36.1458 6.64567 5.02827 -25.775 4.57448 19.0274 36.2629 6.85443 5.06955 26.5213
3.83421 -18.5437 -35.9159 5.01157 5.15461 -25.7577 3.8357 18.7937 35.9811 5.37764 5.20895 26.5521
4.8231 -20.1628 -39.4077 3.85191 5.45181 -23.7332 4.85129 20.2674 39.439 3.92752 5.53791 24.1973
5.14819 -21.1602 -40.632 4.17817 4.86312 -22.2475 5.19532 21.2321 40.6871 4.27963 4.94048 22.6362
5.29132 -18.2238 -41.4247 3.24248 4.15183 -22.2586 5.38015 18.2864 41.4788 3.2721 4.24394 22.4696
4.45416 -15.043 -40.0746 2.33054 3.90145 -24.4305 4.65644 15.0634 40.1601 2.33794 4.03682 24.6044
3.58558 -13.0496 -38.121 1.21758 3.96579 -25.5747 3.60393 13.0669 38.2883 1.39449 4.10088 25.6605
2.42035 -12.208 -34.7341 0.59239 3.08469 -26.7093 2.46512 12.2238 34.9851 1.05554 3.114 26.7686
0.922562 -10.8577 -30.2533 0.775101 2.1877 -26.2546 1.31324 10.8816 30.4622 1.10519 2.21344 26.3052
0.11656 -10.9766 -29.9703 1.00717 1.02783 -24.0381 0.880672 11.0166 30.2425 1.06911 1.10249 24.1375
-0.208409 -11.3948 -29.4677 0.236857 0.134961 -21.5768 1.1437 11.5265 29.7937 0.878618 1.35462 21.6711
-0.225874 -11.5364 -28.1455 0.416329 -1.71048 -19.7548 2.06726 11.7276 28.509 1.33492 2.03127 19.8606
-0.353665 -10.268 -28.7932 0.840713 -2.43557 -18.2981 1.54611 10.6478 29.1832 0.972868 2.55052 18.4678
-2.14987 -9.18667 -27.2268 0.0560576 -2.17564 -18.0712 2.59915 9.67398 27.4786 0.858982 2.24011 18.3145
-2.17682 -8.25595 -28.5318 -0.0824293 -2.46732 -18.6312 2.49266 8.64434 28.8895 1.00929 2.47236 18.8707
-0.083369 -7.58325 -28.6697 -2.02041 -2.87873 -19.3468 0.53905 7.90981 28.9892 2.12651 2.89935 19.5581
-1.01477 -6.84753 -29.3128 -3.41613 -2.66668 -19.9515 2.313 7.16089 29.7491 3.5994 2.87271 20.1354
-1.74009 -7.15016 -28.1739 -3.28588 -2.90561 -19.1847 2.87214 7.58456 28.5394 3.63109 3.23739 19.2823
-2.56094 -7.44614 -28.102 -2.53948 -2.86332 -19.4608 2.80466 8.02794 28.5049 2.71361 2.95079 19.5448
-3.31299 -7.73161 -28.0914 -2.61529 -1.37426 -19.2519 3.3834 8.42947 28.5233 2.99032 1.37842 19.376
-2.35565 -8.09581 -27.1438 -1.70615 -1.21819 -19.6173 2.47634 8.65957 27.558 2.43395 1.94041 19.7948
-1.80446 -8.8205 -27.4119 -1.67751 -0.647699 -18.8625 3.27863 9.17606 27.8019 2.48634 1.43853 19.0549
-0.768946 -9.98097 -28.4424 -1.11327 -0.0352485 -17.7491 2.51786 10.2764 28.8463 1.38198 1.04175 17.916
0.388488 -10.2986 -28.5658 0.00727787 -0.0494053 -16.7012 1.962 10.5554 28.9091 1.43104 2.17759 16.8162
1.03325 -10.3655 -28.997 0.357416 -0.00935281 -17.4934 2.26511 10.6449 29.2715 1.13085 1.69782 17.5715
1.13105 -10.2446 -29.9773 0.342084 0.338406 -17.3758 2.25887 10.4734 30.2365 0.924922 1.3273 17.4364
0.809292 -10.3128 -30.9984 0.460487 1.22576 -18.5372 1.94813 10.4412 31.2625 0.968115 1.89976 18.5907
0.777329 -10.9249 -32.0323 0.452285 1.64112 -18.6819 1.80212 11.0618 32.3488 0.934289 2.16282 18.7811
-3.28596 -6.17681 -17.3993 -6.9288 -4.69609 -10.1895 3.39293 6.42038 17.7368 7.1182 4.75925 10.2902
-1.11474 -3.36874 -11.4601 -4.81445 -2.01311 -5.89894 1.52735 3.84195 11.7154 5.16339 2.47478 6.19031
0.766388 -2.73222 -7.0431 -1.23226 0.476728 -4.54449 1.55947 3.35345 7.3114 1.29965 1.83504 5.00588
0.0038853 -4.02294 -6.58548 2.8439 0.138659 -4.14755 0.56328 4.82737 6.94736 3.48517 0.727888 4.76355
0.560402 -4.39195 -4.3977 -16.2714 -0.332196 -4.52018 1.61192 4.73746 4.45324 16.6069 1.25586 5.17342
-1.68851 -0.185581 -5.90108 -16.7093 0.0509701 -0.954735 2.45408 3.58016 5.91509 16.7969 2.21917 3.72378
-0.495883 4.08434 -5.42695 -18.2979 2.78642 1.50254 0.733668 5.95737 5.50778 18.9054 3.04519 4.00341
-3.40706 3.70767 -4.57755 -14.9826 -0.117462 3.04435 3.52403 5.2758 4.619 15.9213 0.47202 4.00909
-25.8641 2.09259 -0.462721 -18.6263 -19.3817 2.06887 26.0435 2.62526 0.685347 19.7889 19.4288 2.83609
-27.2585 3.37629 3.76965 -24.0396 -21.8926 2.26334 27.7424 3.79473 3.83557 24.5946 22.1007 2.89441
-17.0077 1.72169 5.8142 -31.4989 -27.3061 2.04642 18.3457 1.85282 5.89317 31.7867 27.9649 2.27969
-12.2049 4.06382 5.36816 -42.2583 -27.897 4.84106 14.1076 4.54227 5.49177 42.4647 28.5702 5.07909
-9.44482 4.16216 2.98303 -41.909 -26.9821 7.74521 11.1501 4.52765 3.1043 42.0224 28.0955 8.51378
-9.59952 5.5507 1.84265 -43.5551 -22.6644 7.89699 10.9616 6.36929 1.92739 43.7178 23.9912 8.95136
-12.4796 5.83429 1.5949 -45.3396 -19.0745 7.01781 13.2539 6.81404 1.68656 45.5328 20.2958 8.0094
-14.4754 6.06539 1.28859 -42.5205 -17.7685 5.32885 15.0795 7.10486 1.37573 42.7105 18.8274 5.91257
-17.3056 5.68463 0.726912 -40.0275 -15.7106 4.41565 17.5653 6.67643 0.966881 40.3187 16.6205 4.69569
-19.7167 3.99315 0.764419 -35.2754 -15.7397 2.66862 19.7709 4.4613 1.20369 35.554 16.1927 2.73008
-17.9957 3.39159 0.986097 -31.3824 -16.0011 0.743286 18.0063 3.68077 1.99205 31.7157 16.2574 1.63949
-16.9818 0.877486 1.00052 -28.289 -15.7831 -0.963756 17.0847 1.83106 1.7404 28.6349 15.8933 2.08843
-13.8398 0.163222 0.574994 -26.4581 -16.2357 -1.95339 13.9952 1.1683 1.2151 26.8241 16.2894 2.28877
-11.3077 -1.0187 0.779177 -25.2504 -17.033 -1.21033 11.5355 1.2104 0.880897 25.6363 17.0565 1.43321
-9.86566 -1.95841 -0.212303 -26.6882 -15.404 -1.15088 10.0714 2.27391 0.22891 26.9507 15.4292 1.17868
-9.79674 -2.64421 -0.663189 -26.0702 -13.7444 -1.61761 10.0425 2.79718 0.755391 26.3282 13.7673 1.7058
-10.3759 -2.12768 -2.25153 -26.1377 -12.9911 -3.01963 10.5677 3.36638 2.7594 26.3646 13.05 3.14854
-10.8307 -3.23867 -1.41901 -26.3457 -11.5713 -1.26394 10.9416 3.55757 1.83139 26.6718 11.6467 1.73258
-11.4981 -2.98094 -2.03543 -27.4886 -9.71098 -2.77566 11.5593 3.13197 2.24173 27.7262 9.74815 2.95155
-11.622 -2.54535 -1.92835 -25.7396 -9.93413 -3.1653 11.6746 3.42736 2.15737 25.9366 9.97775 3.6425
-10.9638 -3.27844 -2.09415 -25.1186 -10.5276 -2.72164 11.0165 3.83046 2.23896 25.3327 10.5494 2.86326
-10.6721 -2.53401 -2.17128 -26.0784 -11.215 -2.08464 10.7804 2.70214 2.4945 26.3213 11.224 2.13429
-9.9661 -1.8496 -1.39655 -25.5758 -12.6188 -2.23712 10.0999 2.52147 1.82791 25.812 12.6479 2.25491
-9.4944 -0.703433 -0.542016 -26.4388 -13.7812 -1.47136 9.66387 0.842949 1.11628 26.6204 13.8421 1.62655
-9.30385 -0.6175 0.100873 -26.9591 -13.8463 -0.879493 9.45672 1.57402 1.08913 27.0688 13.8962 1.62291
-9.20174 -0.654935 0.218614 -28.4545 -13.982 -0.244346 9.33306 1.51441 1.00483 28.5904 14.0125 1.13947
-9.44822 -0.125241 0.237203 -29.1469 -13.999 0.739682 9.61003 0.818515 0.877079 29.2755 14.0459 1.37892
-9.7167 0.752911 0.411805 -29.5919 -14.0184 1.14915 9.87934 1.10086 0.936363 29.7328 14.1105 1.56515
-10.3823 1.90791 0.91922 -29.1773 -14.4698 1.45975 10.6242 2.19194 1.13028 29.264 14.6035 1.75892
-4.95044 -2.57795 -9.1676 -16.2098 -8.4392 -4.49417 5.08078 2.73211 9.19215 16.5151 8.84556 4.6267
-2.5259 -2.27936 -5.59691 -8.90832 -5.41168 -4.71882 2.78721 2.69273 5.83583 9.39359 5.67594 5.01045
-0.872298 0.975597 1.3668 -5.47267 -3.74843 -1.11665 1.33077 1.16871 1.91616 5.93401 3.90437 1.34501
-1.35774 1.67804 1.15113 -5.06296 -3.49388 -0.988961 1.66489 2.50489 1.25427 5.36134 3.86941 1.15439
0.0108067 2.4456 -14.9861 -5.30225 -3.76198 -22.6487 0.705678 2.84431 15.276 5.60277 4.1123 22.9452
0.552793 0.0542856 -23.8189 -4.69728 -3.43953 -24.9431 1.27777 1.19245 24.2649 5.07082 3.60319 25.0074
-0.244562 -15.9322 -25.6745 -1.55104 1.15557 -31.0224 2.44058 15.9693 26.1961 2.2924 1.66802 31.1169
2.71022 -17.913 -27.3533 2.95791 1.67794 -27.8903 2.94453 18.0338 27.9282 3.62698 1.8642 28.0168
3.16636 -16.4968 -32.7105 6.6478 3.0735 -25.8995 3.39042 16.6456 33.3382 7.18439 3.22673 26.2952
5.00371 -15.5146 -35.0854 5.62516 3.38648 -22.3405 5.01245 15.8257 35.5716 5.96218 3.62643 22.6078
4.20338 -15.2489 -36.9753 4.6829 4.49089 -20.9974 4.24188 15.5282 37.2204 5.19534 4.64878 21.1179
5.24077 -17.2738 -41.4828 4.3294 5.26591 -21.26 5.32224 17.3784 41.7471 4.53104 5.45499 21.2935
5.00186 -17.5227 -43.3593 4.46456 4.79388 -21.6665 5.14508 17.5298 43.6427 4.62192 5.02076 21.6747
4.50523 -14.7591 -44.5309 3.57141 4.42332 -23.5382 4.65073 14.8039 44.9348 3.61795 4.50345 23.5561
3.7707 -13.1244 -42.1868 2.20776 3.87641 -26.4406 4.06575 13.1736 42.6097 2.22282 4.02097 26.4689
2.92618 -12.0696 -39.5331 1.10523 4.02757 -27.1745 2.9285 12.1273 40.1158 1.13687 4.38393 27.2557
1.82659 -11.3614 -36.0688 0.704943 3.34458 -25.7769 1.97491 11.4607 36.7168 1.03562 3.51235 25.9422
1.17999 -10.8983 -32.8625 1.01813 2.01384 -23.7977 1.86704 11.0435 33.4753 1.32881 2.05432 24.0394
0.421944 -11.8187 -31.9351 1.24311 0.810819 -23.4263 1.43412 11.961 32.6333 1.32111 0.825275 23.6768
0.173818 -11.5601 -31.9645 1.24419 0.0994269 -19.3945 0.738483 11.7406 32.7301 1.42726 0.965767 19.679
0.352888 -10.8568 -31.9977 0.258729 -1.21514 -18.2946 1.4925 11.3801 32.7491 1.53316 1.7216 18.5739
-0.276125 -9.98019 -32.3726 0.80896 -2.55836 -16.154 1.71347 10.79 33.0892 1.15018 2.90079 16.4199
0.0459567 -8.78596 -33.5295 -0.0359438 -1.95353 -16.0797 1.28223 9.35724 34.3135 0.213578 2.01824 16.4305
-1.86132 -8.33086 -32.3328 0.234115 -1.70727 -17.0833 2.27403 8.86645 33.0301 0.656756 1.70994 17.543
-1.94093 -7.33447 -33.0657 -1.95282 -0.979544 -17.5459 2.42159 7.83929 33.9417 2.28165 1.09939 18.1
-0.938849 -7.61137 -32.653 -0.925116 -1.67442 -18.1235 1.10085 8.0649 33.6409 1.14965 1.75308 18.7641
-1.70055 -5.87508 -32.707 -2.6157 -2.82766 -19.3112 2.66997 6.8821 33.8118 2.92771 2.95593 19.9299
-2.21784 -6.33735 -32.8824 -3.21511 -3.22845 -18.9167 2.40039 7.35036 34.0739 3.59349 3.42241 19.5182
-3.12123 -7.07173 -31.0955 -2.96175 -2.49344 -19.3191 3.18818 8.02564 32.0672 3.08348 2.63686 19.8726
-2.34964 -7.84324 -30.8296 -1.68892 -1.30597 -18.8825 2.49346 8.60345 31.784 2.06773 1.67158 19.4314
-1.88125 -8.32868 -32.2032 -1.89582 -0.868859 -18.7161 3.24808 8.954 33.3601 2.32496 1.6243 19.2435
-1.18997 -9.01243 -32.7078 -1.14375 -0.193469 -17.1264 2.70869 9.604 33.7572 1.51176 0.91453 17.6189
-0.417831 -8.99522 -33.5067 -0.50891 0.046022 -17.4164 2.06491 9.62047 34.5925 1.01856 1.48363 17.8439
0.20923 -8.61815 -33.8779 -0.0919216 0.179511 -18.1823 2.09846 9.31206 34.7569 1.16733 1.92508 18.502
0.490797 -8.48452 -35.2063 -0.0859003 0.418577 -18.6269 2.10576 9.16792 36.1695 0.639255 1.52185 18.9249
0.468177 -8.64835 -35.1762 0.27867 1.22669 -19.8198 2.03476 9.32392 36.0866 0.513723 1.94869 20.0692
0.94339 -9.34649 -36.0461 1.07797 1.71332 -19.6252 2.36158 10.0388 37.1284 1.21631 2.24377 20.0305
-1.70646 -4.55198 -19.9595 -8.18391 -2.85619 -9.89428 2.21774 4.65347 20.6534 8.63009 3.05321 9.92886
-0.739951 -2.45113 -11.5669 -6.15287 -1.72078 -5.0023 1.62881 2.74715 11.9293 7.18311 2.09491 5.0783
2.01291 -2.36027 -7.24992 -1.60702 1.64832 -3.05454 2.31906 3.31035 7.71805 1.88624 2.66094 3.30264
0.550572 -2.12028 -6.21779 2.06239 0.109407 -3.95042 0.791332 3.27959 6.5505 3.07598 1.19095 4.38502
0.442585 -3.10275 -4.45971 1.70031 -0.639351 -4.56321 1.00371 4.04537 4.58161 3.50136 1.05204 4.96218
-0.892949 -2.86624 -4.11144 -17.1144 -19.7669 -5.13161 2.44352 3.32456 4.43903 17.1362 19.7693 6.15073
-12.3436 -2.54247 -3.11049 -27.2893 -21.6749 0.315707 12.768 3.69254 3.45807 27.3759 21.8137 2.05329
-19.031 -0.196314 -0.81756 -30.2637 -21.9476 2.41419 19.1977 1.95259 1.45159 30.3563 22.2948 3.03204
-19.9579 4.89268 3.70691 -32.8538 -22.6156 5.0578 20.4497 5.67828 3.88705 32.9648 23.2442 5.0658
-17.0235 5.07044 5.33179 -35.67 -22.2034 5.05211 17.7347 5.51929 5.38029 35.7482 22.851 5.29635
-14.5262 5.50584 4.66738 -34.9053 -22.1053 6.16155 15.2291 6.60422 4.6692 34.9302 22.7585 6.53633
-13.9667 5.2899 3.4155 -37.7925 -23.1406 6.15834 14.6654 6.27813 3.44797 37.8176 23.668 6.62104
-15.0571 4.99457 3.28628 -38.5365 -22.1698 5.81351 15.7347 5.9251 3.41278 38.5511 22.5941 6.31834
-15.474 3.87017 2.99655 -36.1622 -21.8342 5.59753 16.0286 4.81528 3.13269 36.1909 22.1281 6.06615
-15.5348 3.66757 2.55961 -34.8997 -19.2917 4.68833 15.8938 4.57731 2.59961 34.9485 19.411 4.96996
-15.77 3.46589 2.18365 -34.1137 -18.3561 3.70703 15.9443 4.51605 2.21036 34.1727 18.5229 3.80869
-15.7776 3.39804 1.30743 -32.4208 -16.3503 2.61501 15.9429 4.0731 1.36913 32.48 16.4531 2.66274
-14.4187 2.70101 0.823299 -31.3806 -16.3814 1.3716 14.574 2.98934 1.05721 31.4465 16.4897 1.63221
-13.3849 1.02648 0.19698 -30.0838 -15.4266 0.859327 13.5558 1.71073 0.665956 30.1374 15.4543 1.91232
-12.0786 0.417997 -0.0738108 -29.3132 -15.3633 0.369703 12.1668 1.00507 0.706956 29.3637 15.378 1.69921
-11.9706 -0.0201112 0.0815146 -28.1042 -15.2475 -0.00882202 12.0894 0.590938 0.383796 28.1772 15.2724 1.54508
-11.4965 -0.375675 -0.22132 -27.915 -14.7805 -1.3402 11.5828 0.561142 0.597874 27.9933 14.7907 1.91582
-11.6594 -0.854114 0.133478 -27.0644 -14.0278 -1.97968 11.7064 1.14369 0.841826 27.1485 14.0323 2.2803
-11.9127 -2.37237 -0.830196 -25.953 -13.9348 -3.41143 11.9556 2.51785 1.11596 26.0778 13.9409 3.60724
-12.251 -2.34414 -1.81571 -26.2715 -13.6235 -2.55297 12.2558 2.44547 1.8553 26.3862 13.6317 3.15211
-12.4605 -3.10686 -0.570605 -25.2874 -13.1576 -1.38665 12.4745 3.3805 0.597897 25.4006 13.1663 1.87426
-11.9362 -3.6034 -2.09445 -24.6185 -12.3448 -2.4671 11.9581 3.62179 2.11176 24.6942 12.3452 2.52389
-11.534 -3.34855 -2.13165 -25.6512 -13.0713 -3.37581 11.584 3.63077 2.13203 25.7269 13.0839 3.46203
-10.8408 -2.77407 -2.43031 -25.5272 -13.4658 -3.15194 10.928 2.98634 2.65492 25.5834 13.5042 3.33732
-10.1222 -2.59029 -2.04347 -26.2186 -14.5981 -2.6924 10.2282 2.63886 2.31197 26.27 14.677 2.85613
-9.94411 -2.53355 -1.6926 -26.9958 -14.9465 -1.98406 10.1141 2.54596 2.16066 27.0393 15.0201 2.50601
-9.24159 -1.94447 -0.914021 -27.7171 -14.7593 -0.31001 9.42479 2.12391 1.40899 27.7369 14.8173 0.853673
-9.48625 -1.11336 -0.105658 -28.8338 -14.2815 0.0544604 9.68923 1.56836 1.20225 28.862 14.349 0.840575
-9.77403 0.0164268 0.0530529 -29.8603 -14.2331 0.250035 9.93703 0.982988 1.02006 29.9056 14.3437 1.02739
-10.0528 0.626575 0.348041 -30.0475 -14.8725 0.827041 10.1973 1.2538 0.898384 30.1105 15.0352 1.17946
-10.062 1.08041 0.620079 -29.8428 -15.7813 1.00561 10.2036 1.67411 1.19909 29.8865 15.9921 1.36923
-10.2416 1.33703 0.756742 -29.0672 -15.8529 1.40026 10.4677 1.90934 1.28175 29.0784 16.0645 1.60437
-5.40199 -2.45645 -10.0623 -17.9443 -8.45314 -4.06816 5.51412 2.61435 10.099 18.0848 8.78873 4.18196
-2.26593 -2.82885 -6.43009 -9.55433 -5.30541 -5.42395 2.48267 3.28947 6.51928 9.89483 5.67563 5.82527
-1.05811 0.344596 1.30805 -5.29254 -4.07554 -0.966887 1.25116 0.868832 2.13427 5.67845 4.28724 1.3164
-1.08193 0.782805 2.52861 -4.89862 -3.94716 -1.04499 1.28668 1.89576 2.65617 5.12306 4.44628 1.31493
-1.50527 2.85178 -7.90552 -4.77664 -2.61189 -0.171884 1.8621 3.14462 8.01523 4.99396 2.95114 1.08321
0.594786 1.03261 -16.1966 -5.55893 -2.74336 -18.1107 1.61144 2.76233 16.8463 5.7851 3.1192 18.2045
0.780153 -12.5666 -26.9243 -4.83254 -1.37137 -27.5629 2.45709 12.8736 27.4379 5.02762 2.09832 27.7048
0.0959859 -16.2267 -29.0276 -0.65699 2.25465 -30.9148 1.61725 16.2485 29.8102 1.774 2.3162 31.0238
3.98858 -19.0274 -30.748 5.01634 1.55103 -28.0604 4.75597 19.042 31.6335 6.64067 1.75307 28.2279
3.17304 -16.6153 -37.7265 6.41725 3.92712 -24.3353 3.40875 16.66 38.2129 7.00196 4.17334 24.6182
4.36573 -17.9826 -38.7573 5.52945 5.25122 -22.75 4.36776 18.076 39.1907 6.23121 5.40724 23.1299
5.28464 -20.0464 -43.7162 3.77925 6.20513 -21.1117 5.32152 20.0567 44.0386 4.05675 6.33393 21.267
5.51604 -22.5568 -44.8251 3.5026 5.31984 -18.5688 5.62722 22.5708 45.1839 3.80728 5.41448 18.6178
4.90701 -19.7853 -45.5041 2.85979 4.37834 -19.7171 4.99057 19.8544 45.9366 2.98757 4.46355 19.7216
4.14213 -15.703 -43.0159 2.84787 3.53009 -22.8319 4.22235 15.8307 43.5422 2.98038 3.57622 22.8476
3.09255 -12.6303 -39.7825 2.01555 3.38824 -24.9798 3.14503 12.753 40.4851 2.11012 3.48019 25.0707
1.93913 -11.7436 -37.5326 1.2162 3.17637 -26.1586 2.13436 11.8342 38.407 1.63535 3.18642 26.3021
0.983249 -10.9208 -35.3665 0.940182 2.62687 -25.8042 1.65307 11.0818 36.2569 1.65311 2.7277 26.0562
0.406638 -10.4464 -31.9919 0.500681 1.51152 -23.3767 1.34265 10.7561 32.6845 1.08322 1.89299 23.6861
0.161756 -10.4173 -32.7737 0.949432 0.564154 -20.2176 1.12193 10.8742 33.7038 0.99811 0.628051 20.5475
-0.0223083 -10.935 -31.7507 0.310179 -0.670311 -20.0409 0.662218 11.4923 32.7735 1.15542 1.50189 20.3563
-0.0440686 -10.5462 -31.2975 0.175505 -2.25862 -18.5186 1.20625 11.0698 32.4118 1.41568 2.47601 18.7787
0.0778627 -9.4725 -30.8981 0.971061 -2.50447 -18.3606 1.60696 10.0077 31.8741 1.18617 2.71331 18.63
-1.84854 -8.54043 -29.9455 -1.0228 -2.51502 -18.9512 2.29495 9.14623 30.8521 1.25925 2.52542 19.2767
-1.84194 -7.8818 -31.1904 -1.18788 -2.4753 -18.5719 2.13832 8.53626 32.0905 1.4861 2.57835 18.9342
-0.640213 -7.22955 -30.7957 -1.98122 -2.84999 -18.1723 1.8193 8.17204 31.829 2.28973 2.93278 18.5343
-0.869063 -6.73185 -30.532 -3.02091 -3.18888 -17.966 3.03785 7.77017 31.5862 3.5998 3.25675 18.3138
-2.50921 -6.83694 -28.9835 -2.93359 -3.45568 -18.7582 2.60386 7.92123 29.9278 3.092 3.53515 19.1178
-2.74303 -7.25485 -30.3015 -2.56429 -1.93646 -17.6923 2.76869 8.20817 31.2794 2.77849 2.03492 17.9954
-2.86981 -7.62073 -30.5038 -1.89438 -1.36998 -17.9032 2.99444 8.44673 31.43 2.11926 1.74583 18.1534
-1.35326 -7.62363 -30.653 -1.79989 -0.832368 -17.4076 2.20025 8.30091 31.5406 2.02007 1.17308 17.6925
-0.557314 -8.04976 -31.3484 -0.793996 0.0592319 -17.5397 1.99453 8.69564 32.2552 1.21024 0.439952 17.8288
-0.114365 -8.63151 -32.5872 -0.388453 0.41485 -17.3034 1.87996 9.27123 33.6291 0.991209 0.762634 17.5564
0.421432 -8.88152 -33.1624 -0.597797 1.01221 -17.634 2.1266 10.0378 34.0648 0.950951 1.389 17.877
0.745174 -8.84583 -32.7256 -0.387631 1.04201 -18.6476 2.40894 9.52854 33.5216 0.801972 1.42046 18.8528
0.753388 -9.45228 -32.4196 0.484355 1.41064 -18.6204 2.40028 10.0194 33.24 0.815753 1.67862 18.8905
0.740153 -10.3492 -33.3708 1.16376 1.80725 -19.4045 2.38212 10.8819 34.3263 1.32749 2.10828 19.7221
-2.47815 -5.96654 -18.4378 -6.84399 -3.82033 -10.068 2.89687 5.97167 19.3375 7.31651 3.96761 10.0994
-1.34347 -2.64504 -10.716 -6.36708 -2.82122 -5.32125 1.8267 2.90265 11.2042 7.30127 3.12562 5.48332
1.37296 -1.29377 -6.44198 -1.70222 1.03909 -3.37484 1.97328 1.86928 6.87342 1.91635 2.38404 3.61977
0.42394 -3.05747 -5.84591 2.69134 0.174404 -4.06019 1.38983 3.13495 6.09329 4.04291 0.589234 4.3259
0.6094 -4.18135 -4.15977 -3.7649 -0.636659 -4.73651 1.0071 4.45397 4.32217 4.36123 1.04728 4.96937
-1.77429 -1.21426 -4.64853 -14.9328 -17.2742 -5.44908 2.95121 2.86273 4.9238 14.9873 17.3301 6.50095
-10.0676 -0.294208 -3.52371 -23.7355 -21.6261 -1.47117 10.3085 2.90989 3.65113 23.8996 21.9535 1.92812
-20.2929 -1.72567 -0.446715 -26.7657 -25.2419 2.12389 20.4771 2.04836 0.897164 26.9192 25.9145 3.15189
-21.0273 3.52223 4.9367 -27.7989 -24.5328 2.60568 21.6987 4.53121 5.0076 27.9952 25.415 2.66715
-16.0558 5.56979 5.38204 -34.5767 -23.7998 4.64328 17.1392 5.76426 5.39398 34.7479 24.8459 4.84394
-14.4611 5.57 4.20357 -33.6933 -23.7486 5.94489 15.7869 5.95499 4.20627 33.7706 24.803 6.34574
-12.8026 5.07005 3.08687 -36.9112 -25.2743 6.90815 14.1267 5.63056 3.11687 36.9874 26.2953 7.58518
-14.1325 5.59922 2.8151 -38.2223 -23.49 6.14601 15.1565 6.2655 2.84211 38.2689 24.2193 6.83491
-14.7776 5.29488 2.442 -35.8046 -22.2529 5.18364 15.6245 5.92397 2.44943 35.8647 22.8894 5.81434
-15.7355 5.04685 2.50364 -33.9757 -20.1307 4.72093 16.2738 5.55667 2.53193 34.0311 20.5516 5.21476
-16.8438 4.31025 1.99208 -31.606 -18.845 4.20459 17.2266 4.7463 2.00712 31.642 19.0945 4.4478
-15.288 3.07338 1.77353 -30.6691 -17.6323 3.05634 15.4931 3.40808 1.82066 30.6914 17.8365 3.14183
-15.0566 2.02969 1.16901 -29.1635 -17.3329 1.67234 15.3097 2.31392 1.28939 29.1791 17.5608 1.90006
-13.1998 1.68379 0.530837 -27.2953 -17.0039 0.666039 13.414 1.78564 0.940149 27.3137 17.1606 1.27866
-12.2035 0.192747 -0.0870079 -27.0829 -16.0665 0.450175 12.4318 0.533601 1.17246 27.1028 16.1611 2.11689
-11.1282 0.0593442 0.0793535 -26.8867 -15.405 0.123695 11.3067 0.845134 0.931012 26.9072 15.4712 1.64461
-11.0722 -1.11851 0.0146873 -26.3601 -14.8512 -0.816198 11.1992 1.54627 0.488932 26.4243 14.9173 1.34263
-11.7658 -1.67046 -0.0587856 -26.5121 -13.6508 -2.09175 11.8608 2.35938 0.378548 26.5792 13.6888 2.36483
-12.4695 -2.11461 -1.08956 -25.2854 -12.9217 -3.12501 12.5066 2.58557 1.16825 25.3608 12.9558 3.36348
-12.7211 -2.62209 -1.3792 -24.5945 -13.0351 -2.46102 12.7413 2.64746 1.46136 24.6886 13.09 3.24611
-13.0648 -3.95154 -0.0228533 -23.8762 -12.7987 -1.68807 13.1085 3.97631 1.50537 23.94 12.8195 2.13615
-12.2236 -3.53748 -1.65932 -23.6421 -12.2339 -2.29493 12.2572 3.6614 1.8052 23.7097 12.236 2.50518
-11.5131 -3.33431 -2.23032 -23.7206 -12.6188 -3.33852 11.5761 4.07633 2.35326 23.7616 12.6314 3.34738
-11.1632 -2.24912 -2.02215 -24.9425 -12.6452 -3.43308 11.2815 3.84537 2.48844 24.9868 12.7148 3.45131
-10.6092 -2.83489 -2.60466 -25.7876 -13.4211 -2.87352 10.7439 3.33518 2.81671 25.8232 13.5327 2.96233
-10.1989 -2.1716 -1.80968 -26.861 -13.803 -2.20111 10.3462 2.75503 2.59268 26.8839 13.902 2.65047
-10.1918 -1.19763 -0.878902 -27.3477 -13.7283 -0.701581 10.4024 1.7532 1.5934 27.3651 13.7869 1.34769
-10.4726 -0.803105 -0.0405799 -27.5119 -13.4529 0.0584614 10.7138 0.972971 1.24374 27.5212 13.5191 1.21623
-10.8051 -0.0526384 0.18189 -29.1236 -13.1474 0.228474 10.9983 0.530306 1.15311 29.1541 13.2514 1.16934
-10.9661 0.577064 0.387567 -28.9397 -13.9213 0.54201 11.1638 0.95567 1.00566 28.9706 14.0505 1.18355
-10.6288 1.08883 0.570584 -29.3585 -15.0198 0.917764 10.7916 1.48107 1.01456 29.3791 15.1774 1.1921
-11.1092 1.31757 0.750222 -28.7253 -15.4011 1.516 11.3458 1.70154 1.09848 28.7387 15.6251 1.63292
-4.73643 -3.15474 -10.233 -16.7023 -7.56933 -4.25683 4.83658 3.34411 10.2394 16.8712 7.94607 4.47917
-2.40273 -1.84478 -3.14178 -8.38481 -5.00609 -3.34425 2.70247 2.26102 3.4469 8.68403 5.29694 3.96995
-1.15013 0.280351 2.03965 -5.2184 -4.11794 -1.18135 1.52794 0.685517 2.55384 5.5276 4.34197 1.66684
-1.20419 0.444824 2.76052 -5.38895 -4.13148 -0.807937 1.57345 1.88512 2.85879 5.59532 4.74395 1.43663
-1.24947 2.5773 -10.0274 -5.15841 -2.95346 -1.15384 1.50838 2.88042 10.448 5.44779 3.3229 2.43028
0.210262 0.275629 -18.8764 -4.93247 -3.99956 -23.8026 1.8434 1.94145 19.3403 5.24393 4.06239 23.853
-0.175523 -17.4507 -28.5077 -2.61576 0.330095 -27.5363 1.60629 17.5741 28.8877 3.21232 1.34293 27.7005
1.23718 -21.2755 -30.1053 1.35917 0.643625 -27.5946 1.71774 21.2803 30.6249 3.30356 0.907127 27.6866
2.88255 -19.006 -34.258 6.16152 1.61936 -24.6199 3.42416 19.018 34.9131 7.36587 1.74683 24.7436
4.66678 -15.9833 -36.3919 6.18063 3.93237 -25.417 4.68291 15.9963 36.8255 6.46914 4.00935 25.6219
3.6631 -15.8085 -38.7102 4.89076 5.079 -23.4597 3.71795 15.83 39.0572 5.43228 5.16936 23.6779
5.11092 -19.1243 -42.6251 3.99905 5.33704 -21.3371 5.14555 19.2152 42.895 4.1303 5.44852 21.4455
4.98475 -20.9431 -43.3727 3.83566 4.21984 -20.5016 5.11326 20.9836 43.816 4.07384 4.34392 20.5907
4.61491 -17.36 -44.3553 3.35165 4.42764 -20.9923 4.72504 17.3993 44.874 3.57885 4.55052 21.1002
4.01948 -14.1628 -42.0975 2.94098 4.42861 -23.7648 4.035 14.2265 42.6654 3.15738 4.49987 23.9425
3.17084 -12.6437 -39.604 1.66083 4.04904 -24.9206 3.17513 12.7798 40.3208 1.7136 4.1534 25.0876
2.21738 -12.1447 -37.4215 0.870281 2.89999 -24.5077 2.26368 12.3395 38.2996 0.933 3.04872 24.7187
1.53757 -10.9219 -36.0434 0.732728 1.85938 -23.2119 1.6691 11.2397 37.0179 0.912843 1.99323 23.5535
1.00601 -9.78968 -33.2942 0.356958 1.14349 -22.7983 1.35258 10.3135 34.1322 0.484666 1.28644 23.1236
0.312625 -10.0682 -33.0855 0.854721 0.379943 -19.984 0.996552 10.7289 34.0983 0.960693 0.780696 20.3232
0.184182 -11.9021 -32.7942 0.881096 -0.664605 -17.6668 1.12758 12.8118 33.8704 1.13742 1.259 18.0597
-0.703235 -11.2639 -32.3822 0.0361016 -2.2484 -16.5085 1.68269 12.1961 33.4688 1.08736 2.42441 16.9
-1.05173 -9.41814 -32.6221 0.262854 -2.86078 -17.1585 2.10067 10.4683 33.7016 1.13696 3.00232 17.4831
-1.89752 -6.9973 -31.6933 -0.396568 -2.21753 -18.0676 2.42202 8.14336 32.5639 0.566871 2.30306 18.5489
-1.19422 -6.18214 -32.0219 -1.58334 -2.29782 -19.0035 1.56926 7.40572 33.0838 1.84024 2.45572 19.5645
-1.59129 -6.00378 -31.4437 -2.70568 -1.7985 -18.7964 2.01805 7.21204 32.5452 2.821 1.93533 19.3404
-2.04021 -6.66282 -31.2589 -2.88885 -2.45202 -18.0554 2.13349 7.70785 32.5001 2.9914 2.50313 18.5526
-2.27614 -7.24104 -30.7483 -2.34254 -3.41349 -17.9629 2.72284 8.20298 31.9745 2.76515 3.94599 18.4114
-2.7566 -7.34197 -29.9265 -2.41742 -2.374 -18.1121 3.06972 8.33012 30.9732 2.63973 2.61799 18.5456
-2.0337 -7.39472 -31.7838 -2.11316 -1.89359 -17.2274 2.30111 8.28022 32.9107 2.46783 2.13074 17.5767
-1.43538 -7.63723 -31.8382 -1.91146 -0.871351 -17.0921 3.83188 8.38789 32.8729 2.59277 2.36853 17.4925
-0.638749 -7.92345 -32.4853 -1.28236 0.357754 -16.3532 2.45371 8.55304 33.562 1.71193 0.776336 16.8153
0.335226 -8.10662 -32.9522 -0.363289 0.768434 -18.3348 1.89211 8.69792 33.9474 1.28387 1.99356 18.733
0.679684 -7.26469 -34.2083 0.203412 0.672538 -18.9538 1.92895 7.85937 35.2134 0.986413 1.63403 19.2667
0.941721 -6.76469 -35.9527 0.479476 1.05765 -19.5814 2.35928 7.36176 37.0876 0.752602 1.7409 19.8851
1.21937 -7.14225 -36.0355 0.661524 1.53908 -19.7703 2.68623 7.84467 37.1768 0.822673 2.12043 20.1404
-1.18521 -6.36494 -25.3389 -2.12296 -2.21766 -14.9019 2.52172 6.62436 26.0813 2.49314 3.12909 15.2018
-1.68852 -4.49378 -17.3366 -6.62037 -4.00902 -9.13186 2.25372 4.5234 18.1449 7.61698 4.15132 9.16623
1.3594 -2.44274 -9.05458 -4.0053 -0.80727 -5.148 1.76584 2.76305 9.56535 4.30789 1.79154 5.33775
0.977972 -1.19267 -6.33847 -1.80909 0.741916 -4.54833 1.50068 1.72229 6.8654 2.12095 2.07858 5.01357
0.0700308 -3.08589 -7.00031 3.17098 -0.442725 -4.5873 0.315097 3.19427 7.55706 3.81962 1.02464 4.8293
0.951086 -4.05054 -4.24472 -2.54571 -5.78788 -5.60067 1.51262 4.36104 4.40793 3.3058 5.79093 5.88344
-1.45083 -2.27115 -3.20607 -17.9582 -20.1888 -5.55085 2.40651 2.96818 3.74654 18.0534 20.3735 6.26488
-4.30653 -2.15157 -1.87695 -21.3914 -24.3749 2.64306 4.93423 2.87722 2.37423 21.5359 24.6764 3.94167
-18.1665 -1.29005 0.75772 -28.7756 -24.1496 3.93129 18.4888 2.02308 1.14013 29.0457 24.6448 4.03616
-19.3309 3.3555 5.05404 -32.1351 -22.4249 4.79147 19.8666 4.44304 5.11973 32.3403 23.224 4.83488
-17.7926 4.75623 5.52065 -32.5415 -24.0497 4.74766 18.7265 4.88621 5.52654 32.7686 24.8719 5.2821
-15.7929 6.34102 4.51126 -35.8201 -24.7066 5.63411 17.1292 6.8219 4.53965 35.876 25.4459 6.0459
-14.9678 6.12329 3.16072 -37.4325 -24.2932 6.26544 16.4711 6.68279 3.1655 37.4761 24.9476 6.78978
-15.0784 5.5005 2.66154 -37.1703 -22.9378 6.18471 16.1905 6.01873 2.68724 37.2016 23.4901 6.86438
-14.6223 4.73092 2.64628 -35.1511 -22.6736 5.56956 15.5068 5.27809 2.65046 35.1757 23.1428 6.23353
-14.8293 4.15902 2.07718 -32.8309 -21.0013 4.85416 15.4809 4.80837 2.08008 32.84 21.3116 5.27449
-16.2362 4.07822 1.43913 -31.104 -18.8493 3.88933 16.703 4.60632 1.46298 31.1196 19.1881 4.02763
-15.3972 4.01418 0.913332 -30.7607 -16.8773 2.66853 15.6193 4.30582 0.97079 30.7986 17.1499 2.70447
-15.5227 2.43176 0.627026 -30.0094 -15.0381 1.75582 15.7116 2.72444 1.17342 30.0605 15.1519 1.77521
-14.5927 1.43468 0.0904273 -28.1292 -14.2788 0.709498 14.7357 1.46513 0.483581 28.1688 14.375 0.807408
-14.0274 0.479587 -0.086003 -27.7351 -14.6115 -0.166519 14.1363 0.483392 0.521828 27.774 14.6672 0.803624
-13.2849 -0.0865817 0.0805286 -26.4323 -13.9329 -0.211518 13.3641 1.27975 0.542852 26.4695 13.9535 1.07622
-13.3631 -1.6641 0.398716 -25.4154 -13.3357 -1.20918 13.4182 2.70912 0.707365 25.4717 13.346 1.80893
-13.285 -2.02029 0.0627356 -25.7953 -13.3835 -2.74729 13.3112 3.80427 1.2348 25.847 13.4149 3.24181
-13.2588 -3.19223 -1.43614 -24.8362 -12.8939 -3.47373 13.3818 4.00367 1.81169 24.8971 12.9277 3.79139
-12.9636 -1.38269 -2.05947 -24.2709 -12.0992 -2.31803 13.0295 1.41375 2.061 24.3186 12.1076 2.57941
-13.6889 -3.75551 -0.899428 -24.4316 -12.3721 -1.09429 13.7431 4.11598 1.39122 24.4675 12.3803 2.17107
-13.2115 -3.52755 -1.41009 -24.4256 -12.6217 -1.7882 13.3107 3.7342 1.59516 24.4622 12.6408 2.06288
-12.7732 -3.23505 -2.14424 -24.8607 -12.6767 -2.96178 12.8917 3.32555 2.49704 24.9022 12.7151 2.9666
-12.3536 -2.33707 -2.30852 -25.5161 -12.4875 -3.68291 12.4658 2.77462 2.79571 25.5357 12.5421 3.7067
-11.24 -1.74079 -2.17102 -25.9852 -12.5095 -3.06613 11.3731 1.83592 2.48918 26.0108 12.5654 3.08805
-10.5101 -2.03538 -1.8844 -26.6558 -13.5144 -2.09775 10.6541 2.60602 2.32599 26.6797 13.5867 2.59552
-10.8468 -1.1727 -0.912306 -27.0237 -14.3483 -0.541161 11.0974 1.94673 1.35205 27.0289 14.4063 1.0962
-10.7289 -0.439994 0.0991531 -27.6134 -14.6016 0.0728532 10.9725 0.940632 0.974587 27.6279 14.7241 1.13093
-10.8168 0.513426 0.393773 -28.7339 -14.0595 0.535786 11.0388 0.797856 0.990001 28.7938 14.2022 1.38989
-10.5739 1.4637 0.725459 -29.4368 -14.7335 0.749442 10.7919 1.57942 1.01796 29.5261 14.9383 1.21843
-10.4754 2.34399 0.912123 -29.3035 -15.6391 1.1173 10.718 2.45552 1.22164 29.3608 15.8677 1.32331
-7.52384 0.902725 -4.95818 -22.0237 -12.0424 -0.555712 7.67831 1.09293 5.17514 22.041 12.2302 0.876822
-4.26732 -2.41561 -9.24286 -13.9603 -7.11049 -5.26116 4.42354 2.92767 9.31463 14.1384 7.40625 5.5858
-1.89795 -0.92002 -1.60426 -7.00211 -3.724 -2.97964 2.26601 1.23841 1.92909 7.43266 3.90602 3.58447
-1.67916 0.449333 2.61865 -5.33932 -3.22923 -1.0908 1.94531 0.786056 3.04077 5.73052 3.36609 1.54306
-0.447761 1.7876 3.07232 -5.6273 -3.27573 -0.96046 0.644691 2.5125 3.13731 5.76544 3.63404 1.5028
0.248949 2.61533 -13.1885 -5.43364 -3.07006 -17.793 0.761837 3.00513 13.2634 5.74238 3.30552 18.2251
-0.194292 -10.1686 -23.6809 -3.11091 -4.23668 -22.6681 2.3185 10.2251 23.8978 3.75076 4.318 22.8837
-0.908957 -17.2374 -29.2715 -0.759326 1.65207 -27.8795 2.38936 17.2733 29.8055 1.86982 1.71486 28.1417
3.14379 -20.7465 -30.2288 3.8006 0.744533 -27.1956 3.68642 20.7657 30.9265 4.94045 1.18994 27.3073
2.79679 -18.624 -36.7483 6.52845 3.1345 -24.2982 3.15116 18.6297 37.2853 7.26914 3.20936 24.4238
4.61857 -17.2483 -39.3022 5.74036 4.88196 -25.7978 4.66663 17.2771 39.7515 6.28399 4.94379 26.0225
4.04295 -16.833 -42.2156 4.13426 6.22981 -23.6627 4.06878 16.8816 42.4716 4.4587 6.2857 23.761
4.90276 -20.556 -44.6579 3.89188 5.23758 -22.5233 4.95284 20.6222 45.1145 3.96667 5.28479 22.6257
5.28686 -20.421 -46.1323 3.46941 4.52089 -22.3401 5.42554 20.5407 46.5591 3.57062 4.57313 22.4042
4.98317 -18.1585 -45.5766 3.00686 4.03542 -22.4518 5.04257 18.2746 46.1108 3.12671 4.08735 22.5517
4.27483 -15.0141 -43.1652 2.17046 3.84015 -24.0994 4.32417 15.1843 43.8594 2.26035 3.96565 24.2905
3.53864 -13.3744 -41.201 1.26012 3.35716 -25.162 3.53891 13.6746 42.0451 1.28225 3.41166 25.4349
2.2338 -11.8461 -38.6762 0.980581 2.84076 -24.7045 2.27416 12.1743 39.5949 0.986282 2.87789 25.0896
1.03856 -9.58551 -35.72 1.10605 1.91516 -24.314 1.26401 10.1863 36.5845 1.23784 1.98576 24.7882
0.2331 -8.48548 -35.288 1.04112 1.33625 -25.1296 0.989885 9.23668 36.3825 1.22407 1.53498 25.5668
-0.494301 -9.80161 -33.5724 0.436761 0.0843759 -21.9888 1.3036 10.6232 34.6389 0.979172 0.729742 22.4364
-0.644182 -10.5386 -33.5009 0.563402 -1.16998 -19.3449 1.44147 11.5318 34.7528 1.13197 1.34315 19.7625
-0.676252 -9.79791 -33.356 0.854035 -2.19034 -18.8476 1.39719 10.8235 34.5948 1.21445 2.33519 19.3112
-1.51894 -8.97666 -31.748 0.445516 -2.24717 -17.5358 2.42319 10.5514 32.7157 1.42275 2.42643 18.0233
-1.32921 -7.25863 -32.9113 -0.937039 -2.20257 -17.7082 2.01238 8.79746 34.0352 1.45524 2.21697 18.3097
-0.291418 -6.9996 -32.6283 -2.29193 -2.81234 -19.0113 1.26971 8.43825 33.8376 2.45348 2.92279 19.6367
-1.18232 -6.31722 -31.9502 -3.13872 -2.39647 -19.8599 1.48867 7.45724 33.2347 3.16597 2.40604 20.5844
-2.49968 -6.59216 -30.6087 -3.22141 -2.42082 -19.2848 2.64635 7.61484 31.7456 3.32588 2.46213 19.8953
-2.7119 -6.4737 -30.9202 -2.66692 -1.6065 -18.8247 2.74421 7.2598 32.0785 2.79818 1.73429 19.3721
-2.46324 -7.53006 -31.2073 -2.0088 -1.59178 -18.6684 2.55227 8.55608 32.423 2.10145 1.73844 19.2277
-2.30966 -8.07827 -31.0279 -1.6905 -1.29092 -18.1565 2.70786 9.07143 32.1908 1.81559 1.5632 18.6759
-1.65875 -8.84338 -32.4852 -1.78833 -0.856409 -17.2955 2.86423 9.68672 33.6709 1.96028 1.38048 17.7618
-0.943298 -9.04956 -33.0563 -1.00439 -0.0906714 -16.5532 2.30108 9.93204 34.1501 1.19773 0.295747 17.0716
0.13302 -9.21415 -33.139 0.00546268 0.451738 -16.8746 2.06782 10.0159 34.1011 0.792281 0.760692 17.3897
0.465856 -8.91441 -33.4757 0.399841 0.827522 -17.6452 2.1988 9.6987 34.3602 0.78807 1.30736 18.2521
0.709389 -9.32347 -34.3632 0.495375 1.26555 -18.4212 2.31749 9.85996 35.338 0.778943 1.67263 18.9028
1.16853 -8.64741 -35.9189 0.588041 1.84042 -18.5265 2.39797 9.29966 37.0531 0.767992 2.22463 19.1807
-2.13456 -6.02796 -21.4533 -4.88092 -3.72783 -12.1088 2.8991 6.08582 22.4264 5.35569 4.3482 12.2311
-1.14443 -3.51993 -14.6816 -7.60926 -2.54355 -6.71779 1.99035 3.63027 15.3063 9.15567 2.73524 6.74488
2.00325 -2.29854 -7.38419 -2.39483 0.218692 -4.03349 2.42832 2.8307 7.87487 2.50056 1.90561 4.23368
0.925444 -1.45461 -5.07649 -0.284818 1.04926 -3.69367 1.58071 2.0417 5.43349 1.66488 1.84324 4.15045
0.301872 -2.54337 -4.83389 4.31002 -0.0362006 -5.40074 0.490679 2.94506 5.16156 5.21129 1.17549 5.77486
-0.603176 -4.53911 -4.52942 -12.8042 -12.5859 -4.00915 1.51544 4.76804 4.73266 12.8514 12.75 4.38096
-2.20577 -3.28262 -3.01968 -18.3992 -20.8565 -1.62694 2.92715 3.73839 3.61211 18.5504 21.327 1.98771
-18.583 -2.53061 -0.749893 -21.9496 -21.418 3.36362 18.8304 2.7636 2.10577 22.0325 22.0982 3.99534
-21.9175 1.83233 3.34618 -29.2066 -23.2965 3.12858 22.3466 2.48082 3.71632 29.3076 24.1978 3.17228
-20.1592 3.075 5.19989 -32.1578 -23.226 4.7125 21.2777 3.22624 5.28727 32.2826 24.3711 4.78295
-16.4105 5.69647 4.92033 -34.8126 -24.2537 6.10475 17.6364 6.04812 4.93384 34.8556 25.1869 6.45056
-14.9995 5.18291 3.93485 -34.9311 -26.0119 6.63175 16.1964 5.58077 3.95035 34.9888 26.9417 6.98749
-14.8394 5.43808 3.30705 -36.41 -24.0637 5.97873 16.096 5.85553 3.32564 36.4389 24.8412 6.38941
-15.1503 5.12664 2.84543 -35.593 -23.1108 5.78858 16.2336 5.61316 2.8657 35.6425 23.7522 6.22183
-14.816 4.2257 2.1139 -34.9176 -21.26 5.65697 15.6894 4.68534 2.16059 34.9306 21.5865 6.10551
-15.695 3.89479 1.69462 -33.9512 -19.7747 4.74217 16.2771 4.36265 1.73842 33.9517 20.1284 5.05129
-15.6193 3.08649 1.15264 -31.931 -17.7056 3.27768 16.0475 3.4551 1.20334 31.9319 17.9604 3.48156
-15.4764 3.06749 0.631194 -30.9685 -16.5445 2.24231 15.7974 3.27688 0.705514 30.988 16.7697 2.43972
-14.814 2.46899 0.521013 -29.5434 -16.0353 1.30914 15.0624 2.61792 0.892877 29.5532 16.1806 1.35897
-13.2215 1.34742 0.402488 -29.1256 -15.2742 0.767859 13.3505 1.88839 0.552561 29.1484 15.3239 0.977074
-12.8846 1.14627 0.618867 -27.4739 -15.3221 -0.00497779 12.9553 1.80711 0.924298 27.5299 15.3663 0.924207
-12.5621 0.17567 0.066414 -28.5066 -15.3198 -1.17278 12.6562 1.36423 0.612762 28.5829 15.3323 1.45112
-12.4203 -1.32149 0.453507 -26.9719 -14.7462 -2.06972 12.4945 1.99039 1.02316 27.0598 14.7463 2.64281
-12.216 -3.30123 -0.165226 -26.09 -13.7879 -2.53022 12.2744 3.51172 0.641107 26.1708 13.7899 2.99958
-12.4917 -2.63849 -1.0668 -26.6958 -13.1858 -3.14302 12.542 3.6536 1.17456 26.7805 13.193 3.26697
-12.3535 -2.3879 -0.820828 -26.0609 -12.1168 -1.16619 12.4062 4.11887 1.88136 26.1413 12.123 1.3541
-12.5415 -3.46284 -1.83853 -26.2522 -11.8636 -3.48405 12.5686 4.22755 2.18924 26.2987 11.8792 3.5194
-11.8197 -3.41671 -1.82856 -27.1607 -12.4522 -4.29481 11.8221 3.50674 1.93101 27.2048 12.477 4.62508
-11.2114 -2.73776 -1.67114 -27.8055 -12.8756 -2.79791 11.2249 3.5426 2.09848 27.8677 12.9038 3.22657
-10.876 -3.15911 -1.92212 -28.2043 -12.8354 -1.84396 10.9669 3.78139 2.46079 28.2775 12.8413 2.24881
-10.5117 -2.16477 -1.70821 -29.094 -12.5363 -1.43703 10.5717 2.28737 2.06176 29.1484 12.5439 1.59185
-10.5743 -1.34819 -1.2805 -29.7181 -12.6911 -1.01928 10.6484 1.58424 2.01089 29.7635 12.7233 1.03171
-10.8381 -0.496224 -0.575657 -29.6187 -13.2763 -0.711449 10.9076 1.07871 1.00963 29.6824 13.361 1.12319
-10.9137 0.0250783 -0.0695169 -30.253 -14.1347 -0.109253 10.9719 1.21043 1.20311 30.3115 14.2482 0.859475
-10.3083 0.457571 0.347803 -30.3606 -14.5008 0.636608 10.356 1.23224 1.216 30.3848 14.5863 1.03539
-10.5427 1.22807 0.468691 -31.6724 -14.9636 1.31008 10.6363 1.53346 0.905403 31.6921 15.0342 1.6596
-10.9254 1.84137 0.873244 -30.3433 -15.1108 1.4371 11.0861 2.09582 1.19149 30.3458 15.2024 1.69575
-5.30702 -2.20807 -10.6713 -19.5587 -7.91763 -3.22466 5.41237 2.53282 10.6818 19.692 8.12431 3.35402
-2.41959 -2.39694 -7.07546 -11.1576 -4.49111 -4.41473 2.7115 3.03507 7.13796 11.5228 4.72283 4.97188
-0.845513 0.412099 1.26877 -6.77813 -3.1784 -0.908561 1.29727 0.815506 1.91983 7.14867 3.31558 1.78013
-0.0526047 1.96307 1.74649 -6.39485 -4.34142 -1.00774 0.790297 2.56898 1.88724 6.57173 4.93685 1.45324
-0.546906 2.56586 -16.6576 -6.49197 -2.89199 -0.709569 0.669628 3.09939 16.7596 6.65042 3.25708 1.6083
1.6723 0.67569 -19.4085 -6.91138 -0.795178 -1.15152 1.97798 1.38972 19.7564 7.00417 1.25586 2.11205
4.10658 -0.220888 -20.6223 -11.1647 2.72387 -3.17161 4.4854 0.503289 21.003 11.1756 3.10596 3.54213
3.97313 -7.76355 -15.7242 -5.7603 2.54221 -17.2273 4.03794 7.80528 16.9468 5.76808 2.68564 18.6614
2.57231 -16.0014 -20.4297 -3.27427 1.80744 -30.1221 2.78552 16.2029 21.9712 3.44542 2.47794 30.7376
1.82892 -14.8123 -29.0052 4.86416 2.01098 -35.5805 2.10297 14.8698 29.7925 6.06246 2.22564 35.7718
1.4765 -13.8708 -37.3484 6.72984 1.76024 -30.8186 2.10426 13.9832 37.8325 7.33692 2.1233 31.2986
3.44176 -18.3497 -44.9975 5.21642 5.31158 -22.1174 3.49124 18.3938 45.8681 5.69874 5.39658 23.1225
5.91473 -25.1991 -47.7777 4.11708 6.27757 -19.3978 6.03968 25.2824 48.3426 4.526 6.43193 20.5333
6.72416 -26.4044 -46.3383 3.04759 4.90698 -16.1129 7.57643 26.5147 46.8934 3.09744 5.06759 16.904
5.32478 -23.2333 -44.5116 2.96983 4.64264 -18.4611 5.68084 23.2967 45.1481 3.02239 4.81393 18.828
3.66786 -15.2854 -42.7094 2.34266 3.57859 -24.2048 3.7134 15.6464 43.5012 2.37571 3.84353 24.2807
2.36736 -10.1715 -42.0312 1.23787 3.42523 -28.6709 2.37786 10.402 42.9164 1.30842 3.44266 28.9242
1.33643 -8.74621 -39.0345 0.989648 3.48338 -29.9562 1.40942 8.88949 40.0847 1.00242 3.52076 30.2869
0.626977 -8.89741 -35.3478 1.1915 2.49473 -28.0362 0.961384 8.9142 36.3406 1.21244 2.58855 28.4708
0.0569807 -9.9906 -32.1239 0.978014 1.35432 -25.6927 0.883315 10.047 33.1914 1.11595 1.60985 26.1752
-0.395865 -9.83668 -30.5657 0.587384 0.298666 -23.2025 1.41716 10.0295 31.728 0.643713 0.789915 23.7833
-0.956175 -10.2181 -28.247 1.18162 -1.45286 -20.499 1.82187 10.6732 29.3282 1.19907 1.56443 21.0581
-1.85264 -10.7065 -29.4004 0.848003 -2.92371 -19.0165 2.4903 11.3381 30.5738 0.897223 3.10199 19.5898
-0.675165 -10.4773 -29.2658 -0.628106 -2.78472 -17.4374 0.95878 10.9685 30.2356 1.36432 2.97066 17.8511
0.0460224 -9.33333 -29.8433 -1.51408 -3.93714 -17.5629 2.054 9.81443 31.021 1.7478 4.13197 17.9021
0.862472 -7.53717 -28.3492 -2.87461 -4.10108 -18.6808 2.54704 7.92149 29.2864 3.1413 4.32285 18.963
-0.420464 -6.33976 -30.4091 -3.32017 -3.28014 -19.0491 3.05816 6.83304 31.5124 3.56104 3.34014 19.3581
-2.96411 -6.22567 -29.2004 -3.46459 -2.572 -19.3721 3.08427 6.69449 30.1463 3.90258 2.80797 19.7066
-2.01038 -6.63055 -29.4231 -2.87199 -0.844572 -18.7275 2.14722 7.1507 30.5003 3.11512 1.04056 19.0801
-2.86578 -6.9556 -27.9016 -1.86515 -0.859219 -18.5321 3.4478 7.48292 28.9002 2.25235 1.87901 18.9144
-1.8618 -7.83001 -27.4129 -1.82132 -0.106158 -18.6264 4.16857 8.2413 28.3547 2.13679 1.24307 19.072
-1.10395 -8.22322 -28.9165 -1.1512 0.151802 -18.3902 2.11227 8.56265 29.9475 1.56582 0.392891 18.7594
-0.277959 -9.02234 -29.5374 -0.132342 0.0724688 -18.2698 1.57125 9.34911 30.5615 0.877318 1.18683 18.5259
0.40225 -9.26683 -30.2304 0.151074 -0.228009 -18.0101 1.49979 9.65121 31.1942 1.21228 1.77402 18.1428
0.776383 -9.6188 -31.7726 0.0153886 -0.0219801 -17.4257 2.21939 10.0459 32.7027 0.852083 1.46869 17.4952
0.987655 -9.98997 -33.3391 0.0162293 0.773626 -18.0284 2.46954 10.3535 34.4122 0.628807 1.57468 18.0996
0.813981 -10.6297 -33.7024 0.686897 1.69614 -18.289 2.56797 10.9362 34.702 0.950296 2.33311 18.4626
-2.35273 -5.77083 -18.7942 -6.86875 -4.5111 -11.2905 2.71494 5.87142 19.678 7.23457 4.88445 11.3212
-1.28011 -1.93965 -12.7686 -7.62522 -2.21528 -7.06613 1.91958 2.33719 13.2926 8.85451 2.40461 7.19708
1.90313 -0.913048 -7.1824 -2.15391 0.827746 -4.11145 2.26339 2.16165 7.74425 2.4892 2.38332 4.44033
0.832555 -2.96118 -5.48342 2.1022 0.473848 -3.55616 1.44921 3.29915 5.85417 3.88151 1.35063 3.85003
0.512379 -4.10604 -4.07132 2.19448 -6.47765 -5.01182 1.28144 4.53368 4.24012 3.02254 6.49379 5.24365
0.0556988 -2.70126 -2.86411 -21.1034 -17.9894 -4.9214 1.60819 3.3773 3.37269 21.1268 18.114 5.02586
-2.10614 -2.11465 -1.64119 -23.5043 -26.035 1.28987 2.65518 3.05799 2.48482 23.5195 26.4121 3.17716
-13.9765 -1.15288 -0.340545 -30.2461 -22.5605 2.85865 14.0591 2.13551 2.20901 30.5559 23.0953 2.92779
-20.0854 3.17038 4.01096 -33.2088 -21.4801 4.76837 20.405 4.18548 4.5512 33.4872 22.1848 4.85389
-18.8 5.68917 5.23526 -35.183 -22.4596 4.21885 19.5436 6.02065 5.32386 35.3241 23.0678 4.47399
-16.4794 6.11991 4.67149 -34.6728 -23.6941 4.45851 17.2332 6.85076 4.69524 34.7242 24.0999 5.0312
-16.1064 4.58565 3.58173 -35.9403 -25.3257 5.70035 16.874 5.3691 3.58251 35.9665 25.8005 6.29454
-14.771 4.63799 3.60947 -37.0368 -25.7817 5.27049 15.5067 5.18955 3.61408 37.0429 26.1569 6.04356
-14.5744 4.83812 2.98371 -35.286 -24.9335 5.65402 15.22 5.62569 2.99518 35.3152 25.3614 6.71737
-14.0194 4.30062 2.32327 -34.4162 -22.1765 4.89286 14.5681 4.9604 2.37501 34.4579 22.5453 5.61308
-13.7406 4.39417 1.3661 -34.3127 -19.3276 4.03886 14.1208 5.05686 1.45569 34.3746 19.6214 4.47357
-13.4615 2.85019 0.580469 -33.1571 -17.7147 3.18183 13.6764 3.41964 0.779196 33.2357 17.9974 3.41259
-13.4816 2.48458 0.251691 -31.8944 -16.9789 2.13829 13.7044 3.18161 0.824777 31.9866 17.2986 2.28851
-13.7972 2.51531 -0.348035 -30.2917 -15.4646 1.47079 13.936 2.72283 0.683648 30.3584 15.6411 1.66192
-13.2004 1.64235 0.0906916 -28.9959 -14.4604 0.684641 13.2773 1.77877 0.711056 29.0326 14.5373 0.905691
-12.9161 1.1858 0.140272 -27.287 -15.065 -0.206236 12.9413 1.21379 0.657931 27.3534 15.1222 0.893554
-12.657 -0.136103 0.204148 -26.0308 -15.1457 -1.54819 12.6698 0.482859 0.476432 26.0718 15.2053 1.95709
-11.907 -1.99328 0.170139 -25.712 -14.5199 -2.16953 11.9495 2.14256 0.277726 25.7477 14.5354 2.57698
-11.3101 -3.57993 0.778289 -25.0752 -14.4146 -2.48226 11.3237 3.74604 0.914152 25.135 14.4195 3.14787
-11.1463 -1.60438 -0.120783 -24.9576 -14.0278 -3.38792 11.2072 1.7757 1.08767 25.0256 14.0489 3.69126
-11.0603 -3.18057 -0.973706 -25.3774 -12.8831 -2.71453 11.1167 3.20666 1.04586 25.4388 12.9048 2.77273
-11.0677 -3.44204 -1.10241 -25.9748 -12.3128 -2.28567 11.0913 3.682 1.18537 26.0393 12.3411 2.3467
-11.039 -3.2293 -1.86808 -25.9433 -12.4106 -3.39899 11.0487 3.25729 2.0902 26.0026 12.4671 3.43495
-10.5791 -2.85599 -2.58918 -25.836 -13.2749 -3.11046 10.6102 3.25198 2.93325 25.8892 13.3437 3.40368
-10.6488 -3.4045 -2.46969 -26.2073 -13.6847 -2.05388 10.7581 3.65302 3.10036 26.2565 13.7648 2.4842
-10.4829 -2.12437 -2.49964 -26.8714 -13.8366 -1.6949 10.5834 2.30988 2.84453 26.9058 13.9255 2.37292
-10.373 -1.27329 -1.1772 -27.4032 -13.4309 -0.88642 10.4454 1.84978 1.74783 27.4343 13.4968 1.0403
-10.3017 -0.47264 -0.220778 -27.5895 -14.0456 -0.566993 10.3863 1.17461 1.21301 27.6219 14.1352 0.741738
-10.2354 0.23465 0.456552 -28.3917 -14.6942 -0.341956 10.2925 1.22584 1.27355 28.4342 14.8577 0.622393
-10.0073 0.874516 0.647433 -29.4825 -15.2752 0.277357 10.0807 1.51664 1.63121 29.5182 15.4473 0.63877
-9.59648 1.22423 0.751634 -30.8267 -15.4873 1.08403 9.71892 1.60413 1.37699 30.8557 15.7042 1.27423
-9.97996 1.82055 0.683739 -30.8331 -15.1655 1.62116 10.2174 1.93955 1.1245 30.84 15.4405 1.76364
-5.90694 -1.42135 -8.72684 -19.0082 -8.96839 -2.12235 6.12117 2.25545 8.73559 19.1295 9.29577 2.63773
-2.75264 -2.96545 -7.44168 -10.977 -5.15488 -4.78884 2.96751 3.49763 8.13814 11.3533 5.52155 5.87417
-0.550565 0.316587 -0.423795 -6.20185 -3.9756 -1.90958 1.69486 1.23775 2.39617 6.7544 4.2396 2.73501
-1.41767 0.502173 1.87859 -5.59752 -3.69822 -1.46309 1.74237 2.27128 2.19156 5.79052 4.22471 1.98658
-0.7488 2.70674 -4.03872 -5.96823 -2.00575 -1.26549 0.826419 3.17856 4.50377 6.15505 2.41745 1.83603
1.16133 -1.0404 -8.11717 -5.8533 -2.34884 -21.7162 1.71534 3.38471 8.38081 6.1765 2.62977 21.8689
0.740215 -16.9579 -25.8937 -5.75458 -1.98818 -26.4056 1.53918 17.0366 25.9237 5.96589 2.04555 26.6984
2.51269 -20.3907 -26.3503 -1.47442 1.42074 -30.7242 2.66378 20.4123 26.4916 2.05932 1.52389 30.9714
2.55393 -19.1344 -31.5579 4.52167 1.24006 -29.1135 2.99411 19.2496 31.7578 5.44488 1.56803 29.4417
4.43628 -19.2835 -36.7854 6.46631 4.60867 -24.5753 5.01236 19.3309 37.0063 6.75603 4.69299 25.0472
4.52668 -21.1013 -40.3974 4.26851 5.72159 -21.9725 4.63883 21.1771 40.5165 4.52852 5.79449 22.5099
4.82553 -23.3628 -44.5775 3.34185 5.61744 -20.2537 4.83843 23.3934 44.8004 3.40951 5.71821 20.5058
4.63547 -22.9951 -45.1885 3.73229 4.9668 -21.0021 4.80734 23.0463 45.4898 3.8978 5.04993 21.1305
4.62122 -19.2021 -44.485 3.024 4.22878 -23.6087 4.69382 19.268 44.8663 3.09922 4.33979 23.6477
3.73815 -16.0634 -42.4278 2.6745 4.04058 -26.0093 3.76433 16.155 42.8553 2.7333 4.19839 26.0795
3.20162 -14.7789 -40.1857 1.71104 3.58189 -26.7897 3.21904 14.9096 40.7191 1.79033 3.7354 26.869
2.05748 -14.113 -37.7179 0.849429 2.66351 -25.6685 2.19409 14.334 38.3831 0.904955 2.69453 25.8325
0.939647 -12.7846 -36.2161 0.623695 1.74491 -24.0817 1.44898 13.1417 36.9952 0.712681 1.78109 24.3358
0.229328 -12.4189 -34.5615 0.672747 1.13349 -21.9037 1.33722 13.1767 35.3359 0.93019 1.18669 22.2198
-0.0127613 -12.7008 -32.922 0.07212 0.018991 -19.0339 0.871897 13.4503 33.637 1.13964 0.417256 19.3533
0.173857 -11.5724 -33.6065 0.188953 -1.06882 -18.0723 0.925252 12.336 34.4366 1.86195 1.63436 18.4275
0.661907 -10.2027 -33.7586 0.788725 -2.30217 -17.9603 1.43438 11.0752 34.625 1.94059 2.59264 18.375
-0.58205 -8.79331 -33.4464 0.0622966 -2.48535 -17.9023 1.66753 9.78576 34.4406 1.21117 2.53398 18.3074
-1.5529 -7.03847 -31.4846 0.151504 -1.83484 -18.4351 2.21707 8.29114 32.4101 0.892477 1.95684 18.8987
-0.0667295 -6.85883 -31.3704 -1.44555 -2.08459 -19.9943 0.771922 8.0024 32.4254 1.51351 2.12596 20.5459
-1.37051 -7.16474 -30.3918 -3.18176 -2.14638 -20.1662 1.57917 8.21316 31.4738 3.27705 2.16455 20.7926
-2.059 -8.4236 -29.6208 -2.90751 -2.93892 -19.3606 2.93252 9.36472 30.7565 3.44205 3.11385 19.9145
-2.31153 -9.30339 -27.6121 -2.66562 -3.50779 -18.1203 2.36003 10.052 28.5718 2.84213 3.61894 18.5029
-2.31838 -8.82057 -29.2449 -2.2295 -2.4533 -17.2891 2.51021 9.8426 30.3181 2.39375 2.53683 17.5827
-1.70999 -8.79712 -29.927 -2.03719 -2.30048 -17.6323 1.86885 9.70883 30.9352 2.4758 2.77525 17.918
-1.50066 -8.58183 -30.0853 -1.90666 -0.838525 -17.0134 2.01938 9.53904 30.8852 2.13196 1.29203 17.3546
-1.18387 -9.2822 -31.2167 -0.992201 0.476133 -16.7042 3.05869 10.0715 32.0406 1.31846 1.00273 16.9763
-0.631598 -9.44236 -31.9053 -0.494935 0.836388 -17.2505 1.9949 10.1376 32.7413 1.04179 1.33631 17.5301
0.0648116 -9.36575 -31.4706 -0.14395 0.880933 -17.9779 1.92284 10.0119 32.2451 0.778767 1.40403 18.2005
0.272396 -9.35257 -31.2675 0.216734 0.835403 -18.7977 1.75554 9.96184 31.9761 0.724556 1.31636 19.007
0.391642 -9.30528 -32.2468 0.762568 1.02324 -19.8162 2.07355 9.89142 32.9935 0.981584 1.46085 19.98
-1.0962 -7.60877 -23.5107 -2.56711 -2.19354 -15.6114 1.9121 7.91612 24.0636 2.64216 3.13052 15.7165
-1.4266 -3.98094 -15.8672 -7.87003 -13.3687 -10.3136 2.17153 4.03246 16.5851 8.47636 13.4018 10.4055
1.43213 -3.38249 -7.18595 -5.1295 -19.8697 -6.97512 1.64363 3.75024 7.92982 5.575 20.0224 6.99496
-2.88412 -6.99225 -2.29909 -0.975076 -20.7843 -1.99177 2.94098 7.09638 3.67063 2.71066 21.2382 2.34453
-7.30351 -10.4755 1.12416 0.682368 -19.0045 -2.59453 7.38049 10.5603 2.02823 2.29536 19.3846 2.79278
-5.84144 -7.32631 3.04466 -30.5856 -15.0575 -5.42186 6.25014 7.4732 3.08302 30.7226 15.6038 5.72356
-9.23689 -2.37838 2.80606 -34.7589 -23.574 0.751416 9.39923 3.14796 2.94848 34.8539 24.2875 1.80684
-13.0301 0.723955 2.26466 -40.3675 -20.2528 4.14184 13.1924 2.41088 2.48444 40.3982 20.6943 4.34657
-18.5642 4.72984 3.4444 -34.8566 -21.9438 6.49468 18.8026 4.89659 3.55494 34.9302 22.623 6.80256
-18.5039 5.69861 3.79202 -32.7682 -22.1753 4.30782 18.55 5.93289 3.82813 32.7788 22.5842 4.43491
-17.4718 5.36243 4.41365 -32.5608 -21.4467 4.47646 17.5084 5.95897 4.46798 32.5755 21.8846 4.62556
-16.2994 4.49446 4.33271 -31.3195 -20.3419 4.29247 16.4092 4.96925 4.36411 31.3652 20.6056 4.54044
-16.4692 4.31598 3.48192 -38.5211 -23.1119 4.62952 16.5243 4.79508 3.50496 38.5661 23.2676 5.12309
-16.0598 4.31971 3.02618 -41.154 -23.5948 4.61642 16.0816 4.92324 3.03918 41.1775 23.8585 5.14769
-14.7976 4.23657 2.73955 -42.1526 -21.0162 4.72453 14.7995 4.81013 2.74546 42.164 21.1094 5.15821
-14.4509 3.55705 1.8113 -41.8954 -19.3356 4.0652 14.4625 3.92861 1.90218 41.8958 19.4424 4.2482
-14.2947 3.11848 0.580208 -39.8535 -17.682 3.60716 14.322 3.49169 0.936053 39.856 17.692 3.73546
-14.1387 3.22803 0.138713 -38.1898 -15.1915 2.84519 14.1889 3.45476 0.560413 38.2203 15.2046 2.99606
-14.146 2.98534 -0.0623425 -36.9393 -14.1304 1.90305 14.2095 3.01851 0.641704 37.0002 14.1841 2.11574
-14.2544 1.52367 0.0631978 -35.3596 -12.7273 1.24934 14.3612 1.92722 0.261177 35.4109 12.7615 1.41959
-13.675 1.34022 0.230788 -33.4654 -11.914 0.582663 13.8303 1.56155 0.453877 33.5242 11.9633 0.610274
-12.6808 -0.171195 0.0723538 -31.8575 -12.8243 -0.170743 12.8735 0.873562 0.674098 31.9711 12.9292 0.301023
-11.897 -1.1915 0.324858 -31.7568 -13.1307 -1.15506 12.1297 1.42881 0.476639 31.8997 13.3227 1.33249
-11.9043 -2.70192 0.436442 -30.4621 -13.3106 -2.41086 12.1135 2.72546 0.466801 30.6324 13.4365 2.57964
-11.5341 -2.34176 -0.229796 -29.3748 -11.1759 -3.62387 11.7877 2.45323 0.25841 29.518 11.3294 3.73398
-11.1636 -2.78955 -0.990261 -29.8577 -11.2796 -3.98038 11.4219 2.84083 1.13736 29.9827 11.4632 4.03783
-10.9452 -4.17852 -0.370347 -30.2325 -10.8595 -1.19868 11.117 4.33001 1.85484 30.3718 11.0139 1.59107
-10.8648 -4.31346 -2.48956 -30.4622 -9.74149 -1.9105 10.9759 4.48994 2.82175 30.6186 9.92959 2.36696
-10.8958 -3.2394 -2.43831 -30.9358 -9.58256 -2.83186 11.0259 3.37165 2.50824 31.1055 9.73542 3.09935
-11.1031 -2.55532 -2.22734 -31.1582 -9.97238 -3.05344 11.2112 2.88474 2.47765 31.3079 10.0514 3.2978
-10.7422 -1.72069 -2.18959 -31.2394 -11.2193 -2.58081 10.8659 2.03067 2.47357 31.3615 11.2497 2.59319
-10.2679 -1.2552 -1.54146 -31.507 -12.2031 -1.84541 10.3457 1.71861 2.09827 31.6266 12.2441 1.89683
-10.4249 -1.03981 -0.794075 -32.1225 -12.3268 -0.661058 10.4689 1.82133 1.6356 32.2281 12.3912 0.95081
-11.105 -0.929126 -0.239836 -32.6256 -11.9555 0.0159815 11.1106 1.561 1.15483 32.7221 12.0304 0.768878
-10.8697 -0.48207 -0.0798191 -33.9324 -11.9966 0.375888 10.8761 1.10649 1.03045 34.0181 12.0523 0.891692
-10.7958 0.428734 0.312038 -34.8369 -12.1761 0.927184 10.801 1.27629 0.998787 34.9071 12.207 1.19415
-10.9067 1.05771 0.395112 -34.9047 -12.1316 1.28178 10.9138 1.51034 0.773704 34.9677 12.149 1.4904
-7.92791 -0.891839 -4.41861 -26.7057 -9.23488 -0.0193908 7.94555 1.16854 4.57141 26.7904 9.24543 0.530156
-4.0373 -5.44277 -8.74058 -17.1098 -4.67859 -3.50178 4.06395 5.5036 8.83203 17.4423 4.7917 3.66419
-2.05132 -2.39817 -1.66616 -9.37753 -2.72845 -1.24906 2.59733 2.53488 1.92082 9.93629 2.82303 1.71567
-1.33542 -0.11188 1.48665 -6.60156 -3.00188 0.222152 1.77715 1.17067 1.88411 7.07038 3.12976 0.489924
-2.95675 1.24566 3.83634 -6.29025 -2.49005 -0.585106 3.12569 2.08713 3.92961 6.6111 2.77032 1.28617
-1.10063 -8.51582 -12.4881 -7.05694 -2.3356 0.562608 1.19131 8.54838 12.5938 7.39773 2.66545 1.25627
-0.0981305 -18.1398 -16.0612 -7.15818 -2.34636 -3.42469 1.22747 18.1919 16.1043 7.46548 2.62202 4.28656
4.21 -22.505 -26.0792 -4.10099 -2.9653 -27.201 4.44657 22.5477 26.0889 4.76316 3.02283 27.2766
2.07251 -19.4261 -30.4624 -0.170343 -0.527685 -30.1964 2.56027 19.5614 30.5275 2.33317 0.62668 30.5865
3.81191 -18.3612 -31.9729 4.43933 2.6183 -30.3488 3.90383 18.5934 32.1016 5.45374 2.74419 30.7338
3.99 -18.8659 -37.4411 6.4052 4.63453 -28.8161 4.28668 19.1094 37.5555 6.60747 4.65996 29.369
5.15309 -22.1286 -37.5832 4.49202 5.51698 -26.4798 5.22755 22.2091 37.617 4.58932 5.53167 27.2332
4.78943 -25.0934 -39.0201 3.767 5.4136 -23.248 4.79632 25.1061 39.2165 4.0586 5.50973 23.9531
4.51811 -25.1753 -39.2549 3.82835 4.15905 -21.444 4.58157 25.2006 39.3586 4.04807 4.2164 22.0405
4.39172 -21.4583 -39.1654 3.34103 3.82749 -22.6957 4.42158 21.4661 39.3966 3.58819 3.92257 23.0101
3.69537 -17.518 -38.3623 2.61487 4.25676 -24.2472 3.78629 17.5202 38.4785 2.77521 4.3287 24.3662
2.67227 -14.8309 -36.8332 1.26366 3.79587 -25.6813 2.89699 14.8349 37.0363 1.27177 3.82131 25.7527
1.78393 -13.0613 -35.3989 0.800971 2.77994 -26.2151 2.01203 13.0958 35.6409 1.01147 2.78114 26.2473
1.04577 -10.9938 -33.615 0.16107 1.83505 -26.1321 1.30474 11.1467 33.8836 0.915535 1.96182 26.1756
0.456153 -9.67851 -31.6847 0.118003 0.816759 -25.5396 0.745927 9.90846 32.1331 1.11071 1.65175 25.6436
0.128948 -9.41729 -30.4633 0.140255 0.100976 -24.3653 1.09548 9.8047 30.9645 1.05278 0.530422 24.4993
-0.639956 -9.88539 -28.5641 0.896207 -0.514827 -23.819 1.70486 10.2451 29.0028 1.10162 1.0496 23.9745
-1.85461 -10.2074 -29.3368 0.580698 -1.93682 -22.1634 2.44596 10.5485 29.8001 0.767644 2.39012 22.3811
-1.97104 -10.1211 -27.6495 0.0912313 -2.46981 -22.0958 2.25296 10.4791 28.1223 0.413555 2.58614 22.2981
-1.41728 -8.74014 -28.174 -0.991099 -1.15249 -21.7089 2.32474 9.16251 28.6773 2.29199 1.75308 21.856
-1.65086 -7.84827 -27.4344 -0.71912 -4.22791 -21.3139 2.7492 8.42631 27.9342 1.29285 4.37489 21.4156
-1.14945 -7.17083 -27.0894 -2.47571 -3.07088 -20.9433 1.98871 7.81647 27.5039 2.93628 3.19681 21.0783
-2.14697 -7.29134 -27.8973 -2.69108 -2.97229 -20.8135 2.63869 7.95688 28.3728 3.00544 3.14199 20.9401
-2.9753 -7.64915 -27.3156 -2.52339 -1.43802 -20.2178 3.08625 8.20364 27.7096 2.63526 1.50106 20.3405
-2.5037 -8.08908 -27.9724 -1.77324 -1.46761 -19.3 3.09539 8.3631 28.3549 1.92629 2.20855 19.4235
-2.26572 -8.26696 -28.6996 -2.2339 -1.27781 -19.481 2.89944 8.50981 29.0999 2.40565 1.48664 19.5733
-1.46911 -8.12259 -28.3054 -1.29229 -0.77685 -19.5636 2.03176 8.37393 28.611 1.70911 1.08932 19.6569
-0.481623 -8.22782 -29.6073 -0.914026 -0.320303 -19.8813 1.20299 8.53667 30.0208 1.62523 1.39447 19.9327
0.290354 -8.87828 -29.2706 -1.02876 0.0647791 -20.2273 1.52911 9.21616 29.6514 1.51167 1.25588 20.2578
0.243959 -10.0084 -29.5834 -0.308852 0.82888 -19.849 1.68462 10.2387 29.9698 0.809802 1.5988 19.8775
0.548788 -10.6371 -28.6602 0.737354 1.12793 -20.7006 2.0808 10.7667 29.0132 0.953984 1.81308 20.7391
0.950015 -11.5123 -29.1741 1.16692 1.51093 -19.7805 1.91446 11.6185 29.5251 1.35505 2.03932 19.8518
-1.15984 -8.68676 -19.0662 -4.60023 -3.71479 -13.7987 1.80549 8.70852 19.4238 4.70458 4.20071 13.8858
-1.56545 -4.66174 -13.2696 -8.94372 -4.43589 -8.50593 2.02322 4.93767 13.5226 9.69483 4.443 8.626
0.861913 -1.99565 -7.03578 -2.63328 -1.40416 -5.28419 1.19 2.57973 7.17538 3.40549 2.40982 5.56662
0.64544 -1.85923 -4.73647 1.08211 0.80234 -4.27929 1.47981 2.8195 4.88709 2.87834 1.88018 4.38907
0.219083 -6.69152 -2.94994 -5.27978 -13.9209 -5.15258 0.875367 7.74265 2.98168 6.027 14.1858 5.33207
-1.13522 -3.23659 -2.98747 -20.507 -19.8819 -6.15089 2.32644 4.10638 3.0262 20.6569 19.9676 6.16642
-14.7661 -3.81638 -0.0625697 -24.3743 -23.6337 -0.169499 14.871 4.37458 0.807423 24.7334 23.8944 2.28038
-16.5763 -1.94167 2.99863 -35.7399 -21.9483 2.37546 16.8362 2.87453 3.13203 36.2944 22.217 2.52309
-16.8989 2.28496 4.61664 -35.8599 -21.3429 4.02396 17.2835 2.6543 4.68594 36.203 21.7289 4.21964
-13.5262 5.65325 4.59053 -38.1875 -22.8121 6.87806 13.8895 5.9356 4.62016 38.3819 22.9841 7.25335
-14.4365 5.20616 3.30207 -37.5379 -22.9491 6.05781 14.881 6.10606 3.36359 37.6072 23.0697 6.27095
-14.8874 5.46967 3.38786 -41.1072 -22.1082 5.63528 15.3337 6.12738 3.40953 41.211 22.128 5.94679
-16.2538 4.87154 3.51756 -41.7636 -21.9098 5.00623 16.556 5.50262 3.56416 41.8161 21.9602 5.27898
-16.4001 4.08909 2.78415 -40.4441 -22.0231 5.22679 16.6669 4.42505 2.82628 40.5472 22.0592 5.583
-15.6502 3.9702 2.391 -40.3804 -20.1074 4.34387 15.7968 4.56481 2.39372 40.5563 20.1627 4.647
-15.7414 3.67109 1.81048 -38.4715 -17.7967 3.89264 15.8245 4.45484 1.82002 38.6173 17.8287 4.19523
-14.7795 3.64616 1.04243 -37.8514 -16.0621 3.59467 14.8073 4.08292 1.06465 38.0105 16.1143 3.75086
-13.6649 3.56198 0.627087 -37.3616 -15.8416 2.6521 13.6655 3.70165 0.916415 37.5391 15.91 2.79232
-13.5502 2.00995 0.237654 -35.6726 -14.9293 1.16312 13.5699 2.29968 1.32816 35.8838 14.9711 1.25654
-13.4306 1.78152 0.0764539 -33.4733 -13.3009 0.59554 13.4598 1.80591 0.733344 33.712 13.4151 0.888108
-12.4567 0.291842 -0.0870333 -32.8348 -13.2001 -0.351944 12.4971 0.9059 0.392902 33.117 13.3241 0.769095
-12.5279 -0.331403 -0.127664 -32.6601 -12.7003 -0.524392 12.5825 1.15596 0.664208 32.952 12.8537 1.3388
-12.2991 -1.34391 0.305856 -32.115 -11.1436 -0.953719 12.3492 1.51767 0.356122 32.4594 11.3327 1.33061
-11.869 -1.70288 -0.0140937 -32.7977 -10.6068 -2.22854 11.999 2.58791 0.910036 33.1175 10.8086 2.75419
-11.6907 -1.68212 -1.67683 -31.8912 -10.5438 -3.42825 11.8972 2.72534 2.36616 32.2064 10.665 3.97172
-11.5849 -2.71022 -2.43058 -31.2455 -9.79951 0.055347 11.7752 2.72747 2.49314 31.6528 10.0096 0.968119
-11.0836 -3.63108 -1.74531 -32.4878 -9.59833 -1.98984 11.2782 3.66198 2.02408 32.9138 9.95567 2.44427
-10.899 -4.2198 -2.7002 -32.7691 -9.92883 -2.34355 11.039 4.30433 2.74295 33.2152 10.2401 2.78256
-10.3975 -2.77022 -2.03596 -32.2823 -10.2249 -2.37411 10.5386 2.9812 2.2969 32.7005 10.4663 2.60303
-10.1993 -2.3104 -2.61096 -32.8282 -10.8158 -2.68969 10.3674 2.92271 2.843 33.1706 10.9449 2.79555
-9.70257 -0.795192 -2.16538 -33.5351 -11.4551 -3.10809 9.85894 2.40543 2.77248 33.8364 11.5442 3.31106
-9.03119 -0.778314 -1.15657 -33.9006 -11.7827 -1.48884 9.15451 0.854243 1.67297 34.1592 11.8696 1.64199
-8.80053 -1.02364 -0.378585 -35.0731 -12.2755 -0.601299 8.87057 2.12794 1.07103 35.3247 12.4043 1.25995
-8.65583 -0.928196 0.0546165 -34.909 -13.0145 0.386872 8.69284 1.5542 0.968963 35.1246 13.1715 1.22758
-8.86835 -0.43569 0.454095 -35.9214 -13.0447 0.85264 8.87546 0.908322 1.03819 36.1368 13.1819 1.20096
-9.06369 0.41892 0.536261 -36.182 -13.5549 1.16913 9.0649 0.880055 0.937235 36.3821 13.6115 1.41046
-8.55297 1.5282 0.799767 -36.2399 -14.5152 1.50391 8.55646 1.85744 1.1768 36.4251 14.5462 1.65004
-4.39919 -2.66637 -6.3146 -22.052 -9.02191 -2.89904 4.46455 2.69262 6.31654 22.325 9.1095 2.93968
-2.30224 -4.17936 -6.87615 -13.5485 -5.08133 -4.67825 2.67332 4.26148 6.99102 14.1233 5.4173 4.84735
-0.813325 -0.327711 0.150214 -6.95171 -4.18681 -0.576352 1.96096 0.749644 0.96966 7.5566 4.47597 1.36126
-1.57059 0.390894 1.6579 -6.26112 -3.40225 -0.255248 2.17143 0.792186 1.91875 6.63309 3.66798 0.504207
-1.25372 2.25975 3.26118 -6.33738 -3.08295 -2.34793 1.33661 2.73767 3.58055 6.62717 3.36432 2.9981
-0.0474352 -8.52892 -11.9678 -5.8229 -2.58912 -23.9132 0.996551 8.52914 12.097 6.35023 3.17546 23.919
-1.60659 -16.8358 -25.5011 -2.56394 -1.52107 -25.844 1.88049 16.8378 25.5307 3.96448 1.61002 26.2171
1.34609 -22.4112 -26.9797 0.632235 -0.842668 -28.6813 3.56461 22.5578 26.9954 3.26376 0.910824 29.2647
2.82743 -19.5604 -34.0759 4.61795 1.57534 -26.9851 3.41357 19.8154 34.1322 5.42984 1.93752 27.632
4.57202 -18.9848 -34.3392 6.14599 4.15081 -27.5483 4.574 19.1789 34.4264 6.27862 4.16487 28.1156
4.91575 -17.876 -36.6542 5.14602 5.23896 -26.4365 4.93977 18.1464 36.6703 5.33507 5.27174 26.8662
4.69859 -20.2631 -38.2182 4.72534 5.6602 -25.6729 4.73076 20.3842 38.3432 4.81563 5.73735 25.9405
4.61975 -20.2735 -38.5191 4.61542 4.86035 -25.8659 4.73705 20.3115 38.5427 4.79737 4.93428 26.1075
4.74569 -17.5632 -40.855 3.42687 4.46484 -26.9899 4.82656 17.5841 41.0035 3.58035 4.5009 27.191
4.3012 -14.8495 -39.0626 3.45047 4.3022 -28.1616 4.34658 14.8742 39.1521 3.61399 4.33834 28.313
3.84763 -12.8104 -37.685 2.49091 4.32784 -28.2634 3.85168 12.914 37.9744 2.71355 4.37623 28.3894
2.73901 -12.2028 -35.1635 1.28808 3.47902 -28.2205 2.74401 12.323 35.3405 1.53935 3.55872 28.4127
2.08245 -10.9197 -33.4447 0.690758 2.13276 -27.7274 2.11343 11.0706 33.6849 1.15759 2.26331 27.9072
1.14911 -10.086 -33.0511 0.594035 1.34774 -26.4327 1.31017 10.3298 33.4236 1.21781 1.5482 26.6425
0.598246 -9.4512 -30.9637 0.589708 0.826332 -25.3967 0.993938 9.76962 31.271 1.39487 1.28341 25.5512
0.0737657 -8.38293 -29.2642 0.603588 -0.0199777 -24.4687 1.05811 8.93384 29.7413 1.25293 0.903851 24.6051
-0.519046 -7.6592 -29.567 0.0837744 -1.67474 -24.4837 1.44661 8.48389 29.9417 1.26061 1.83148 24.6097
-1.75802 -7.12067 -29.2399 0.542676 -2.27042 -23.6711 2.17049 7.88555 29.6787 0.821723 2.30519 23.824
-1.80641 -6.91115 -29.7661 0.580316 -2.31341 -23.1822 2.33727 7.46962 30.2274 1.35297 2.47745 23.3801
-0.623765 -6.57484 -27.9721 -1.00576 -2.0276 -22.7536 1.11347 6.98974 28.3614 1.20509 2.07067 23.015
-0.716569 -6.33661 -27.5215 -1.71136 -3.22579 -24.2076 0.828827 6.69841 27.9417 1.91611 3.25511 24.4185
-1.45767 -6.30365 -27.3922 -2.81999 -2.93696 -24.4442 1.92201 6.61122 27.8489 3.25548 3.04667 24.5939
-2.51866 -6.22919 -26.9759 -2.55257 -2.85092 -23.2029 2.51897 6.54947 27.4132 2.7155 2.86871 23.3515
-2.20614 -6.4965 -27.6308 -2.17488 -2.14649 -22.1833 2.54278 6.87145 28.0524 2.47134 2.52442 22.3521
-2.87003 -6.66447 -26.9236 -1.94115 -1.83192 -22.2389 3.76822 6.96467 27.2724 2.39779 2.73619 22.4426
-2.34624 -6.65657 -26.727 -1.93296 -1.28766 -22.4237 2.88134 6.98063 27.0438 2.24496 1.86094 22.6626
-1.59368 -7.3697 -27.9191 -1.29292 -0.678179 -22.1545 2.42435 7.64024 28.2695 1.73439 1.61174 22.3285
0.327274 -7.52654 -28.3786 -0.708104 0.244683 -22.0367 1.8673 7.81196 28.79 2.0472 2.64171 22.1856
0.652332 -7.80218 -28.3168 -0.365725 1.14274 -22.8745 1.97664 8.02842 28.6583 1.31512 1.83897 23
0.559334 -7.72703 -28.5934 0.465573 1.67041 -23.415 1.74528 7.95491 28.8803 0.922714 2.02428 23.5656
0.510827 -8.32538 -28.5638 0.721877 1.55509 -23.5828 1.74632 8.51598 28.8307 0.929772 1.93563 23.7735
0.897589 -8.71823 -30.1096 1.16415 1.43454 -23.2037 1.81925 8.89185 30.4263 1.36264 1.98611 23.5049
-0.871347 -5.92353 -18.3838 -5.54372 -5.06134 -13.688 1.1851 5.99464 18.712 5.89544 5.32424 13.744
-1.32539 -4.42405 -12.0166 -9.3056 -4.53684 -7.87553 1.60425 4.88297 12.1546 10.494 4.6055 8.09793
1.25853 -2.52226 -5.16285 -1.50229 -0.267242 -2.9232 1.54835 3.13648 5.28861 2.19314 2.52964 3.04936
1.07782 -1.92413 -4.89357 2.50286 0.0390423 -2.36792 1.67488 2.43183 5.18616 3.94934 1.34149 2.58417
1.68148 -5.59231 -2.77481 -15.565 -25.1015 -2.82491 2.68131 6.15907 2.83226 15.837 25.6809 3.02903
-1.22503 -3.67779 -1.25553 -29.8026 -24.6334 -2.06495 1.46359 4.19221 1.67391 30.0273 24.6937 2.12017
-2.28763 -3.6642 0.166727 -30.3236 -25.092 1.25597 2.78446 4.37039 1.04923 31.1216 25.296 1.69742
-15.5171 -2.32366 2.32383 -36.7313 -23.3541 5.03487 15.7032 2.89037 2.69224 37.8449 23.4937 5.20873
-16.2395 4.79619 4.37129 -40.1865 -20.2137 4.8171 16.3218 5.51844 4.42317 40.824 20.4127 4.85074
-14.7392 4.84031 4.59046 -40.7535 -22.1747 5.70781 14.8674 5.29549 4.60506 41.1901 22.3833 5.96271
-13.8945 6.1698 3.72219 -39.8301 -22.4731 5.29352 14.1602 7.19357 3.79122 40.0935 22.6065 5.42699
-15.0416 5.51305 3.95803 -42.1133 -23.8064 5.85413 15.3305 6.22261 3.96075 42.3098 23.8104 6.34337
-15.3146 4.98615 3.62116 -42.0072 -24.3725 5.03363 15.5402 5.35225 3.65741 42.1298 24.4502 5.38543
-15.0192 4.1551 2.86498 -40.2319 -24.8049 4.3354 15.2441 4.28018 2.8756 40.3651 24.8805 4.46644
-14.4995 3.70718 2.39904 -39.2536 -23.1418 4.10437 14.6617 3.83131 2.41002 39.3906 23.214 4.24727
-13.8183 2.94218 1.92609 -38.4255 -19.5514 4.25555 13.9024 3.2946 1.97605 38.5545 19.5913 4.50358
-13.2666 3.2231 0.921336 -37.5099 -16.9258 3.70711 13.299 3.56995 1.00689 37.695 16.9608 3.86515
-13.0281 3.35437 0.642813 -36.8153 -15.9723 2.2351 13.0301 3.59522 0.933796 37.0191 16.0245 2.25096
-13.2798 2.1164 0.23247 -36.5787 -14.5148 1.30539 13.2889 2.47109 0.92064 36.8324 14.5596 1.54717
-13.1465 1.75174 -0.811886 -33.2435 -13.0592 0.188264 13.2144 1.94818 1.64445 33.5355 13.1087 1.11601
-13.3131 0.361133 -0.336285 -31.4472 -12.7546 -0.614278 13.4039 0.516565 0.994379 31.785 12.8023 0.898956
-13.532 -0.235637 -0.319543 -30.1619 -12.9184 -1.18739 13.5906 1.24242 0.404655 30.4957 12.9931 1.41541
-12.7953 -1.59197 0.664752 -29.2039 -11.8852 -1.73923 12.8775 1.91174 0.6854 29.5769 12.0432 2.04092
-12.523 -2.3563 0.227233 -28.8617 -11.735 -2.93296 12.6172 2.6363 0.240846 29.0945 11.8617 3.20348
-11.9901 -1.28519 -0.850715 -28.8163 -11.6892 -3.22003 12.0937 1.36466 1.04634 29.0268 11.7689 3.32507
-11.5887 -3.44891 -0.640138 -27.5181 -11.0037 -1.61829 11.681 3.45574 1.115 27.6954 11.1077 1.74534
-11.217 -4.25531 -1.99326 -27.4447 -10.6745 -2.61473 11.299 4.31365 1.99772 27.639 10.7479 2.71578
-10.6949 -3.91424 -2.24125 -28.9692 -11.3194 -2.78724 10.7306 4.02797 2.57703 29.2144 11.3969 3.35121
-11.0829 -3.29398 -2.43741 -29.3736 -12.0105 -1.83834 11.0944 3.48366 2.67815 29.5837 12.0646 2.11352
-10.3189 -2.77395 -2.19192 -29.7635 -11.8241 -2.38892 10.335 2.84352 2.40714 29.9509 11.8929 2.62091
-10.3403 -2.11229 -2.15445 -30.2693 -11.5529 -1.76616 10.3597 2.40647 2.55311 30.4449 11.6329 1.85151
-10.1111 -0.780388 -1.01498 -31.0484 -11.9271 -1.01776 10.1341 0.975289 1.67118 31.2646 11.9975 1.15239
-10.5562 -0.117452 -0.24407 -31.2771 -12.6168 -0.375791 10.5702 1.05096 1.11617 31.4745 12.6676 0.754809
-10.5443 0.233635 0.269275 -31.5745 -13.6853 0.0260157 10.5458 1.39 1.05622 31.7508 13.7585 0.6724
-10.0599 0.956266 0.677031 -32.0715 -14.0482 0.533084 10.0677 1.50363 1.07115 32.2413 14.1496 0.992555
-10.0877 1.4235 0.614953 -33.3621 -14.4215 0.927026 10.0955 1.80496 1.14651 33.5423 14.5302 1.21014
-9.92127 2.02009 0.884644 -32.9127 -14.5196 1.3004 9.94025 2.26761 1.15425 33.0467 14.6038 1.448
-4.72448 -3.88292 -9.10742 -18.7653 -6.20303 -4.50097 4.74072 4.02803 9.21981 19.1701 6.39641 4.53973
-1.98116 -3.10292 -5.554 -9.31533 -3.3218 -5.00833 2.24747 3.2381 5.8374 9.87391 3.59615 5.21001
-0.680132 0.665117 1.4235 -6.99014 -2.65392 -0.481528 1.16465 0.855925 1.75534 7.46735 2.84657 1.1955
-1.51865 2.13145 2.58375 -6.54721 -3.14958 -0.396058 1.84351 2.32379 2.66363 6.83124 3.49631 0.549578
-1.06703 -1.38146 -10.9269 -6.72502 -2.79736 -0.184771 1.06989 2.47109 11.0268 7.15733 3.07012 1.01274
-0.454728 -18.3024 -11.7144 -5.50969 -2.22832 -21.5655 1.02475 18.3596 11.9011 6.29392 2.36956 21.6285
0.985954 -18.7366 -28.5614 -5.02916 -4.36659 -26.3572 1.35079 18.804 28.5645 5.86797 4.40043 26.7081
2.52327 -21.358 -28.2333 0.109886 0.186211 -33.4849 3.31753 21.6631 28.2728 2.00375 0.295952 34.33
4.12051 -17.1895 -32.0979 4.74712 2.18654 -29.7105 4.14493 17.4309 32.1651 5.47969 2.47879 30.3822
4.4053 -18.5591 -34.7833 6.55706 4.91012 -28.4882 4.44272 18.7635 34.9059 6.84961 4.91395 29.5262
5.35651 -18.3262 -35.992 4.44291 5.47931 -25.8229 5.41649 18.5216 36.1862 4.55964 5.51564 26.905
5.26502 -22.3172 -38.6488 4.42825 5.83121 -24.3008 5.33364 22.3915 38.7231 4.60653 5.90072 25.0912
4.59398 -21.2794 -39.194 3.81056 4.78321 -25.3897 4.6683 21.3109 39.5629 3.9651 4.82892 25.9225
4.37617 -18.0847 -40.0914 3.00888 3.95587 -26.5618 4.43175 18.0948 40.148 3.20039 3.98575 26.8613
3.64268 -14.7805 -37.5244 2.57558 3.84593 -27.8614 3.66887 14.817 37.8625 2.7879 3.90815 28.0846
2.88443 -12.2211 -36.6691 1.48375 3.44462 -29.0507 2.88802 12.3235 36.8346 1.64635 3.53157 29.1863
1.8066 -11.1294 -34.6685 0.937561 2.93886 -29.0545 1.93285 11.2545 34.9553 1.1305 2.97334 29.1688
1.11391 -10.4271 -32.9098 0.915398 1.98695 -27.8607 1.61489 10.5906 33.317 1.1744 2.10196 28.0634
0.553756 -9.97645 -30.172 0.929732 0.907171 -27.0175 1.65237 10.2434 30.433 1.00745 0.915838 27.2841
0.0534602 -9.09052 -29.5117 0.55451 0.252748 -27.4499 1.44973 9.48271 30.0671 0.92148 0.339095 27.7174
-0.966352 -8.45179 -29.3106 0.107364 -0.351001 -24.0026 1.58303 9.16125 29.7074 1.02319 0.777021 24.274
-0.909176 -8.63653 -28.3504 0.739821 -1.93437 -21.9479 1.43814 9.50875 29.0121 1.57575 2.19273 22.2113
-1.33578 -9.12602 -28.8292 0.0542002 -3.27806 -21.9225 1.59198 9.88542 29.3639 1.24903 3.37815 22.1166
-1.53211 -8.41427 -27.2698 -0.0663078 -2.86089 -22.0662 1.85933 9.0646 27.8614 0.773709 2.96353 22.2649
0.343977 -7.67624 -27.8259 -1.70761 -3.55005 -21.6095 1.26213 8.31071 28.3469 1.87774 3.69528 21.8166
-0.846469 -7.09556 -28.0606 -3.16043 -2.9761 -21.8395 1.3846 7.58481 28.524 3.21357 3.06627 22.002
-1.32498 -6.96885 -28.676 -2.98002 -2.43266 -21.9574 1.67643 7.39603 29.2432 3.2042 2.45976 22.0971
-2.01476 -6.89123 -27.6262 -2.60578 -2.60322 -22.2188 2.26319 7.23443 28.0699 2.74389 2.95599 22.4439
-2.12745 -7.61375 -26.4171 -2.383 -2.32865 -21.8127 2.55403 8.05607 27.0955 2.70857 2.83864 22.0737
-1.78541 -8.16264 -26.9947 -1.6804 -1.95618 -21.6626 1.93447 8.63416 27.517 2.283 2.3331 21.9268
-2.06464 -9.25965 -27.1268 -1.77707 -1.12301 -21.3251 3.47556 9.62424 27.6906 1.98838 2.01206 21.589
-1.48512 -10.0582 -26.8886 -1.54678 -0.11454 -20.2808 2.40337 10.5399 27.2206 1.86688 0.742961 20.5143
-0.721203 -10.5086 -27.4094 -0.390936 0.509864 -20.0163 1.89452 10.866 27.8197 1.1448 1.57447 20.2332
0.0653762 -10.7877 -28.6484 0.478733 0.509786 -20.2463 1.53482 11.0562 29.0417 1.3741 2.05231 20.4222
0.464352 -11.2212 -28.4567 1.03009 0.715137 -20.3183 1.96299 11.4003 28.7603 1.42917 1.736 20.4862
0.605983 -10.4515 -29.2282 1.39377 1.14329 -20.4894 1.82385 10.669 29.7218 1.64487 1.82115 20.6902
-1.31653 -7.63501 -18.6094 -4.46317 -3.80716 -14.7849 1.69459 7.64568 18.8451 4.55275 4.62427 14.9311
-1.29723 -6.04885 -13.9033 -8.33002 -3.8791 -9.28381 2.02007 6.49231 14.1068 9.72462 3.89808 9.66646
0.8596 -3.12626 -7.08978 -2.84009 -1.18897 -5.5073 1.16762 3.65533 7.2606 4.06555 2.22521 5.95525
1.52647 -2.57517 -3.7863 0.133294 1.23573 -4.3283 2.28212 3.33448 3.92992 3.29744 2.29481 4.67561
0.916322 -4.11739 -3.57928 -13.1033 -13.0889 -4.24155 1.76182 5.42962 3.60992 13.5307 13.4669 4.88381
-1.27378 -3.00313 -2.83451 -24.0099 -21.004 -4.02426 2.11402 3.81845 2.89677 24.2035 21.1572 4.54453
-3.68867 -4.37226 -0.941419 -25.3228 -21.0037 0.051765 4.07712 5.11611 1.4288 25.8739 21.1604 4.93659
-16.5181 -2.44234 1.31562 -33.7985 -21.6911 3.5755 16.8175 3.08693 1.94955 34.7538 21.9015 4.1118
-18.3573 4.6193 4.5182 -35.1897 -20.8584 4.51008 18.5392 5.53635 4.62357 35.7779 21.0974 4.52515
-15.4338 4.62091 4.98503 -36.9446 -23.1984 4.65427 15.7319 4.96855 4.99248 37.4375 23.3286 4.89472
-13.2747 6.43174 4.08255 -37.6496 -23.0899 5.39633 13.5938 6.97526 4.14341 37.9302 23.1026 5.57553
-13.1787 5.7623 3.6269 -39.1044 -23.7126 5.95401 13.6228 6.13609 3.66326 39.304 23.781 6.7006
-13.6479 5.18295 3.50925 -42.0909 -23.7052 5.19201 13.9588 5.56465 3.51996 42.282 23.8301 5.94557
-13.4274 3.96894 3.19646 -41.3793 -24.1146 4.61849 13.6759 4.23524 3.26773 41.5652 24.2606 5.1789
-13.6022 3.70303 2.99615 -40.4506 -21.773 3.842 13.7902 4.00021 3.0034 40.6973 21.9418 4.16855
-13.9189 3.07278 2.24796 -39.8852 -19.0615 3.77246 14.0844 3.4756 2.27024 40.1255 19.272 4.09771
-13.5253 3.11071 1.40788 -39.1479 -17.1733 3.62156 13.6393 3.8464 1.52023 39.4343 17.3714 3.97433
-13.5721 3.78646 0.823141 -37.0886 -16.4214 2.60488 13.6038 4.20766 0.836288 37.4016 16.556 2.79206
-12.6782 2.86006 0.635975 -34.9775 -15.9384 1.56829 12.7194 3.11117 1.26089 35.2785 16.0441 1.72085
-12.99 0.895401 0.0332891 -34.4622 -14.7408 0.841473 13.0571 1.11075 0.946366 34.8201 14.844 1.80351
-12.5777 0.516424 -0.390945 -32.6892 -14.2901 -0.551885 12.6588 1.05958 0.727955 33.083 14.377 1.13112
-11.5462 -0.356986 0.018588 -32.0188 -14.4033 -1.2159 11.6403 0.551982 0.312492 32.4483 14.5006 1.54443
-10.6131 -1.14339 0.366135 -30.996 -13.66 -1.39093 10.6992 1.69097 0.383875 31.3147 13.8133 1.69638
-10.0593 -2.88057 0.445626 -31.2698 -13.2929 -1.38137 10.1343 2.91859 0.625402 31.6065 13.4412 2.10539
-9.9388 -2.52453 -0.898822 -31.2952 -12.3979 -2.17835 9.99703 2.56311 0.899765 31.6735 12.4965 2.68314
-10.2971 -2.39593 -2.45173 -32.2569 -11.5158 -2.93338 10.3951 2.51624 2.72516 32.5998 11.6723 3.03102
-10.7709 -3.04635 -1.62499 -31.6632 -11.3779 -1.3121 10.9171 3.07862 2.00393 32.0625 11.5953 1.31652
-11.2115 -3.12211 -1.82421 -29.7999 -11.2197 -3.39323 11.3207 3.19456 2.16601 30.1707 11.3745 3.40054
-10.7986 -3.21934 -2.13871 -29.5866 -12.4422 -3.19374 10.8923 3.33668 2.35005 29.9296 12.58 3.4221
-9.92536 -2.8976 -1.9892 -30.266 -13.4233 -2.57687 9.99047 3.15888 2.54591 30.5728 13.6062 2.71985
-9.39187 -3.34699 -1.97407 -29.9746 -14.0441 -2.03523 9.39454 3.61963 2.2871 30.1912 14.2077 2.636
-8.94186 -1.70172 -1.68128 -31.6808 -13.6319 -1.45097 8.95112 1.79308 2.03938 31.9082 13.7879 1.76956
-9.1852 -0.349721 -0.431252 -32.3246 -13.6571 -0.439004 9.20184 0.864391 1.46679 32.5614 13.7256 0.524962
-8.88613 0.0923835 -0.0952925 -32.7113 -13.9735 -0.405208 8.90656 0.938321 0.97726 32.9726 14.0241 0.791819
-8.82972 0.771263 0.306431 -34.0775 -14.5422 0.0240124 8.84683 1.32362 0.995587 34.3505 14.6235 0.768228
-9.11159 1.19552 0.390959 -34.4754 -14.8094 0.756958 9.11806 1.5769 0.98213 34.7507 14.9394 1.09099
-9.63504 1.91956 0.600464 -34.6366 -14.7095 1.25782 9.64302 2.1546 0.984321 34.8856 14.8428 1.43395
-6.02411 -1.58325 -5.68751 -23.1661 -9.28267 -1.61359 6.0286 1.67457 5.8028 23.4173 9.42109 1.97504
-3.10386 -4.28368 -7.77946 -14.4037 -5.23983 -4.92632 3.25319 4.51858 7.87506 14.8887 5.48287 5.03069
-1.54894 -0.554085 -1.61864 -7.87148 -4.32926 -20.5656 2.0979 1.02704 2.10151 8.71545 4.41882 20.6088
-3.44335 1.41931 1.01474 -3.3115 -4.37365 -20.2945 3.83154 1.79335 1.72946 4.1326 4.46138 20.6988
-4.4661 2.07222 -1.58143 -2.43107 -3.18654 -18.5961 4.53266 2.86878 2.00598 3.05916 3.34057 19.2221
-2.51472 -5.64934 -15.148 -0.688617 -1.01366 -17.7059 3.99636 5.86679 15.8081 2.31877 1.39247 18.639
-2.38119 -20.0844 -29.0109 -1.474 1.06196 -20.7046 4.01016 20.0981 29.1563 2.65737 1.08784 21.2472
2.25435 -27.1784 -29.4313 2.44986 2.97376 -23.4073 3.94032 27.2427 29.496 2.7704 3.06033 24.066
3.28713 -21.5772 -31.37 6.40935 3.04563 -27.8933 3.54428 21.8679 31.4026 6.60726 3.05474 28.2704
4.45975 -16.7067 -34.0739 5.26254 4.12292 -27.7607 4.46974 17.044 34.2145 5.53717 4.18879 27.9171
3.83268 -14.5429 -35.2909 4.83293 5.34283 -27.1775 4.12633 14.9417 35.4173 5.19901 5.3613 27.2589
3.99805 -17.6132 -38.3539 4.64026 5.33004 -25.7528 4.16839 17.789 38.4092 4.86791 5.40448 25.8349
4.55686 -20.5584 -41.8185 4.17417 4.73499 -26.1346 4.58806 20.5895 41.8537 4.32884 4.94985 26.256
4.63582 -20.6829 -44.3289 3.87885 4.37427 -26.013 4.71995 20.6841 44.3811 4.04086 4.48757 26.1732
4.37674 -19.9744 -44.3934 3.08997 3.94978 -25.3018 4.55019 19.9826 44.4928 3.35794 4.08033 25.4696
3.89502 -18.6823 -43.9038 2.16204 3.82987 -24.7853 3.99224 18.7831 44.0466 2.66483 3.94403 24.9114
2.93449 -17.3739 -41.3322 1.66675 3.16954 -25.1976 2.94721 17.5821 41.6179 2.04256 3.30655 25.3422
2.42621 -14.9359 -39.1878 1.11603 2.17852 -26.2961 2.47792 15.2643 39.442 1.46096 2.3133 26.4448
1.4492 -13.5474 -36.9623 1.11417 1.6377 -23.718 1.51438 13.8462 37.3087 1.46646 1.75648 23.9274
0.879309 -13.473 -36.6963 1.23829 1.09956 -23.9209 1.13601 13.8445 37.0707 1.60863 1.28267 24.158
0.675897 -13.7768 -35.3049 0.294462 0.48995 -20.5574 1.04466 14.2673 35.6559 1.12441 1.01444 20.8815
0.333133 -11.6856 -33.5023 0.458935 -0.838005 -19.6206 1.27511 12.1984 33.8436 1.15683 1.28375 19.9579
-1.17081 -9.8692 -33.4355 0.678701 -2.09783 -14.1682 2.04013 10.7015 33.8272 0.885139 2.17386 14.5537
-1.13487 -9.64473 -29.9357 -0.817453 -1.68597 -6.471 1.64534 10.4179 30.3574 1.04122 1.72199 7.00597
-0.609398 -9.50657 -26.3674 -2.20299 -1.66759 -4.11953 1.18468 10.0628 26.9494 2.26394 1.89624 4.61702
0.750356 -9.20099 -20.9082 -2.21085 -2.68702 -3.77301 1.58239 9.49262 21.4939 2.25052 2.94687 4.22469
-0.203265 -8.63977 -15.337 -4.07612 -3.11071 -9.20539 1.07989 8.78682 16.0529 4.12278 3.27876 9.40399
-2.46431 -7.0357 -13.9894 -3.1019 -6.7225 -31.0325 2.52651 7.138 14.7868 3.17767 6.87176 31.5129
-6.26831 -4.54069 -17.7935 -0.798638 -2.77229 -32.6819 6.43965 4.74229 18.923 1.66211 2.83053 32.7924
-5.53191 -5.0475 -19.1044 -0.785612 -2.01269 -32.2257 5.5664 5.05151 19.7672 1.56639 2.15274 32.2972
-3.69061 -8.36331 -22.8761 -0.31944 -2.39223 -23.0764 3.74928 8.46391 23.5887 1.4717 2.50413 23.3434
-1.32895 -15.2981 -25.5611 -0.489308 -0.726461 -14.985 1.78832 15.5151 26.0575 1.51049 0.947277 15.7755
0.497593 -20.1945 -27.8982 -0.594512 -0.193619 -9.99924 2.37229 20.6814 28.4817 1.25375 1.07368 10.9026
1.40125 -17.9742 -30.8685 -1.18007 0.147214 -8.26447 3.39803 18.2883 31.4817 1.44101 1.1661 8.80217
1.69425 -14.9085 -32.5675 -0.752254 0.191602 -10.7704 3.34229 15.0429 32.9184 0.9552 1.08931 11.1638
1.46584 -12.0011 -33.769 -0.218187 1.77135 -15.073 2.90652 12.0165 34.1645 0.644106 2.35004 15.1447
1.15059 -9.61589 -33.0511 -0.175773 2.85346 -17.679 2.37559 9.66833 33.464 0.586999 3.18952 17.6846
-0.766989 -6.57665 -21.4344 -5.40784 -4.04117 -14.9437 1.26011 6.73332 21.8848 5.50987 4.69385 14.9619
-0.190217 -4.36321 -14.8829 -7.78997 -5.12168 -11.6663 0.951043 4.74414 15.3885 9.3014 5.15398 11.8282
1.37068 -3.71435 -7.89756 -25.1547 -0.928358 -6.6762 1.39888 4.07282 8.30381 25.7501 2.70099 6.90641
-0.791186 -0.462799 -6.83753 -22.1003 -1.54422 -3.30592 1.04366 2.784 7.06368 22.9687 2.32889 3.83471
-1.82431 0.0495205 -7.4501 -20.2029 -23.6245 0.188679 2.46486 2.2787 7.60332 22.4476 24.0088 3.32004
-7.93473 0.817128 -3.85613 -20.5722 -21.1719 1.36373 8.05499 1.08489 4.15479 22.9598 21.3236 4.44613
-22.0252 -1.11837 0.593483 -23.5897 -18.4045 2.14494 22.0503 1.1621 1.87167 25.6103 18.6687 3.19987
-18.6 3.52866 4.61017 -29.517 -17.5653 2.74665 18.7183 3.61183 4.83833 30.8828 18.0362 2.89972
-13.2767 3.30852 5.30747 -32.9712 -24.3422 2.64555 13.9207 3.39465 5.49541 33.4516 24.7309 4.21408
-9.8051 4.9202 3.99519 -35.5948 -27.7264 4.89615 10.3348 5.33049 4.02368 35.8174 27.9579 5.40405
-9.25543 5.12384 3.41358 -36.3622 -26.2709 6.75393 9.67559 5.2532 3.42554 36.441 26.6418 7.17741
-12.9468 5.34576 3.03633 -37.751 -25.4313 5.88119 13.218 5.70682 3.08026 37.9272 25.8798 6.98134
-15.7386 5.37759 3.11733 -38.5223 -23.4555 5.58517 16.0305 5.68502 3.13008 38.744 23.8086 6.30715
-20.3575 5.47252 3.54603 -37.8437 -21.7404 3.66658 20.6806 5.85605 3.54667 38.0575 22.1805 4.06721
-19.6551 4.77019 3.14399 -37.852 -21.1127 3.32582 19.8772 4.88553 3.15401 38.0388 21.5773 3.64459
-18.4887 4.59331 2.07254 -37.2245 -21.138 2.95297 18.6468 4.94889 2.1073 37.3532 21.5412 3.57129
-16.4883 4.00409 1.2043 -36.2753 -19.5767 3.04013 16.5538 4.19621 1.25343 36.3433 19.7523 3.24084
-15.8242 2.70487 0.967875 -36.0325 -18.4839 2.07312 15.834 2.89897 1.58976 36.0969 18.6044 2.08219
-13.4858 1.41231 0.276542 -34.8469 -18.2573 1.17967 13.487 1.44429 1.00654 34.9188 18.3997 1.75189
-12.7666 1.00123 -0.816419 -35.1944 -17.5321 1.00791 12.7795 1.51733 1.26843 35.3001 17.5916 2.05685
-12.8405 0.407176 -0.442871 -35.259 -16.0109 1.02077 12.9896 0.990821 0.670774 35.3544 16.0229 1.2065
-14.2121 0.529822 -0.422286 -33.568 -14.7241 0.58781 14.2884 0.589628 0.47832 33.6878 14.728 0.860566
-14.9981 1.05168 0.095093 -33.4257 -13.4542 0.606559 15.1116 1.5152 0.901354 33.5811 13.4819 1.71924
-16.358 -1.45939 0.0572553 -30.3865 -12.179 -0.468259 16.4858 2.37093 1.81041 30.53 12.3109 1.89361
-16.8542 -1.24383 -0.56192 -27.7003 -12.4813 -3.07436 16.9879 1.44305 1.31883 27.8338 12.7369 3.75929
-16.5743 -3.74715 -1.13623 -27.8884 -12.5633 -3.79101 16.7116 3.77644 1.26533 27.9646 12.8291 3.95225
-16.4404 -2.95459 -1.10506 -25.7809 -12.5529 -1.49863 16.5899 2.97859 1.24879 25.852 12.7229 1.56209
-15.4016 -3.37088 -1.85028 -25.2433 -12.0561 -2.88058 15.569 3.53523 2.11605 25.2815 12.2066 2.92874
-14.0348 -2.91761 -1.47718 -26.3387 -12.6593 -3.4156 14.1336 3.11616 1.66297 26.3631 12.8018 3.79291
-12.4623 -2.7392 -2.07574 -27.0126 -13.1682 -2.52918 12.5047 3.03077 2.93732 27.0493 13.2582 2.68403
-11.3522 -3.31009 -2.53409 -28.1975 -13.7792 -1.75466 11.3681 3.48992 3.04019 28.2617 13.8715 2.47316
-11.3698 -1.82897 -2.00661 -29.3331 -14.1841 -1.31829 11.4054 1.83105 2.18245 29.3591 14.3301 1.54288
-12.2209 -0.955011 -1.32276 -30.3141 -13.3416 -0.975582 12.2528 1.86457 2.01409 30.3357 13.5401 1.70484
-12.9578 0.178288 -0.223872 -29.5821 -13.4163 -0.144705 13.0059 1.40106 1.18642 29.5995 13.5793 2.43528
-13.0916 1.06112 0.410457 -30.4143 -13.3915 0.397783 13.1203 1.63766 1.2989 30.4649 13.5167 1.76414
-13.2578 1.24156 0.979355 -31.3231 -14.6234 0.728898 13.2839 1.61576 1.45481 31.3888 14.7012 2.148
-12.6862 1.77225 1.1511 -30.8624 -15.3133 0.957895 12.7175 2.01183 1.5655 30.8978 15.35 1.76503
-7.43803 -2.49326 -9.47601 -18.1168 -9.23841 -1.68647 7.4433 2.72823 9.51475 18.1842 9.31561 2.07763
-2.91628 -4.33941 -8.1759 -8.30567 -4.46811 -3.98699 3.21245 4.80338 8.45333 8.53263 4.70911 4.26656
-1.08507 0.155978 0.222384 -4.73998 -4.0176 -18.4801 1.94427 0.836357 1.78197 5.46671 4.23964 18.5711
-2.27357 0.775712 1.4013 -3.06617 -7.10492 -17.2755 2.60486 1.38166 1.87213 3.84132 7.5702 17.6621
-4.19486 0.0732362 2.50379 -1.60151 -4.38359 -17.4296 4.27983 1.91932 3.42864 2.66984 4.4941 17.8514
-5.53918 -15.4757 -21.7158 -0.440029 -3.77832 -14.9847 5.7311 15.5587 21.9263 3.04303 4.095 15.7391
-0.646251 -20.8047 -33.0177 1.23191 -1.36938 -18.0039 3.19199 20.8993 33.0747 3.13294 1.57811 18.8776
2.12798 -22.3144 -38.5267 3.0366 0.0927319 -21.4933 3.50816 22.5429 38.705 3.12022 0.235862 22.3119
4.7453 -19.925 -38.1737 6.12097 3.76267 -25.9251 4.74601 20.1652 38.6502 6.18929 3.94027 26.3162
4.77929 -17.3623 -36.7338 5.82479 4.15543 -26.8738 4.78183 17.614 37.1412 5.8574 4.15762 26.9596
3.75194 -14.8736 -38.8776 4.70488 4.68977 -27.4132 4.06275 15.096 39.2184 4.73128 4.71425 27.4253
3.76397 -16.2098 -40.8117 4.47061 5.55179 -28.4001 3.77801 16.2886 41.027 4.5599 5.66188 28.4401
3.68574 -16.3544 -41.7754 3.42779 4.72409 -28.4093 3.70295 16.3819 42.0732 3.46309 4.78122 28.5245
3.73776 -16.7468 -43.683 1.89198 3.97303 -25.1864 3.81742 16.8065 43.9279 1.93622 3.99921 25.3701
3.2524 -16.6858 -43.0735 1.11591 3.37238 -22.3896 3.25552 16.794 43.4019 1.31814 3.42473 22.5774
3.09371 -15.1012 -41.6824 0.628112 3.38723 -22.0414 3.31465 15.3984 42.1718 0.910517 3.51669 22.2655
2.19739 -12.9941 -38.985 0.503114 2.98834 -22.3722 2.70922 13.3417 39.3159 0.714726 3.07505 22.6547
1.49443 -11.3701 -37.6059 0.553411 2.10289 -21.8093 2.24988 11.8002 38.122 0.655146 2.17986 22.0554
0.982241 -10.9185 -37.527 0.658714 1.34351 -22.3071 1.15159 11.2625 37.988 1.511 1.39724 22.5346
0.614346 -10.151 -35.1552 -0.00274818 0.524972 -23.1683 0.976364 10.5574 35.8292 0.818991 0.952356 23.3511
0.208706 -8.76241 -34.1488 0.853895 -0.933365 -23.0381 1.41691 9.33853 34.7643 1.52339 1.17579 23.2225
-0.265841 -7.29043 -34.0205 0.0634393 -1.67932 -23.839 1.08376 8.17321 34.7929 1.01394 1.76571 24.1065
-1.84182 -6.54954 -32.4037 0.916116 -1.42028 -23.9217 3.35663 7.78209 33.0368 0.999553 2.31972 24.3391
-2.30663 -6.94412 -31.9978 0.724403 -1.3522 -22.6961 3.36439 7.94199 32.701 0.776952 2.93133 23.1962
-0.757147 -6.912 -30.4873 0.221721 -0.119223 -22.9024 1.41087 7.80156 31.3179 0.401741 1.15896 23.4576
-0.821893 -7.49285 -30.2679 0.228927 -3.90371 -23.5673 2.00701 8.14619 31.1251 2.08621 4.23135 24.0886
-1.06942 -6.33023 -30.8265 0.280052 -4.28102 -23.1645 4.1432 7.19682 31.8044 2.36695 4.42806 23.666
-2.28237 -6.2694 -30.374 -2.87789 -2.9938 -22.1179 2.28494 7.00691 31.1208 3.57254 3.01919 22.5365
-2.30465 -6.73146 -29.7158 -2.66764 -1.4537 -22.7257 3.56417 7.26092 30.4842 2.80229 3.36108 23.0817
-3.53545 -7.21848 -30.5228 -2.84497 -1.29186 -21.85 4.22732 7.66403 31.1819 3.01292 3.54454 22.188
-1.93724 -7.29595 -30.8769 -2.69359 -0.895241 -20.3385 3.05076 7.55811 31.5895 3.02684 1.70361 20.7343
-1.09701 -6.90507 -30.4269 -1.74039 -0.378106 -21.0156 2.44878 7.32509 31.012 2.3617 1.53461 21.3589
0.727518 -6.901 -31.8653 -0.989256 -0.275353 -21.7085 2.19636 7.46098 32.5821 1.83996 2.56653 22.0814
0.767779 -6.88992 -33.0663 -0.569505 0.372591 -21.7069 2.22475 7.4407 33.7386 1.25026 1.8317 22.0811
0.605585 -7.45175 -33.9505 0.102884 1.01382 -21.6244 2.59296 7.92934 34.6468 0.743035 1.94093 22.0074
0.806995 -7.91181 -33.6647 0.726113 1.26364 -21.7927 2.59838 8.28171 34.2644 0.946125 2.02563 22.298
0.664785 -8.0775 -33.6407 1.13913 1.43903 -22.1577 2.49736 8.43982 34.2983 1.33168 2.06904 22.8257
-1.77289 -4.25216 -19.4887 -8.15365 -5.14277 -12.2962 2.29343 4.25825 20.2024 8.46178 5.32509 12.5353
-1.26555 -2.14638 -12.5806 -9.48949 -3.32272 -6.42569 2.73773 2.61377 12.8281 10.4044 3.33515 6.83928
1.5351 -2.38925 -6.29845 -1.39894 1.00775 -3.67195 1.92068 3.25915 6.60628 1.82644 2.43826 4.25041
0.669957 -1.52808 -6.17559 2.95294 -16.7686 -4.48489 0.951181 2.74934 6.73452 3.57876 17.273 4.92761
1.95321 -5.8014 -1.58138 1.65775 -16.378 -8.59459 2.70985 6.08068 1.917 2.33543 16.466 9.23
0.922761 -6.61536 -0.55291 -21.0248 -18.4248 -2.70759 2.54763 6.67966 1.47243 21.3284 18.8767 3.43781
-9.20013 -4.43684 0.250599 -33.8918 -22.0101 2.89018 9.71075 4.77597 1.46032 34.6364 22.4203 3.73322
-14.4384 -0.87689 1.74277 -43.7688 -18.6833 5.22283 14.5925 2.00271 1.90252 44.1262 19.3106 5.72581
-19.2867 4.89243 4.04376 -37.6093 -23.4259 6.37991 19.4844 5.63256 4.06398 37.882 23.9072 6.51432
-18.2415 6.71391 4.96987 -36.5517 -27.4163 5.53482 18.4573 7.40106 4.97378 36.7926 27.4688 5.7269
-17.7428 4.55557 4.72736 -33.9337 -26.2609 5.05504 18.2388 5.66095 4.81407 34.0325 26.4086 5.11521
-17.7254 4.29223 4.0811 -35.5501 -25.8908 5.11364 18.5051 4.97709 4.13509 35.6281 26.1085 5.48401
-15.4342 4.37118 3.89916 -37.7952 -24.2873 5.12861 16.3406 4.96563 4.06373 37.8662 24.4208 5.55601
-14.4785 4.45508 2.54128 -38.3364 -21.4715 4.33543 15.3849 4.87433 2.6193 38.3804 21.56 4.61617
-13.6153 4.37478 2.31861 -38.2469 -19.1681 4.58336 14.1796 5.13513 2.3466 38.2699 19.3251 5.03721
-14.7817 4.10096 1.29598 -37.0256 -16.4927 4.16852 15.0936 4.59627 1.40573 37.0546 16.5793 4.43915
-14.6947 3.54451 0.605595 -33.7323 -15.5133 2.8228 14.785 3.63201 1.32727 33.8148 15.5921 2.83109
-14.9905 2.22969 0.006363 -33.4699 -14.9031 1.44505 14.9962 2.30834 0.805021 33.5617 14.992 1.87938
-15.439 1.09536 -0.19667 -29.8493 -13.5773 1.1133 15.44 1.23353 0.977155 29.916 13.6668 1.96631
-15.2843 0.940982 -0.114104 -28.3862 -12.0029 0.205226 15.2877 1.14401 0.855348 28.4848 12.0331 1.52842
-14.1682 -0.14728 -0.0861411 -27.7216 -11.987 -0.969286 14.1767 0.595338 0.890192 27.7912 12.0236 2.00711
-13.551 -0.723089 0.550648 -26.6367 -11.4161 -2.10252 13.6401 1.45793 1.40908 26.6878 11.4748 2.46971
-12.5433 -0.889811 0.160227 -27.9647 -10.7753 -2.13562 12.6049 1.56452 1.22682 28.0273 10.7957 2.33052
-12.3191 -0.55434 -0.376805 -28.3048 -11.4704 -1.78532 12.3553 1.247 0.570539 28.3593 11.4714 1.93838
-12.3615 -0.634368 -0.997358 -27.5357 -11.5897 -2.0952 12.3889 1.42226 2.10542 27.6428 11.5961 2.49183
-12.8027 -3.85839 -0.954562 -26.7672 -10.6538 -0.478488 12.8166 3.93728 1.57601 26.8597 10.6933 2.10925
-13.7163 -2.86178 -1.18977 -26.0883 -10.4515 -2.24769 13.7415 2.89909 1.49183 26.1542 10.4846 2.54537
-13.0675 -3.02148 -2.35592 -24.783 -11.0277 -3.62421 13.1032 3.37448 3.21577 24.8293 11.0304 3.63506
-12.5244 -1.93052 -1.78473 -26.0573 -11.4639 -3.58608 12.5851 3.17904 2.94741 26.1057 11.4824 4.00828
-11.6784 -1.77134 -2.01007 -27.1774 -12.2103 -2.95574 11.7483 2.09756 2.33141 27.2137 12.2511 3.18369
-11.164 -2.36269 -1.61813 -27.6678 -12.7067 -1.83326 11.2364 3.25529 2.72138 27.718 12.7209 2.59285
-10.9519 -2.05685 -0.754626 -28.4836 -13.3362 -0.278705 11.0772 2.72546 1.73247 28.5423 13.3534 1.05682
-11.2644 -1.24591 -0.169505 -28.9884 -13.3595 0.343545 11.4172 1.62029 1.15285 29.0321 13.4177 1.10758
-11.9616 -0.414454 0.477944 -29.146 -12.7304 0.500986 12.1066 1.12461 1.06375 29.1566 12.7927 1.15374
-11.3569 0.300939 0.42025 -29.7263 -13.948 0.882946 11.4909 1.27843 0.876748 29.7523 14.0702 1.50019
-10.8111 1.12175 0.544853 -30.3118 -14.5713 0.973335 10.9172 1.72911 0.956841 30.3325 14.7541 1.60054
-10.6276 1.97555 0.922076 -30.648 -14.6726 1.55493 10.7751 2.43523 1.2233 30.6688 14.9017 1.9342
-5.34318 -3.73425 -9.19146 -16.7579 -6.56447 -5.79095 5.44223 3.96941 9.23565 16.9618 6.97174 6.14638
-2.19713 -2.24645 -2.74638 -7.96067 -3.96851 -3.47561 2.56526 2.45297 2.95109 8.45239 4.31609 4.40699
-1.30194 -0.284882 2.07826 -6.16816 -3.88303 -0.692062 2.02263 0.640072 2.3968 6.6798 4.25605 1.92452
-2.4573 1.03506 2.56366 -5.73181 -3.89245 -1.2562 2.89206 1.46794 2.76777 5.91607 4.60935 1.72651
-2.40015 2.55945 2.35681 -5.66532 -3.39273 1.36341 2.5573 2.89074 3.13683 5.94164 3.84948 1.9993
-1.19777 -8.41715 1.18413 -5.40451 -3.29229 -1.78418 1.79094 8.45871 2.86546 5.81557 4.09322 3.1483
-3.83414 -12.7476 -12.7803 -5.25852 -8.19774 -21.355 3.89958 12.8132 12.8473 6.12553 8.2896 21.4497
-0.479881 -15.1922 -24.8026 0.255706 -2.51417 -24.7785 1.32992 15.338 25.0054 3.75896 2.6489 24.956
0.507693 -15.7779 -40.9318 4.00603 -1.06875 -24.3874 2.6022 15.9365 41.0077 4.98564 1.13977 24.6163
4.13661 -20.7598 -41.1539 5.23557 3.73392 -23.5746 4.88468 20.8295 41.4931 5.46488 3.78413 23.9451
5.04347 -22.5557 -39.8603 5.13516 4.55853 -22.5779 5.07289 22.5884 40.2365 5.47187 4.57084 22.7956
5.61357 -21.9868 -42.0298 5.20444 4.28553 -23.1485 5.69792 21.988 42.3933 5.48498 4.28757 23.2519
4.37534 -19.5569 -39.9067 4.72432 4.31283 -25.4553 4.42834 19.5636 40.2985 4.98529 4.37591 25.6473
4.0118 -16.0402 -39.8472 4.06532 4.59945 -24.4142 4.06095 16.0503 40.2349 4.65118 4.7127 24.5608
3.7229 -14.184 -40.7224 3.12003 4.32805 -24.0818 3.82922 14.2333 41.2451 3.47259 4.38607 24.1656
3.19372 -12.957 -39.7216 1.70664 3.82864 -23.8993 3.19692 13.0525 40.3394 1.87783 3.85104 23.9836
2.65441 -11.8936 -38.7386 0.753166 3.65472 -23.6689 2.79234 12.0691 39.4917 1.07768 3.74932 23.7934
1.66115 -10.9786 -35.5905 0.354868 2.95289 -23.1432 2.699 11.1828 36.4309 0.610067 3.01459 23.3257
0.720408 -9.55402 -34.1743 0.754672 1.89838 -21.0431 2.47392 9.8801 35.0302 0.909359 1.93377 21.3088
-0.0675425 -8.16056 -33.1585 0.796309 0.92925 -21.1285 1.85762 8.71822 34.1412 0.880923 1.04 21.4038
-0.707187 -7.70603 -32.4297 0.716581 -0.131866 -20.4067 1.22906 8.50472 33.5772 1.57275 0.880638 20.6812
-0.42424 -7.20271 -30.7137 0.297505 -2.03233 -18.9644 1.14013 8.03779 31.7646 0.587604 2.52222 19.2754
-1.13212 -6.92075 -32.2853 0.755995 -2.88701 -18.9133 1.88026 7.66139 33.4079 1.41803 3.15195 19.233
-1.89575 -7.14873 -31.9592 -0.415431 -2.43859 -18.7907 2.34592 7.87194 33.1269 1.35315 2.45015 19.1313
0.157719 -6.44539 -32.0963 -1.37637 -2.14628 -18.4012 1.66953 7.1307 33.2712 1.5687 2.42578 18.9111
-1.10138 -5.30072 -31.7067 -2.8474 -1.94301 -18.9434 1.88672 5.68325 32.974 2.99378 2.04482 19.4538
-0.967263 -5.71175 -29.8446 -2.99653 -2.7752 -19.4316 1.42152 6.16121 30.896 3.19991 2.92526 19.8604
-2.6783 -5.37971 -29.8318 -2.70502 -3.09421 -19.15 4.11797 5.87812 30.9119 3.29254 3.43517 19.5624
-1.98642 -5.88184 -30.302 -2.29936 -2.66821 -18.4345 2.43084 6.44545 31.5084 2.8045 2.88816 18.7815
-1.87274 -6.4482 -30.9461 -1.90992 -1.52481 -18.3626 2.2165 7.12542 32.1708 2.39533 1.88369 18.6779
-2.27739 -6.84387 -30.376 -1.96929 -0.72004 -17.5557 4.73445 7.36016 31.449 2.2732 1.69953 17.9296
-1.21464 -7.035 -31.7001 -1.24119 0.25856 -16.5413 2.29567 7.65612 32.8272 1.64937 0.865741 16.917
-0.347519 -7.70481 -32.7604 -0.315921 0.71455 -16.3027 1.77126 8.22421 33.9448 1.20156 1.80243 16.679
0.312487 -7.82377 -33.8443 0.191242 0.56427 -17.0226 1.81357 8.43814 34.9502 0.930072 1.93135 17.3346
0.807141 -7.7901 -35.154 0.346561 0.774475 -17.6449 2.07341 8.45118 36.3063 0.926041 1.79987 17.955
0.875319 -8.15502 -34.9821 0.536757 1.26254 -17.8059 2.47153 8.65039 35.9955 0.981037 1.84478 18.0688
1.17008 -8.27089 -35.9208 0.95509 1.82202 -18.4545 2.68321 8.80837 37.1178 1.17802 2.40887 18.8804
-1.8267 -4.38363 -19.2101 -5.8446 -4.98511 -9.47566 2.49793 4.48112 19.9857 6.53597 5.26943 9.56142
0.265867 -2.98687 -11.7776 -4.94752 -1.15219 -5.64119 0.565808 3.32991 12.214 5.93948 1.28216 5.91118
0.866965 -2.60552 -8.00233 -1.57887 1.03866 -3.5748 2.06679 3.23308 8.47692 2.63988 2.31995 3.86803
-0.56798 -2.01106 -5.86985 2.39188 0.2585 -4.64122 0.664015 2.3954 6.14485 3.36603 0.502841 4.83288
-0.489322 -3.16477 -4.58681 -11.8451 -0.0606304 -4.46863 0.946665 3.86555 4.75019 11.8597 1.12248 5.06189
-1.46105 -0.992402 -6.10147 -12.6871 0.739629 -1.11218 2.0213 2.49496 6.34822 12.7952 2.50821 2.47196
-16.0749 1.27009 -6.34291 -15.6076 -0.966146 1.25861 16.1824 3.75208 6.41772 16.1755 2.20966 3.20329
-24.2792 2.12737 -2.48073 -20.9518 -18.993 0.533644 24.562 2.56664 2.79135 21.363 19.3132 1.74918
-24.4162 3.55684 2.58901 -21.9076 -25.2095 0.480374 25.0376 4.43211 2.9246 22.0772 26.0942 1.02659
-16.6514 2.62697 5.97327 -28.0303 -26.064 2.3505 18.0617 2.80919 6.11889 28.3388 27.0854 2.53333
-13.0602 4.89794 5.15092 -33.6122 -25.5962 6.2644 14.8593 5.41214 5.27915 33.6599 27.0802 6.6922
-12.0058 5.33246 3.41979 -38.566 -25.9047 6.55662 13.8784 6.01572 3.57569 38.6053 28.0111 7.21218
-12.205 5.68608 2.20774 -41.7871 -21.5825 7.0543 13.9746 6.72111 2.37259 41.8725 23.3835 8.14386
-14.6895 6.15346 1.61344 -40.0016 -19.9886 6.31404 16.4927 7.43189 2.0232 40.0844 21.6745 7.19065
-16.6112 6.01477 1.51242 -38.9035 -18.6881 5.12271 17.927 7.09022 1.7831 39.0023 19.8743 5.72629
-17.7008 4.97736 1.62445 -34.5574 -17.3336 4.25128 18.6099 5.68098 1.66134 34.6282 17.863 4.852
-17.9781 4.089 1.88712 -30.0963 -16.6002 3.06153 18.3897 4.49345 1.95185 30.1737 17.0744 3.49618
-18.1372 3.54887 1.25993 -27.9955 -15.9481 1.16794 18.2659 3.70606 1.26667 28.0826 16.1552 1.25549
-16.2717 0.729035 0.796565 -26.1895 -16.8207 0.750184 16.3226 1.4785 1.06819 26.2608 17.1121 1.56923
-14.3616 0.325968 0.49551 -26.0988 -15.3675 -0.949937 14.4129 1.39766 0.694546 26.1393 15.5578 2.29166
-12.7926 -1.35351 0.22638 -25.0433 -14.6501 -1.19314 12.8591 1.55374 0.580317 25.0889 14.7893 2.11339
-11.4206 -2.42426 -0.668147 -25.5711 -14.2105 -1.56148 11.4362 2.42991 0.996162 25.6378 14.3984 2.16315
-11.1513 -2.43348 -0.626726 -26.3717 -13.1493 -1.26881 11.2637 2.54202 0.629814 26.4955 13.2743 2.0054
-11.2394 -3.40523 -1.77136 -26.9443 -11.8502 -2.42848 11.2589 3.40974 1.79188 27.0841 11.9363 3.09855
-11.3455 -2.70572 -1.92497 -27.2215 -11.287 -2.6997 11.3616 2.94233 2.02213 27.3461 11.3669 3.14396
-11.9595 -3.54018 -1.30486 -25.5739 -10.6878 -0.784673 11.9676 3.56785 1.41564 25.6918 10.767 1.05374
-11.741 -2.70985 -2.23327 -26.4361 -10.9703 -2.53819 11.7437 2.73033 2.50867 26.5442 11.0725 2.56
-11.5855 -3.15219 -2.29845 -26.5065 -10.7837 -3.52689 11.5936 3.53593 2.59897 26.6506 10.8636 3.54892
-10.9054 -2.32427 -2.2455 -27.8637 -10.9487 -2.97757 10.9089 2.48712 2.46382 27.9887 11.0049 3.35169
-10.5084 -2.82089 -2.06026 -28.5402 -11.8661 -2.62903 10.5178 3.01068 2.32853 28.6051 11.9123 2.97532
-10.2899 -3.12306 -1.30262 -27.3952 -13.4455 -2.01098 10.327 3.28098 1.71086 27.4486 13.4944 2.62238
-9.6153 -1.08489 -0.705617 -27.8983 -13.4462 -0.694446 9.63123 1.35984 1.25933 27.9835 13.5158 1.1649
-9.8044 0.115985 0.216198 -27.9869 -14.3749 -0.464024 9.84592 0.491605 1.02749 28.0424 14.5376 0.744148
-9.62395 0.630298 0.148173 -29.5539 -14.6809 -0.0236386 9.68983 0.94568 0.721029 29.622 14.8752 0.707176
-9.35187 1.05188 0.276827 -30.1722 -15.2605 0.633424 9.47169 1.40925 0.925396 30.2462 15.4814 0.93137
-9.66763 1.57008 0.656675 -29.8933 -16.0517 1.22369 9.85641 1.87819 1.02659 29.9493 16.3358 1.42219
-6.83356 0.00953468 -4.2903 -21.5813 -12.1387 -0.681399 6.98953 0.189961 4.48214 21.6498 12.4188 1.14766
-4.13002 -3.59538 -8.15095 -13.2291 -7.43685 -5.19248 4.3869 4.16116 8.401 13.448 7.95675 5.50727
-1.83875 -0.234676 -1.56552 -6.59394 -5.03655 -2.81057 3.00463 0.973694 1.98183 7.01808 5.44467 3.69337
-0.699711 0.753777 2.38854 -4.48215 -4.53252 -1.31737 2.17242 2.1923 2.84163 4.74397 4.86728 1.70786
-1.1498 2.18685 -1.29398 -4.67223 -3.17284 -1.42412 1.76435 3.17159 1.33469 4.80874 3.54087 1.77054
0.582374 2.22755 -16.867 -4.28864 -2.79792 -24.7909 1.38286 2.45071 17.401 4.58417 3.30821 25.2178
0.938433 1.95976 -27.4808 -3.70528 -3.21607 -26.4146 1.77861 2.46083 28.5745 4.23717 3.37307 26.5289
0.966746 -4.35019 -27.6145 -1.56975 1.62101 -32.4533 3.34503 4.81116 29.1538 2.71233 1.67009 32.6521
1.26358 -12.6213 -30.4067 2.8204 2.36761 -27.2641 2.0003 12.7449 32.7111 5.83772 2.68422 27.4927
3.87657 -17.3791 -34.0325 7.62085 2.91077 -25.8827 3.9728 17.4301 36.0264 8.14185 2.94238 26.2391
3.67984 -14.6845 -39.0987 5.22127 3.25344 -24.304 3.76314 14.8828 40.4461 6.04657 3.48715 24.6
4.65034 -13.4894 -41.923 4.45685 4.5221 -22.3781 4.67627 13.5855 42.9808 5.12993 4.53091 22.6859
5.55504 -15.5371 -45.5473 4.68527 5.40098 -23.122 5.62423 15.5844 46.4906 5.06129 5.47528 23.3872
4.90089 -13.9485 -46.5238 3.43362 4.361 -22.4598 4.93955 13.9595 47.3628 3.62953 4.41684 22.6953
4.10513 -11.3948 -48.1488 3.0054 4.8207 -24.1276 4.19208 11.4069 49.077 3.05918 4.95564 24.5329
3.1214 -9.10708 -46.0917 2.38797 4.33004 -26.8674 3.15769 9.1477 47.2044 2.41914 4.39397 27.3993
2.3741 -7.60202 -42.4658 1.72062 4.07175 -28.5924 2.43967 7.66481 43.7656 1.84695 4.0958 29.3013
1.73454 -7.58302 -37.166 1.13609 3.20305 -28.5825 1.86229 7.62733 38.39 1.79856 3.55385 29.2302
1.27625 -8.17864 -35.1729 1.12559 1.69096 -25.7324 1.42777 8.31372 36.5132 2.19729 2.02023 26.3319
0.866439 -8.2492 -34.7924 1.7127 0.667497 -24.0256 1.17623 8.46738 36.3654 2.57925 0.978149 24.7127
0.15355 -8.46728 -33.4222 0.759108 0.0260445 -22.5776 1.91786 8.8187 34.9385 1.14163 0.976784 23.1593
-1.03553 -8.08343 -33.4857 0.476767 -0.780886 -20.353 2.07155 8.57645 35.0652 0.991859 1.24282 20.8753
-1.04679 -7.39332 -32.3665 0.78769 -1.97979 -19.3644 1.43959 8.27103 33.8328 2.22544 2.12232 19.8489
-0.665634 -7.22517 -31.7437 -0.193022 -3.27609 -18.9008 2.79393 8.24058 33.2047 1.31426 3.56963 19.3406
-1.23266 -6.67448 -32.1777 0.149228 -3.43166 -18.7905 2.32351 7.44313 33.716 1.60555 3.73661 19.2459
-0.952216 -6.44886 -31.8589 -1.97402 -2.73173 -19.0991 1.83645 7.21053 33.4309 2.51556 2.76242 19.6159
-0.0792407 -5.64716 -30.8951 -2.03401 -2.03819 -20.5501 0.358704 6.33276 32.3948 2.7449 2.18062 21.0828
-1.31283 -4.80094 -29.2911 -3.17589 -1.40715 -21.3773 2.07576 5.38775 30.6197 3.26907 1.50243 21.9826
-3.71276 -5.44763 -29.781 -3.05892 -0.657725 -20.0598 4.80931 5.97425 31.2142 3.20204 2.03489 20.5781
-2.50575 -6.50653 -29.6491 -2.11053 -1.13501 -19.3309 3.25817 7.05431 31.0699 2.55288 2.21479 19.8023
-2.11815 -7.21285 -30.2543 -2.18631 -1.4461 -18.9118 2.90916 7.75945 31.6835 2.48793 1.6406 19.408
-1.45658 -7.36044 -30.9805 -2.23073 -1.11001 -19.0158 1.94698 8.0072 32.4272 2.94894 2.05734 19.4258
-0.11757 -8.11656 -30.8776 -1.78824 -0.923295 -18.9204 0.871936 8.73809 32.3545 2.46431 1.50629 19.2521
0.479171 -8.26771 -31.4078 -1.30233 -0.403614 -18.1978 2.139 8.95488 32.6867 1.67786 0.838672 18.5204
0.139654 -8.03622 -31.1198 -0.157016 0.244686 -18.5249 2.64954 8.58067 32.2978 0.948052 1.24061 18.9492
0.238407 -7.88149 -33.1937 0.467974 1.06119 -19.6154 2.44712 8.13566 34.3504 0.85337 1.72076 20.1392
0.509935 -8.65887 -33.4921 0.781674 1.23029 -19.7243 2.32714 8.87089 34.6926 1.07556 1.91668 20.2358
1.13316 -8.65978 -34.505 1.06295 1.50896 -19.6637 2.46939 9.0477 35.8405 1.36318 2.28222 20.3396
-2.0445 -4.25623 -18.0428 -7.35964 -3.66092 -9.40268 2.48218 4.29261 19.0502 8.5256 3.93338 9.5342
0.220236 -2.94977 -11.2429 -5.29318 -0.597992 -4.39527 1.20975 3.39983 11.8275 6.2046 0.725597 4.6438
1.11311 -1.87426 -6.65065 -2.24103 1.06059 -3.93927 1.71026 2.65424 7.15799 3.21475 2.40961 4.18462
-0.115217 -1.35469 -5.46498 2.57517 -0.0955588 -2.5013 0.212676 2.21208 5.76933 3.32557 0.559888 3.15565
0.183311 -3.79096 -4.28488 4.80402 -1.24509 -3.51448 1.37665 4.18534 4.57659 5.15336 2.0674 4.0693
0.65343 -3.61646 -2.90691 -15.1649 -15.2967 -6.1182 1.51137 3.96632 3.39938 15.215 15.3826 7.12052
-6.70512 -2.52224 -2.03771 -23.032 -20.1011 -0.998236 6.86836 3.44662 2.65758 23.0366 20.6155 1.94799
-18.476 -2.46613 -0.662375 -27.425 -20.739 2.46514 18.717 2.97092 1.40866 27.8173 21.6449 2.90457
-20.8703 3.55753 4.40314 -33.0011 -21.7572 4.88478 21.353 5.11223 4.61797 33.3741 23.0245 4.98117
-18.2788 5.11434 4.91903 -32.4883 -23.8058 5.01503 19.0621 5.34086 4.98177 32.9055 25.1704 5.40789
-16.8104 6.30184 4.48478 -34.2674 -24.4246 5.82114 17.7326 7.00536 4.51274 34.4069 25.4 6.35564
-16.3656 4.71275 3.35068 -33.9078 -27.4771 5.63506 17.5198 5.51499 3.35947 34.0457 28.5167 6.08491
-14.9593 5.31722 3.4571 -34.2474 -26.8452 5.97291 16.0284 6.12898 3.48086 34.3253 27.8226 6.39889
-15.2092 4.98228 2.96739 -32.61 -25.8879 5.39534 16.3151 5.618 3.03173 32.7264 26.6968 5.8075
-14.4241 4.28574 2.49209 -31.8327 -23.6218 4.80082 15.4538 4.77076 2.52328 31.912 24.1603 5.15872
-14.8287 3.73765 1.87631 -31.7331 -21.8058 4.33145 15.7641 4.20815 1.91905 31.776 22.423 4.70609
-14.5699 3.01801 1.05209 -29.1788 -19.4048 3.66889 15.3542 3.54784 1.08602 29.242 19.9889 3.96559
-14.2102 2.63421 0.463724 -28.4571 -18.2842 2.3149 14.7844 3.52364 0.708255 28.5272 18.8511 2.62298
-13.5744 2.91919 0.345191 -27.3138 -16.8401 1.17149 13.9778 3.16438 1.59191 27.4077 17.2425 1.18061
-13.3808 1.29609 0.356179 -26.9607 -15.8159 0.504668 13.598 1.96271 2.00867 27.0595 16.1318 1.14127
-13.0885 0.604408 0.110371 -24.3666 -16.4661 -0.943497 13.1973 1.22129 1.38191 24.4488 16.8119 1.58507
-12.9388 -0.23145 -0.492958 -24.1765 -16.4595 -1.95532 13.0057 0.840357 0.898777 24.2076 16.716 2.10827
-12.3669 -1.31505 0.169355 -23.0556 -15.246 -2.42178 12.4245 1.64245 0.235456 23.0729 15.3832 2.5047
-11.8553 -2.90119 -0.110173 -23.1418 -15.1596 -2.6489 11.9164 3.12272 0.61296 23.1596 15.3089 3.06171
-11.1081 -2.35419 -0.780168 -23.8577 -15.2274 -3.46738 11.1594 2.61859 0.951285 23.9093 15.4114 3.51412
-11.185 -3.86057 -0.314683 -23.8055 -14.2815 -0.85181 11.2375 4.30783 0.570465 23.9125 14.4789 0.896175
-10.9079 -3.72362 -1.88095 -24.0857 -13.3887 -2.86161 10.9319 4.24379 1.96845 24.2172 13.5618 2.86521
-10.4045 -3.20588 -1.92909 -24.4186 -13.7573 -3.6907 10.4294 3.22977 1.93406 24.5195 13.965 3.74258
-10.2423 -2.82895 -2.24824 -23.7349 -14.6189 -3.03065 10.2793 2.85955 2.74893 23.8203 14.8387 3.37737
-9.92162 -3.32562 -1.7739 -25.2219 -14.9154 -2.23544 10.001 3.37984 2.32003 25.3175 15.1306 2.69846
-10.2038 -2.04672 -1.74358 -25.6387 -14.9301 -1.73162 10.3258 2.21758 2.12901 25.7453 15.1652 1.83275
-10.0583 -0.848369 -0.839158 -26.4023 -14.6834 -0.767533 10.1354 1.13439 1.77948 26.5159 14.915 0.810762
-9.87472 -0.371886 -0.404015 -26.5101 -15.0643 -0.275026 9.9194 0.51729 1.15984 26.6961 15.4261 0.397202
-9.69007 0.148292 0.268148 -26.78 -15.6442 -0.0980116 9.73884 0.90435 0.907193 27.0075 16.1089 0.658742
-9.20578 0.812239 0.69349 -27.5562 -16.0776 0.534663 9.32596 0.980712 1.14813 27.7448 16.544 0.832999
-9.1555 1.45547 0.852305 -28.7056 -17.2357 1.20385 9.38056 1.73425 1.24313 28.8417 17.6905 1.36
-9.9653 1.9475 0.958163 -28.7855 -17.6896 1.82837 10.4556 2.18249 1.13971 28.8783 18.1571 1.95552
-4.84287 -1.93749 -10.2302 -15.9321 -8.38439 -5.45776 5.22888 2.88802 10.2334 16.113 8.97489 5.84061
-2.70358 -1.56161 -2.92827 -7.69814 -4.82229 -3.66057 3.76081 2.06628 3.46502 8.12132 5.21644 4.58263
-1.32123 -0.0910242 2.48838 -5.09263 -3.83703 -1.24294 2.29637 1.12048 3.18766 5.51454 4.17394 2.05597
-1.36951 1.28857 2.64032 -4.50469 -3.37999 -1.38471 1.98784 2.26253 2.68614 4.74611 3.9454 1.79029
-1.0366 2.69186 -0.00205052 -4.41008 -3.14066 0.736371 1.30678 3.49889 3.13311 4.66323 3.56516 1.42785
-0.419958 2.78426 -13.6809 -6.2908 -3.33882 -25.421 1.61786 3.69926 14.2905 6.34381 4.08223 25.8889
-0.902956 -0.850272 -27.374 -3.42914 -0.950125 -28.0954 1.68694 1.6402 28.0024 3.89605 1.46516 28.1945
-0.164619 -18.0835 -25.9811 -0.754824 1.40912 -30.3547 2.10049 18.092 26.803 1.98438 1.4232 30.6651
1.46889 -19.4091 -32.7524 4.28996 1.90189 -28.2432 2.08146 19.4154 34.0194 5.39487 2.09492 28.6097
3.23444 -17.773 -36.8689 6.59094 3.58589 -25.9052 3.5684 17.7768 37.6238 6.90762 3.85538 26.2825
4.23446 -15.0488 -40.9092 4.78592 4.49697 -22.5303 4.25947 15.1164 41.5323 5.71611 4.53533 22.758
4.96043 -16.3672 -44.8707 4.39676 5.73227 -22.1669 4.99347 16.3818 45.4786 5.08876 5.77285 22.3216
5.43601 -16.2946 -45.3426 4.33385 4.42519 -21.2701 5.47678 16.311 45.9338 4.67763 4.46155 21.4517
4.5209 -14.588 -47.0435 3.29548 4.4082 -21.6001 4.56806 14.6067 47.844 3.43796 4.49949 21.8637
3.89589 -11.4232 -45.2287 2.36909 4.70826 -23.7011 3.97817 11.4476 46.2166 2.6483 4.80664 24.0739
3.401 -9.31257 -42.1808 1.26462 4.16725 -25.783 3.40664 9.40063 43.3867 2.41551 4.29957 26.3392
2.55608 -8.45995 -39.2671 0.730669 2.80377 -26.0512 2.72066 8.72539 40.5963 2.24244 3.06095 26.6762
1.76372 -8.68539 -36.9928 0.64895 1.72434 -25.1271 2.03698 9.07179 38.5601 1.74712 2.05362 25.822
1.0553 -8.58382 -35.0997 0.204829 0.960391 -23.5214 1.59935 9.14041 36.9734 1.39691 1.21071 24.1704
0.181305 -9.41233 -31.8979 0.627153 0.2492 -20.6825 1.23784 10.1381 33.5969 1.19815 0.548804 21.3707
-0.621629 -10.1762 -32.6115 1.18352 -0.18528 -19.0502 2.22387 10.9672 34.4575 1.26966 0.414132 19.7987
-0.902832 -9.5403 -32.78 0.520537 -0.971009 -15.5386 2.09951 10.5962 34.6665 0.598168 1.11502 16.2592
-1.38025 -8.16909 -32.8723 0.478598 -2.17105 -15.6768 1.64509 9.55748 34.7439 1.29596 2.35567 16.3689
-1.48043 -7.62376 -33.8537 -0.522221 -1.70226 -16.0667 2.6993 8.92659 35.6721 0.973081 2.16031 16.5999
-1.33487 -6.47673 -32.501 -2.44194 -4.04382 -16.1704 2.76055 7.66111 34.1475 2.75317 4.13832 16.7801
-0.660481 -6.05552 -33.461 -3.36641 -2.38336 -17.8734 1.36133 6.8482 35.1619 3.54919 2.40791 18.6097
-2.27396 -5.73207 -32.1936 -2.97859 -1.23183 -18.3602 4.53931 6.50953 33.9271 3.01521 2.15073 19.2194
-2.83229 -6.30035 -32.0158 -2.77213 -0.824462 -17.5801 3.60565 6.98753 33.7693 3.1247 1.60523 18.4597
-2.83158 -6.30734 -32.2855 -2.28593 -1.04657 -17.0321 3.18114 6.94431 34.1583 2.45107 1.13941 17.8517
-2.03358 -6.76189 -31.46 -2.14854 -1.80169 -16.7682 2.31566 7.63149 33.1755 2.67288 3.65767 17.5012
-0.820089 -7.12656 -31.196 -1.66084 -2.18367 -16.863 2.33596 8.08167 32.758 2.14105 2.34323 17.5792
0.265501 -8.62161 -33.4313 -1.2487 -1.12574 -16.4934 1.52818 9.45452 35.2546 1.6925 1.76981 17.1366
0.307011 -8.0425 -33.8707 -0.85966 -0.0467173 -16.2151 2.8512 9.15433 35.5037 1.08812 1.07932 16.9753
0.518243 -8.67674 -35.0289 -0.421438 1.27709 -15.9352 2.79281 9.41468 36.7167 0.780664 1.76611 16.8637
0.757284 -9.18091 -34.5601 0.206314 1.41366 -16.5284 2.62283 9.76877 36.1154 0.744888 1.80505 17.4283
0.703128 -9.30442 -33.9942 0.945588 1.33741 -17.7285 2.11475 9.71203 35.4401 1.3362 1.73461 18.4774
0.744385 -9.07595 -36.7748 1.26683 1.83294 -17.1019 1.80766 9.69654 38.4822 1.65268 2.15481 17.9605
-2.59398 -4.7924 -19.9489 -5.78659 -3.9562 -8.59403 2.89936 4.80326 21.272 6.63065 4.64265 8.79196
-0.292921 -2.94951 -12.2687 -5.17449 -0.256917 -4.22898 1.50977 3.42566 13.1079 6.48672 0.432326 4.36928
1.10184 -1.63477 -7.51467 -1.98593 1.48811 -3.25256 1.82949 2.25286 8.07038 3.06409 2.85502 3.30581
0.209703 -1.56282 -5.5773 1.42097 0.289021 -2.81406 0.231615 2.15044 5.87575 2.60476 0.547358 3.5148
0.555521 -3.95762 -4.70887 4.5859 -2.85135 -3.3486 1.45873 4.19483 4.91969 5.00617 3.49909 4.2003
-7.4829 -3.7868 -3.28222 -16.8255 -14.9145 -4.75649 8.01544 3.94044 3.98814 16.8406 15.276 5.62237
-17.4817 -3.8626 -0.841453 -26.1773 -20.9293 -1.41578 18.027 3.96747 1.88568 26.263 21.8986 1.85199
-17.0557 0.856568 1.99653 -30.2809 -21.5552 1.23076 17.6195 2.50891 2.39759 30.5688 22.9055 1.54486
-17.1772 5.42027 4.60694 -32.8715 -23.5954 5.69432 17.9562 5.83354 4.75676 33.383 25.0843 5.92592
-16.8493 6.06985 5.01049 -32.9515 -23.1734 6.4182 17.7532 6.58448 5.01357 33.1423 24.5368 6.69806
-15.5713 4.97769 3.64337 -31.6644 -24.0931 5.81083 16.5201 5.79192 3.68693 31.8526 25.1984 6.15003
-16.9202 4.75887 3.38534 -31.6275 -25.6688 5.30399 18.1369 5.6119 3.43663 31.8368 26.8127 5.69702
-15.9258 4.94572 3.19244 -32.6939 -25.1674 5.18427 17.0907 5.74109 3.22871 32.8522 26.091 5.5624
-14.7507 4.29537 3.18442 -32.3696 -24.7696 5.05797 15.956 4.91673 3.22377 32.4973 25.647 5.43577
-14.2701 3.90081 2.30938 -31.4418 -22.9454 4.89842 15.3989 4.34278 2.38688 31.5288 23.7862 5.23287
-13.9131 3.54681 1.44732 -30.6278 -19.4976 4.2431 14.7981 4.10848 1.50357 30.6953 20.062 4.63837
-14.4765 3.17339 0.998098 -29.2716 -18.455 3.67348 15.1366 4.18318 1.15071 29.3135 18.9719 4.03218
-13.2558 2.46898 0.729885 -27.2068 -18.1732 2.04114 13.6769 3.08007 1.04445 27.2446 18.7725 2.13345
-13.039 2.07941 0.541974 -26.2953 -16.5927 1.06729 13.3101 2.19849 1.51704 26.3591 17.0197 1.24059
-12.3849 0.455652 0.0768866 -25.7198 -16.2783 0.00103364 12.5687 0.760614 0.971257 25.7739 16.636 0.924253
-11.6137 -0.365064 0.258893 -25.2102 -16.1762 -0.577932 11.7559 0.716202 0.377661 25.2246 16.5308 1.66053
-11.3568 -1.28845 -0.0182509 -25.492 -15.3806 -1.4111 11.4593 1.79225 0.721464 25.4974 15.6205 2.05928
-11.7842 -1.65287 0.142367 -24.5407 -13.8358 -1.8388 11.8854 1.91039 0.206438 24.5424 14.0084 2.60224
-12.0423 -1.79126 -0.631849 -23.366 -13.4214 -3.25426 12.1055 2.70794 1.12191 23.3827 13.5439 3.79513
-12.3209 -1.09543 -2.0347 -23.1872 -14.3795 -3.48662 12.3528 1.69747 2.59121 23.2195 14.5729 4.14151
-12.2392 -3.68674 -0.858952 -22.9404 -13.2172 -2.37908 12.2807 3.71153 0.988074 22.9622 13.3266 2.6117
-11.8637 -3.53074 -2.10656 -23.284 -13.1496 -3.0755 11.9017 3.64775 2.26676 23.2871 13.2808 3.40283
-11.4038 -3.90289 -1.85572 -23.091 -13.8686 -3.21868 11.4547 4.22349 2.58682 23.091 14.0177 3.8748
-10.641 -3.45819 -2.156 -23.2608 -14.4228 -3.08009 10.7493 3.63441 2.66868 23.2675 14.6303 3.42506
-10.0664 -3.12589 -2.1963 -23.7577 -14.1358 -2.29756 10.2104 3.22131 2.4484 23.8019 14.3684 2.30476
-9.96634 -1.34556 -1.9793 -25.3305 -13.6841 -1.50503 10.0936 2.47261 2.48925 25.438 13.9318 1.87412
-10.0699 -0.0425955 -0.814718 -25.8965 -14.2832 -1.03407 10.1783 0.390834 1.12331 26.0536 14.6866 1.49409
-10.1896 -0.0664212 -0.412012 -27.462 -14.1733 -0.342828 10.3057 1.48849 1.17922 27.5629 14.5907 1.3874
-10.8591 0.326703 0.221172 -27.8077 -15.0621 0.508183 11.0386 1.33441 0.941554 27.8726 15.5708 1.45353
-11.4167 0.897606 0.703407 -27.8412 -14.7994 0.789884 11.648 1.33959 1.01837 27.9125 15.236 1.30046
-11.6408 1.35961 1.09587 -27.6532 -15.0762 0.95337 11.905 1.69452 1.44968 27.727 15.5513 1.21864
-8.29933 0.184765 -5.30971 -20.363 -11.5991 -0.858252 8.53474 0.378102 5.6171 20.3937 11.9328 1.37059
-4.66533 -2.43814 -9.45325 -13.1532 -6.46123 -5.84471 4.90904 3.13341 9.53464 13.2387 7.01809 6.48111
-2.02464 -0.380566 -1.46259 -6.7682 -4.29486 -3.24006 2.43595 0.963259 2.59771 7.05319 4.6702 4.30244
-0.670386 -0.208567 2.97966 -5.04403 -3.75286 -1.01256 1.1372 1.77898 3.42965 5.22358 4.10237 1.69174
-0.686715 2.05792 4.13896 -5.31744 -2.74508 -1.42836 0.901431 2.87354 4.18092 5.45558 3.22259 1.75582
-1.00798 2.2988 -4.20447 -4.25242 -2.92825 1.12366 1.19453 2.88259 5.24068 4.49884 3.42014 1.63825
-0.839077 0.896574 -15.5491 -6.6241 -3.16572 -26.1258 1.56063 1.69832 16.0639 7.00375 3.88805 26.3371
-0.120799 -5.91289 -29.3126 -3.7046 -1.21493 -25.3145 1.69648 5.96571 30.157 3.81256 1.64089 25.4632
-0.0963321 -18.4088 -28.1483 -0.437675 1.20259 -29.4148 2.51024 18.4436 29.2776 1.32016 1.22229 29.6658
3.39837 -18.5245 -34.7875 5.6505 1.95261 -27.061 3.703 18.5362 36.1339 6.62058 2.20388 27.3202
3.8471 -18.0654 -37.192 6.47064 3.54975 -25.0861 4.08827 18.07 38.1957 6.80693 3.60078 25.4274
4.83797 -15.1933 -41.5126 5.3085 4.57573 -21.5403 4.8413 15.2165 42.1912 5.84534 4.61922 21.906
4.55866 -16.8224 -45.6411 4.06916 5.65623 -20.8019 4.58599 16.9527 46.5034 4.41913 5.68856 20.9626
4.95167 -16.6434 -46.6849 3.60564 4.41448 -20.2341 4.98022 16.7753 47.4305 3.83569 4.4758 20.3439
5.38455 -13.7629 -48.0304 3.27735 4.76915 -21.3271 5.48134 13.8885 48.9889 3.68829 4.90794 21.5082
4.89606 -11.1566 -46.4187 2.884 4.81635 -24.029 4.97755 11.2881 47.6416 3.21132 4.91228 24.4235
3.71542 -9.66692 -42.8438 1.46413 4.40199 -25.3014 3.78033 9.98968 44.275 1.90801 4.42323 25.9609
2.12617 -9.26704 -39.2306 0.59016 3.31893 -24.6926 2.48174 9.69837 40.7901 1.1993 3.3327 25.5097
0.853524 -9.58148 -36.2007 0.723684 2.0722 -25.0446 1.67693 10.1879 37.9625 1.19346 2.1418 25.7992
0.0280159 -9.22058 -34.8248 0.471315 0.959792 -21.7865 1.34984 9.94966 36.9151 1.39152 1.2161 22.5615
-0.615162 -10.5526 -32.7705 1.10425 -0.0709596 -19.7673 1.90709 11.3196 34.7039 1.91635 0.709964 20.3941
-1.19243 -11.0493 -31.3936 1.00427 -1.64741 -16.8405 2.26654 11.9647 33.1176 1.37811 1.90323 17.5019
-0.854272 -10.8596 -33.1955 0.24998 -2.04526 -13.5191 1.72124 11.9231 35.0187 0.691284 2.22285 14.0946
-1.16792 -10.2431 -33.2447 0.320562 -2.2857 -13.2657 1.59841 11.6616 34.954 1.31601 2.48125 13.9142
-0.524776 -8.55899 -35.3297 -1.24604 -0.805308 -13.2097 0.74853 9.91728 37.1592 1.33184 0.979157 13.9255
-0.649823 -7.56229 -33.3618 -2.54361 -2.85949 -13.8717 1.00077 8.7274 34.9477 2.68887 2.92372 14.7584
-0.703703 -6.89036 -33.9355 -3.73422 -2.63191 -15.1048 1.71543 8.05223 35.7984 3.73427 2.78417 16.1347
-2.97327 -6.48273 -32.9924 -3.15103 -2.1273 -15.63 3.55798 7.36399 34.9065 3.18551 2.93217 16.8525
-2.3853 -6.97589 -32.3142 -2.30369 -1.62018 -15.7006 2.82779 7.66882 34.2276 2.34853 2.18214 16.9092
-2.6233 -7.53495 -32.7155 -2.51265 -1.63886 -14.7417 2.77599 8.23919 34.7035 2.774 2.32378 15.7068
-1.72313 -8.46966 -32.2818 -1.80027 -1.79853 -13.9998 2.25594 9.47286 34.1015 2.6596 1.81388 14.8735
-0.707126 -9.61351 -31.6646 -1.49616 -1.61584 -13.2947 1.42961 10.8505 33.3445 2.01662 1.8259 14.0686
-0.22286 -10.2337 -33.4943 -1.11353 -0.403278 -12.8591 1.73317 11.2541 35.2551 1.56476 0.619974 13.766
0.155777 -10.5842 -34.9205 -0.45794 0.349321 -12.6666 2.31626 11.4775 36.6709 1.06785 0.610148 13.6959
0.681492 -11.0313 -35.6186 0.363964 0.992835 -12.7659 2.29491 11.674 37.2514 1.02854 1.35957 13.8701
1.01975 -11.1044 -36.5221 0.548742 1.45143 -13.0333 2.31882 11.739 38.1989 0.930658 2.00024 14.0108
1.21779 -10.7853 -36.4134 0.706501 1.52212 -13.9188 2.47547 11.5562 38.0385 0.953634 2.20858 14.8701
-2.90556 -7.82303 -24.0682 -3.83281 -3.59061 -9.65722 3.86335 8.00255 25.2624 4.17116 4.95117 10.1817
-1.93678 -5.2796 -16.6151 -6.1414 -2.4556 -6.23741 2.65623 5.35065 17.6439 8.96266 2.81262 6.3751
1.31796 -2.69189 -8.7685 -3.35497 0.711914 -3.08253 2.65406 3.00114 9.66986 4.16966 1.78874 3.30875
0.257519 -1.55507 -6.56994 -1.35879 1.13498 -2.42584 1.18253 1.93829 7.10226 2.42071 2.00199 2.5818
-0.324514 -2.65511 -7.79532 3.41719 0.116996 -2.98567 0.328481 3.14507 8.48137 3.89377 0.124502 3.12398
-0.310523 -3.62695 -5.05297 -11.3367 -4.20983 -3.74437 1.38826 4.23443 5.36383 11.4197 4.69684 3.9928
-17.7582 -3.61139 -3.44623 -17.5225 -19.5607 -2.48374 18.0038 3.73841 4.21833 17.6526 19.8693 2.89897
-18.2335 -0.396458 -0.639452 -27.0438 -19.2919 -1.08843 18.7387 1.86194 1.35803 27.1022 19.9751 1.38084
-19.8856 0.821056 3.12147 -28.5868 -23.9383 1.39622 20.7154 1.65882 3.3359 28.8419 24.9845 2.15495
-16.2223 5.80629 4.81382 -31.5719 -23.784 5.68945 17.3575 6.39243 4.85384 31.7661 24.8277 5.84238
-15.6208 5.69367 5.12495 -30.6522 -24.6634 6.25378 16.7 6.02744 5.16073 30.9928 25.9094 6.53897
-14.8165 5.2867 3.70532 -31.7802 -25.4758 5.94125 16.0999 5.60232 3.75521 32.141 26.898 6.34694
-14.6539 5.59125 3.04327 -34.1942 -25.7759 6.10822 15.7554 6.05493 3.09929 34.5524 26.9686 6.66952
-15.1278 5.85299 2.39793 -32.8489 -25.4803 5.71884 16.3877 6.44691 2.44668 33.1756 26.7295 6.17918
-14.6702 5.32843 2.61148 -32.5126 -23.6488 5.11128 15.7819 5.82906 2.71606 32.7573 24.612 5.51837
-16.4014 4.73478 1.73905 -30.78 -21.3112 4.60231 17.4214 5.08973 1.97268 30.9959 22.0072 4.9268
-15.987 3.72538 1.08455 -28.5399 -19.6425 3.34856 16.9433 3.88474 1.57046 28.6793 19.9356 3.53053
-16.5222 2.69814 0.789134 -26.768 -18.6958 2.82638 17.301 2.78194 0.86627 26.8603 19.1321 2.98251
-14.6777 1.442 0.902992 -24.9324 -18.4434 1.50601 15.23 1.96562 0.909986 25.0164 18.8938 1.68858
-13.2481 1.45469 0.67775 -25.0545 -16.7875 0.689027 13.6128 1.64478 1.31888 25.1077 17.1184 0.844627
-12.8482 0.265724 0.628091 -23.7426 -16.0306 0.313281 13.1016 1.57652 1.63626 23.8144 16.4515 1.41568
-11.8824 0.0977863 0.503052 -23.6511 -15.9486 -1.42781 11.9878 1.73503 1.21721 23.7822 16.548 2.06224
-11.466 -1.13487 -0.451083 -23.7714 -14.6598 -2.05928 11.5665 1.42492 0.862463 23.883 15.0164 2.23869
-11.4461 -1.648 -0.261765 -23.9058 -13.8464 -1.53256 11.5458 2.17612 0.506556 23.9507 14.1444 1.84395
-12.0977 -2.25929 -1.15756 -23.1511 -13.9658 -2.53493 12.2241 2.71569 1.58599 23.1943 14.2786 2.89374
-12.7651 -3.46999 -1.13997 -22.4692 -13.722 -3.40551 12.9524 3.54001 1.49332 22.4913 13.9532 4.06492
-13.1836 -3.15766 -0.544705 -22.6141 -12.2577 -1.27816 13.3369 3.19548 0.669954 22.623 12.3881 1.42548
-12.6462 -2.8399 -0.706435 -22.455 -11.851 -3.51562 12.7418 3.20044 2.49741 22.4592 12.027 3.59889
-12.3496 -2.66316 -2.05653 -23.2938 -12.0274 -4.1744 12.406 4.34628 2.5324 23.3109 12.3056 4.27502
-11.9763 -2.7393 -2.45123 -24.1562 -12.2655 -3.53789 12.0416 2.83464 2.772 24.1787 12.5809 3.61499
-11.39 -2.66396 -2.00148 -24.4258 -11.7055 -2.6236 11.4995 3.41474 2.94363 24.4349 11.9393 2.97943
-11.0118 -2.44186 -1.37183 -25.6361 -12.2803 -1.53573 11.1847 2.65461 2.99657 25.6387 12.4871 2.16798
-11.7159 -0.871472 -0.73497 -26.293 -12.8707 -0.29364 12.0093 1.11952 1.15734 26.2968 13.1408 0.866208
-11.8139 -0.0889627 -0.0101599 -26.659 -12.3298 0.236483 12.0434 0.748288 0.97651 26.6648 12.6371 0.764889
-12.066 0.533719 0.0753851 -27.8284 -12.6422 0.583302 12.2408 0.848934 0.68169 27.8333 13.0192 0.917717
-12.119 1.28877 0.170872 -27.4979 -13.6031 0.953266 12.2718 1.60605 0.600767 27.5108 14.0638 1.15405
-12.4778 1.50525 0.945221 -26.9472 -13.8158 1.35083 12.722 2.00158 1.27967 26.977 14.3368 1.46821
-7.99069 -0.787594 -7.21563 -18.0903 -9.5499 -1.42782 8.20618 1.06135 7.50095 18.0934 9.97271 1.69828
-4.52663 -3.54746 -8.05051 -11.5987 -5.9809 -5.07692 4.73169 4.29264 8.23021 11.7431 6.56469 5.98014
-2.20584 -1.24176 0.0768736 -6.24607 -3.55695 -1.53568 2.40841 1.57409 1.65505 6.52113 3.84207 2.60821
-1.08595 -1.06682 3.01777 -4.97279 -3.1774 -1.00539 1.43522 1.37728 3.44911 5.18889 3.50767 1.82107
-1.35094 1.79617 3.3163 -5.45951 -2.51508 -0.573109 1.46591 2.06473 3.41058 5.65137 2.95421 1.33583
-1.23567 1.9865 -7.9184 -4.55067 -2.7018 1.23026 1.41812 2.43371 8.12179 4.84585 3.1905 1.53927
0.295773 -0.727345 -14.6484 -8.46936 -2.36652 -25.0665 1.42094 1.99486 15.2031 8.61191 3.16383 25.3584
0.221552 -19.4082 -29.3418 -2.61333 -1.154 -24.5783 1.04179 19.7436 29.9751 2.96391 1.91898 24.6635
1.14464 -23.8855 -27.7889 0.980934 0.466665 -27.1078 1.69468 23.9613 28.6387 2.02561 0.619285 27.2416
2.36509 -23.1931 -34.3723 5.64146 1.16031 -22.9401 2.93541 23.2218 35.1888 6.39068 1.55682 23.1539
4.41147 -21.1186 -38.9121 5.84205 3.28365 -19.8511 4.41259 21.1378 39.5683 6.40895 3.29241 20.1254
4.16794 -20.8624 -45.0267 4.62085 4.81211 -19.3322 4.16918 20.8825 45.4885 5.24838 4.86005 19.5818
5.79889 -20.1066 -47.6412 3.6119 5.71142 -16.8024 5.84103 20.2547 48.2332 3.78924 5.81427 16.8207
5.33344 -19.4492 -48.8044 3.36748 5.21838 -18.5342 5.54802 19.6313 49.4485 3.45716 5.34096 18.5621
4.81274 -15.4603 -47.9807 2.78312 4.69366 -19.9263 4.88065 15.5918 48.7063 2.91081 4.76867 19.9984
3.91781 -11.8402 -45.8463 1.93697 4.26754 -22.87 3.92274 11.9645 46.9163 2.1417 4.44439 23.1576
2.76144 -10.0283 -41.6896 1.40619 3.7357 -25.1941 2.8406 10.1849 43.0649 1.53679 3.91243 25.6287
1.6422 -9.79466 -37.0899 1.08958 2.96802 -24.8859 2.00161 10.1351 38.4936 1.09492 2.98107 25.5339
0.914051 -10.3464 -35.6717 1.23991 1.94131 -23.0158 2.4585 10.7442 37.2913 1.3714 1.97834 23.8434
0.0942254 -10.2688 -34.8468 0.893063 1.07031 -21.8641 1.71286 10.9581 36.709 1.28648 1.10704 22.6515
0.220181 -10.311 -33.4185 0.584113 0.109627 -18.9054 1.03759 11.6388 35.2884 2.1013 1.30883 19.6898
-0.188796 -9.0009 -33.4063 0.551049 -1.52029 -18.291 0.941361 10.6627 35.2303 0.814781 2.04192 18.9293
-0.820108 -8.35221 -33.6557 0.703695 -2.4151 -16.9042 1.34481 10.2137 35.6644 1.30032 2.58207 17.4786
-1.00763 -7.75058 -32.2324 0.423313 -2.54361 -15.6061 1.77207 9.27551 33.8261 1.8567 2.56139 16.2479
-1.21036 -7.73317 -33.3918 -1.09816 -1.06066 -16.3664 1.82241 8.57558 35.2041 1.81864 1.30544 17.1012
0.169543 -5.38702 -33.6605 -1.63425 -2.63693 -17.3344 0.599327 6.72523 35.3512 2.28693 2.6731 18.1073
-1.0019 -4.25436 -33.798 -3.30414 -2.49122 -18.6586 1.64413 4.938 35.6984 3.7685 2.58478 19.3698
-2.11713 -4.14549 -31.5108 -3.5401 -2.77647 -18.3117 3.23066 4.69517 33.228 3.80072 2.933 18.9736
-2.14491 -3.9326 -31.0531 -2.35904 -1.93134 -18.9024 2.40172 4.58378 32.7885 2.57385 2.05425 19.5492
-2.61241 -4.4998 -30.763 -2.30397 -1.14734 -20.0844 2.70621 5.24852 32.5923 2.41369 1.4691 20.6807
-2.23098 -4.48334 -30.7044 -1.20052 -1.0598 -19.4002 2.96832 5.49032 32.4597 1.48008 2.3767 20.0451
-0.969886 -5.79976 -31.7653 -0.647034 -0.366991 -18.1984 2.52657 6.69655 33.6974 1.18853 1.12617 18.72
-0.348105 -6.12406 -34.0662 -0.699718 0.145945 -16.8987 2.0612 7.16952 36.0126 1.01248 0.57535 17.3722
0.242684 -6.25953 -34.8885 -0.558751 0.566067 -16.5744 2.26722 7.3647 36.8324 0.803927 0.827946 17.0576
0.749925 -5.92718 -35.6213 0.0229755 0.874079 -17.1936 2.57165 7.09725 37.4087 0.776488 1.21528 17.6549
1.07565 -5.54451 -36.0922 0.529226 1.28773 -18.2799 2.94084 6.70362 37.7893 1.05234 1.56608 18.756
1.28493 -4.8475 -37.236 0.906213 1.97242 -18.3897 2.99054 5.89095 39.1503 1.26024 2.29031 19.106
-2.44698 -3.21648 -24.1393 -3.68139 -4.14739 -11.2473 3.45721 3.42193 25.6428 4.28589 4.92169 11.4986
-1.35988 -1.68781 -16.1239 -6.25019 -2.41808 -6.86187 2.12047 1.69316 17.2768 8.68822 2.6467 6.92966
1.81791 -0.586346 -8.41464 -3.09364 0.384063 -3.40897 2.80973 1.38645 9.49909 3.89439 2.18589 3.59099
0.861582 -1.58363 -6.25526 -0.587128 0.635404 -4.38018 1.07132 2.30327 6.97732 2.78777 1.63976 4.4308
0.293791 -1.91851 -5.3615 4.3413 -0.603795 -3.43749 1.19387 2.29192 5.8737 4.97833 0.901195 3.58393
0.394707 -3.06346 -3.70665 -0.852924 -17.2737 -6.63762 1.58035 3.49587 4.32639 2.13809 17.3552 7.02664
-11.1236 -3.33508 -2.31372 -11.4287 -20.0936 -2.76771 11.3866 3.40663 3.24697 11.8186 21.2215 2.78997
-14.1055 -4.49837 0.366077 -10.1623 -23.1132 0.339085 15.2399 4.77817 2.16389 11.3093 24.6623 0.423615
-16.9308 -0.466722 3.2916 -13.8687 -20.0239 2.73241 18.1839 1.85206 4.00718 14.76 22.2451 3.2868
-15.4081 1.82954 5.08612 -14.937 -22.8557 3.92233 17.4328 2.76799 5.34658 16.6183 25.174 4.54029
-15.8684 5.38739 4.77993 -27.8185 -23.5332 5.51742 17.6896 5.91118 4.82236 28.3269 25.8142 5.96075
-16.0157 5.93584 3.13151 -32.9089 -24.1437 6.05721 17.7682 6.93714 3.20743 33.3019 26.1299 6.71809
-17.4284 6.55958 2.59775 -36.8112 -21.3947 6.33446 18.5407 7.97467 2.68309 37.1626 23.0077 7.11695
-17.5874 5.84728 2.3759 -36.474 -21.1502 5.38693 18.6555 7.43995 2.44385 36.7606 22.6127 6.01562
-17.2577 4.88614 2.376 -34.7948 -21.2409 5.18836 18.0378 6.09222 2.39377 35.0102 22.3509 5.81053
-15.9795 4.29591 1.89522 -33.1697 -20.6986 3.93969 16.4985 5.61487 2.0196 33.3114 21.5947 4.2925
-15.4515 3.64179 0.927841 -32.8026 -18.9352 3.45696 15.7562 4.77018 1.30297 32.8483 19.6224 3.67685
-15.2984 2.86176 0.554877 -31.9158 -16.7037 2.50249 15.5289 3.25639 0.875475 31.9348 17.0996 2.61704
-14.3491 1.80787 0.236105 -31.2381 -16.1493 1.27051 14.5072 2.32208 0.770893 31.2513 16.4592 1.5131
-14.0301 1.26846 0.103902 -31.5571 -15.5184 0.800251 14.1247 1.55496 0.778437 31.5659 15.7626 1.10529
-13.5362 0.130878 -0.168108 -30.2697 -14.3931 0.12299 13.5681 1.23761 0.544061 30.2738 14.5808 0.794806
-14.1482 -0.415218 -0.139901 -29.4911 -12.7069 -0.547578 14.1856 1.07243 0.80778 29.4913 12.8049 1.08468
-14.2878 -0.936357 0.276116 -30.6658 -12.3488 -1.63861 14.2999 1.13982 0.549826 30.6725 12.4279 1.97611
-14.0725 -1.39109 -0.195202 -28.8711 -12.4315 -3.3364 14.0731 1.61819 1.29983 28.8886 12.5443 3.50005
-13.643 -1.7218 -1.48313 -28.154 -11.5779 -3.57167 13.6715 2.08038 1.49654 28.176 11.6414 3.63393
-13.6422 -2.96615 -0.864753 -28.5686 -11.2311 -1.44611 13.6507 3.00045 0.935468 28.6126 11.277 1.53321
-13.077 -4.09468 -1.85253 -28.152 -11.2568 -2.22252 13.095 4.14126 1.86679 28.2064 11.3036 2.28166
-12.8263 -3.48886 -2.03441 -28.6074 -11.5224 -3.10841 12.8405 3.53704 2.06789 28.6306 11.57 3.15361
-12.4016 -3.36937 -2.25654 -28.8317 -11.2329 -2.58521 12.4063 3.54293 2.59944 28.8386 11.2714 2.70058
-12.282 -3.46823 -2.55469 -28.5467 -11.4111 -2.27168 12.2851 3.64095 2.87546 28.5487 11.4645 2.47107
-11.2415 -2.17615 -1.67237 -29.1167 -12.0997 -2.17926 11.2419 2.23527 1.95698 29.1204 12.1834 2.32143
-10.8953 -1.13085 -0.82597 -29.5314 -12.946 -1.26361 10.8964 1.14882 1.26265 29.5376 13.1068 1.38203
-10.9553 -0.546129 -0.212353 -30.2317 -13.0481 -0.525744 10.9585 0.917622 0.985055 30.258 13.2797 0.962152
-11.0801 0.0582922 -0.192312 -30.7869 -13.0474 -0.0483203 11.0874 0.932451 0.991636 30.8302 13.3301 0.867978
-11.1719 0.482829 0.18232 -31.0307 -13.2709 0.68159 11.2106 0.995703 0.824185 31.0629 13.5586 1.12404
-11.2938 1.21983 0.26066 -31.4186 -14.0332 1.27612 11.3371 1.60635 0.830988 31.4455 14.3602 1.59307
-11.7589 1.48577 0.932063 -30.8696 -14.3754 1.48695 11.8409 1.92989 1.27276 30.9044 14.7916 1.73017
-5.39407 -2.73795 -9.33714 -17.47 -8.02578 -4.45775 5.49112 3.15347 9.33889 17.5065 8.59664 4.72938
-2.59395 -3.1121 -6.45881 -9.11829 -4.71316 -6.19692 3.04833 3.65961 6.93377 9.37368 5.45188 7.16053
-1.23108 0.318485 1.94102 -5.43913 -3.54715 -1.4752 1.98357 0.629459 2.49135 5.82572 3.91407 2.45444
-0.981407 0.6099 2.59588 -4.56873 -2.76492 -0.946779 1.77766 1.89259 2.75948 4.69147 3.19631 1.57669
-2.36278 2.35455 -9.55308 -5.31641 -2.72164 0.787776 2.81321 2.66715 9.56056 5.39805 3.2451 1.58326
0.602006 -0.438353 -12.1218 -6.0847 -2.73372 -9.75399 2.00628 1.29381 12.2228 6.15654 3.11113 9.99007
1.63253 -17.4056 -23.4079 -4.35865 -1.69289 -26.7738 2.49783 17.7775 23.5748 4.54456 1.72193 26.923
1.5533 -17.8152 -28.4106 -1.24831 1.52137 -31.5233 2.30539 17.9077 28.9409 1.48535 1.82139 31.6706
2.86285 -18.4734 -32.1282 4.17358 0.903799 -30.1326 2.96037 18.6123 32.5558 5.00416 1.51794 30.404
3.80955 -16.9486 -40.8161 5.57021 3.56303 -23.5879 3.85185 17.009 41.3139 5.88602 3.5919 23.8322
4.70757 -20.2298 -41.6972 5.25112 5.21765 -20.9398 4.71577 20.3307 42.0789 5.88701 5.23451 21.4196
5.49357 -20.0814 -45.6879 3.84883 5.58003 -17.71 5.56723 20.2681 46.1386 4.64741 5.61413 17.8999
6.14497 -19.6725 -47.444 4.09575 5.32488 -18.9062 6.30239 19.8796 47.9881 4.47741 5.37362 19.0074
5.3799 -15.3633 -47.7091 3.74698 4.84858 -22.6752 5.42805 15.5589 48.387 3.98821 4.89382 22.8043
4.5178 -12.1862 -45.5654 3.18305 3.94556 -24.8595 4.53873 12.4302 46.3793 3.57503 4.00916 25.0662
3.55594 -9.85006 -42.8545 2.83315 3.72233 -27.6425 3.6612 10.2153 43.878 3.12713 3.90465 27.9791
2.16718 -9.25629 -40.713 1.71626 3.23282 -27.6418 2.25148 9.88065 41.925 1.97016 3.39911 28.1576
0.971889 -9.72604 -38.4584 0.760234 2.43877 -25.5776 1.20521 10.6521 39.8101 1.09362 2.55087 26.2726
0.227275 -10.0764 -35.7619 0.593641 1.64567 -23.8002 1.95011 11.1781 37.2628 1.01535 1.73031 24.5443
-0.479778 -10.5119 -33.569 0.923687 0.512617 -21.8158 1.87509 11.8034 35.0601 1.40587 0.841564 22.6379
-1.04653 -10.5803 -34.8795 1.04159 -0.5829 -19.8948 1.51119 11.7672 36.6082 2.08994 1.17843 20.6809
-1.10468 -9.73836 -35.1331 0.507356 -2.41808 -17.3004 1.79352 11.5101 36.6561 1.05694 2.68333 17.965
-0.547968 -8.45709 -35.536 -0.662265 -2.67695 -16.552 1.46381 9.90587 36.9854 1.47194 2.78787 17.1492
-1.02273 -6.62465 -36.0436 -0.450485 -1.97039 -16.7286 1.65397 8.67351 37.548 1.89647 2.03228 17.4019
-1.41309 -5.7234 -34.78 -3.2381 -1.55666 -17.6221 2.28916 7.61942 36.1204 3.33771 1.64966 18.4665
-0.767901 -5.15554 -35.3669 -3.25343 -1.79233 -18.7742 2.17007 6.5017 36.8444 3.28172 2.07079 19.6705
-1.4978 -3.98992 -34.7494 -2.98831 -1.60959 -19.3974 2.01149 5.3949 36.3553 3.01884 1.79701 20.4355
-2.0319 -4.59138 -33.3407 -3.34067 -1.79734 -19.5539 2.10934 6.00777 35.0351 3.40137 1.93352 20.4865
-1.87332 -5.27735 -31.0329 -2.28688 -2.08664 -19.6077 2.95629 6.79998 32.5689 2.5942 2.64941 20.5167
-2.29401 -5.47166 -32.177 -1.91251 -2.35287 -18.9916 2.74882 7.05677 33.9518 2.57695 2.6284 19.9199
-1.66757 -5.96129 -32.2352 -1.23322 -2.26105 -19.2083 1.92992 7.33396 33.8061 1.79603 2.67039 20.0103
-1.33394 -6.32182 -32.3253 -0.962189 -0.524145 -18.1083 3.25151 7.52794 33.805 1.28818 0.909814 18.8878
-0.142359 -7.79651 -33.5047 -0.730421 0.514314 -16.6771 2.39552 8.74704 34.8642 1.0694 0.972126 17.3533
0.558717 -7.28883 -35.4912 -0.194721 0.871427 -16.1706 2.28158 8.4731 36.8557 0.787558 1.56032 16.7285
1.04166 -7.54457 -36.3572 0.107003 0.819616 -16.6163 2.67037 8.57662 37.6008 0.88729 1.71592 17.1101
1.20119 -7.66251 -36.4068 0.632811 1.35363 -17.3057 2.5247 8.51548 37.4825 1.14071 2.04074 17.7929
1.35346 -8.78091 -37.2338 0.699064 1.70818 -18.3721 2.96813 9.35517 38.5664 1.09618 2.37588 19.0158
-2.76495 -5.44855 -21.7508 -4.77365 -5.04105 -11.0764 3.71851 5.46232 22.7812 5.72114 5.61996 11.2229
-1.22904 -2.56515 -13.5042 -6.12333 -2.47675 -6.14972 2.10586 2.72406 14.1136 8.21451 2.62763 6.30221
1.58138 -0.907289 -6.47085 -2.42411 1.15056 -3.46459 2.00369 1.32078 7.10817 3.2964 2.48652 3.86637
1.14112 -1.36349 -5.14814 0.893533 0.528575 -4.20803 1.37276 1.66082 5.60358 3.95998 1.20426 4.54021
1.0685 -3.05716 -4.45331 -17.0351 -0.147713 -4.37149 1.72472 3.66772 4.58819 17.6281 0.215349 4.95253
-2.39752 0.238304 -4.14108 -17.15 -22.7319 -2.95075 2.9534 1.14383 4.33444 17.248 22.8094 4.28098
-13.1661 0.753767 -2.68398 -22.9997 -18.8792 1.37003 13.2446 1.6519 2.86467 23.5617 19.7193 2.49591
-22.6622 -0.099779 0.217627 -22.7857 -26.3852 3.62634 23.2202 0.217579 1.3154 23.7208 27.3932 3.68267
-20.8163 3.80081 5.08696 -27.6505 -23.7475 2.37079 21.7433 3.94257 5.30375 28.6298 25.1562 2.52002
-15.153 4.12192 5.83361 -30.7659 -27.6611 4.33749 16.4914 4.41241 5.93903 31.2805 28.9619 4.80552
-12.2658 4.39971 4.2278 -32.3266 -27.4397 6.30751 14.0541 4.79396 4.23654 32.5145 28.8399 6.64518
-11.4083 4.88231 3.09249 -37.1864 -28.9521 6.83542 13.4933 5.53281 3.13187 37.3379 30.0946 7.49117
-11.9232 5.96046 3.07219 -38.7485 -25.9941 6.86048 13.8921 6.82065 3.07601 38.8328 27.0314 7.59481
-12.253 5.87062 2.39682 -37.1858 -24.2964 6.02377 13.9093 6.71171 2.52328 37.2726 24.9793 6.42467
-13.8455 5.18599 2.12478 -34.6784 -22.9562 4.99134 15.1339 5.78885 2.30315 34.7387 23.6833 5.20266
-15.7006 4.07063 1.28422 -33.3024 -20.6109 4.32697 16.4856 4.65161 1.42917 33.3574 20.8776 4.59396
-17.5577 3.25974 0.906187 -31.5092 -18.1063 3.46532 17.9228 3.91581 1.19198 31.5829 18.5213 3.73714
-16.8338 2.80193 0.784971 -28.4119 -16.1666 1.30966 17.0648 2.94578 1.78219 28.501 16.4559 1.34195
-15.5171 1.16031 0.621722 -27.055 -14.9233 0.560292 15.6056 1.73159 1.96152 27.1032 15.0759 1.30715
-14.2378 0.441656 0.652909 -26.8326 -15.2946 -0.895307 14.2922 1.14934 1.01637 26.8808 15.4814 1.82722
-12.4959 -0.498232 0.228039 -26.0811 -13.7421 -1.2137 12.5298 0.992531 0.605027 26.1205 13.8234 1.52152
-11.6093 -1.02941 -0.0544895 -26.7721 -13.4283 -1.3068 11.6131 1.08998 0.395004 26.7876 13.5009 1.50558
-10.9044 -1.00795 0.0830256 -28.2139 -13.0973 -1.23326 10.9429 1.21321 0.506261 28.2423 13.1482 1.23981
-10.9211 -1.60904 -0.129046 -27.4175 -11.9079 -0.967259 10.9244 2.13253 1.32405 27.4975 11.9282 2.00475
-11.5548 -1.04144 -0.87678 -27.1448 -11.5271 -2.17561 11.5625 1.3009 2.07143 27.2372 11.5759 2.30385
-12.4698 -2.53814 -0.374923 -27.0857 -11.3737 -2.89065 12.4728 2.74579 1.03754 27.1822 11.4174 2.98904
-12.4966 -3.00069 -1.06247 -26.3267 -10.4611 -2.12444 12.514 3.01591 1.24053 26.3913 10.4939 2.22991
-12.8286 -2.785 -2.19555 -28.0769 -9.58066 -3.55404 12.8322 2.96548 2.41964 28.1362 9.62157 3.57495
-12.2661 -2.36364 -2.14756 -28.033 -10.1562 -3.79298 12.2696 2.86306 2.41127 28.0973 10.1828 3.79385
-11.461 -2.14587 -1.77875 -28.6355 -11.1163 -2.99874 11.4622 2.17513 2.07217 28.685 11.1688 3.04668
-11.3242 -2.50615 -1.93851 -28.2 -11.9802 -2.08104 11.3375 3.12862 2.32291 28.2323 12.0578 2.42162
-10.7858 -2.08002 -1.04754 -28.9812 -12.675 -0.615856 10.8103 2.4674 1.32004 29.0094 12.7556 0.94403
-10.8103 -0.951349 -0.343979 -30.0234 -12.7905 -0.191866 10.8507 1.3693 1.19798 30.0414 12.9005 0.682309
-11.2655 -0.00898892 0.122634 -30.2956 -12.5126 0.129652 11.2984 0.86197 1.10333 30.3141 12.6 0.842225
-11.5813 0.72938 0.498117 -31.1537 -13.5315 0.503562 11.6511 1.34276 1.04415 31.1775 13.6107 1.03256
-11.1452 1.36766 0.780929 -30.8156 -14.7701 0.941272 11.1979 1.95867 1.24079 30.8314 14.9148 1.26096
-7.65552 -0.0953401 -4.73775 -22.8984 -10.9376 -0.498929 7.70387 0.613958 5.06701 22.9143 11.0834 0.730829
-4.50425 -3.26191 -9.20423 -14.5382 -6.48844 -5.20087 4.63173 3.56349 9.23366 14.7495 6.88086 5.54638
-1.6453 -1.00285 -2.56441 -6.89305 -4.26184 -3.74347 2.76696 1.63334 3.29364 7.24943 4.70898 4.73625
-1.28945 0.23447 2.82669 -5.27839 -3.15658 -1.19417 2.24781 0.972026 3.60207 5.55938 3.49735 2.25499
-1.69413 1.49663 2.9437 -5.13931 -2.47284 -0.868881 2.11657 2.35762 3.92838 5.28089 2.92932 1.37657
-0.932471 2.20512 -5.68172 -5.62447 -2.81061 -2.05333 1.54195 2.53108 6.38432 5.84069 3.5324 3.3035
0.419 1.10165 -13.3313 -5.44677 -2.13145 -27.3523 2.05117 1.91969 13.3435 5.54582 2.43997 27.4145
0.523607 -16.1671 -22.8822 -3.84295 -0.174274 -32.1361 1.8957 16.3731 23.141 4.15865 1.86846 32.5004
-0.0968289 -17.5365 -27.9538 1.5518 0.966102 -32.6705 0.663016 17.6738 28.6265 3.53733 1.27207 32.9682
2.74857 -18.7767 -33.8281 5.25405 1.52148 -27.6836 3.3587 18.8674 34.44 6.15194 1.80773 28.2119
3.97594 -17.6889 -38.6756 6.5572 3.76688 -25.0311 4.162 17.7649 39.2999 6.87375 3.94937 25.5479
4.70768 -17.2323 -39.846 5.04885 5.14478 -23.2963 4.71177 17.3405 40.293 5.78628 5.18676 23.75
5.41853 -19.7549 -44.1049 3.95668 5.16749 -21.9371 5.57182 19.8092 44.5153 4.05365 5.1828 22.0183
5.14017 -20.4566 -46.3947 3.90359 4.46316 -20.928 5.40542 20.6446 46.929 4.05093 4.54474 20.9374
4.88585 -16.0623 -47.0788 3.39228 4.78168 -23.7704 5.01245 16.2153 47.7089 3.70234 4.86119 23.8123
3.96761 -11.8722 -44.8661 2.3919 4.16671 -27.509 3.99316 12.0344 45.5459 2.55543 4.31779 27.688
2.73107 -10.6439 -41.1367 1.14076 3.92878 -28.1542 2.76513 10.9423 42.0132 1.20505 4.08499 28.4729
1.3736 -10.112 -39.194 0.895704 3.05125 -26.834 1.71825 10.5583 40.1858 1.05283 3.09019 27.2828
0.683037 -10.0815 -37.5629 0.792197 2.26598 -26.2634 1.90925 10.7806 38.7638 1.13343 2.28906 26.7693
0.288895 -10.1659 -35.2453 0.89656 0.880188 -24.2911 1.18346 10.9779 36.4292 1.85881 1.37764 24.8838
0.0524344 -10.5926 -32.5213 1.04713 -0.187125 -21.87 0.650953 11.3765 33.6525 1.28278 1.75318 22.6008
-0.498657 -11.4068 -33.0904 0.533169 -2.39215 -20.5906 1.45506 12.657 34.5681 2.05598 2.51278 21.2646
-0.784707 -10.0106 -32.7546 0.837875 -2.29977 -18.8301 1.40096 11.2713 34.0666 2.05764 2.37247 19.4167
-1.51748 -8.12674 -32.786 0.157142 -1.68054 -18.2576 2.43842 9.80461 34.2412 1.28264 1.75128 18.7892
-1.63552 -7.08519 -33.223 -0.104709 -1.68863 -18.3881 2.77255 8.85558 34.5396 0.822012 1.79446 19.0541
-0.0396512 -6.83543 -33.279 -1.79523 -1.53552 -18.5502 1.55144 8.5061 34.54 1.86482 1.96264 19.3408
-0.628188 -6.63464 -33.06 -2.24408 -1.74956 -19.1985 0.769499 8.10007 34.3686 2.31618 1.77996 19.9567
-0.835311 -6.59277 -31.8782 -3.27542 -2.4713 -19.488 2.14104 7.92826 33.2388 3.48814 2.75769 20.1699
-2.10284 -6.03723 -31.7051 -3.51177 -2.70376 -20.2285 2.58 7.74586 33.2188 3.78445 3.14535 20.9273
-2.41782 -5.92009 -29.6811 -2.56504 -1.92795 -20.8284 2.52846 7.53032 30.955 2.90732 2.12283 21.5209
-2.66774 -7.04285 -30.7156 -2.21393 -1.38778 -19.7957 3.62257 8.31634 32.0545 2.4183 2.00628 20.6042
-2.31311 -8.15082 -31.1925 -1.43857 -1.0743 -18.3862 3.63517 9.24366 32.4803 1.50922 2.22663 19.098
-1.22924 -9.08919 -30.8714 -1.35382 -0.0836699 -17.0947 2.36688 10.0874 32.0254 1.74767 1.09337 17.8641
0.183872 -8.32406 -32.7298 -0.682439 0.540606 -17.6143 2.30597 9.37626 33.916 1.1803 2.46504 18.1858
0.731291 -8.15855 -34.0538 0.0886724 0.555533 -18.9806 2.17654 9.17433 35.2315 0.983783 1.647 19.3948
0.977372 -8.80576 -34.0772 0.485562 1.16678 -18.8611 2.3831 9.64202 35.1252 1.08644 1.62964 19.2068
0.638442 -8.16159 -33.9528 0.845681 1.76653 -19.6884 2.43678 9.33758 34.9788 1.19776 2.13056 20.0131
-2.02483 -8.09483 -23.6705 -2.82882 -2.73463 -14.6644 2.70678 8.39663 24.288 3.6977 3.95285 15.0243
-2.43402 -5.27248 -15.6845 -7.22147 -19.6128 -10.118 2.67074 5.29192 16.6471 10.0758 19.6519 10.1968
0.628141 -5.11546 -5.81412 -5.94262 -21.2622 -4.29325 1.66183 5.16153 6.6628 7.02124 21.5741 4.49292
-1.27266 -7.0156 -1.27381 -2.69059 -21.5558 -2.85234 1.50322 7.10477 2.77906 4.78043 22.0314 3.22782
-6.73115 -10.8409 2.07006 -1.52254 -15.3856 -2.5493 7.12725 10.8723 2.57965 2.29653 15.9907 3.18905
-5.85995 -4.68024 2.35855 -33.2602 -13.9364 -4.53119 6.47599 5.15587 2.36927 33.3563 14.4377 4.60627
-11.241 -1.81417 2.08278 -36.4743 -23.4033 2.98158 11.4189 2.13592 2.15572 36.5211 24.4208 3.23357
-15.7927 3.957 2.2704 -40.9507 -18.3784 6.64237 16.0194 4.2411 2.64909 40.9565 18.9903 7.01455
-19.6138 5.62593 3.59465 -36.1512 -21.1563 5.59781 19.7835 6.15642 3.72178 36.1561 21.6526 5.77851
-19.0789 5.94229 4.70745 -34.297 -20.6633 4.33499 19.1533 6.31462 4.74553 34.3115 20.9244 4.42686
-18.6738 5.5777 5.2428 -32.983 -20.6313 4.61213 18.8201 6.01355 5.25389 33.0832 20.9802 4.6862
-16.542 4.38952 3.48823 -33.0601 -19.6194 4.96122 16.7216 4.78003 3.53952 33.2423 19.9563 5.08154
-17.3616 3.6028 3.04695 -39.6732 -24.0112 4.52105 17.5559 3.88931 3.09106 39.7607 24.2771 4.64186
-17.2388 3.42327 3.19432 -41.185 -22.6843 4.83545 17.373 3.95066 3.20917 41.3207 23.0632 5.08677
-15.3626 4.07788 2.8753 -41.8431 -21.084 4.99878 15.4497 4.74637 2.88688 41.9076 21.3197 5.28247
-15.4673 3.63681 2.07547 -41.4869 -18.7713 4.51412 15.5036 4.10073 2.24685 41.5289 19.0687 4.59687
-15.8408 3.19217 0.67009 -38.7714 -15.5414 3.63573 15.8609 3.33754 1.14601 38.805 15.694 3.97032
-16.2069 2.70582 -0.0243953 -37.217 -13.9774 2.33716 16.2308 2.95553 0.996643 37.2446 14.1951 3.0697
-16.894 2.20848 -0.81807 -37.3602 -11.8359 1.44694 16.9368 2.46411 1.63144 37.4013 11.9055 2.35727
-16.6494 2.14928 0.0160531 -33.7062 -10.9439 0.596242 16.7322 2.28956 1.17936 33.7421 10.9788 1.66577
-16.8953 0.759957 -0.11215 -30.7606 -11.0167 -0.0970747 16.9672 1.05143 1.29415 30.781 11.0331 0.973999
-15.9692 0.700247 0.744143 -30.3993 -10.7131 -0.691891 16.0312 0.790101 1.00454 30.403 10.7208 1.08042
-14.0446 -0.231472 0.906771 -28.5758 -11.122 -1.5772 14.2035 1.34845 0.998021 28.5957 11.1344 2.39575
-13.857 -2.33998 0.994964 -27.4622 -9.88177 -0.947873 13.9351 2.74092 1.08857 27.4875 9.94021 2.57994
-13.877 -2.7263 -0.108263 -27.4527 -10.1159 -3.7582 13.9437 2.75069 0.394358 27.4821 10.1546 4.03176
-13.9564 -1.34443 -1.61796 -27.7377 -10.0548 -3.47339 14.0542 1.72515 2.22229 27.758 10.077 3.59582
-13.5771 -3.11153 -0.676209 -26.9762 -9.37588 -2.46847 13.6316 3.24396 1.86127 26.99 9.41308 2.48433
-13.0515 -3.69896 -2.27639 -26.7599 -8.84438 -3.41624 13.1348 3.89113 2.37497 26.7688 8.84879 3.43723
-13.2624 -2.83363 -1.73025 -4.76779 -8.87361 3.28448 13.3753 2.9093 11.5896 13.5132 8.88035 3.73125
-12.797 -3.1888 -2.68071 -28.8189 -8.78097 -2.50785 12.8073 3.79312 3.69632 28.882 8.78296 3.28212
-12.9286 -2.49596 -2.46193 -29.8593 -9.03972 -1.66979 12.9304 2.76603 3.02919 29.9281 9.05648 2.44292
-13.7269 -2.15792 -2.3327 -30.2408 -9.45946 -1.17829 13.7338 2.59051 2.62599 30.2767 9.47039 1.2852
-14.2453 -0.444766 -0.931615 -30.1756 -9.99265 -0.52126 14.2636 1.18874 1.45682 30.1861 10.0199 0.74125
-14.5712 0.211147 -0.0327682 -30.2689 -10.1479 -0.366492 14.6081 0.93163 0.921237 30.2778 10.1908 1.1711
-14.5581 0.430876 0.539491 -30.2573 -10.8017 -0.177114 14.5917 1.48006 1.31972 30.2643 10.8992 1.36638
-14.653 0.847336 1.03087 -30.4016 -11.3861 0.555325 14.6536 1.83101 1.42705 30.4086 11.5089 0.928541
-14.2141 1.59216 0.917547 -32.219 -11.6503 1.43765 14.2314 1.93532 1.33101 32.2335 11.7834 1.52441
-8.54349 -2.26453 -6.40736 -21.4463 -7.85706 -1.699 8.5734 2.344 6.52991 21.4623 7.9769 1.85211
-4.9771 -5.01556 -7.94291 -13.1783 -4.41648 -5.30652 5.12402 5.32351 8.22798 13.3983 4.69655 5.58751
-1.94615 -1.43038 -0.369476 -7.13943 -3.63083 -1.12686 2.44523 1.6238 1.32822 7.51621 3.81877 1.8929
-1.111 -0.152615 2.30402 -6.31071 -3.55657 -0.0439334 1.67143 1.20522 2.58106 6.56727 3.84596 0.470695
-1.16582 2.0838 -7.79835 -6.47265 -3.41438 -0.423062 1.34732 2.50859 8.10051 6.73861 4.02155 1.31167
0.408858 -0.155545 -7.72815 -6.90011 -1.49442 -1.30097 1.26924 1.57373 7.91062 7.07755 2.05141 2.28993
2.72128 -21.6125 -17.0793 -10.6852 0.130386 -1.1866 3.43641 21.8394 17.1507 10.813 1.54024 1.96701
3.40994 -22.9159 -19.461 -6.19618 2.26454 -30.2419 3.94171 22.9161 19.847 6.3536 2.68154 30.4158
3.15901 -20.8111 -25.818 0.700808 -1.49192 -32.2546 3.78686 20.8434 26.2333 2.70344 2.62784 32.4663
1.92973 -16.3767 -33.5302 5.68462 1.70943 -31.4912 2.12154 16.5253 33.7824 6.63328 1.89152 31.901
3.35446 -18.8806 -38.4826 6.01625 3.1766 -26.3759 4.36025 18.9532 38.6789 6.32206 3.26395 27.2438
5.38178 -23.3867 -42.0296 4.22008 5.86571 -22.7728 5.39889 23.4106 42.1727 4.37644 5.99359 23.9024
6.44564 -27.6288 -44.6896 3.24327 5.87856 -18.6664 6.55719 27.756 45.0361 3.38017 5.95808 19.6446
5.85933 -26.7679 -44.0557 3.31324 4.82944 -19.8275 6.16205 26.8763 44.4835 3.45344 4.92776 20.4493
4.48663 -19.348 -42.1222 3.21696 4.19408 -23.9289 4.58995 19.3718 42.5725 3.35195 4.26678 24.157
3.52424 -12.6935 -42.3324 2.68004 4.01777 -28.6566 3.56706 12.7029 42.8151 2.81784 4.04141 28.8644
2.0152 -9.96782 -38.3911 1.56295 4.21567 -30.6632 2.20025 9.99044 38.8138 1.56526 4.22958 30.9042
1.0411 -10.4288 -34.955 0.732461 3.42546 -30.7666 1.57396 10.6051 35.5833 0.815573 3.43038 30.9614
0.6878 -11.1744 -33.2605 0.349782 2.28438 -27.8583 1.24968 11.5446 34.0318 1.17998 2.594 28.116
0.581816 -10.6758 -31.4949 0.421617 0.949143 -26.5128 0.827156 11.329 32.4093 0.827255 2.13051 26.85
0.0181263 -9.72594 -30.9431 0.450912 -0.826668 -24.4124 0.906409 10.7459 31.9218 1.93782 1.55381 24.739
-1.08799 -10.2273 -28.8804 1.01341 -2.219 -22.263 1.65431 11.3521 29.96 1.97493 2.30922 22.6285
-1.53267 -10.5363 -28.1872 0.470684 -2.11012 -21.7065 2.40355 11.5487 29.0451 1.37908 2.13592 22.1641
-1.70867 -9.79382 -29.744 0.854736 -2.29207 -20.0072 2.08942 10.5631 30.6845 1.62741 2.40692 20.4367
-0.859737 -8.57634 -30.1888 -1.65786 -1.88439 -19.3041 1.37073 9.43493 30.9716 2.19639 1.94673 19.6901
0.115162 -6.54746 -30.3513 -2.59199 -3.8622 -19.4552 3.25127 7.6039 31.2184 3.09123 4.12094 19.8227
-1.21607 -5.52828 -29.6357 -3.66161 -3.16263 -20.4354 1.819 6.30003 30.6163 3.85231 3.20413 20.8106
-2.18226 -4.84919 -30.5069 -3.56088 -2.57426 -21.3478 2.22632 6.0641 31.3026 3.70669 2.70416 21.6687
-1.89643 -5.26433 -29.944 -2.52084 -0.480801 -21.7122 2.31834 6.36271 30.9332 2.76646 0.787267 22.0428
-2.23679 -6.16647 -27.8079 -1.66615 -0.723893 -21.9645 3.34155 7.20286 28.6342 1.9302 1.41145 22.3061
-2.10979 -6.98471 -26.8673 -1.52496 -0.504515 -21.8736 3.02609 7.87455 27.8613 1.84069 0.958004 22.2137
-1.54027 -7.95506 -27.0767 -1.2402 -1.01611 -21.1768 1.88171 8.74287 27.9153 1.4496 1.58671 21.4444
-0.4846 -8.17999 -26.9527 -0.168079 -0.79114 -20.7085 1.46743 9.04695 27.8261 0.920139 1.26654 21.0377
-0.0091121 -8.7564 -28.6076 0.341923 -0.21241 -20.1497 1.4543 9.4059 29.4847 0.99843 0.498972 20.4775
0.286647 -9.59141 -29.8827 0.5107 0.52101 -19.5146 2.37714 10.0587 30.6489 1.0139 0.857382 19.789
0.931025 -10.9996 -30.0606 0.437696 1.37062 -18.9856 2.64609 11.3822 30.8798 0.895328 1.81056 19.2296
1.28546 -11.3489 -31.4409 0.279672 1.48279 -17.8942 3.04687 11.6602 32.0141 0.811234 1.85714 18.2122
-1.96301 -7.88919 -19.524 -4.53298 -3.5378 -13.1923 2.81204 7.91628 20.0066 4.67981 4.50676 13.3587
-1.82998 -4.01385 -14.5418 -7.69985 -3.37227 -8.86257 2.01331 4.17574 14.9697 9.35949 3.40946 9.07612
1.22855 -1.86925 -7.62795 -2.48951 -0.613115 -4.79098 1.69162 2.41694 7.91819 3.88545 2.21748 5.04135
1.53576 -2.29025 -3.80007 -0.861905 0.484226 -4.36923 1.58274 3.41992 3.9834 3.4713 1.67787 4.6822
1.18022 -5.88545 -3.44028 -10.5534 -2.10558 -3.87654 1.64021 6.81007 3.46163 10.7296 2.1252 4.56433
-1.21708 -2.33513 -2.6879 -18.2191 -20.4854 -3.91664 2.26073 3.88578 2.80522 18.2415 20.524 4.46863
-8.18381 -2.27711 -1.7561 -23.8576 -21.1568 1.38631 8.54811 3.54698 1.86309 24.2745 21.2921 3.94313
-17.9229 -2.88269 1.04472 -33.1369 -22.6066 2.14666 18.0882 3.49671 1.31703 33.9604 22.8806 2.50313
-19.9111 3.08843 4.66567 -33.8362 -20.0956 2.83032 20.3407 4.32097 4.72068 34.6264 20.4388 2.87628
-15.4441 5.35396 5.31136 -37.8528 -24.0887 5.04911 16.0741 5.52732 5.31796 38.3662 24.3499 5.3693
-13.5029 5.86247 3.91312 -37.5721 -24.6747 5.72687 14.4488 6.60294 3.9472 37.6629 24.919 6.06023
-13.6508 5.03169 3.64266 -39.9899 -26.6508 6.34058 14.5701 5.95812 3.65137 40.0459 26.7694 7.04591
-14.4693 4.84214 3.59728 -41.6535 -24.9157 5.69747 15.1334 5.74077 3.65429 41.6858 24.9207 6.22927
-15.2559 3.93046 3.41469 -39.7391 -24.0832 4.78501 15.8226 4.35776 3.43124 39.7657 24.1179 5.28664
-14.7624 3.50171 2.4988 -39.2017 -22.5509 4.04107 15.1687 3.82665 2.54835 39.2721 22.6545 4.45849
-15.2873 2.91568 1.81262 -37.5484 -20.1976 3.84938 15.4959 3.46413 1.9302 37.6184 20.3397 4.27877
-14.945 3.57309 1.17371 -36.2991 -17.6527 3.97887 15.0621 4.38104 1.20108 36.3884 17.7323 4.28363
-14.7117 3.68209 0.543362 -36.1846 -15.1829 2.9943 14.7673 3.98074 1.07202 36.2836 15.2301 3.15574
-14.4361 2.2986 0.181803 -34.3124 -14.3715 1.29988 14.4573 2.40804 1.18225 34.4312 14.4085 1.55994
-14.0406 0.5767 -0.244227 -32.3788 -13.895 0.36318 14.0549 0.685975 0.842912 32.5814 13.9196 1.08399
-13.8993 0.364874 -0.176458 -30.602 -12.8241 -0.485915 13.9633 0.81532 0.621839 30.7511 12.8436 1.1966
-13.5353 -0.301722 -0.133695 -29.1025 -12.5899 -1.56211 13.575 0.374491 0.796991 29.2191 12.6126 1.73826
-12.8193 -0.788034 0.695858 -27.7282 -11.8772 -1.33039 12.9091 1.08238 0.828358 27.8398 11.919 1.54172
-12.5553 -2.09326 0.816299 -29.2925 -11.8947 -0.911184 12.5876 2.28354 1.00595 29.4142 12.0145 2.91292
-12.2083 -3.12261 -0.330871 -29.0513 -12.1924 -2.45077 12.2371 3.13408 0.706224 29.1635 12.3196 2.64903
-12.3017 -4.20586 -1.38677 -28.6891 -11.7708 -2.5532 12.3594 4.27166 1.41651 28.8456 11.8702 2.83966
-12.7565 -3.22347 -1.37103 -28.2359 -10.5102 -1.69696 12.8146 3.3052 1.95863 28.3791 10.6279 1.75642
-12.6121 -2.62331 -1.8327 -28.195 -10.1355 -3.32023 12.6581 2.94399 2.51149 28.2987 10.2194 3.34386
-12.0521 -2.83801 -2.37903 -29.0024 -10.611 -3.533 12.1136 2.90689 2.42774 29.099 10.6461 3.57237
-11.465 -2.72368 -2.5922 -29.5856 -11.0477 -2.37212 11.491 3.10099 2.98524 29.6653 11.0666 2.88109
-11.0789 -2.67418 -2.10611 -30.3877 -12.481 -1.63255 11.0822 3.21169 2.3103 30.4589 12.5013 2.40748
-10.847 -2.45583 -2.00167 -30.5998 -12.9074 -1.08442 10.8518 2.93416 2.17397 30.6722 12.9505 2.1888
-11.4883 -1.09681 -0.689392 -31.6872 -12.4003 -0.16442 11.4959 1.82906 1.17129 31.7747 12.4261 0.508523
-11.4562 0.135798 0.0149072 -31.81 -12.5428 0.00805791 11.4883 1.13284 1.04884 31.9175 12.5471 0.834046
-11.5675 1.16206 0.480249 -32.619 -13.0595 0.611589 11.6201 1.95838 1.10744 32.7393 13.0722 1.18533
-11.7325 1.45595 0.720952 -33.1129 -13.2804 1.05952 11.7587 1.96821 1.05377 33.2309 13.2981 1.39021
-11.5023 1.98148 1.01974 -33.0964 -13.3534 1.67371 11.5261 2.33129 1.31955 33.1975 13.3861 1.85234
-5.8928 -3.15391 -9.35817 -19.2914 -6.79084 -3.38434 5.91229 3.38502 9.40735 19.4896 6.91005 3.49334
-2.33898 -3.45037 -6.5214 -10.825 -3.96998 -4.90347 2.61088 3.75129 6.96592 11.369 4.16656 5.16571
-1.16875 -0.245221 1.06623 -6.61813 -3.37745 -0.431342 1.88433 0.652886 1.9025 7.07603 3.57116 1.04969
-0.781106 0.384069 2.31157 -6.31895 -3.80124 -0.0723245 1.35678 1.45677 2.46888 6.57185 4.15681 0.27884
-2.85887 2.01979 -7.04661 -6.36201 -2.95185 -0.0154085 3.00039 2.47306 7.12422 6.67161 3.22598 1.23256
0.0264493 -19.356 -9.54911 -6.27161 -2.25848 -3.79421 0.811692 19.3565 9.72504 6.81076 2.75866 4.74958
1.45885 -18.7282 -23.7711 -5.19361 -3.16764 -23.8173 1.90521 18.7851 23.7814 5.38227 3.18256 23.9062
2.9967 -21.145 -27.1856 -1.72215 -1.24599 -31.8171 3.21483 21.2256 27.2301 2.3016 1.24933 32.234
2.55403 -17.3384 -31.9285 4.10314 1.4891 -30.0807 2.66572 17.5389 32.0433 4.93431 1.83958 30.513
4.36401 -18.6973 -36.0269 6.65166 4.39275 -26.4479 4.56892 18.7938 36.1173 6.98913 4.41653 27.0464
4.39173 -21.297 -37.0451 4.91955 5.4502 -25.0778 4.39247 21.412 37.0841 5.0976 5.47583 25.951
5.22802 -24.8025 -38.3375 4.14396 5.52865 -21.8677 5.26743 24.8926 38.4666 4.25685 5.56599 22.5539
5.14938 -24.854 -39.8534 4.42892 5.14248 -21.481 5.44441 24.8699 40.0826 4.54772 5.17582 21.9604
4.48326 -21.3798 -40.874 3.62425 4.51531 -24.02 4.57565 21.4054 41.0018 3.82031 4.60251 24.3761
4.0422 -17.5044 -41.162 2.73389 4.41847 -24.5999 4.08592 17.5334 41.4079 3.04183 4.48778 24.7806
3.55254 -14.8712 -38.9283 1.64682 3.91998 -26.2701 3.60993 14.9314 39.1704 1.94566 3.93218 26.3918
2.71306 -12.2343 -37.121 0.638908 3.07459 -27.1633 2.76971 12.4318 37.4679 1.45631 3.09312 27.3447
2.1855 -11.2531 -34.8979 0.447653 2.06436 -26.8066 2.48716 11.5204 35.2531 1.04121 2.06874 27.0495
1.22843 -10.2182 -33.4899 0.34366 1.3524 -26.3262 1.87098 10.6071 33.9844 0.725808 1.66808 26.6305
0.237497 -10.5518 -30.3605 0.137383 0.508842 -25.3891 1.91855 11.0665 30.8311 0.61563 1.72158 25.7119
-0.457882 -11.1691 -29.1203 0.626694 -0.152644 -22.4377 1.46591 11.6229 29.6572 0.869216 1.37135 22.7551
-0.828917 -10.3025 -28.5088 0.59862 -1.50381 -21.1908 0.989464 10.984 29.1745 2.16914 1.836 21.4452
-0.945458 -9.63501 -27.8859 0.50323 -2.90528 -21.7716 2.26321 10.5903 28.4519 1.85888 3.28975 22.008
-1.42619 -9.43526 -29.5021 0.214257 -2.86314 -20.3436 2.49391 10.3465 30.2692 2.6759 2.94473 20.6332
-1.05916 -8.221 -28.8795 -0.678437 -2.50888 -20.1801 1.54229 9.11733 29.4433 1.43615 2.86487 20.4989
-0.947551 -6.79887 -29.4614 -1.68569 -2.53371 -21.2766 2.84932 7.39647 30.0719 1.71943 4.06576 21.694
-2.50471 -6.7256 -29.057 -2.91812 -2.29716 -21.807 3.17058 7.37053 29.6473 2.98534 2.95254 22.2534
-1.52176 -6.47824 -29.2857 -2.72393 -1.82539 -22.4091 1.82913 7.10566 29.9614 2.86978 1.8909 22.8502
-1.91571 -7.26804 -28.3858 -2.1858 -2.73224 -22.3824 3.99853 7.98847 29.0701 2.80073 3.20164 22.7335
-1.12455 -8.68745 -27.7928 -2.09152 -1.96445 -21.2627 1.53868 9.29165 28.527 2.83309 2.18858 21.5593
-1.65374 -8.79824 -28.6502 -2.29646 -1.71177 -21.3004 1.93794 9.42744 29.4262 2.78766 2.06236 21.5702
-1.49871 -8.96481 -28.3397 -1.15951 -0.482273 -20.9196 2.6178 9.64086 29.0159 1.72572 1.47252 21.2032
-1.05101 -9.12559 -27.7893 -0.548307 1.03865 -20.8398 2.41342 9.69542 28.3262 1.44524 1.55693 21.1598
-0.258038 -9.46813 -28.9108 0.350914 1.16513 -20.7974 1.81863 9.89103 29.3645 1.06183 1.56132 21.1424
0.18271 -9.90065 -29.8027 0.427841 0.958703 -20.6073 2.06396 10.2763 30.3448 0.908885 1.24234 20.9526
0.797966 -10.4791 -30.9856 0.647773 1.33988 -20.1993 2.17429 10.8293 31.4973 1.03887 1.54279 20.5176
1.2464 -10.1487 -31.6277 0.917318 1.76435 -21.3171 2.39323 10.5895 32.143 1.128 1.95841 21.6718
-1.53542 -5.88206 -17.7009 -6.6396 -5.1556 -12.7262 2.47918 5.88665 18.1919 6.9979 5.29509 12.9796
-0.582349 -4.33436 -11.759 -8.0435 -3.55965 -7.0471 1.32448 4.76116 11.9675 9.53183 3.62321 7.60971
2.33888 -2.91854 -5.46168 -2.10786 0.343651 -4.53626 2.3751 3.62196 5.62389 4.50249 2.5509 5.04704
1.73539 -2.31227 -4.09673 1.76646 0.177708 -4.04867 1.79206 3.14693 4.32165 4.22393 0.538811 4.56582
1.4947 -6.74515 -2.55397 -17.8863 -19.4394 -6.04938 2.14236 7.49742 2.65394 18.2926 19.5339 6.59921
-1.77049 -4.1424 -1.72817 -30.0025 -23.5143 -0.856762 2.16853 4.71153 2.01101 30.255 23.5663 2.99565
-5.00211 -2.42988 -0.644712 -34.415 -19.826 1.427 5.12472 3.62005 1.25083 35.5721 20.0419 1.90537
-16.4319 -0.781174 1.54209 -40.5803 -19.9061 5.34053 16.4733 1.83518 1.97273 42.0796 20.2493 5.5417
-19.4376 6.85393 4.59609 -37.8877 -19.5989 4.40587 19.5811 7.79799 4.60856 38.6976 19.9634 4.49102
-15.9806 5.70804 4.64346 -37.5494 -23.7933 4.62131 16.2482 6.47782 4.65424 38.0018 23.9794 4.748
-13.9399 5.51137 4.38271 -37.1454 -24.9216 5.25603 14.4885 6.29325 4.41607 37.3216 24.9489 5.58186
-13.5131 4.52206 4.0751 -39.2962 -26.9367 5.85975 14.2714 4.92248 4.08674 39.3795 27.0102 6.39488
-13.3114 4.37066 3.40608 -40.3646 -27.1814 5.85865 14.0352 4.70183 3.44623 40.4187 27.3065 6.52544
-13.371 4.58268 3.11275 -39.7684 -25.4104 5.38326 14.0193 4.985 3.18758 39.8284 25.4948 5.62047
-13.3475 4.38128 2.44509 -38.7986 -22.5717 4.23761 13.8338 4.5583 2.4604 38.8815 22.6644 4.40301
-13.7291 4.12697 1.86763 -37.0187 -19.0085 3.72668 13.9691 4.57283 1.93969 37.1142 19.108 4.00111
-14.2251 4.20254 1.13105 -36.2423 -17.3793 3.06184 14.3436 4.5894 1.6857 36.3615 17.4793 3.14778
-14.1972 2.72573 0.495956 -34.698 -16.5331 1.7386 14.2494 3.11308 1.64246 34.8148 16.6521 1.76544
-13.7402 2.05165 0.0129258 -32.2475 -15.2583 0.761059 13.7686 2.21109 1.39081 32.382 15.293 1.01521
-12.7485 0.395859 -0.38325 -29.5631 -14.2893 0.152688 12.7494 0.540187 1.07088 29.6764 14.2917 0.771101
-12.7032 0.285685 0.105754 -28.3979 -14.1161 -0.499019 12.7047 0.601697 0.416456 28.4861 14.1255 0.761798
-12.3918 -0.857542 0.0792038 -28.2431 -13.7289 -1.06516 12.4043 1.07759 0.287021 28.3746 13.7323 1.33521
-11.9848 -1.59917 0.620988 -27.7661 -12.3128 -1.14774 12.0186 1.77895 0.668513 27.9484 12.3338 1.30671
-12.3065 -2.58417 0.0114149 -27.2787 -12.535 -2.35571 12.3358 2.74296 0.268108 27.4077 12.5492 2.46918
-12.8078 -2.00138 -1.49978 -26.2778 -12.5803 -3.13414 12.8374 2.37837 1.6456 26.4136 12.5979 3.19348
-12.8469 -3.43067 -0.452617 -25.9137 -11.436 -1.68396 12.8751 3.78893 0.582345 26.1196 11.4665 1.84146
-13.455 -3.61515 -1.69539 -25.31 -11.4398 -3.18747 13.4647 3.62064 1.88205 25.4568 11.4702 3.44563
-12.8716 -3.91715 -2.11223 -25.7147 -11.175 -2.84416 12.8815 3.92688 2.89254 25.822 11.2103 2.97458
-12.3844 -3.17167 -1.86276 -26.1546 -11.8249 -2.76279 12.396 3.26973 2.16204 26.2561 11.8644 2.94608
-11.7445 -2.72454 -2.50739 -26.7171 -12.1081 -2.35973 11.7524 2.98864 2.74781 26.8052 12.1491 2.52134
-10.7538 -1.08445 -1.69118 -27.2357 -12.4236 -2.29758 10.776 1.17614 2.1986 27.3311 12.4601 2.36596
-10.4974 -0.650204 -1.04577 -28.2465 -12.4023 -1.1968 10.5279 0.735808 1.5107 28.3539 12.4282 1.26452
-10.4155 -0.410363 -0.630618 -29.5016 -12.9132 -0.547991 10.4372 0.890875 1.16369 29.6127 12.9604 0.932864
-10.9762 -0.167663 -0.372598 -30.3978 -13.2977 0.329717 11.0031 1.12125 1.00532 30.5145 13.3473 0.901222
-11.2315 0.400108 0.206917 -30.4593 -13.6999 0.66537 11.2776 1.34619 0.811041 30.5672 13.811 1.17882
-11.5843 0.933251 0.276253 -31.0981 -13.7805 0.997522 11.655 1.54334 0.881087 31.1778 13.9058 1.32117
-11.5749 1.98145 0.938897 -30.6427 -14.2284 1.46252 11.6992 2.16823 1.29019 30.6942 14.3519 1.59113
-5.3639 -4.18156 -9.87851 -16.5892 -6.45443 -3.12138 5.45881 4.40596 9.96001 16.8266 6.72587 3.355
-2.36939 -2.4462 -3.21774 -8.04748 -3.69214 -2.70935 2.78644 2.73791 3.71181 8.48623 3.99808 3.20497
-0.778301 -0.128766 1.44508 -6.34923 -3.73972 -0.413316 1.74881 0.476524 2.32398 6.7601 3.94488 1.44648
-1.19508 1.46428 2.52811 -6.81482 -3.20199 -0.937558 1.43169 1.97401 2.59026 7.12398 3.48654 1.27253
-0.314638 2.9123 -11.8215 -5.9938 -2.78293 -2.70931 0.512012 3.14057 11.9096 6.31403 3.05576 3.41823
0.899471 -8.01474 -10.2749 -5.59877 -2.86866 -28.0229 1.59713 8.25773 10.574 6.27805 3.17549 28.1238
-0.545734 -18.0543 -28.2077 -5.47327 -0.831955 -27.5922 1.12007 18.0953 28.2816 6.18693 0.913053 28.0507
2.23624 -23.4532 -26.4906 -0.518495 0.689615 -30.5612 2.683 23.77 26.6479 1.40198 0.848328 31.4081
2.22421 -19.6622 -32.7078 4.35125 1.53004 -28.4344 2.85534 19.9059 32.9814 5.11549 1.90092 29.2472
4.38518 -20.1697 -34.6357 6.25143 3.89567 -27.0409 4.39719 20.3959 34.8429 6.67768 3.94217 27.8933
4.5068 -18.7725 -37.9714 4.75393 5.23616 -25.133 4.52551 18.9612 38.2009 5.0419 5.2568 25.9454
5.70393 -21.0405 -40.9346 3.89712 5.88225 -23.5079 5.86083 21.0926 41.011 3.92553 5.93303 24.0522
4.80087 -21.6464 -41.8204 3.90496 5.5288 -24.5668 5.05691 21.68 42.0084 4.00406 5.58445 25.0293
4.4125 -17.9236 -42.392 2.97569 4.57489 -26.5087 4.54434 17.9356 42.6242 3.06702 4.64056 26.7832
3.77183 -14.6185 -41.1785 2.35925 4.51451 -28.5854 3.79803 14.6335 41.3502 2.40536 4.5748 28.76
2.76332 -12.9232 -38.1825 1.43066 4.0935 -29.3962 2.88187 13.0074 38.5025 1.46987 4.13942 29.5267
1.8747 -12.7106 -35.6165 1.01572 2.84723 -28.2432 2.18143 12.8192 36.0082 1.09813 2.88915 28.4181
0.95549 -12.0398 -33.4775 1.0082 1.53389 -28.1681 1.5211 12.2277 33.8871 1.21011 1.685 28.4431
0.486224 -11.281 -30.2246 0.803459 0.680936 -26.9188 2.03152 11.6396 30.6895 1.14901 0.906777 27.2513
0.091777 -10.4274 -29.9696 0.39979 0.0715721 -23.4627 1.4202 11.0204 30.4858 1.82299 0.528578 23.8255
-0.326764 -10.1448 -30.0741 0.486188 -0.543084 -21.8458 1.35442 10.9388 30.7824 2.15662 1.06639 22.2283
-0.224782 -10.7379 -29.9531 0.462664 -1.94239 -21.0547 0.773308 11.4214 30.5209 1.18877 2.15256 21.4218
-0.490059 -9.9326 -30.3318 0.0023162 -2.68665 -20.2328 0.82364 10.6019 31.0113 1.89258 2.74694 20.5601
-1.62652 -8.80895 -28.1719 -0.325894 -2.38356 -21.0692 2.039 9.40563 28.6967 1.34465 2.85909 21.3531
-0.0135406 -7.34857 -29.4106 -1.98547 -2.66544 -22.6064 1.39119 7.91521 30.0151 2.25012 3.14602 22.9331
-1.3783 -6.35827 -29.5845 -3.23548 -2.35336 -22.4745 1.66532 7.11461 30.1872 3.2901 2.66589 22.875
-1.23569 -6.6119 -28.5979 -2.96728 -2.45399 -22.4534 1.59934 7.37401 29.2209 3.15358 2.56939 22.8552
-2.66727 -7.25181 -27.2686 -2.45269 -2.67547 -21.9724 2.89691 8.07367 27.917 2.85046 2.8276 22.3484
-1.6576 -8.25416 -27.6407 -2.18175 -2.26094 -21.4352 1.90641 9.16714 28.3652 2.59192 2.27129 21.8185
-2.61657 -8.45684 -27.5733 -1.58487 -2.33809 -21.0361 2.92546 9.23756 28.3049 2.06626 2.70729 21.4514
-2.28239 -8.50798 -27.1975 -1.81925 -1.02665 -21.3527 4.24582 9.22369 27.745 2.10974 3.4976 21.784
-1.17692 -9.37509 -28.5235 -1.59116 -0.282327 -20.0187 2.53739 9.88211 29.1138 1.95675 0.978293 20.4332
-0.209845 -9.82039 -29.3896 -0.470988 0.236273 -19.8112 1.83187 10.2981 29.9941 1.18992 1.23901 20.199
0.671783 -10.3296 -29.2902 0.350706 0.296827 -19.9689 1.95518 10.7439 29.8111 1.19335 1.49163 20.2614
0.968424 -10.6011 -29.8564 0.620247 0.760914 -20.1323 2.34928 10.8707 30.3183 1.10088 1.38689 20.3471
1.0543 -10.6127 -29.92 0.824571 1.61844 -21.0429 2.54808 10.9344 30.3424 1.171 2.01317 21.2439
1.09254 -10.5234 -31.5971 0.69054 2.01896 -21.1635 2.50047 10.9061 32.1547 0.920053 2.33727 21.4455
-2.24642 -5.38002 -16.3287 -7.89252 -5.17494 -11.2563 2.48168 5.40241 16.7933 9.25177 5.29794 11.4046
-0.233983 -3.40283 -10.3021 -5.40731 -2.10773 -5.5857 0.817111 3.86111 10.6006 6.62484 2.56947 5.97384
1.02284 -3.39256 -5.39331 -1.59042 1.16054 -3.37914 2.06444 4.07321 5.68525 3.48224 2.48301 3.75282
0.432913 -2.42959 -4.07023 -7.5269 0.373934 -3.19889 0.662919 3.26528 4.17045 8.22504 0.451365 4.03168
-0.733214 -2.79917 -3.39025 -20.7729 -22.7642 -3.05457 2.46731 4.28082 3.44413 20.8338 22.8153 3.96691
-1.68179 -1.79127 -2.36644 -26.005 -21.0514 -2.29601 1.9282 3.39139 2.46241 26.5432 21.0673 4.65018
-18.1427 -1.7511 -0.0395966 -28.8093 -22.6309 2.80974 18.1661 3.11707 1.2553 29.89 22.9228 3.15089
-18.9599 3.64668 3.79826 -34.9755 -20.9711 3.77704 19.122 5.6052 3.93047 35.9186 21.2923 3.7854
-16.3352 3.88984 5.86377 -35.6623 -23.087 4.33111 16.6855 3.94984 5.87024 36.3236 23.3485 4.69728
-12.9919 5.8853 4.15884 -38.8994 -23.63 5.72775 13.4911 6.65218 4.20376 39.1993 23.7856 5.98953
-12.3201 4.93582 3.58949 -37.1934 -25.4066 6.03689 12.8824 5.69481 3.64825 37.3281 25.5171 6.70005
-14.1465 4.98089 3.65138 -40.6921 -24.8978 5.75877 14.6882 5.56363 3.66257 40.7796 24.9735 6.50671
-14.5729 4.51894 3.11155 -40.2279 -25.5219 5.12408 15.0325 4.94409 3.19874 40.3297 25.6695 5.77604
-14.6084 4.11516 2.83313 -38.8452 -22.9881 3.82582 15.0692 4.41917 2.87763 38.9505 23.0991 4.28736
-14.432 3.66817 2.12083 -37.9302 -19.9691 3.4234 14.7322 3.80071 2.19617 38.0336 20.1183 3.70383
-14.3692 3.5849 1.21394 -36.9317 -18.3135 3.5638 14.5078 4.0047 1.26393 37.0735 18.424 3.97619
-13.876 3.58965 0.853424 -35.438 -17.1863 3.17543 13.9351 3.86377 1.07198 35.5782 17.2562 3.55275
-13.6656 3.09323 0.589697 -34.0263 -15.2588 1.77485 13.6892 3.38837 1.63807 34.2346 15.2791 2.19089
-13.23 1.38512 0.211585 -31.5139 -14.9244 0.761758 13.2417 1.61935 1.4152 31.7471 14.9359 1.56178
-13.3564 0.688157 -0.603407 -31.479 -15.0308 -0.0661764 13.371 1.205 1.40227 31.6815 15.0472 0.903088
-12.9939 -0.22363 -0.212392 -29.54 -13.5837 -0.570578 13.016 0.27143 0.679488 29.726 13.6257 0.883234
-13.1139 -0.804343 -0.0246557 -27.7181 -12.6495 -1.45799 13.1303 1.10722 0.414723 27.9088 12.679 1.5098
-12.9115 -1.99796 0.952476 -28.7069 -11.8825 -1.5145 12.9536 2.01622 0.967823 28.9253 11.9196 1.61806
-13.2434 -2.7805 0.0684193 -28.6245 -10.6778 -3.05557 13.3195 2.82503 0.405463 28.8333 10.7471 3.1642
-13.1833 -0.847689 -1.47938 -28.2654 -10.2675 -3.17371 13.3044 1.90434 1.71043 28.4463 10.3291 3.24988
-13.0129 -4.0203 -1.20188 -28.184 -11.3798 -2.59768 13.0866 4.38393 1.38138 28.3343 11.4088 2.76668
-12.5527 -4.00009 -2.43046 -27.089 -11.7475 -3.39859 12.6221 4.00015 2.54412 27.2311 11.7772 3.58362
-12.3298 -4.52209 -1.89707 -26.5231 -11.3295 -2.96535 12.3768 4.54303 2.95779 26.6642 11.3874 3.08184
-11.9337 -3.28125 -2.04475 -27.1665 -11.6309 -2.47787 11.9505 3.42631 2.56016 27.285 11.6888 2.91095
-10.8522 -2.96432 -1.99912 -27.6298 -11.7458 -2.17851 10.8955 3.272 2.41293 27.7141 11.7657 2.47697
-10.4567 -1.5691 -1.81883 -29.0271 -12.0077 -1.59408 10.5257 1.9749 2.42468 29.1104 12.0131 1.91158
-10.6562 -0.226457 -1.09564 -30.159 -12.6837 -0.553409 10.6781 0.276594 1.33482 30.2669 12.7031 0.795619
-10.9974 0.176379 -0.446036 -30.7066 -12.9171 -0.153934 11.0033 0.586081 1.17041 30.8183 12.9603 0.742036
-11.4946 0.685061 0.245431 -31.5525 -13.0617 0.490925 11.5041 1.26021 1.13415 31.6685 13.1149 1.03054
-11.3448 1.32998 0.857667 -31.0844 -14.17 0.847503 11.381 1.70083 1.18221 31.1589 14.2255 1.29025
-11.3448 1.73244 0.995316 -31.1075 -14.2195 1.15526 11.413 1.97235 1.36553 31.1653 14.2688 1.36241
-8.11752 0.271457 -4.20839 -23.7281 -10.5543 -0.554332 8.16812 0.351643 4.33455 23.7955 10.6014 0.801584
-4.5785 -3.57121 -8.89139 -14.5726 -5.84996 -4.84553 4.65523 4.04222 9.23921 14.864 6.06949 5.07771
-1.76453 -1.26886 -2.84402 -8.03372 -3.46156 -2.45163 2.14271 1.8469 3.24355 8.47931 3.63161 3.11669
-0.646086 0.808866 2.00853 -6.46151 -2.86385 -0.256713 1.41565 0.921533 2.4089 6.81763 3.00067 1.2412
-0.964844 1.2907 3.63626 -5.77331 -3.90279 -0.542744 1.13005 2.13071 3.72387 6.04699 4.52469 0.94077
-0.344523 2.50496 -12.334 -6.79959 -3.74577 0.541144 0.643962 2.8409 12.4077 7.24553 4.23558 1.33203
1.28628 -18.8027 -12.7688 -7.25238 -1.76531 -22.0368 2.09617 18.8248 12.8583 7.47066 1.84841 22.101
1.49714 -20.4898 -24.8889 -2.84273 -1.15517 -30.581 1.61787 20.5362 24.9765 3.15308 2.23365 30.9283
2.38374 -21.0835 -27.4275 3.01683 1.21285 -34.1754 2.97805 21.4998 27.4775 4.40038 1.31403 34.927
3.54857 -18.1746 -32.8382 5.656 2.39768 -28.4579 3.59729 18.5547 33.0447 6.09977 2.6274 29.3368
4.13226 -20.3115 -36.8003 5.9034 5.33181 -24.9208 4.13359 20.4575 36.8432 6.15597 5.35692 26.098
5.36716 -22.3304 -39.756 4.15725 5.52945 -22.5434 5.53235 22.4359 40.0635 4.54919 5.58321 23.5617
5.82304 -24.4575 -41.2481 3.77267 5.49664 -19.9169 6.25736 24.5288 41.3829 4.07588 5.53774 20.5157
4.83464 -20.9162 -41.8347 4.2388 5.09092 -23.6511 5.10621 20.9314 42.0574 4.32678 5.13799 23.9884
4.10814 -16.0095 -42.4779 2.94935 4.63671 -26.5236 4.17752 16.0164 42.6622 2.98785 4.72806 26.6912
3.2558 -12.8705 -40.304 2.24271 4.74827 -28.5229 3.33626 12.8859 40.5112 2.40308 4.76295 28.5805
2.33338 -11.5175 -36.575 1.28361 3.65087 -29.4886 2.39843 11.5808 36.8795 1.30096 3.65391 29.5978
1.71108 -10.8628 -35.197 0.516172 2.56231 -28.7337 1.95121 11.0992 35.5847 0.794308 2.56944 28.9836
1.31958 -10.6747 -32.6306 0.30439 1.56477 -27.8762 2.05858 11.0511 33.1946 0.67217 1.70953 28.1597
0.65072 -9.45447 -29.8481 0.753192 0.573351 -24.5192 2.28238 10.3095 30.3254 1.01358 1.46982 24.8314
0.0466974 -9.52121 -30.3032 0.847658 0.0504453 -23.0947 1.61035 10.5877 30.998 1.21759 1.11367 23.4562
-0.263626 -10.4585 -30.1678 0.0142631 -1.30466 -21.7359 0.852733 11.3339 30.7881 0.573199 1.59784 22.0914
-0.44297 -10.0054 -29.2955 0.639933 -2.82774 -21.1991 1.13514 10.9873 30.0046 2.274 3.43088 21.493
-0.356844 -8.4269 -30.3489 0.101695 -3.30986 -20.9196 2.37982 9.4133 31.1294 3.15045 3.45522 21.1601
-1.22369 -5.94582 -29.6381 0.450199 -2.55973 -21.0188 1.72674 7.14879 30.2005 1.88244 2.65189 21.3354
-0.437369 -5.09826 -30.765 -0.920422 -2.38733 -21.7891 1.92988 6.5289 31.4924 1.31102 3.13356 22.1863
-1.71019 -4.31812 -30.0203 -3.24176 -1.98016 -23.3246 3.05038 5.56076 30.6292 3.29203 2.92396 23.754
-1.9326 -4.62891 -29.266 -2.90176 -1.57036 -23.3539 2.19274 5.97433 30.0101 2.97381 1.60112 23.7934
-2.30462 -5.74547 -28.5004 -2.25279 -2.59725 -22.446 2.54793 6.94301 29.2417 2.50783 2.93651 22.7913
-2.0006 -6.57716 -27.6749 -2.33454 -2.91734 -20.7907 3.4708 7.81396 28.5583 3.15674 2.97648 21.0859
-1.29616 -7.32828 -27.6009 -1.73595 -2.24072 -20.2943 1.58231 8.62245 28.354 2.48646 2.27488 20.5447
-1.65833 -7.47819 -29.2088 -1.53411 -1.16408 -20.4442 3.5945 8.41968 29.9471 1.97493 2.18967 20.7404
-0.934729 -8.52945 -29.848 -1.39013 0.454782 -19.5026 2.89841 9.32165 30.4924 1.8414 1.12014 19.7568
-0.228912 -9.39497 -30.0071 -0.575742 0.966478 -19.01 2.00215 10.0024 30.4479 1.17427 1.43382 19.2616
0.461626 -9.15475 -30.9123 0.211917 0.935641 -20.0752 2.53248 9.61002 31.4423 0.897615 1.6962 20.2143
0.566192 -9.11388 -31.5285 0.558908 1.04194 -21.2692 2.0372 9.57863 31.9804 0.953063 1.64962 21.3781
0.723646 -8.69923 -32.96 0.977592 1.53782 -21.699 1.92007 9.07922 33.6455 1.33644 1.9811 21.8452
-1.03969 -7.52302 -19.6749 -4.61466 -4.54354 -14.4887 1.85256 7.52966 20.0887 4.71777 5.22663 14.5361
-0.680069 -4.07181 -13.9953 -8.12186 -3.93823 -9.84336 1.22406 4.25323 14.31 9.99581 3.94773 9.95428
1.56879 -1.84733 -7.53182 -27.3065 -0.453966 -4.61464 1.74285 2.48746 7.74525 28.2055 2.44464 4.84123
-1.00173 -0.208292 -7.00847 -22.4372 -2.45351 -0.213738 1.12759 1.74208 7.19123 23.4733 2.81705 2.26398
-2.08033 1.03437 -5.59588 -19.4671 -26.4598 1.50854 2.09566 3.8602 5.632 21.1135 27.0303 3.13202
-2.44745 0.616057 -3.18947 -23.7919 -23.708 -1.04137 3.5555 1.58038 3.37048 25.4805 23.7566 1.48647
-15.8083 1.20148 -0.693197 -19.885 -23.1475 3.45349 15.8523 1.5236 1.64747 21.3625 23.4089 3.55638
-18.0461 -0.570159 3.69865 -30.5083 -20.1356 3.18759 18.3409 1.5257 3.84416 32.0838 20.5549 3.24628
-16.1234 4.39698 4.89529 -33.1139 -22.3782 2.35228 16.9152 4.44956 5.02326 33.7425 23.2379 3.07714
-10.0909 5.97825 4.54761 -38.2014 -26.4396 5.30225 11.0319 6.14628 4.60342 38.4501 27.1057 6.13722
-9.7162 4.88837 3.23188 -36.6758 -25.5838 6.44653 10.3694 5.2153 3.23348 36.7357 26.195 6.80364
-12.2614 4.76485 3.11676 -35.7779 -26.6485 6.62589 12.8741 5.34956 3.19263 35.8 27.1527 7.19674
-15.8983 5.38817 3.37065 -37.5219 -25.2625 5.6491 16.2199 6.09329 3.40705 37.5903 25.5799 6.06853
-18.5962 4.82308 3.14976 -37.7996 -25.3974 4.36802 18.8466 5.35995 3.1562 37.8811 25.9349 4.69358
-19.0256 4.18331 2.6891 -36.9629 -21.5802 4.09129 19.2308 4.76406 2.69075 37.0006 21.9399 4.56
-18.3668 4.32738 2.15636 -37.6927 -20.1282 3.71358 18.4578 5.13787 2.25387 37.7381 20.4307 4.09773
-18.3162 3.55011 1.07149 -36.2681 -18.4146 3.036 18.3659 4.17024 1.52426 36.3259 18.6249 3.10368
-17.2011 2.73176 0.468524 -36.2268 -17.912 2.0897 17.2055 2.97975 1.63644 36.2747 18.0214 2.13343
-16.6396 1.85312 -0.0781677 -33.8204 -16.8233 0.904782 16.6748 1.95725 1.21456 33.8514 16.8651 1.46581
-15.3742 0.849651 -0.249795 -30.8597 -15.8882 0.730861 15.3832 0.978706 1.00177 30.8974 15.8974 1.11122
-15.9536 0.56484 -0.206769 -29.4396 -14.5477 0.0995644 16.0487 0.841002 0.321298 29.4583 14.5488 0.377883
-15.5264 -0.519454 0.463436 -27.5282 -13.3175 -0.266126 15.5678 1.23889 0.748983 27.5597 13.3375 1.02785
-14.8747 -1.87157 0.712445 -28.106 -12.3917 -0.685515 14.8897 2.10165 1.76724 28.1105 12.4134 0.737036
-15.3272 -2.0133 0.278179 -27.5275 -11.1466 -1.14293 15.3539 2.35312 1.56383 27.5554 11.2242 1.79845
-15.5974 -2.35694 -1.23506 -27.1809 -10.3451 -3.06028 15.6381 2.44558 1.4221 27.2455 10.4767 3.18089
-16.1706 -1.20487 -2.42809 -26.5082 -10.1769 -3.85427 16.2253 1.65964 2.45835 26.6174 10.2854 3.85431
-16.842 -3.3245 -1.59553 -26.6924 -9.79413 -2.11952 16.8811 3.32736 1.59681 26.7653 9.88955 2.21368
-16.2209 -4.00346 -2.07246 -26.2735 -9.08891 -4.01256 16.2841 4.08259 2.21225 26.3411 9.28189 4.07085
-15.6455 -2.88049 -2.10251 -25.4585 -9.85612 -3.37302 15.6698 3.03746 2.56125 25.5284 9.99348 3.42039
-14.8136 -3.8769 -2.23516 -25.9751 -11.568 -3.01035 14.8244 4.1067 2.79711 26.0472 11.6943 3.30761
-13.6741 -2.45117 -1.87424 -26.3332 -12.7639 -2.33426 13.6891 2.6346 2.45393 26.3819 12.8428 2.87986
-13.1444 -2.49613 -1.76299 -27.3911 -13.0907 -1.72428 13.163 2.70475 2.23797 27.4304 13.1651 1.89797
-12.8875 -0.916155 -0.785351 -28.2312 -13.3501 -0.415363 12.9115 1.55017 1.46936 28.2566 13.3985 1.063
-12.2971 0.00493939 -0.152007 -29.5525 -13.5712 -0.187714 12.3326 1.07911 1.02456 29.5888 13.5954 1.76936
-12.6967 0.689137 0.17701 -30.7432 -14.0687 0.474156 12.7205 0.936048 0.92626 30.772 14.0798 1.87333
-13.0254 1.18311 0.687124 -31.0318 -14.6503 1.09355 13.0554 1.37835 1.06583 31.058 14.6692 1.90335
-13.164 1.29138 1.07729 -30.7809 -15.3114 1.56854 13.2284 1.45437 1.42113 30.7932 15.3419 2.0946
-8.21222 -1.6992 -7.95202 -20.1389 -10.1922 -0.970708 8.30886 1.73723 8.10417 20.222 10.2542 1.61346
-4.41184 -4.29978 -8.68334 -10.8053 -4.8703 -4.48049 4.81067 4.77021 8.85148 11.0967 5.14518 4.84192
-1.68657 -0.209525 -0.490446 -5.14963 -3.46478 -0.938348 2.6192 1.31886 2.26091 5.68975 3.71523 2.32621
-0.357579 0.415191 2.68902 -5.31722 -3.72278 -0.75836 1.63887 0.575453 3.26151 5.59803 4.03963 1.66703
-2.1991 -4.95144 3.59496 -4.0921 -4.09809 -23.166 2.31794 5.11979 3.85854 4.418 4.32551 23.1792
-5.67199 -11.0854 -20.7039 -2.18943 -4.08831 -21.6918 5.71009 11.172 21.1636 3.16011 4.22745 21.9737
-0.131546 -15.3991 -30.9956 -0.522432 -3.1508 -24.3677 2.2423 16.2759 31.1799 3.55974 3.26725 24.7387
1.83146 -17.4053 -40.2581 3.2102 -1.24702 -23.3214 3.34039 17.9098 40.7551 3.27336 1.25405 23.9378
4.95651 -19.7192 -37.1049 6.36466 4.21714 -25.7458 4.98446 20.0077 38.1178 6.45743 4.3385 25.9064
4.52778 -17.2948 -38.2123 5.29592 4.33792 -26.7029 4.60997 17.6049 38.9955 5.35477 4.34898 26.7465
4.11137 -14.9537 -37.6989 4.65739 5.13426 -27.0104 4.11167 15.3103 38.4176 4.71581 5.16192 27.0265
4.08683 -15.0331 -40.8685 4.88729 5.07926 -28.8588 4.09395 15.1675 41.4378 5.07451 5.1196 28.889
3.72428 -14.4084 -43.4119 4.13654 4.56 -28.4526 3.72856 14.4308 43.9942 4.23744 4.58099 28.5079
3.76311 -13.8068 -44.4456 2.78177 4.86349 -26.8259 3.81787 13.8287 45.0687 2.78328 4.8698 26.9469
3.13845 -12.986 -43.3247 1.7752 4.31079 -25.7879 3.28844 13.1108 43.8693 1.90388 4.38404 25.9811
2.53638 -11.3736 -40.9479 1.11951 3.28135 -25.7367 2.58959 11.6068 41.58 1.46748 3.34919 26.0752
2.23883 -10.2689 -40.5929 0.719419 2.11686 -25.2598 2.28996 10.8035 41.3333 1.17345 2.21966 25.7154
1.31275 -9.2611 -39.1394 0.215043 1.74507 -25.1119 1.5552 9.74031 39.9807 0.583661 1.77798 25.6454
0.587032 -7.82649 -36.8543 0.0699442 1.19493 -25.721 1.53792 8.40683 37.6086 0.804715 1.22876 26.3725
0.147971 -7.49521 -35.6366 1.01183 0.755764 -24.4327 1.71315 8.17563 36.5572 1.43662 1.0518 25.0434
0.219487 -6.32524 -34.5619 1.05588 0.138453 -24.088 1.04805 7.38453 35.4664 1.99845 1.57787 24.6919
0.467204 -6.21828 -32.164 1.61473 -0.96195 -23.43 0.744026 7.63658 32.9664 1.73622 1.89819 24.0245
-0.791904 -7.11337 -33.0625 0.549322 -2.0415 -21.2902 1.23156 8.33937 34.107 1.51678 2.27415 21.8658
-1.23587 -6.90689 -32.1542 0.970494 -2.51563 -21.9332 1.98591 7.97346 33.1108 1.86259 2.60535 22.5789
-0.179646 -6.97866 -31.5171 0.849322 -2.03391 -21.625 1.89481 8.02644 32.6064 1.24237 2.42655 22.3121
-1.56554 -5.4943 -32.0392 -0.710554 -2.4626 -21.9947 2.35352 6.2398 33.0629 1.04969 2.62046 22.6688
-1.23841 -5.30861 -30.1999 -0.767238 -2.70397 -22.8971 1.43486 5.73032 31.1741 1.50649 2.83715 23.5107
-2.2389 -3.13888 -28.4771 -3.08601 -2.59764 -22.7683 2.87457 3.40959 29.2919 3.62847 3.0224 23.2067
-1.56283 -2.1091 -27.6587 -3.55095 -2.03423 -22.2595 1.95338 2.29606 28.6372 3.87842 2.18003 22.636
-2.31778 -0.772161 -26.278 -3.20253 -1.36094 -22.3624 2.79555 1.90107 27.261 3.32717 1.83607 22.7637
-1.98106 -1.50228 -24.7785 -2.46586 -0.910025 -23.518 4.81089 2.34173 25.7596 2.56068 2.8888 23.9853
-1.81785 0.0577594 -23.5106 -1.62696 0.229554 -23.9851 2.89564 1.73005 24.4913 2.03244 1.10708 24.5463
-0.757981 0.61632 -23.1731 -1.24112 0.677985 -23.8173 1.92799 1.10018 24.4315 1.57774 1.47349 24.4094
0.0673697 -0.296329 -24.3114 -0.944376 0.866743 -22.5607 1.68856 0.762947 25.6021 1.28293 2.38427 23.1726
0.323862 -3.30914 -24.2932 -0.0432837 0.666944 -22.4868 1.57137 3.49429 25.8223 0.926649 1.66613 23.2576
-0.000815925 -11.1495 -26.9886 1.30829 0.750117 -22.0372 1.85859 11.4638 28.3225 1.47875 1.1514 22.848
1.25181 -12.178 -30.1002 2.24649 0.544929 -19.7064 3.23431 12.2684 31.3213 2.43176 1.04319 20.3855
-2.56561 -8.82394 -22.4833 -5.18756 -3.75126 -12.0644 2.85358 9.0444 23.6824 5.50016 3.99825 12.2628
-2.27804 -4.8779 -16.2186 -8.81154 -2.06043 -6.74794 2.30356 5.79802 17.1261 9.88687 2.15063 6.93948
1.05181 -1.74049 -10.5661 -1.04176 0.667249 -4.16262 1.8545 4.22927 11.2038 1.49712 1.63578 4.71384
0.783932 -3.57708 -8.85714 0.923836 0.509425 -5.31332 0.963746 4.47471 9.39894 2.289 1.38703 5.4303
-11.4516 -4.76549 -6.48343 5.10897 -19.9066 -4.88202 11.4966 5.54085 7.11496 5.59074 19.9457 5.17317
-10.7857 -6.80488 -3.70488 -24.9696 -13.3111 -8.6935 11.0062 9.08607 4.48254 25.1118 14.0956 8.77518
-13.7567 -3.5122 0.326101 -31.5074 -22.9367 -1.4639 14.1046 6.04158 2.24289 31.7368 24.0162 1.74067
-10.8793 0.699249 2.20409 -40.4063 -21.6849 0.875848 11.3954 4.24718 2.36164 40.6059 22.9102 1.09251
-14.5729 3.86117 4.09061 -40.1866 -22.1332 7.46842 14.7249 8.71642 4.19147 40.2772 23.556 7.62974
-16.8525 5.60807 4.27472 -38.8322 -19.4929 7.09712 16.953 7.90308 4.32095 38.9437 20.7141 7.38353
-19.5079 5.60087 3.61909 -35.6026 -18.2503 5.71252 19.6086 7.04785 3.65763 35.7143 18.7736 6.09011
-21.825 4.88961 3.51183 -34.3591 -19.8096 4.57088 22.0247 6.42802 3.51542 34.3817 20.4398 4.65541
-21.3045 4.66646 3.98351 -35.0925 -21.7134 3.81089 21.4797 6.20894 4.01282 35.1167 22.1986 3.8993
-20.1495 3.76256 3.48324 -33.0522 -21.9101 3.19464 20.4773 5.61929 3.49578 33.1199 22.1788 3.24915
-16.7069 2.8535 2.92517 -31.8691 -20.9082 3.40048 17.1259 4.65412 2.96878 31.912 21.0811 3.58197
-14.0617 2.93088 2.42336 -32.4659 -20.522 3.5816 14.4379 5.09293 2.43972 32.4891 20.7488 3.72409
-12.3477 2.4827 1.15159 -31.4245 -18.476 3.06401 12.8178 3.80963 1.18027 31.4706 18.82 3.16601
-11.8604 1.84824 0.521712 -31.9771 -16.0464 2.26641 12.2626 3.17281 0.847467 32.0009 16.3056 2.40731
-11.7759 1.94716 -0.348976 -30.7391 -15.0231 1.78644 11.9226 2.90838 0.929108 30.7423 15.3761 1.80006
-13.1327 1.75649 -1.0762 -30.5396 -13.0808 1.59249 13.2946 2.96149 1.74842 30.5403 13.2637 1.96926
-14.142 0.454381 -0.54273 -29.0031 -11.8419 0.753671 14.2492 1.92156 1.59365 29.0058 11.9629 0.888342
-15.8436 -0.0754292 -0.433676 -27.786 -11.9988 -0.00220682 15.9019 0.734349 1.0195 27.8037 12.1157 0.848151
-16.9358 -0.368998 0.26539 -26.1774 -10.8641 -1.54746 16.9399 1.96582 1.54674 26.2087 10.9228 2.63384
-17.4874 -0.747045 -0.510111 -23.0837 -10.7002 -4.47224 17.5118 2.03012 1.27365 23.1234 10.707 4.86618
-16.8773 -2.06216 -0.955744 -22.7115 -11.4199 -4.15385 16.9148 2.13786 1.05955 22.742 11.4217 4.31014
-15.4359 -1.40408 -1.39531 -21.8483 -12.0722 -0.427701 15.5228 3.06593 1.80063 21.963 12.0779 0.596411
-14.333 -3.78763 -0.901851 -21.8667 -11.7838 -2.27158 14.4381 3.93755 1.49391 21.9938 11.8014 2.53939
-13.7148 -3.96009 -1.02001 -22.1275 -11.7392 -2.7974 13.8244 4.07257 1.09909 22.2064 11.7642 2.87667
-13.5995 -2.63381 -2.09861 -24.3322 -11.1691 -2.87464 13.7695 2.64455 2.83637 24.3431 11.2147 2.95041
-13.3255 -1.35946 -2.78598 -25.6109 -11.3042 -2.73548 13.5319 2.63881 3.36975 25.6119 11.3937 2.85922
-13.0356 -1.4698 -2.52547 -26.7701 -10.9784 -2.44004 13.1825 2.01267 2.73773 26.7758 11.0873 2.85232
-13.5979 -0.607413 -1.28843 -27.6066 -10.6453 -1.28909 13.7206 1.52131 1.78635 27.6083 10.7094 2.15928
-14.5293 -0.711565 -0.431879 -27.7905 -10.5822 -0.0619542 14.7357 1.57159 1.06575 27.7919 10.6338 1.165
-14.7947 -0.764141 0.198106 -28.1177 -11.0881 0.468755 14.9958 1.37617 1.11051 28.1181 11.1525 1.32769
-14.6894 -0.0217712 0.572195 -28.2404 -11.5039 0.826124 14.8619 0.84607 1.34377 28.248 11.5829 1.50377
-14.0715 1.24854 0.564276 -28.6137 -12.6171 0.948926 14.2275 1.34777 1.11548 28.6264 12.7212 1.48813
-13.7742 1.34357 0.651922 -28.5325 -13.3857 1.47935 13.9577 1.77247 1.10416 28.5329 13.525 1.85678
-6.62971 -1.17815 -10.3996 -15.614 -6.66982 -5.08845 6.78081 1.74116 10.4655 15.7592 6.96769 5.499
2.64708 -1.52489 3.97472 4.50065 -4.04725 5.31842 3.17446 2.52832 4.75432 5.70502 4.2514 5.96894
-1.37528 -0.835664 2.76235 -5.8664 -2.79733 -0.626219 1.67435 1.04213 3.26358 6.3165 3.06876 1.15143
-2.91167 -14.2978 2.77847 -5.25001 -2.19115 -0.760848 3.11057 14.3544 2.9503 5.56172 2.48346 1.26527
-3.81212 -10.9436 -3.64703 -3.78385 -5.44371 2.41502 3.85741 11.0402 4.22974 4.1484 5.70138 2.64842
0.682029 -15.174 -17.1032 -3.46887 -5.4508 0.389138 1.04761 15.3027 17.1373 3.81274 5.84124 2.69826
2.10098 -14.5957 -32.6142 -1.89402 -4.49822 -23.6775 2.40922 14.7329 32.6509 3.10422 4.92003 23.7061
3.61381 -16.8103 -35.1527 0.700445 -0.0454403 -27.93 3.81198 16.8155 35.627 2.30791 0.552843 27.9832
3.41561 -17.1488 -33.3343 5.33346 2.88363 -29.9488 3.45855 17.1773 33.7504 5.94691 3.07735 30.0731
4.04406 -17.4632 -34.0498 5.8545 4.48363 -27.4974 4.04653 17.4654 34.666 6.01583 4.49207 27.5879
3.74084 -19.3065 -33.0951 5.98494 4.27811 -27.608 3.77653 19.3446 33.9341 6.24462 4.28385 28.0534
4.43706 -21.0498 -38.5373 4.63486 4.28869 -24.7763 4.56527 21.1935 39.2621 5.08857 4.30685 25.198
4.11308 -20.9836 -40.6532 3.92827 3.69914 -23.0642 4.27583 21.1636 41.3664 4.40676 3.73502 23.3843
4.48801 -18.9698 -43.1064 3.40995 3.86458 -20.286 4.72435 19.1931 43.6159 3.78141 3.95523 20.4331
4.51405 -16.13 -44.4592 1.99875 4.2397 -19.6661 4.82893 16.3807 45.0071 2.27087 4.30929 19.739
3.5394 -12.5396 -44.1968 1.32991 4.38449 -20.3077 4.06935 12.7749 44.7275 1.36273 4.45654 20.3412
2.19048 -10.5906 -41.8457 1.05908 3.81354 -22.6035 2.59338 10.8583 42.4623 1.34432 3.85489 22.7242
1.21162 -8.32587 -40.0124 0.517838 2.91406 -24.4937 1.50498 8.61969 40.7337 0.903543 2.92824 24.7838
0.663154 -6.95841 -37.8644 0.110037 1.96706 -26.2805 1.16474 7.2784 38.7816 1.03484 2.01116 26.685
0.14115 -6.69143 -33.6829 0.275948 1.34684 -24.6072 1.07086 7.27234 34.5786 1.23218 1.94365 25.1732
-0.352945 -7.94152 -31.7563 0.0633193 0.297647 -24.3037 1.41006 8.90332 32.9024 1.4375 1.13351 24.8323
-1.65623 -8.65975 -29.973 1.37801 -1.22222 -22.2825 2.41664 9.89588 31.1853 1.44655 1.53027 22.798
-2.4863 -9.70848 -29.811 0.873878 -2.80847 -19.21 2.9952 10.9144 31.1418 0.914817 3.37843 19.7729
-2.10732 -10.8929 -30.43 0.894612 -3.22721 -18.0049 2.43686 11.8896 31.7239 1.26874 3.73085 18.6918
-1.244 -11.1573 -29.5588 -1.12705 -3.53085 -16.0934 1.36018 12.1047 30.6645 2.22124 3.70554 16.7151
0.0319386 -9.79559 -31.2741 -1.86929 -3.99241 -15.4569 1.43555 10.6919 32.3464 2.33181 4.23676 15.9159
-0.443202 -9.47685 -32.7499 -3.3871 -3.03876 -15.1015 1.53336 10.2335 33.857 3.84173 3.12823 15.4746
-2.14103 -8.59611 -32.6311 -3.92281 -2.32467 -15.9185 2.21136 9.59411 33.5447 4.18342 2.43189 16.3375
-2.54391 -8.59875 -33.4012 -3.00335 -0.932503 -16.1194 3.34377 9.40822 34.3341 3.03515 1.19774 16.5562
-2.82466 -8.59831 -32.7322 -2.46121 -0.88121 -16.868 4.20504 9.38642 33.7058 2.54438 1.84217 17.3521
-2.0114 -9.06218 -30.9756 -2.14136 -0.252212 -17.286 2.71072 9.85676 31.9045 2.26948 1.4258 17.8202
-1.01205 -9.78341 -30.9883 -1.75414 0.201276 -17.5999 1.95417 10.5502 32.0076 2.17459 0.984118 18.0397
0.0548094 -10.8561 -31.63 -0.724461 0.032037 -17.7257 1.4344 11.6416 32.7854 1.58398 2.22032 18.1224
0.770035 -12.4552 -31.7201 0.246996 -0.113902 -17.5711 1.7527 13.1986 32.789 1.33589 1.2692 17.9661
0.921569 -13.1655 -32.7193 0.676464 0.32985 -16.6987 2.1907 13.9097 33.7855 1.24421 1.14443 17.0755
1.10089 -12.5925 -33.5005 1.06363 0.834247 -15.7014 2.73032 13.7263 34.4077 1.32616 1.47193 16.0755
0.927249 -13.5979 -34.4462 0.971347 1.42062 -14.8225 2.50169 14.4267 35.3365 1.19018 1.87157 15.4155
-3.42396 -4.95841 -19.3049 -7.22639 -3.3572 -8.05043 3.83466 5.01269 20.0954 8.31529 3.74961 8.25606
-0.685483 -2.0808 -12.4156 -5.35932 -0.108183 -4.56499 1.2215 2.29616 12.8447 6.09123 0.78202 4.86643
1.11455 -2.26459 -6.9672 -1.49622 1.18172 -3.09166 1.86568 2.88693 7.44686 2.01728 2.30864 3.54348
0.1063 -4.09622 -6.09156 1.99793 0.362217 -3.68602 0.850027 5.1004 6.34248 2.78755 0.780709 4.27081
0.526646 -2.78608 -4.89239 -0.372028 -0.0589334 -5.25388 1.5735 3.40053 5.06803 2.39433 0.63243 5.83061
-1.26727 -2.18353 -5.32238 -15.9282 -0.094446 -5.49671 2.51159 3.52565 5.55631 15.9297 2.31715 6.59852
-0.342091 0.0993776 -4.75071 -22.1063 -20.1729 -0.591814 1.47249 3.38103 4.85743 22.3215 20.2273 2.30475
-20.6404 1.69031 -1.73954 -24.1316 -21.1544 4.83008 20.6487 3.26219 2.15683 24.3342 21.571 6.70053
-24.5215 1.05108 2.24246 -26.3179 -22.2118 3.6655 24.9238 2.09338 2.92148 26.5746 22.8099 3.78008
-21.1284 3.58569 5.71276 -32.913 -18.5798 3.70409 21.8198 3.97776 5.93604 33.2477 19.4902 3.82724
-8.84626 6.20535 4.9918 -36.0752 -24.3406 5.11898 9.30691 6.68579 5.08153 36.1527 25.0771 5.39917
-5.81039 5.03788 3.48535 -38.9001 -26.2308 6.12976 6.42962 5.25217 3.50169 38.9362 26.708 6.79356
-10.7693 5.56147 2.4275 -39.7342 -23.0294 6.0171 11.5039 5.84256 2.77291 39.7901 23.468 6.92947
-15.7817 6.15527 2.8742 -39.841 -20.7899 5.76009 16.8613 6.47616 2.9015 39.874 21.4202 6.95581
-16.6076 6.53518 2.35751 -39.8323 -19.8914 4.45396 17.5497 6.88424 2.42941 39.885 20.5231 5.03583
-17.3768 4.47018 1.92986 -35.6542 -20.3402 3.55945 18.088 4.59303 2.01952 35.6676 20.6824 3.92414
-17.4498 3.27681 1.53278 -32.2402 -19.0169 2.85128 17.8887 3.55471 1.91036 32.2445 19.4267 3.2254
-16.3491 1.75384 1.07618 -29.9566 -18.1144 2.1548 16.5552 2.23802 1.10571 29.9617 18.4492 2.46536
-15.7637 1.33397 0.799954 -27.9595 -17.4192 1.57107 15.8921 1.73348 1.14097 27.9616 17.8538 1.82764
-15.0353 0.147956 0.542053 -26.2021 -15.2784 -0.195066 15.2807 1.17797 1.19422 26.2085 15.6795 1.34594
-13.9708 -0.297804 0.245057 -26.8985 -15.285 -1.033 14.1841 0.919073 0.48808 26.9207 15.621 1.40748
-12.7443 -1.22073 0.06032 -26.1484 -14.8363 -0.923121 12.872 1.28478 0.206483 26.1657 15.1981 0.925339
-13.3804 -1.54414 0.270962 -24.649 -14.1215 -0.475235 13.5773 1.61728 0.899897 24.6729 14.3972 1.83891
-13.969 -2.49734 -0.814969 -25.4447 -12.4737 -1.73666 14.1126 2.60319 1.19835 25.4649 12.62 2.14546
-15.266 -1.61335 -1.91131 -24.1474 -12.2013 -2.9866 15.3845 1.74082 1.93822 24.1748 12.3791 2.99523
-15.8784 -3.0053 -0.817108 -22.9583 -11.1108 -1.59661 15.9499 3.48556 1.25525 22.9907 11.2936 1.90687
-15.7555 -3.34332 -1.82818 -23.8022 -10.7951 -3.56919 15.8214 3.84105 2.04127 23.8337 11.0493 3.68225
-15.1741 -3.1736 -1.8319 -23.0521 -11.3233 -3.93255 15.3032 3.20721 2.13612 23.1184 11.5456 4.13526
-14.2527 -2.93637 -2.18873 -22.7471 -11.5275 -2.54345 14.4541 2.99546 2.77589 22.8542 11.6184 2.80672
-13.517 -3.44509 -2.08125 -23.0691 -12.3669 -1.80353 13.7712 3.47916 2.33316 23.2406 12.4534 2.90443
-13.743 -2.46803 -1.41286 -22.6749 -12.6315 -1.61987 13.9985 2.71419 1.8913 22.7825 12.8127 1.7164
-14.0911 -1.06921 -0.526019 -23.3987 -12.896 -0.733538 14.4059 1.85573 0.972209 23.4492 13.2136 0.836917
-13.7428 -0.441035 -0.0375568 -23.6735 -12.8521 -0.365036 14.04 0.981095 1.0587 23.7019 13.3377 0.701305
-13.8078 0.229533 0.202847 -25 -13.2589 0.184435 14.0979 1.0788 1.0455 25.0242 13.8199 0.737728
-13.6765 0.698962 0.296209 -25.7812 -14.1273 0.896075 13.9959 1.51503 0.900113 25.8142 14.709 1.16688
-14.4848 1.32909 0.629153 -25.7625 -14.5798 1.41522 14.9136 1.83801 1.08655 25.8572 15.0584 1.6157
-10.3407 -0.600318 -5.14396 -18.68 -10.8793 0.11093 10.659 1.08131 5.40845 18.725 11.2165 0.185132
-6.6174 -5.45011 -9.39871 -11.0945 -6.74308 -3.26414 6.93819 5.76995 9.51772 11.1291 7.19802 3.84759
-2.51942 -2.05674 -1.68061 -5.37974 -3.60669 -0.983501 2.98469 2.52898 1.83171 5.5946 4.01676 2.10323
-0.885701 0.348461 2.37791 -3.84259 -3.43523 -0.91258 1.50462 0.660459 2.83066 4.0513 3.77441 1.40257
-0.883573 1.37972 2.93518 -4.43668 -3.29235 -1.26705 1.19344 2.68187 3.09188 4.58704 4.03671 1.86094
-0.997079 -2.7037 -12.3892 -4.97227 -2.5068 0.00570742 1.64829 2.83813 12.5895 5.07991 3.01597 1.10871
-0.598779 -16.7063 -10.4164 -6.46301 -1.63068 -23.1054 1.37832 16.7709 10.5831 6.88377 2.61234 23.3943
2.34158 -20.9644 -21.9476 -0.734917 -3.74426 -25.5259 2.56543 20.9741 21.995 1.12969 4.1473 25.7302
2.00752 -18.342 -27.7428 4.12933 -0.0533475 -29.5887 2.18789 18.4476 27.8264 4.76261 0.497952 29.9078
3.4541 -18.3368 -34.668 6.61588 0.693506 -24.386 3.96188 18.3966 34.8932 6.84177 0.78393 24.7057
3.91344 -21.2688 -41.4964 5.24359 4.80422 -20.9598 3.99044 21.2729 41.6808 5.34673 4.83533 21.3615
5.10091 -24.7298 -41.7498 4.02428 5.29563 -19.5634 5.11916 24.7935 41.9898 4.25342 5.39114 19.7355
5.23629 -25.3426 -44.7303 3.69402 4.90557 -18.0243 5.45396 25.5948 45.2164 3.91674 5.01066 18.0637
4.3896 -22.9795 -46.5296 3.96771 4.08517 -21.1706 4.50796 23.2257 46.9302 4.10739 4.20138 21.214
3.94799 -18.4598 -46.674 2.76887 3.72522 -22.5545 4.01672 18.706 47.2599 3.11052 3.79336 22.7418
3.53734 -15.0893 -47.5696 1.68452 4.10788 -24.1165 3.67355 15.4591 48.2516 2.09173 4.24167 24.4578
2.62548 -13.5264 -45.3047 0.787937 3.61589 -24.4098 2.63865 14.1603 46.146 0.991066 3.78361 24.8681
1.91791 -13.0105 -43.82 0.504399 2.99834 -23.4665 1.98247 13.848 44.887 0.932863 3.07491 24.2218
0.902625 -12.9076 -41.7051 0.126309 2.20748 -22.8996 1.56086 13.7621 42.9468 0.490006 2.20995 23.9171
0.148897 -11.7947 -38.9469 0.218782 1.35798 -22.762 1.44554 12.8447 40.1645 0.837955 1.36546 23.7881
-0.242785 -10.8371 -37.6689 0.504793 0.282849 -21.6046 0.540126 12.502 38.9714 1.71916 1.57234 22.6692
-0.0620989 -9.87774 -37.0011 0.83782 -1.71038 -20.5506 2.4609 11.6811 38.5042 1.69916 2.18073 21.6742
0.0244716 -10.798 -35.8988 0.530134 -3.32172 -20.5586 2.18811 12.3751 37.416 2.32287 3.58098 21.5936
-2.2163 -8.45552 -35.9621 0.510438 -2.34228 -19.5449 3.01941 10.1119 37.721 2.08106 2.5511 20.6279
-1.62134 -7.68514 -36.1238 0.903848 -2.79006 -18.6094 2.32701 8.47837 37.8372 1.76391 2.92147 19.5508
0.0285273 -7.61163 -34.1077 -1.34577 -2.17889 -19.2299 0.705915 8.74806 35.6112 1.73193 2.2558 20.2979
-2.24611 -4.06204 -34.4231 -0.987672 -1.77289 -19.4903 2.43731 4.62131 36.1392 1.34115 1.81688 20.821
-2.0222 -6.62139 -33.3697 -3.04425 -0.801223 -19.0744 2.8012 7.10658 35.1145 3.14994 1.1977 20.174
-2.39621 -5.22585 -33.6431 -2.97216 -1.89657 -18.6614 3.07411 6.14362 35.4868 3.0011 1.92474 19.8847
-2.44393 -4.66256 -34.2948 -2.18587 -2.38015 -19.6885 2.50918 5.25356 36.2932 2.30729 2.4496 20.7616
-1.27915 -6.15119 -34.7333 -2.63634 -2.11969 -19.1115 1.58534 6.91857 36.6224 3.00968 2.2545 20.1038
-0.774661 -5.08196 -35.0504 -1.78403 -1.29936 -18.3587 1.22098 5.99629 36.9289 2.10967 1.35176 19.4972
-0.212413 -5.70806 -34.0557 -1.36079 -0.261012 -17.544 2.37334 6.30404 35.7464 1.58282 0.782464 18.6958
-0.332863 -6.48563 -36.0681 -1.45532 0.567579 -17.9535 3.20748 7.04825 37.9024 1.62464 1.17087 19.1911
-0.0248209 -6.25027 -37.5698 -0.224095 1.35409 -18.4462 2.83886 6.83456 39.4877 0.884664 1.76359 19.7998
0.346538 -6.22336 -37.8061 0.368587 1.36804 -19.4669 2.20475 6.79527 39.6334 0.917332 1.70688 20.7552
0.557049 -5.43645 -39.2877 1.01316 1.11443 -19.5342 2.43222 6.11705 41.2624 1.35912 1.44858 20.9366
-2.26413 -3.32742 -25.4948 -3.66458 -4.70387 -13.3022 3.19495 3.57209 26.9115 4.10255 5.51258 13.9221
-0.711497 -1.67753 -18.5759 -7.17449 -4.01091 -7.68523 1.55321 1.8757 19.7264 8.31492 4.24038 7.81932
2.25882 -0.194057 -9.40769 -3.478 -0.394906 -3.72009 2.56766 0.745698 10.3372 3.79915 2.1425 3.76331
2.05615 -0.690954 -6.98761 -1.80774 1.50821 -2.82191 2.22034 1.43481 7.77401 2.3761 2.68997 2.96258
0.529719 -3.07902 -6.4392 3.70976 -20.9751 -4.63648 0.696332 3.55665 7.22831 4.81755 21.0878 4.65624
0.885693 -4.08528 -2.68683 -20.104 -18.5937 -6.82467 1.61371 4.49582 3.50622 20.1169 18.7225 7.32306
-11.65 -4.62206 -1.8516 -22.8114 -27.2117 -0.0198486 11.922 4.87492 3.3194 22.8859 28.0562 0.937796
-9.38605 -2.35979 0.297293 -35.033 -24.2717 2.98545 9.53144 2.8889 2.76687 35.1842 25.2543 3.27112
-10.948 2.30365 2.96203 -33.8989 -25.1111 5.22534 11.0625 2.33272 4.52069 34.1107 26.2135 5.75257
-13.144 5.4577 4.74122 -32.3861 -26.8517 5.85291 13.792 6.07092 5.11531 32.4414 27.3856 6.16346
-15.0057 5.01557 5.13946 -31.4676 -25.1583 5.67597 15.8356 6.03997 5.21071 31.5109 25.4018 5.75771
-18.3698 5.1981 4.39055 -32.7533 -24.1351 5.38466 19.9037 5.76452 4.53534 32.81 24.6373 5.5354
-18.2701 6.13959 4.08687 -34.5065 -23.4684 4.46482 19.7881 6.78912 4.10232 34.5844 24.058 4.85469
-17.0139 5.58419 3.43154 -34.1807 -25.4687 4.97124 18.3776 6.18342 3.44425 34.3173 26.1029 5.17818
-16.0736 5.35432 2.7156 -33.609 -21.884 5.08113 17.0574 6.08747 2.72502 33.7415 22.4357 5.35671
-15.9408 4.85067 2.13896 -33.0395 -19.9811 4.74888 16.4862 5.39938 2.25466 33.138 20.7327 4.86552
-17.6703 3.50844 1.30902 -31.5449 -17.794 3.6758 18.0372 3.88475 1.43279 31.6451 18.5627 3.87835
-17.2261 3.15162 0.544494 -29.954 -16.5146 2.78821 17.4576 3.19476 1.12754 30.031 17.2854 3.34468
-17.2542 2.1053 -0.0828563 -27.9689 -14.4587 0.953291 17.4762 2.22707 0.619891 28.0368 14.9879 1.1514
-17.3108 1.19899 -0.237048 -27.9203 -12.5122 0.804958 17.4945 1.51389 0.743737 28.0057 12.9349 0.96332
-17.4715 0.870629 0.0393564 -26.8609 -12.236 0.354047 17.6643 0.880285 0.376488 26.93 12.6202 0.539112
-16.8997 0.438916 0.649295 -24.8012 -11.0758 -0.574558 17.082 1.38556 0.948525 24.8692 11.3134 0.765781
-16.6486 -0.984445 0.380628 -25.2394 -10.3581 -1.69568 16.8119 1.89876 0.583369 25.3477 10.4897 1.81083
-17.1549 -2.42543 0.498551 -24.2491 -10.3475 -2.12898 17.3599 2.47686 0.858696 24.4915 10.4628 2.57373
-16.8759 -3.72679 -0.849226 -23.4582 -10.247 -3.32329 16.9762 3.79444 1.01321 23.6575 10.394 3.79498
-17.4292 -1.09081 -2.11258 -24.3599 -9.07185 -4.19124 17.5015 1.20757 2.13632 24.5669 9.19733 4.24326
-17.2265 -3.49551 -1.0669 -24.5501 -8.38912 -2.48984 17.3525 3.61517 1.15206 24.7874 8.56329 2.5262
-16.6027 -3.41737 -0.78151 -24.1315 -8.43746 -3.32069 16.7276 3.44445 0.933813 24.4218 8.58813 3.38031
-16.3543 -3.87556 -1.99703 -23.6097 -9.72204 -3.22518 16.5647 3.97719 2.15221 23.9001 9.8757 3.52763
-15.5233 -2.91066 -2.67121 -24.8285 -10.0241 -2.29475 15.7812 3.10266 2.92953 25.1145 10.1285 2.7113
-15.2859 -3.30138 -2.57767 -24.7928 -10.2597 -2.17897 15.5524 3.40534 2.89563 25.1559 10.363 2.93932
-14.781 -2.24355 -1.65802 -25.9704 -10.0119 -1.86255 15.049 2.25835 2.19821 26.261 10.091 2.33737
-15.1528 -0.844732 -0.366879 -25.1885 -10.986 -0.685257 15.4384 1.39829 1.27201 25.451 11.1659 0.976651
-15.2684 0.244282 0.077159 -26.3087 -11.2651 -0.349518 15.5066 0.942832 1.29943 26.4801 11.4954 1.5565
-15.0414 1.06028 0.488793 -27.1633 -12.3276 0.349642 15.3097 1.16767 1.22021 27.2688 12.6408 1.5768
-14.945 1.69189 0.360077 -26.7988 -12.7124 0.940151 15.209 1.71494 0.996699 26.9196 13.0743 1.63287
-15.0565 1.43947 0.725818 -27.2945 -13.0716 1.29469 15.4423 1.60033 1.0433 27.501 13.4066 1.66765
-8.30021 -4.41518 -8.71075 -17.6552 -7.81595 -1.8734 8.59695 4.84189 8.83017 17.6639 8.21471 2.10392
-5.02855 -5.49157 -8.84918 -10.3773 -5.14162 -3.98511 5.35885 6.50765 8.89932 10.4511 5.72779 4.55232
-1.77768 -1.93163 0.392133 -4.77994 -3.66626 -1.05682 2.51686 2.42514 1.20582 5.02989 3.98152 1.39248
-0.891024 -0.911731 3.09751 -4.53 -3.84322 -1.1128 1.73703 1.46118 3.49883 4.71665 4.37843 1.49256
-0.677694 2.48623 -13.8407 -4.9489 -2.50739 0.421214 0.980131 3.2224 13.8577 4.99574 3.10717 1.28885
1.22348 -16.5868 -12.3932 -5.77268 -1.60746 -1.02328 3.0897 16.8423 12.4016 5.93639 2.49061 1.54315
0.689803 -19.2577 -23.5837 -6.93995 -0.425449 -21.6044 1.67302 19.6013 23.9772 7.14341 1.90017 21.9582
3.53375 -21.818 -26.762 -0.312124 -2.77977 -30.7874 3.75558 21.8648 27.3419 0.952184 3.26451 30.8531
2.01638 -16.3939 -34.4658 6.2176 0.443259 -29.0907 2.65534 16.4307 35.0054 6.69759 0.768038 29.2195
3.99637 -17.6108 -38.9252 5.98381 3.92905 -25.5483 4.58029 17.6216 39.3841 6.3212 3.99295 25.8007
4.42865 -21.8051 -41.4002 4.56672 5.83431 -21.2173 4.5816 21.8459 41.7298 4.80389 5.8576 21.5884
6.11914 -25.2222 -44.6968 3.65048 5.44771 -18.5346 6.21261 25.5422 45.1369 3.8252 5.53686 18.6712
5.49847 -24.8251 -45.7115 4.24798 5.09616 -19.3466 5.72295 25.5341 46.392 4.49277 5.18422 19.3898
4.26586 -19.7097 -46.6139 4.01374 4.23215 -22.5001 4.32143 20.248 47.3873 4.22773 4.27823 22.6053
3.47402 -14.4884 -47.1809 2.63648 4.0957 -25.8339 3.6149 14.9635 47.9786 2.98184 4.09923 26.1008
2.79892 -11.6733 -44.542 1.65152 4.52061 -27.4817 2.8472 12.2055 45.5272 1.85459 4.72566 27.8274
2.50441 -10.2277 -42.4802 0.872755 3.74815 -26.4369 2.63243 11.1229 43.7895 0.981946 4.01468 26.9296
1.68266 -10.7639 -40.467 0.610691 2.54795 -25.77 2.09732 11.8678 41.8524 1.24952 2.97618 26.386
1.21448 -10.0926 -36.4912 0.576511 1.17408 -25.5562 1.37009 11.0329 37.726 1.78709 1.91566 26.2801
0.732662 -8.91493 -36.7861 0.618001 0.0966169 -23.7383 1.26125 9.98454 38.3842 2.45716 1.38203 24.4724
0.312179 -7.82554 -36.6289 0.820989 -0.588173 -21.2308 1.02082 9.63319 38.1595 2.08442 1.20608 21.8968
-0.322754 -8.26678 -35.1115 0.0872265 -1.26295 -21.0733 1.35461 10.1998 36.7491 1.60874 1.5658 21.705
-1.64999 -6.46321 -34.891 0.243747 -1.83102 -20.7947 2.02212 7.90138 36.6148 1.41148 2.11654 21.4817
-1.63726 -7.25674 -32.3719 0.319614 -2.47124 -20.4925 2.33222 8.93226 33.8689 1.35962 2.57005 21.1368
-0.53542 -5.89179 -32.0034 0.301319 -3.02323 -20.6563 1.72987 6.83503 33.9443 1.23824 3.1381 21.4405
-0.342671 -5.51692 -31.7307 -1.54912 -2.59856 -21.0704 1.44606 6.20312 33.6322 1.86443 2.83091 21.717
-1.49242 -5.87974 -31.5495 -3.25836 -2.49143 -20.6704 1.85324 6.80815 33.5787 3.33516 2.56414 21.2212
-1.6583 -5.44443 -29.5808 -3.06707 -1.81534 -20.1006 1.88461 6.29411 31.3008 3.14047 1.83463 20.6965
-1.86092 -5.55208 -30.2767 -2.26059 -1.18504 -21.0506 2.77137 6.39098 32.0498 2.41186 1.22384 21.7226
-2.50663 -5.72623 -30.9095 -2.1628 -1.39795 -20.4683 3.69104 6.65011 32.688 2.58613 1.8146 21.1388
-1.88679 -5.35285 -30.7877 -1.89175 -0.977803 -19.0718 3.06429 6.2258 32.4853 2.28784 1.37361 19.7666
-1.28647 -6.42901 -32.4308 -1.723 -0.601505 -18.4203 2.02361 7.3133 34.1248 2.02825 0.830458 19.0101
-0.57874 -6.44158 -34.5235 -1.1088 0.0259995 -18.1696 1.70337 7.53857 36.3061 1.48493 0.691949 18.8079
0.182892 -6.53962 -35.4816 -0.453999 0.266616 -18.397 1.9234 7.9031 37.1409 1.08179 0.507513 19.1264
0.693227 -6.28415 -36.5585 -0.314139 0.552878 -18.7701 2.3745 7.64999 38.1814 0.681357 0.71658 19.6003
0.71316 -6.31005 -35.4926 -0.0176301 1.36009 -19.2705 2.55981 7.47197 36.8998 0.501222 1.55803 20.1408
0.87616 -5.933 -37.3462 0.689949 1.62879 -19.6983 2.32552 7.12798 38.9895 0.837807 1.79009 20.9138
-2.29074 -3.83659 -23.6191 -4.24356 -4.53008 -12.2901 3.27003 4.01311 25.1953 4.96013 5.25439 12.7299
-0.497699 -1.75177 -15.3677 -7.6132 -2.58444 -6.57007 1.28345 1.89348 16.3336 9.18436 3.05734 6.6652
2.62165 -0.650289 -7.91712 -2.53565 -0.0164373 -3.31748 2.92617 1.35849 8.74436 2.6427 2.60129 3.50276
0.710253 -1.90528 -6.14864 -0.0750681 0.0929697 -3.08048 0.938435 2.41136 6.87204 1.92917 1.58885 3.48139
0.538964 -2.88539 -5.31687 4.11214 -0.0179039 -4.17003 0.841012 3.10849 5.91152 4.62438 0.101352 4.53325
0.0266443 -3.74074 -3.91889 -14.6432 -21.6314 -5.09748 2.04718 3.85979 4.41988 14.6886 21.653 5.37802
-1.25317 -2.46714 -2.96986 -23.0598 -23.3931 -1.08086 1.67569 2.85349 3.68769 23.0913 24.0044 1.61279
-14.0562 -2.16239 -1.24715 -26.1544 -25.6393 2.35825 14.4523 3.14428 2.08179 26.2966 26.4312 2.55071
-18.311 1.64348 3.13656 -33.7873 -22.6216 5.15365 18.8088 2.66773 3.69877 34.11 23.5771 5.18435
-19.8241 4.50977 5.1754 -32.7508 -24.3085 4.94275 20.8812 4.99232 5.20146 33.0101 25.5224 5.1571
-17.1765 6.07903 5.10371 -33.2521 -26.4291 4.86284 18.4244 6.56188 5.11097 33.4139 27.0144 5.04446
-17.3889 5.50577 3.62321 -33.0857 -25.3202 5.57125 18.9944 6.10534 3.67095 33.2091 26.0223 5.95362
-16.6675 5.84304 3.24335 -33.5599 -24.1467 5.58887 18.3521 6.48972 3.30551 33.6477 24.8784 6.31698
-15.8844 5.60227 3.23177 -33.3559 -23.7617 5.10363 17.3802 6.31642 3.26321 33.4539 24.4411 5.89085
-15.1797 5.04656 2.75245 -31.3955 -22.4705 4.8046 16.3783 5.76046 2.75687 31.5284 23.1401 5.41179
-14.9013 5.19365 1.95827 -31.6376 -20.0869 4.56173 15.8487 5.98286 2.06032 31.7095 20.7966 4.91686
-15.6714 4.48423 1.27299 -29.869 -16.7456 3.3214 16.3271 4.97449 1.50493 29.9526 17.287 3.46216
-15.9573 2.83255 0.54546 -28.8199 -14.759 1.82875 16.4521 3.56429 1.32443 28.8523 15.1822 1.86117
-15.4245 1.82989 -0.0815199 -26.8649 -14.2636 1.07213 15.7986 2.17558 0.748993 26.8884 14.6855 1.15816
-15.0507 1.57306 -0.327103 -26.1857 -13.3272 0.384021 15.4052 1.60732 0.593155 26.2099 13.5819 0.965374
-14.9196 0.486528 0.166359 -25.0943 -12.6476 0.0776567 15.178 0.791258 0.45482 25.0985 12.7909 0.616369
-14.4218 -0.612084 0.309703 -24.0065 -13.0024 -0.765897 14.6372 0.935888 0.472888 24.0166 13.1275 1.05132
-13.7302 -1.8371 0.472145 -23.9027 -12.9557 -1.66785 13.8669 1.85724 0.594114 23.9084 13.047 1.93073
-14.5273 -3.1333 0.0853989 -21.7174 -11.9158 -3.1273 14.6813 3.31134 0.722506 21.7328 11.999 3.47392
-13.6925 -3.45952 -0.936521 -22.1518 -11.7118 -3.24946 13.7667 3.6585 1.13139 22.1689 11.7993 3.50472
-13.8723 -3.60276 -1.82993 -22.6976 -12.0841 -1.18336 14.016 3.62228 1.83081 22.7351 12.1807 1.3724
-13.929 -4.01966 -0.95529 -22.7388 -11.1346 -2.76918 14.0785 4.02367 1.0497 22.7631 11.1932 3.03074
-13.3594 -3.4254 -2.32314 -23.7964 -11.0688 -3.17277 13.4988 3.46917 2.38574 23.8043 11.0999 3.27296
-13.1352 -3.0389 -1.86778 -23.9205 -11.2971 -2.99211 13.2621 3.28077 1.97341 23.9298 11.3652 3.03118
-13.028 -2.7528 -2.50036 -24.4645 -11.6087 -2.62944 13.2411 3.53309 2.86744 24.4654 11.7483 2.76771
-12.5032 -2.15975 -1.85593 -25.2592 -12.5401 -2.7342 12.6745 2.5688 2.23206 25.2669 12.773 2.77595
-11.7991 -1.11063 -1.19736 -25.6651 -12.8588 -1.47262 12.0113 1.12462 1.57299 25.6858 13.0428 1.83322
-11.5895 -0.573046 -0.852767 -26.6145 -13.1609 -0.363537 11.8953 0.588339 1.25983 26.6236 13.285 1.33236
-12.182 -0.119075 -0.361748 -26.9577 -13.3253 0.203967 12.5697 0.618321 1.06138 26.971 13.4687 1.02452
-12.0756 0.166684 0.203945 -27.6602 -14.1316 0.7409 12.4588 0.834729 0.852476 27.6764 14.3061 1.2455
-11.7549 0.971287 0.475537 -27.9855 -14.8515 0.899941 12.0656 1.23326 1.04342 27.9998 15.0765 1.28077
-12.0329 1.34703 0.89072 -27.9618 -15.0712 1.36593 12.4186 1.56409 1.35041 27.9931 15.4112 1.58621
-6.78695 -2.17812 -8.71918 -17.3939 -9.43989 -2.67274 7.04651 2.3781 8.91489 17.399 9.85345 2.94456
-3.25013 -3.81821 -7.50612 -9.35492 -5.66211 -4.85051 3.56399 4.37997 7.67261 9.48907 6.20505 5.54172
-1.26689 -0.459525 1.09885 -5.47784 -4.28448 -1.29793 1.84702 0.820881 1.9326 5.75665 4.59727 2.03436
-0.0414839 0.0841844 2.68459 -5.03665 -3.20055 -1.43961 1.60862 1.38206 3.04992 5.19331 3.45953 1.88256
-0.906364 2.94308 3.5896 -4.99883 -3.00313 -0.463922 1.14168 3.31959 3.97175 5.17194 3.43021 1.33034
0.0183725 2.59091 -15.7256 -4.57394 -3.81144 -18.1087 1.03956 3.28218 16.3589 4.88828 4.33063 18.5553
0.190574 -13.1034 -25.712 -6.27976 -4.85824 -25.1724 2.7397 13.2959 26.5628 6.63501 4.92863 25.3963
0.345037 -16.184 -32.156 -0.579795 1.19833 -29.5396 2.0115 16.196 33.192 1.46357 1.22726 29.6514
2.89677 -19.6263 -32.4376 4.94088 1.36646 -29.8847 3.94426 19.6662 33.7272 6.29305 1.86359 30.0327
4.13581 -17.0941 -38.248 6.79308 3.7716 -23.9072 4.27223 17.0958 39.4505 7.24771 3.84814 24.0389
4.24579 -18.6552 -39.7371 5.34808 5.07376 -22.204 4.2508 18.6623 40.6523 6.23676 5.07597 22.4011
5.088 -19.0424 -44.85 4.05562 6.04659 -19.9806 5.15725 19.0622 45.7423 4.27488 6.08596 20.007
5.03972 -20.2312 -46.9181 3.65648 5.01433 -19.6166 5.21036 20.4443 47.7802 3.79558 5.05396 19.6572
4.4799 -16.5602 -48.6709 3.36138 4.7647 -20.9538 4.66193 16.724 49.5847 3.52494 4.81754 21.0405
4.04398 -12.9767 -46.91 2.95815 4.42015 -23.7897 4.05037 13.1189 47.9602 3.15384 4.51324 24.0304
2.96023 -10.6297 -43.6708 2.05786 4.12691 -25.2326 3.03588 10.8186 44.8957 2.07475 4.15859 25.6127
1.90886 -8.91226 -41.1418 1.22945 3.20076 -25.7433 2.09017 9.30561 42.6582 1.25274 3.21379 26.3263
0.887207 -8.3592 -39.8216 0.806056 2.36127 -25.1885 1.28243 9.0116 41.6262 0.93228 2.39492 25.9585
0.432955 -7.70156 -36.5455 0.767923 1.47107 -24.2828 1.3553 8.51938 38.2599 0.921408 1.5334 25.2482
0.202414 -7.93035 -34.4782 0.669083 0.616471 -23.3998 0.991794 8.88999 36.2095 1.58372 1.83839 24.2013
0.481022 -8.36414 -34.7171 0.435203 -0.491389 -21.5258 0.847044 9.28469 36.6196 1.63886 0.817653 22.3108
0.430862 -7.95744 -34.0079 0.761231 -1.96084 -20.3844 1.10268 9.15812 35.9207 1.759 2.04371 21.1115
-0.505915 -6.71757 -33.7852 1.24773 -2.63619 -19.4863 1.56103 8.45286 35.7778 1.87942 2.75363 20.1801
-2.00832 -5.59524 -32.2669 0.014874 -2.92953 -18.7511 2.79919 7.333 33.9142 1.37347 3.13584 19.5646
-1.86792 -5.37857 -33.7563 -1.24578 -3.07102 -18.4194 2.41394 7.08021 35.5903 1.73454 3.10474 19.1781
-0.522884 -5.29205 -32.7024 -1.63934 -2.01451 -18.613 1.01244 6.84377 34.5252 2.16314 2.05515 19.2634
-1.78691 -4.7613 -33.167 -3.14223 -2.60486 -19.4906 1.8898 6.02646 35.2151 3.22712 2.61098 20.1335
-2.75841 -4.65933 -31.4329 -2.8424 -2.52427 -19.3218 2.80268 5.82347 33.2247 2.98668 2.56539 19.9532
-2.39242 -5.35064 -30.8653 -2.28469 -1.51925 -18.3436 2.52976 6.47645 32.5549 2.36836 1.72728 18.8157
-2.10725 -5.50266 -32.1917 -2.34777 -1.6645 -18.0935 2.1988 6.68231 33.9251 2.45764 1.71808 18.5661
-1.60563 -5.79147 -31.9945 -1.86665 -1.02481 -18.1377 2.10705 6.93858 33.7148 2.11597 1.20639 18.6052
-1.21429 -6.19555 -33.2766 -1.60833 -0.398209 -17.724 2.50502 7.40384 35.0194 1.9112 0.808057 18.2384
-0.483183 -6.20053 -34.8256 -1.50894 0.0355135 -17.3944 2.47706 7.44067 36.6654 1.68598 1.02559 17.9429
-0.31302 -6.05173 -34.723 -0.527438 0.943266 -18.2462 2.30836 7.18366 36.4363 0.960595 1.71503 18.8457
0.101201 -5.84022 -34.3246 0.497554 0.933128 -18.9536 2.23117 6.837 35.9633 0.777783 1.53732 19.5513
0.391418 -6.12693 -33.7033 0.956139 0.829639 -19.5742 2.37752 7.04693 35.21 1.10418 1.32672 20.0783
0.851742 -6.27972 -36.8377 1.21137 1.25895 -19.5617 2.52335 7.49021 38.5842 1.33365 1.68875 20.251
-2.29761 -3.15746 -20.0712 -6.03236 -4.37481 -9.56821 3.04595 3.19204 21.5204 6.68455 4.66586 9.63595
-0.807339 -1.44719 -11.4167 -5.83164 -2.22185 -4.42644 1.7271 2.14686 12.2747 7.1074 2.71649 4.50238
2.42039 -1.63623 -7.08674 -2.35641 1.41021 -3.05576 2.83119 2.42102 7.70183 2.70117 3.25971 3.35754
0.810298 -1.32404 -6.07804 1.64574 0.301082 -2.70711 0.897414 1.82588 6.50274 3.01689 0.990369 3.05021
0.0754134 -3.39351 -5.30284 4.70584 -0.223175 -4.42778 1.30981 3.48633 5.45636 5.18323 0.94978 4.6304
0.58906 -2.66081 -4.20794 -16.2686 -14.6869 -5.4141 1.64832 2.89777 4.79056 16.4502 14.9383 5.8736
-1.84291 -1.40569 -3.14283 -20.9386 -23.6971 -1.26208 2.65281 2.67526 3.59504 20.9404 24.517 1.74441
-17.4276 -1.86629 -0.616839 -24.0051 -24.2142 3.01129 17.8221 2.4624 1.54068 24.1804 25.4175 3.63029
-21.2059 4.25905 4.17005 -28.0142 -24.444 4.27371 21.9903 4.93393 4.53917 28.1981 25.9393 4.29124
-17.364 4.23521 5.49584 -31.8303 -24.5894 4.94919 18.6937 4.40707 5.52335 32.0512 26.1872 5.19155
-15.8565 5.55929 4.80265 -31.2041 -24.8722 6.3008 17.6968 6.22858 4.8512 31.3015 26.3655 6.65477
-15.0704 4.47749 3.36256 -31.3982 -25.7994 6.10832 17.1596 5.15858 3.38513 31.5698 27.3027 6.74934
-14.7067 5.30014 3.22961 -32.7383 -23.5403 6.10381 16.6227 6.19377 3.25839 32.9091 24.9412 6.76449
-15.2911 4.80997 2.73738 -31.5158 -23.2158 5.74452 16.9735 5.60051 2.75458 31.6671 24.4578 6.44357
-15.5844 4.63747 2.58149 -30.0494 -21.0034 5.54263 16.8581 5.39222 2.59434 30.1351 22.1671 6.20852
-16.6567 4.39716 1.89896 -28.8766 -17.8236 4.42726 17.6076 5.1742 1.97831 28.9599 18.7426 4.73655
-17.2854 3.09148 1.47244 -26.6569 -15.8165 2.77189 18.1158 3.76022 1.6635 26.7135 16.532 2.93264
-16.5788 2.76323 0.899428 -24.7952 -15.4306 1.41876 17.1997 2.97449 1.03727 24.8206 16.0016 1.50807
-15.1857 1.5676 0.44176 -23.6053 -15.3892 0.608657 15.7544 1.61115 0.838655 23.6399 15.9035 1.22372
-14.3628 0.493858 0.0794872 -22.8033 -14.1396 -0.0104966 14.8413 0.521759 0.942101 22.8225 14.4726 1.14357
-13.5564 -0.831131 0.235561 -22.0318 -13.973 -0.743183 13.9964 0.857269 0.832508 22.0537 14.3068 1.5332
-13.19 -1.59846 0.0158879 -23.062 -14.0188 -1.23098 13.6075 1.7041 0.805826 23.0865 14.3256 2.04173
-13.1478 -1.81993 0.146611 -21.4483 -12.4457 -1.89898 13.4774 2.08515 0.34649 21.4694 12.6566 2.56145
-13.5365 -2.50981 -1.27181 -22.435 -11.3319 -3.10888 13.8069 2.77261 1.38076 22.4447 11.5387 3.37243
-13.9767 -2.48228 -1.75369 -21.6537 -11.4096 -3.05817 14.188 2.61506 1.88333 21.6547 11.6805 3.25035
-14.3108 -2.95197 -0.375258 -21.8057 -10.2277 -1.77937 14.6026 3.12386 0.74021 21.8086 10.3699 2.09176
-14.0397 -3.3953 -1.56291 -22.6511 -10.3601 -2.95761 14.272 3.40146 1.73034 22.6681 10.5011 3.20296
-13.8249 -3.38852 -1.64706 -21.9476 -10.7139 -3.16332 14.0955 3.43709 1.71023 21.9703 10.9069 3.22725
-13.236 -2.83501 -2.09628 -22.263 -11.851 -2.79173 13.4783 3.64699 2.30128 22.267 12.1322 2.87021
-12.8182 -2.49194 -2.37191 -22.8612 -11.7805 -2.72494 13.043 3.48033 2.72787 22.8683 12.1091 2.87053
-12.0729 -2.14038 -2.18567 -23.8541 -11.4515 -2.23692 12.4087 2.41655 2.40233 23.8653 11.7825 2.44124
-11.5732 -1.87197 -0.944234 -24.68 -12.4406 -1.0092 11.9049 2.14626 1.44782 24.6941 12.7871 1.50965
-11.84 -0.995528 -0.072144 -25.0363 -13.3505 -0.0520987 12.2419 1.32994 1.10599 25.0495 13.7042 0.952102
-12.2008 -0.537094 0.327303 -25.6564 -13.3374 0.561308 12.6849 0.964681 1.17193 25.6796 13.7031 1.04762
-12.002 0.270611 0.595722 -26.6108 -13.7102 0.980864 12.4341 0.867754 1.07249 26.6438 14.097 1.38331
-12.0424 1.14512 0.662403 -26.9008 -14.8428 1.3494 12.418 1.42573 1.17798 26.9431 15.3357 1.50333
-11.9691 1.77714 0.787703 -25.6962 -15.5274 1.57548 12.4516 2.0228 1.15272 25.774 16.1556 1.69293
-5.13243 -3.17344 -10.8599 -14.0372 -7.7295 -4.00314 5.42484 3.67899 10.8769 14.0688 8.3975 4.6722
-2.09406 -1.4401 -3.20043 -7.31347 -4.62584 -3.62917 2.54193 2.09004 3.75337 7.55112 5.04605 4.31726
-0.582269 -0.49138 2.74837 -5.22425 -4.01557 -1.46268 1.43517 1.29719 3.51093 5.52848 4.33759 1.70168
-0.52938 1.93227 3.29294 -5.34225 -3.57076 -1.53348 1.50146 2.50318 3.30962 5.4568 4.01985 1.85252
-0.365183 2.89233 -2.8888 -4.81387 -3.39052 1.00538 0.879695 3.46643 4.36559 4.92349 3.87853 1.52103
0.183127 2.78268 -15.6028 -4.86384 -2.89729 -24.0895 1.97341 3.42274 16.6237 5.07646 3.8231 24.5955
0.61515 -10.5935 -28.8942 -3.12484 -2.46045 -25.4413 2.50958 10.6857 30.0461 3.54982 2.85012 25.7403
0.656181 -16.7754 -30.1333 -0.762731 1.08544 -29.9803 2.63526 16.7881 31.7876 2.81167 1.09064 30.2705
2.92244 -19.0897 -34.4739 3.72233 1.46849 -26.1552 3.417 19.1407 36.0771 6.2204 1.91035 26.3055
3.17935 -17.9319 -39.5814 5.99185 3.72976 -22.4715 3.45771 17.9707 40.9586 6.96196 3.76644 22.624
4.6093 -17.5338 -40.3128 5.05129 4.81314 -19.6283 4.63159 17.577 41.2737 5.69046 4.82738 19.7996
4.30693 -18.672 -46.6928 4.24109 5.55239 -19.3115 4.64113 18.8867 47.6114 4.53912 5.62866 19.3812
5.20621 -17.8517 -48.2035 3.62585 4.17064 -18.4434 5.25176 18.1068 49.2579 3.7842 4.20699 18.5553
5.04429 -14.115 -50.1136 2.87011 4.6709 -19.6341 5.14354 14.3378 51.2443 3.12394 4.75299 19.9221
3.84843 -10.331 -48.5029 2.45113 5.35873 -23.1117 3.9713 10.5759 49.9202 2.6498 5.41386 23.7218
2.9567 -8.28944 -46.3615 1.78735 4.62903 -25.3267 2.98976 8.5935 48.1854 1.95932 4.63814 26.2163
2.10185 -7.3805 -42.7402 1.10524 3.4537 -25.9858 2.27399 7.93312 44.745 1.23127 3.5121 27.1065
1.51526 -6.89188 -37.2657 1.04084 2.25504 -25.4943 1.97745 7.55847 39.1836 1.16264 2.4266 26.6102
0.813641 -6.31069 -37.121 1.22714 0.999297 -25.6833 1.61269 7.17906 39.4401 1.26181 1.13527 26.7047
0.035459 -6.7489 -35.5142 1.28273 0.254011 -23.1132 1.51626 7.70526 37.8034 1.28293 0.830365 24.3117
-0.5112 -7.29444 -34.8973 0.325978 -0.536231 -19.7154 1.39054 8.44229 37.1292 0.512613 1.05057 20.6087
-0.77655 -7.04038 -34.7915 0.169539 -2.07442 -18.8756 1.19546 8.72054 37.2027 1.45643 2.51723 19.773
-0.376844 -6.09621 -33.6102 0.711613 -3.45728 -17.14 1.91247 7.77264 35.7309 2.05661 3.63716 18.1011
-0.936506 -5.63751 -34.5844 -1.74316 -3.32434 -17.7124 2.04624 7.79841 36.7647 2.35261 3.43773 18.5537
-1.35022 -4.13368 -35.2732 -2.03245 -2.79415 -18.3746 1.62357 5.54862 37.5876 2.23359 2.86261 19.1638
-0.302769 -3.53623 -34.3779 -2.11678 -2.49369 -19.1268 0.781945 4.23983 36.7039 2.28274 2.58563 19.8051
-1.61811 -2.93875 -32.2893 -3.00867 -1.91494 -18.93 1.79459 4.01703 34.4593 3.09213 1.96079 19.8297
-2.55002 -2.15457 -33.4643 -2.64505 -1.84291 -19.7159 2.70943 2.79239 35.992 2.7427 1.90235 20.7835
-2.30665 -2.70581 -32.25 -2.56171 -1.60414 -19.1786 2.49291 3.08892 34.6557 2.76891 1.6057 19.9663
-2.30347 -3.00643 -33.7808 -2.15725 -1.85332 -18.2553 2.40468 4.02594 36.4417 2.62645 2.00981 18.9521
-1.17663 -3.39053 -34.392 -1.91132 -1.45675 -18.7544 1.46634 4.2814 37.1044 2.25473 1.69522 19.5518
-0.282481 -3.95185 -34.0226 -0.866455 -0.249028 -18.6368 2.16629 4.96426 36.5575 1.30252 0.792113 19.4212
0.104489 -4.71901 -34.0791 -0.380991 0.474019 -17.9355 3.05746 5.72439 36.4925 1.0215 1.12559 18.7652
0.184683 -4.64912 -36.2348 -0.469039 1.25876 -17.9021 2.58234 5.66814 38.7947 0.857188 1.85309 18.7324
0.839477 -4.21381 -36.9597 -0.048702 1.01523 -18.7703 2.73034 5.18395 39.4829 0.584181 1.54032 19.6253
1.08646 -4.54532 -36.4655 0.684652 1.23861 -19.0376 2.60596 5.57267 38.8118 0.970976 1.65291 19.8963
-2.15282 -3.81014 -26.703 -1.26089 -3.40179 -14.3782 3.61105 4.17465 28.5142 1.61315 5.24007 15.0155
-1.77283 -1.93873 -19.2433 -5.29588 -3.92477 -9.5622 2.62166 2.02216 20.9682 6.39191 4.24579 9.62888
0.66079 -0.486301 -10.3733 -5.12506 -1.00192 -3.74157 1.91999 1.58954 11.8782 5.47222 1.60828 3.81291
2.18217 -1.24203 -6.93649 -2.7896 1.98694 -2.88268 2.62144 2.20927 7.84897 3.3501 3.59656 2.92345
0.879169 -1.92288 -5.87381 2.14288 -0.522835 -3.05641 0.905621 2.15487 6.3491 2.96503 0.858637 3.27929
-0.00659234 -2.97389 -4.55271 4.01959 -12.0221 -4.45048 1.04347 3.51937 4.88205 4.41231 12.0748 4.60786
1.17403 -2.73435 -2.64346 -17.8815 -15.2119 -6.51337 1.9091 3.15899 3.56578 17.9659 15.4454 6.5827
-8.14969 -3.24616 -1.26112 -23.2155 -24.7788 0.507247 9.02318 3.48379 2.616 23.2998 25.4766 1.57972
-14.9628 -1.01677 0.863893 -30.7679 -22.2189 2.00396 15.6112 1.85778 1.8626 30.9018 23.2263 2.36492
-18.1659 3.94095 3.61556 -31.6391 -23.8011 5.73354 18.997 4.52899 3.87412 31.9139 25.3378 5.85571
-16.7507 6.28774 4.89565 -31.3954 -26.8036 4.96718 18.0252 6.7553 4.898 31.5267 27.9811 5.61754
-16.8923 5.43366 4.36633 -29.882 -24.7737 5.61723 18.3795 6.60592 4.39353 29.9798 25.6865 6.10782
-18.3646 5.17441 3.53641 -30.8456 -25.5829 5.84233 20.09 6.15195 3.54271 31.1096 26.8267 6.88982
-17.0255 5.93856 3.51252 -31.4916 -23.6655 5.23658 18.5817 6.9849 3.51636 31.7532 24.7492 5.95016
-16.6904 5.7897 3.17421 -30.1554 -23.4132 4.99398 18.166 6.65818 3.18201 30.4961 24.6953 5.51702
-15.8719 5.59344 2.86007 -29.3387 -21.7515 4.29992 17.1781 6.39547 2.87812 29.6455 23.0352 4.73032
-15.2126 4.76997 1.46083 -28.2137 -18.7003 3.75917 16.1921 5.29681 1.60891 28.4418 19.7782 4.04787
-15.6571 2.75396 0.815835 -26.5146 -18.0798 2.96068 16.5762 3.14619 1.04376 26.746 18.9436 3.17215
-15.1152 1.92675 0.445382 -26.6393 -17.1271 2.31449 15.9441 2.22211 1.38478 26.7883 17.9042 2.47089
-14.9625 1.96374 0.244097 -24.6641 -15.6513 1.00306 15.7006 1.99137 1.1131 24.8051 16.2572 1.2269
-14.6106 0.597876 0.0472158 -23.663 -14.2145 0.363994 15.2082 1.1814 0.753388 23.7856 14.6658 0.826638
-14.3281 0.373207 0.0571569 -23.3926 -14.4484 -0.573957 14.7661 1.72397 0.496656 23.5211 14.8464 1.17023
-13.5211 -0.312595 0.153249 -21.5236 -14.7365 -2.12707 13.8623 1.7121 0.402655 21.5804 15.115 2.34798
-13.842 -1.69035 0.204083 -20.1626 -14.0178 -2.77784 14.2125 2.40289 0.688323 20.2262 14.2577 3.14401
-12.8039 -3.33073 -1.05088 -20.3186 -14.0274 -3.61634 13.1363 3.55429 1.85486 20.3567 14.2356 3.71541
-12.5733 -2.45198 -1.7629 -19.7148 -14.4894 -3.71274 12.9492 2.75742 2.0286 19.7557 14.753 3.86203
-12.9539 -3.42156 -1.1098 -21.6336 -12.5477 -1.66571 13.3243 3.88396 1.11606 21.6837 12.7314 1.77583
-12.2164 -3.39803 -2.13504 -21.4659 -12.191 -3.14915 12.5006 4.08643 2.27021 21.5319 12.4376 3.23619
-12.3766 -2.80394 -1.46832 -21.559 -12.7457 -3.43133 12.7313 3.05167 1.48223 21.6172 13.0638 3.44088
-11.3171 -2.65292 -2.30964 -22.4945 -13.3643 -3.21016 11.7687 2.8357 3.35013 22.5374 13.6029 3.43377
-10.7438 -2.97933 -2.63703 -23.4617 -13.3457 -1.98026 11.2945 3.05395 2.85599 23.5159 13.5594 2.70491
-10.5498 -2.78047 -1.63058 -23.305 -14.0275 -1.51604 11.0683 2.85037 2.35122 23.3689 14.3177 2.12882
-10.5912 -1.12844 -0.652684 -24.11 -14.0599 -0.44541 10.9869 1.75101 1.18132 24.2092 14.3976 0.733408
-11.0227 -0.0586109 0.0139057 -24.656 -14.5221 0.0737286 11.3698 0.866643 1.00373 24.7814 15.0205 0.454503
-10.6549 0.582737 0.361407 -25.6495 -15.6327 0.280613 10.9732 1.17171 1.03718 25.8292 16.1835 0.64945
-10.5085 1.03909 0.599347 -26.0643 -15.7408 0.951788 10.8884 1.34994 1.01435 26.1979 16.1976 1.22372
-10.7411 1.60802 0.887495 -25.9362 -16.3964 1.30263 11.3712 1.67699 1.41036 26.0781 16.8668 1.49854
-6.01664 -0.158243 -8.07726 -18.2061 -9.9638 -1.90053 6.44178 1.77729 8.59601 18.2505 10.2273 2.09633
-3.54114 -3.96676 -8.66233 -10.4384 -6.36433 -5.90415 4.00925 4.75418 8.76496 10.6504 6.8774 6.55135
-1.67849 -0.236196 0.190195 -5.32447 -4.3576 -2.81353 2.2823 0.688126 2.1152 5.66867 4.59923 3.11776
-0.480232 0.577282 3.22711 -4.67915 -3.14894 -1.88695 1.4464 2.09266 3.87533 4.9272 3.29381 2.20437
-1.67891 3.21119 3.05188 -5.48559 -2.67945 -0.261854 1.87035 3.66468 3.24828 5.6099 2.92 0.832667
-0.633746 4.18501 -3.75034 -4.9757 -3.48003 1.24092 1.00244 5.15882 6.13653 5.11244 3.91648 1.33224
0.353601 2.59466 -17.9017 -6.75098 -3.66994 -25.0318 1.87802 3.46111 18.9052 7.00354 4.15519 25.2128
0.699025 -11.6088 -30.4337 -3.00216 -1.04131 -26.0833 1.93889 11.7993 31.7904 3.48028 1.52411 26.2572
0.378416 -15.5037 -34.2583 1.10597 -0.0234808 -29.0857 1.90475 15.536 36.1526 4.36531 0.775587 29.1853
3.85479 -18.076 -36.6347 5.48711 1.54225 -25.996 4.28483 18.129 38.4064 7.37709 1.85953 26.0578
3.98191 -18.1838 -39.6325 6.26434 3.62859 -22.7362 4.02882 18.243 40.9159 6.77928 3.66451 22.7908
4.67159 -18.2027 -44.8815 4.7413 5.35456 -19.6467 4.69447 18.2907 46.024 5.23761 5.36381 19.6791
4.8187 -17.6261 -47.9072 4.06522 5.42575 -18.8369 5.08555 17.8879 49.1008 4.28195 5.44941 18.8812
4.8076 -16.6055 -48.82 3.54845 4.12812 -17.9918 4.87152 16.8938 49.888 3.67037 4.18551 18.2112
4.04896 -12.6043 -50.1231 3.23885 4.43806 -20.7515 4.09948 12.8025 51.5443 3.40659 4.49594 21.136
3.16342 -9.7658 -47.986 2.57015 4.67707 -23.2338 3.18497 9.98598 49.5981 2.73175 4.69689 23.9321
2.66054 -8.47913 -44.8883 1.81835 3.91191 -24.462 2.72937 8.73661 46.6898 1.83169 3.91212 25.43
1.66417 -7.78419 -40.3332 0.805924 2.78445 -25.4072 2.0376 8.04469 42.0389 0.996463 2.84027 26.4386
0.816434 -7.54666 -39.1928 0.463539 2.0598 -25.0677 1.81705 7.93162 41.2553 0.517796 2.21226 26.111
0.386238 -7.73567 -36.8185 0.68972 1.33104 -24.3192 1.62802 8.28052 39.0096 0.736463 1.4343 25.2166
0.350304 -7.87029 -36.0861 1.31784 0.297957 -21.6182 1.11938 8.73076 38.4729 1.77853 0.946257 22.3858
0.501184 -7.9067 -34.9261 0.487586 -1.18103 -20.6159 0.801986 9.06358 37.1675 1.61518 1.57168 21.4295
-0.00445427 -6.22518 -32.8284 0.0275693 -2.78721 -20.1498 1.90366 8.03449 35.1046 1.84666 3.14677 20.8012
-2.08074 -5.57679 -33.2854 0.553355 -3.5911 -20.3585 2.46822 7.71245 35.4744 1.44651 3.77802 21.0091
-1.75748 -5.14977 -34.131 -2.10458 -3.23232 -19.109 2.39486 7.47744 36.3785 2.45818 3.25071 19.8438
-0.0819347 -4.5677 -33.5941 -2.02643 -2.06112 -18.8555 0.524195 6.57687 35.8536 2.17804 2.09534 19.5406
-1.14978 -4.12851 -32.8244 -3.03425 -2.07239 -19.3251 1.33401 5.91969 35.0143 3.1268 2.08505 20.174
-1.81862 -2.59675 -32.9838 -2.63634 -1.99618 -20.0413 1.91285 3.42123 35.2419 2.70015 2.02075 20.7012
-2.29795 -3.41444 -32.6705 -2.65285 -1.57922 -19.5378 2.31984 4.63979 34.8836 2.78466 1.64293 20.0496
-2.65807 -3.32914 -32.9366 -2.7315 -1.30034 -20.3038 2.76389 4.52403 35.4183 2.84348 1.36382 20.9279
-1.82497 -4.20784 -30.1868 -1.99788 -1.29414 -20.3213 1.978 5.18763 32.3822 2.34423 1.40966 20.9098
-0.947315 -4.55529 -32.2125 -2.05463 -0.912547 -19.4495 1.65429 5.50252 34.7175 2.33245 1.36628 19.9733
-0.28848 -5.53277 -32.2332 -1.24055 0.0879167 -18.683 3.85144 6.51349 34.6387 1.55351 1.12575 19.246
0.0140396 -5.40573 -33.3701 -0.234224 0.629822 -19.4963 3.27882 6.45645 35.7867 1.05324 0.852699 20.2243
0.306641 -5.36617 -34.1247 0.357743 1.29695 -19.6105 2.49421 6.42187 36.4023 0.862679 1.57518 20.2682
0.929444 -5.14091 -35.0994 0.513238 1.19672 -19.5706 2.82396 6.12302 37.3458 0.896073 1.39856 20.1899
1.36873 -4.99571 -36.4094 0.436442 1.7096 -19.1029 2.78827 6.09519 38.8575 0.67215 1.97245 19.885
-2.69458 -3.46062 -22.3365 -3.19389 -4.1738 -12.9852 4.13339 3.67382 23.8408 3.92726 5.12106 13.3259
-0.834688 -2.04732 -16.4548 -6.68189 -3.12138 -8.64333 2.77108 2.05284 17.842 8.68511 3.38354 8.69349
2.29498 -0.609766 -8.87119 -3.84904 -0.163454 -0.442993 3.23945 1.73073 10.1365 4.08114 2.55779 0.661007
1.45435 -2.7832 -6.49678 -1.9397 0.821911 0.34708 1.74029 3.02949 7.45763 2.40266 2.29633 1.27949
0.898956 -2.81414 -4.61321 3.10365 -9.75038 1.59969 1.21028 2.88476 5.25844 3.51961 9.95007 1.64365
1.27233 -4.80443 -2.12647 0.0383984 -16.7944 1.69025 2.15176 4.9504 3.02612 1.12955 16.9143 2.6964
2.20197 -8.05279 -0.202602 -1.3003 -20.3419 1.92353 2.84043 8.23759 2.34418 1.52927 21.1971 2.28477
2.19955 -7.87362 2.22927 -10.3602 -24.8805 1.86718 2.4448 7.88875 2.66742 12.1775 26.7673 2.26432
-5.81206 -3.89042 2.25943 -33.1926 -26.3355 3.90788 5.85578 5.39917 2.54744 33.9866 28.9837 5.02991
-11.7985 0.700784 3.14903 -39.7444 -28.2924 6.35984 12.1122 3.01415 3.28069 40.1579 30.2365 6.7847
-16.4216 4.97573 3.61164 -37.6305 -27.9925 6.5669 17.3451 6.15057 3.71147 38.1168 29.9286 7.07941
-19.496 6.17117 4.08142 -37.6751 -29.331 5.50345 20.1874 7.49338 4.16928 37.9806 30.4804 6.05103
-21.3005 5.96118 4.59997 -37.5609 -28.0081 4.53482 22.3493 7.42091 4.61869 37.7956 28.9122 4.98289
-20.1635 4.67946 4.39748 -34.6982 -26.8381 4.31209 21.5586 5.64847 4.50953 35.025 27.943 4.79092
-17.6825 4.03807 3.10177 -33.6088 -25.7179 3.82378 19.0484 4.94956 3.19631 33.9008 26.5992 4.38058
-14.1637 4.07818 2.34998 -33.1776 -25.7741 3.57775 15.1847 4.94535 2.35577 33.545 26.569 4.39175
-12.2999 4.17598 0.959182 -32.3214 -23.8923 3.89172 12.9749 4.83633 1.40286 32.7323 25.0011 4.18296
-12.3241 3.32843 0.526183 -32.0638 -21.6907 4.07883 12.7253 3.45081 1.75057 32.3923 23.1445 4.33089
-12.2134 1.94734 0.189085 -32.3038 -17.9395 3.05007 12.4003 2.0457 1.6636 32.5264 18.9048 3.55517
-13.3365 0.557953 -0.123468 -30.9341 -15.6144 1.05798 13.4957 0.794268 1.51665 31.1987 16.5479 2.86929
-14.1574 1.20744 -0.385899 -29.3531 -14.4949 0.553446 14.2401 1.64499 1.31433 29.7201 15.3682 3.26494
-14.6081 0.0476422 0.0871865 -27.316 -12.7121 -0.556955 14.6684 1.86825 0.626784 27.6693 13.2204 2.84563
-14.9213 -0.426852 -0.221046 -26.2622 -12.5463 -2.39507 14.9675 1.64999 1.03844 26.5134 12.8683 3.41449
-15.2216 -0.758541 0.207525 -24.6145 -13.2455 -3.42558 15.3027 0.87766 0.527917 24.7473 13.4624 3.74236
-14.6181 -2.03803 -0.0177548 -22.9224 -13.0108 -3.91599 14.7221 2.97281 1.74809 22.9525 13.1079 4.40117
-13.9192 -3.7273 0.56384 -21.5676 -13.5006 -3.93459 14.11 3.78684 2.04879 21.5956 13.5419 4.47003
-12.4531 -4.84055 -0.771845 -21.1929 -13.7436 -1.70112 12.652 5.12613 1.62555 21.2077 13.7926 2.89096
-12.0916 -4.7665 -1.55851 -21.6661 -13.1136 -3.30637 12.3739 4.79987 1.66196 21.7085 13.2235 3.73927
-11.0017 -3.44241 -1.90249 -22.1148 -12.3689 -2.69813 11.288 3.94568 2.08708 22.1798 12.5118 2.71681
-10.942 -2.95416 -1.6152 -23.3773 -11.8301 -2.48798 11.2834 3.6822 2.26609 23.4321 12.1205 2.79814
-10.4325 -2.27796 -1.97505 -24.1363 -12.6844 -2.30278 10.7272 2.77847 2.22263 24.2047 13.1393 2.49208
-10.3895 -2.47999 -1.61784 -24.0388 -12.0826 -1.63044 10.6836 2.60561 2.50159 24.113 12.3783 2.00577
-11.3703 -0.859776 -0.600825 -25.3361 -12.6888 -0.278883 11.8023 0.97285 1.4973 25.4023 13.0248 1.40888
-11.5367 0.227836 -0.260705 -26.0438 -12.9183 0.404964 11.9762 0.546056 0.992611 26.1042 13.2682 0.849582
-11.9913 0.850084 0.206584 -26.3273 -13.1484 0.736146 12.4076 1.11283 0.890762 26.4006 13.4488 0.999108
-11.8689 1.17563 0.553797 -26.6274 -14.1485 0.661549 12.2203 1.35913 0.762679 26.697 14.5067 0.930652
-12.581 1.3199 0.913502 -25.4924 -14.8989 0.917266 13.014 1.46801 1.17822 25.6029 15.4276 1.04057
-7.04514 -1.65806 -7.42427 -17.1496 -9.62467 -2.2196 7.27784 1.8848 7.7593 17.1715 10.1562 2.60354
-3.89646 -4.26188 -8.5434 -10.7742 -5.77409 -5.70482 4.11591 4.97701 8.66544 10.8307 6.36138 6.54922
-1.3534 -1.3352 0.45031 -5.45156 -2.88956 -1.9912 1.72171 1.9298 1.85298 5.59408 3.01058 2.78697
-1.5277 -1.17911 3.40871 -4.39111 -2.36826 -1.73748 1.89043 1.60047 3.9412 4.50014 2.49375 2.48524
-0.91176 1.76238 -4.91679 -4.93696 -1.57452 -0.331833 1.09559 2.12785 5.2115 5.00343 1.76857 1.17974
1.09823 0.885688 -8.37544 -5.26142 -0.663617 -0.0857143 1.64474 1.73302 8.59746 5.37722 1.00161 1.7577
2.36079 -3.06429 -13.51 -7.39137 -0.0125064 -25.6382 2.55694 3.12218 13.6608 7.39521 1.48003 25.8698
2.19738 -12.2774 -20.9588 -4.74479 -0.554812 -29.4206 2.34231 12.4418 21.365 5.08661 1.44848 29.6722
1.94532 -18.0683 -25.4959 2.71451 1.19342 -32.1922 2.37684 18.1072 26.0428 5.48347 1.34741 32.3547
2.30862 -19.2649 -33.7346 4.88205 1.16261 -27.1734 2.4846 19.3156 34.2024 6.77934 1.44774 27.5517
4.17052 -21.2969 -40.0647 5.95775 3.90736 -22.4628 4.23131 21.4863 40.6926 6.61628 3.91269 23.006
5.09944 -21.6919 -45.6486 3.97572 5.17243 -21.2861 5.10797 22.1341 46.1475 4.62163 5.19244 21.8767
5.47949 -22.6933 -47.8067 3.04149 5.01349 -20.0307 5.60343 23.2161 48.8557 3.31965 5.09033 20.2636
5.72142 -19.4074 -47.0623 3.45221 4.33674 -21.0728 5.89238 19.8512 47.9788 3.67806 4.39797 21.1889
4.93274 -13.385 -48.5037 3.23538 4.34801 -24.1307 5.06351 13.6358 49.7133 3.51795 4.39306 24.3201
4.22726 -9.01682 -49.9438 2.69929 4.70641 -26.412 4.26163 9.31865 51.2139 2.8996 4.84621 26.9469
3.24786 -7.53804 -48.5629 2.12147 4.60379 -28.5481 3.2806 8.01573 50.0328 2.18583 4.64729 29.3509
2.28206 -8.04189 -44.739 1.2228 3.54513 -27.8888 2.47042 8.80858 46.4494 1.23626 3.5592 28.868
1.17768 -8.54241 -38.8375 0.628153 2.18678 -27.5994 1.80538 9.45365 40.5169 0.696224 2.42123 28.734
0.494054 -8.41722 -37.8419 0.435525 0.720548 -25.7685 1.19064 9.32322 40.2578 0.941664 2.01245 27.1301
0.297624 -7.3833 -35.7838 0.585938 -0.520694 -24.2428 0.985915 8.19224 38.1513 1.88771 1.52989 25.3825
-0.322525 -6.51067 -35.0231 0.557068 -2.27645 -22.2955 1.40881 6.83261 37.4311 1.90379 2.58908 23.4028
-1.10642 -6.37227 -33.9012 -0.198691 -1.95042 -20.6843 1.9426 6.58776 36.1729 1.23795 2.31226 21.6366
-1.51425 -9.08394 -31.3112 -2.04579 -2.00755 -19.5061 2.83824 10.4135 33.5445 2.5863 2.1513 20.4727
-0.931892 -4.34065 -32.6281 -2.24813 -4.39829 -20.1887 1.97968 6.37936 35.2416 2.34347 4.53851 21.4215
-0.881031 -2.45657 -33.7264 -3.186 -2.95968 -20.665 1.03011 3.79476 36.6913 3.28711 3.17784 21.9478
-1.6543 -1.02616 -34.4685 -2.78831 -2.34754 -18.7083 2.96318 2.29082 37.7885 3.08239 2.56811 20.0769
-1.56268 -1.54841 -34.0198 -2.01436 -0.62778 -18.2086 3.26098 2.39619 37.3697 2.30961 0.802589 19.8129
-1.79718 -1.84246 -35.1115 -2.48798 -0.814085 -18.2495 2.317 2.9332 38.3249 2.56541 0.889212 19.8601
-2.09047 -2.03696 -35.3301 -1.57352 -1.5119 -17.3576 2.28027 3.32394 38.3212 2.01718 1.5559 18.9665
-1.05768 -2.14628 -36.7391 -2.45413 -2.07654 -17.7916 2.05782 3.6167 39.9451 3.00021 2.1313 19.3194
-0.454565 -2.90612 -36.5428 -1.47662 -0.874102 -17.8898 2.16575 4.05998 39.6231 1.75373 1.24304 19.5256
-0.171437 -3.91869 -34.2108 -0.740076 0.131297 -18.6085 4.8629 4.65616 36.9328 1.06706 1.06169 20.3186
-0.0613894 -4.57065 -35.8778 -0.540268 0.543795 -18.7844 3.24379 5.12688 38.6811 0.938797 1.23346 20.6811
0.194555 -4.67599 -36.2464 0.265915 0.853618 -19.0176 2.29531 5.04928 38.8173 1.03062 1.43161 20.7541
0.677471 -5.7241 -37.1211 0.53065 1.05793 -19.4078 2.34869 6.14786 39.4948 0.922465 1.75326 20.767
1.32786 -5.49568 -37.6404 0.873848 1.16841 -18.413 2.75129 6.44493 39.8519 1.10999 1.58869 19.9474
-3.0159 -3.07792 -21.7926 -2.97449 -5.34071 -10.1673 4.36332 3.12597 23.5303 4.70232 5.97615 10.4435
-0.966961 -1.443 -14.3347 -5.49791 -12.7184 -5.87763 2.9 1.69511 15.5082 7.7671 12.9132 5.91327
2.98208 -2.40142 -5.90956 -3.55193 -22.185 -5.39764 3.59224 2.88547 7.08319 3.59249 22.525 5.43195
1.56874 -6.71227 -2.40354 0.405196 -24.3979 -1.76643 1.66998 6.72465 3.42792 1.29502 25.1669 1.84818
2.56491 -9.38286 0.861679 -17.211 -24.4701 -2.29313 2.95023 9.42222 2.43271 17.7329 25.3446 2.59577
-0.51649 -4.68966 2.25156 -27.6675 -22.9542 2.84065 1.60738 4.96091 2.57026 28.3346 24.2718 3.004
-9.40746 -2.93367 2.26545 -31.6351 -20.8612 6.20101 9.83617 4.9771 2.4213 32.102 22.6633 6.54105
-18.9892 -0.116236 2.69228 -29.5863 -21.7239 5.20592 19.4291 0.988786 3.00254 29.9761 22.3588 5.56319
-22.7574 5.20483 4.35244 -27.3286 -20.951 4.36652 23.6132 5.75164 4.57788 27.4462 21.835 4.56077
-22.8997 5.45797 4.91865 -24.3653 -25.0955 3.04839 24.1181 6.27004 4.95813 24.4772 25.5215 3.19021
-20.0809 4.80174 4.77899 -23.6863 -23.4622 3.60991 21.4575 5.79647 4.98208 23.8032 23.9184 3.68644
-17.4812 4.42544 4.21341 -27.5477 -26.5383 4.27604 18.7336 4.95439 4.30816 27.9017 27.0493 4.83248
-15.3113 4.05595 3.67715 -29.8318 -26.8619 4.71073 16.7096 4.63981 3.68836 30.3253 27.4922 5.29272
-13.0753 3.92637 3.21982 -31.2957 -25.0536 4.92631 14.446 4.80257 3.22606 31.7893 25.8299 5.51996
-12.5289 4.0983 2.16416 -32.3528 -22.8294 4.88 13.7956 4.76739 2.3363 32.8133 23.9308 5.20104
-12.8962 4.04494 1.02734 -34.7466 -18.3324 5.42061 13.8145 4.64521 1.38614 35.0445 19.2226 5.7865
-13.9388 3.98168 -0.0957361 -34.7832 -15.5516 4.29571 14.6299 4.5069 1.26298 35.0586 16.2954 4.58212
-16.3083 3.84106 -0.874508 -32.7614 -13.1065 2.60801 16.6841 3.99657 1.72412 32.9819 13.7378 2.74624
-18.2661 2.87368 -0.317208 -30.5898 -10.5261 1.37054 18.5722 3.13794 1.11553 30.8308 10.8447 1.38896
-18.8597 1.75313 -0.350004 -27.8582 -10.6635 0.714996 19.0373 1.90651 1.17286 28.0305 10.8158 0.884692
-19.143 0.245795 0.418158 -26.0242 -11.101 -0.415076 19.2687 0.992138 0.902942 26.0756 11.1774 0.806482
-18.423 -0.415243 0.879344 -23.1842 -11.5383 -1.6998 18.4756 1.11767 1.01963 23.2187 11.6141 1.74867
-16.8485 -1.5298 1.36838 -21.0415 -12.3966 -2.09377 17.0491 2.09819 1.44443 21.1187 12.4927 2.44212
-15.8758 -3.31388 0.800203 -21.0573 -12.1193 -3.0455 16.2483 3.60192 1.05854 21.2539 12.2615 3.52946
-13.7537 -4.02399 -0.554926 -21.764 -12.524 -3.82118 14.133 4.05365 0.611257 21.9517 12.6784 3.89017
-13.5291 -3.89284 -1.89562 -21.9995 -11.7705 -1.14007 13.8814 3.97088 2.01002 22.1317 11.9323 1.26719
-13.7538 -3.96262 -1.68661 -24.4135 -10.1338 -1.86112 14.1102 4.05011 1.78805 24.4705 10.2482 1.91119
-13.4437 -3.20487 -2.1915 -26.1357 -9.57847 -3.00933 13.7162 3.25508 2.50244 26.1663 9.66798 3.1247
-13.5196 -2.40987 -2.81778 -26.6025 -8.83667 -2.68907 13.75 2.81237 3.2422 26.6325 8.86136 2.82953
-13.9993 -3.34087 -2.81718 -26.9258 -8.6364 -2.32026 14.3331 3.48803 2.88571 26.9505 8.64429 3.01955
-14.4431 -1.65028 -1.99722 -27.5183 -9.2447 -2.01222 14.7133 1.73292 2.4233 27.5451 9.25436 2.46917
-14.6194 -1.01787 -1.4644 -28.1584 -9.56525 -1.12554 14.8196 1.46176 1.9582 28.1803 9.61261 1.16546
-14.2729 0.202477 -0.552934 -29.2284 -9.78359 -0.449705 14.4338 0.715315 1.09373 29.2766 9.85352 1.15787
-14.2393 0.942815 0.210555 -30.3468 -9.32614 -0.130097 14.4669 1.17389 1.33202 30.4222 9.43039 1.05712
-14.2911 1.3605 0.195948 -30.8726 -9.99563 0.571683 14.5595 1.53681 1.24443 31.0151 10.058 0.953547
-14.272 1.08261 0.5188 -31.979 -10.6529 1.56317 14.5327 1.31814 1.16101 32.1453 10.6797 1.6949
-14.5932 1.27234 0.858099 -30.4199 -10.8305 1.95056 14.9439 1.59015 1.29865 30.643 10.8952 2.04363
-7.91812 -5.6514 -11.0447 -18.7091 -6.10335 -1.36485 8.20992 6.08952 11.0742 18.8031 6.20029 1.76741
-4.00986 -5.60476 -7.57546 -9.27052 -3.82919 -2.78495 4.11391 6.33153 7.68932 9.65915 3.94727 3.33738
-1.7673 -0.930126 2.20623 -5.25933 -3.33213 -0.285381 2.03125 1.5621 2.71841 5.66086 3.39776 0.38392
-1.0828 -0.172288 -9.54997 -5.65256 -2.77284 -0.307818 1.35756 2.37303 10.4173 6.00155 3.04682 1.22672
0.0751191 0.177233 -9.81335 -6.77965 -0.849898 -1.69458 1.10003 2.3139 9.86714 6.92754 1.16155 2.6336
2.88518 -19.2994 -17.8782 -8.72141 1.15553 -1.32624 3.77069 19.8483 17.9489 8.75013 1.94618 1.36008
2.47867 -20.6587 -21.3656 -9.06162 2.42158 -4.6019 3.23257 21.0512 22.1294 9.19476 2.43371 5.08702
4.27706 -21.5284 -20.284 -3.04806 1.70491 -17.0374 4.56502 21.5517 21.1317 3.60237 1.94544 17.1553
2.46051 -14.987 -31.02 2.72295 -0.376243 -29.0455 2.60338 15.1726 31.9631 4.63282 2.15674 29.2805
2.03813 -14.1357 -35.369 6.08328 4.46859 -32.949 2.21205 14.3458 36.0331 7.0559 4.72205 33.0531
1.70418 -14.131 -40.5646 5.14422 2.7042 -29.4827 2.74398 14.3691 40.9193 5.28536 2.90548 29.6523
4.96819 -20.8428 -45.3069 3.88302 5.7191 -21.8046 4.98144 20.9537 45.9914 4.22193 5.76514 22.1431
5.36146 -25.8135 -45.1042 3.71603 4.59912 -22.9843 5.3897 25.9719 45.7933 4.15003 4.60966 23.2118
5.56639 -23.9935 -45.5027 3.35623 4.48268 -21.9565 5.67526 24.2969 46.2884 3.86079 4.50928 21.9679
4.03502 -20.0269 -44.3433 3.60047 3.43435 -26.7049 4.06811 20.2695 45.3996 4.22975 3.4822 26.761
3.21242 -14.5085 -43.4493 2.37355 3.46286 -27.9606 3.28901 14.7164 44.4202 2.60234 3.4791 28.0904
1.96716 -11.7972 -42.2867 1.18801 3.62759 -27.9462 2.38777 12.069 43.3223 1.3298 3.65074 28.2006
1.46203 -10.7969 -40.9692 1.05327 3.16923 -27.2007 2.19413 11.2485 42.2345 1.25033 3.16995 27.538
1.22194 -10.4973 -38.9721 0.493433 1.72568 -25.3702 1.35072 11.1196 40.2531 1.6269 2.1642 25.8734
0.695744 -10.226 -37.084 0.735637 0.796556 -24.5441 1.24923 11.0011 38.3934 2.48317 1.08908 25.0666
0.216619 -9.78025 -35.4832 -0.0686938 -0.875886 -24.5365 1.68659 10.7782 36.9741 2.12493 1.19843 25.1248
-0.503593 -8.47146 -32.6209 -0.246614 -1.48295 -24.8658 1.13526 9.79923 34.026 1.2031 1.79975 25.5619
-2.00273 -7.64374 -32.444 0.546481 -1.82895 -23.7165 2.83077 9.36806 33.996 0.660637 1.92335 24.4639
-2.26532 -7.3733 -32.1039 -0.609373 -1.80665 -21.5933 3.23062 9.15162 33.6203 0.877045 1.84444 22.5717
-1.7357 -6.3873 -32.1328 -0.884091 -2.06979 -22.6138 1.98701 7.84704 33.7261 1.48645 2.10521 23.5392
-0.828262 -5.92561 -30.6697 -1.65246 -3.80456 -21.46 2.38307 7.39029 32.1649 1.75094 4.07585 22.1793
-1.21721 -6.22879 -30.9408 -2.83873 -4.16545 -19.8156 2.15121 7.31978 32.3994 3.10957 4.25549 20.3954
-1.74572 -6.12418 -31.5831 -3.32227 -2.53622 -20.2485 1.96758 7.44439 32.9866 3.6398 2.54467 20.8516
-1.96999 -6.06973 -30.7658 -2.87261 -0.58119 -19.6933 2.46555 7.21088 32.0103 3.02478 1.2376 20.4103
-2.39274 -6.90183 -30.1975 -1.74312 -0.538333 -19.9242 5.09993 7.82822 31.4696 2.04089 1.86085 20.5653
-2.05192 -6.85203 -30.3485 -2.0401 -0.187972 -20.1068 3.54958 7.65506 31.6447 2.30622 1.89134 20.8388
-1.43727 -7.8928 -30.8156 -1.06205 -0.118701 -19.7317 2.39108 8.80797 32.1272 1.46243 0.970785 20.4242
-0.260222 -8.24478 -31.6181 -0.386584 0.170677 -18.8608 1.76893 9.13484 32.861 1.04604 1.58206 19.3757
0.369099 -8.89909 -31.2516 0.00146437 0.534634 -18.6998 1.91469 9.83361 32.3856 1.16582 0.943441 19.1268
0.654248 -9.95336 -32.3666 0.276601 0.836328 -18.4939 2.31065 10.6002 33.4997 0.701074 1.05878 18.9038
0.679027 -9.10956 -32.565 0.429787 1.26567 -18.3645 2.49012 9.97109 33.64 0.68762 1.59206 18.8274
0.979517 -10.5991 -33.4958 0.710287 1.32814 -18.894 2.55946 11.3359 34.5544 1.11673 1.73422 19.7219
-1.72404 -5.4159 -17.3364 -7.80083 -4.49653 -9.14925 2.4114 5.63913 18.2386 8.53801 4.85486 9.25312
0.64535 -2.81285 -11.4234 -6.00746 -0.775334 -4.07543 1.05731 3.99675 11.8473 6.66494 1.12634 4.19305
1.49002 -0.741355 -5.7419 -2.24572 1.5088 -2.80554 2.11272 2.06532 6.29825 2.43832 2.74603 3.14226
-12.682 -1.01255 -5.05509 1.71806 0.270345 -3.08868 12.8155 1.2449 5.90535 3.28847 1.28207 3.72994
-10.9249 -4.51813 -1.4779 -20.6911 -17.6058 -6.34695 11.3451 4.77015 1.69151 20.9004 17.6855 6.93031
-14.8252 -2.29501 0.48708 -32.7228 -21.2424 -6.8806 15.227 2.33866 0.914242 32.7605 21.4201 7.35801
-11.9498 -0.975866 2.37763 -37.4868 -23.4646 0.326394 12.6253 1.34665 2.37976 37.5275 23.655 1.63745
-15.4778 3.73813 4.33111 -39.4101 -25.073 5.30922 15.7741 4.37574 4.36637 39.5103 25.5209 5.79897
-16.1051 5.16975 5.20192 -40.1726 -21.2573 6.16102 16.3941 5.72823 5.2363 40.2901 21.6507 6.48709
-18.2235 5.84667 3.97384 -38.876 -18.8717 6.20308 18.4876 6.81438 4.00708 38.9841 19.1936 6.92353
-18.517 5.65376 3.40338 -36.353 -17.1345 5.15562 18.8344 6.70933 3.42455 36.3944 17.4064 5.62401
-20.7359 5.84791 3.3286 -39.5869 -18.237 4.85286 21.0272 6.65808 3.36045 39.5979 18.3131 5.22725
-20.8595 5.19522 3.55786 -39.0443 -19.6476 4.56841 21.1558 5.97193 3.57418 39.0447 19.6997 5.00888
-19.8647 4.33178 3.08709 -35.7026 -21.2356 4.08129 20.1046 5.14282 3.09199 35.7109 21.3231 4.64949
-18.7798 3.99695 2.01678 -34.2316 -18.4905 3.06406 18.9981 4.75393 2.06766 34.2489 18.5344 3.74126
-16.3317 3.54448 1.47461 -32.8199 -16.9103 2.8606 16.5551 3.98008 1.59558 32.8737 17.0087 3.39966
-15.1514 2.46854 0.906684 -32.1132 -16.4389 2.96699 15.3968 2.52761 1.03743 32.1764 16.5696 3.28421
-13.7154 1.28914 0.688774 -31.7916 -14.5158 2.5429 13.9605 1.57433 1.19698 31.8476 14.5994 2.73333
-12.4864 0.885078 0.107334 -31.0924 -13.2713 1.51587 12.6846 0.903704 1.31834 31.1277 13.3184 1.78193
-13.0922 0.835895 -0.503481 -31.8589 -11.474 1.32404 13.2391 0.993832 1.03632 31.864 11.4839 1.5006
-14.5615 0.416168 -0.49335 -30.7908 -10.2268 0.564317 14.673 1.10116 0.707266 30.7981 10.2289 0.810192
-15.2706 -0.469975 -0.326297 -28.0078 -9.52629 -0.704013 15.3372 1.55733 0.881797 28.0122 9.53385 1.80138
-16.331 -0.453454 0.365776 -26.9625 -8.72979 -1.76221 16.3608 0.839487 0.686281 26.9646 8.73013 1.99874
-16.4646 -1.42374 0.442134 -26.9525 -7.55738 -2.68485 16.5545 1.57418 1.35956 26.9989 7.60012 3.63936
-16.7035 -1.55351 -0.596739 -27.0007 -7.84541 -3.72659 16.8503 1.6266 1.81776 27.1471 7.91278 3.83849
-16.4182 -3.44891 -1.04649 -26.7152 -8.77311 -3.27766 16.521 3.49591 1.31851 26.8995 8.85332 3.36086
-15.7714 -3.12191 -1.1451 -25.5839 -9.29366 -1.84967 15.9338 3.77145 1.2142 25.7588 9.3701 1.94048
-15.0061 -3.15342 -1.48921 -24.2421 -9.67277 -3.21707 15.2085 3.76057 1.81542 24.4006 9.73221 3.63727
-13.6192 -2.99086 -1.48568 -25.0632 -9.65533 -2.99474 13.8239 3.12443 1.50481 25.2589 9.69543 3.46573
-12.3141 -2.99205 -2.01167 -26.3537 -10.2197 -2.64809 12.5409 3.2531 3.25437 26.555 10.2323 2.89827
-11.9189 -3.20425 -2.92676 -27.0191 -11.1957 -1.33836 12.122 3.49601 3.06075 27.2014 11.1988 1.86216
-11.846 -1.99234 -1.73466 -28.6299 -11.452 -0.725136 12.0409 2.21444 2.4018 28.7332 11.4716 1.00387
-12.5205 -0.778226 -0.569377 -29.6063 -10.7831 -0.1728 12.6693 1.8537 1.54495 29.6275 10.8265 1.17711
-12.5681 0.756254 0.234756 -30.0195 -11.2659 0.0575249 12.6669 1.4562 0.979786 30.0251 11.3666 1.55497
-12.6415 1.50051 0.663283 -30.1234 -12.5743 0.461305 12.6949 1.84026 1.30442 30.1346 12.7084 1.82633
-13.0728 1.66135 0.924156 -29.8333 -13.0228 0.807386 13.1276 1.77071 1.31412 29.8437 13.1495 1.56386
-12.8826 2.09841 1.03929 -29.5945 -13.3026 1.26686 12.9819 2.13099 1.26818 29.6066 13.4671 1.69541
-5.94336 -3.99562 -11.3802 -18.5055 -7.86324 -2.34352 6.00188 4.39716 11.4202 18.61 8.17988 2.51745
-2.41849 -3.6602 -7.17658 -9.88466 -4.42275 -4.10097 2.72738 4.13122 7.30658 10.2459 4.74217 4.50615
-0.479591 -0.475045 1.75625 -5.47498 -4.22797 -0.70756 1.60032 0.496617 2.71842 5.75011 4.44598 1.25559
-0.330819 1.40773 2.5745 -6.3101 -4.16264 -1.19764 1.17562 1.72066 2.76882 6.52574 4.61647 1.6415
-0.116324 3.44314 2.48927 -5.91391 -4.40997 -0.475354 0.390598 3.78917 3.16341 6.21741 4.8979 1.33809
1.62507 1.47973 -12.176 -6.69409 -2.86687 -3.78585 2.80906 1.86653 12.3457 7.1535 3.59011 4.63549
2.10425 0.886888 -19.0064 -9.46552 -3.39573 -25.3938 3.08451 1.22049 19.0503 9.94803 3.50726 25.6293
2.84646 -17.6734 -23.7399 -3.57682 1.28389 -34.864 3.11857 17.9 23.9924 5.14187 1.9523 35.2735
2.12703 -18.6751 -27.3554 1.37356 1.98632 -34.531 2.82729 18.6839 27.8134 4.38345 2.6478 34.8743
3.7294 -22.5832 -32.073 5.99423 2.11008 -28.5547 3.83425 22.6492 32.6998 7.24156 2.35091 29.2387
4.33211 -20.806 -38.4216 6.46599 3.9738 -24.5328 4.39247 20.8384 38.6875 6.84784 4.16369 25.4947
4.73002 -21.2786 -43.5915 4.22713 5.65233 -21.5882 4.73647 21.3615 43.916 5.00473 5.71614 22.4364
5.49083 -20.8097 -45.4549 3.4777 5.82005 -20.6695 5.60997 20.8433 45.7855 3.72217 5.87979 21.2373
6.11934 -19.0717 -46.6261 2.84109 5.17599 -21.0821 6.22755 19.1448 46.9046 2.8895 5.20194 21.3765
5.2246 -13.4223 -47.4897 2.46729 4.69848 -24.5075 5.25834 13.5165 48.0264 2.53656 4.72428 24.5538
4.16142 -8.6565 -45.6693 1.79934 4.48393 -28.734 4.25068 8.8234 46.3843 1.93544 4.60516 28.8045
2.66553 -6.01754 -42.3592 1.41875 4.04962 -32.4255 2.70603 6.25548 43.1088 1.44075 4.21473 32.649
1.13169 -5.97177 -37.6412 1.07647 3.35817 -32.6985 1.64919 6.33162 38.4094 1.19777 3.37807 33.0748
-0.182432 -7.10136 -35.2377 0.80889 2.11212 -30.8178 1.97323 7.60739 36.382 0.868027 2.1187 31.3444
-1.03756 -7.82335 -32.781 1.38882 0.775735 -27.6643 1.68888 8.58238 34.0202 1.60838 1.26807 28.3058
-0.874061 -8.66629 -32.0979 0.758241 -0.578858 -25.9464 1.26792 9.65872 33.5327 2.15506 1.10747 26.8322
-0.50013 -9.21967 -32.0887 0.838272 -2.89155 -23.4051 1.82172 10.4512 33.4692 2.25027 3.24028 24.0216
-0.907431 -7.99289 -31.0392 0.552237 -3.05566 -20.673 1.64095 9.29733 32.2032 1.24943 3.22133 21.1912
-1.40566 -6.60442 -31.6105 -0.856918 -2.60275 -20.1713 1.94221 8.08668 32.8619 1.19032 2.66217 20.7634
-0.257595 -5.01232 -32.3074 -1.54357 -2.83515 -20.5765 1.33684 6.37337 33.5046 1.76167 2.8593 21.2419
-0.580294 -4.22996 -33.532 -2.01513 -2.87325 -20.6911 0.953479 5.4871 34.7561 2.15629 2.94584 21.2809
-1.01498 -3.32366 -33.3305 -3.47717 -2.61395 -20.9984 1.45119 4.79912 34.4015 3.57061 2.80456 21.5169
-2.00173 -2.85062 -32.4523 -2.98035 -2.7451 -21.2693 2.53151 3.78844 33.5767 3.05628 2.86148 21.75
-1.46702 -2.44842 -32.2051 -3.04637 -1.03051 -22.7735 1.65285 3.32912 33.3027 3.19731 1.33051 23.1935
-2.12413 -2.98312 -31.3664 -1.83526 -1.14074 -23.9348 2.2177 4.27679 32.6084 2.25826 1.34605 24.3665
-2.02782 -3.55348 -31.3145 -1.86556 -0.860399 -23.7768 2.32941 4.6184 32.5423 2.13548 1.29748 24.2824
-1.21696 -5.02373 -29.577 -1.21535 -0.33206 -22.698 2.4161 5.82287 30.5773 1.50804 0.901011 23.1853
-0.825302 -5.95559 -30.5508 -0.179288 0.448033 -22.1455 2.58233 6.68567 31.7908 0.878655 0.963877 22.602
-0.315899 -6.58008 -30.8987 0.354403 0.953006 -21.2365 2.19199 7.18036 32.0605 1.10658 1.30195 21.6874
0.137255 -7.18029 -31.2327 0.674729 0.813822 -21.8508 2.48727 7.63743 32.2436 1.13421 0.998881 22.2366
0.721181 -7.57946 -32.4818 0.551117 0.99481 -21.7459 2.44597 7.89877 33.3714 0.948739 1.15265 21.9671
1.42165 -7.14096 -35.0747 0.48978 1.97918 -20.8016 3.01307 7.88281 36.1986 0.771643 2.15768 21.136
-1.99866 -3.75151 -20.2128 -6.62096 -4.7409 -11.5284 3.37324 3.88969 21.1065 7.26399 4.90235 11.5801
-0.576403 -1.47337 -12.6184 -7.03857 -2.93736 -6.45551 1.29661 1.76434 12.9873 8.35195 3.03558 6.58674
2.53164 -0.853432 -6.70377 -2.31698 0.434579 -3.89889 2.8054 2.02302 7.10174 2.4448 2.43599 4.20202
0.898156 -2.25765 -4.61903 1.51414 -2.23329 -3.86378 0.967161 3.14742 4.96029 3.74842 2.55505 4.31014
1.29562 -3.85984 -2.67766 -22.6077 -18.8094 -7.33929 2.36672 4.11921 2.92169 22.9456 18.8899 7.52852
-2.50838 -3.93689 -1.78242 -23.7899 -24.6502 0.691441 3.2839 4.83204 2.01097 24.0816 24.7339 2.7419
-15.1446 -2.49372 0.0690518 -31.6116 -21.2971 2.00029 15.1785 3.23159 1.46937 32.093 21.5641 2.13025
-19.4666 2.94394 3.24128 -36.4993 -21.2308 4.8658 19.7053 4.40746 3.53185 37.0078 21.5976 5.18068
-18.1019 3.14541 5.22026 -37.0441 -21.1128 4.80429 18.544 3.60433 5.22369 37.2631 21.3993 5.93494
-15.824 6.45079 4.43434 -37.6207 -22.1669 5.79754 16.3802 7.45413 4.45716 37.7249 22.2932 6.23501
-16.2663 5.33777 3.54365 -35.3591 -22.1203 5.92861 16.8257 6.26187 3.59407 35.3821 22.1959 6.4138
-17.0541 5.87095 3.46401 -39.2201 -22.5956 5.18107 17.5666 6.5277 3.52889 39.2315 22.6056 5.62731
-18.0169 5.12472 3.34968 -39.0736 -23.7938 4.53895 18.556 5.62925 3.39266 39.0744 23.8127 4.88199
-17.0613 4.43376 3.54989 -37.32 -21.6269 4.33455 17.5136 4.89532 3.55539 37.3209 21.6289 4.79313
-16.3869 4.74344 3.13786 -38.0565 -19.3304 4.2264 16.6948 5.46489 3.14385 38.0628 19.3387 4.71353
-16.1621 4.5832 2.19396 -37.1643 -18.7796 3.87099 16.3795 5.13389 2.19728 37.1791 18.8151 4.27928
-15.6392 3.95905 1.22313 -35.6009 -16.7073 2.92865 15.8398 4.41943 1.4387 35.6353 16.7321 3.08187
-14.8086 2.57667 0.596895 -34.5401 -15.0738 2.26954 14.8818 2.98851 1.07203 34.5737 15.0783 2.34423
-14.968 1.68381 -0.0248433 -33.7576 -13.5994 1.14073 15.011 1.83731 0.948263 33.7972 13.6148 1.27516
-15.4584 1.06749 -0.590493 -31.4034 -12.2537 0.448487 15.5216 1.18863 1.01697 31.468 12.3103 0.749673
-15.1604 0.865277 -0.0685777 -30.3727 -12.1421 -0.240103 15.238 1.09723 0.535535 30.4521 12.2073 0.390316
-15.2093 -0.273559 0.108804 -28.7438 -11.2807 -1.05094 15.3301 0.995604 0.321996 28.7941 11.3711 1.44359
-14.8685 -1.90749 0.554794 -27.0837 -10.8267 -2.13904 14.9964 2.4036 0.770571 27.1399 10.9488 2.4669
-14.7419 -2.50141 -0.109853 -27.1525 -10.8184 -3.6095 14.9337 2.95038 0.648067 27.1817 10.94 3.85314
-14.4702 -2.40537 -0.873887 -27.5209 -11.1064 -2.59382 14.6861 2.6922 1.02258 27.5644 11.2411 2.94325
-13.6194 -3.66205 -0.0399426 -26.978 -10.4214 -1.13282 13.8015 3.69418 0.92791 27.0573 10.6358 1.68533
-13.5945 -4.07781 -1.26156 -27.0522 -10.6482 -1.79457 13.7601 4.12395 1.67149 27.1395 10.8292 2.15328
-13.2544 -4.27238 -1.97802 -27.4037 -10.7703 -2.60712 13.4081 4.27399 2.26685 27.4951 10.8683 2.67671
-12.7956 -2.5137 -2.2318 -27.2803 -11.3198 -3.19386 12.9839 2.70258 2.38321 27.3394 11.3758 3.23716
-12.0345 -2.36301 -2.46546 -27.7182 -11.6324 -2.69844 12.1515 2.89381 2.62124 27.7574 11.697 2.70334
-11.462 -1.92368 -1.72188 -28.1763 -11.9676 -2.06386 11.5522 2.03019 2.16868 28.1989 12.0241 2.20699
-11.3226 -1.23131 -1.01611 -29.4417 -13.2735 -0.980993 11.4363 1.3876 1.58609 29.4674 13.2931 1.48643
-10.7331 -1.09952 -0.28192 -30.0673 -14.2215 -0.344843 10.7901 1.32625 0.99661 30.0893 14.2264 1.33345
-11.0038 -0.578156 0.0398234 -31.2567 -14.1645 -0.0645686 11.0553 0.922172 0.843663 31.281 14.1654 1.3874
-10.9288 0.203174 0.355307 -31.9785 -14.5005 0.536969 11.0037 0.613489 0.807013 32.0257 14.5039 1.63656
-10.2003 1.18128 0.605458 -31.875 -15.5862 1.02283 10.2658 1.27345 0.872343 31.9128 15.598 1.68405
-9.96432 1.81132 0.925034 -31.6316 -15.7723 1.55896 10.057 1.86011 1.32596 31.6424 15.8096 2.04835
-4.69747 -2.36732 -10.0839 -19.5516 -8.33259 -3.68817 4.75063 2.6218 10.1145 19.7793 8.57497 3.8387
-1.6481 -3.38719 -6.65376 -9.48725 -4.63989 -5.07708 2.11837 3.6256 6.74389 9.9838 4.89646 5.37459
-0.502371 -0.273193 1.64922 -6.39541 -3.55984 -1.61081 1.405 0.28659 2.40734 6.91851 3.67685 2.1639
-0.508319 1.78725 2.419 -6.43816 -4.989 -0.875037 1.13395 1.95001 2.59378 6.78981 5.57152 1.3902
-0.48338 2.11463 -8.12716 -6.49218 -3.72837 0.140465 0.839143 2.68554 8.1584 6.90277 4.11463 0.939077
0.997552 0.651447 -8.57525 -6.50005 -1.54174 -27.2032 2.12983 1.44712 8.93318 7.10173 2.03756 27.2498
1.28903 -10.9243 -25.3718 -8.07148 -2.03193 -29.8921 2.04913 10.9608 25.4571 8.79623 2.12108 30.1269
1.49913 -17.9698 -25.9834 -2.32846 2.07893 -36.4022 2.094 17.9951 26.251 4.38519 2.07995 36.7664
3.2009 -21.0346 -29.1901 3.34364 1.63219 -32.2836 3.33659 21.1664 29.7422 5.13903 2.1487 32.8361
2.99421 -19.7678 -35.6298 6.77649 3.42413 -28.5866 3.13106 19.8151 35.989 7.47219 3.46248 29.3407
4.54805 -19.5647 -37.8987 5.31922 4.68935 -25.7463 4.55236 19.721 38.0693 5.83659 4.80247 26.6903
4.64742 -21.3953 -40.7433 4.02811 5.36213 -23.1932 4.67252 21.4943 41.0294 4.37476 5.5338 23.9035
6.21366 -21.8079 -42.7932 3.90193 5.20474 -21.7194 6.35685 21.8402 42.9126 4.0305 5.28929 22.2333
5.14162 -18.5156 -44.4569 3.05215 4.68055 -22.9411 5.22158 18.5189 44.7271 3.1019 4.75301 23.1936
4.20055 -13.6286 -44.1011 2.36731 4.44868 -24.9822 4.23424 13.637 44.3721 2.42162 4.52787 25.0808
3.38438 -10.149 -42.8395 1.18167 4.46714 -28.3012 3.40193 10.1864 43.2864 1.37743 4.51318 28.3804
2.46465 -8.27736 -39.9972 0.875128 3.5051 -29.6524 2.56519 8.41458 40.5656 1.30764 3.61463 29.7554
1.5145 -7.89355 -37.1752 0.67099 2.55881 -29.4318 1.69833 8.20141 37.7025 1.17231 2.74718 29.6856
0.789333 -8.08316 -34.856 0.451589 1.50864 -28.3323 1.29295 8.50769 35.6395 0.603152 1.60385 28.71
0.224322 -8.49136 -31.2995 0.435101 0.497023 -27.1817 1.1769 9.16117 31.9862 0.652786 0.779041 27.6719
-0.148249 -8.72748 -29.6643 1.09202 -0.591165 -25.0976 0.846585 9.60721 30.6045 1.50459 1.20222 25.6725
-1.03288 -8.68676 -29.8298 1.0407 -2.30774 -22.1432 1.83346 9.84796 30.7864 1.887 2.6615 22.8234
-1.12142 -8.12815 -30.0877 0.66369 -2.98398 -21.7016 2.29387 9.65549 30.9726 1.59205 3.08293 22.362
-1.6168 -7.84154 -31.7289 0.371817 -3.09025 -20.5556 2.66438 9.2405 32.6553 0.909608 3.18336 21.0507
-1.69373 -6.65638 -30.8751 -1.26886 -2.97516 -20.0306 2.02459 7.83527 31.6532 1.5268 3.3524 20.5013
-1.13809 -5.2888 -31.7235 -1.98611 -2.91547 -21.5219 1.34031 6.22234 32.5303 2.12167 3.07503 21.9863
-1.97965 -4.90274 -31.6631 -3.52314 -2.64337 -21.9541 2.20007 5.63546 32.4259 3.7076 2.65007 22.3539
-2.09226 -4.28149 -32.1857 -3.25548 -2.52836 -22.2432 2.97305 4.82244 32.9941 3.25637 2.61243 22.584
-2.55284 -5.60667 -30.9023 -2.81939 -2.13007 -22.3177 2.96848 6.26267 31.6424 2.92876 2.24245 22.5657
-2.11149 -5.51447 -29.414 -2.57585 -0.877732 -22.0294 2.34181 6.70916 30.1669 2.8115 1.27791 22.3375
-1.01432 -5.87968 -29.2493 -1.5146 -1.48978 -22.4363 1.31677 6.74145 30.0615 1.9419 2.63735 22.8174
-0.953822 -6.22179 -29.7631 -0.737706 -0.4625 -22.3024 1.06693 6.92669 30.6112 1.17671 1.26804 22.7381
-0.676642 -7.39973 -29.9794 0.0245719 1.09532 -21.9738 3.1249 7.9461 30.7755 1.39676 1.53105 22.4428
-0.441349 -8.23709 -31.14 0.38324 1.55833 -21.0285 2.94809 8.75517 31.9218 0.897085 2.12854 21.394
0.391661 -9.04933 -31.1702 0.050592 1.28298 -20.1028 2.70116 9.46635 31.85 0.612551 1.80342 20.327
0.592596 -9.92109 -31.1054 0.437807 1.18782 -19.8046 2.51348 10.1932 31.7001 0.93541 1.45201 20.0174
0.943129 -9.84767 -32.3121 1.00784 1.28967 -20.1265 2.45969 10.2094 32.8988 1.21558 1.47634 20.4122
-2.80754 -4.85672 -18.6665 -6.22121 -4.88361 -11.8885 3.40127 4.91384 19.2336 6.47968 5.00564 11.9588
-1.37055 -1.82923 -13.0349 -7.5298 -2.89665 -6.87802 1.52271 2.16666 13.3583 8.6186 3.11392 7.09991
1.80837 -0.885952 -6.6825 -1.59446 0.920975 -4.05713 2.36052 2.26781 6.97068 1.61968 2.46892 4.50502
0.605732 -3.5416 -5.92761 2.0176 -1.5561 -3.49369 0.729986 4.10158 6.39698 2.96111 1.67471 4.16462
1.00651 -4.37421 -2.04945 -23.1381 -16.7894 -7.70817 2.00291 4.86057 2.17826 23.5208 16.8333 7.80836
-15.3186 -4.32326 -0.606163 -27.0253 -24.0882 -1.32271 15.3455 5.09839 1.13023 27.0741 24.1329 2.70627
-15.1315 -1.403 1.51176 -38.1881 -20.6349 0.416765 15.3905 2.68112 1.68173 38.5489 20.8175 0.769323
-15.4774 2.24604 4.08436 -39.0952 -23.012 4.91377 15.7598 2.7126 4.1966 39.4237 23.2881 5.09098
-14.0869 5.65333 4.96473 -39.8009 -21.9892 6.34273 14.4092 6.63087 4.9761 40.0268 22.0914 6.63601
-15.2124 5.22293 3.78883 -38.3962 -22.4672 6.32684 15.5144 6.22646 3.87332 38.5177 22.5144 6.60318
-15.9565 5.71065 3.58666 -35.2273 -20.895 5.5504 16.4017 6.53082 3.61549 35.2811 20.9236 5.968
-16.8031 5.30068 3.59139 -38.6891 -22.0365 4.77363 17.2358 5.92833 3.59964 38.7088 22.0668 5.12326
-17.4186 4.42391 3.18957 -38.339 -22.1202 4.85301 17.8402 4.76739 3.22865 38.3497 22.1541 5.21908
-16.7561 4.07332 3.1123 -38.108 -19.8891 4.59261 17.0875 4.41966 3.12682 38.1367 19.8972 4.98272
-15.807 3.8134 2.27642 -37.929 -18.6015 4.06974 15.9982 4.28922 2.28268 37.9636 18.6018 4.40731
-15.3691 3.78385 1.40895 -36.08 -18.4829 3.69516 15.5047 4.27363 1.42464 36.1045 18.4857 4.17156
-14.7236 3.59622 0.996887 -33.8618 -16.3274 2.21649 14.8542 3.96974 1.44749 33.8978 16.3345 2.45918
-13.9216 1.79483 0.493508 -32.0343 -14.2016 1.35179 13.9746 2.08315 1.02936 32.0909 14.2195 1.41586
-13.6752 0.959193 0.0989754 -31.1661 -13.8062 0.655743 13.7601 1.22633 0.621493 31.218 13.8338 0.988575
-13.2474 0.342292 -0.330946 -29.6064 -13.2559 0.0530448 13.4119 0.646658 0.441935 29.6309 13.2954 0.65876
-13.1736 0.102273 0.173351 -28.3167 -12.2077 0.209496 13.2499 0.727713 0.452943 28.3529 12.2474 0.25573
-12.877 -0.732868 0.220441 -27.3157 -12.034 -0.538877 12.9655 1.02183 0.336582 27.3441 12.0493 0.682285
-13.3367 -1.07053 0.428329 -27.4133 -11.4491 -1.70833 13.5128 1.57366 0.660309 27.444 11.5047 2.00064
-13.2808 -2.34163 -0.908494 -26.6578 -11.6708 -3.3786 13.4366 2.82752 1.23852 26.7314 11.7633 3.66354
-13.2552 -0.575588 -1.67528 -25.1342 -11.7961 -3.21153 13.364 0.792918 1.75961 25.1961 11.8689 3.34206
-13.4896 -3.59525 -0.723414 -25.5843 -11.8113 -1.75935 13.6363 3.74065 1.50179 25.6374 11.8474 2.12463
-12.7279 -4.30279 -2.52412 -24.8396 -11.0087 -2.44029 12.8762 4.45715 2.74645 24.8718 11.0823 2.62892
-12.0726 -3.67365 -1.75998 -25.223 -11.5968 -2.88854 12.2093 3.70535 2.11437 25.2724 11.6569 2.97605
-12.1019 -2.45584 -2.4452 -25.6458 -12.321 -2.84972 12.2664 2.71599 2.60259 25.6821 12.3821 2.96048
-11.4162 -1.59293 -2.25861 -26.4254 -13.0194 -2.44477 11.5359 2.40396 2.64105 26.4549 13.0631 2.52123
-11.0917 -1.18649 -2.09435 -27.3908 -13.7121 -1.62319 11.1599 1.39784 2.39285 27.4181 13.725 2.38428
-10.7288 -0.712814 -0.855344 -27.5143 -13.5161 -0.864197 10.7835 1.03168 1.56341 27.5326 13.524 1.91577
-10.6238 -0.194672 0.02583 -28.655 -13.7096 -0.26847 10.6915 0.712545 1.29171 28.6663 13.7157 1.61889
-11.0212 0.206248 0.274177 -29.1237 -13.8665 0.125304 11.1756 0.36048 1.06557 29.1324 13.8703 1.66341
-10.6864 0.840342 0.582596 -30.2543 -14.6219 0.469589 10.8411 0.870021 1.12342 30.2726 14.6251 1.69565
-10.1298 1.33885 0.903929 -30.5242 -15.7834 1.2454 10.2501 1.3792 1.27006 30.5529 15.8117 2.0007
-6.67332 0.320329 -4.9698 -24.0835 -10.9923 -0.603265 6.73412 0.613272 5.13554 24.1336 11.0545 1.36698
-3.70955 -2.95599 -9.21783 -15.5944 -6.10762 -5.39809 3.88524 3.37104 9.31408 15.9024 6.38567 5.62179
-1.28943 -1.11581 -2.87654 -7.90581 -4.14152 -3.46428 2.06719 1.71193 3.17717 8.41851 4.3674 3.8946
-0.239114 0.14243 2.65602 -6.59658 -3.42414 -0.880621 1.38956 1.19169 3.23919 7.17095 3.62374 1.53907
-0.702766 2.40619 3.30752 -6.86664 -2.29802 -0.686657 1.08127 2.9768 3.31785 7.34196 2.47462 1.67433
-0.162732 2.18713 -12.4944 -7.4959 -2.34737 1.60341 0.554788 2.94996 12.6096 8.08656 2.55129 2.12208
1.30797 0.844265 -11.3978 -8.06337 -1.67687 -22.6706 2.2149 2.6406 11.5516 8.60115 1.76699 22.7085
2.58128 -15.4352 -23.433 -7.37252 -1.24063 -32.5481 2.98161 15.4527 23.6222 7.92205 1.76872 32.6629
1.93463 -16.713 -25.9767 -2.70163 2.03016 -38.5042 2.61234 17.0062 26.3813 4.47865 2.06954 38.852
2.99463 -18.2091 -29.9158 4.27425 0.877947 -33.233 3.06724 18.4919 30.4208 6.41929 1.35124 34.0286
3.60056 -20.2725 -35.7223 6.50294 4.43403 -26.6062 3.62409 20.3818 36.2114 7.11811 4.44212 27.5399
4.57849 -22.6744 -37.0553 5.91986 5.32328 -23.17 4.64396 22.7773 37.2654 6.78053 5.35383 24.4359
5.29387 -24.0732 -41.0642 4.03253 4.50517 -19.724 5.31084 24.1011 41.5815 4.53955 4.68179 20.6079
6.20993 -23.2446 -43.7405 3.99223 4.50767 -20.0014 6.29286 23.2933 43.8937 4.10565 4.61929 20.6391
5.36811 -17.5044 -44.742 3.22256 4.52818 -23.6308 5.48525 17.5318 45.0163 3.30953 4.66249 23.9233
4.1898 -12.5216 -43.8859 2.24578 5.31227 -25.6395 4.25057 12.5785 44.2264 2.32992 5.41821 25.7077
2.76919 -9.64002 -41.1729 1.17813 5.22843 -28.8824 2.90872 9.72543 41.5858 1.66978 5.37263 28.9705
1.95911 -9.11345 -38.0569 0.454483 3.38534 -30.1933 2.07083 9.24184 38.5491 1.40527 3.51621 30.3376
1.23002 -9.00426 -35.3409 0.389113 2.27255 -29.0897 1.40263 9.21458 35.9358 0.848448 2.27384 29.3222
0.68243 -9.76672 -32.087 0.138401 1.44509 -27.76 1.29207 10.1134 32.9428 0.356422 1.71622 28.1156
0.180593 -10.7822 -29.0561 1.10018 0.406507 -25.1079 1.00974 11.3955 29.7937 1.38187 1.79716 25.5211
0.10858 -11.5534 -29.2922 1.60426 -1.23454 -21.5046 0.831564 12.3946 30.2937 1.96289 2.25467 21.9392
-0.947496 -11.4992 -29.5128 1.1881 -3.45934 -19.8255 1.44136 12.5656 30.3648 1.27112 3.60775 20.4147
-1.3721 -9.82349 -30.1927 0.724674 -2.71596 -17.9673 2.07367 11.1873 30.9253 0.776646 2.75819 18.5153
-1.58914 -8.24299 -31.3776 -1.22212 -2.54655 -18.1573 2.09658 9.70478 32.0499 1.42345 2.87519 18.5102
-0.0169125 -7.44827 -30.699 -1.88107 -3.01661 -18.7334 0.776426 8.55625 31.2958 1.91243 3.08747 19.1009
-0.770936 -7.23856 -31.0597 -3.76308 -3.00589 -20.414 0.99166 7.69991 31.7425 3.93716 3.14129 20.7745
-1.39379 -5.96528 -31.3279 -3.33327 -3.05501 -21.0722 1.76089 6.88486 32.0724 3.33538 3.4465 21.3746
-2.70853 -5.86473 -30.5133 -2.5465 -2.31183 -21.514 2.74197 6.73602 31.2406 2.68167 2.4131 21.7919
-2.31024 -6.75286 -28.3198 -2.44029 -1.18205 -21.8795 2.31998 7.68349 28.9107 2.77146 1.67065 22.2182
-2.95266 -7.49881 -28.3971 -1.41101 -1.18271 -21.811 3.86884 8.40042 29.1786 2.09417 2.53606 22.2665
-2.49907 -7.92068 -28.0044 -1.48639 -0.695422 -21.2767 3.45248 8.55768 28.7539 1.86386 1.07737 21.7535
-1.61793 -8.64902 -27.5896 -1.33199 -0.152484 -21.0071 2.43594 9.19076 28.2355 1.80526 1.15696 21.4029
0.18505 -9.06013 -28.734 -0.138187 -0.225304 -20.1404 1.57188 9.62647 29.3034 1.63891 2.07457 20.384
0.716401 -8.26512 -30.7547 0.327567 0.161612 -18.6382 2.07242 9.18285 31.3578 1.05797 1.54809 18.7668
0.763257 -9.84282 -30.6088 0.691012 0.836267 -18.6026 2.27682 10.3118 31.0626 1.04436 1.54817 18.7239
0.641944 -9.49992 -30.9817 0.8767 1.60641 -19.6659 2.23387 9.90808 31.3835 0.988696 2.22255 19.889
-1.15231 -8.86124 -22.5764 -2.97269 -2.28518 -16.5124 2.18518 8.90368 22.874 3.15475 3.35653 16.6582
-1.59882 -4.62981 -15.0031 -6.98835 -4.01344 -10.1795 2.14111 4.7444 15.3928 7.96057 4.10158 10.3312
1.47589 -1.98586 -8.92598 -4.08067 -1.04044 -5.24251 1.62327 2.47149 9.13304 4.5071 1.82806 5.60666
0.901077 -1.56514 -4.58341 -7.56808 0.841184 -4.90589 1.44715 2.40546 4.76882 7.66488 2.03491 5.27159
-1.10022 -4.41043 -2.40485 -11.9701 -23.4519 -3.67205 1.23644 5.65205 2.43479 12.0043 23.7316 5.16915
-2.97973 -2.99661 -2.02341 -20.8486 -22.0084 -2.59873 3.31222 4.073 2.09693 21.0311 22.0108 4.38622
-18.3932 -5.73745 0.971268 -24.5082 -21.7124 -1.51386 18.4373 5.85693 1.36353 24.624 21.9636 3.85661
-17.7649 0.617098 3.8502 -33.0777 -18.7725 2.27362 18.0533 2.36029 3.98814 33.1809 19.1258 2.70549
-15.3734 5.15851 4.65249 -37.1282 -21.4813 5.29296 15.6817 5.60726 4.69655 37.1711 21.7838 5.51494
-14.1478 5.5793 4.24906 -37.9176 -22.2399 6.49787 14.4349 6.34156 4.31762 37.9814 22.4295 6.84422
-15.1921 5.0263 2.79454 -36.3537 -22.3323 6.20947 15.4685 5.73576 2.83133 36.4162 22.5006 6.771
-17.4277 5.51579 3.02018 -38.3901 -21.3327 5.34486 17.5905 6.25198 3.0261 38.4581 21.4847 5.8098
-18.6894 5.35143 3.82519 -39.3099 -22.9378 4.80687 18.7871 6.07126 3.83395 39.3696 22.9837 5.29321
-18.5056 5.12554 3.33265 -38.535 -21.8973 4.22824 18.5728 5.71008 3.33733 38.5979 21.9338 4.81651
-17.4694 4.93295 3.2343 -37.9052 -21.2835 3.67744 17.4808 5.34844 3.24804 37.9848 21.3135 4.33403
-15.9105 4.21744 2.33607 -37.6008 -21.0436 3.20141 15.9179 4.449 2.39004 37.6913 21.0815 3.80735
-14.3884 3.10556 1.14871 -35.8589 -19.6673 2.89712 14.4121 3.25034 1.31105 35.9525 19.668 3.50469
-12.8019 2.13658 0.447788 -34.7343 -18.515 2.53706 12.8109 2.39183 0.706629 34.8432 18.5164 3.01134
-11.895 1.8263 0.187265 -34.793 -17.4838 2.03248 11.9148 1.92651 0.644181 34.8982 17.4899 2.23688
-10.8557 1.26394 -0.0159413 -34.0394 -16.5993 1.05075 10.8863 1.42653 0.619983 34.1143 16.6365 1.37066
-10.3362 0.278778 0.101206 -32.2434 -16.1382 0.669672 10.3929 0.973054 0.595001 32.3446 16.1659 1.20136
-10.6368 -0.52934 -0.23108 -30.9399 -14.8035 -0.38374 10.7404 1.49903 0.921607 31.0711 14.8511 1.29758
-10.653 -0.811377 0.0634535 -31.5344 -13.611 -1.63713 10.7996 1.47484 0.583567 31.6893 13.6804 1.93698
-10.1406 -1.65083 -0.444039 -30.8516 -14.1001 -1.85321 10.3305 1.95599 0.572985 31.0912 14.1595 1.93711
-11.0465 -2.21124 -1.47238 -30.8489 -13.6798 -3.11768 11.1837 2.30914 1.68866 30.9755 13.774 3.1945
-11.2256 -3.84525 -1.4948 -29.4516 -12.7166 -2.83647 11.4405 3.86491 1.59569 29.6467 12.8874 2.89433
-11.8333 -3.07905 -1.03548 -28.346 -12.904 -1.48805 12.0619 3.55028 1.20077 28.5436 13.023 1.51725
-11.754 -3.2109 -1.98313 -28.9279 -13.4101 -3.30589 11.9684 3.98629 2.28605 29.1186 13.4681 3.63116
-10.5322 -3.06059 -1.13444 -28.1348 -14.6259 -3.66133 10.7068 3.20212 1.22419 28.312 14.6728 4.07377
-8.95417 -2.45358 -1.93737 -28.791 -14.6837 -2.82636 9.08221 3.1486 2.71563 28.9276 14.7633 3.26763
-8.76956 -3.62717 -2.15602 -29.686 -15.2028 -1.25991 8.8234 4.22555 2.30559 29.7789 15.2755 1.62471
-8.78508 -2.77607 -1.71575 -30.1808 -15.9209 -1.00051 8.80308 3.15562 2.16738 30.2339 15.9544 1.26201
-8.75788 -0.830053 -1.11071 -31.8013 -15.4343 -0.267233 8.80259 1.2106 1.62982 31.9043 15.4471 0.739219
-9.50176 0.619522 -0.235645 -31.9191 -16.0056 -0.0853259 9.53139 0.879919 1.11602 32.0581 16.0115 0.681034
-9.03986 1.3538 0.288766 -32.9399 -16.0503 0.0979171 9.10316 1.70347 1.18886 33.1295 16.0691 1.51016
-8.98504 1.59745 0.467422 -33.3814 -16.8711 0.844191 9.0154 2.14822 1.16398 33.552 16.9264 1.77747
-8.78699 1.60783 0.828627 -33.5718 -16.6381 1.48067 8.81831 2.26398 1.42244 33.6616 16.7007 2.04138
-4.95528 -0.953169 -7.421 -22.5222 -10.6724 -1.93297 5.09094 1.01065 7.51807 22.6775 10.7934 2.24923
-2.72238 -3.38992 -8.33699 -14.1636 -6.07985 -5.70302 3.16613 3.58973 8.58268 14.7599 6.46834 5.95754
-0.939787 0.0787476 -0.245552 -8.51854 -4.04975 -1.67238 2.45245 0.869938 1.42411 9.48146 4.2209 2.29041
-0.867463 -16.3919 1.81925 -5.93304 -3.99457 -19.2941 1.67345 16.3968 2.46396 6.76922 4.03352 19.3307
-3.79637 -10.7183 -6.34083 -1.75936 -9.66969 -18.3533 3.97646 11.0434 6.94003 3.80427 10.0327 18.4236
-3.0407 -13.4697 -19.1279 0.421499 -2.65273 -21.1928 3.32096 14.0747 19.4269 3.2526 2.82225 21.4412
1.0339 -16.0287 -40.0875 1.57606 -1.59936 -20.0921 3.26402 16.4016 40.1043 2.23232 1.63824 20.6347
3.28419 -22.4449 -40.1785 3.52511 1.71349 -23.5205 4.15077 22.5164 40.439 3.60603 1.94169 23.9619
4.64843 -22.4776 -36.587 5.44481 4.05237 -26.4459 4.70002 22.5052 36.9473 5.53334 4.07461 26.7012
4.66236 -18.6537 -34.0694 5.29647 4.8615 -29.2526 4.68883 18.7062 34.3946 5.53466 4.8655 29.3166
3.75996 -15.5619 -33.7987 5.2814 4.8735 -30.5859 3.78048 15.6403 34.0636 5.47757 4.89581 30.6689
3.44926 -15.6187 -38.5626 4.9009 5.27207 -31.9946 3.49286 15.7163 38.7866 5.05952 5.28842 32.126
3.21132 -17.2968 -42.7555 4.1842 4.38399 -30.558 3.23023 17.3447 43.0675 4.37852 4.38693 30.7521
3.78994 -18.6108 -45.6558 3.68146 3.90572 -28.9052 3.84621 18.6866 45.8673 3.83536 3.90674 29.1039
4.2557 -17.6413 -44.886 2.45672 3.68697 -26.618 4.30937 17.8651 45.2445 2.55751 3.69009 26.8103
3.68532 -15.9524 -44.6823 1.13936 3.34211 -25.1144 3.68811 16.3541 45.014 1.23769 3.36565 25.2984
2.92229 -13.5434 -43.9525 0.779049 2.62508 -24.6575 3.03067 14.0074 44.2885 0.838261 2.76795 24.8952
1.73674 -10.829 -42.7344 0.757321 2.12619 -26.0279 1.97269 11.2397 43.2084 1.01247 2.40564 26.4054
0.60143 -9.27802 -40.2445 0.514674 2.04103 -27.2677 0.932802 9.66687 40.5418 0.718385 2.1835 27.6706
0.241778 -8.17465 -39.4666 0.064468 1.19544 -27.3099 0.589101 8.67011 39.9665 1.27147 1.31751 27.6998
0.0611533 -7.33917 -37.7352 -0.257049 0.346993 -26.5585 1.83287 8.30634 38.2584 2.3846 0.896747 27.0335
-0.0638496 -7.53113 -35.7464 0.437685 -1.16579 -27.1618 1.45987 8.69976 36.5297 0.973739 1.32511 27.713
-1.17893 -8.37568 -33.2782 0.0214853 -1.96919 -24.5482 2.01308 9.58598 33.887 0.575476 1.99677 25.2518
-2.72698 -8.5698 -31.9953 1.16833 -2.29159 -24.0791 3.22656 9.62372 32.7712 1.18534 2.35641 24.8531
-2.56799 -8.51748 -31.4813 -0.215447 -0.865518 -23.6737 2.84609 9.50517 32.2125 0.753662 1.03786 24.4638
-1.25761 -7.79373 -31.607 -1.12714 -2.82084 -22.1571 1.4025 8.50637 32.4559 1.71805 2.96297 22.8745
-1.49121 -7.9552 -30.6176 -1.68509 -3.7633 -22.7467 1.68922 8.929 31.2719 2.7373 4.00338 23.3151
-1.5931 -7.09844 -31.8578 -3.06029 -3.33599 -20.8833 2.42297 7.84294 32.5818 3.57449 3.41616 21.387
-2.66448 -7.51986 -31.1773 -3.76382 -1.19118 -20.5492 2.68521 8.39775 31.9244 3.94194 1.21272 20.9944
-1.79675 -7.07457 -32.1713 -2.49937 -1.41948 -21.4664 2.12646 7.91296 32.765 2.63153 2.71367 22.0539
-2.14022 -6.95774 -31.5088 -2.47642 -0.588611 -22.2089 3.0084 7.68569 32.0883 2.94758 2.10856 22.8377
-1.48372 -6.31176 -31.0682 -1.64801 -0.65118 -22.1295 2.92723 7.02929 31.5126 2.4132 1.18637 22.8596
-0.0909928 -6.88596 -31.6566 -1.34211 0.370883 -22.7535 1.95248 7.53564 32.2339 1.85018 2.35318 23.3522
1.05524 -7.01482 -30.9159 -0.664653 0.786371 -23.2956 2.21648 7.70568 31.448 1.56437 2.47907 23.8102
0.972983 -8.05584 -31.8983 0.504634 1.14076 -23.9817 2.13992 8.70748 32.5417 1.00648 1.96445 24.4399
1.02227 -9.13472 -31.6603 0.632582 1.52193 -23.7905 2.03723 9.56425 32.2394 0.839993 1.98788 24.279
1.08707 -9.37671 -31.587 1.00863 1.85112 -23.0115 1.90409 9.968 32.0053 1.14667 2.17548 23.7098
-2.3864 -6.10714 -19.0456 -5.7077 -4.8804 -13.7145 2.97825 6.13184 19.4829 6.10244 5.28992 13.933
-1.58516 -3.27422 -13.255 -8.74945 -3.37395 -7.86064 1.67519 3.69586 13.5437 10.2807 3.51198 8.21102
1.88789 -1.26562 -6.00845 -2.37996 0.136368 -4.64018 2.44807 2.25346 6.19079 2.60057 2.20357 5.272
0.932707 -1.3635 -5.28306 1.2241 0.483382 -4.12465 1.06944 2.43168 5.7218 3.11681 1.63608 5.18921
1.06385 -5.42597 -3.54623 -14.2344 -0.30683 -4.84065 1.35361 6.5101 3.54699 14.2619 0.650097 6.20589
-2.53698 -0.475824 -4.22743 -16.3286 -1.54228 -1.17828 3.23493 3.21665 4.24284 16.3641 2.71948 4.29521
-2.63961 2.4345 -4.37547 -21.0066 -20.1933 0.107734 3.15875 5.02017 4.39531 21.6647 20.4119 4.65492
-22.8239 0.888707 -0.915463 -28.5688 -8.24431 0.344253 22.8283 1.1179 1.10889 29.1965 9.20155 2.39496
-22.3179 4.79794 1.63615 -30.7944 -8.76189 1.89892 22.3818 5.59353 1.86634 31.7021 9.32578 3.39495
-16.818 4.84522 5.00744 -35.0134 -15.0069 1.82041 17.6863 5.0259 5.02353 35.8728 15.163 2.01487
-12.4374 6.2637 4.21794 -42.1554 -19.1263 4.73843 13.6089 6.87895 4.22962 42.7627 19.4623 4.82474
-10.4036 5.09147 3.63686 -44.4841 -28.2231 6.60439 10.945 5.63897 3.63771 44.9522 28.3313 6.93102
-9.23317 4.11454 3.80377 -43.3625 -31.1491 6.49886 9.96446 4.48214 3.81248 43.7814 31.3118 7.0895
-9.64152 4.29765 3.55638 -44.0178 -29.5325 6.40218 10.3743 4.642 3.62657 44.6817 29.6692 6.89511
-10.8471 4.68116 2.31258 -42.7153 -25.7791 5.49603 11.6132 5.11177 2.33493 43.3171 26.0284 5.83423
-12.8419 4.75655 1.77967 -43.3903 -21.0998 4.80839 13.6875 5.42492 1.94298 43.9554 21.2895 5.37711
-14.2933 4.99578 0.804403 -41.8834 -18.8505 3.60734 15.2573 5.44119 1.39662 42.4886 19.3662 4.26245
-14.7259 4.01278 0.381072 -38.5327 -19.5193 2.26156 15.2724 4.20469 1.61664 38.9158 19.9174 2.59157
-14.1856 1.86503 0.105421 -33.357 -20.4292 0.901752 14.5537 1.93019 0.829843 33.598 20.6722 0.984209
-13.4101 0.638766 0.458742 -30.0684 -21.0553 -0.185077 13.7315 0.93675 1.1864 30.2101 21.2851 0.196242
-11.3278 -0.642315 0.987546 -28.007 -21.2802 -0.0499242 11.5751 0.713099 1.0678 28.0928 21.3866 1.72598
-9.29937 -0.853956 1.31263 -26.362 -20.6358 -0.674674 9.47683 3.38675 1.44719 26.4524 20.6629 2.13241
-8.18639 -2.22101 0.381462 -26.56 -19.3196 -2.05269 8.36786 2.85598 1.21194 26.7537 19.3278 3.06151
-7.30877 -3.04062 -0.818484 -27.4427 -18.769 -2.69953 7.37146 3.19836 1.54893 27.8313 18.7905 3.92978
-7.30963 -1.2456 -2.33734 -26.4432 -17.7726 -2.48139 7.40607 2.16749 2.49138 26.9447 17.8135 3.13534
-8.2966 -3.09054 -1.37991 -25.4947 -15.7826 -0.348206 8.31991 3.33174 1.48974 26.3324 15.8683 1.36418
-9.08001 -2.34677 -2.60421 -25.7204 -14.8013 -1.28437 9.09075 2.53746 2.71867 26.5908 14.9135 1.41257
-9.09767 -2.39551 -1.43542 -25.7087 -15.3346 -2.73657 9.15861 3.21818 1.46209 26.4607 15.4457 3.35262
-9.7872 -2.32438 -1.1855 -25.6001 -16.1843 -2.55844 9.88337 2.37743 1.74231 26.0596 16.3028 2.89483
-9.3092 -2.79142 -1.8888 -23.8575 -17.6482 -1.87238 9.48553 2.85998 2.42836 24.2709 17.8006 2.01052
-8.63256 -2.76988 -1.40121 -24.0194 -19.403 -2.32637 8.83431 2.95194 1.96152 24.4175 19.5372 2.33032
-7.648 -1.83778 -0.4819 -24.635 -20.2855 -1.37694 7.82057 1.94041 1.59288 25.0064 20.389 1.50289
-6.61738 -0.746401 -0.0390164 -25.3482 -21.2277 -0.866398 6.86118 0.854744 1.26127 25.8346 21.3291 1.07045
-5.47206 -0.345304 -0.178284 -26.8165 -20.5602 -0.288983 5.73873 0.385608 1.10352 27.4795 20.7171 1.19279
-5.14245 0.245269 -0.166988 -28.5085 -20.6773 0.432667 5.44996 0.473792 1.14436 29.2753 20.9494 1.3976
-4.8254 1.08094 0.0714231 -29.4623 -20.5444 1.35435 5.32822 1.35459 1.17223 30.324 20.8449 1.81031
-5.74845 2.0469 0.522073 -28.9325 -20.827 1.70582 6.47291 2.26414 1.04817 29.7073 21.1761 2.01252
-3.2108 -0.146603 -10.3279 -16.523 -11.3621 -5.52269 3.70325 0.827541 10.3358 17.0845 11.816 6.02428
-1.79556 -0.961895 -6.98271 -8.19002 -6.89144 -7.1501 3.72126 1.66589 8.12077 10.0118 7.22682 8.08807
-0.161745 0.685784 2.14326 -4.68506 -5.21145 -2.78536 2.40621 1.55634 3.83723 7.14057 5.35444 3.4019
-1.2436 2.84313 1.51521 -4.21789 -7.27406 -20.5052 1.78559 3.30023 1.82822 6.17806 7.70558 20.6094
-0.632182 2.59004 -17.6122 -3.54103 -8.45158 -23.6404 1.19277 3.053 17.9268 5.42302 8.80315 23.6452
-0.867306 1.74943 -13.6567 -1.35025 0.071524 -30.4976 2.57014 2.28844 14.3096 3.73078 0.373487 30.7687
0.0284897 -1.44452 -20.504 -2.78521 0.167224 -31.1273 4.00701 2.27488 21.4437 5.58373 0.649083 31.9994
2.23529 0.287424 -23.422 2.69738 2.3991 -31.0678 3.01459 1.14224 24.5515 5.75027 2.67377 32.1645
2.96849 -1.85463 -24.6501 4.36312 2.97659 -33.6737 3.14769 2.5719 25.9478 5.15219 3.14391 34.4591
2.70637 -16.5111 -29.1836 6.28882 3.09289 -31.3711 3.02404 16.6839 30.4579 6.44131 3.13064 31.9827
4.09358 -18.7697 -33.3847 5.16621 2.58134 -28.4572 4.90697 19.2106 34.7545 6.1471 2.5896 29.2878
3.94756 -21.0467 -37.8286 5.01212 2.39753 -27.0812 4.00049 21.6354 38.7806 5.5837 2.54206 28.0607
5.19974 -20.2197 -43.8469 4.49288 2.90249 -24.1193 5.27506 20.68 45.057 4.88577 2.94457 25.0033
4.93635 -17.5948 -45.1022 3.2007 4.03759 -24.2395 5.01943 17.8248 45.6718 3.71495 4.0516 24.7434
4.92361 -14.099 -43.9399 1.52351 3.86614 -23.1622 4.94785 14.2105 44.7138 1.60554 3.92269 23.3752
3.91388 -10.9914 -45.0421 0.764073 4.72091 -25.3492 4.00358 11.1073 45.9402 0.89265 4.76839 25.5093
3.27823 -8.25578 -46.2457 0.327083 4.12247 -28.0512 3.31942 8.47304 47.1496 0.763674 4.20053 28.372
2.36511 -7.23122 -45.9388 -0.0779397 3.23294 -30.1436 2.87375 7.63776 46.9292 1.10727 3.3028 30.6484
1.35359 -8.19266 -42.2889 -0.221192 2.66169 -30.84 1.49099 8.67723 43.4119 1.06415 2.92327 31.6863
0.780861 -8.1679 -37.9639 0.173461 1.87587 -30.8521 1.55669 9.24924 39.2768 0.36349 1.97242 32.0266
-0.88069 -8.55983 -35.4794 0.61474 0.850102 -30.4333 2.50998 9.70507 37.0048 0.711705 0.893587 31.7695
-2.53217 -8.35229 -33.3445 1.25822 -0.282763 -27.1479 3.02407 10.12 35.0127 1.27954 0.476235 28.6295
-1.92318 -9.11267 -33.519 1.72251 -2.69268 -26.8332 2.4019 11.1482 35.5404 3.42921 3.11574 28.1069
-2.17214 -9.09714 -31.8915 1.65531 -3.67361 -23.9319 3.38991 11.2401 33.4213 1.87548 4.0833 25.1237
-1.50314 -9.54936 -31.9814 -0.261479 -4.59971 -21.7457 2.50076 11.5232 33.6307 1.43468 4.72314 22.8116
-0.324288 -7.95724 -32.9298 -1.56758 -2.45352 -21.2039 0.992267 9.25422 34.2918 2.44188 2.53675 22.1081
-1.71112 -6.95794 -33.4659 -1.78808 -2.09778 -19.3417 2.00237 8.28547 34.772 2.20694 2.28353 20.2453
-2.04373 -6.92028 -32.4356 -2.76729 -0.848245 -20.3003 3.35268 8.01609 33.6343 2.83366 2.10739 21.3029
-3.16505 -6.27456 -32.4196 -3.6525 -1.04132 -20.0972 3.97883 7.49656 33.4833 3.71109 2.20048 21.1444
-1.81472 -6.87255 -31.6193 -2.78031 -0.905228 -21.1255 2.57363 7.96718 32.8094 2.91986 1.24427 22.1164
-1.01612 -6.00961 -32.2279 -2.42074 -0.62365 -22.3543 1.59386 7.27482 33.4039 3.04538 2.21777 23.4598
0.186642 -6.3474 -32.2963 -1.07462 -1.12089 -23.6888 1.22407 7.83343 33.6459 1.59899 1.91918 24.8041
0.198473 -7.12077 -31.2429 -0.867806 -0.351002 -23.3924 2.0258 8.47319 32.355 1.13714 1.18694 24.4737
0.201738 -7.47846 -31.4045 -0.741082 0.266428 -22.9011 2.81059 8.7191 32.5522 0.963274 1.27544 24.1623
0.2957 -7.91964 -31.9705 0.091509 0.729344 -22.4678 2.15866 8.83798 33.1599 0.93433 1.53143 23.8304
0.420724 -7.96382 -32.5881 0.648027 0.915889 -23.121 1.98658 8.92274 33.738 1.37427 1.65952 24.3773
0.658855 -8.40665 -35.0065 1.31212 1.34858 -22.4494 2.02773 9.63661 36.2243 1.76588 1.97338 23.8516
-3.10958 -3.59711 -17.6378 -7.79536 -4.31366 -10.0572 3.725 3.66891 18.4541 9.12839 4.84941 10.2889
-0.0353526 -1.10228 -9.85159 -5.6606 -0.786011 -4.66571 2.55999 1.83379 10.2632 6.57225 1.14198 5.16312
1.65824 -1.84774 -2.73516 -1.85774 -21.1371 -4.39617 2.33731 2.26679 3.35895 2.21082 21.2795 4.97403
1.01613 -5.29328 -0.81697 1.09239 -20.9043 -3.87559 1.31359 5.29651 1.84888 1.89412 21.3037 4.70172
2.97962 -8.65804 1.24696 -1.07843 -20.3892 -3.23674 3.65674 8.67038 1.7976 1.97848 20.9059 4.84195
1.19335 -4.6415 1.57607 -28.9959 -16.8992 -1.29256 2.10659 6.34236 2.04601 29.0769 18.2831 2.76544
-6.28885 -2.08293 1.50351 -37.2512 -20.9227 5.45086 7.06164 3.51003 1.86268 37.4965 22.026 6.10941
-17.0987 1.65831 1.8917 -41.4151 -18.1704 6.98813 17.2728 3.13227 2.25157 41.6587 19.0775 7.305
-23.5382 6.66314 3.82671 -36.196 -20.6517 5.21893 24.2713 7.14099 4.02705 36.3416 21.4975 5.33239
-23.1891 6.0042 4.49683 -32.7117 -25.8476 2.70352 23.8884 6.51017 4.50672 32.8468 26.1728 2.73819
-20.4383 4.79983 5.15127 -30.8254 -25.4259 3 21.4425 5.723 5.17799 30.8421 25.6611 3.02206
-16.145 3.61636 4.76791 -31.694 -29.1108 4.47473 17.2884 4.21122 4.77612 31.7108 29.3114 5.11166
-12.5166 3.54318 3.37055 -32.3504 -31.1989 4.22576 13.8068 3.91337 3.42429 32.3855 31.5882 4.58772
-9.02125 3.74299 3.14009 -34.8949 -26.948 6.13644 10.0894 4.61804 3.14311 34.9489 27.563 6.62594
-7.41505 3.79288 2.07547 -37.3254 -25.0971 6.51756 8.24589 4.59357 2.20839 37.3506 25.8702 6.86655
-7.98267 3.98729 0.708654 -37.4743 -20.6849 5.51693 8.59534 4.74308 1.15887 37.5534 21.4436 5.70611
-9.02023 3.69639 -0.565453 -37.7547 -17.8356 3.81936 9.38953 3.98936 1.41176 38.0623 18.536 3.90595
-11.9013 3.57048 -1.21562 -36.0128 -14.918 2.35442 12.25 3.65657 2.00284 36.4324 15.7385 2.36148
-14.2583 1.92715 -1.03648 -32.9867 -13.6537 1.00146 14.5524 2.16742 1.55594 33.3041 13.8841 1.09376
-14.5169 1.58555 -0.0997533 -29.4716 -12.7062 -0.0428178 14.6401 1.59599 0.72291 29.7597 12.9906 0.558759
-14.5845 0.162807 0.177767 -27.2836 -14.5011 -1.54061 14.6388 0.337259 0.697121 27.4356 14.6078 1.73653
-13.6026 -1.22845 1.32325 -24.6058 -16.2316 -2.69696 13.6263 1.54667 1.66942 24.6905 16.2618 3.07388
-11.9556 -2.87825 1.35394 -23.9253 -16.9271 -3.55964 11.9557 3.67619 1.90925 23.9584 16.9458 3.94214
-10.0557 -3.81307 0.268153 -23.2237 -17.4232 -3.81407 10.0576 4.36722 0.978857 23.2476 17.4707 4.01929
-8.86807 -2.9165 -1.05622 -23.6168 -16.4873 -2.96603 8.98655 3.05276 1.19362 23.622 16.5244 3.02385
-7.30068 -4.02999 -0.778371 -25.1418 -16.6982 -0.57913 7.34832 4.03489 0.824269 25.1471 16.7585 0.886058
-7.42132 -3.55543 -2.19275 -26.622 -15.4986 -2.366 7.42846 3.63514 2.21931 26.6667 15.658 2.64614
-8.22163 -2.43556 -2.11905 -28.1038 -12.6456 -2.61993 8.3092 2.64364 2.13916 28.2386 12.8505 2.78498
-8.93217 -1.68773 -2.24105 -28.7393 -12.6727 -2.61929 9.00373 1.7949 2.31609 28.9986 12.9263 2.91504
-9.50134 -1.85539 -2.42835 -29.4722 -13.3327 -2.16944 9.56174 2.22772 2.62486 29.7281 13.5989 2.3155
-10.2203 -1.54567 -2.25114 -28.8022 -14.0171 -1.85341 10.2729 2.00806 2.4756 29.0295 14.3131 1.9749
-10.5093 -0.984979 -0.834239 -27.5748 -14.4694 -1.06385 10.5283 1.67403 1.28511 27.7951 14.6419 1.40966
-10.3206 -0.857423 0.218575 -27.8822 -15.3091 -0.559355 10.3295 1.91197 1.10323 28.0624 15.4828 0.957296
-9.55164 -0.671589 0.662369 -28.0777 -16.534 -0.225182 9.58286 1.7786 1.24302 28.1763 16.7273 0.748583
-8.86799 -0.488769 0.884098 -28.2379 -17.3323 0.260479 8.91998 1.6339 1.34721 28.3203 17.5705 0.683763
-8.06998 0.351015 0.847817 -28.863 -17.7525 1.34471 8.1512 1.57159 1.39649 28.9885 18.0544 1.56543
-8.24886 1.26907 0.674368 -29.6014 -17.1897 1.85463 8.44926 2.04225 1.01189 29.7393 17.6487 2.06166
-4.10496 -2.92278 -10.0602 -16.4727 -7.32536 -6.0451 4.25669 3.28454 10.0957 16.6061 7.88503 6.56953
-2.01742 -1.7485 -2.95822 -8.45777 -3.54465 -4.46113 2.84515 2.38012 3.59903 8.94537 3.8418 5.21468
-1.40637 -0.851188 2.52581 -5.28526 -2.11977 -1.22792 2.1173 1.13042 3.27745 5.81349 2.22611 1.37249
-1.59943 1.38183 1.78266 -5.52381 -2.14858 -0.597805 1.91354 2.14858 1.8949 5.81001 2.43039 1.41095
-1.1229 2.87936 -12.3169 -5.26694 -2.34281 1.7954 1.19164 3.30567 12.3406 5.4942 2.66218 2.08783
0.495547 -3.53025 -13.4313 -6.19354 -0.92446 -3.72 1.8075 4.19021 13.572 6.46836 1.15182 4.5367
1.1003 -16.314 -25.7468 -5.9311 -0.341989 -29.4933 1.50376 16.3504 26.1809 6.06746 0.702107 29.5958
3.04444 -18.5562 -27.2524 -1.66729 0.925624 -35.6847 3.09284 18.6798 28.0472 2.25992 1.24317 35.9009
2.39323 -15.9936 -31.89 5.00481 1.86546 -34.7875 3.20587 16.3603 32.57 6.25059 2.54413 34.9935
3.42825 -16.8264 -38.3605 6.57154 4.44532 -28.4289 3.69966 16.9402 39.2432 6.98733 4.46339 28.8176
4.36611 -21.5516 -40.04 5.51177 5.48505 -24.1031 4.40901 21.6102 40.6661 6.11736 5.54049 24.7009
5.229 -24.0524 -44.3192 3.66369 5.13535 -19.7481 5.27393 24.1083 44.973 3.9881 5.31234 20.0098
5.26442 -24.9672 -46.3895 3.54472 4.70403 -18.9341 5.43669 25.0762 47.1362 3.70658 4.89944 19.1527
5.38875 -19.6733 -47.2637 2.94597 4.49632 -21.0998 5.50383 19.7476 47.9699 3.2786 4.68772 21.1702
4.62707 -14.3179 -46.0851 2.30619 4.5195 -23.555 4.67919 14.387 46.8987 2.65511 4.55621 23.7574
3.92641 -11.241 -44.4548 1.90753 4.27681 -27.2244 3.97605 11.3107 45.4588 2.4041 4.29923 27.5924
2.87393 -9.48554 -40.1938 1.06887 3.22885 -28.1877 2.92293 9.67399 41.2189 1.44183 3.29125 28.8259
1.85009 -8.47302 -36.8655 0.691734 2.34887 -29.1532 1.99985 8.85163 38.1447 1.43542 2.39808 29.8582
0.998573 -7.64244 -34.8001 0.518329 1.06621 -27.8681 1.50581 8.21802 36.2709 1.35993 1.10271 28.7123
-0.439576 -7.45591 -32.9824 1.36169 0.159814 -26.5244 1.69783 8.46116 34.5876 1.76732 0.811939 27.4902
-1.09664 -8.02469 -31.9262 0.942031 -1.07556 -23.0779 1.9513 9.18527 33.6946 1.84636 1.19887 23.9921
-1.26107 -9.52992 -29.3246 0.57849 -2.82835 -20.9978 1.65566 10.7714 30.8067 2.49915 2.97595 21.8512
-1.35947 -9.24535 -30.5571 1.45696 -3.49517 -18.8342 2.12315 10.2405 32.2704 1.78548 3.76882 19.4733
-1.60209 -8.47603 -31.0349 -1.31045 -3.53755 -17.8288 2.31518 9.69616 32.4318 2.17664 3.6819 18.3046
-1.65373 -6.70185 -32.5523 -2.08703 -3.55901 -17.1406 2.57088 8.09108 34.1395 2.98748 3.58104 17.5428
-0.789444 -5.47917 -31.6148 -3.53394 -2.44534 -16.9458 1.39168 6.88809 32.8599 3.81412 2.45602 17.3743
-1.48199 -4.41247 -33.7436 -3.34946 -1.91896 -17.5301 1.53919 6.15702 35.1723 3.45557 2.13672 18.2111
-2.28541 -4.91007 -32.6456 -2.57277 -0.585591 -19.0702 2.89186 6.07641 33.8852 2.71367 0.772334 19.822
-2.38116 -4.46953 -32.7828 -2.48052 -0.556464 -19.8975 4.07299 5.66548 34.1185 2.61785 2.02216 20.7381
-2.36121 -4.77027 -29.9656 -1.64862 -0.46598 -20.975 3.17256 5.75036 31.2706 1.80377 0.834199 21.7999
-1.70384 -5.02137 -30.7369 -1.42561 -0.429276 -20.9377 2.02661 6.23399 32.2922 1.95267 1.80871 21.6712
-0.905393 -6.11391 -30.3652 -1.01623 -0.56776 -21.6269 1.37027 7.15022 31.9187 1.41374 0.789268 22.2083
-0.474153 -6.73621 -30.0082 -0.347653 -0.311751 -20.9399 1.57911 7.74022 31.5099 0.836785 0.726986 21.4955
-0.197784 -8.46001 -30.8335 0.53671 -0.0304336 -19.8308 2.59681 9.11267 32.1878 1.19469 0.905546 20.3307
0.470469 -7.73184 -32.4422 0.763987 0.643504 -18.4509 2.77663 8.82415 33.866 1.11137 1.24188 18.8954
1.27594 -10.0243 -33.7543 1.01572 1.24787 -17.7632 3.2065 10.6907 35.0899 1.27927 1.5916 18.2218
-2.68958 -7.027 -21.6065 -3.757 -3.7592 -12.3239 3.84606 7.20073 22.5039 4.32793 4.93935 12.4881
-1.42556 -3.26214 -15.4383 -6.54951 -3.07416 -8.45408 2.13217 3.27266 15.979 8.72552 3.28317 8.57851
1.8093 -0.820909 -8.04878 -3.59045 -0.412001 -4.88664 2.28333 1.4069 8.43037 3.94781 1.8922 5.23929
1.52605 -2.07656 -5.0249 -1.0935 1.12598 -5.35856 1.8466 2.28721 5.4167 2.10288 2.24191 5.58986
0.440076 -5.09052 -4.37183 3.64662 0.147655 -4.56469 0.445921 5.73865 4.53478 4.29887 0.635102 5.02776
0.432827 -3.44351 -3.87582 -8.81813 -17.4129 -6.16266 1.65406 4.01274 3.94931 8.95018 17.4615 6.45134
-1.18098 -3.41222 -1.56216 -20.7942 -20.4857 -6.46575 2.19517 4.28969 1.90743 20.867 20.9169 6.91365
-14.0848 -3.51783 0.300513 -23.6421 -26.4819 1.12893 14.2972 4.21872 0.650117 23.9406 27.4754 2.95116
-15.7434 1.37206 2.80621 -34.118 -26.8462 2.49424 16.0307 2.90547 2.91403 34.6961 27.7992 2.63834
-15.2026 3.84935 4.74525 -34.1272 -26.8475 5.18508 16.0662 4.20022 4.7943 34.6489 28.0552 5.49337
-12.8857 6.17881 5.32294 -35.7247 -29.5637 5.11145 13.9346 6.94537 5.33195 35.9465 30.5289 5.66017
-12.6994 4.89094 3.90334 -35.9689 -30.0085 5.43992 14.0785 5.47203 3.91384 36.1367 30.7636 6.04146
-12.1635 5.25728 3.74458 -36.4537 -28.8435 5.30812 13.7019 5.76101 3.78271 36.5718 29.6285 6.12535
-12.5667 5.3463 3.43358 -35.5401 -27.6722 4.94626 13.9305 5.85492 3.55128 35.6925 28.3986 5.48467
-11.6387 4.25277 2.39415 -35.7442 -26.0217 4.52873 12.784 4.59129 2.46109 35.8342 26.4993 4.99876
-10.9253 3.67723 1.65597 -34.5587 -24.3587 4.33356 11.9108 3.91563 1.80356 34.6344 24.8718 4.88807
-12.1758 2.81669 1.02125 -32.7182 -22.4642 4.08787 12.899 2.97604 1.34875 32.7908 23.0103 4.66553
-11.7702 3.19493 0.788786 -31.2438 -18.7422 3.34538 12.1975 3.38314 0.842406 31.3428 19.1176 3.58013
-12.5199 2.49124 0.491777 -30.9414 -16.8291 1.71117 12.836 2.96067 1.02097 31.049 17.1687 1.78999
-11.99 2.04853 0.170863 -29.6181 -15.9295 0.888193 12.1337 2.63728 0.976466 29.7219 16.282 1.36882
-12.7232 0.903913 0.0708647 -28.5503 -14.4244 -0.0033118 12.8193 1.33759 0.662394 28.6319 14.5843 1.29157
-12.8243 0.495704 -0.499985 -28.7477 -13.6751 -0.912534 12.8676 0.505003 0.597003 28.781 13.7814 1.61275
-13.6648 -0.0727849 0.359213 -27.0863 -13.3897 -1.52129 13.7187 0.973004 0.409248 27.1334 13.4722 2.06563
-14.3458 -1.82451 0.647112 -25.5175 -11.7362 -1.32861 14.4014 2.1947 0.65268 25.5548 11.7533 2.79543
-14.2944 -2.3479 0.243462 -25.2197 -10.9529 -4.00219 14.3381 2.61769 0.579304 25.2777 10.9559 4.08161
-14.2064 -1.37497 -1.08642 -24.7979 -11.2575 -4.3694 14.2268 2.78804 1.56064 24.8409 11.2715 4.51431
-14.0584 -3.53131 -1.07366 -25.7285 -10.571 -2.28058 14.1186 3.79938 1.27231 25.7929 10.5957 2.34082
-13.3996 -3.4347 -2.46432 -25.8522 -9.92081 -3.77793 13.4634 3.44497 2.48879 25.9433 9.94001 3.98625
-13.45 -3.24114 -1.69169 -25.5154 -10.3399 -2.84693 13.5481 3.40402 1.78199 25.6103 10.3616 3.39215
-12.8063 -2.7205 -1.88731 -26.0993 -10.8698 -2.43927 12.9549 2.79271 2.21506 26.1547 10.903 2.70521
-12.3373 -2.85075 -2.12067 -27.5245 -10.722 -2.1158 12.5104 3.00889 2.31278 27.543 10.7621 2.31928
-12.4684 -1.44845 -1.89641 -28.165 -10.2097 -1.77897 12.6254 1.76227 2.43955 28.1786 10.2732 2.24372
-12.5654 -0.472585 -1.0134 -28.8383 -10.3011 -0.872073 12.6876 0.663855 1.35763 28.8637 10.3958 1.4291
-12.6901 -0.173839 -0.432841 -29.4668 -10.6829 -0.39066 12.8244 0.657413 1.19026 29.4914 10.8334 1.13292
-12.9272 0.339877 0.251864 -30.1654 -11.5571 0.29686 13.0253 0.862752 1.10053 30.1851 11.7614 1.11469
-12.9703 0.957243 0.80059 -30.4254 -11.5092 0.876048 13.1023 1.41692 1.24335 30.4352 11.6829 1.25411
-13.3345 1.23535 1.04925 -29.4347 -12.1576 1.14134 13.5238 1.70344 1.38142 29.4348 12.4322 1.31457
-7.63048 -1.69001 -8.23282 -20.2563 -8.24603 -1.29869 7.74365 1.73708 8.49336 20.2839 8.45917 1.92077
-3.82567 -4.14773 -9.09786 -12.9013 -4.74825 -4.55546 3.91741 4.60888 9.23665 13.1512 5.0813 5.2578
-1.25554 -0.730839 -0.44312 -6.5435 -2.92474 -1.65842 1.72977 1.42983 1.91051 6.93096 3.0508 2.3691
0.0603898 -0.395792 2.91327 -5.78604 -2.74843 -0.9048 1.27766 1.11572 3.37319 6.13283 2.86472 1.3668
-1.36937 2.36157 3.06657 -5.7807 -2.77744 -0.928612 1.50222 2.77553 3.13141 5.92019 3.08118 1.76597
-0.143755 2.70391 -14.8851 -6.33438 -2.65099 0.770699 0.688543 2.90622 15.1487 6.51899 3.05911 1.22911
1.36631 -16.9583 -18.4577 -5.85645 -1.53381 -24.9291 2.2228 17.026 18.8918 6.00361 2.07436 25.0173
2.03795 -16.5876 -30.0479 -3.50284 -1.73147 -28.8325 2.50137 16.5931 30.5144 3.69672 1.94333 29.1143
2.64218 -18.4064 -29.3519 2.32182 1.15786 -33.5946 2.85198 18.5565 29.9181 3.99968 1.42444 33.9401
3.58399 -16.3185 -36.8467 5.84635 2.24808 -27.1184 3.69187 16.3646 37.6592 6.3635 2.72076 27.4823
4.38099 -20.2801 -38.5117 5.72454 4.67306 -23.9242 4.45755 20.3096 39.2291 6.33906 4.69211 24.6104
5.25982 -20.3243 -42.3988 4.41894 4.91054 -20.8423 5.26895 20.358 43.0181 5.09349 4.93076 21.3352
5.40336 -21.2954 -45.45 3.95932 5.05327 -20.6999 5.64497 21.4355 46.0471 4.2426 5.12398 21.0023
4.40453 -18.1182 -45.3259 3.60703 4.5434 -22.4965 4.68298 18.1969 46.1558 3.85466 4.61131 22.6601
3.86811 -13.5702 -45.5575 2.99398 4.60494 -23.9533 3.98592 13.6389 46.1669 3.36751 4.64224 24.0832
3.31025 -10.7469 -43.1984 2.35615 4.23048 -26.0695 3.40562 10.849 44.0362 2.77618 4.23639 26.2906
2.6473 -9.50767 -40.9197 1.28386 3.69247 -27.4317 2.79403 9.69632 41.823 1.66631 3.75364 27.764
1.43875 -9.05326 -38.7999 0.735504 2.76949 -28.2718 1.80807 9.45844 39.9528 1.51089 2.8328 28.7809
0.749359 -7.87014 -34.6796 0.270936 1.65003 -27.801 1.51615 8.3809 35.6953 1.18819 1.74144 28.4584
0.255931 -6.81616 -33.5973 0.287886 0.728348 -25.7698 1.50236 7.69826 34.9131 1.33935 0.94633 26.4578
-0.422949 -6.02764 -33.1199 0.371 0.0413003 -24.769 1.33301 7.43358 34.6468 1.76668 0.686588 25.4849
-0.843429 -6.66778 -32.1712 0.66794 -1.0748 -24.1742 1.22305 8.23347 33.615 2.75821 1.6452 24.9328
-0.350717 -7.4753 -32.2392 0.575656 -2.64199 -21.4201 1.18901 8.8411 33.8669 1.05438 2.74644 22.004
-1.80441 -7.238 -30.0295 -0.336946 -3.09656 -21.0986 2.13878 8.34739 31.2879 1.36678 3.14684 21.5677
-1.43108 -6.41797 -31.4017 -1.35807 -3.03934 -21.2125 1.85945 7.38619 32.8281 2.42635 3.16225 21.6503
0.0125309 -5.30616 -32.1551 -0.992743 -3.27395 -20.6028 1.02203 6.53588 33.4432 2.19847 3.32624 21.0727
-1.43714 -4.07799 -31.705 -3.56182 -2.39395 -20.867 1.81098 4.62126 33.022 3.91077 2.48254 21.3133
-2.00387 -4.54259 -30.123 -2.81749 -2.04724 -21.611 2.18364 5.18922 31.2271 2.90352 2.10181 22.1183
-2.73276 -4.44725 -30.7974 -2.52894 -0.775129 -21.1427 3.12617 4.94105 32.0624 2.59301 1.09088 21.6888
-2.11412 -6.00679 -29.1858 -2.1182 -0.743497 -20.8745 2.74187 6.53115 30.3723 2.27584 1.31381 21.2902
-2.15615 -5.59466 -30.0713 -1.83226 -1.07029 -20.448 2.72159 6.17966 31.4094 2.01423 1.3789 20.9176
-1.54337 -6.50554 -29.9877 -1.20103 -0.707423 -21.0006 1.92302 7.08138 31.2989 1.60053 0.888246 21.4787
-1.05871 -7.07387 -29.7535 -0.977866 -0.16186 -20.0134 1.983 7.66504 30.8856 1.34243 0.351364 20.4052
0.0148881 -8.22015 -30.588 -0.411117 -0.131384 -19.2589 1.76455 8.65471 31.6643 1.30885 0.774297 19.623
0.351277 -8.28497 -31.8027 0.0746735 0.437358 -19.0122 2.31308 8.68701 32.909 1.09848 1.10205 19.3294
0.809468 -8.28461 -32.7766 0.61695 1.19876 -19.1422 2.78847 8.62823 33.9013 1.19989 1.68654 19.5552
0.818853 -7.89623 -33.9635 1.03851 1.57934 -19.9382 2.77471 8.4111 35.043 1.41152 1.98672 20.518
-2.68852 -4.79771 -21.2554 -3.8711 -4.73109 -12.1854 3.475 4.81743 22.2028 4.40428 5.49059 12.3506
-1.04849 -3.6357 -13.8985 -6.62398 -2.24751 -7.35735 1.48953 3.95355 14.4128 8.85125 2.58601 7.38293
2.19372 -1.90767 -6.62209 -2.83909 0.402654 -3.96559 2.57695 3.06742 7.10416 3.62865 2.43084 4.15207
0.670795 -2.56821 -4.35715 0.266473 0.448596 -4.78522 0.935275 2.73913 4.76343 3.13441 1.30904 4.87602
-0.0233244 -3.61127 -3.24747 4.8037 -0.62616 -4.65908 0.584927 4.05845 3.35419 5.22021 0.747992 4.97479
0.00196227 -3.34091 -2.47108 -14.1812 -18.9753 -5.15616 1.65732 4.26542 2.60049 14.2523 19.0049 5.76023
-1.28476 -3.47695 -1.03383 -21.4702 -22.5852 -2.54067 1.84178 4.25893 1.5636 21.506 23.4416 2.91953
-16.9147 -1.75518 -0.119446 -24.0681 -22.4476 1.24177 17.2099 3.0385 1.18793 24.6624 23.4136 2.08151
-20.0012 3.91609 4.11229 -32.8833 -21.0411 3.64075 20.2783 5.24188 4.4183 33.5124 22.5267 3.77727
-19.226 4.11519 4.91897 -33.148 -23.5116 4.88636 20.0507 4.36731 4.93187 33.4407 24.9585 5.07105
-16.2861 6.19679 4.32712 -33.2568 -25.938 4.58653 17.2115 7.45305 4.36352 33.3651 26.7273 4.94689
-16.2676 4.78528 3.76042 -33.6447 -27.2966 5.71315 17.3596 5.77839 3.79276 33.6668 27.9863 6.62409
-15.6346 5.13166 3.88054 -36.4753 -25.8322 5.29428 16.9653 5.91631 3.88782 36.4772 26.3199 6.36387
-15.4714 4.88281 3.38374 -35.4926 -24.1699 5.44138 16.657 5.46724 3.44643 35.4964 24.5568 6.20696
-15.0396 4.18738 2.59394 -34.3107 -23.0398 4.3564 16.0413 4.43287 2.71041 34.3171 23.5138 4.68281
-14.6463 4.00266 1.61615 -34.3509 -20.1902 4.20245 15.3522 4.31845 1.7543 34.3601 20.622 4.72834
-16.085 3.60713 0.659714 -32.7079 -18.006 3.98371 16.7378 3.94948 0.800571 32.7334 18.4458 4.56247
-15.1712 3.64533 0.452366 -31.6188 -14.9932 3.4879 15.5336 3.98114 0.662844 31.6529 15.218 3.74601
-15.9743 2.91532 0.228329 -31.9394 -13.5207 1.71976 16.1228 3.41301 1.21661 31.9946 13.6872 1.79208
-16.0823 2.0647 -0.0785918 -28.7703 -13.4653 0.459907 16.1607 2.33529 1.24536 28.8461 13.6795 1.72678
-15.7872 0.204069 0.0789433 -28.2167 -12.5535 -0.867234 15.7985 0.822975 0.703599 28.2999 12.599 2.31533
-15.413 -0.590839 -0.162724 -25.5955 -12.7067 -1.87583 15.4286 0.841665 0.382663 25.6665 12.7413 2.13087
-15.0857 -0.997131 0.524882 -25.6241 -12.9694 -2.12514 15.1058 0.997407 0.615825 25.7076 13.0049 2.22577
-14.533 -2.88371 0.828043 -25.6227 -11.885 -2.1742 14.5637 2.9039 0.85604 25.6819 11.8962 2.45557
-13.4962 -3.09107 0.170475 -24.8181 -11.7262 -3.37023 13.5307 3.12275 0.306648 24.8803 11.7347 3.50647
-13.0344 -3.04642 -1.01634 -24.7904 -12.0242 -3.16781 13.0543 3.23858 1.15473 24.8404 12.0552 3.33796
-12.4565 -3.60485 -1.29808 -25.7005 -11.7038 -1.47831 12.5042 3.74365 1.55005 25.7437 11.7421 1.69444
-11.8665 -3.11754 -1.71093 -26.7241 -11.0883 -2.5769 11.9024 3.28429 2.15787 26.778 11.1105 2.7158
-11.432 -2.61661 -2.44296 -26.2422 -11.5649 -2.89575 11.4644 2.64457 2.5197 26.283 11.6101 3.08581
-11.0296 -2.68124 -2.67825 -27.5233 -12.2384 -2.49298 11.0764 2.80465 2.91486 27.5565 12.3081 3.15786
-10.7853 -2.50197 -2.11359 -28.511 -12.1653 -1.8537 10.867 2.50911 2.42462 28.5312 12.2276 2.21082
-10.6013 -1.22198 -1.2417 -29.1852 -11.7746 -0.92137 10.6457 1.31643 1.58481 29.213 11.8209 1.4744
-10.8427 -0.110749 -0.512817 -29.7677 -12.0544 -0.401087 10.8755 0.426528 1.22235 29.805 12.1338 0.80325
-11.092 0.405693 0.0245669 -29.7563 -12.2466 -0.438577 11.1354 0.56596 0.855391 29.7956 12.3749 0.810125
-10.5692 1.1542 0.248826 -30.6234 -13.1206 -0.0755408 10.6118 1.2783 0.844008 30.6564 13.2766 0.694661
-9.99743 1.64461 0.486522 -30.9369 -13.5303 0.883934 10.08 1.83882 0.996014 30.9627 13.692 1.06064
-10.2831 1.80858 0.97001 -30.6958 -14.324 1.74527 10.4671 2.03621 1.40905 30.7122 14.5462 1.86614
-6.34618 -2.2387 -7.93643 -20.4372 -8.75243 -2.10636 6.49331 2.48544 8.09523 20.5523 9.02571 2.31774
-3.27418 -3.48498 -7.78299 -11.2605 -4.65412 -4.27546 3.78305 4.06849 8.0949 11.6097 4.9676 4.93259
-1.26352 -0.424569 1.13034 -6.34535 -3.51564 -1.15512 2.32354 0.597416 2.32173 6.81723 3.65489 2.18788
-0.961765 0.546753 2.52353 -5.09341 -4.61577 -1.23893 1.92178 1.27361 3.02684 5.42301 5.28176 1.59582
-0.848403 3.20937 3.11276 -5.26108 -3.48563 -1.78584 1.42953 3.46973 3.37194 5.59538 3.87772 2.5325
-0.179146 3.03278 -16.0083 -5.21222 -2.79366 -24.0782 1.49111 3.81393 16.1381 5.59777 3.20454 24.3399
-0.425852 -14.4008 -26.2706 -2.9565 -1.91649 -26.8043 1.95774 14.446 26.708 3.66083 2.10069 27.2301
1.10244 -15.6917 -32.0255 0.566672 0.158579 -29.1458 2.21805 15.7243 32.8274 1.92975 0.529986 29.5303
2.64755 -17.1176 -34.3233 4.8351 1.6431 -26.864 3.43051 17.1646 35.1755 5.70786 2.07741 27.3428
4.84978 -14.8195 -36.8429 6.68446 3.92269 -25.6015 4.92178 14.8454 37.9683 6.97459 3.95512 26.0499
4.29044 -14.8741 -38.2836 4.85718 4.70331 -25.334 4.30947 14.9253 39.0294 5.57633 4.77057 25.6291
5.06486 -16.762 -43.2595 3.89085 5.45238 -23.3081 5.20805 16.8094 44.1479 4.17759 5.51676 23.4181
4.13174 -19.5114 -43.4923 3.6968 4.6199 -22.5329 4.25647 19.5765 44.2611 3.88222 4.6506 22.6222
4.5075 -15.9116 -45.526 2.96652 4.19851 -21.7461 4.56455 15.9809 46.2576 3.41229 4.21631 21.8197
4.15718 -12.3389 -46.4951 2.76909 4.4507 -23.5794 4.17974 12.4621 47.2868 3.0239 4.47196 23.75
3.60012 -10.3599 -43.3111 1.84126 4.23785 -24.9113 3.6221 10.5537 44.0754 1.86199 4.24633 25.1753
2.2867 -9.48085 -40.339 1.35477 3.39712 -24.6826 2.44759 9.78749 41.2331 1.41667 3.39837 25.0931
1.04868 -8.35903 -39.1013 0.798227 2.21247 -25.9998 1.44715 8.68459 40.2553 0.998472 2.22661 26.4874
0.17391 -8.11326 -36.1393 0.47235 1.42385 -25.2208 1.08247 8.43842 37.3242 0.920227 1.43802 25.8262
-0.147863 -8.5719 -34.7899 1.09807 0.477013 -23.0882 0.912638 9.03796 36.1232 2.30902 1.51692 23.7268
-0.0576676 -8.74451 -33.4558 0.727752 -0.35625 -22.5566 0.794328 9.40382 34.9209 0.883338 0.626204 23.1532
-0.181152 -9.23601 -31.7515 0.385828 -2.08806 -18.4517 1.02359 10.0408 33.097 1.56767 2.12907 19.0614
-1.22183 -8.78576 -32.7844 1.54267 -2.51942 -18.2489 1.92453 9.49387 34.1055 2.63577 2.59583 18.812
-1.67144 -7.66881 -33.7664 -1.01533 -2.28261 -17.394 2.02702 8.40876 35.0775 2.10269 2.37725 18.0507
0.579818 -6.93593 -33.3642 -1.11061 -2.94098 -18.2538 1.19061 7.63578 34.6263 1.73979 2.96039 18.9275
-0.301774 -5.2829 -32.7131 -1.99024 -2.47856 -19.2375 0.871521 6.43663 33.9819 2.31274 2.51316 20.0626
-1.18421 -5.28592 -32.1212 -3.49002 -2.61632 -19.9098 1.35723 6.08468 33.4166 3.63475 2.65291 20.569
-2.6141 -5.37719 -31.9486 -3.2462 -2.35977 -18.7404 2.6831 6.29577 33.3547 3.34599 2.37108 19.4115
-1.97011 -5.35671 -32.2962 -1.91468 -1.56003 -19.438 2.17295 6.1735 33.7739 2.0269 1.58541 20.1336
-2.34013 -6.25337 -31.4053 -2.1346 -1.72724 -19.5778 2.78091 6.99865 32.8203 2.25989 2.09536 20.286
-2.10192 -7.17709 -30.8956 -1.33971 -0.927643 -18.2254 2.734 7.84419 32.1306 1.5582 1.40967 18.8492
-1.14256 -8.54749 -32.4469 -1.03516 -0.560189 -17.345 2.27775 9.11268 33.7927 1.28154 1.32269 17.8781
-0.377404 -8.86067 -32.4815 -1.20748 0.0962804 -17.9648 2.00432 9.37761 33.8436 1.45087 0.947676 18.489
0.311537 -8.598 -32.927 -0.361953 0.79612 -17.9641 1.97926 9.15936 34.2196 0.989051 1.45113 18.499
0.688393 -8.73605 -33.5849 0.43875 1.22645 -18.3752 2.16073 9.25983 34.7749 1.06149 1.74826 18.8197
0.777155 -8.9388 -34.2985 0.824167 1.45628 -18.1788 2.1641 9.42141 35.5749 1.23865 1.94125 18.5484
1.21613 -9.64494 -35.9514 1.19778 1.71112 -18.3645 2.4455 10.3055 37.3458 1.4978 2.34737 18.8926
-2.16826 -4.10018 -18.0333 -6.1132 -4.00097 -9.45308 2.78742 4.16352 18.9643 6.88572 4.36438 9.5287
-1.02967 -2.17455 -11.3116 -6.34223 -2.12344 -4.94743 1.93298 2.60088 11.8267 7.64573 2.29087 5.05558
1.64731 -2.60403 -6.9727 -2.13386 1.47216 -3.12877 2.54946 3.78933 7.48722 2.65411 2.68671 3.46779
0.0691963 -3.67718 -5.17547 1.7825 0.387911 -3.52302 1.05887 4.01967 5.50427 3.46214 1.7628 3.94815
-0.0381816 -4.92071 -3.70127 4.60067 -0.879929 -3.92211 0.886901 5.46422 3.80936 5.07406 1.59276 4.22223
-4.0583 -3.62098 -3.36844 -13.6004 -16.3916 -4.46929 4.83875 4.32405 3.64897 13.7246 16.4109 5.08767
-13.7624 -5.83131 -0.872268 -10.3172 -21.3008 -2.80906 14.1127 5.89735 1.68028 11.3969 21.923 3.24139
-13.9336 -3.11796 1.14419 -18.4014 -19.7062 -1.70143 14.5577 3.83322 1.35179 18.8394 20.7475 1.99993
-15.967 -0.605088 4.79902 -27.7739 -24.2429 -0.192968 16.8815 2.47457 4.85518 28.4007 25.4087 1.02816
-15.0152 4.11379 4.57209 -32.3188 -25.9324 5.06147 16.0326 5.26938 4.61698 32.5812 27.1247 6.01516
-15.3639 5.75527 3.90553 -34.913 -24.0602 7.36143 16.2584 6.29581 3.91093 35.225 25.1797 7.77571
-16.6418 6.36292 3.30294 -37.0761 -23.4259 7.08694 17.5277 7.3492 3.33772 37.3581 24.4904 7.7442
-17.5351 5.74079 3.00716 -38.6287 -22.0253 5.81721 18.1647 7.12309 3.05553 38.7843 22.815 6.45277
-17.5821 4.8175 2.97767 -36.0704 -21.4848 4.78331 18.1254 5.89423 3.04778 36.2192 22.1071 5.41713
-16.7894 3.88822 2.61973 -34.3953 -20.301 4.4458 17.2219 4.90071 2.75555 34.4775 20.776 4.89004
-17.0651 3.33987 1.84297 -33.0639 -18.4128 3.87682 17.4021 4.3299 2.04532 33.0944 18.7504 4.14503
-15.855 2.93008 1.31243 -31.9937 -17.9674 2.82179 16.0977 3.9368 1.6805 32.0059 18.2324 3.02717
-15.1899 2.67069 0.725733 -31.5293 -16.5879 1.97831 15.3852 3.23668 1.42777 31.5318 16.6725 2.01898
-13.444 2.16759 0.281099 -31.5632 -15.6382 1.28624 13.5426 2.44171 1.11313 31.5699 15.6777 1.38293
-13.6991 0.876593 -0.0611701 -31.1207 -14.9119 0.945025 13.7581 1.4094 0.779268 31.1284 14.9784 1.39908
-14.0643 0.0551544 0.240878 -30.2471 -13.2982 0.264082 14.0933 0.672627 1.74623 30.2686 13.3203 1.1371
-14.322 0.02573 -0.0533315 -30.1917 -12.0209 -0.827865 14.3331 0.148499 0.888461 30.2137 12.0281 1.14599
-14.4088 -0.75893 0.332321 -30.0444 -11.6966 -2.2579 14.4103 0.886508 0.599911 30.0883 11.7198 2.32279
-15.1061 -2.61245 -0.590364 -29.6451 -10.5423 -2.6453 15.1144 2.6699 0.9289 29.6733 10.5552 3.23362
-14.8374 -2.63821 -1.76194 -29.3248 -9.48693 -4.11302 14.8407 2.66851 1.84848 29.3592 9.51662 4.15025
-14.7419 -3.1116 -0.613472 -29.101 -9.05555 -1.0757 14.7578 3.13511 0.646454 29.1738 9.07617 1.24755
-15.1725 -3.51784 -2.1055 -28.2236 -9.47645 -2.47223 15.1983 3.63327 2.10938 28.2685 9.47786 2.59518
-13.4882 -3.14954 -1.45047 -28.3904 -9.71073 -3.35003 13.4984 3.2813 1.64343 28.458 9.71532 3.50116
-13.15 -2.7077 -2.09339 -28.1992 -10.2045 -2.68035 13.1718 2.71671 2.2331 28.2734 10.218 2.79637
-12.4013 -2.55492 -2.46944 -28.9646 -10.772 -2.21874 12.4417 2.72879 2.88734 29.0308 10.7811 2.50086
-12.3428 -2.45601 -2.02325 -30.2566 -11.2028 -1.32732 12.3711 2.49805 2.24033 30.2912 11.2107 1.47097
-12.6243 -1.96332 -1.01904 -30.6291 -11.2345 -0.656818 12.6391 2.09715 1.52398 30.6462 11.2699 1.01133
-12.5585 -1.12148 -0.215498 -30.7742 -11.0188 -0.247125 12.5659 1.43051 1.10483 30.7908 11.0781 0.802813
-12.2059 -0.62984 0.0399235 -31.2455 -11.375 -0.0960374 12.2091 1.27149 1.06549 31.2768 11.4497 0.66588
-12.1523 0.255373 0.622705 -31.0421 -12.1808 0.413412 12.1565 1.19884 1.21957 31.0674 12.2957 0.867286
-12.0883 1.13564 0.663678 -31.3362 -12.9568 1.17809 12.1076 1.57489 1.22141 31.3616 13.1029 1.36497
-12.2206 1.93057 0.830017 -30.6563 -13.6524 1.70795 12.2864 2.26514 1.1789 30.6726 13.8407 1.83454
-4.97848 -4.42848 -10.3711 -17.7847 -6.8177 -4.31674 5.07158 4.64721 10.3726 17.9333 7.18842 4.72773
-1.48341 -1.95032 -1.4847 -8.22025 -4.09297 -2.36389 2.42017 2.11633 2.27708 8.65386 4.39529 3.20147
-0.0975738 0.0619037 2.49493 -5.02828 -3.7742 -0.757267 1.62932 0.133978 3.06291 5.37333 4.03096 1.57947
-0.669668 1.32431 1.22919 -6.04433 -2.54768 -0.986955 1.28728 1.71315 1.24355 6.24802 2.78433 1.76428
0.110644 1.68955 -14.3666 -6.4926 -1.04422 0.449558 0.788757 2.30148 14.4316 6.68572 1.13653 1.66675
2.29965 0.351904 -18.7481 -7.86722 -0.258838 -1.17338 3.43078 0.496716 19.0252 8.00456 0.46271 1.98986
4.0092 -1.13357 -21.4704 -8.61907 3.04893 -13.7349 4.33997 1.5111 21.8124 8.68284 3.09772 14.3928
2.87369 -15.4176 -23.8647 -5.14788 1.74981 -31.5323 2.97627 15.9507 24.8694 5.38305 1.92506 31.7734
1.48559 -14.2889 -28.3604 1.60637 2.68089 -37.7262 2.38416 14.4121 29.0945 4.13577 3.04214 37.9474
2.21295 -15.0387 -37.3955 5.36772 2.11662 -31.3482 2.47625 15.0547 38.0217 6.59109 2.35361 31.8727
4.32264 -18.9524 -42.1642 5.76695 5.28055 -22.3229 4.4227 19.0477 42.9895 6.25185 5.29612 23.5343
5.28692 -24.309 -45.357 4.26954 5.24472 -21.0812 5.30277 24.5074 45.8618 5.04681 5.27674 22.445
6.67511 -24.1219 -44.3697 3.37527 4.66049 -18.6473 6.93795 24.2827 44.9075 3.61549 4.73401 19.4544
5.80807 -19.512 -45.6741 3.25874 5.13631 -21.3574 6.23622 19.6032 46.1873 3.42473 5.23786 21.8549
4.08133 -13.6474 -44.5608 2.84367 4.57052 -25.6698 4.21956 13.6658 45.151 2.88749 4.68378 25.7916
2.92995 -9.40369 -43.3062 1.85018 4.50659 -29.3568 2.9751 9.41793 44.0961 1.97434 4.50679 29.5141
2.55358 -7.87593 -38.642 1.19398 4.16919 -30.8122 2.60087 7.9076 39.4773 1.43305 4.31813 31.0323
1.9107 -7.70635 -35.9515 0.99996 2.57296 -30.9537 1.92438 7.96543 36.8945 1.67914 3.007 31.2742
1.01377 -8.28136 -34.2983 1.01174 1.54392 -29.5172 1.27759 8.78422 35.3261 1.42729 1.67699 29.9428
0.125033 -8.92946 -30.4835 1.03426 0.380233 -26.7943 1.62807 9.54804 31.5008 1.06699 1.16713 27.3307
-1.59301 -9.3736 -29.0663 0.369285 -1.02387 -24.1163 2.48773 10.0473 30.1144 0.743944 2.12817 24.7992
-1.56363 -8.95392 -28.6074 0.483562 -2.38519 -23.2631 1.91879 9.75059 29.8155 1.44205 2.56164 23.9628
-1.08519 -7.71122 -29.4829 0.674517 -3.29685 -21.097 2.1716 8.64022 30.644 1.51706 3.50904 21.9017
-1.47345 -6.91544 -28.5135 -1.58422 -3.91334 -20.5337 2.79145 7.93558 29.5051 2.49848 4.09359 20.9469
-1.82402 -6.32603 -30.464 -2.17558 -3.2018 -20.0725 3.23027 7.33822 31.565 3.24946 3.30938 20.3072
-1.08112 -5.64678 -30.099 -3.96595 -2.64732 -20.1315 1.55398 6.3782 30.9945 4.23206 2.76957 20.307
-1.6514 -5.17039 -30.0269 -3.3107 -2.09279 -20.001 1.82881 5.78286 31.0532 3.44259 2.22593 20.2471
-2.68649 -5.63751 -28.3078 -2.17936 -0.637819 -21.0969 3.74731 6.12362 29.054 2.31825 1.51231 21.4309
-2.75148 -5.5999 -28.2815 -2.09449 -0.991202 -20.8816 4.07058 5.97851 29.2243 2.35269 2.13898 21.2091
-2.01839 -6.07751 -28.5139 -2.40359 -0.907855 -20.5868 2.22507 6.47885 29.3985 2.53983 1.32949 20.9043
-1.47128 -6.93053 -28.4113 -1.5172 -1.09308 -20.3156 2.2559 7.49368 29.4237 1.58014 2.25533 20.5521
-0.769389 -7.98117 -27.3902 -1.00505 -0.727929 -20.8877 1.29855 8.53741 28.2416 1.4365 1.4113 21.0719
-0.106676 -8.74465 -28.0525 -0.796574 -0.463453 -20.2141 1.86665 9.17869 28.9517 1.00488 1.52163 20.3768
-0.0646542 -9.19825 -28.3338 0.0690781 0.662412 -20.4353 2.79569 9.47428 29.1682 0.815978 1.70967 20.6206
0.203997 -9.75548 -28.1518 0.499539 1.32512 -19.8108 2.16238 9.93901 28.8313 0.900239 1.97033 19.988
0.839775 -10.5464 -29.4638 0.486726 1.38936 -19.0664 2.48086 10.7073 30.2513 1.09847 1.96099 19.2523
-1.67285 -9.46995 -21.6744 -3.13471 -1.92764 -14.0828 2.8003 9.48293 22.1432 3.16744 3.09855 14.2355
-2.29585 -5.03906 -14.8224 -9.06795 -4.17331 -9.27353 2.86105 5.39416 15.3398 9.80413 4.31186 9.44661
0.233555 -1.36741 -8.08581 -7.91369 -0.975702 -4.7387 1.47368 2.37707 8.30633 8.29286 2.01817 5.20639
0.564141 0.313395 -4.33269 -3.83358 0.595898 -2.85031 1.37638 1.96617 4.48616 5.22548 2.05799 3.58032
-7.5548 -2.29604 -2.39051 0.0684691 -18.7578 -3.82989 8.0648 2.36767 2.51918 2.76516 18.9297 4.64333
-6.58746 -5.22748 -0.70683 -24.4401 -5.99258 -5.27618 8.04159 5.68591 0.799828 24.9034 6.50925 6.0827
-4.5133 -0.872357 0.478765 -30.2919 -7.06202 -3.13611 4.70707 0.945802 0.562364 30.5023 7.32766 3.95162
-2.67568 2.47106 1.31856 -34.4148 -19.795 -0.745255 3.53175 3.19697 1.46435 34.8909 19.8894 2.21432
-9.90131 2.97191 2.51607 -33.1953 -24.8411 3.67713 10.1157 3.21761 2.65051 33.8143 24.8771 4.7795
-21.4257 3.1282 3.82848 -36.0375 -19.8841 6.18465 21.5703 3.18773 3.84121 36.7132 19.92 6.55453
-24.6594 5.08707 5.26404 -37.9028 -17.1158 4.3472 25.0191 6.45325 5.28006 38.4956 17.227 4.53448
-22.828 5.17007 4.40445 -39.1048 -21.213 3.28694 23.4985 6.11815 4.43094 39.5122 21.3146 3.37733
-19.8062 6.01877 4.1764 -41.6498 -24.1685 4.05439 20.5998 6.85503 4.21634 41.8109 24.2343 4.37166
-18.193 4.73345 3.67249 -41.5235 -26.4624 5.44261 18.9498 5.12144 3.68843 41.5539 26.5274 6.25311
-16.6643 4.07722 3.10098 -39.2732 -25.9809 5.49081 17.4197 4.47976 3.14784 39.2923 26.0235 6.61463
-15.8292 4.4925 2.33668 -37.7991 -24.302 5.02827 16.3253 5.16987 2.38484 37.836 24.3984 5.66689
-15.2338 4.49961 1.42449 -37.4806 -21.5719 4.29179 15.5714 5.07268 1.50088 37.5689 21.6595 4.63539
-14.9654 4.05273 0.790221 -36.9186 -17.9548 3.80691 15.2275 4.51272 1.05759 37.0384 17.9735 4.1152
-14.6332 2.51036 0.22356 -35.3674 -16.1412 2.79977 14.7504 3.09646 0.837204 35.4863 16.1785 3.09673
-15.4265 1.30522 -0.526739 -33.5512 -14.4412 1.64561 15.4775 1.9605 1.2048 33.6809 14.485 2.51525
-16.0381 1.44464 -0.57363 -33.0268 -13.0754 0.0712529 16.0459 1.70633 0.999309 33.1515 13.1352 1.65328
-16.3999 0.359795 0.0229769 -30.4104 -12.5677 -0.504306 16.4086 1.20845 0.391929 30.4918 12.6751 1.38348
-15.7348 -0.171819 0.327896 -27.316 -13.1768 -1.91799 15.7521 0.462614 0.455601 27.4002 13.2941 2.34419
-15.0376 -1.22308 0.758484 -26.2782 -14.1033 -3.35253 15.1179 1.48816 0.787367 26.3839 14.2442 3.68226
-13.7378 -2.03876 0.734349 -25.5297 -13.7576 -3.88321 13.7618 2.60509 1.50592 25.6187 14.0011 4.63206
-12.1368 -4.45388 -0.984463 -25.2919 -14.0282 -3.73506 12.1946 4.73633 1.85292 25.3814 14.2655 3.9169
-11.0523 -3.75793 -0.244302 -25.0075 -14.6308 -1.25944 11.0983 4.13621 1.14506 25.0526 14.7366 1.73228
-10.3605 -3.48323 -1.7905 -26.1874 -13.2599 -2.19298 10.3807 3.64703 2.08162 26.2383 13.3254 2.75595
-10.1644 -2.72625 -2.48864 -27.4469 -12.2095 -3.17844 10.1752 3.03837 2.68631 27.5193 12.2646 3.18677
-10.1959 -2.41714 -3.11118 -28.9545 -12.1873 -2.63528 10.2181 2.47095 3.35742 29.0616 12.2472 2.70188
-10.0068 -1.7187 -2.27167 -29.3898 -13.1366 -2.1879 10.0158 2.69502 2.97386 29.4868 13.2232 2.81004
-10.3583 -2.322 -1.48528 -29.3967 -14.2247 -1.33984 10.3759 3.07466 1.66168 29.4723 14.3497 1.97943
-11.0848 -1.46119 -1.04238 -29.5324 -13.9409 -0.337863 11.0872 1.91553 1.56257 29.6168 14.0647 0.801401
-11.2612 -0.792276 -0.518692 -29.6678 -14.4146 -0.251393 11.2719 1.56701 1.07912 29.8421 14.4842 0.587234
-10.7832 -0.0302081 0.165188 -29.8351 -15.4448 -0.174153 10.7986 1.53658 0.961748 29.9815 15.4658 0.556907
-10.0097 0.64778 0.322078 -31.2475 -15.9334 0.0428914 10.1054 1.05921 1.17293 31.4709 15.9637 0.751172
-8.9642 1.36903 0.535477 -32.5586 -16.196 0.428815 9.07614 1.76913 1.07004 32.7991 16.2583 0.712953
-4.07479 -0.46522 -6.18308 -21.0578 -10.2946 -2.20486 4.25814 0.78207 6.42916 21.2603 10.3302 2.40176
-1.50185 -2.89933 -7.6433 -11.3218 -5.25654 -3.8825 1.93734 3.3087 7.73715 11.6104 5.5275 3.94703
-0.391637 -1.86499 -3.66758 -6.76732 -3.33118 -2.70565 1.78584 2.33173 4.1477 7.19458 3.6094 2.96589
-0.818179 -0.329787 -0.995324 -7.80267 -4.1166 -1.44642 1.60793 0.841367 1.6426 7.96239 4.3001 1.70458
-2.69242 0.423549 -5.53887 -8.94266 -7.22823 -1.83796 2.88552 0.542816 5.75162 9.08092 7.47273 2.01912
-2.92778 -0.948976 -18.3706 -10.5374 -9.74226 -27.2147 3.53269 1.29118 18.4828 10.9981 9.87343 27.3255
-6.36745 -17.4768 -27.6571 -11.9697 -5.17793 -28.7908 6.62407 17.7457 27.7378 12.2165 5.62488 29.0842
-2.98817 -14.7131 -23.2306 -10.2829 -3.26478 -25.3145 3.89051 14.8865 23.5588 10.7137 3.36432 25.7537
-3.1968 -14.6908 -22.9078 -7.71204 -7.18641 -22.2337 3.44331 14.7755 23.2733 8.27165 7.23072 22.5742
-4.62539 -11.6148 -21.8421 -6.80185 -7.56969 -21.7994 4.91949 11.767 22.1305 7.12094 7.63658 22.0246
-4.7586 -12.4577 -21.2569 -6.33241 -6.37924 -18.1793 5.00822 12.485 21.5043 6.52327 6.41983 18.3753
-4.76939 -11.2116 -19.4158 -6.39066 -4.91634 -17.2408 5.06644 11.2195 19.6072 6.50089 4.94566 17.3878
-4.0165 -10.9805 -17.9449 -6.40592 -5.49542 -18.0923 4.20755 10.9877 18.1915 6.51598 5.50339 18.2226
-2.83369 -10.1735 -17.0777 -6.86586 -6.45908 -18.3648 3.08757 10.1874 17.3136 6.94036 6.4689 18.48
-2.74821 -9.99225 -16.5761 -7.16694 -6.86341 -17.539 2.93815 10.0052 16.8274 7.2515 6.88206 17.6592
-3.01803 -9.34368 -16.1313 -7.20629 -7.46228 -16.9093 3.30383 9.37284 16.3673 7.34034 7.48229 16.9958
-3.53412 -8.80865 -15.7191 -7.57735 -7.34679 -16.4022 3.82258 8.87523 16.0019 7.73226 7.38413 16.4971
-4.11267 -8.88168 -15.3901 -7.36488 -7.56017 -16.6077 4.47061 8.93495 15.6659 7.51815 7.6184 16.72
-3.99893 -8.88945 -15.1023 -7.02491 -8.27557 -16.7243 4.36093 8.90902 15.3564 7.12895 8.335 16.8402
-3.75914 -9.07593 -14.9622 -7.19398 -9.22383 -16.362 4.17499 9.07994 15.2201 7.27888 9.26865 16.4357
-3.95535 -8.59983 -14.6611 -7.17882 -9.57308 -15.8681 4.22183 8.6032 14.915 7.25663 9.60282 15.9587
-4.05955 -8.44774 -14.4583 -7.54269 -9.76073 -16.3306 4.31627 8.45214 14.7307 7.65772 9.78805 16.4372
-4.16902 -8.46204 -14.1608 -8.0943 -9.71812 -16.1253 4.41822 8.47729 14.4216 8.23903 9.75667 16.2168
-4.16655 -8.73983 -13.8865 -8.59486 -9.29939 -16.3809 4.42109 8.75956 14.1642 8.76064 9.33915 16.4687
-4.3279 -8.57339 -13.5146 -8.58395 -9.88654 -16.1128 4.55441 8.58885 13.792 8.74672 9.93549 16.1989
-4.37997 -8.27184 -13.3815 -8.58891 -10.0731 -15.8772 4.60921 8.2875 13.6721 8.74501 10.1185 15.9458
-4.52382 -8.07443 -13.311 -8.34335 -10.5113 -15.6659 4.7619 8.08534 13.5916 8.48824 10.5437 15.7328
-4.75969 -7.90117 -13.0515 -8.36273 -10.7436 -15.291 4.97302 7.91075 13.326 8.50019 10.7878 15.3498
-4.89152 -7.70868 -12.9599 -8.41235 -10.6629 -15.2306 5.14731 7.71702 13.2336 8.54846 10.7023 15.3057
-4.95579 -7.52914 -12.9621 -8.41473 -10.8302 -15.2413 5.25026 7.53466 13.232 8.5506 10.8781 15.3373
-5.23601 -7.41831 -12.8308 -8.31536 -11.2545 -14.7329 5.47112 7.42692 13.1118 8.45257 11.2921 14.8174
-5.36978 -7.51842 -12.501 -8.22017 -10.7789 -14.5647 5.60653 7.52792 12.7674 8.3657 10.8048 14.6484
-5.46159 -7.70303 -12.4835 -8.32061 -11.1165 -14.2197 5.71814 7.71351 12.7429 8.46995 11.1567 14.3025
-5.62559 -7.74271 -12.3899 -8.44106 -10.9501 -13.9646 5.8253 7.75412 12.6432 8.57526 10.9863 14.0363
-5.80926 -7.62221 -12.1564 -8.48612 -10.9262 -13.7478 6.00482 7.63061 12.4043 8.62589 10.951 13.8144
-5.94798 -7.7161 -11.8662 -8.55769 -10.773 -13.3872 6.16854 7.72748 12.1006 8.68385 10.7972 13.4439
-6.0923 -8.06997 -11.5874 -8.76557 -10.7918 -13.3108 6.28475 8.07615 11.7895 8.87135 10.8112 13.3621
-6.37525 -8.24576 -11.4516 -8.88382 -10.5076 -13.1971 6.59127 8.25124 11.6595 8.97757 10.5335 13.2614
-6.58894 -8.48085 -11.6894 -8.93076 -9.96358 -13.0622 6.79369 8.48744 11.9373 8.99549 9.99491 13.1339
-6.79224 -8.77185 -11.4897 -9.02638 -10.1336 -12.8806 6.92587 8.77909 11.7124 9.07858 10.1545 12.9564
-6.92874 -9.06533 -11.4176 -9.14065 -9.85032 -12.7177 7.02915 9.07888 11.6326 9.19589 9.86383 12.7932
-7.06245 -9.12521 -11.3417 -9.18978 -9.61446 -12.4827 7.14683 9.1335 11.5529 9.2491 9.6245 12.5577
-7.29335 -9.26042 -11.3238 -9.42387 -9.72443 -12.3913 7.35572 9.26847 11.5307 9.48224 9.73792 12.4677
-7.38274 -9.45199 -11.1057 -9.40333 -9.65511 -12.2028 7.45593 9.46165 11.3074 9.47505 9.67657 12.2673
-7.40259 -9.68141 -11.0168 -9.4704 -9.49141 -12.1647 7.52393 9.68944 11.2218 9.56474 9.5086 12.2245
-7.33637 -9.82011 -10.9443 -9.60915 -9.37274 -12.1261 7.47656 9.83148 11.1539 9.69719 9.38273 12.1896
-7.43643 -9.95569 -10.7463 -9.63362 -9.3916 -12.0624 7.58314 9.96133 10.9417 9.71226 9.4115 12.1213
-7.48382 -10.1163 -10.6101 -9.82124 -9.25065 -12.0209 7.62886 10.1233 10.8146 9.89887 9.2749 12.0919
-7.4566 -10.2552 -10.5125 -9.9396 -9.08686 -11.9293 7.606 10.261 10.7154 10.0261 9.1113 12.0179
-7.45179 -10.35 -10.3956 -9.98884 -9.02428 -11.9268 7.62091 10.3558 10.5951 10.0756 9.04364 12.001
-7.35245 -10.2406 -10.2981 -10.0136 -9.02415 -11.8701 7.47918 10.25 10.4957 10.1102 9.03606 11.9363
-7.42505 -10.0222 -10.3253 -9.98525 -9.16871 -12.0111 7.56198 10.0324 10.5245 10.096 9.18954 12.0857
-7.39786 -9.90441 -10.2246 -10.008 -9.21891 -12.1046 7.52617 9.91625 10.4168 10.1184 9.24133 12.1837
-7.28407 -9.94284 -10.0858 -10.0755 -9.2848 -12.1672 7.41264 9.96206 10.2779 10.1693 9.30352 12.2199
-7.14509 -9.80337 -10.0582 -9.90466 -9.46923 -12.2918 7.26932 9.81445 10.245 10.0429 9.48731 12.3651
-7.05922 -9.81041 -10.1634 -9.88912 -9.84099 -12.3884 7.19323 9.82492 10.3716 9.99981 9.86104 12.4683
-6.91753 -9.58815 -10.091 -9.84481 -10.1191 -12.5409 7.08678 9.59622 10.2935 9.96181 10.1507 12.6288
-6.85395 -9.31518 -10.1122 -9.93889 -10.4279 -12.5301 7.01948 9.31951 10.3144 10.0341 10.4718 12.6031
-6.75963 -9.06463 -10.1339 -10.0311 -10.2758 -12.7269 6.91281 9.07278 10.3318 10.1203 10.3074 12.8246
-6.75963 -9.04637 -10.2068 -10.0089 -10.5087 -12.7929 6.91281 9.05325 10.4076 10.0938 10.5378 12.887
-6.64016 -8.80459 -10.109 -9.96221 -10.7645 -12.9442 6.78401 8.81828 10.3017 10.0724 10.7844 13.0307
-6.51787 -8.63437 -10.1616 -9.89117 -10.9541 -13.0332 6.64029 8.65083 10.3646 10.0071 10.9753 13.1187
-6.42041 -8.5152 -10.0781 -10.0299 -11.0073 -13.1606 6.54116 8.53119 10.2588 10.161 11.0298 13.2307
-6.3704 -8.37978 -10.1341 -9.84227 -11.0972 -13.0914 6.50256 8.4021 10.3304 9.96946 11.1182 13.1588
-6.30072 -8.14091 -10.081 -9.8934 -11.1825 -13.2329 6.42031 8.15361 10.264 10.0042 11.1951 13.3048
-6.23949 -8.18821 -10.1058 -9.81796 -11.4645 -13.2358 6.35927 8.2048 10.2938 9.91794 11.4798 13.3138
-6.19761 -7.94911 -10.2007 -9.86888 -11.5308 -13.3858 6.32932 7.96222 10.3876 9.96921 11.5562 13.4723
-6.22241 -7.90753 -10.2033 -9.8693 -11.5273 -13.3359 6.35943 7.92096 10.3941 9.96956 11.5582 13.4048
-6.20015 -8.0172 -10.1312 -9.89361 -11.6195 -13.5084 6.32216 8.03017 10.3219 9.97463 11.6411 13.5875
-6.24465 -8.00089 -10.0814 -9.89145 -11.6198 -13.4114 6.38968 8.01238 10.2653 9.97202 11.6325 13.484
-6.26672 -7.96255 -10.1756 -9.84667 -11.6201 -13.2923 6.40475 7.97902 10.3651 9.93738 11.6397 13.3632
-6.30862 -8.00663 -10.081 -9.82215 -11.4062 -13.3173 6.4345 8.02091 10.2632 9.91281 11.4248 13.3895
-6.3502 -8.00907 -10.1254 -9.77285 -11.3373 -13.1511 6.4798 8.02458 10.3089 9.86841 11.356 13.2214
-6.37245 -8.10876 -10.1039 -9.8911 -11.4616 -13.1931 6.49535 8.13199 10.2834 10.0125 11.4786 13.2586
-6.4197 -8.27167 -10.0788 -9.84639 -11.3885 -13.0327 6.54146 8.29106 10.2588 9.95752 11.3983 13.1083
-6.46692 -8.19584 -10.0286 -9.89333 -11.3172 -13.0826 6.59336 8.21479 10.2041 9.99364 11.3346 13.1728
-6.48919 -8.2904 -10.0537 -10.063 -11.178 -12.9919 6.62379 8.30781 10.2295 10.1635 11.1974 13.0722
-6.58367 -8.30893 -10.0537 -9.91972 -11.2253 -12.9696 6.69387 8.32551 10.2314 10.0107 11.243 13.0477
-6.6561 -8.4004 -10.0066 -9.87257 -11.2461 -12.8837 6.79073 8.41606 10.1825 9.95909 11.2615 12.9691
-6.6559 -8.42202 -10.0533 -9.91972 -11.1314 -12.8839 6.79036 8.43576 10.2333 10.0156 11.1472 12.965
-6.67834 -8.42202 -10.0057 -9.96675 -11.1106 -12.762 6.81299 8.43835 10.1827 10.0674 11.1327 12.8313
-6.77557 -8.53868 -10.0566 -9.89292 -11.0147 -12.8397 6.891 8.5523 10.2425 9.99328 11.045 12.9124
-6.7699 -8.67996 -9.95905 -10.0359 -10.9937 -12.6484 6.90416 8.69532 10.1361 10.126 11.0178 12.7327
-6.81441 -8.68309 -9.91489 -9.99127 -10.8772 -12.8369 6.94964 8.69968 10.0988 10.087 10.8934 12.914
-6.8146 -8.73046 -9.93394 -10.0648 -10.9035 -12.715 6.92928 8.74897 10.1077 10.166 10.9169 12.7921
-6.78942 -8.68354 -9.83886 -10.0382 -10.8561 -12.6926 6.91309 8.70631 10.0121 10.1543 10.8809 12.7783
-6.81441 -8.84407 -9.93132 -10.0382 -10.7864 -12.8142 6.9574 8.85947 10.1035 10.1597 10.8185 12.9093
-6.81186 -8.69655 -9.8644 -10.0914 -10.9013 -12.626 6.93578 8.71097 10.0388 10.1838 10.9216 12.7121
-6.76717 -8.79733 -9.91173 -10.1384 -10.9029 -12.6516 6.89076 8.81743 10.091 10.2504 10.9216 12.7313
-6.7451 -8.7469 -9.91102 -10.1075 -10.9009 -12.7258 6.87448 8.76126 10.0874 10.2174 10.9192 12.818
-6.74492 -8.70892 -9.88373 -10.0851 -10.8764 -12.6951 6.88909 8.72922 10.0552 10.2007 10.9027 12.7726
-6.74473 -8.68073 -9.83929 -10.0567 -10.8763 -12.7895 6.87509 8.69729 10.0124 10.1556 10.9003 12.8633
-6.69218 -8.6115 -9.86124 -10.0851 -10.9237 -12.7925 6.82165 8.62838 10.032 10.1902 10.9479 12.881
-6.71718 -8.61168 -9.86124 -10.0115 -10.995 -12.7643 6.84449 8.63089 10.032 10.1113 11.0067 12.8563
-6.71717 -8.63662 -9.90857 -10.1098 -10.9461 -12.8335 6.85208 8.65511 10.0807 10.2202 10.9641 12.9203
-6.64768 -8.54245 -9.86537 -10.1607 -11.016 -12.8117 6.78323 8.56346 10.0404 10.2722 11.0358 12.8962
-6.69768 -8.61168 -9.91199 -10.1096 -11.0383 -12.8613 6.83661 8.62957 10.0891 10.22 11.062 12.9565
-6.67268 -8.59251 -9.85504 -10.0381 -11.0612 -12.8116 6.81335 8.60929 10.0197 10.1488 11.0807 12.8954
-6.64768 -8.54533 -9.88592 -10.0831 -11.0365 -12.7867 6.78323 8.56726 10.0611 10.1982 11.0489 12.8579
-6.70042 -8.54507 -9.88618 -10.0095 -11.0123 -12.884 6.83626 8.56321 10.0657 10.1192 11.0314 12.9621
-6.67542 -8.5484 -9.83351 -10.0648 -11.063 -12.8559 6.79224 8.5687 9.99827 10.1611 11.0891 12.9297
-6.64767 -8.49815 -9.90953 -10.1137 -11.0349 -12.8865 6.77649 8.51859 10.0854 10.2256 11.0577 12.9634
-6.65043 -8.5704 -9.85793 -10.1139 -11.0142 -12.8644 6.77615 8.58694 10.0256 10.2058 11.0356 12.9579
-6.69218 -8.64276 -9.88152 -10.1362 -11.0591 -12.7643 6.80783 8.66719 10.0482 10.2373 11.0687 12.8522
-6.76442 -8.61431 -9.9091 -10.1118 -11.0384 -12.812 6.88329 8.63209 10.081 10.2229 11.058 12.896
-6.68943 -8.66455 -9.85862 -10.1075 -11.0612 -12.8174 6.81464 8.69019 10.0247 10.2071 11.0847 12.9027
-6.73943 -8.56732 -9.90883 -9.99127 -11.0838 -12.7735 6.87442 8.58596 10.0854 10.1023 11.1072 12.8698
-6.78667 -8.57045 -9.86151 -9.96885 -10.9668 -12.6762 6.91295 8.58926 10.0317 10.07 10.9843 12.7609
-6.78686 -8.61784 -9.85862 -9.99547 -10.9895 -12.7479 6.89932 8.64016 10.0292 10.1025 11.0051 12.831
-6.76166 -8.56739 -9.92816 -10.0892 -11.0854 -12.7507 6.89769 8.58424 10.0919 10.2116 11.1031 12.8293
-6.73943 -8.5202 -9.90594 -10.0668 -11.1306 -12.7011 6.86729 8.54332 10.0769 10.1687 11.1583 12.7873
-6.73943 -8.59557 -9.88083 -9.97293 -11.1306 -12.6787 6.8536 8.61598 10.047 10.0805 11.1539 12.7667
-6.78392 -8.5202 -9.92816 -9.99326 -11.1062 -12.6541 6.90597 8.53694 10.0936 10.0996 11.1234 12.7449
-6.78392 -8.43505 -9.92527 -9.96687 -11.0817 -12.7674 6.90597 8.46068 10.0889 10.0778 11.0955 12.8577
-6.81185 -8.50429 -9.90883 -10.1077 -11.0594 -12.751 6.93622 8.52389 10.0794 10.2073 11.0825 12.8443
-6.76166 -8.47891 -9.93078 -10.0444 -11.1534 -12.6816 6.89054 8.5007 10.1022 10.157 11.1787 12.7686
-6.76166 -8.51017 -9.92843 -10.0447 -11.174 -12.7065 6.88359 8.53384 10.0933 10.1471 11.1966 12.803
-6.78942 -8.38455 -9.87834 -10.1384 -11.174 -12.7674 6.91309 8.40394 10.0394 10.2402 11.1927 12.8498
-6.76168 -8.3848 -9.90663 -10.0422 -11.1064 -12.7895 6.89723 8.4053 10.0744 10.1542 11.1237 12.8598
-6.73942 -8.46017 -9.92554 -10.0362 -11.1043 -12.8174 6.88221 8.48256 10.0884 10.1361 11.1291 12.8989
-6.7146 -8.43218 -9.93105 -9.97094 -11.1724 -12.7978 6.82435 8.45264 10.1017 10.0778 11.2034 12.8839
-6.76186 -8.50097 -9.90373 -9.99326 -11.1498 -12.7286 6.89712 8.52229 10.0699 10.0896 11.1764 12.8159
-6.73944 -8.4348 -9.92816 -10.0647 -11.1532 -12.7729 6.88125 8.45549 10.0947 10.1659 11.1671 12.8613
-6.73668 -8.55453 -9.92789 -10.0447 -11.1288 -12.6787 6.8673 8.5782 10.093 10.1522 11.1442 12.7748
-6.78392 -8.52916 -9.97521 -10.0447 -11.1269 -12.776 6.91292 8.55102 10.1417 10.1627 11.1515 12.8717
-6.76168 -8.50735 -9.90016 -10.0199 -11.1271 -12.6127 6.90454 8.52898 10.0604 10.1271 11.1497 12.6965
-6.80892 -8.55147 -9.94749 -10.0199 -11.1046 -12.6323 6.95006 8.57399 10.1081 10.1271 11.1216 12.7239
-6.80891 -8.59557 -9.92595 -9.87487 -11.1062 -12.7729 6.95799 8.61501 10.0867 9.97662 11.1171 12.8575
-6.83116 -8.52919 -9.90305 -9.97083 -11.1534 -12.7037 6.96609 8.55238 10.0699 10.0726 11.1673 12.782
-6.83116 -8.55147 -9.87794 -9.97501 -11.0573 -12.7286 6.95901 8.57399 10.039 10.0994 11.082 12.8159
-6.80891 -8.48223 -9.95038 -10.0238 -11.1533 -12.6791 6.9226 8.50315 10.1162 10.1275 11.1808 12.7755
-6.80892 -8.50735 -9.99702 -10.0446 -11.1029 -12.6569 6.93575 8.53215 10.1627 10.1572 11.1233 12.7457
-6.83116 -8.43505 -9.95038 -9.96875 -11.1514 -12.7261 6.95901 8.45584 10.114 10.075 11.1667 12.8138
-6.78411 -8.50407 -9.88083 -9.9773 -11.1287 -12.7732 6.91282 8.52942 10.047 10.0916 11.1441 12.87
-6.80891 -8.45689 -9.85862 -10.0423 -11.129 -12.6595 6.94328 8.4773 10.0247 10.1596 11.1562 12.7557
-6.7589 -8.48505 -9.97259 -9.99744 -11.1514 -12.7037 6.8978 8.50906 10.1379 10.1104 11.1762 12.7894
-6.76168 -8.40685 -9.97521 -10.0465 -11.1758 -12.7729 6.89723 8.4281 10.1397 10.1547 11.1913 12.8575
-6.73393 -8.4348 -9.90305 -10.0669 -11.1534 -12.7981 6.86742 8.45414 10.0686 10.1688 11.169 12.8837
-6.73668 -8.50404 -9.89989 -10.0443 -11.129 -12.7674 6.87449 8.52918 10.0578 10.1467 11.148 12.8424
-6.7589 -8.50735 -9.92595 -9.97104 -11.1045 -12.8228 6.87672 8.52827 10.0877 10.0779 11.1315 12.9143
-6.76186 -8.46299 -9.92884 -9.99535 -11.1495 -12.7703 6.89712 8.4857 10.0936 10.1024 11.174 12.8593
-6.73686 -8.45686 -9.90305 -10.0219 -11.1498 -12.7978 6.87439 8.48045 10.0663 10.1248 11.1633 12.8959
-6.73393 -8.48223 -9.90278 -10.0915 -11.129 -12.7286 6.86742 8.50315 10.0679 10.1987 11.1445 12.8238
-6.76168 -8.45711 -9.89949 -9.97521 -11.1269 -12.6623 6.89723 8.48228 10.0584 10.0784 11.1495 12.7575
-6.73668 -8.60172 -9.85283 -10.0957 -11.1043 -12.7536 6.87449 8.62294 10.014 10.2097 11.1313 12.8463
-6.7589 -8.52634 -9.92527 -10.0446 -11.1271 -12.7479 6.88356 8.54618 10.0867 10.1572 11.1518 12.8273
-6.78391 -8.46299 -9.90016 -10.0199 -11.1028 -12.776 6.92785 8.48876 10.0616 10.1323 11.1196 12.8555
-6.78392 -8.47916 -9.925 -9.92191 -11.0819 -12.7507 6.91292 8.49807 10.086 10.0285 11.0942 12.8366
-6.78115 -8.51042 -9.92527 -10.0426 -11.1027 -12.7981 6.89957 8.5352 10.0889 10.1599 11.1271 12.8837
-6.75893 -8.43198 -9.82772 -9.97304 -11.1724 -12.7729 6.89734 8.45258 9.98345 10.0912 11.2011 12.8613
-6.75906 -8.48552 -9.94722 -10.0976 -11.1743 -12.795 6.89094 8.50946 10.1075 10.2177 11.1969 12.8901
-6.7089 -8.46322 -9.97232 -9.95487 -11.1028 -12.7539 6.83805 8.48883 10.1348 10.0697 11.1163 12.8585
-6.7339 -8.4853 -9.82968 -10.0244 -11.1288 -12.8149 6.86787 8.5094 9.99294 10.1437 11.1443 12.894
-6.75637 -8.43218 -9.90016 -10.0223 -11.0103 -12.7507 6.8831 8.45521 10.0616 10.1355 11.035 12.8405
-6.80618 -8.50429 -9.82968 -9.97083 -11.1027 -12.7757 6.92204 8.52803 9.99174 10.0726 11.1293 12.867
-6.73668 -8.60172 -9.85572 -10.0178 -11.0799 -12.8231 6.86029 8.62446 10.0197 10.1295 11.1024 12.9111
-6.73396 -8.57989 -9.92459 -10.071 -11.1967 -12.8199 6.86696 8.60659 10.0867 10.1795 11.2102 12.901
-6.7339 -8.60172 -9.90305 -10.024 -11.1043 -12.7258 6.86078 8.62548 10.0674 10.1277 11.1196 12.814
-6.73686 -8.51065 -9.88057 -10.0938 -11.1269 -12.7978 6.8602 8.53425 10.0444 10.2017 11.1495 12.8878
-6.80618 -8.5071 -9.85256 -10.0219 -11.1272 -12.7539 6.92204 8.53323 10.0133 10.1248 11.1519 12.8422
-6.78118 -8.46017 -9.84967 -10.0468 -11.1269 -12.7729 6.90597 8.48364 10.0042 10.155 11.1437 12.8693
-6.75893 -8.46039 -9.87478 -9.97313 -11.1288 -12.7065 6.89734 8.48642 10.0325 10.0706 11.1411 12.8072
-6.78115 -8.4886 -9.87794 -9.95049 -11.1742 -12.6787 6.91344 8.5128 10.04 10.0484 11.1948 12.7667
-6.73393 -8.57681 -9.94749 -10.0199 -11.1742 -12.6873 6.85344 8.60104 10.1081 10.1122 11.1968 12.7841
-6.73393 -8.4853 -9.95011 -9.97304 -11.1251 -12.7094 6.85344 8.51062 10.1169 10.0912 11.1494 12.8089
-6.80637 -8.52941 -9.97549 -9.99756 -11.1251 -12.704 6.94278 8.55046 10.1404 10.1214 11.1454 12.7854
-6.80618 -8.48198 -9.92432 -10.0935 -11.1966 -12.7072 6.93575 8.50612 10.0896 10.1915 11.2086 12.7917
-6.80637 -8.46017 -9.90016 -10.0199 -11.1513 -12.7264 6.92872 8.48094 10.0604 10.1323 11.172 12.8145
-6.82862 -8.46017 -9.90016 -9.95258 -11.174 -12.7293 6.95155 8.4849 10.0644 10.072 11.1966 12.8283
-6.78118 -8.53245 -9.94197 -10.0447 -11.221 -12.7065 6.90597 8.55761 10.095 10.1627 11.2458 12.803
-6.75596 -8.50735 -9.92237 -9.99986 -11.1987 -12.7286 6.89086 8.52986 10.0808 10.1084 11.2158 12.8238
-6.82568 -8.47916 -9.97259 -10.1158 -11.1027 -12.7789 6.95871 8.5039 10.1366 10.2133 11.1148 12.8775
-6.77862 -8.48837 -9.87572 -9.95279 -11.1516 -12.7261 6.90598 8.51196 10.0321 10.0565 11.1787 12.8138
-6.85065 -8.51065 -9.94432 -9.92577 -11.1269 -12.7981 6.98189 8.53644 10.1031 10.0336 11.1537 12.88
-6.80343 -8.44094 -9.90016 -10.024 -11.0801 -12.7315 6.93585 8.46608 10.0594 10.1328 11.0988 12.8216
-6.73393 -8.4853 -9.9221 -9.9239 -11.1251 -12.7732 6.86742 8.50751 10.0827 10.0259 11.1418 12.8581
-6.75634 -8.51065 -9.92237 -10.0689 -11.1498 -12.7539 6.89063 8.53933 10.0798 10.1818 11.1633 12.8392
-6.78115 -8.51042 -9.897 -9.91016 -11.1028 -12.7289 6.92806 8.53339 10.0554 10.0315 11.1252 12.8235
-6.80616 -8.58273 -9.92144 -10.0938 -11.1026 -12.7037 6.94335 8.61071 10.0802 10.1966 11.1315 12.8013
-6.8284 -8.45992 -9.92237 -10.0261 -11.1271 -12.7322 6.9453 8.48456 10.0808 10.1306 11.1497 12.83
-6.77843 -8.55428 -9.8715 -9.99952 -11.1232