-0.00210117 0.391344 0.21645 -0.000958697 0.343635 0.22 0 0 0 0 0 0
-0.00210117 0.391344 0.216485 -0.000958697 0.343635 0.22 0 0 0 0 0 0
-0.00210117 0.391344 0.216484 -0.000958697 0.343635 0.22 0 0 0 0 0 0
-0.00210117 0.391344 0.216502 -0.000958697 0.343635 0.22 0 0 0 0 0 0
-0.00210117 0.391344 0.216513 -0.000958697 0.343635 0.22 0 0 0 0 0 0
-0.00210117 0.391344 0.216532 -0.000958697 0.343635 0.22 0 0 0 0 0 0
-0.00210117 0.391344 0.216541 -0.000958697 0.343635 0.22 0 0 0 0 0 0
-0.00210117 0.391344 0.216564 -0.000958697 0.343635 0.22 0 0 0 0 0 0
-0.00210117 0.391344 0.216558 -0.000958697 0.343635 0.22 0 0 0 0 0 0
-0.00210117 0.391344 0.216577 -0.000958697 0.343635 0.22 0 0 0 0 0 0
-0.00210117 0.391344 0.216597 -0.000958697 0.343635 0.22 0 0 0 0 0 0
-0.00210117 0.391344 0.216595 -0.000958697 0.343635 0.22 0 0 0 0 0 0
-0.00210117 0.391344 0.21665 -0.000958697 0.343635 0.22 0 0 0 0 0 0
-0.00210117 0.391344 0.216635 -0.000958697 0.343635 0.22 0 0 0 0 0 0
-0.00210117 0.391344 0.216647 -0.000958697 0.343635 0.22 0 0 0 0 0 0
-0.00210117 0.391344 0.216673 -0.000958697 0.343635 0.22 0 0 0 0 0 0
-0.00210117 0.391344 0.216692 -0.000958697 0.343635 0.22 0 0 0 0 0 0
-0.00210117 0.391344 0.216719 -0.000958697 0.343635 0.22 0 0 0 0 0 0
-0.00210117 0.391344 0.216724 -0.000958697 0.343635 0.22 0 0 0 0 0 0
-0.00210117 0.391344 0.21675 -0.000958697 0.343635 0.22 0 0 0 0 0 0
-0.00210117 0.391344 0.216754 -0.000958697 0.343635 0.22 0 0 0 0 0 0
-0.00210117 0.391344 0.216781 -0.000958697 0.343635 0.22 0 0 0 0 0 0
-0.00210117 0.391344 0.216771 -0.000958697 0.343635 0.22 0 0 0 0 0 0
-0.00210117 0.391344 0.216822 -0.000958697 0.343635 0.22 0 0 0 0 0 0
-0.00210117 0.391344 0.216795 -0.000958697 0.343635 0.22 0 0 0 0 0 0
-0.00210117 0.391344 0.216832 -0.000958697 0.343635 0.22 0 0 0 0 0 0
-0.00210117 0.391344 0.216866 -0.000958697 0.343635 0.22 0 0 0 0 0 0
-0.00210117 0.391344 0.216845 -0.000958697 0.343635 0.22 0 0 0 0 0 0
-0.00210117 0.391344 0.216868 -0.000958697 0.343635 0.22 0 0 0 0 0 0
-0.00210117 0.391344 0.216901 -0.000958697 0.343635 0.22 0 0 0 0 0 0
-0.00210117 0.391344 0.216908 -0.000958697 0.343635 0.22 0 0 0 0 0 0
-0.00210117 0.391344 0.216938 -0.000958697 0.343635 0.22 0 0 0 0 0 0
-0.00210117 0.391344 0.216957 -0.000958697 0.343635 0.22 0 0 0 0 0 0
-0.00210117 0.391344 0.216934 -0.000958697 0.343635 0.22 0 0 0 0 0 0
-0.00210117 0.391344 0.216964 -0.000958697 0.343635 0.22 0 0 0 0 0 0
-0.00210117 0.391344 0.216988 -0.000958697 0.343635 0.22 0 0 0 0 0 0
-0.00210117 0.391344 0.217002 -0.000958697 0.343635 0.22 0 0 0 0 0 0
-0.00210117 0.391344 0.217004 -0.000958697 0.343635 0.22 0 0 0 0 0 0
-0.00210117 0.391344 0.217036 -0.000958697 0.343635 0.22 0 0 0 0 0 0
-0.00210117 0.391344 0.217041 -0.000958697 0.343635 0.22 0 0 0 0 0 0
-0.00210117 0.391344 0.217054 -0.000958697 0.343635 0.22 0 0 0 0 0 0
-0.00210117 0.391344 0.217107 -0.000958697 0.343635 0.22 0 0 0 0 0 0
-0.00210117 0.391344 0.217091 -0.000958697 0.343635 0.22 0 0 0 0 0 0
-0.00210117 0.391344 0.217112 -0.000958697 0.343635 0.22 0 0 0 0 0 0
-0.00210117 0.391344 0.217129 -0.000958697 0.343635 0.22 0 0 0 0 0 0
-0.00210117 0.391344 0.217152 -0.000958697 0.343635 0.22 0 0 0 0 0 0
-0.00210117 0.391344 0.217155 -0.000958697 0.343635 0.22 0 0 0 0 0 0
-0.00210117 0.391344 0.217187 -0.000958697 0.343635 0.22 0 0 0 0 0 0
-0.00210117 0.391344 0.217186 -0.000958697 0.343635 0.22 0 0 0 0 0 0
-0.00210117 0.391344 0.217178 -0.000958697 0.343635 0.22 0 0 0 0 0 0
-0.00210117 0.391344 0.217183 -0.000958697 0.343635 0.22 0 0 0 0 0 0
-0.00210117 0.391344 0.217202 -0.000958697 0.343635 0.22 0 0 0 0 0 0
-0.00210117 0.391344 0.217204 -0.000958697 0.343635 0.22 0 0 0 0 0 0
-0.00210117 0.391344 0.217197 -0.000958697 0.343635 0.22 0 0 0 0 0 0
-0.00210117 0.391344 0.217217 -0.000958697 0.343635 0.22 0 0 0 0 0 0
-0.00210117 0.391344 0.217211 -0.000958697 0.343635 0.22 0 0 0 0 0 0
-0.00210117 0.391344 0.217226 -0.000958697 0.343635 0.22 0 0 0 0 0 0
-0.00210117 0.391344 0.217234 -0.000958697 0.343635 0.22 0 0 0 0 0 0
-0.00210117 0.391344 0.217194 -0.000958697 0.343635 0.22 0 0 0 0 0 0
-0.00210117 0.391344 0.217236 -0.000958697 0.343635 0.22 0 0 0 0 0 0
-0.00210117 0.391344 0.217199 -0.000958697 0.343635 0.22 0 0 0 0 0 0
-0.00210117 0.391344 0.217213 -0.000958697 0.343635 0.22 0 0 0 0 0 0
-0.00210117 0.391344 0.217209 -0.000958697 0.343635 0.22 0 0 0 0 0 0
-0.00210117 0.391344 0.217224 -0.000958697 0.343635 0.22 0 0 0 0 0 0
-0.00210117 0.391344 0.217214 -0.000958697 0.343635 0.22 0 0 0 0 0 0
-0.00210117 0.391344 0.217194 -0.000958697 0.343635 0.22 0 0 0 0 0 0
-0.00210117 0.391344 0.217227 -0.000958697 0.343635 0.22 0 0 0 0 0 0
-0.00210117 0.391344 0.217209 -0.000958697 0.343635 0.22 0 0 0 0 0 0
-0.00210117 0.391344 0.217224 -0.000958697 0.343635 0.22 0 0 0 0 0 0
-0.00210117 0.391344 0.217241 -0.000958697 0.343635 0.22 0 0 0 0 0 0
-0.00210117 0.391344 0.217226 -0.000958697 0.343635 0.22 0 0 0 0 0 0
-0.00210117 0.391344 0.217191 -0.000958697 0.343635 0.22 0 0 0 0 0 0
-0.00210117 0.391344 0.217227 -0.000958697 0.343635 0.22 0 0 0 0 0 0
-0.00210117 0.391344 0.217221 -0.000958697 0.343635 0.22 0 0 0 0 0 0
-0.00210117 0.391344 0.217237 -0.000958697 0.343635 0.22 0 0 0 0 0 0
-0.00210117 0.391344 0.217231 -0.000958697 0.343635 0.22 0 0 0 0 0 0
-0.00210117 0.391344 0.217219 -0.000958697 0.343635 0.22 0 0 0 0 0 0
-0.00210117 0.391344 0.217241 -0.000958697 0.343635 0.22 0 0 0 0 0 0
-0.00210117 0.391344 0.217232 -0.000958697 0.343635 0.22 0 0 0 0 0 0
-0.00210117 0.391344 0.217238 -0.000958697 0.343635 0.22 0 0 0 0 0 0
-0.00210117 0.391344 0.217221 -0.000958697 0.343635 0.22 0 0 0 0 0 0
-0.00210117 0.391344 0.217217 -0.000958697 0.343635 0.22 0 0 0 0 0 0
-0.00210117 0.391344 0.217226 -0.000958697 0.343635 0.22 0 0 0 0 0 0
-0.00210117 0.391344 0.217258 -0.000958697 0.343635 0.22 0 0 0 0 0 0
-0.00210117 0.391344 0.217233 -0.000958697 0.343635 0.22 0 0 0 0 0 0
-0.00210117 0.391344 0.217252 -0.000958697 0.343635 0.22 0 0 0 0 0 0
-0.00210117 0.391344 0.217238 -0.000958697 0.343635 0.22 0 0 0 0 0 0
-0.00210117 0.391344 0.217258 -0.000958697 0.343635 0.22 0 0 0 0 0 0
-0.00210117 0.391344 0.217236 -0.000958697 0.343635 0.22 0 0 0 0 0 0
-0.00210117 0.391344 0.21725 -0.000958697 0.343635 0.22 0 0 0 0 0 0
-0.00210117 0.391344 0.21727 -0.000958697 0.343635 0.22 0 0 0 0 0 0
-0.00210117 0.391344 0.217253 -0.000958697 0.343635 0.22 0 0 0 0 0 0
-0.00210117 0.391344 0.217257 -0.000958697 0.343635 0.22 0 0 0 0 0 0
-0.00210117 0.391344 0.217255 -0.000958697 0.343635 0.22 0 0 0 0 0 0
-0.00210117 0.391344 0.217268 -0.000958697 0.343635 0.22 0 0 0 0 0 0
-0.00210117 0.391344 0.217249 -0.000958697 0.343635 0.22 0 0 0 0 0 0
-0.00210117 0.391344 0.217246 -0.000958697 0.343635 0.22 0 0 0 0 0 0
-0.00210117 0.391344 0.217264 -0.000958697 0.343635 0.22 0 0 0 0 0 0
-0.00210117 0.391344 0.217249 -0.000958697 0.343635 0.22 0 0 0 0 0 0
-0.00210117 0.391344 0.217264 -0.000958697 0.343635 0.22 0 0 0 0 0 0
-0.00210117 0.391344 0.217249 -0.000958697 0.343635 0.22 0 0 0 0 0 0
-0.00210117 0.391344 0.217258 -0.000958697 0.343635 0.22 0 0 0 0 0 0
-0.00210117 0.391344 0.217254 -0.000958697 0.343635 0.22 0 0 0 0 0 0
-0.00210117 0.391344 0.217253 -0.000958697 0.343635 0.22 0 0 0 0 0 0
-0.00210117 0.391344 0.217247 -0.000958697 0.343635 0.22 0 0 0 0 0 0
-0.00210117 0.391344 0.217241 -0.000958697 0.343635 0.22 0 0 0 0 0 0
-0.00210117 0.391344 0.217248 -0.000958697 0.343635 0.22 0 0 0 0 0 0
-0.00210117 0.391344 0.21724 -0.000958697 0.343635 0.22 0 0 0 0 0 0
-0.00210117 0.391344 0.217259 -0.000958697 0.343635 0.22 0 0 0 0 0 0
-0.00210117 0.391344 0.217237 -0.000958697 0.343635 0.22 0 0 0 0 0 0
-0.00210117 0.391344 0.217259 -0.000958697 0.343635 0.22 0 0 0 0 0 0
-0.00210117 0.391344 0.217261 -0.000958697 0.343635 0.22 0 0 0 0 0 0
-0.00210117 0.391344 0.217245 -0.000958697 0.343635 0.22 0 0 0 0 0 0
-0.00210117 0.391344 0.21726 -0.000958697 0.343635 0.22 0 0 0 0 0 0
-0.00210117 0.391344 0.217255 -0.000958697 0.343635 0.22 0 0 0 0 0 0
-0.00210117 0.391344 0.217251 -0.000958697 0.343635 0.22 0 0 0 0 0 0
-0.00210117 0.391344 0.217238 -0.000958697 0.343635 0.22 0 0 0 0 0 0
-0.00210117 0.391344 0.217264 -0.000958697 0.343635 0.22 0 0 0 0 0 0
-0.00210117 0.391344 0.217255 -0.000958697 0.343635 0.22 0 0 0 0 0 0
-0.00210117 0.391344 0.21726 -0.000958697 0.343635 0.22 0 0 0 0 0 0
-0.00210117 0.391344 0.217247 -0.000958697 0.343635 0.22 0 0 0 0 0 0
-0.00210117 0.391344 0.217257 -0.00210117 0.391344 0.22 0 0 0 0 0 0
-0.00210117 0.391344 0.217405 -0.00210117 0.391344 0.22 0 0 0 0 0 0
-0.00210117 0.391344 0.218092 -0.00210117 0.391344 0.22 0 0 0 0 0 0
-0.00210117 0.391344 0.218558 -0.00210117 0.391344 0.22 0 0 0 0 0 0
-0.00210117 0.391344 0.218715 -0.00210117 0.391344 0.22 0 0 0 0 0 0
-0.00210117 0.391344 0.219023 -0.00210117 0.391344 0.22 0 0 0 0 0 0
-0.00210117 0.391344 0.219272 -0.00210117 0.391344 0.22 0 0 0 0 0 0
-0.00210117 0.391344 0.219496 -0.00210117 0.391344 0.22 0 0 0 0 0 0
-0.00210117 0.391344 0.21982 -0.00210117 0.391344 0.22 0 0 0 0 0 0
-0.00210117 0.391344 0.220141 -0.00210117 0.391344 0.22 0 0 0 0 0 0
-0.00210117 0.391344 0.22051 -0.00210117 0.391344 0.22 0 0 0 0 0 0
-0.00210117 0.391344 0.220822 -0.00210117 0.391344 0.22 0 0 0 0 0 0
-0.00210117 0.391344 0.221041 -0.00210117 0.391344 0.22 0 0 0 0 0 0
-0.00210117 0.391344 0.221191 -0.00210117 0.391344 0.22 0 0 0 0 0 0
-0.00210117 0.391344 0.221342 -0.00210117 0.391344 0.22 0 0 0 0 0 0
-0.00210117 0.391344 0.22148 -0.00210117 0.391344 0.22 0 0 0 0 0 0
-0.00210117 0.391344 0.221596 -0.00210117 0.391344 0.22 0 0 0 0 0 0
-0.00210117 0.391344 0.221679 -0.00210117 0.391344 0.22 0 0 0 0 0 0
-0.00210117 0.391344 0.221718 -0.00210117 0.391344 0.22 0 0 0 0 0 0
-0.00210117 0.391344 0.221779 -0.00210117 0.391344 0.22 0 0 0 0 0 0
-0.00210117 0.391344 0.221834 -0.00210117 0.391344 0.22 0 0 0 0 0 0
-0.00210117 0.391344 0.221888 -0.00210117 0.391344 0.22 0 0 0 0 0 0
-0.00210117 0.391344 0.221956 -0.00210117 0.391344 0.22 0 0 0 0 0 0
-0.00210117 0.391344 0.22199 -0.00210117 0.391344 0.22 0 0 0 0 0 0
-0.00210117 0.391344 0.221999 -0.00210117 0.391344 0.22 0 0 0 0 0 0
-0.00210117 0.391344 0.222063 -0.00210117 0.391344 0.22 0 0 0 0 0 0
-0.00210117 0.391344 0.222118 -0.00210117 0.391344 0.22 0 0 0 0 0 0
-0.00210117 0.391344 0.222149 -0.00210117 0.391344 0.22 0 0 0 0 0 0
-0.00210117 0.391344 0.222179 -0.00210117 0.391344 0.22 0 0 0 0 0 0
-0.00210117 0.391344 0.222223 -0.00210117 0.391344 0.22 0 0 0 0 0 0
-0.00210117 0.391344 0.22229 -0.00210117 0.391344 0.22 0 0 0 0 0 0
-0.00210117 0.391344 0.222314 -0.00210117 0.391344 0.22 0 0 0 0 0 0
-0.00210117 0.391344 0.222348 -0.00210117 0.391344 0.22 0 0 0 0 0 0
-0.00210117 0.391344 0.222378 -0.00210117 0.391344 0.22 0 0 0 0 0 0
-0.00210117 0.391344 0.222394 -0.00210117 0.391344 0.22 0 0 0 0 0 0
-0.00210117 0.391344 0.222427 -0.00210117 0.391344 0.22 0 0 0 0 0 0
-0.00210117 0.391344 0.222469 -0.00210117 0.391344 0.22 0 0 0 0 0 0
-0.00210117 0.391344 0.22245 -0.00210117 0.391344 0.22 0 0 0 0 0 0
-0.00210117 0.391344 0.222476 -0.00210117 0.391344 0.22 0 0 0 0 0 0
-0.00210117 0.391344 0.222462 -0.00210117 0.391344 0.22 0 0 0 0 0 0
-0.00210117 0.391344 0.22248 -0.00210117 0.391344 0.22 0 0 0 0 0 0
-0.00210117 0.391344 0.222472 -0.00210117 0.391344 0.22 0 0 0 0 0 0
-0.00210117 0.391344 0.222468 -0.00210117 0.391344 0.22 0 0 0 0 0 0
-0.00210117 0.391344 0.222465 -0.00210117 0.391344 0.22 0 0 0 0 0 0
-0.00210117 0.391344 0.222472 -0.00210117 0.391344 0.22 0 0 0 0 0 0
-0.00210117 0.391344 0.222482 -0.00210117 0.391344 0.22 0 0 0 0 0 0
-0.00210117 0.391344 0.22251 -0.00210117 0.391344 0.22 0 0 0 0 0 0
-0.00210117 0.391344 0.222522 -0.00210117 0.391344 0.22 0 0 0 0 0 0
-0.00210117 0.391344 0.222526 -0.00210117 0.391344 0.22 0 0 0 0 0 0
-0.00210117 0.391344 0.222554 -0.00210117 0.391344 0.22 0 0 0 0 0 0
-0.00210117 0.391344 0.222555 -0.00210117 0.391344 0.22 0 0 0 0 0 0
-0.00210117 0.391344 0.222559 -0.00210117 0.391344 0.22 0 0 0 0 0 0
-0.00210117 0.391344 0.222599 -0.00210117 0.391344 0.22 0 0 0 0 0 0
-0.00210117 0.391344 0.222601 -0.00210117 0.391344 0.22 0 0 0 0 0 0
-0.00210117 0.391344 0.222597 -0.00210117 0.391344 0.22 0 0 0 0 0 0
-0.00210117 0.391344 0.222619 -0.00210117 0.391344 0.22 0 0 0 0 0 0
-0.00210117 0.391344 0.222617 -0.00210081 0.391394 0.22 0 0 0 3.55853e-05 0.00499954 -5.80948e-05
-0.00210117 0.391344 0.222617 -0.00210046 0.391444 0.22 0 0 0 3.54191e-05 0.00499953 -5.86162e-05
-0.00210117 0.391344 0.222645 -0.0021001 0.391494 0.22 0 0 0 3.547e-05 0.00499952 -5.92304e-05
-0.00210117 0.391344 0.222656 -0.00209975 0.391544 0.22 0 0 0 3.57066e-05 0.00499952 -5.96335e-05
-0.00210117 0.391344 0.222634 -0.00209938 0.391594 0.22 0 0 0 3.61533e-05 0.00499951 -6.03158e-05
-0.00210117 0.391344 0.222656 -0.00209902 0.391644 0.22 0 0 0 3.66127e-05 0.0049995 -6.04665e-05
-0.00210117 0.391344 0.222655 -0.00209865 0.391694 0.22 0 0 0 3.68233e-05 0.0049995 -6.00661e-05
-0.00210117 0.391344 0.222655 -0.00209828 0.391744 0.22 0 0 0 3.68402e-05 0.00499951 -5.99284e-05
-0.00210117 0.391344 0.222637 -0.00209792 0.391794 0.22 0 0 0 3.66513e-05 0.0049995 -6.05536e-05
-0.00210117 0.391344 0.222672 -0.00209755 0.391844 0.22 0 0 0 3.62805e-05 0.00499949 -6.11559e-05
-0.00210117 0.391344 0.222683 -0.00209719 0.391894 0.22 0 0 0 3.58873e-05 0.00499949 -6.19447e-05
-0.00210117 0.391344 0.222674 -0.00209684 0.391944 0.22 0 0 0 3.57224e-05 0.00499949 -6.19854e-05
-0.00210117 0.391344 0.222656 -0.00209648 0.391994 0.22 0 0 0 3.56246e-05 0.00499949 -6.21297e-05
-0.00210117 0.391344 0.222661 -0.00209612 0.392044 0.22 0 0 0 3.57208e-05 0.00499948 -6.25169e-05
-0.00210117 0.391344 0.222666 -0.00209576 0.392094 0.22 0 0 0 3.59623e-05 0.00499948 -6.21325e-05
-0.00210117 0.391344 0.222686 -0.0020954 0.392144 0.22 0 0 0 3.6054e-05 0.00499949 -6.17177e-05
-0.00210117 0.391344 0.222675 -0.00209504 0.392194 0.22 0 0 0 3.61709e-05 0.0049995 -6.08428e-05
-0.00210117 0.391344 0.222699 -0.00209468 0.392244 0.22 0 0 0 3.61212e-05 0.00499951 -6.03652e-05
-0.00210117 0.391344 0.222703 -0.00209432 0.392294 0.22 0 0 0 3.58663e-05 0.0049995 -6.06375e-05
-0.00210117 0.391344 0.222689 -0.00209396 0.392344 0.22 0 0 0 3.555e-05 0.00499951 -6.03035e-05
-0.00210117 0.391344 0.222725 -0.00209361 0.392394 0.22 0 0 0 3.53509e-05 0.00499952 -5.9923e-05
-0.00210117 0.391344 0.222689 -0.00209326 0.392444 0.22 0 0 0 3.52609e-05 0.00499951 -6.01601e-05
-0.00210117 0.391344 0.222677 -0.0020929 0.392494 0.22 0 0 0 3.53082e-05 0.00499951 -6.0405e-05
-0.00210117 0.391344 0.222694 -0.00209255 0.392544 0.22 0 0 0 3.54261e-05 0.00499951 -6.0439e-05
-0.00210117 0.391344 0.222685 -0.0020922 0.392594 0.22 0 0 0 3.55506e-05 0.00499951 -6.04172e-05
-0.00210117 0.391344 0.222694 -0.00209184 0.392644 0.22 0 0 0 3.57408e-05 0.00499951 -5.99603e-05
-0.00210117 0.391344 0.222709 -0.00209148 0.392694 0.22 0 0 0 3.57822e-05 0.00499951 -6.01643e-05
-0.00210117 0.391344 0.222688 -0.00209112 0.392744 0.22 0 0 0 3.57521e-05 0.00499951 -6.00836e-05
-0.00210117 0.391344 0.222711 -0.00209077 0.392794 0.22 0 0 0 3.56151e-05 0.0049995 -6.08775e-05
-0.00210117 0.391344 0.22269 -0.00209041 0.392844 0.22 0 0 0 3.54391e-05 0.0049995 -6.12215e-05
-0.00210117 0.391344 0.222711 -0.00209006 0.392894 0.22 0 0 0 3.5336e-05 0.0049995 -6.09628e-05
-0.00210117 0.391344 0.222719 -0.0020897 0.392944 0.22 0 0 0 3.53454e-05 0.00499949 -6.23253e-05
-0.00210117 0.391344 0.222709 -0.00208935 0.392994 0.22 0 0 0 3.54508e-05 0.00499948 -6.26185e-05
-0.00210117 0.391344 0.222706 -0.002089 0.393044 0.22 0 0 0 3.55461e-05 0.00499949 -6.2155e-05
-0.00210117 0.391344 0.222721 -0.00208864 0.393094 0.22 0 0 0 3.56106e-05 0.0049995 -6.13979e-05
-0.00210117 0.391344 0.222705 -0.00208828 0.393144 0.22 0 0 0 3.5629e-05 0.0049995 -6.11129e-05
-0.00210117 0.391344 0.222717 -0.00208793 0.393194 0.22 0 0 0 3.55329e-05 0.00499949 -6.156e-05
-0.00210117 0.391344 0.222706 -0.00208757 0.393244 0.22 0 0 0 3.54031e-05 0.0049995 -6.16046e-05
-0.00210117 0.391344 0.222721 -0.00208722 0.393294 0.22 0 0 0 3.52922e-05 0.00499951 -6.07183e-05
-0.00210117 0.391344 0.222717 -0.00208687 0.393344 0.22 0 0 0 3.50689e-05 0.00499951 -6.06563e-05
-0.00210117 0.391344 0.222748 -0.00208652 0.393394 0.22 0 0 0 3.49666e-05 0.00499951 -6.07453e-05
-0.00210117 0.391344 0.222741 -0.00208617 0.393444 0.22 0 0 0 3.49712e-05 0.0049995 -6.11252e-05
-0.00210117 0.391344 0.222765 -0.00208582 0.393494 0.22 0 0 0 3.50009e-05 0.0049995 -6.10483e-05
-0.00210117 0.391344 0.222714 -0.00208526 0.393574 0.22 0 0 0 7.0292e-05 0.00999902 -0.000121353
-0.00210117 0.391344 0.222751 -0.00208455 0.393674 0.22 0 0 0 7.05245e-05 0.00999901 -0.00012216
-0.00209818 0.391323 0.222749 -0.00208385 0.393774 0.22 0.00262212 0.00325146 -0.0185604 7.07079e-05 0.009999 -0.000122815
-0.00209425 0.391351 0.222769 -0.00208314 0.393874 0.22 0.000189943 -0.00421657 -0.011283 7.08213e-05 0.00999899 -0.000123168
-0.00210016 0.391291 0.222749 -0.00208243 0.393974 0.22 -0.00101557 0.0251653 -0.00881564 7.08279e-05 0.00999899 -0.000123236
-0.0021161 0.391407 0.222766 -0.00208172 0.394074 0.22 0.00606397 0.00727109 0.00125616 7.08813e-05 0.00999899 -0.000123226
-0.00210812 0.391434 0.222783 -0.00208101 0.394174 0.22 0.000759264 -0.0250904 -0.00894587 7.08261e-05 0.00999897 -0.000125031
-0.00209164 0.391457 0.222778 -0.0020803 0.394274 0.22 -0.00147346 0.00776632 0.00113541 7.10098e-05 0.00999895 -0.000126016
-0.0020829 0.39148 0.222793 -0.00207959 0.394374 0.22 -0.00423069 -0.00323259 -0.0057845 7.11716e-05 0.00999895 -0.000126179
-0.00207849 0.391493 0.2228 -0.00207888 0.394474 0.22 -0.000372849 0.00466103 -0.00112642 7.12298e-05 0.00999897 -0.000124325
-0.00208477 0.391523 0.222822 -0.00207817 0.394574 0.22 0.00160769 0.00693458 -0.00351234 7.12281e-05 0.00999898 -0.000123987
-0.00208834 0.39153 0.222803 -0.00207746 0.394674 0.22 -0.0110493 0.00132206 7.64534e-05 7.09328e-05 0.00999898 -0.000124189
-0.00208117 0.391497 0.222815 -0.00207675 0.394774 0.22 -0.00822486 0.00413236 0.00425439 7.07132e-05 0.00999898 -0.000124346
-0.00207915 0.39154 0.222834 -0.00207604 0.394874 0.22 -0.00199796 -0.0221559 -0.00608267 7.04321e-05 0.00999899 -0.000123147
-0.0020724 0.391545 0.222809 -0.00207534 0.394974 0.22 -0.0025625 -0.0215259 -0.0127489 6.99261e-05 0.009999 -0.000123046
-0.00207942 0.391551 0.222816 -0.00207465 0.395074 0.22 0.00383491 -0.0149034 0.00920474 6.97647e-05 0.009999 -0.000122999
-0.00206444 0.39157 0.222828 -0.00207395 0.395174 0.22 -0.0024461 -0.00582519 -0.00705677 6.96916e-05 0.009999 -0.000123187
-0.00206898 0.391575 0.222818 -0.00207325 0.395274 0.22 -0.00314927 -0.00301773 -0.00187018 6.98102e-05 0.00999901 -0.000122584
-0.0020797 0.391636 0.222796 -0.00207255 0.395374 0.22 0.00391533 0.019302 -0.00656731 6.99038e-05 0.00999901 -0.000122188
-0.00207254 0.391735 0.222805 -0.00207185 0.395474 0.22 -0.000204617 -0.028559 0.00135391 6.97073e-05 0.00999901 -0.000122605
-0.00207664 0.391709 0.2228 -0.00207116 0.395574 0.22 0.000253583 -0.00743983 0.00985037 6.94941e-05 0.00999899 -0.000123937
-0.00206235 0.391742 0.222832 -0.00207047 0.395674 0.22 -0.00289386 -0.0143998 -0.009027 6.92078e-05 0.00999899 -0.000123835
-0.0020739 0.391739 0.222815 -0.00206978 0.395774 0.22 0.00627468 0.00680212 -0.0026551 6.8751e-05 0.009999 -0.000123721
-0.00205841 0.391711 0.222827 -0.00206909 0.395874 0.22 -0.00689866 0.0191209 0.00395454 6.84649e-05 0.009999 -0.000123531
-0.00204236 0.391741 0.222837 -0.00206841 0.395974 0.22 -0.00381465 0.00235807 0.00129294 6.81758e-05 0.00999897 -0.000125964
-0.0020522 0.391793 0.222831 -0.00206773 0.396074 0.22 0.00604271 0.0232979 0.00169713 6.79555e-05 0.00999897 -0.000126231
-0.00204271 0.391824 0.222871 -0.00206705 0.396174 0.22 0.00226745 0.0269527 0.000827827 6.7831e-05 0.009999 -0.00012436
-0.0020185 0.391928 0.222893 -0.00206638 0.396274 0.22 0.00130569 -0.00603449 0.00932386 6.76401e-05 0.009999 -0.000124333
-0.00203292 0.391961 0.222907 -0.0020657 0.396374 0.22 0.00115583 -0.0155579 -0.0112157 6.74535e-05 0.009999 -0.000123999
-0.00202008 0.391992 0.222893 -0.00206503 0.396474 0.22 -0.0140236 -0.00547825 0.0100016 6.72597e-05 0.00999901 -0.000123517
-0.00204209 0.391995 0.22292 -0.00206436 0.396574 0.22 0.00811678 -0.00965156 0.00935855 6.71478e-05 0.00999901 -0.000123271
-0.00203486 0.392006 0.222929 -0.00206369 0.396674 0.22 0.00750238 0.0051085 0.00601253 6.69275e-05 0.00999902 -0.000123202
-0.00204795 0.392134 0.222943 -0.00206302 0.396774 0.22 0.00588528 -0.00454952 0.00345337 6.66674e-05 0.00999901 -0.000123788
-0.00203007 0.392133 0.222958 -0.00206236 0.396874 0.22 0.00341158 0.000687784 0.00301217 6.64272e-05 0.00999901 -0.000123901
-0.00200294 0.3922 0.222963 -0.00206169 0.396973 0.22 -0.0130884 -0.00199222 0.00532604 6.62124e-05 0.009999 -0.000125059
-0.00202281 0.392152 0.222965 -0.00206103 0.397073 0.22 0.000213764 0.0187351 -0.00914699 6.57862e-05 0.00999899 -0.000125953
-0.0020264 0.392187 0.222988 -0.00206038 0.397173 0.22 0 0 0 6.51971e-05 0.00999899 -0.000126495
-0.0020264 0.392187 0.222886 -0.00205973 0.397273 0.22 0 0 0 6.45546e-05 0.00999896 -0.000128592
-0.0020264 0.392187 0.223266 -0.00205909 0.397373 0.22 0 0 0 6.39859e-05 0.00999895 -0.000129872
-0.00204242 0.392214 0.224577 -0.00205845 0.397473 0.22 -0.000518012 0.037313 0.0604882 6.3862e-05 0.00999896 -0.000129589
-0.00207018 0.392668 0.224977 -0.00205782 0.397573 0.22 0.00167028 0.0529661 0.00689821 6.35188e-05 0.00999899 -0.00012724
-0.00204835 0.392986 0.225145 -0.00205719 0.397673 0.22 0.00712869 0.000254887 0.0108962 6.27276e-05 0.00999904 -0.000123912
-0.00199723 0.393115 0.225368 -0.00205658 0.397773 0.22 0.0078676 0.0409245 0.00651287 6.09973e-05 0.00999908 -0.000121435
-0.00198611 0.393354 0.225368 -0.00205597 0.397873 0.22 -0.00182728 0.00233535 -0.0174969 6.06111e-05 0.00999919 -0.000112222
-0.002005 0.393498 0.225223 -0.00205536 0.397973 0.22 -0.002366 0.01862 -0.000456152 6.04187e-05 0.00999936 -9.60445e-05
-0.00204804 0.393637 0.225134 -0.00205477 0.398073 0.22 -0.00165323 0.0236427 -0.00634603 5.96e-05 0.00999948 -8.2776e-05
-0.00205495 0.393744 0.224984 -0.00205417 0.398173 0.22 -0.00318826 0.0167592 -0.00479008 5.91258e-05 0.00999954 -7.5067e-05
-0.00208402 0.393876 0.224816 -0.0020536 0.398273 0.22 -0.00118873 0.0236655 -0.0315723 5.70465e-05 0.00999961 -6.76313e-05
-0.00207723 0.394078 0.224553 -0.00205305 0.398373 0.22 -0.0142645 0.0015595 -0.026868 5.43559e-05 0.00999964 -6.4573e-05
-0.0021183 0.394202 0.224194 -0.00205255 0.398473 0.22 4.20795e-05 0.00616137 -0.0250601 4.9493e-05 0.00999972 -5.69879e-05
-0.00213999 0.394318 0.223819 -0.00205207 0.398573 0.22 -0.00348031 -0.0195519 -0.0143232 4.73799e-05 0.00999976 -4.99431e-05
-0.00219532 0.394344 0.223644 -0.0020516 0.398673 0.22 -0.00191692 0.0039952 -0.00848303 4.67574e-05 0.00999982 -3.83562e-05
-0.00225311 0.394381 0.223543 -0.00205113 0.398773 0.22 -0.00533712 -0.011144 -0.00951938 4.70023e-05 0.00999986 -2.59212e-05
-0.00230603 0.394364 0.223338 -0.00205066 0.398873 0.22 -0.00271063 0.00921241 -0.0213708 4.72359e-05 0.00999988 -1.26485e-05
-0.00237359 0.394341 0.223192 -0.00205019 0.398973 0.22 -0.0138953 -0.0392425 -0.0230205 4.69428e-05 0.00999988 -1.01841e-05
-0.00241529 0.394188 0.223052 -0.00204973 0.399073 0.22 -0.00583189 -0.0147534 -0.0109541 4.64362e-05 0.00999989 -1.16207e-05
-0.00245796 0.394049 0.222962 -0.00204927 0.399173 0.22 -0.0029454 -0.0138609 0.00169146 4.54264e-05 0.00999988 -1.91054e-05
-0.00247511 0.393955 0.222963 -0.00204882 0.399273 0.22 -0.00579166 -0.0406752 -0.00396767 4.51578e-05 0.00999987 -2.41036e-05
-0.00250743 0.393716 0.223066 -0.00204837 0.399373 0.22 0.000972639 -0.0294205 -0.0119716 4.48079e-05 0.00999985 -3.03315e-05
-0.00256035 0.393507 0.223135 -0.00204792 0.399473 0.22 -0.0147264 -0.021749 0.00736014 4.48709e-05 0.00999983 -3.6103e-05
-0.00267327 0.393313 0.223216 -0.00204748 0.399573 0.22 -0.00707877 -0.0169307 0.0180709 4.36417e-05 0.00999983 -3.9605e-05
-0.00272332 0.39315 0.223327 -0.00204705 0.399673 0.22 -0.00225706 -0.018022 0.00697538 4.24819e-05 0.00999984 -3.69632e-05
-0.00274362 0.393065 0.2234 -0.00204664 0.399773 0.22 -0.00782777 -0.0281861 -0.00242054 4.09347e-05 0.00999979 -4.94897e-05
-0.00278681 0.392939 0.223515 -0.00204624 0.399873 0.22 -0.00625858 0.00402775 0.0183513 3.94359e-05 0.00999975 -5.9248e-05
-0.00289488 0.39301 0.223647 -0.00204585 0.399973 0.22 -0.00475519 0.0257798 0.0178522 3.88125e-05 0.00999969 -6.85765e-05
-0.00298317 0.393065 0.223827 -0.00204548 0.400073 0.22 -0.0122209 0.0235429 0.012857 3.70489e-05 0.00999967 -7.27693e-05
-0.00307892 0.393276 0.223897 -0.00204513 0.400173 0.22 -0.00668641 0.0423784 0.0133314 3.50915e-05 0.00999965 -7.55269e-05
-0.00311587 0.393515 0.223983 -0.0020448 0.400273 0.22 -0.0102 0.0280666 0.0159658 3.20235e-05 0.00999965 -7.755e-05
-0.00315121 0.393857 0.224152 -0.00204449 0.400373 0.22 -0.00131232 0.037444 0.00115056 3.06641e-05 0.00999967 -7.56582e-05
-0.00317332 0.394162 0.224287 -0.00204419 0.400473 0.22 0.00523639 0.042403 0.00894897 3.07273e-05 0.00999968 -7.44906e-05
-0.00315084 0.394578 0.224335 -0.00204388 0.400593 0.22 -0.00736465 0.0282088 0.00632927 3.08263e-05 0.00999974 -6.54745e-05
-0.00314667 0.394943 0.224388 -0.00204352 0.400693 0.22 0.00772477 0.035163 0.00333137 2.96709e-05 0.00999978 -5.94759e-05
-0.00312624 0.395385 0.224351 -0.00204324 0.400793 0.22 0.00384185 0.0301412 -0.00496545 2.79748e-05 0.0099998 -5.61469e-05
-0.00312833 0.395509 0.224393 -0.00204298 0.400893 0.22 0 0 0 2.54026e-05 0.00999984 -5.01705e-05
-0.00312833 0.395509 0.158615 -0.00204259 0.401053 0.22 0 0 0 3.65025e-05 0.0149998 -7.42955e-05
-0.00312833 0.395509 0.169085 -0.00204223 0.401203 0.22 0 0 0 3.59332e-05 0.0149998 -6.08328e-05
-0.00305071 0.397712 0.182012 -0.00204185 0.401353 0.22 0.000441009 0.153861 0.964271 3.92698e-05 0.0149999 -4.32425e-05
-0.00298771 0.398465 0.194131 -0.00204144 0.401503 0.22 0.0132927 0.0404288 0.863804 4.1644e-05 0.0149999 -3.86595e-05
-0.002914 0.398139 0.205404 -0.00204097 0.401653 0.22 -0.00402924 -0.00121129 0.802184 4.68509e-05 0.0149999 -3.01877e-05
-0.00301345 0.396882 0.212507 -0.00204048 0.401803 0.22 -0.000424629 -0.109474 0.456111 4.75658e-05 0.0149999 -3.42662e-05
-0.00308891 0.398015 0.213765 -0.00204 0.401953 0.22 -0.0359027 0.232145 -0.0108008 5.18686e-05 0.0149999 3.90939e-05
-0.00318641 0.399154 0.213018 -0.00203942 0.402103 0.22 0.000156203 -0.0569918 0.0018055 5.85383e-05 0.0149994 0.00012096
-0.00320113 0.397969 0.212517 -0.00203888 0.402253 0.22 -0.0129824 -0.056323 -0.0724789 5.32098e-05 0.0149996 9.39367e-05
-0.0033 0.398271 0.212001 -0.00203848 0.402373 0.22 -0.00664178 -0.0147842 -0.0111356 5.03406e-05 0.0149999 -2.12674e-05
-0.00333705 0.397064 0.211613 -0.00203786 0.402553 0.22 0.00158815 -0.143501 -0.0502018 4.96041e-05 0.0149993 -0.000137506
-0.00321501 0.396649 0.211376 -0.00203742 0.402703 0.22 0.0164621 0.00320353 -0.00737315 4.37006e-05 0.0149984 -0.000212802
-0.00320067 0.396685 0.211929 -0.00203705 0.402853 0.22 0.00403754 -0.00686435 0.0406153 3.54291e-05 0.0149969 -0.000305059
-0.00309758 0.396913 0.212382 -0.00203684 0.403003 0.22 0.015648 0.0510447 0.0290484 2.03875e-05 0.0149956 -0.000363081
-0.00303946 0.397713 0.213196 -0.00203667 0.403153 0.22 0.00152629 0.0823151 0.0573488 1.68899e-05 0.0149955 -0.000368002
-0.00300543 0.398419 0.21397 -0.00203647 0.403303 0.22 -0.00242896 0.0994949 0.0743689 2.17286e-05 0.0149957 -0.000357387
-0.00300386 0.399049 0.215101 -0.00203619 0.403453 0.22 0.00653998 0.0593241 0.0909081 2.87181e-05 0.0149958 -0.000353543
-0.00299978 0.399697 0.216665 -0.00203587 0.403603 0.22 0.000230174 0.0688294 0.141113 3.25433e-05 0.0149954 -0.00037102
-0.00298446 0.400412 0.218218 -0.00203556 0.403753 0.22 0.004745 0.071593 0.131975 3.05352e-05 0.0149946 -0.000402382
-0.00295895 0.401117 0.219879 -0.00203529 0.403903 0.22 0.00371457 0.0852201 0.135242 2.56783e-05 0.0149937 -0.000433906
-0.00294209 0.402313 0.221349 -0.00203505 0.404053 0.22 0.000563138 0.122873 0.11552 2.52851e-05 0.0149908 -0.00052509
-0.0029411 0.403066 0.222665 -0.00203474 0.404203 0.22 -0.0033382 0.056708 0.0883384 3.30862e-05 0.0149902 -0.000540978
-0.00291488 0.404009 0.223878 -0.0020343 0.404353 0.22 -0.000515192 0.114333 0.084971 4.53156e-05 0.01499 -0.000544695
-0.00293623 0.405281 0.225091 -0.00203379 0.404503 0.22 -0.00820385 0.112662 0.0995821 4.91914e-05 0.0149917 -0.000496121
-0.00293159 0.405812 0.226265 -0.00203336 0.404652 0.22 0.0039625 0.0494958 0.0891257 3.98182e-05 0.0149928 -0.000464491
-0.00291761 0.40652 0.227173 -0.00203311 0.404772 0.22 -0.00320482 0.104531 0.0910833 2.92338e-05 0.0149933 -0.000446846
-0.00293734 0.407432 0.228377 -0.00203288 0.404922 0.22 -0.000290869 0.0369608 0.0896339 2.20597e-05 0.0149939 -0.000427036
-0.00292497 0.407652 0.229355 -0.00203261 0.405072 0.22 0.00125799 0.0644644 0.054685 2.907e-05 0.0149943 -0.000413713
-0.00290044 0.408213 0.230251 -0.00203221 0.405222 0.22 0.00434046 0.021999 0.0625963 4.33576e-05 0.0149946 -0.000401219
-0.00284539 0.408349 0.230909 -0.00203159 0.405402 0.22 0.00439587 0.00485278 0.031524 5.18755e-05 0.0149948 -0.000392267
-0.00286445 0.408415 0.231331 -0.00203123 0.405522 0.22 0.00461227 -0.011162 0.0446426 4.35544e-05 0.0149948 -0.00039283
-0.00281841 0.408286 0.231811 -0.00203091 0.405702 0.22 0.00329944 -0.027382 0.0347864 2.08063e-05 0.0149946 -0.000402138
-0.00277414 0.408414 0.232073 -0.00203084 0.405852 0.22 0.00863293 0.0245844 0.0155086 4.84797e-06 0.0149945 -0.00040592
-0.00267494 0.408451 0.232292 -0.00203081 0.405972 0.22 0.0110681 -0.0250027 0.0047971 9.98318e-06 0.0149948 -0.000395402
-0.0026768 0.408385 0.232295 -0.00203066 0.406122 0.22 -0.00562993 0.0107396 0.0103552 1.5089e-05 0.014995 -0.000387104
-0.00275324 0.408447 0.23229 -0.00203042 0.406272 0.22 -0.0145384 -0.00831719 -0.00838809 2.52925e-05 0.0149955 -0.000366578
-0.00278227 0.408443 0.232198 -0.00203013 0.406422 0.22 0 0 0 3.14858e-05 0.0149958 -0.000353942
-0.00278227 0.408443 0.16079 -0.00202971 0.406602 0.22 0 0 0 3.57945e-05 0.0149958 -0.000352803
-0.00278227 0.408443 0.170189 -0.00202935 0.406752 0.22 0 0 0 3.71415e-05 0.0149958 -0.000351105
-0.00270392 0.406745 0.182144 -0.00202895 0.406902 0.22 0.00426461 -0.170183 0.921033 4.0211e-05 0.0149985 -0.000205877
-0.00253548 0.406247 0.193969 -0.00202853 0.407052 0.22 0.0220836 0.0450725 0.845275 4.20809e-05 0.0149983 -0.000225252
-0.00232152 0.407035 0.205111 -0.0020281 0.407202 0.22 0.0130999 0.0546267 0.809645 4.27179e-05 0.0149981 -0.000235346
-0.00233162 0.407368 0.214873 -0.00202767 0.407352 0.22 0.00525007 0.140038 0.587606 4.30841e-05 0.014998 -0.000241856
-0.00239198 0.408975 0.221081 -0.00202719 0.407502 0.22 -0.00799247 0.111954 0.355334 4.94852e-05 0.0149981 -0.000236048
-0.00244465 0.406021 0.219511 -0.00202657 0.407652 0.22 -0.0260644 -0.20847 -0.132356 6.2264e-05 0.0149966 -0.000311171
-0.00262138 0.407376 0.218616 -0.00202597 0.407802 0.22 -0.00817173 0.262597 -0.0337174 5.82882e-05 0.0149965 -0.000317997
-0.00266529 0.408599 0.218042 -0.00202541 0.407952 0.22 -0.00716986 0.0038463 -0.0641822 5.58912e-05 0.0149982 -0.000225709
-0.00277364 0.40889 0.217209 -0.00202483 0.408102 0.22 -0.0124022 0.0693309 -0.0558089 5.91764e-05 0.0149998 -4.711e-05
-0.00289865 0.410313 0.216682 -0.00202434 0.408222 0.22 -0.0129233 0.146444 -0.0581908 6.09973e-05 0.0149999 9.38481e-06
-0.00295377 0.410777 0.216384 -0.00202324 0.408462 0.22 -0.0113068 -0.0241699 0.0158937 9.45418e-05 0.0199991 0.000164925
-0.00293071 0.411012 0.216443 -0.00202221 0.408662 0.22 0.00490804 0.0552254 -0.0053186 0.000104483 0.0199983 0.000235081
-0.00287942 0.411245 0.216444 -0.00202111 0.408862 0.22 0.0128053 -0.0281282 0.00972979 0.000112062 0.0199979 0.00026725
-0.00283631 0.410811 0.216718 -0.00201963 0.409122 0.22 0.00317718 -0.0395877 0.0297914 0.000142353 0.0249973 0.000339622
-0.00280902 0.410639 0.217143 -0.00201825 0.409371 0.22 0.000449814 -0.0289786 0.0467241 0.000137192 0.0249977 0.000308034
-0.00279512 0.410261 0.218049 -0.00201695 0.409621 0.22 0.00120712 -0.0313596 0.0874998 0.000130387 0.0249979 0.000293947
-0.00279031 0.409889 0.219288 -0.00201545 0.409921 0.22 -0.00723681 -0.018524 0.101926 0.000147714 0.0299971 0.000388569
-0.00285608 0.409695 0.220732 -0.002014 0.410221 0.22 -0.0155624 -0.0207528 0.118896 0.000144498 0.0299965 0.000433261
-0.0029366 0.409388 0.222235 -0.00201258 0.410521 0.22 -0.00364902 -0.0367801 0.121817 0.000141387 0.0299957 0.000489223
-0.00300161 0.409222 0.223722 -0.00201089 0.410881 0.22 -0.0033545 -0.00873972 0.120319 0.000165296 0.0349932 0.000672472
-0.00298172 0.408764 0.225087 -0.00200921 0.411231 0.22 0.00354913 -0.0369886 0.110782 0.000169176 0.034993 0.000678306
-0.00295495 0.408269 0.226353 -0.00200742 0.411601 0.22 0.000156286 -0.047546 0.10503 0.000193291 0.0399927 0.000737919
-0.00296449 0.40775 0.227475 -0.00200553 0.412001 0.22 -0.00544619 -0.0502452 0.0975696 0.000187611 0.0399937 0.000686197
-0.00294046 0.407541 0.228433 -0.00200383 0.412401 0.22 -0.00168153 0.00516463 0.0869333 0.000165748 0.0399956 0.000571801
-0.00287512 0.40757 0.229559 -0.0020022 0.412821 0.22 0.00563919 -0.0248638 0.0939938 0.000169503 0.0449961 0.000568699
-0.00286 0.40743 0.230584 -0.00200055 0.413271 0.22 0.00213379 -0.00398015 0.0824428 0.000165726 0.0449962 0.000557838
-0.00289005 0.407906 0.231527 -0.00199886 0.413721 0.22 -0.0044886 0.0433307 0.0673069 0.000170921 0.0449958 0.000589029
-0.00296544 0.408137 0.232365 -0.00199706 0.414171 0.22 -0.00853338 0.0145872 0.0634292 0.000182537 0.0449949 0.000652692
-0.0029983 0.408653 0.233087 -0.00199493 0.414681 0.22 -0.00058612 0.083721 0.0490331 0.00020842 0.0499932 0.000796217
-0.00300539 0.409197 0.233531 -0.00199289 0.415181 0.22 0.00332441 0.0263042 0.0408668 0.000201672 0.0499927 0.000830222
-0.00299012 0.409625 0.233829 -0.00199092 0.415681 0.22 0.0021935 0.0444034 0.0233596 0.000195597 0.0499928 0.000823062
-0.00296931 0.410092 0.233895 -0.00198879 0.416241 0.22 -0.00445578 0.0317974 -0.00685589 0.000209234 0.054993 0.000849511
-0.00294508 0.410642 0.233908 -0.00198659 0.416791 0.22 -0.00192898 0.0494039 0.00571857 0.000222459 0.0549938 0.000798222
-0.00294821 0.411245 0.233898 -0.00198415 0.41734 0.22 -0.0042986 0.0694085 -0.0052212 0.000251945 0.0549943 0.000748446
-0.00294466 0.411364 0.233747 -0.00198123 0.41795 0.22 0 0 0 0.000290968 0.059994 0.000794329
-0.00294466 0.411364 0.167977 -0.00197815 0.41855 0.22 0 0 0 0.000308466 0.059994 0.00078993
-0.00294466 0.411364 0.178573 -0.001975 0.41915 0.22 0 0 0 0.000314177 0.0599939 0.000793408
-0.00286143 0.41443 0.190778 -0.00197163 0.4198 0.22 0.0149948 0.27794 0.913659 0.000334639 0.0649932 0.000879545
-0.00279938 0.416264 0.201707 -0.00196835 0.42045 0.22 -2.69735e-05 0.11259 0.781711 0.000326684 0.0649931 0.000886827
-0.00276249 0.415974 0.211825 -0.00196517 0.4211 0.22 -0.0024511 -0.0698327 0.723524 0.000318301 0.0649927 0.00092134
-0.00282017 0.415852 0.218888 -0.00196198 0.42179 0.22 -0.0123188 0.0352393 0.303235 0.000319376 0.0699936 0.000889994
-0.00292569 0.416771 0.221143 -0.00195897 0.42249 0.22 -0.0172089 -0.048064 0.136869 0.000297473 0.0699943 0.000839445
-0.00305344 0.417483 0.220239 -0.00195573 0.42319 0.22 -0.0157905 0.141669 -0.0346223 0.000328153 0.069992 0.00100646
-0.0030413 0.417852 0.21993 -0.00195273 0.42394 0.22 -0.00920189 -0.0410624 -0.0453165 0.000280734 0.0749944 0.000875219
-0.00320703 0.417756 0.219037 -0.00195003 0.42469 0.22 -0.0143817 0.0220374 -0.0609656 0.000275768 0.0749979 0.000485009
-0.00325709 0.41792 0.21859 -0.0019471 0.42544 0.22 -0.00586453 0.01554 -0.0334571 0.000291977 0.0749994 -5.31873e-05
-0.00324517 0.417926 0.218205 -0.00194412 0.42623 0.22 0.00918289 -0.00868254 -0.0189064 0.000303153 0.0799972 -0.000604054
-0.00318893 0.418241 0.218228 -0.0019411 0.42703 0.22 0.00475818 0.046782 0.0100158 0.000291184 0.079991 -0.00116537
-0.00311693 0.419169 0.218404 -0.00193837 0.42783 0.22 0.00230626 0.100711 0.0205261 0.000268419 0.0799882 -0.00134708
-0.00304576 0.42034 0.218721 -0.00193574 0.428659 0.22 0.00993282 0.141909 0.0371881 0.000268153 0.0849868 -0.00147229
-0.00303003 0.421505 0.219073 -0.00193305 0.429509 0.22 0.00289251 0.10648 0.0377997 0.000274218 0.0849875 -0.00142976
-0.00302555 0.422891 0.219988 -0.00193019 0.430359 0.22 -0.00262979 0.151911 0.0820257 0.000293019 0.0849863 -0.00150051
-0.00303182 0.424368 0.221111 -0.00192709 0.431229 0.22 0.00299746 0.126372 0.0791342 0.000324678 0.0899828 -0.00173104
-0.00304634 0.425462 0.222371 -0.00192375 0.432129 0.22 -0.00580035 0.129054 0.109927 0.000332173 0.0899785 -0.00194097
-0.00305497 0.427104 0.223647 -0.00192059 0.433029 0.22 -0.000513785 0.178971 0.11182 0.000311573 0.0899684 -0.00236509
-0.00306644 0.428813 0.224865 -0.00191756 0.433958 0.22 -0.000414869 0.166669 0.0826823 0.000304067 0.094964 -0.00259843
-0.00306619 0.430425 0.225881 -0.00191455 0.434908 0.22 0.00470785 0.184942 0.0771609 0.000302133 0.0949651 -0.00255947
-0.00305838 0.432263 0.226905 -0.00191141 0.435857 0.22 0.00501826 0.178167 0.0883216 0.000317556 0.0949642 -0.00258742
-0.00301835 0.434075 0.227902 -0.00190808 0.436807 0.22 0.011127 0.174853 0.0704481 0.000335172 0.0949703 -0.00235266
-0.00296509 0.435741 0.228872 -0.00190462 0.437817 0.22 0.00293139 0.13594 0.0730051 0.000335232 0.0999714 -0.00236941
-0.00298133 0.437331 0.22978 -0.00190173 0.438817 0.22 -0.00595383 0.173875 0.0752752 0.000271795 0.0999735 -0.00228701
-0.00300662 0.438906 0.230784 -0.00189945 0.439816 0.22 -0.00119468 0.165553 0.0614749 0.000220047 0.0999742 -0.00225897
-0.00301793 0.440359 0.231499 -0.00189723 0.440816 0.22 0.00462209 0.135283 0.0476145 0.000233678 0.0999759 -0.00218112
-0.00302024 0.441667 0.232067 -0.00189459 0.441816 0.22 0.0101975 0.133433 0.0503675 0.000276631 0.0999769 -0.00213143
-0.00294972 0.442884 0.232656 -0.00189143 0.442816 0.22 0.00352209 0.118953 0.022762 0.000318842 0.0999774 -0.00210007
-0.00292865 0.44399 0.233044 -0.0018886 0.443815 0.22 0.00708103 0.0987312 0.0366864 0.000261246 0.099977 -0.00212987
-0.0029153 0.444832 0.23334 -0.00188653 0.444815 0.22 -0.00759373 0.0907969 0.00946616 0.000177044 0.099976 -0.00218234
-0.00293467 0.445871 0.233571 -0.00188509 0.445815 0.22 0.00878482 0.114726 0.0115876 0.000136228 0.0999754 -0.0022154
-0.00288437 0.44679 0.23359 -0.0018836 0.446815 0.22 0.00839119 0.0829619 0.00970508 0.000155909 0.0999755 -0.00220975
-0.00286636 0.447839 0.233585 -0.00188151 0.447814 0.22 -0.00321819 0.106102 0.00677421 0.000225579 0.099977 -0.00213372
-0.00286489 0.448646 0.233482 -0.00187892 0.448814 0.22 -0.00180639 0.106528 -0.00766728 0.000276475 0.0999787 -0.00204717
-0.0028685 0.448859 0.233323 -0.00187591 0.449814 0.22 0 0 0 0.000304159 0.0999798 -0.00198876
-0.0028685 0.448859 0.170549 -0.00187252 0.450814 0.22 0 0 0 0.000343177 0.0999813 -0.00190366
-0.00284247 0.448985 0.180613 -0.00186888 0.451814 0.22 0.0186242 0.052303 0.827538 0.000370438 0.0999816 -0.00188262
-0.00271808 0.449753 0.192166 -0.00186501 0.452814 0.22 0.00517829 0.124183 0.840409 0.00039584 0.0999944 -0.000984064
-0.00256818 0.451162 0.2032 -0.00186087 0.453814 0.22 0.0232991 0.140191 0.772426 0.000417319 0.0999943 -0.000986533
-0.00241366 0.451931 0.213519 -0.00185618 0.454813 0.22 -0.00122199 0.01426 0.687956 0.000476952 0.0999941 -0.000978692
-0.00241655 0.453431 0.220933 -0.001851 0.455813 0.22 -0.0226696 0.0128329 0.114672 0.000529278 0.0999932 -0.00104204
-0.00260712 0.452198 0.220067 -0.00184539 0.456813 0.22 -0.0123366 0.0119809 -0.127546 0.000564787 0.0999891 -0.00136086
-0.00272095 0.454145 0.218889 -0.00183977 0.457813 0.22 -0.00507856 0.367382 -0.0265702 0.000568997 0.0999888 -0.0013822
-0.0027126 0.456017 0.218365 -0.00183397 0.458813 0.22 8.43786e-05 0.0335993 -0.0961232 0.000584771 0.0999924 -0.00108121
-0.00271774 0.456948 0.217629 -0.00182777 0.459813 0.22 -0.00609691 0.202712 -0.0614321 0.000620169 0.0999969 -0.000479105
-0.00270344 0.458748 0.216891 -0.00182151 0.460813 0.22 0.013523 0.144908 -0.0497746 0.00062817 0.0999978 0.000213471
-0.00269657 0.459528 0.216397 -0.001815 0.461813 0.22 -0.00213275 0.0694176 -0.00618839 0.000664894 0.0999958 0.000634494
-0.00266879 0.460491 0.216443 -0.00180813 0.462813 0.22 -0.000986561 0.0676755 -0.00105637 0.000691188 0.0999942 0.000824927
-0.00267335 0.46092 0.216358 -0.00180061 0.463813 0.22 0.00912162 0.0319686 0.00902779 0.000763257 0.0999917 0.00104157
-0.00262831 0.461328 0.216558 -0.00179264 0.464813 0.22 -0.00107505 0.032313 0.0146527 0.000807272 0.0999907 0.00110287
-0.00262077 0.46173 0.216802 -0.00178428 0.465813 0.22 0.00147042 0.0573828 0.0334204 0.000843063 0.0999909 0.00104916
-0.00257111 0.46206 0.217283 -0.0017756 0.466813 0.22 0.00700208 0.0169334 0.039529 0.000873751 0.0999909 0.00103001
-0.00253001 0.462272 0.218021 -0.0017667 0.467813 0.22 0.00376177 0.0266918 0.0714751 0.000892275 0.0999906 0.00103941
-0.00250793 0.462875 0.219178 -0.00175781 0.468812 0.22 0.00639787 0.0752684 0.100671 0.000886104 0.0999904 0.00106987
-0.00251047 0.463292 0.22048 -0.00174913 0.469812 0.22 0.00409707 0.0214211 0.111002 0.000862926 0.0999894 0.0011767
-0.00253081 0.463698 0.221759 -0.0017406 0.470812 0.22 0.00166006 0.0538166 0.0881232 0.00085429 0.0999876 0.00132498
-0.00254751 0.46431 0.222901 -0.00173201 0.471812 0.22 -0.00903182 0.0254475 0.0981507 0.000861314 0.0999838 0.0015807
-0.00259204 0.464537 0.224056 -0.00172327 0.472812 0.22 -0.00013954 0.0788114 0.0893851 0.000875186 0.0999679 0.00237754
-0.00260611 0.46526 0.225114 -0.00171455 0.473811 0.22 -0.00495863 0.0520249 0.0685242 0.000869311 0.0999681 0.00237148
-0.00260216 0.465723 0.225931 -0.00170611 0.474811 0.22 0.00917903 0.0473938 0.0773164 0.000834414 0.0999704 0.0022853
-0.00259472 0.466269 0.227019 -0.00169823 0.475811 0.22 0.00405951 0.0746682 0.0768847 0.000776162 0.0999736 0.00216185
-0.00260566 0.46715 0.227901 -0.00169088 0.476811 0.22 -0.00625202 0.0927522 0.0637152 0.000730153 0.099976 0.00206351
-0.00261952 0.468103 0.228722 -0.0016836 0.47781 0.22 -0.00145993 0.0997956 0.0735017 0.000735634 0.0999755 0.00208707
-0.00261489 0.469191 0.229523 -0.00167599 0.47881 0.22 -0.00144129 0.101017 0.0565384 0.000771031 0.0999737 0.00215824
-0.0026327 0.470231 0.230153 -0.00166787 0.47981 0.22 -0.0021893 0.116234 0.0479364 0.000811135 0.0999712 0.00225684
-0.00265819 0.47135 0.2307 -0.00165993 0.48081 0.22 -0.00443947 0.114142 0.0245988 0.000783639 0.0999694 0.00234707
-0.00264459 0.472601 0.231103 -0.0016525 0.481809 0.22 0.0120908 0.130744 0.0450384 0.000717655 0.0999694 0.00236807
-0.00259805 0.473787 0.231453 -0.00164575 0.482809 0.22 0.000644758 0.140548 0.0199126 0.000670338 0.0999701 0.00235312
-0.00256139 0.475201 0.231744 -0.00163918 0.483809 0.22 -0.00192302 0.137828 0.0216672 0.000666247 0.0999709 0.00231663
-0.00255749 0.476535 0.231953 -0.0016321 0.484808 0.22 0.00445844 0.133238 0.0221915 0.000720835 0.0999698 0.00234771
-0.00254679 0.477969 0.232028 -0.00162442 0.485808 0.22 -0.000699101 0.147169 0.0101418 0.000794126 0.0999676 0.00241673
-0.00254679 0.477969 0.232049 -0.00161606 0.486808 0.22 0 0 0 0.000839986 0.0999657 0.00248246
-0.00254679 0.477969 0.170622 -0.00160733 0.487807 0.22 0 0 0 0.00087428 0.0999645 0.00251699
-0.00249777 0.47864 0.181001 -0.00159854 0.488807 0.22 0.0276805 0.400736 0.931459 0.000878619 0.099966 0.00245529
-0.00234745 0.482588 0.193138 -0.00158985 0.489807 0.22 0.00847592 0.295739 0.847128 0.000864993 0.099969 0.00233283
-0.00229837 0.485135 0.203713 -0.00158137 0.490806 0.22 0.00300279 0.147572 0.730395 0.000841767 0.0999703 0.00228592
-0.00226252 0.485591 0.212281 -0.00157307 0.491806 0.22 -0.0171055 -0.108848 0.452481 0.000823986 0.0999897 0.00117683
-0.0022862 0.485011 0.21709 -0.0015651 0.492806 0.22 0.0295278 0.27686 0.115832 0.0007912 0.0999912 0.00106904
-0.00236231 0.489242 0.218543 -0.00155718 0.493806 0.22 -0.0133949 0.0835463 -0.0653552 0.000800442 0.0999835 0.00162784
-0.00240995 0.489827 0.218562 -0.00154762 0.495006 0.22 0.00498116 0.0889926 -0.0667101 0.000783781 0.0999746 0.00211488
-0.00236699 0.491078 0.217733 -0.00154178 0.495806 0.22 -0.00681611 0.0679396 -0.0176903 0.000722859 0.0999761 0.00206333
-0.00254972 0.491164 0.217508 -0.00153524 0.496805 0.22 -0.0142403 -0.00924344 -0.0545235 0.000658341 0.0999878 0.00141571
-0.00259362 0.491548 0.216945 -0.00152662 0.498005 0.22 -0.00297312 0.0740364 -0.0208375 0.000736101 0.0999963 0.000439746
-0.00254906 0.4922 0.216599 -0.00151884 0.499005 0.22 5.12134e-05 0.063483 -0.0239214 0.000794441 0.0999963 -0.000325149
-0.00247983 0.492888 0.216419 -0.0015106 0.500005 0.22 0.0130852 0.0794746 0.00630824 0.00083293 0.099995 -0.000557575
-0.00236497 0.494206 0.216659 -0.00150249 0.501005 0.22 0.0187047 0.166953 0.0338716 0.000804546 0.099995 -0.000600951
-0.00224914 0.495634 0.217127 -0.00149497 0.502005 0.22 0.0102427 0.116062 0.0553381 0.000741132 0.0999958 -0.000547249
-0.0021286 0.49677 0.217791 -0.00148808 0.503005 0.22 0.0180582 0.145186 0.0627273 0.000680095 0.0999967 -0.000446154
-0.00204521 0.498466 0.218834 -0.00148126 0.504005 0.22 0.0149109 0.181245 0.108649 0.000687065 0.0999963 -0.000519385
-0.00202337 0.499664 0.220008 -0.00147418 0.505005 0.22 -0.00487457 0.0917461 0.091306 0.000712592 0.0999952 -0.000671872
-0.00202466 0.500897 0.221132 -0.00146668 0.506005 0.22 -0.000141682 0.149561 0.0946065 0.000753496 0.0999936 -0.000848262
-0.00207367 0.502437 0.222479 -0.00146072 0.506805 0.22 -0.00789221 0.148127 0.101167 0.000741375 0.0999928 -0.000942492
-0.00212679 0.504016 0.22386 -0.00145256 0.508005 0.22 -0.00377554 0.170928 0.116292 0.000655347 0.099993 -0.000984165
-0.00215867 0.505598 0.225106 -0.0014466 0.509005 0.22 -0.00186096 0.165034 0.0964873 0.0005869 0.0999939 -0.000936706
-0.00210966 0.507304 0.226308 -0.00144078 0.510005 0.22 0.00872455 0.139766 0.102952 0.000584847 0.0999952 -0.000790033
-0.00204472 0.508839 0.227477 -0.00143459 0.511005 0.22 0.00636786 0.168527 0.0809698 0.000627369 0.0999961 -0.000625192
-0.00195297 0.510337 0.228493 -0.00142798 0.512005 0.22 0.00802651 0.135093 0.0721485 0.000665802 0.0999965 -0.000504401
-0.00190248 0.511704 0.229573 -0.00142147 0.513005 0.22 0.00284044 0.136314 0.0754222 0.000632316 0.0999973 -0.000382238
-0.00188496 0.512876 0.230648 -0.00141596 0.514005 0.22 -0.0016852 0.112989 0.078948 0.000529432 0.0999976 -0.000444988
-0.00187443 0.513913 0.231601 -0.0014115 0.515005 0.22 0.00297015 0.0939654 0.0827654 0.000434547 0.0999977 -0.000521369
-0.00185664 0.514963 0.232407 -0.00140722 0.516005 0.22 0.000972343 0.140791 0.058776 0.000446289 0.0999971 -0.000612818
-0.00182992 0.516156 0.233059 -0.00140225 0.517005 0.22 0.00507715 0.110682 0.0441969 0.000518646 0.0999968 -0.000608328
-0.00181916 0.517068 0.23349 -0.00139597 0.518005 0.22 0.00923385 0.082465 0.0463408 0.000631901 0.0999966 -0.000531772
-0.00181578 0.51796 0.233753 -0.00138931 0.519005 0.22 -0.00495437 0.0929257 0.0151278 0.000656952 0.0999978 1.70019e-05
-0.00185439 0.518794 0.234041 -0.00138329 0.520004 0.22 0.00156154 0.0686322 0.0118337 0.000564397 0.0999984 -2.23364e-05
-0.00187624 0.519546 0.234329 -0.00137845 0.521004 0.22 0.00590446 0.0728066 0.0333532 0.000472113 0.0999989 -5.44706e-05
-0.00185551 0.520309 0.234462 -0.00137466 0.522004 0.22 0.00391873 0.0844164 0.00789391 0.000376092 0.0999992 -0.000128656
-0.00179276 0.520912 0.234575 -0.00137087 0.523004 0.22 0 0 0 0.000387301 0.0999991 -0.000157572
-0.00179276 0.520912 0.163461 -0.00136656 0.524004 0.22 0 0 0 0.000458471 0.0999988 -0.000181716
-0.00179276 0.520912 0.171528 -0.00136244 0.524804 0.22 0 0 0 0.000527039 0.0999984 -0.000195794
-0.00176217 0.521151 0.181894 -0.0013552 0.526004 0.22 0.00629592 0.0453713 0.818037 0.00063459 0.0999977 -0.00022558
-0.00169131 0.522316 0.193522 -0.00134832 0.527004 0.22 0.00590414 0.166858 0.846818 0.000702778 0.0999973 -0.000194296
-0.00156353 0.52403 0.204159 -0.00134106 0.528004 0.22 0.0139961 0.181336 0.759945 0.000729344 0.0999972 -0.000147393
-0.00152278 0.524511 0.214194 -0.00133365 0.529004 0.22 -0.00339683 0.00112437 0.718594 0.000742261 0.0999971 -0.0001474
-0.00159969 0.523291 0.21879 -0.00132606 0.530004 0.22 -0.0056254 -0.298732 0.195456 0.000763825 0.0999969 -0.000201625
-0.00180219 0.524684 0.218512 -0.0013182 0.531004 0.22 -0.016009 0.290912 -0.0772845 0.000789178 0.0999968 -0.000163175
-0.00184152 0.52748 0.217388 -0.00131028 0.532004 0.22 -0.00367599 0.147609 -0.0495637 0.000798742 0.0999965 0.000256152
-0.00184381 0.527663 0.216615 -0.00130168 0.533004 0.22 -0.00485552 0.0209001 -0.0481677 0.000885395 0.0999915 0.000953345
-0.00192779 0.529561 0.215912 -0.00129258 0.534004 0.22 -0.00848785 0.228114 -0.0930207 0.00091903 0.0999944 0.000524084
-0.00204118 0.530674 0.214768 -0.00128273 0.535004 0.22 -0.0103616 0.0352357 -0.0722883 0.000989936 0.099991 0.000905273
-0.00223726 0.531263 0.214366 -0.00127222 0.536004 0.22 -0.0150886 0.0811226 -0.0118824 0.00105763 0.0999856 0.00132982
-0.00232355 0.532177 0.214564 -0.00126144 0.537004 0.22 -0.0102983 0.075133 0.0247358 0.00109109 0.0999807 0.00163664
-0.00236809 0.532735 0.215002 -0.0012503 0.538003 0.22 -0.00300941 0.0556579 0.0253334 0.00111625 0.0999755 0.00190975
-0.00235232 0.533508 0.215452 -0.00123909 0.539003 0.22 0.00446077 0.0853216 0.046359 0.00112152 0.0999694 0.00220417
-0.00237401 0.534268 0.216156 -0.00122789 0.540003 0.22 -0.012678 0.0472732 0.0519885 0.0011147 0.0999622 0.00251351
-0.00241496 0.534767 0.217032 -0.00121696 0.541002 0.22 -0.00369764 0.0549802 0.0783101 0.00107842 0.0999579 0.00269268
-0.0024455 0.5352 0.218024 -0.0012066 0.542002 0.22 -0.00299087 0.0501368 0.0813206 0.00102813 0.0999555 0.00280123
-0.00251507 0.535304 0.219207 -0.00119723 0.543001 0.22 -0.0115945 0.024815 0.0993408 0.000924656 0.0999533 0.00291413
-0.00255334 0.535851 0.22053 -0.00118851 0.544001 0.22 -0.00175157 0.0644195 0.102146 0.000853969 0.099954 0.00291132
-0.0025816 0.536364 0.221891 -0.00118048 0.545001 0.22 -0.0053052 0.0431274 0.109173 0.000792388 0.0999517 0.00300386
-0.00262976 0.536766 0.223361 -0.00117284 0.546 0.22 0.00245765 0.0532672 0.119941 0.000756972 0.0999412 0.00334422
-0.00266006 0.537447 0.224642 -0.00116543 0.546999 0.22 -0.00411863 0.0585611 0.0912885 0.000733757 0.0999374 0.00345971
-0.0027026 0.537752 0.22586 -0.0011584 0.547999 0.22 -0.00455443 0.0263009 0.0884135 0.00069454 0.0999338 0.00357211
-0.00273651 0.538206 0.227005 -0.00115185 0.548998 0.22 0.00763954 0.0197804 0.073414 0.000645542 0.0999324 0.0036185
-0.00272671 0.538955 0.227873 -0.00114566 0.549997 0.22 0.000805827 0.0796569 0.0719484 0.000615291 0.0999328 0.00361208
-0.00274485 0.539636 0.228712 -0.00113944 0.550997 0.22 0.00193733 0.0528426 0.0669616 0.000625485 0.0999328 0.00361047
-0.00275861 0.540509 0.229605 -0.00113428 0.551796 0.22 -0.000472743 0.0986627 0.0662355 0.000649508 0.0999325 0.00361507
-0.00275531 0.541334 0.230125 -0.00112775 0.552795 0.22 -0.00612992 0.112408 0.044463 0.000649961 0.0999307 0.00366486
-0.00276539 0.542598 0.23076 -0.00112151 0.553795 0.22 -0.00340291 0.124725 0.0514659 0.000606843 0.0999177 0.0040099
-0.00276435 0.543834 0.231263 -0.0011146 0.554994 0.22 -0.000518091 0.116853 0.0573997 0.000569826 0.0999117 0.00416201
-0.00276012 0.544863 0.231655 -0.00110915 0.555993 0.22 -0.00196204 0.0972048 0.0235788 0.000546368 0.0999071 0.00427358
-0.00272336 0.546118 0.231978 -0.00110471 0.556792 0.22 0.00292835 0.123224 0.0199017 0.000556797 0.0999057 0.00430515
-0.00272162 0.547294 0.232048 -0.00109728 0.557991 0.22 -0.000273071 0.0981157 -0.00297209 0.000630985 0.0999032 0.00435409
-0.00270426 0.548205 0.232116 -0.00109167 0.55879 0.22 0.00255419 0.1021 0.00259369 0.00070036 0.0999019 0.00437355
-0.0026705 0.549327 0.231968 -0.0010828 0.559989 0.22 0 0 0 0.000747142 0.0999031 0.00433778
-0.0026705 0.549327 0.1654 -0.00107677 0.560788 0.22 0 0 0 0.000761518 0.0999048 0.00429545
-0.0026705 0.549327 0.172091 -0.00106911 0.561787 0.22 0 0 0 0.000764753 0.0999084 0.00421136
-0.00258449 0.551241 0.185877 -0.00105983 0.562986 0.22 0.0210748 0.476736 0.960874 0.000775979 0.0999217 0.00387902
-0.0024327 0.555398 0.197794 -0.00105363 0.563985 0.22 0.0120645 0.373662 0.860521 0.000771313 0.0999234 0.0038371
-0.0024071 0.557884 0.20609 -0.00104601 0.564785 0.22 0.00211643 0.164925 0.71818 0.000759053 0.0999176 0.00398814
-0.00245609 0.558019 0.215689 -0.00103718 0.565984 0.22 -0.0329415 -0.249177 0.348143 0.000720258 0.0999164 0.00402342
-0.00252127 0.558694 0.218792 -0.0010302 0.566983 0.22 0.00156047 0.249125 0.0997262 0.000692588 0.0999177 0.00399742
-0.00268337 0.561419 0.219528 -0.00102285 0.567982 0.22 -0.0182783 0.107851 0.113001 0.000741314 0.0999013 0.00437904
-0.00276569 0.56184 0.219613 -0.00101717 0.568781 0.22 0.00211727 0.124271 -0.0681123 0.000696043 0.0998913 0.00460823
-0.00275715 0.563057 0.218352 -0.00101075 0.56978 0.22 -0.0203079 0.0688637 -0.0576501 0.000586932 0.099913 0.00412962
-0.00296472 0.563051 0.218203 -0.00100505 0.570779 0.22 -0.00305467 0.0209143 -0.0393994 0.000574043 0.0999264 0.0037919
-0.0030135 0.563582 0.217582 -0.000997487 0.571979 0.22 -0.00401014 0.0609817 -0.0440498 0.000638507 0.0999568 0.00286943
-0.0029868 0.56393 0.217269 -0.000990872 0.572979 0.22 0.0038849 0.0163541 0.00351954 0.000670239 0.0999727 0.00223897
-0.00292947 0.56453 0.21721 -0.000985375 0.573778 0.22 0.00434582 0.12729 0.00402198 0.000689281 0.0999765 0.00205629
-0.00284142 0.566047 0.217311 -0.000977442 0.574978 0.22 0.0120253 0.151757 0.0207069 0.000652157 0.0999788 0.00195293
-0.00279319 0.567405 0.217791 -0.000971213 0.575978 0.22 0.00335578 0.0971881 0.0516858 0.000622863 0.0999784 0.00198163
-0.00275079 0.568643 0.21847 -0.000965005 0.576978 0.22 0.00798794 0.146603 0.0844968 0.000627381 0.0999787 0.00196582
-0.00272092 0.570163 0.219418 -0.000958402 0.577977 0.22 0.00295747 0.124424 0.0906611 0.000672708 0.09998 0.00188476
-0.00275876 0.571369 0.220367 -0.000951287 0.578977 0.22 -0.00305034 0.160676 0.0741881 0.000719508 0.0999821 0.00174964
-0.00280806 0.572799 0.221549 -0.000944015 0.579977 0.22 -0.00514165 0.117147 0.096178 0.000722607 0.0999841 0.00163039
-0.00284176 0.574237 0.222767 -0.000937145 0.580977 0.22 0.00241285 0.13546 0.0896266 0.000675827 0.099986 0.00153292
-0.00283651 0.575667 0.224139 -0.000930821 0.581977 0.22 0.00237672 0.136075 0.115243 0.000623178 0.0999867 0.00150701
-0.00277536 0.577376 0.225306 -0.000924734 0.582977 0.22 0.0113923 0.208647 0.0896991 0.000609318 0.0999865 0.00152638
-0.00268701 0.578905 0.226621 -0.000918478 0.583977 0.22 0.0133038 0.145565 0.113414 0.000633945 0.0999898 0.00127596
-0.00258879 0.580357 0.227742 -0.000912007 0.584976 0.22 0.0131754 0.155045 0.0914749 0.000650761 0.0999886 0.00136231
-0.00249742 0.581981 0.228748 -0.000905702 0.585976 0.22 0.00680437 0.172865 0.0881893 0.000623405 0.099987 0.00148374
-0.00242468 0.583246 0.229823 -0.00090044 0.586976 0.22 0.0060446 0.110001 0.0906822 0.000488444 0.0999873 0.00151755
-0.0024135 0.584573 0.230856 -0.000896931 0.587776 0.22 0.00201878 0.114296 0.0933971 0.000432002 0.0999944 0.000985596
-0.00239631 0.585909 0.231773 -0.000892252 0.588976 0.22 0.00090626 0.129234 0.0820712 0.000398793 0.0999942 0.000998104
-0.00234474 0.58707 0.232478 -0.000887761 0.589976 0.22 0.00289065 0.109024 0.0614796 0.000454315 0.0999933 0.00106032
-0.00225616 0.588276 0.232978 -0.000882546 0.590976 0.22 0.00442517 0.106173 0.0369518 0.000528151 0.0999919 0.00116113
-0.00220093 0.589406 0.23344 -0.000877407 0.591976 0.22 0.0010593 0.132176 0.0420983 0.000502571 0.099991 0.0012414
-0.00221562 0.590238 0.233727 -0.000873777 0.592776 0.22 0.00680831 0.074401 0.0324532 0.000442494 0.0999908 0.00127983
-0.00219545 0.591307 0.234127 -0.000870046 0.593776 0.22 -0.00119158 0.0869094 0.0209528 0.000356172 0.0999911 0.00128605
-0.00214806 0.592301 0.234307 -0.000866348 0.594976 0.22 0.0024975 0.122439 0.0218013 0.00030312 0.0999913 0.00128514
-0.00214405 0.593158 0.234366 -0.000863182 0.595975 0.22 -0.0115394 0.0806893 0.0130087 0.00032182 0.0999906 0.0013334
-0.00216357 0.593664 0.234311 -0.00085958 0.596975 0.22 0 0 0 0.000364382 0.0999896 0.00139416
-0.00216357 0.593664 0.163587 -0.000855223 0.597975 0.22 0 0 0 0.000442711 0.0999839 0.0017414
-0.00216357 0.593664 0.172134 -0.000850463 0.598975 0.22 0 0 0 0.000482449 0.0999831 0.00177631
-0.00211141 0.593991 0.183049 -0.000845437 0.599975 0.22 0.0120147 0.0482942 0.857413 0.000505498 0.0999815 0.00185835
-0.00207433 0.595513 0.19468 -0.000840318 0.600975 0.22 0.00627915 0.201328 0.829698 0.00051016 0.0999809 0.00188601
-0.00194947 0.597182 0.205465 -0.000835291 0.601974 0.22 0.00449056 0.135478 0.761201 0.000500009 0.0999805 0.00190972
-0.00189201 0.597389 0.21559 -0.00083037 0.602974 0.22 -0.000774819 -0.0109796 0.711087 0.000492742 0.0999814 0.0018662
-0.00196278 0.597564 0.219351 -0.000825329 0.603974 0.22 -0.0378696 -0.0191831 -0.0498326 0.000504696 0.0999833 0.00175582
-0.00217914 0.598273 0.218223 -0.000821402 0.604774 0.22 0.00882276 0.261501 -0.106334 0.000488989 0.0999859 0.00160777
-0.0022522 0.601313 0.216894 -0.0008163 0.605774 0.22 -0.00908703 0.0873685 -0.0631244 0.000514305 0.099982 0.00182529
-0.00230929 0.601451 0.215887 -0.000808872 0.606973 0.22 -0.010389 0.0705589 -0.0512596 0.000625306 0.0999672 0.0024834
-0.00232693 0.603132 0.215468 -0.000803511 0.607773 0.22 0.00296166 0.214651 -0.100495 0.000673705 0.0999529 0.00299431
-0.00228524 0.604345 0.214098 -0.000794532 0.608972 0.22 -0.00298337 0.0153732 -0.0634228 0.000772002 0.0999335 0.00356246
-0.00230969 0.605194 0.213988 -0.000786421 0.609972 0.22 -0.00425604 0.129464 0.00657902 0.000818694 0.0999209 0.00389256
-0.00229978 0.606135 0.213981 -0.000777928 0.610971 0.22 0.00292905 0.0369623 -0.0107997 0.00085286 0.0999125 0.00409452
-0.00231597 0.606478 0.214101 -0.000769033 0.61197 0.22 -0.0046489 0.0759531 0.0232916 0.000883843 0.0999003 0.00437553
-0.00230892 0.607159 0.214518 -0.000760333 0.612969 0.22 -0.00330516 0.0740006 0.0510225 0.000865384 0.0998966 0.00446247
-0.00231784 0.607585 0.215095 -0.0007519 0.613968 0.22 -0.000290653 0.0363735 0.0558226 0.000839843 0.0998936 0.00453442
-0.00228146 0.60796 0.215985 -0.000743574 0.614967 0.22 -0.00629429 0.0606339 0.0820428 0.000831915 0.0998851 0.00472016
-0.00226806 0.608553 0.217099 -0.00073528 0.615965 0.22 -0.000999298 0.0260932 0.095281 0.000828769 0.0998784 0.00485982
-0.0022835 0.608867 0.218385 -0.000727036 0.616964 0.22 -0.00304327 0.0439552 0.109842 0.000823299 0.0998687 0.00505629
-0.00227523 0.609368 0.219713 -0.000718993 0.617963 0.22 0.0028075 0.0401198 0.106801 0.000799276 0.0998586 0.0052548
-0.00228506 0.609975 0.221014 -0.000711387 0.618961 0.22 -0.00152028 0.0505316 0.109444 0.00074701 0.0998417 0.00557473
-0.00228546 0.610293 0.222249 -0.000704231 0.619959 0.22 -0.00297 0.0248396 0.0963358 0.0007037 0.0998211 0.00593817
-0.00230558 0.610596 0.223419 -0.000697659 0.620957 0.22 -0.0011042 0.0262193 0.0900274 0.000657289 0.0997946 0.00637178
-0.00232017 0.611091 0.224509 -0.00069129 0.621955 0.22 -0.000877673 0.0502841 0.0922096 0.000637463 0.0997521 0.00700868
-0.0023272 0.611688 0.225456 -0.000684866 0.622952 0.22 -0.00214247 0.0421648 0.0534922 0.000646021 0.099757 0.00693781
-0.0023282 0.612256 0.226491 -0.000678329 0.62395 0.22 0.000319802 0.0731292 0.0875254 0.000654361 0.0997313 0.00729613
-0.00233447 0.613048 0.227423 -0.000671969 0.624947 0.22 0.00203112 0.11378 0.0789607 0.000629785 0.0997377 0.00721026
-0.00230618 0.613903 0.228105 -0.0006671 0.625745 0.22 0.00262272 0.0916267 0.0606405 0.000606543 0.0997375 0.00721572
-0.00229113 0.614974 0.228932 -0.000660143 0.626942 0.22 -0.00270537 0.0946187 0.0592728 0.000573943 0.0997361 0.0072371
-0.00226893 0.615823 0.229372 -0.000655604 0.62774 0.22 0.00328965 0.0754465 0.0461318 0.000568371 0.0997373 0.00722186
-0.00225691 0.616725 0.229819 -0.000649664 0.628737 0.22 0.00278477 0.114075 0.0338291 0.000598436 0.0997403 0.00717749
-0.00224227 0.6182 0.230315 -0.00064183 0.629934 0.22 0.00353078 0.129242 0.0343105 0.000671021 0.0997428 0.00713626
-0.0022456 0.619485 0.230675 -0.000634793 0.630932 0.22 -0.00294727 0.119475 0.0251211 0.000708334 0.0997416 0.00714955
-0.00221462 0.620747 0.230965 -0.000629156 0.631729 0.22 0.00291449 0.123126 0.0219238 0.000702628 0.0997114 0.00756061
-0.00218215 0.622332 0.231093 -0.000621039 0.632926 0.22 0.00154811 0.150747 0.00756512 0.000670683 0.0997097 0.00758494
-0.00214195 0.623167 0.23115 -0.000614398 0.633923 0.22 0 0 0 0.000666146 0.0997055 0.00764044
-0.00214195 0.623167 0.166594 -0.000607488 0.63492 0.22 0 0 0 0.00069693 0.0996943 0.00778254
-0.00214195 0.623167 0.175872 -0.0006003 0.635917 0.22 0 0 0 0.000732335 0.0996989 0.0077195
-0.00209491 0.625792 0.187738 -0.000592742 0.636914 0.22 0.00658812 0.444624 0.962348 0.000759992 0.0997046 0.00764287
-0.00202946 0.629156 0.197202 -0.000586597 0.637711 0.22 0.00623264 0.401707 0.846308 0.00076651 0.0997134 0.00752675
-0.00190943 0.632335 0.209233 -0.000577361 0.638908 0.22 0.00957964 0.123585 0.704606 0.000771342 0.099704 0.00764919
-0.002003 0.631929 0.216622 -0.000569671 0.639905 0.22 -0.0314443 -0.199299 0.319731 0.000767352 0.0997041 0.00764879
-0.00192013 0.632722 0.219885 -0.000562253 0.640902 0.22 0.0248471 0.293318 0.121538 0.000735972 0.099705 0.00764047
-0.00203257 0.635718 0.22064 -0.000554688 0.641899 0.22 -0.0133699 0.114744 0.135422 0.000765934 0.0996629 0.00816855
-0.00205379 0.636273 0.220709 -0.000547447 0.642895 0.22 0.00378689 0.0984872 -0.056229 0.000708708 0.0996451 0.00838762
-0.00210235 0.637315 0.219469 -0.000541143 0.643892 0.22 -0.0157011 0.0262033 -0.0538008 0.000613346 0.0996849 0.00790858
-0.00233556 0.636976 0.219181 -0.000535014 0.644889 0.22 -0.0140394 0.00338726 -0.0248879 0.000625808 0.0997499 0.00704025
-0.00243307 0.63764 0.218564 -0.000527924 0.645887 0.22 -0.00863837 0.0410908 -0.0421993 0.000725143 0.0998065 0.00617479
-0.00241727 0.637806 0.2183 -0.000520081 0.646886 0.22 0.00487542 0.0283572 0.00289885 0.000801869 0.0998417 0.00556694
-0.00239484 0.639007 0.218177 -0.000513208 0.647684 0.22 -0.000258158 0.155342 0.00183946 0.000871506 0.0998574 0.00526778
-0.00235528 0.639917 0.218129 -0.000504488 0.648683 0.22 0.00605672 0.0867626 0.0268641 0.000868888 0.0998643 0.0051341
-0.00230584 0.641297 0.218507 -0.000495987 0.649682 0.22 -0.00016188 0.125341 0.0356932 0.000849984 0.0998663 0.0050981
-0.00229593 0.642337 0.218876 -0.000487584 0.65068 0.22 -0.00145456 0.166099 0.0678444 0.00084065 0.0998665 0.00509663
-0.00227053 0.643862 0.219742 -0.000479017 0.651679 0.22 0.00280974 0.135664 0.0828238 0.000867449 0.0998693 0.00503774
-0.00225029 0.645342 0.220746 -0.00047011 0.652678 0.22 0.00105094 0.143507 0.0989176 0.00089425 0.0998734 0.0049496
-0.00225533 0.646809 0.22174 -0.000460887 0.653677 0.22 0.000271722 0.166099 0.0935484 0.000921939 0.0998797 0.00481662
-0.00229116 0.648464 0.22275 -0.000451764 0.654675 0.22 -0.00804529 0.173144 0.108214 0.000907209 0.0998824 0.00476346
-0.00228086 0.650182 0.223909 -0.000442963 0.655674 0.22 0.00161151 0.185756 0.104121 0.000872804 0.099879 0.00483926
-0.00223404 0.652123 0.224986 -0.000434396 0.656673 0.22 0.00237957 0.193615 0.0979629 0.000855827 0.0998726 0.00497311
-0.00219151 0.653982 0.226045 -0.000425696 0.657672 0.22 0.00522163 0.184538 0.099601 0.0008766 0.0998569 0.00527607
-0.00210198 0.655837 0.227118 -0.000416651 0.65867 0.22 0.00650427 0.168842 0.100794 0.000911884 0.0998439 0.00550974
-0.0020174 0.657395 0.228218 -0.000407397 0.659668 0.22 0.00692218 0.145462 0.0922447 0.00092416 0.0998321 0.00571833
-0.00197897 0.658855 0.229176 -0.000398601 0.660667 0.22 0.00403906 0.149435 0.0943156 0.000857579 0.0998241 0.00586645
-0.0020047 0.660347 0.230233 -0.000390569 0.661665 0.22 -0.00429405 0.115929 0.105003 0.000774875 0.0998264 0.00583941
-0.00204889 0.661465 0.231216 -0.000383054 0.662663 0.22 -0.0081683 0.126863 0.0721778 0.000752051 0.0998276 0.00582164
-0.00206806 0.66291 0.231891 -0.000375144 0.663661 0.22 0.00100652 0.120866 0.0693162 0.000797883 0.0998268 0.00582793
-0.00201208 0.664092 0.232514 -0.000366245 0.66466 0.22 0.0108725 0.12607 0.0461145 0.000919808 0.0998186 0.00594988
-0.0019029 0.665325 0.232942 -0.000356764 0.665658 0.22 0.00712585 0.126285 0.0354701 0.000952669 0.0997991 0.00626326
-0.00183597 0.666465 0.233262 -0.000347591 0.666656 0.22 0.00150182 0.0741037 0.0229908 0.000908313 0.0997914 0.00639074
-0.00179115 0.667387 0.233506 -0.000339589 0.667653 0.22 0.0061448 0.101911 0.0439671 0.000776326 0.0997841 0.00652227
-0.00175818 0.668262 0.2338 -0.000332564 0.668651 0.22 0.000780893 0.0688674 0.0263683 0.000681594 0.0997841 0.0065325
-0.00172849 0.669071 0.233943 -0.000326049 0.669649 0.22 0.000537782 0.0887559 0.00856212 0.00064712 0.0997846 0.00652735
-0.00171164 0.66952 0.234 -0.000317889 0.670847 0.22 0 0 0 0.000709569 0.0997829 0.00654755
-0.00171164 0.66952 0.163515 -0.000310219 0.671844 0.22 0 0 0 0.000776406 0.099799 0.00628975
-0.00171164 0.66952 0.172421 -0.000301484 0.672842 0.22 0 0 0 0.000885082 0.0997784 0.00659516
-0.00165005 0.67001 0.183741 -0.000292317 0.67384 0.22 0.00866087 0.103564 0.878521 0.000924353 0.0997739 0.00665667
-0.00165466 0.671623 0.195415 -0.00028307 0.674838 0.22 0.00545238 0.184731 0.840775 0.000920433 0.0997717 0.00669
-0.0016104 0.673169 0.206052 -0.000274061 0.675836 0.22 0.00386248 0.116297 0.767966 0.000897152 0.0997681 0.00674654
-0.0016095 0.673119 0.216218 -0.000265575 0.676833 0.22 -0.00495163 -0.0180593 0.702951 0.000843357 0.0997704 0.00672044
-0.00177262 0.673442 0.218346 -0.000257303 0.677831 0.22 -0.0370987 -0.0302065 -0.102882 0.000825348 0.0997748 0.00665612
-0.00184243 0.674955 0.216929 -0.000248985 0.678829 0.22 0.0117047 0.33787 -0.0817434 0.000835143 0.0997755 0.00664534
-0.00180001 0.677226 0.215823 -0.000240183 0.679826 0.22 0.0105386 0.012591 -0.078785 0.000916506 0.099731 0.00727264
-0.00165627 0.677232 0.214968 -0.000230507 0.680823 0.22 0.014162 0.0889832 -0.0183653 0.000984194 0.0997075 0.00757879
-0.00164227 0.679449 0.214398 -0.000220156 0.681821 0.22 0.00335613 0.20113 -0.0588702 0.00103901 0.0997453 0.00705626
-0.00161371 0.680292 0.21345 -0.000208971 0.682818 0.22 -0.000442063 0.0395515 -0.0429664 0.00112708 0.0997124 0.00749397
-0.00162438 0.681166 0.213544 -0.000197044 0.683815 0.22 -0.00439153 0.100911 0.0328295 0.00121647 0.0996737 0.00797971
-0.00160267 0.681766 0.213829 -0.000184499 0.684811 0.22 -0.000260509 0.0218473 0.0172999 0.00126897 0.099654 0.00821375
-0.00158122 0.68246 0.213979 -0.000171296 0.685807 0.22 0.000656559 0.0898758 0.0173247 0.00131985 0.0996276 0.00852102
-0.00153275 0.683137 0.214541 -0.000157951 0.686804 0.22 0.00655519 0.0883989 0.0627136 0.00133183 0.0996087 0.00873692
-0.001511 0.683754 0.215396 -0.000144809 0.6878 0.22 0.00373086 0.0432707 0.067382 0.00130654 0.0995945 0.0089014
-0.00142655 0.684209 0.216405 -0.000131986 0.688795 0.22 0.00568991 0.0226875 0.084138 0.00127883 0.0995813 0.00905132
-0.0013917 0.684883 0.217584 -0.000119507 0.689791 0.22 0.00228237 0.0615592 0.0938318 0.00124635 0.0995554 0.00933656
-0.00136364 0.685464 0.218941 -0.000107026 0.690786 0.22 -0.00330396 0.0556104 0.1263 0.00125111 0.0995288 0.00961504
-0.00137266 0.685907 0.220325 -9.43995e-05 0.691781 0.22 -0.00294362 0.0330639 0.111608 0.00126671 0.0995009 0.00989793
-0.00137104 0.686289 0.22167 -8.16594e-05 0.692776 0.22 0.00238281 0.0520316 0.101765 0.00127425 0.0994839 0.0100667
-0.00131468 0.686808 0.222801 -6.90213e-05 0.693771 0.22 0.0036185 0.0587179 0.101047 0.00125944 0.0994334 0.010555
-0.00128033 0.687395 0.223904 -5.65952e-05 0.694765 0.22 0.00297659 0.0732175 0.101189 0.0012385 0.0994268 0.0106195
-0.00123233 0.687912 0.225101 -4.43703e-05 0.695759 0.22 0.00609726 0.0316116 0.0967742 0.00122032 0.0994224 0.0106626
-0.00118601 0.68838 0.226103 -3.2126e-05 0.696753 0.22 0.0014674 0.0496626 0.0777086 0.00123051 0.0994085 0.010791
-0.00117573 0.689131 0.226981 -1.96335e-05 0.697747 0.22 -0.00991677 0.0624763 0.0807199 0.00126047 0.0994087 0.0107856
-0.00115182 0.689842 0.227942 -6.59997e-06 0.698741 0.22 -0.00285026 0.0877807 0.0884698 0.00131293 0.0994025 0.0108364
-0.00113648 0.690744 0.228843 6.75325e-06 0.699735 0.22 0.00434193 0.115839 0.0767357 0.00133688 0.0993944 0.0109071
-0.0011056 0.691646 0.229509 1.997e-05 0.700729 0.22 0.00540797 0.0946128 0.0511212 0.00131485 0.0993568 0.0112474
-0.00103497 0.692663 0.230112 3.29929e-05 0.701722 0.22 0.000770394 0.101528 0.0568719 0.00130047 0.0993115 0.0116419
-0.000952783 0.693669 0.230642 4.61034e-05 0.702715 0.22 0.0161891 0.0925714 0.0498873 0.00131417 0.0993019 0.0117216
-0.000866924 0.694869 0.23105 5.9638e-05 0.703708 0.22 0.00287325 0.109328 0.0392929 0.0013569 0.0992941 0.0117829
-0.000818745 0.695917 0.2313 7.37877e-05 0.704701 0.22 -0.000476547 0.0734768 0.0172598 0.00143581 0.0992896 0.0118115
-0.000773201 0.696942 0.231471 8.85736e-05 0.705694 0.22 0.00819926 0.125259 0.0197324 0.00149923 0.0992922 0.011782
-0.00073965 0.698152 0.231602 0.000103807 0.706687 0.22 0.00300246 0.0962748 0.00125591 0.00152585 0.0992985 0.0117255
-0.000715401 0.698594 0.231602 0.000119256 0.70768 0.22 0 0 0 0.00154526 0.0993038 0.0116773
-0.000715401 0.698594 0.166362 0.000134677 0.708673 0.22 0 0 0 0.00154055 0.099307 0.0116508
-0.000715401 0.698594 0.175725 0.00015005 0.709666 0.22 0 0 0 0.00153663 0.0993092 0.0116326
-0.000725659 0.7021 0.187533 0.000165274 0.710659 0.22 -0.00409054 0.448852 0.972299 0.00151179 0.0993081 0.0116454
-0.000526112 0.705723 0.198664 0.000180223 0.711652 0.22 0.00958909 0.336229 0.816131 0.00148764 0.0993035 0.0116875
-0.000438867 0.707355 0.208409 0.00019509 0.712645 0.22 0.0097307 0.0380913 0.702953 0.00148673 0.0992757 0.0119218
-0.000393909 0.707912 0.217162 0.000209746 0.713638 0.22 0.00747592 0.101336 0.58 0.00145901 0.099267 0.0119972
-0.000431944 0.707836 0.221539 0.000223886 0.71463 0.22 0.00730535 0.136944 0.235143 0.00138627 0.0992749 0.0119402
-0.000459736 0.710308 0.222262 0.000237662 0.715623 0.22 -0.0129213 0.238129 0.0677935 0.00138451 0.0992492 0.0121521
-0.000576613 0.711322 0.221389 0.00025165 0.716615 0.22 -0.0047309 -0.0292832 -0.0523291 0.0013953 0.0992081 0.0124818
-0.000558775 0.711453 0.220268 0.000265071 0.717608 0.22 -0.0133445 0.07632 -0.0807168 0.00132056 0.0992789 0.0119147
-0.000681821 0.712103 0.219473 0.000278023 0.718601 0.22 -0.00852732 0.0382423 -0.0416742 0.00129015 0.0993511 0.0113005
-0.000752697 0.711822 0.218919 0.000290808 0.719595 0.22 0.00843059 0.00921949 -0.0549323 0.00127468 0.0994393 0.0104977
-0.000727649 0.712685 0.218396 0.000303176 0.72059 0.22 0.00875026 0.118474 -0.00870373 0.00123698 0.0995031 0.0098797
-0.00067976 0.713306 0.218267 0.000315231 0.721586 0.22 0.000806395 0.0746697 -0.0115736 0.00118767 0.0995419 0.00948653
-0.000630436 0.714474 0.218106 0.000326694 0.722581 0.22 0.00664839 0.150174 0.00642624 0.00112448 0.09955 0.00940944
-0.000554437 0.715759 0.218539 0.00033762 0.723577 0.22 0.0105259 0.105951 0.0499207 0.0010889 0.0995497 0.00941615
-0.000457852 0.717023 0.219169 0.000348092 0.724572 0.22 0.0191828 0.142965 0.0585592 0.00104281 0.0995464 0.00945661
-0.000415404 0.718509 0.220039 0.000358293 0.725568 0.22 0.00274691 0.147565 0.100688 0.00101287 0.0995534 0.00938619
-0.000378991 0.71993 0.221181 0.000368198 0.726563 0.22 0.00562692 0.146135 0.102609 0.000984716 0.0995656 0.00925835
-0.000344894 0.721437 0.222245 0.000377799 0.727559 0.22 0.00326675 0.166875 0.101825 0.000950475 0.099576 0.0091497
-0.000287638 0.72297 0.223318 0.000387167 0.728555 0.22 0.00268183 0.171097 0.106483 0.00093197 0.0995739 0.00917396
-0.000215281 0.724909 0.224434 0.000396403 0.729551 0.22 0.00630388 0.184654 0.114216 0.000935791 0.0996078 0.00879866
-0.00011015 0.726498 0.225579 0.000405543 0.730547 0.22 0.0154993 0.180507 0.104578 0.000907119 0.0996173 0.00869349
-1.52833e-05 0.728416 0.226657 0.000414499 0.731543 0.22 0.0124068 0.197794 0.1024 0.000894236 0.0996056 0.00882751
7.80109e-05 0.730086 0.227709 0.000423436 0.732539 0.22 0.00673979 0.144216 0.106743 0.000895334 0.0995839 0.00906907
0.000176922 0.731817 0.228586 0.000432384 0.733534 0.22 0.0172682 0.189141 0.10028 0.000894248 0.0995672 0.00925025
0.000254366 0.73351 0.229494 0.000441259 0.73453 0.22 0.0120857 0.171371 0.082277 0.00088713 0.0995493 0.00944168
0.000275329 0.735141 0.230304 0.000450056 0.735525 0.22 0.00271761 0.127494 0.0882667 0.000878246 0.0995305 0.00963877
0.000284005 0.736439 0.231064 0.000458926 0.73652 0.22 0.00168535 0.134498 0.0638598 0.000894812 0.0995158 0.00978753
0.000357107 0.737906 0.231594 0.000468113 0.737515 0.22 0.00803928 0.111594 0.0688927 0.00092317 0.0995057 0.00988734
0.000433579 0.739019 0.232134 0.000477707 0.73851 0.22 0.00841765 0.113685 0.0649568 0.000959982 0.0994966 0.00997563
0.000457961 0.740205 0.232594 0.000487408 0.739505 0.22 -0.00280344 0.12456 0.0453525 0.000967342 0.0994897 0.0100435
0.000451284 0.741314 0.232977 0.000497031 0.7405 0.22 -0.00155824 0.0915099 0.038685 0.000960368 0.0994841 0.010099
0.000447849 0.742242 0.233203 0.000506657 0.741495 0.22 -0.00135412 0.0994246 0.0289537 0.000963805 0.0994789 0.0101495
0.00043102 0.743192 0.233357 0.000516603 0.74249 0.22 0.00589895 0.07847 0.0128075 0.00100458 0.0994734 0.0101999
0.000437188 0.744059 0.23347 0.000527125 0.743484 0.22 0.00786392 0.114709 0.00905771 0.00106372 0.0994652 0.0102734
0.000449507 0.744464 0.233427 0.000538152 0.744479 0.22 0 0 0 0.0011114 0.0994624 0.0102954
0.000449507 0.744464 0.164248 0.00054939 0.745474 0.22 0 0 0 0.00112176 0.0994534 0.010381
0.000449507 0.744464 0.173882 0.000560534 0.746468 0.22 0 0 0 0.00111122 0.0994483 0.0104304
0.000522546 0.745038 0.185619 0.000571494 0.747463 0.22 0.0130473 0.163897 0.933278 0.00109317 0.0994407 0.0105048
0.000641551 0.746821 0.197425 0.000582232 0.748457 0.22 0.0151069 0.173053 0.845328 0.00106818 0.0994386 0.0105273
0.000807293 0.747913 0.208415 0.000592791 0.749451 0.22 0.00344131 0.00268757 0.79756 0.00104921 0.0994359 0.0105543
0.000853896 0.747946 0.218445 0.00060317 0.750446 0.22 0.0142978 0.261916 0.546709 0.00103457 0.0994407 0.0105103
0.000708091 0.749172 0.220872 0.000613444 0.75144 0.22 -0.0450106 -0.0473052 -0.179919 0.00102651 0.0994432 0.0104881
0.000548719 0.749796 0.21888 0.00062336 0.752435 0.22 0.00791028 0.333742 -0.050454 0.00098325 0.0994698 0.0102373
0.000549335 0.75247 0.217986 0.000633248 0.753429 0.22 0.00203483 0.0547287 -0.0665095 0.00099648 0.0994234 0.0106767
0.000587052 0.752587 0.217122 0.000643369 0.754423 0.22 -0.00450422 0.0928488 -0.0297605 0.00101267 0.0993871 0.0110079
0.000578244 0.754486 0.216294 0.000653632 0.755416 0.22 0.00683445 0.246404 -0.0906394 0.00103124 0.0993064 0.011712
0.000580026 0.755819 0.215392 0.000664228 0.756409 0.22 -0.00268433 0.0237836 -0.0344655 0.00107036 0.0992532 0.0121514
0.000543044 0.756305 0.215374 0.000675234 0.757401 0.22 -0.00203965 0.0919765 0.00121634 0.00111899 0.0991971 0.0125968
0.000578297 0.757295 0.215215 0.000686931 0.758393 0.22 -0.00398446 0.0540938 0.000362058 0.00117862 0.0991632 0.0128555
0.000567825 0.757701 0.215215 0.000699557 0.759384 0.22 -0.00396114 0.031582 0.0247819 0.00126869 0.0991203 0.0131739
0.000564911 0.757991 0.215555 0.000712483 0.760375 0.22 0.00616706 0.0645209 0.0472143 0.00129721 0.0991034 0.0132982
0.000593481 0.758518 0.216076 0.000725409 0.761366 0.22 0.00214174 0.074292 0.0676663 0.00129058 0.0990979 0.0133394
0.000621903 0.758889 0.216901 0.000738211 0.762357 0.22 0.00188594 0.0345309 0.0883773 0.0012705 0.0990844 0.0134415
0.000622756 0.759099 0.217931 0.000750713 0.763348 0.22 0.0014203 0.0266778 0.0913134 0.00124351 0.0990746 0.0135161
0.000615343 0.759375 0.219084 0.000762997 0.764338 0.22 -0.00242092 0.0386884 0.0957006 0.00122731 0.0990572 0.0136445
0.000618577 0.759755 0.22032 0.000775288 0.765329 0.22 0.00281921 0.0247701 0.104696 0.00123252 0.099025 0.0138754
0.000637287 0.760115 0.221549 0.000787691 0.766319 0.22 0.0064155 0.0277927 0.105096 0.00124301 0.0990027 0.0140325
0.000654701 0.760561 0.222749 0.000800126 0.767309 0.22 -0.0077446 0.0653186 0.103894 0.00124137 0.0989813 0.0141831
0.000673328 0.761116 0.223902 0.000812278 0.768298 0.22 0.00159178 0.0276725 0.0841809 0.00120779 0.0989682 0.0142771
0.000697231 0.761537 0.225005 0.000823983 0.769287 0.22 -0.000752398 0.0581062 0.0997234 0.00115542 0.0989005 0.0147427
0.00070814 0.762254 0.225926 0.000835254 0.770276 0.22 0.0063096 0.0762228 0.0897517 0.00112667 0.098883 0.014862
0.000746959 0.763042 0.226926 0.000846632 0.771265 0.22 0.000952066 0.105481 0.0798569 0.00114203 0.0988923 0.014799
0.000759241 0.763922 0.227818 0.000858649 0.772254 0.22 -0.00171916 0.103455 0.082508 0.00121517 0.098887 0.0148285
0.00074615 0.764813 0.228643 0.000871139 0.773243 0.22 -0.00457673 0.114646 0.0743811 0.00126422 0.0988777 0.0148861
0.000758365 0.765913 0.229304 0.000883459 0.77423 0.22 0.00075993 0.104806 0.065177 0.00123884 0.0987922 0.0154458
0.000751513 0.76689 0.229883 0.000895662 0.775218 0.22 0.00245497 0.102705 0.0533774 0.00122356 0.0987389 0.015784
0.000788527 0.767886 0.230364 0.000907879 0.776205 0.22 -0.00172646 0.138153 0.0547178 0.00122168 0.0987212 0.0158944
0.000810271 0.769125 0.230757 0.000920064 0.777192 0.22 0.00205461 0.0990787 0.0330672 0.00121946 0.0986682 0.01622
0.000821207 0.77012 0.230933 0.00093245 0.778178 0.22 -0.00366337 0.101742 0.0171423 0.00124666 0.0986632 0.0162487
0.000806821 0.771121 0.231079 0.000945356 0.779165 0.22 -0.000702889 0.13115 0.0124272 0.001309 0.0986685 0.0162114
0.000788264 0.772254 0.231027 0.000958697 0.780152 0.22 -0.00307627 0.0946422 0.00793412 0.00134241 0.0986784 0.0161482
0.000782111 0.772444 0.230905 0.000972381 0.781139 0.22 0 0 0 0.00137165 0.0986918 0.016064
0.000782111 0.772444 0.166531 0.000986054 0.782126 0.22 0 0 0 0.00135981 0.0987107 0.0159485
0.000782111 0.772444 0.176264 0.000999528 0.783113 0.22 0 0 0 0.0013452 0.0987392 0.0157721
0.000864474 0.776915 0.188396 0.00101266 0.7841 0.22 0.0269079 0.397223 0.973348 0.00130015 0.098746 0.0157332
0.00102978 0.780421 0.199208 0.00102504 0.785088 0.22 0.00249971 0.274647 0.808176 0.00122782 0.0987571 0.0156692
0.00112458 0.781865 0.208876 0.00103691 0.786075 0.22 0.00780645 0.031689 0.687395 0.00117091 0.0987405 0.0157779
0.00107944 0.781966 0.216759 0.00104818 0.787063 0.22 -0.0283379 -0.0717 0.345598 0.00110925 0.0987489 0.0157299
0.00102315 0.782554 0.220011 0.00105831 0.78805 0.22 -0.0072415 0.266631 0.132719 0.00100532 0.0987654 0.0156326
0.000868815 0.785246 0.21988 0.00106805 0.789038 0.22 -0.0121861 0.245517 -0.0218588 0.00098359 0.0987002 0.016041
0.000835519 0.786005 0.219028 0.00107749 0.790024 0.22 0.000130654 -0.038279 -0.0871607 0.000906856 0.0986943 0.0160813
0.000687711 0.786299 0.218017 0.00108592 0.791012 0.22 -0.0180362 0.0979517 -0.0492953 0.000838851 0.0987615 0.015667
0.000508645 0.78701 0.21759 0.00109459 0.792001 0.22 -0.0121859 -0.0227839 -0.0519239 0.000885375 0.0989137 0.0146729
0.000433816 0.786732 0.217058 0.00110379 0.792991 0.22 0.00984879 0.0110667 -0.0247021 0.000928908 0.099026 0.0138918
0.00046427 0.787503 0.216872 0.00111369 0.793982 0.22 0.00108716 0.105656 0.0242642 0.00100628 0.0990977 0.0133652
0.000486502 0.788219 0.216884 0.00112397 0.794973 0.22 0.001182 0.0656106 0.00328322 0.00102586 0.0991476 0.0129888
0.00051929 0.789117 0.21697 0.00113422 0.795965 0.22 0.0111962 0.136849 0.0338004 0.00102547 0.0991582 0.0129071
0.000592209 0.790383 0.217466 0.00114448 0.796956 0.22 0.00404277 0.14484 0.0573554 0.00102599 0.0991646 0.012858
0.000656634 0.791649 0.218156 0.00115482 0.797948 0.22 0.0024229 0.131347 0.0869533 0.00103653 0.0991674 0.0128357
0.00069185 0.793127 0.219084 0.00116559 0.79894 0.22 0.0042245 0.137786 0.0929052 0.0010905 0.0991805 0.0127293
0.000740572 0.794484 0.220107 0.00117674 0.799932 0.22 -0.00772146 0.159596 0.126081 0.00112425 0.0991877 0.0126701
0.000765102 0.795975 0.221247 0.00118829 0.800924 0.22 0.00500038 0.170269 0.123958 0.00115928 0.0991944 0.0126145
0.000784029 0.797645 0.22235 0.00119999 0.801916 0.22 0.00176788 0.152938 0.110502 0.00116871 0.0991897 0.0126504
0.000805915 0.799197 0.223498 0.00121159 0.802907 0.22 0.00388201 0.135035 0.107146 0.00115494 0.0991777 0.0127458
0.00085685 0.800884 0.22466 0.00122306 0.803899 0.22 0.00299119 0.18817 0.118213 0.00114645 0.0992096 0.0124955
0.000886982 0.802688 0.225818 0.00123469 0.804891 0.22 0.00316824 0.164251 0.117542 0.00116895 0.0991884 0.0126605
0.000952325 0.804297 0.226816 0.0012466 0.805883 0.22 0.00447715 0.14683 0.0962601 0.00119729 0.0991633 0.0128532
0.00100193 0.805973 0.227702 0.00125864 0.806875 0.22 0.00621357 0.170995 0.102303 0.00120505 0.0991599 0.0128785
0.00103809 0.807589 0.228715 0.00127032 0.807866 0.22 -0.000742163 0.124217 0.114663 0.00115773 0.0991344 0.0130776
0.00101788 0.808889 0.229631 0.00128165 0.808857 0.22 -0.00922609 0.103167 0.084969 0.0011299 0.0991609 0.0128775
0.000929708 0.810242 0.230345 0.00129301 0.809849 0.22 -0.00833243 0.143628 0.0819493 0.00114395 0.0991512 0.0129511
0.000892658 0.811614 0.231007 0.00130494 0.81084 0.22 -0.000541162 0.118247 0.0679228 0.00120367 0.0991407 0.0130255
0.000958556 0.812793 0.231506 0.00131819 0.811832 0.22 0.0134846 0.109396 0.0586698 0.00133978 0.0991102 0.0132427
0.00108671 0.814001 0.231943 0.0013318 0.812822 0.22 0.0116764 0.0959591 0.0443683 0.00135998 0.0990916 0.0133795
0.00114944 0.814995 0.23233 0.00134496 0.813813 0.22 -0.00191737 0.113494 0.0387066 0.00129884 0.0990838 0.0134428
0.00111726 0.816015 0.232625 0.00135716 0.814804 0.22 -0.00949003 0.10489 0.0311076 0.00119244 0.099079 0.0134882
0.00106655 0.817066 0.232826 0.00136884 0.815795 0.22 0.00223064 0.0833136 0.0264111 0.0011634 0.0990751 0.013519
0.00106126 0.817931 0.232917 0.00138058 0.816786 0.22 0.00580093 0.0842888 0.0208719 0.00117995 0.0990638 0.0136005
0.00107286 0.8181 0.232935 0.00139308 0.817776 0.22 0 0 0 0.00127757 0.099042 0.0137495
0.00107286 0.8181 0.163759 0.0014064 0.818766 0.22 0 0 0 0.00135129 0.0990461 0.0137128
0.00107286 0.8181 0.173288 0.00142086 0.819757 0.22 0 0 0 0.00145234 0.0990445 0.0137138
0.00124479 0.818804 0.185052 0.00143589 0.820747 0.22 0.00598577 0.176394 0.910246 0.00150987 0.0990344 0.0137804
0.0013021 0.820706 0.196518 0.0014511 0.821738 0.22 0.00184353 0.154333 0.825234 0.00152304 0.0990294 0.013815
0.00135415 0.821678 0.207346 0.00146635 0.822728 0.22 0.00233964 -0.0149334 0.77615 0.00152509 0.0990195 0.0138857
0.00136223 0.82278 0.216015 0.00148166 0.823718 0.22 -0.000323878 0.285014 0.529458 0.00153384 0.0990225 0.0138632
0.00131905 0.824565 0.221444 0.00149734 0.824708 0.22 -0.00298376 0.00439098 0.279925 0.00157111 0.0990578 0.0136046
0.00128367 0.823358 0.223203 0.00151334 0.8257 0.22 0.0291374 -0.0294863 0.0944982 0.00161349 0.0991723 0.0127381
0.00153335 0.824427 0.224939 0.00153004 0.826692 0.22 0.0333414 0.0639744 0.101202 0.00167818 0.099264 0.0119935
0.00167681 0.8247 0.225068 0.00154714 0.827686 0.22 -8.14306e-05 -0.0185697 -0.121075 0.00171304 0.0993028 0.0116631
0.00181794 0.826008 0.223497 0.00156449 0.828678 0.22 0.0384013 0.285289 -0.0716179 0.00174321 0.0992644 0.0119808
0.00222177 0.828412 0.222414 0.00158245 0.82967 0.22 0.0366979 0.0770681 -0.0549365 0.00181336 0.099147 0.0129064
0.00241406 0.828757 0.221936 0.00160137 0.83066 0.22 0.00743491 0.0585126 -0.00579531 0.00190622 0.098992 0.0140339
0.00234767 0.829724 0.221687 0.00162123 0.831649 0.22 -0.016187 0.171409 -0.0234747 0.00201306 0.0988489 0.0149947
0.00209704 0.830654 0.221484 0.00164153 0.832637 0.22 -0.0330877 0.0115385 0.04727 0.00203162 0.098811 0.0152403
0.00173089 0.830565 0.222051 0.00166125 0.833626 0.22 -0.0490996 -0.083286 -0.048928 0.00195887 0.0988415 0.0150505
0.00118661 0.830352 0.22133 0.00167902 0.834615 0.22 -0.0589798 0.0955661 -0.0376949 0.00173876 0.098969 0.0142168
0.000540976 0.831391 0.220784 0.00169496 0.835605 0.22 -0.0710059 0.0571716 -0.0113473 0.00150867 0.0990082 0.0139682
-1.47919e-05 0.831809 0.220878 0.00170821 0.836595 0.22 -0.0293025 0.0522866 0.0683325 0.00129294 0.0990097 0.0139786
-5.00798e-05 0.832613 0.222145 0.00171823 0.837585 0.22 0.0288765 0.0952825 0.122716 0.000993738 0.0989903 0.0141399
0.000264943 0.833363 0.223279 0.00172625 0.838575 0.22 0.037819 0.0739801 0.0657645 0.000757377 0.0989604 0.0143621
0.000552581 0.83416 0.223911 0.00173338 0.839564 0.22 0.0102438 0.0892689 0.0547758 0.000701956 0.0989423 0.014489
0.000649081 0.834893 0.224439 0.00174067 0.840554 0.22 0.0117084 0.0675682 0.048872 0.000737713 0.098936 0.0145299
0.000741348 0.835833 0.224949 0.00174953 0.841543 0.22 0.0153303 0.113275 0.0659794 0.000917524 0.0989619 0.0143422
0.000845316 0.836804 0.225563 0.00175999 0.842533 0.22 0.0122959 0.0792218 0.0617889 0.00108514 0.0989951 0.0140996
0.00102175 0.837732 0.226251 0.00177187 0.843523 0.22 0.0208176 0.121384 0.0845786 0.00121337 0.0990296 0.0138443
0.001206 0.83899 0.226973 0.00178485 0.844513 0.22 0.0106007 0.100324 0.0716421 0.00131118 0.0990204 0.013901
0.00131065 0.840246 0.227782 0.00179908 0.845503 0.22 0.00785853 0.147382 0.0907804 0.001428 0.0989995 0.0140377
0.00140949 0.841593 0.228679 0.00181361 0.846493 0.22 0.00568864 0.112921 0.0713845 0.00145595 0.0989958 0.0140611
0.00151435 0.842949 0.229438 0.00182775 0.847482 0.22 0.00934696 0.134686 0.0747472 0.00141813 0.0989344 0.0144903
0.00166119 0.844302 0.230011 0.00184182 0.848472 0.22 0.0232963 0.14158 0.0599271 0.00141417 0.0989031 0.0147031
0.00185335 0.84581 0.230511 0.00185596 0.849461 0.22 0.0173776 0.117833 0.0498765 0.00141634 0.0989076 0.0146727
0.0020176 0.846945 0.230952 0.00187089 0.85045 0.22 0.0147522 0.0994304 0.0360931 0.0014939 0.0989464 0.0144006
0.00220676 0.848169 0.231251 0.00188628 0.85144 0.22 0.0226962 0.146583 0.0323125 0.00155302 0.0989557 0.01433
0.00242513 0.849424 0.231496 0.00190225 0.85243 0.22 0.0201774 0.127302 0.0242172 0.00160105 0.0989851 0.0141203
0.00257507 0.850572 0.231781 0.00191814 0.85342 0.22 0.0162212 0.129404 0.028883 0.00157854 0.0990086 0.0139576
0.00260751 0.850831 0.231954 0.00193356 0.85441 0.22 0 0 0 0.00153493 0.0990237 0.0138546
0.00260751 0.850831 0.167837 0.00194802 0.8554 0.22 0 0 0 0.00142723 0.0990707 0.0135264
0.00260751 0.850831 0.178239 0.00196156 0.856391 0.22 0 0 0 0.00132938 0.0990843 0.0134361
0.00280868 0.855153 0.19068 0.00197404 0.857382 0.22 0.0236183 0.361814 0.959038 0.00122689 0.0990966 0.0133552
0.00292976 0.858497 0.201521 0.00198577 0.858373 0.22 -0.00838405 0.205536 0.76844 0.00116781 0.0990954 0.0133696
0.00289527 0.85957 0.210567 0.0019973 0.859364 0.22 -0.0203617 0.189558 0.514301 0.00115575 0.0990574 0.013649
0.00274351 0.861978 0.215431 0.0020091 0.860354 0.22 -0.00944581 0.268155 0.285479 0.00119555 0.0990509 0.0136926
0.00269817 0.86222 0.217144 0.00202158 0.861345 0.22 -0.00730234 -0.138342 0.0778505 0.00125578 0.0991541 0.0129184
0.00260396 0.862217 0.216829 0.00203429 0.862338 0.22 -0.0234335 0.111312 -0.0862954 0.00128427 0.099334 0.0114503
0.00244259 0.863071 0.216038 0.00204768 0.863332 0.22 -0.00569963 0.0142955 -0.0457503 0.00134887 0.0994163 0.0107043
0.00252168 0.863507 0.215336 0.00206154 0.864327 0.22 0.0127316 0.148195 -0.0659176 0.0013914 0.0994414 0.0104631
0.00263029 0.865284 0.214214 0.0020754 0.865321 0.22 0.00362594 0.111396 -0.0329044 0.00137808 0.0994442 0.0104382
0.00261028 0.865907 0.213916 0.00208916 0.866316 0.22 -0.00342936 0.0540715 -0.0128771 0.00137588 0.0994447 0.0104339
0.00256434 0.867051 0.214065 0.00210294 0.86731 0.22 0.00650107 0.134018 0.0593215 0.00137751 0.0994523 0.0103607
0.00256911 0.86799 0.214594 0.00211658 0.868305 0.22 0.00447914 0.0136706 0.0529034 0.00135846 0.0994866 0.0100287
0.00259504 0.868453 0.215287 0.00212992 0.8693 0.22 0.00509665 0.117597 0.0660748 0.00131693 0.0995234 0.00966242
0.00258749 0.869651 0.216182 0.00214274 0.870296 0.22 -0.00552888 0.0734264 0.087084 0.00126915 0.0995546 0.00934167
0.00252125 0.870288 0.217245 0.00215486 0.871291 0.22 -0.00718811 0.0921877 0.095902 0.00121025 0.0995859 0.00901021
0.00251094 0.87147 0.218354 0.00216648 0.872288 0.22 0.00448878 0.127708 0.11377 0.00115402 0.0996166 0.00867228
0.00254117 0.872637 0.219669 0.00217776 0.873284 0.22 0.0090447 0.128305 0.126996 0.00111948 0.0996325 0.00849238
0.00261392 0.873841 0.220964 0.00218866 0.87428 0.22 0.00143798 0.142792 0.109588 0.00108223 0.0996426 0.00837776
0.0026313 0.875236 0.222302 0.00219928 0.875277 0.22 0.00241106 0.104368 0.118752 0.00105952 0.0996477 0.00831903
0.00263946 0.876408 0.22377 0.00220955 0.876273 0.22 -0.00188562 0.118233 0.138521 0.001023 0.0996585 0.00819424
0.00262799 0.877629 0.225186 0.00221961 0.87727 0.22 0.00121834 0.13999 0.116478 0.00100144 0.0996707 0.00804616
0.0026295 0.878778 0.226567 0.00222946 0.878267 0.22 -0.00570213 0.116082 0.110744 0.000979087 0.099697 0.0077163
0.00260593 0.880002 0.227819 0.00223912 0.879264 0.22 0.00606439 0.137761 0.110979 0.00096281 0.0997091 0.00756111
0.00259808 0.881593 0.229089 0.00224864 0.880261 0.22 -0.00294758 0.125781 0.0949875 0.000949416 0.0997383 0.00716797
0.00258134 0.882799 0.229968 0.00225982 0.881458 0.22 -0.00464239 0.124051 0.0876173 0.0009261 0.0997401 0.0071453
0.00254263 0.884097 0.230791 0.00226908 0.882456 0.22 -0.00836961 0.121069 0.0733349 0.000928643 0.0997597 0.00686637
0.00251396 0.884926 0.231681 0.00227854 0.883453 0.22 -0.00478306 0.0961872 0.0644007 0.000954489 0.0997666 0.00676135
0.00251791 0.886046 0.232322 0.00228825 0.884451 0.22 -0.00292122 0.134721 0.0622826 0.00097755 0.0997761 0.00661683
0.00257669 0.886823 0.232955 0.00229827 0.885449 0.22 0.000506409 0.0735917 0.0354658 0.00100663 0.0997881 0.00642841
0.00265256 0.887826 0.233398 0.00230837 0.886447 0.22 0.000898615 0.0919228 0.039186 0.00100772 0.0997983 0.00626704
0.00268417 0.888577 0.233595 0.00231632 0.887245 0.22 0.00934178 0.0976529 0.0344545 0.000992073 0.0998036 0.00618486
0.00261655 0.889596 0.233826 0.00232611 0.888243 0.22 -0.0127041 0.0901621 0.019731 0.000980975 0.0998072 0.00612794
0.00257836 0.890587 0.233915 0.00233837 0.889441 0.22 -0.000514964 0.0828271 0.0134568 0.00103421 0.0998084 0.00609978
0.00259636 0.891379 0.233962 0.00234718 0.89024 0.22 0.00409179 0.0797932 0.0106319 0.00114087 0.099808 0.00608854
0.00259636 0.891379 0.161511 0.00236132 0.891437 0.22 0 0 0 0.00120167 0.0997848 0.00644614
0.00259636 0.891379 0.169646 0.00237112 0.892235 0.22 0 0 0 0.00122569 0.0997866 0.00641293
0.0026067 0.891413 0.177884 0.00238339 0.893233 0.22 0.00326445 0.0676225 0.845467 0.00122556 0.0998046 0.00612694
0.00265144 0.89257 0.189101 0.00239782 0.894431 0.22 -0.0171063 0.0707209 0.635253 0.00119079 0.0998102 0.00604176
0.00235285 0.893973 0.198639 0.00240937 0.895429 0.22 -0.0214997 0.173098 0.610264 0.00114685 0.0998125 0.00601317
0.00230277 0.895174 0.206248 0.00242048 0.896427 0.22 -0.0144952 0.0160119 0.548971 0.00111655 0.0997879 0.00641352
0.00211466 0.896403 0.211245 0.0024316 0.897424 0.22 -0.0173763 0.254983 0.286339 0.00110793 0.0997211 0.00738105
0.00205812 0.898599 0.212941 0.00244275 0.898421 0.22 0.00775265 0.123802 0.068391 0.00111479 0.0996663 0.00808577
0.00174788 0.897354 0.211467 0.00245323 0.899418 0.22 -0.0223349 -0.121215 -0.103604 0.00102821 0.0996895 0.00780667
0.00153112 0.898132 0.210507 0.00246245 0.900415 0.22 -0.017963 0.159628 -0.0571067 0.000887944 0.0997468 0.00705629
0.00146521 0.899366 0.209259 0.00246843 0.901213 0.22 -0.00378091 0.0567636 -0.081662 0.000681107 0.0997667 0.00679315
0.00157191 0.899954 0.208763 0.00247493 0.902411 0.22 0.0172031 0.0880811 0.00713634 0.000499284 0.0997509 0.00703578
0.00181665 0.901327 0.209374 0.00247861 0.903408 0.22 0.0307545 0.172017 0.0549276 0.000322936 0.0997023 0.00770322
0.00208856 0.902478 0.21018 0.00248133 0.904404 0.22 0.0196631 0.0595778 0.0655216 0.000257806 0.0996535 0.00831347
0.00220478 0.903272 0.210713 0.00248386 0.9054 0.22 0.00943087 0.11395 0.0393354 0.000261485 0.0995832 0.00911693
0.00230862 0.904042 0.211123 0.00248723 0.906396 0.22 0.00560549 0.0464235 0.0326932 0.000344031 0.0995348 0.00962838
0.00227324 0.904158 0.211634 0.00249174 0.907391 0.22 0.00786223 -0.0100831 0.0523998 0.00049433 0.0995202 0.00977149
0.00231382 0.904089 0.212383 0.00249742 0.908386 0.22 0.0112742 -0.0179423 0.0600852 0.00059467 0.0995369 0.00959474
0.00240079 0.904225 0.213265 0.00250465 0.909382 0.22 0.0129626 0.0386248 0.0781309 0.000731407 0.0995681 0.00925558
0.00241056 0.904476 0.214179 0.00251155 0.910179 0.22 -0.00603956 -1.32454e-05 0.100232 0.000896565 0.0995948 0.00894858
0.00236335 0.904856 0.21604 0.00252171 0.911175 0.22 -0.00521268 0.0546265 0.136465 0.00103431 0.0996017 0.00885634
0.00232775 0.905749 0.217811 0.00253377 0.912171 0.22 -0.0041993 0.102741 0.141802 0.0012286 0.0996074 0.00876681
0.00231712 0.906496 0.219468 0.00255009 0.913366 0.22 -0.00196295 0.047972 0.145441 0.00140418 0.0995666 0.00919298
0.00226819 0.907332 0.221066 0.00256491 0.914361 0.22 -0.0024276 0.0990706 0.125223 0.00150402 0.0995329 0.00953621
0.00222728 0.908069 0.222155 0.00257714 0.915157 0.22 0.00168929 0.0960898 0.0946888 0.00152821 0.0995125 0.00974316
0.0021624 0.909033 0.223579 0.00259518 0.916351 0.22 -0.0127873 0.0644031 0.103979 0.00147731 0.0995092 0.00978495
0.00210052 0.909635 0.224693 0.0026096 0.917346 0.22 -0.00548383 0.0762427 0.0967499 0.00142538 0.0995172 0.00971022
0.00209244 0.910408 0.225743 0.0026236 0.918342 0.22 -0.0010826 0.0835771 0.0815753 0.00139957 0.099528 0.00960284
0.00210551 0.911434 0.226733 0.00263799 0.919337 0.22 0.0034939 0.0976967 0.0868817 0.00145545 0.099525 0.00962541
0.00212831 0.912482 0.227797 0.00265357 0.920332 0.22 0.00244117 0.0875434 0.082657 0.00160117 0.0995048 0.00980962
0.00213607 0.913727 0.228691 0.00267006 0.921327 0.22 0.00323614 0.122974 0.0836605 0.00166262 0.0994889 0.00995918
0.00211108 0.914798 0.229369 0.00268681 0.922322 0.22 -0.00319982 0.120977 0.061045 0.00167126 0.099469 0.0101548
0.00208299 0.915988 0.229882 0.0027033 0.923316 0.22 -0.00218077 0.140814 0.0574056 0.00164362 0.0994581 0.0102655
0.0020313 0.917175 0.230338 0.00271943 0.924311 0.22 -0.00403666 0.0955209 0.0444414 0.0016073 0.0994565 0.0102869
0.00201846 0.918219 0.230651 0.00273573 0.925305 0.22 -0.00651881 0.113628 0.0210927 0.00165021 0.099455 0.010295
0.00203973 0.919454 0.230869 0.00275276 0.9263 0.22 0.00553801 0.124393 0.0221347 0.00171153 0.0994541 0.010293
0.00208154 0.920473 0.230977 0.00277089 0.927294 0.22 0 0 0 0.00181433 0.0994531 0.0102854
0.00208154 0.920473 0.230996 0.00278615 0.92809 0.22 0 0 0 0.00191225 0.0994486 0.0103111
0.00208154 0.920473 0.171797 0.00280575 0.929085 0.22 0 0 0 0.00198646 0.0994508 0.0102753
0.00220927 0.921192 0.180387 0.00282578 0.930079 0.22 0.0672305 0.465529 0.978886 0.00200332 0.099453 0.0102511
0.00283635 0.925723 0.192508 0.00284576 0.931074 0.22 0.0593606 0.330237 0.88831 0.00199407 0.0994552 0.0102314
0.00324221 0.92885 0.202752 0.00286566 0.932068 0.22 0.0276022 0.137648 0.728627 0.00199365 0.0994462 0.0103185
0.00345338 0.929777 0.211958 0.00288577 0.933062 0.22 0.0132505 0.0687783 0.651049 0.00201156 0.0994253 0.0105149
0.00367109 0.931659 0.218346 0.00290588 0.934057 0.22 0.0513036 0.176856 0.414008 0.00200965 0.0994209 0.0105569
0.00401858 0.932271 0.223498 0.00292571 0.935051 0.22 0.00371324 -0.131728 0.208039 0.00197721 0.0994706 0.0100837
0.00398652 0.932482 0.224566 0.00294517 0.936047 0.22 0.000759192 0.199344 -0.0173041 0.00193602 0.0995816 0.00893121
0.00397412 0.933436 0.223114 0.00296443 0.937043 0.22 0.0115456 -0.0644465 -0.0846677 0.00191599 0.0996286 0.00839471
0.00409634 0.933274 0.222377 0.00298207 0.93804 0.22 0.0174551 0.142055 -0.0718945 0.00174899 0.0996698 0.00792943
0.00413047 0.934857 0.221195 0.00299718 0.939037 0.22 -0.0135197 0.0709575 -0.0762603 0.0014286 0.0996983 0.00762956
0.00394906 0.935306 0.220461 0.0030098 0.940034 0.22 -0.032767 0.0745018 -0.0256656 0.00117658 0.0997182 0.00740946
0.00361449 0.936418 0.220092 0.00302014 0.941031 0.22 -0.0277827 0.0998982 -0.00635224 0.00101488 0.0997386 0.00715437
0.00334619 0.937126 0.219966 0.00302905 0.942029 0.22 -0.0205653 0.0528257 0.0283011 0.000885171 0.0997704 0.00671448
0.00317348 0.937847 0.220273 0.00303769 0.943026 0.22 -0.00624469 0.12515 0.0256562 0.000855549 0.0997879 0.00645367
0.00313677 0.93903 0.220713 0.00304622 0.944024 0.22 -0.00369003 0.133611 0.0595559 0.000854408 0.0998 0.00626337
0.00315236 0.940017 0.221375 0.00305534 0.945023 0.22 0.00921098 0.115909 0.067309 0.000926917 0.0998185 0.00594964
0.00323561 0.941287 0.222151 0.00306531 0.946021 0.22 0.00719503 0.158877 0.0962835 0.00102275 0.0998323 0.00569714
0.00331515 0.942794 0.223203 0.00307626 0.947019 0.22 0.00286979 0.119154 0.0771833 0.00110692 0.0998401 0.00554417
0.00335261 0.944147 0.224119 0.00308846 0.948018 0.22 0.00521029 0.155696 0.101492 0.00123205 0.0998491 0.0053522
0.0033924 0.945765 0.225117 0.00310146 0.949016 0.22 0.00261968 0.17334 0.0925 0.00131654 0.0998647 0.00503095
0.00339514 0.94733 0.226161 0.0031153 0.950015 0.22 -0.0060905 0.129801 0.0992491 0.00139983 0.0998612 0.00507836
0.00335341 0.948858 0.227193 0.00312987 0.951014 0.22 0.00236757 0.169991 0.0929408 0.00146842 0.0998612 0.00505727
0.00340036 0.950485 0.228166 0.00314485 0.952012 0.22 -0.00530964 0.163114 0.0864122 0.00150207 0.0998729 0.0048117
0.00340081 0.952002 0.229113 0.00315997 0.953011 0.22 0.000221834 0.158328 0.0872411 0.00151297 0.099874 0.00478569
0.00340017 0.953556 0.229975 0.00317508 0.95401 0.22 0.00165895 0.187592 0.0759632 0.00150881 0.0998745 0.00477649
0.00341146 0.954972 0.230796 0.00319018 0.955009 0.22 0.000900523 0.133133 0.0715078 0.00151142 0.0998738 0.00479043
0.00339531 0.956442 0.231409 0.00320551 0.956007 0.22 -1.3268e-05 0.149878 0.056139 0.00153848 0.0998717 0.00482509
0.00338883 0.957816 0.23207 0.00322128 0.957006 0.22 -0.00370842 0.12139 0.055348 0.00159177 0.0998807 0.00461591
0.00347296 0.959058 0.232655 0.0032374 0.958005 0.22 0.00421475 0.116877 0.0535144 0.00161354 0.0998814 0.00459341
0.00359148 0.960176 0.233224 0.00325343 0.959004 0.22 0.00670806 0.0769494 0.0564913 0.00159278 0.0998855 0.00451077
0.0036469 0.961331 0.233701 0.00326893 0.960003 0.22 0.00389659 0.0926437 0.0581357 0.00153957 0.0998883 0.00446768
0.00362049 0.96248 0.234024 0.0032841 0.961001 0.22 -0.0058662 0.138373 0.0308449 0.00151659 0.0998895 0.00444742
0.00365621 0.963671 0.234235 0.00329957 0.962 0.22 0.0152668 0.131281 0.0287918 0.00155865 0.0998878 0.00447201
0.00374909 0.964679 0.234407 0.00331555 0.962999 0.22 0.0103025 0.130803 0.0103361 0.00160637 0.099886 0.00449509
0.0038192 0.965691 0.234575 0.00333192 0.963998 0.22 0.00289628 0.0814746 0.0246742 0.00164426 0.0998839 0.00452735
0.0038192 0.965691 0.23458 0.00334862 0.964997 0.22 0 0 0 0.00168004 0.0998856 0.00447742
0.0038192 0.965691 0.167614 0.00336556 0.965996 0.22 0 0 0 0.00169884 0.0998865 0.00444936
0.00391724 0.965764 0.177586 0.00338286 0.966995 0.22 0.0490188 0.0365298 0.803873 0.00173674 0.0998866 0.00443323
0.00415619 0.966737 0.189308 0.00340066 0.967994 0.22 0.00497326 0.151269 0.866069 0.00179151 0.0998865 0.0044133
0.0042628 0.968383 0.200492 0.00341866 0.968992 0.22 0.0142657 0.171548 0.807625 0.00180116 0.0998843 0.00445996
0.00442616 0.969206 0.210978 0.00343665 0.969991 0.22 0.0104678 0.0154971 0.744452 0.00179861 0.0998792 0.00457373
0.00439486 0.971596 0.218034 0.00345111 0.97099 0.22 -0.0184898 0.240303 0.486932 0.00182226 0.0998769 0.00461356
0.00410335 0.971543 0.220606 0.0034694 0.971789 0.22 -0.0322374 -0.161617 0.0957513 0.00181573 0.0999009 0.00406427
0.00398245 0.971029 0.220927 0.00348779 0.972788 0.22 -0.015295 0.0161482 -0.0278206 0.00186271 0.0999216 0.00349312
0.00383752 0.972176 0.220071 0.00350654 0.973788 0.22 0.0167912 0.221495 -0.094398 0.00187564 0.099941 0.00287773
0.00401185 0.974247 0.218921 0.00352561 0.974787 0.22 0.0135005 0.179732 -0.0854197 0.00191292 0.0999345 0.00307312
0.00399209 0.975622 0.217797 0.00354541 0.975786 0.22 -0.0197708 0.13057 -0.0707941 0.00199039 0.0998827 0.00441449
0.00385442 0.977412 0.217261 0.00356532 0.976784 0.22 -0.0145463 0.217789 -0.0523139 0.00197946 0.0998373 0.00534693
0.00357001 0.979059 0.216483 0.0035846 0.977782 0.22 -0.0354866 0.0812641 -0.0552642 0.00190074 0.0997912 0.00617311
0.0031726 0.97984 0.21581 0.00360298 0.97878 0.22 -0.0447207 0.0697471 -0.0126715 0.0018254 0.0997744 0.00646104
0.00285252 0.9804 0.21567 0.00362 0.979778 0.22 -0.0102448 0.0377234 -0.00401681 0.00169156 0.0997698 0.00656682
0.00268393 0.980462 0.215627 0.00363623 0.980776 0.22 -0.00393828 0.0186577 0.0209862 0.00160083 0.09978 0.0064341
0.00276214 0.980765 0.216108 0.00365161 0.981774 0.22 0.00856152 0.0501415 0.0350009 0.00152491 0.0997997 0.00613929
0.00288359 0.981065 0.216694 0.00366675 0.982772 0.22 0.0177048 0.0296486 0.0763258 0.00151737 0.0998105 0.0059636
0.00305402 0.981425 0.217703 0.00368246 0.98377 0.22 0.0144156 0.0534622 0.0931662 0.00157931 0.0998132 0.00590204
0.00314868 0.98172 0.21904 0.00369909 0.984768 0.22 0.00900103 0.0351171 0.110946 0.0016755 0.0998025 0.00605431
0.00320828 0.982074 0.220231 0.0037161 0.985766 0.22 0.00461703 0.044033 0.0930897 0.00170735 0.0997954 0.0061621
0.00323706 0.982356 0.221458 0.00373309 0.986764 0.22 0.00532974 0.0345831 0.115946 0.00169417 0.099794 0.00618773
0.00325309 0.982643 0.222615 0.00374962 0.987762 0.22 0.00497475 0.0334238 0.0886696 0.00165032 0.0997985 0.0061269
0.00329993 0.982981 0.223617 0.00376572 0.98876 0.22 0.00247267 0.0355084 0.0700109 0.001595 0.0997961 0.00618009
0.00336068 0.983164 0.224723 0.00378155 0.989758 0.22 0.00557449 -0.00748496 0.0900157 0.00158185 0.0998052 0.00603517
0.00343831 0.983682 0.225938 0.00379771 0.990756 0.22 0.00924085 0.0579328 0.0973169 0.0016212 0.0998111 0.00592513
0.00351703 0.984275 0.227045 0.00381471 0.991754 0.22 0.00883441 0.0760908 0.0777509 0.00171442 0.0998146 0.00584089
0.00360362 0.984856 0.22794 0.00383203 0.992752 0.22 0.0170374 0.0632056 0.0692301 0.00173224 0.0998175 0.00578576
0.00374158 0.985699 0.228698 0.0038489 0.99375 0.22 0.0127419 0.0839097 0.0539474 0.0016584 0.0998248 0.00567953
0.00382415 0.986537 0.229393 0.00386497 0.994749 0.22 0.00851247 0.0982981 0.0636754 0.00158873 0.0998297 0.00561235
0.00392854 0.987365 0.230025 0.00388016 0.995747 0.22 0.00895486 0.0695459 0.0507689 0.00150348 0.0998358 0.00552728
0.00403233 0.98825 0.230606 0.00389497 0.996745 0.22 0.00887457 0.0857637 0.0391695 0.00148241 0.0998379 0.00549431
0.00413305 0.989257 0.23103 0.00391044 0.997744 0.22 0.0083411 0.124493 0.0293978 0.00156682 0.0998354 0.00551737
0.00418928 0.990454 0.231325 0.00392689 0.998742 0.22 0.00876388 0.114233 0.0220233 0.00166251 0.099834 0.00551512
0.00425043 0.99131 0.231431 0.00394051 0.999541 0.22 0.00546006 0.101056 0.0106862 0.0017036 0.0998359 0.00546742
0.00433159 0.992517 0.231524 0.00395739 1.00054 0.22 0.007732 0.105598 0.00564035 0.00168223 0.0998409 0.00538199
0.00437965 0.992943 0.231549 0.00397338 1.00154 0.22 0 0 0 0.00158614 0.0998398 0.00543072
0.00437965 0.992943 0.168757 0.00398866 1.00254 0.22 0 0 0 0.00150966 0.0998466 0.00532794
0.00437965 0.992943 0.178572 0.0040032 1.00353 0.22 0 0 0 0.00144493 0.0998623 0.0050441
0.0046271 0.996803 0.190731 0.00401756 1.00453 0.22 0.01421 0.437282 0.934948 0.00142649 0.0998854 0.00456895
0.00466667 1.00108 0.201699 0.00403177 1.00553 0.22 -0.000375068 0.304725 0.786168 0.00142425 0.0998815 0.00465271
0.00456191 1.00172 0.209475 0.00404634 1.00653 0.22 -0.0286006 -0.150493 0.433772 0.00146425 0.0998693 0.00489717
0.00429024 1.00218 0.212719 0.00406072 1.00753 0.22 -0.0455983 0.328798 0.127143 0.00143537 0.099852 0.00524518
0.00397098 1.00503 0.213101 0.0040752 1.00853 0.22 -0.0148891 0.044912 0.0319744 0.00144918 0.0998233 0.00576208
0.00406422 1.00503 0.21277 0.00408907 1.00953 0.22 -4.23319e-05 -0.025859 -0.0632362 0.00136798 0.0998331 0.00561032
0.00409497 1.00541 0.212614 0.00410142 1.01053 0.22 0.00307044 0.0783918 0.0126843 0.00120405 0.0998974 0.00436568
0.00403633 1.00593 0.212467 0.00411344 1.01152 0.22 -0.00184219 0.00511253 -0.0513508 0.00120039 0.0999261 0.0036513
0.00407592 1.00589 0.212035 0.00412487 1.01252 0.22 0.00716755 0.0178711 -0.0353793 0.00113589 0.0999482 0.00301249
0.00417714 1.00693 0.211877 0.0041353 1.01352 0.22 0.00616809 0.129394 -0.00409963 0.00102285 0.0999622 0.00255316
0.00423299 1.00809 0.212025 0.00414482 1.01452 0.22 -0.00321348 0.135519 0.0475157 0.00090544 0.0999674 0.00238762
0.00419409 1.00921 0.212472 0.00415343 1.01552 0.22 -0.000366262 0.0822049 0.0576569 0.000847736 0.0999682 0.0023735
0.00417697 1.01037 0.213116 0.00416138 1.01652 0.22 0.00119109 0.128833 0.0620325 0.000792338 0.0999698 0.00232708
0.00421668 1.01142 0.214041 0.00416882 1.01752 0.22 -0.000549287 0.0962662 0.0987255 0.000729624 0.099975 0.00211331
0.00425641 1.01246 0.215317 0.00417585 1.01852 0.22 -0.00241006 0.129911 0.108146 0.000690675 0.0999814 0.00180254
0.00423574 1.0137 0.216753 0.0041826 1.01952 0.22 -0.00449758 0.106618 0.117979 0.00067306 0.099986 0.00153129
0.00418115 1.01477 0.21809 0.00418936 1.02052 0.22 -0.000104465 0.149462 0.111428 0.00067926 0.0999911 0.00114675
0.00419989 1.01634 0.219408 0.00419626 1.02152 0.22 0.00493639 0.170153 0.112611 0.00069432 0.099993 0.000962353
0.00423088 1.01775 0.220887 0.00420323 1.02252 0.22 0.0142057 0.122742 0.11314 0.000695077 0.099993 0.000956393
0.00428562 1.01938 0.222197 0.00420997 1.02352 0.22 -0.00295031 0.170453 0.0945313 0.000670991 0.099993 0.000972787
0.00428206 1.02112 0.223632 0.00421608 1.02452 0.22 -0.00278257 0.146738 0.131388 0.000603974 0.0999947 0.000837695
0.00424338 1.02242 0.225072 0.00422187 1.02552 0.22 0.00484911 0.122109 0.098237 0.000575654 0.0999947 0.000851436
0.00425896 1.02392 0.226317 0.00422771 1.02652 0.22 0.00165495 0.175193 0.10716 0.00058829 0.0999951 0.000795476
0.00428928 1.02536 0.227518 0.00423398 1.02752 0.22 -0.00473861 0.0926334 0.101465 0.000640604 0.0999953 0.00073374
0.00431702 1.02655 0.228607 0.00424047 1.02852 0.22 0.00961169 0.153477 0.0710179 0.000648552 0.0999954 0.000713116
0.00431118 1.02809 0.229537 0.00424648 1.02952 0.22 0.00207587 0.107353 0.0781896 0.000582917 0.099996 0.000672472
0.00420842 1.02918 0.230404 0.00425135 1.03052 0.22 -0.0100227 0.112513 0.0578935 0.000468608 0.0999969 0.000634603
0.00410573 1.0304 0.231041 0.00425533 1.03152 0.22 -0.00711883 0.112012 0.0611533 0.000396144 0.0999978 0.00052974
0.00407469 1.03159 0.231618 0.00425961 1.03252 0.22 0.00552679 0.113617 0.033029 0.000443215 0.0999978 0.000495195
0.00414429 1.03266 0.231993 0.00426507 1.03352 0.22 0.0104893 0.0917007 0.0390757 0.000553686 0.0999971 0.000518221
0.00422701 1.0337 0.232301 0.00427145 1.03452 0.22 0.0029248 0.118153 0.0298939 0.000636798 0.0999869 0.00149121
0.00419164 1.03467 0.23256 0.00427739 1.03552 0.22 -0.00526966 0.0932655 0.0255661 0.000558526 0.0999874 0.00148831
0.00413616 1.03553 0.232699 0.0042822 1.03652 0.22 -0.00549143 0.0973591 0.00804191 0.000469711 0.0999886 0.00143419
0.00409575 1.03625 0.232844 0.00428599 1.03752 0.22 -0.00323397 0.0396083 0.0173796 0.000376021 0.0999909 0.0012979
0.00408928 1.03633 0.232827 0.00428956 1.03852 0.22 0 0 0 0.000355917 0.0999923 0.00119215
0.00408928 1.03633 0.167115 0.00429329 1.03952 0.22 0 0 0 0.000380331 0.0999933 0.00109424
0.00408928 1.03633 0.176488 0.00429761 1.04052 0.22 0 0 0 0.000455997 0.0999938 0.00101936
0.00413924 1.03703 0.185681 0.0043025 1.04152 0.22 -0.0168123 0.131757 0.639145 0.000498521 0.099994 0.000975509
0.00400289 1.03785 0.191758 0.00430751 1.04252 0.22 0.0252855 0.0669695 0.38515 0.00049867 0.0999932 0.00105498
0.00414965 1.0386 0.19745 0.00431271 1.04352 0.22 0.0158465 0.00523375 0.418258 0.000536602 0.0999727 0.00227611
0.00417675 1.04095 0.200424 0.0043183 1.04452 0.22 -0.0276461 0.241326 0.158985 0.000572902 0.0999281 0.00374774
0.00398553 1.04316 0.200424 0.00432427 1.04552 0.22 -0.0322708 0.0554057 -0.0886938 0.000601332 0.0999008 0.00441189
0.00369119 1.04322 0.199401 0.00433025 1.04652 0.22 -0.00895792 -0.02736 -0.0165777 0.000596888 0.0999 0.00443124
0.00375722 1.0435 0.199079 0.00433608 1.04752 0.22 0.00707283 0.0965372 -0.0403855 0.000577712 0.0999325 0.00362743
0.00378158 1.04413 0.198456 0.00434166 1.04852 0.22 -0.00153859 0.0381547 -0.023777 0.000551009 0.099941 0.00339031
0.00374777 1.04456 0.198561 0.00434691 1.04952 0.22 -0.00507116 0.0806882 0.0509431 0.000522209 0.0999393 0.0034449
0.00379495 1.0454 0.199459 0.00435169 1.05051 0.22 0.0094178 0.114987 0.0857213 0.00047369 0.0999236 0.00387851
0.00385809 1.04641 0.200775 0.00435642 1.05151 0.22 -0.00221808 0.068777 0.0942855 0.000476578 0.0998932 0.0045951
0.00379594 1.04714 0.201763 0.0043614 1.05251 0.22 -0.00679975 0.0955938 0.0736265 0.000501704 0.0998655 0.00516031
0.00376645 1.04788 0.202685 0.00436685 1.05351 0.22 -0.00825856 0.0455572 0.0809014 0.000551411 0.0998218 0.00594153
0.0037194 1.04825 0.2039 0.00437256 1.05451 0.22 -0.000902475 0.0465089 0.0947628 0.000573958 0.0997927 0.00640957
0.00369546 1.04868 0.205079 0.00437833 1.05551 0.22 0.00178903 0.0249972 0.108677 0.000577694 0.0997732 0.00670682
0.00375151 1.04886 0.206388 0.00438419 1.0565 0.22 0.00451364 0.0287937 0.0997702 0.000588502 0.0997633 0.00685177
0.0038201 1.04913 0.207661 0.00439046 1.0575 0.22 0.00890984 0.0627765 0.101746 0.000634242 0.099754 0.00698189
0.00387908 1.0495 0.209099 0.00439718 1.0585 0.22 0.0119893 0.030639 0.128985 0.000681294 0.0997485 0.0070545
0.00387406 1.04989 0.210678 0.00440431 1.0595 0.22 -0.00903102 0.0646631 0.137111 0.00071778 0.0997436 0.0071209
0.00387561 1.05044 0.212423 0.00441156 1.06049 0.22 0.00105164 0.0417147 0.144981 0.000723535 0.0997295 0.00731486
0.00389713 1.05085 0.214248 0.00441855 1.06149 0.22 0.00502135 0.0322933 0.156417 0.000691881 0.0996981 0.00773424
0.00391443 1.05148 0.215981 0.00442545 1.06249 0.22 -0.00169135 0.0891737 0.127301 0.000690423 0.0996381 0.00847201
0.00392497 1.05249 0.217573 0.0044327 1.06348 0.22 0.00218755 0.0710811 0.120044 0.000727339 0.0995686 0.00925015
0.00391674 1.05328 0.219009 0.00444065 1.06448 0.22 0.00252058 0.081808 0.119391 0.000812343 0.0995125 0.00982863
0.00392652 1.05403 0.220407 0.00444919 1.06547 0.22 0.000273071 0.0873956 0.108474 0.000871162 0.0995082 0.00986658
0.00394075 1.05496 0.221607 0.00445797 1.06647 0.22 -0.00582214 0.0847142 0.099574 0.000876957 0.0995108 0.00983986
0.00390343 1.05571 0.222751 0.00446654 1.06746 0.22 -0.00300421 0.0807774 0.106485 0.000852453 0.0995194 0.00975522
0.00389952 1.05674 0.223932 0.00447484 1.06846 0.22 0.0011222 0.118133 0.0978585 0.000825232 0.0995227 0.00972421
0.00393928 1.05803 0.225092 0.00448306 1.06945 0.22 0.00464104 0.150294 0.0968675 0.000829361 0.0995179 0.00977214
0.00394721 1.05931 0.226124 0.00449187 1.07045 0.22 0.00646671 0.132565 0.0892304 0.000897963 0.0994995 0.00995187
0.00399303 1.06067 0.227013 0.0045018 1.07144 0.22 -0.0103317 0.147732 0.0650635 0.00103222 0.099468 0.0102494
0.00402533 1.06197 0.227653 0.00451264 1.07244 0.22 -0.000458506 0.1199 0.0489239 0.00110061 0.0994534 0.0103835
0.00402264 1.06338 0.228111 0.00452411 1.07343 0.22 -0.00786685 0.135411 0.0428754 0.00115208 0.0994415 0.0104913
0.00403065 1.0647 0.22847 0.00453577 1.07443 0.22 0.00100132 0.120428 0.0326318 0.00116848 0.0994435 0.0104705
0.00403266 1.06494 0.228628 0.0045475 1.07542 0.22 0 0 0 0.00117507 0.0994476 0.0104307
0.00403266 1.06494 0.168301 0.00455932 1.07642 0.22 0 0 0 0.00118624 0.0994528 0.0103792
0.00414793 1.06581 0.17911 0.00457141 1.07741 0.22 0.0448983 0.477981 1.02132 0.00121053 0.0994572 0.010334
0.00455133 1.07053 0.191709 0.0045836 1.07841 0.22 0.0246881 0.374867 0.94121 0.00121585 0.09946 0.0103068
0.00466623 1.07397 0.202568 0.00459586 1.0794 0.22 0.00557432 0.160144 0.765932 0.00123447 0.0994457 0.0104413
0.00468853 1.07432 0.210931 0.00460849 1.08039 0.22 -0.00544882 -0.0833737 0.438225 0.00126637 0.0994309 0.010578
0.00467695 1.07342 0.216531 0.00462104 1.08139 0.22 0.00866728 0.128659 0.31247 0.00124679 0.099428 0.010607
0.00467967 1.0785 0.216415 0.00463338 1.08238 0.22 -0.0242307 0.42512 -0.000738949 0.00124685 0.0993567 0.0112561
0.00474501 1.08033 0.215879 0.00464609 1.08338 0.22 0.00469768 -0.0658015 -0.0413234 0.00126647 0.0993272 0.011511
0.00472468 1.07979 0.215491 0.00465826 1.08437 0.22 -0.00269394 0.0936308 -0.0183322 0.00120328 0.0994031 0.010843
0.00463401 1.08061 0.215304 0.00466979 1.08536 0.22 -0.0221622 0.0280624 -0.0137182 0.00113913 0.0995393 0.00951947
0.00448064 1.08062 0.214933 0.00468091 1.08636 0.22 0.00125444 0.0779048 -0.00315555 0.00109808 0.0996041 0.00882165
0.0044522 1.08175 0.214689 0.00469132 1.08736 0.22 0.00171543 0.119004 0.00884841 0.00103593 0.0996644 0.00811946
0.0043934 1.08297 0.214584 0.00470158 1.08835 0.22 -0.00650035 0.0870229 0.00702048 0.00102611 0.0996878 0.00782871
0.00429663 1.08414 0.214509 0.00471182 1.08935 0.22 -0.019413 0.186851 0.0264815 0.00102211 0.0996809 0.00791674
0.00419829 1.08576 0.214789 0.00472202 1.09035 0.22 -0.00556782 0.109456 0.0531908 0.00101862 0.0996696 0.00805779
0.00418705 1.08701 0.215432 0.00473198 1.09134 0.22 -0.00116915 0.16202 0.0781305 0.000993316 0.0996597 0.00818329
0.00423144 1.08855 0.216356 0.00474164 1.09234 0.22 0.0151686 0.108634 0.104513 0.000963284 0.0996645 0.00812718
0.00429837 1.08968 0.217481 0.00475129 1.09334 0.22 0.011166 0.133721 0.0897372 0.000970304 0.0996734 0.00801664
0.00433404 1.09101 0.218491 0.00476118 1.09433 0.22 0.0073491 0.150066 0.107164 0.000991863 0.0996801 0.00793098
0.00435036 1.09247 0.219753 0.00477149 1.09533 0.22 0.000456622 0.151239 0.10936 0.0010351 0.0997172 0.00744386
0.00431581 1.09406 0.220947 0.00478209 1.09633 0.22 0.00450262 0.141475 0.111815 0.00106417 0.099727 0.00730733
0.00428212 1.09553 0.222056 0.00479278 1.09733 0.22 -0.0037345 0.177401 0.0981751 0.00107112 0.0997138 0.00748397
0.00422089 1.09736 0.223063 0.00480356 1.09832 0.22 8.05086e-05 0.156891 0.106609 0.00108007 0.0997002 0.0076624
0.00422567 1.09906 0.224087 0.00481476 1.09932 0.22 -0.000202062 0.153562 0.0980663 0.00113049 0.0996932 0.0077448
0.00423473 1.10056 0.225096 0.0048266 1.10032 0.22 0.00685338 0.146061 0.0891327 0.0011996 0.0996735 0.00798463
0.00428649 1.10219 0.226082 0.00483915 1.10131 0.22 0.00693198 0.184967 0.100711 0.00126673 0.0996529 0.00822809
0.00431285 1.10351 0.227077 0.00485211 1.10231 0.22 -1.3392e-05 0.133722 0.0846698 0.00130178 0.0996323 0.00846821
0.00622346 1.12923 0.227884 0.00486521 1.10331 0.22 0.00238841 0.122749 0.0691703 0.00131207 0.099619 0.00862128
0.006174 1.13025 0.228583 0.00487836 1.1043 0.22 -0.0172977 -0.036865 0.078851 0.0013154 0.0996059 0.00877136
0.00600559 1.12981 0.229431 0.00489181 1.1053 0.22 -0.00165322 0.0154254 0.0647019 0.0013598 0.0995916 0.00892575
0.00609691 1.1308 0.229983 0.00490573 1.10629 0.22 0.0114991 0.103214 0.065706 0.00141861 0.0996835 0.00782198
0.00615479 1.13115 0.230627 0.00492049 1.10729 0.22 0.000398816 -0.00788071 0.0334732 0.0014977 0.0996749 0.00791631
0.00615586 1.1315 0.230949 0.0049363 1.10829 0.22 -0.00963151 0.0621359 0.030747 0.00158087 0.0996624 0.00805672
0.00607886 1.13223 0.231255 0.00495256 1.10928 0.22 -0.00839646 0.0413444 0.0356432 0.00163344 0.0996447 0.00826212
0.00602663 1.13262 0.231375 0.00496921 1.11028 0.22 0.00206152 0.0677026 0.00427912 0.001686 0.0996577 0.00809323
0.00606037 1.13319 0.231465 0.00498647 1.11128 0.22 0.00350355 0.0525059 0.0176345 0.00173087 0.0996395 0.00830453
0.00606037 1.13319 0.231629 0.00500414 1.11227 0.22 0 0 0 0.00176606 0.0996187 0.00854408
0.00606037 1.13319 0.164614 0.00502165 1.11327 0.22 0 0 0 0.00174046 0.0996003 0.00876102
0.00607229 1.13294 0.174666 0.00503849 1.11426 0.22 0.00693792 -0.189181 0.702615 0.00166122 0.0995922 0.00886706
0.00614473 1.13126 0.184231 0.00505426 1.11526 0.22 -0.0026307 -0.0639951 0.661881 0.0015544 0.0995813 0.00900824
0.00628953 1.13127 0.192886 0.00506865 1.11626 0.22 0.0253353 -0.012943 0.479195 0.00138696 0.0995139 0.00975034
0.00648424 1.13069 0.197073 0.00508175 1.11725 0.22 -0.0356243 0.137972 0.18547 0.0012822 0.0994541 0.0103553
0.00629979 1.13211 0.198712 0.00509393 1.11824 0.22 -0.00199122 0.0989936 0.0268371 0.00122507 0.0993472 0.0113418
0.00602145 1.13254 0.197999 0.00510604 1.11924 0.22 -0.0299908 -0.0322901 -0.0121603 0.00121529 0.09928 0.0119168
0.0058508 1.13215 0.198107 0.00511914 1.12023 0.22 -0.02221 -0.0397988 -0.00985186 0.00133609 0.0992806 0.011899
0.0057493 1.13201 0.197728 0.00513277 1.12122 0.22 -0.00560724 -0.0263445 -0.0332604 0.00137382 0.0992979 0.0117494
0.00563879 1.1317 0.197531 0.00514729 1.12222 0.22 -0.0167737 -0.0490328 0.0249082 0.00146051 0.0992915 0.0117922
0.00552966 1.13101 0.198084 0.00516233 1.12321 0.22 -0.00921768 -0.0455087 0.0393492 0.00150918 0.0992781 0.0118987
0.00550235 1.1309 0.198699 0.00517795 1.1242 0.22 -0.00411529 0.0217113 0.0635797 0.00157568 0.099228 0.0123009
0.00547401 1.13096 0.199927 0.00519422 1.12519 0.22 -0.00503243 -0.00809677 0.0955163 0.00164481 0.0991769 0.0126977
0.00543414 1.13077 0.201054 0.00521106 1.12618 0.22 -0.000735955 -0.0334713 0.0649713 0.00169823 0.0991341 0.0130212
0.00533803 1.13062 0.202098 0.00522842 1.12718 0.22 -0.00561593 -0.00173563 0.0896184 0.0017334 0.0990767 0.013446
0.00528157 1.1304 0.2033 0.00524543 1.12817 0.22 0.00315414 -0.0116025 0.11516 0.00168746 0.0990301 0.0137913
0.00532786 1.13034 0.20466 0.00526178 1.12916 0.22 0.00176789 0.00716304 0.118486 0.00161692 0.0989993 0.0140186
0.00535887 1.13029 0.206228 0.00527749 1.13015 0.22 0.00708571 -0.0418131 0.126425 0.00156253 0.0989739 0.0142027
0.00537403 1.13013 0.20796 0.00529301 1.13113 0.22 0.00878595 0.0245051 0.13247 0.00155377 0.0989521 0.0143553
0.00542445 1.13057 0.209683 0.00530884 1.13212 0.22 -0.000115037 0.0141768 0.143357 0.00158933 0.09891 0.0146388
0.00544568 1.13057 0.211518 0.00532486 1.13311 0.22 0.00194386 0.0410152 0.141887 0.00160585 0.0988228 0.0152141
0.0054341 1.13122 0.213272 0.00534092 1.1341 0.22 0.00654352 0.104823 0.135301 0.00160293 0.0987787 0.0154985
0.00538935 1.13187 0.214985 0.00535659 1.13509 0.22 -0.0057433 0.0403976 0.128077 0.0015625 0.0985274 0.0170268
0.00541465 1.13253 0.216911 0.00537222 1.13607 0.22 0.00546516 0.0479692 0.0880037 0.00156526 0.0985028 0.0171684
0.00543312 1.13314 0.218026 0.00538855 1.13706 0.22 0.00756924 0.0855118 0.129913 0.00163952 0.0984195 0.0176325
0.0054669 1.13406 0.219615 0.00540603 1.13804 0.22 -0.00116652 0.0788711 0.113883 0.00178131 0.0983182 0.018176
0.00550337 1.135 0.220763 0.00542441 1.13902 0.22 0.0116927 0.116031 0.108349 0.00187086 0.09832 0.0181571
0.00551407 1.1359 0.221862 0.00544339 1.14 0.22 0.00215352 0.069054 0.072266 0.00190573 0.0983322 0.0180872
0.00554155 1.13676 0.222803 0.00546261 1.14099 0.22 0.00487455 0.114 0.102086 0.00192758 0.0982819 0.0183564
0.00562703 1.13798 0.223935 0.00548186 1.14197 0.22 0.0073532 0.125776 0.0994609 0.00192808 0.0982513 0.0185191
0.00570233 1.13915 0.224956 0.00550111 1.14295 0.22 0.000114098 0.107336 0.0868048 0.00192323 0.0982286 0.0186398
0.00575651 1.14053 0.225904 0.00552034 1.14393 0.22 0.0104235 0.137526 0.0918876 0.00192358 0.0982087 0.0187445
0.00582754 1.14206 0.226745 0.00554374 1.14511 0.22 0.00503985 0.0999162 0.0561345 0.00195951 0.098144 0.0190764
0.00593643 1.14539 0.227853 0.00559797 1.14766 0.22 0.0016982 0.122849 0.0451511 0.00215865 0.0981407 0.0190723
0.00594129 1.14564 0.228125 0.00561976 1.14865 0.22 0 0 0 0.00218853 0.0981361 0.0190923
0.00594129 1.14564 0.165997 0.00564185 1.14963 0.22 0 0 0 0.00221213 0.0981672 0.0189292
0.00594129 1.14564 0.176577 0.00566394 1.15061 0.22 0 0 0 0.00220649 0.0981777 0.0188751
0.00626032 1.1502 0.189397 0.00568582 1.15159 0.22 0.0388328 0.460447 1.08052 0.00218583 0.0981968 0.018778
0.00642377 1.15389 0.20057 0.00570776 1.15257 0.22 0.0015582 0.2699 0.872802 0.00219951 0.0981977 0.0187714
0.00640624 1.1545 0.210585 0.00572994 1.15355 0.22 0.00129022 -0.015105 0.714716 0.00220835 0.0981901 0.0188105
0.00637701 1.15389 0.216847 0.00575176 1.15454 0.22 0.00404833 -0.0255533 0.431395 0.00216858 0.0982108 0.0187068
0.00645088 1.15428 0.221636 0.00577262 1.15552 0.22 0.0133464 0.142297 0.389079 0.0020831 0.0982072 0.0187354
0.00668625 1.15666 0.22631 0.00579275 1.1565 0.22 0.0363449 0.185085 0.442041 0.00200042 0.0980554 0.0195227
0.00696999 1.15743 0.230889 0.00581217 1.15748 0.22 0.0276809 0.0867315 0.359796 0.00190896 0.0978753 0.0204153
0.00713873 1.15852 0.234683 0.00583078 1.15846 0.22 0.00780785 0.0886393 0.300073 0.00185512 0.0977439 0.02104
0.00723413 1.16223 0.232959 0.00584885 1.15943 0.22 -0.00495538 0.290574 -0.145863 0.00180719 0.0975655 0.0218565
0.0071174 1.16147 0.23097 0.00586681 1.16041 0.22 -0.0194528 -0.20515 -0.196673 0.00178433 0.0976464 0.0214942
0.00700555 1.16097 0.229146 0.00588387 1.16139 0.22 0.000463649 0.0716097 -0.13082 0.00168588 0.0979377 0.0201338
0.00685827 1.16092 0.227695 0.00590007 1.16237 0.22 -0.0194555 -0.104855 -0.122397 0.00160744 0.0981509 0.0190742
0.00664153 1.15971 0.226426 0.00591477 1.16335 0.22 -0.0223957 0.0120051 -0.134366 0.00145541 0.0984053 0.0177277
0.00659841 1.16111 0.225317 0.00592871 1.16434 0.22 -0.00684673 0.179082 -0.0241581 0.0013743 0.0985108 0.0171385
0.00651438 1.16186 0.22464 0.00594205 1.16532 0.22 -0.0161002 0.0305597 -0.069041 0.00132765 0.0985227 0.0170737
0.00631838 1.16352 0.224 0.00595524 1.16631 0.22 -0.0155022 0.261808 -0.0108514 0.00132221 0.0984766 0.0173381
0.0061021 1.16539 0.223981 0.0059689 1.16729 0.22 -0.0208935 0.113725 0.0418097 0.00138 0.098396 0.0177853
0.00606864 1.16656 0.224337 0.00598335 1.16827 0.22 0.0125787 0.163943 0.0742736 0.00145639 0.0983113 0.0182418
0.00624499 1.16866 0.224988 0.00599851 1.16926 0.22 0.0214355 0.213797 0.109814 0.00152793 0.098228 0.0186797
0.00642626 1.17012 0.225978 0.00601367 1.17024 0.22 0.0221209 0.143986 0.108147 0.00150196 0.0981822 0.018921
0.00657603 1.17182 0.227012 0.00602843 1.17122 0.22 0.0141353 0.167078 0.128955 0.0014715 0.0982171 0.0187412
0.00669012 1.17325 0.228083 0.00604251 1.1722 0.22 0.0139976 0.133944 0.115946 0.00139651 0.0981766 0.0189582
0.00673104 1.17498 0.229004 0.00605597 1.17318 0.22 0.00212247 0.174048 0.113295 0.00134243 0.0981055 0.0193262
0.00677357 1.17672 0.22994 0.00606962 1.17416 0.22 0.00352359 0.157401 0.128633 0.00137334 0.0981711 0.0189881
0.00676748 1.17848 0.230653 0.00608457 1.17515 0.22 0.00291604 0.170837 0.0900453 0.00150381 0.0981089 0.019297
0.00689573 1.18019 0.231398 0.00610093 1.17613 0.22 0.014983 0.117672 0.111208 0.00165158 0.0979695 0.0199813
0.00698392 1.18176 0.232209 0.00611764 1.1771 0.22 0.0101005 0.182819 0.0969852 0.00167045 0.0978635 0.0204927
0.00709177 1.18334 0.23288 0.00613405 1.17808 0.22 0.00807376 0.106655 0.0906552 0.00163397 0.0977965 0.0208128
0.00715448 1.18457 0.233561 0.00614961 1.17906 0.22 0.0068657 0.144606 0.0882008 0.00155017 0.0977097 0.021223
0.00721821 1.18608 0.234192 0.00616142 1.17984 0.22 0.00095829 0.107468 0.0849551 0.00146571 0.0976017 0.0217198
0.00724416 1.18691 0.234662 0.00617619 1.18082 0.22 0.00932294 0.105031 0.0577045 0.00148791 0.0975298 0.0220392
0.00734641 1.18843 0.235092 0.00619204 1.18179 0.22 0.00231244 0.122553 0.0562501 0.00161768 0.0974375 0.0224345
0.00742678 1.18923 0.235488 0.00621326 1.18296 0.22 0.000881874 0.0440917 0.0585257 0.00181982 0.097339 0.0228431
0.00747796 1.18992 0.235867 0.00623233 1.18393 0.22 0.00186286 0.0831721 0.0425191 0.00192183 0.097235 0.0232737
0.00750698 1.1901 0.236202 0.00625192 1.1849 0.22 0 0 0 0.00196234 0.0971986 0.023422
0.00750698 1.1901 0.160454 0.00627115 1.18588 0.22 0 0 0 0.0018981 0.0971604 0.0235849
0.00750698 1.1901 0.170651 0.00628973 1.18685 0.22 0 0 0 0.00183773 0.0971352 0.0236934
0.00741923 1.19079 0.182579 0.00630751 1.18782 0.22 -0.00966787 0.124937 0.937723 0.00176345 0.0971036 0.0238282
0.00734866 1.19232 0.194328 0.00632454 1.18879 0.22 0.000246892 0.128857 0.890665 0.00169278 0.0970838 0.0239139
0.0072814 1.19264 0.205409 0.00634086 1.18976 0.22 -0.0112914 -0.0131566 0.814768 0.00161132 0.0970718 0.0239679
0.00723272 1.19239 0.215612 0.00635674 1.19073 0.22 -0.00113441 0.0357684 0.726642 0.00158043 0.0970844 0.023919
0.00722852 1.19323 0.222866 0.00637228 1.1917 0.22 -0.00201034 0.00159518 0.356371 0.00155471 0.0971144 0.0237986
0.00699124 1.19421 0.225705 0.00638749 1.19267 0.22 -0.0261639 0.215136 0.223929 0.00150254 0.0971713 0.0235685
0.00690661 1.19494 0.224794 0.00640262 1.19364 0.22 0.0028797 0.000751975 -0.105791 0.00152179 0.0971054 0.0238374
0.00680778 1.19593 0.223313 0.00641802 1.19461 0.22 -0.0167773 0.154714 -0.0782357 0.0015446 0.0969876 0.0243111
0.00664283 1.19737 0.221865 0.00643341 1.19558 0.22 -0.0209346 0.0906064 -0.101331 0.00151848 0.0967514 0.025236
0.00656136 1.19856 0.22049 0.00644764 1.19655 0.22 -0.0022641 0.160281 -0.0596273 0.0013904 0.0965774 0.0259011
0.00661268 1.2001 0.219429 0.00646048 1.19751 0.22 0.0108607 0.129202 -0.0557206 0.00121857 0.0964098 0.0265267
0.00670452 1.20098 0.218659 0.00647136 1.19848 0.22 0.0147694 0.084384 -0.0291604 0.00106878 0.0963173 0.0268669
0.00680746 1.20177 0.218117 0.00648036 1.19944 0.22 0.0113299 0.0790955 -0.0106345 0.000873274 0.0962072 0.0272656
0.00685041 1.20228 0.217982 0.00648793 1.2004 0.22 0.00465474 0.0239181 0.010888 0.000714725 0.0961765 0.0273784
0.00686971 1.20259 0.218249 0.00649377 1.20136 0.22 -0.00376626 0.0307059 0.0337259 0.000555538 0.0961703 0.0274036
0.00689032 1.20312 0.218817 0.00649858 1.20232 0.22 0.00391591 0.0570261 0.0737471 0.000474495 0.0961583 0.0274472
0.00690615 1.20341 0.219746 0.0065034 1.20329 0.22 0.00123743 0.0238694 0.102087 0.00048791 0.0961256 0.0275613
0.00686102 1.20387 0.221083 0.00650872 1.20425 0.22 -0.006282 0.0384747 0.124215 0.000542105 0.0960721 0.0277465
0.00681551 1.20438 0.222477 0.00651482 1.20521 0.22 -0.00400058 0.0611231 0.124967 0.000622837 0.0959952 0.0280096
0.00672117 1.20468 0.223881 0.0065217 1.20617 0.22 -0.0149021 0.00772411 0.116693 0.000701053 0.0959025 0.0283234
0.00664447 1.20506 0.225263 0.00652913 1.20712 0.22 -0.0106195 0.0504769 0.131895 0.000752424 0.0958283 0.0285721
0.00663113 1.2057 0.22648 0.00653695 1.20808 0.22 0.00150682 0.0474967 0.107347 0.000786291 0.0957016 0.0289927
0.00663591 1.20607 0.227667 0.00654338 1.20885 0.22 0.00496942 0.0363058 0.113905 0.000807396 0.0956202 0.0292596
0.0066897 1.20653 0.228741 0.00655351 1.20999 0.22 0.000189975 0.0472112 0.0941364 0.000860686 0.0955838 0.0293767
0.00672522 1.20716 0.229554 0.00656102 1.21076 0.22 0.000901784 0.0893339 0.116239 0.000945752 0.0955872 0.029363
0.00671963 1.20796 0.230559 0.00657115 1.21171 0.22 0.00050484 0.0528188 0.109908 0.00103437 0.0955645 0.029434
0.00674043 1.2085 0.231462 0.00658193 1.21267 0.22 0.00204509 0.0773556 0.098478 0.0010829 0.0955329 0.0295345
0.00675976 1.20948 0.232219 0.00659325 1.21362 0.22 -0.00686021 0.0597477 0.0744268 0.00113458 0.0954915 0.0296663
0.00669322 1.21035 0.233088 0.00660681 1.21477 0.22 -0.00854199 0.087958 0.0823199 0.00114032 0.0954229 0.0298861
0.00670239 1.21126 0.23359 0.00661625 1.21553 0.22 0.00241068 0.0821863 0.0784125 0.00118369 0.0953983 0.0299627
0.00675992 1.21233 0.234188 0.00663142 1.21668 0.22 0.00992451 0.104012 0.0728668 0.00130314 0.0953442 0.0301295
0.00688051 1.21338 0.23454 0.00664468 1.21763 0.22 0.0144775 0.0950764 0.046792 0.00134142 0.0952715 0.030357
0.00700251 1.21439 0.234722 0.00665864 1.21858 0.22 0.0106161 0.095033 0.038424 0.00142703 0.0952151 0.0305295
0.00708927 1.21543 0.2349 0.00667337 1.21953 0.22 0.0115145 0.112021 0.0563345 0.00149062 0.0951999 0.0305739
0.00710699 1.21567 0.235024 0.00668572 1.22029 0.22 0 0 0 0.00154754 0.0951885 0.0306065
0.00710699 1.21567 0.169028 0.00670165 1.22125 0.22 0 0 0 0.00160527 0.0951918 0.0305933
0.00711697 1.21631 0.178657 0.00672096 1.22239 0.22 0.00498726 0.321983 0.893466 0.00160669 0.0952184 0.0305102
0.00720685 1.22057 0.187787 0.00673697 1.22334 0.22 0.0101577 0.343519 0.781308 0.00159913 0.09523 0.0304745
0.00749003 1.22233 0.194803 0.00674974 1.2241 0.22 0.0286687 0.115044 0.547373 0.00159805 0.0952795 0.0303193
0.00769041 1.22287 0.201543 0.00676895 1.22525 0.22 0.018002 0.0750471 0.534833 0.00160344 0.0955036 0.0296055
0.00798264 1.2245 0.207925 0.00678526 1.22621 0.22 0.0577168 0.232575 0.551978 0.00165067 0.0957641 0.0287492
0.00848616 1.22695 0.213824 0.00680219 1.22716 0.22 0.0454276 0.264812 0.512145 0.00170872 0.0959353 0.0281691
0.00874892 1.22762 0.216431 0.00682037 1.22813 0.22 0.0502879 0.020628 0.168006 0.00183976 0.096178 0.0273206
0.00926144 1.22981 0.216086 0.0068399 1.22909 0.22 0.0623933 0.375753 0.0446628 0.00199611 0.096228 0.0271329
0.00950903 1.23238 0.215022 0.00686078 1.23005 0.22 -0.01404 0.0953089 -0.0515007 0.00213076 0.0960777 0.0276503
0.00945011 1.23303 0.213619 0.0068827 1.23101 0.22 -0.00207508 0.157704 -0.0729656 0.00219717 0.0959749 0.0279998
0.00956986 1.23449 0.212748 0.00690006 1.23178 0.22 0.0311977 0.151877 -0.00905698 0.00215665 0.0959647 0.028038
0.0098538 1.23521 0.212772 0.00692029 1.23274 0.22 0.0291596 0.0195923 0.0401594 0.00197854 0.0960739 0.0276747
0.0101365 1.2358 0.213102 0.00693803 1.2337 0.22 0.0191878 0.0716847 0.0412529 0.00172313 0.0962303 0.0271432
0.0102468 1.23624 0.213562 0.00695354 1.23466 0.22 0.00942831 0.0284071 0.0643986 0.00151357 0.0964029 0.0265365
0.0102814 1.23677 0.214109 0.00696736 1.23563 0.22 0.015809 0.093296 0.0580542 0.00136234 0.0965293 0.0260813
0.0103881 1.23785 0.214799 0.00697997 1.23659 0.22 0.00601659 0.118542 0.115553 0.00123313 0.0966194 0.0257522
0.0104066 1.239 0.215742 0.0069918 1.23756 0.22 -0.00371746 0.107746 0.0934878 0.00116399 0.096621 0.0257493
0.0103641 1.24035 0.21674 0.00700242 1.23853 0.22 -0.0108789 0.132919 0.141579 0.00105473 0.0965952 0.0258506
0.0102816 1.24169 0.218107 0.00701174 1.23949 0.22 -0.0175239 0.121176 0.166848 0.000911862 0.0965684 0.0259561
0.0101587 1.24288 0.219743 0.00702025 1.24046 0.22 -0.0098611 0.112907 0.185018 0.00083444 0.0965616 0.025984
0.0100411 1.24432 0.221963 0.00703005 1.24162 0.22 -0.0062408 0.0907242 0.184503 0.000829587 0.096671 0.0255741
0.00996581 1.24537 0.223727 0.00703882 1.24258 0.22 0.0050231 0.119882 0.182429 0.000901536 0.0966975 0.0254711
0.0100207 1.24678 0.225408 0.0070496 1.24355 0.22 0.0102893 0.126091 0.170702 0.00109324 0.0967257 0.0253565
0.0101659 1.24768 0.226985 0.00706267 1.24452 0.22 0.00907356 0.0901537 0.14348 0.00133708 0.0967342 0.0253122
0.0102365 1.24908 0.228455 0.00707714 1.24549 0.22 0.00201213 0.145002 0.159901 0.00148327 0.0967306 0.0253178
0.0101734 1.25015 0.229857 0.00709294 1.24645 0.22 -0.00892211 0.0883207 0.141745 0.00161755 0.0967299 0.0253121
0.0101273 1.25107 0.231164 0.00710973 1.24742 0.22 -0.00246987 0.147691 0.131027 0.00168586 0.096736 0.0252844
0.0100781 1.25226 0.23239 0.00712717 1.24839 0.22 -0.00536034 0.0819546 0.126785 0.00174596 0.0967534 0.0252137
0.00993674 1.2531 0.233313 0.00714481 1.24936 0.22 -0.0217378 0.0725202 0.0866322 0.00177109 0.0967687 0.0251532
0.00977296 1.25419 0.233958 0.00716317 1.25032 0.22 -0.0178114 0.134239 0.0887434 0.00185722 0.0967702 0.0251412
0.00965813 1.2552 0.234588 0.00718299 1.25129 0.22 -0.00137765 0.0766213 0.0729399 0.00203833 0.096762 0.0251585
0.00967943 1.25607 0.235079 0.00720416 1.25226 0.22 0.00266964 0.108739 0.0486189 0.00215352 0.0967552 0.0251752
0.0097099 1.25686 0.235452 0.00722647 1.25323 0.22 0.00815833 0.0794144 0.051103 0.0022439 0.0967629 0.0251378
0.00971794 1.25774 0.235734 0.00724937 1.25419 0.22 -0.00542883 0.0727357 0.0379634 0.00229951 0.0967796 0.0250682
0.00969426 1.25844 0.235892 0.00727303 1.25516 0.22 -0.00342435 0.0923575 0.0324359 0.00238681 0.0967901 0.0250196
0.00969426 1.25844 0.235963 0.00729728 1.25613 0.22 0 0 0 0.0024401 0.0967972 0.0249871
0.00969426 1.25844 0.167642 0.00732239 1.2571 0.22 0 0 0 0.0025147 0.0968047 0.0249503
0.00975531 1.25846 0.17743 0.00734826 1.25807 0.22 0.0305255 0.00738462 0.813816 0.00259589 0.0967886 0.0250044
0.00994471 1.25978 0.188579 0.00737499 1.25903 0.22 0.0067227 0.174021 0.887341 0.00269057 0.0965373 0.0259481
0.0101128 1.26181 0.199461 0.00740158 1.26 0.22 0.0171227 0.177201 0.846227 0.00264978 0.0965244 0.0260005
0.0102358 1.26249 0.209725 0.00742712 1.26096 0.22 0.00736343 -0.0231044 0.754512 0.00254144 0.0965162 0.0260416
0.0102317 1.2623 0.218818 0.00745197 1.26193 0.22 -0.0123657 0.00312198 0.653013 0.00246746 0.0965454 0.0259402
0.0102487 1.26348 0.226178 0.00747617 1.26289 0.22 0.00198921 0.172493 0.55816 0.00239672 0.0966077 0.0257139
0.0100587 1.26349 0.229871 0.0074999 1.26386 0.22 -0.00331637 0.0102025 0.262375 0.00237063 0.0966549 0.0255385
0.0100098 1.26554 0.233168 0.00752346 1.26483 0.22 0.000803133 0.256923 0.342789 0.00234057 0.0965799 0.0258235
0.0100318 1.2681 0.234552 0.0075459 1.26579 0.22 0.000294498 0.187205 0.103049 0.00221893 0.0964125 0.026452
0.0101495 1.26851 0.235002 0.00756717 1.26675 0.22 0.0188396 -0.00488949 0.0626777 0.00211348 0.0962342 0.027102
0.0103242 1.26751 0.236376 0.00758771 1.26771 0.22 0.00663549 -0.0911115 0.0889822 0.0020489 0.0962093 0.0271952
0.0104994 1.26827 0.237102 0.00760812 1.26868 0.22 0.0297094 0.166988 0.102618 0.00204274 0.0964025 0.0265025
0.0108077 1.26898 0.238012 0.00762935 1.26964 0.22 0.041002 -0.0255392 0.114849 0.00215145 0.0966759 0.0254783
0.0109802 1.26614 0.239162 0.00765197 1.27061 0.22 -0.0177141 -0.332735 -0.0722101 0.00228663 0.0970171 0.0241343
0.0106136 1.26498 0.236376 0.00767614 1.27159 0.22 -0.0258138 0.040829 -0.307392 0.00247974 0.097356 0.0227082
0.0105402 1.26837 0.23296 0.00770214 1.27256 0.22 -0.0154288 0.425968 -0.179152 0.00264442 0.097338 0.0227668
0.0103361 1.27129 0.23054 0.00773071 1.27353 0.22 -0.0264686 0.252044 -0.1322 0.00287018 0.0970636 0.0238836
0.010186 1.27427 0.228939 0.00776147 1.2745 0.22 -0.0156752 0.370053 -0.0732076 0.00311435 0.0965806 0.0257388
0.0099462 1.27805 0.226492 0.00779397 1.27546 0.22 -0.0175319 0.364105 -0.144817 0.00331654 0.0962246 0.0270154
0.00970568 1.28046 0.224328 0.00782798 1.27642 0.22 -0.0204506 0.160022 -0.0835641 0.00342874 0.0960603 0.02758
0.00966082 1.28115 0.223348 0.00786249 1.27738 0.22 0.00729279 0.0623278 -0.0649847 0.00343477 0.0960118 0.0277477
0.00991506 1.28232 0.222476 0.00789537 1.27834 0.22 0.0267953 0.125309 -0.0437367 0.00325454 0.0961734 0.0272044
0.0100759 1.28293 0.222167 0.00792679 1.27931 0.22 0.00907058 0.0395642 0.0148777 0.00310735 0.0963539 0.0265757
0.0102206 1.28363 0.222543 0.00795707 1.28027 0.22 0.0144438 0.11441 0.0779709 0.00301508 0.0964811 0.0261209
0.0103014 1.28491 0.223239 0.00798738 1.28124 0.22 -0.000992857 0.101631 0.0951269 0.00305507 0.0964939 0.0260689
0.0102769 1.28569 0.224273 0.00801841 1.2822 0.22 -0.000809675 0.0786924 0.107827 0.00312207 0.0964663 0.0261631
0.0102178 1.2866 0.225447 0.00805025 1.28317 0.22 -0.00692934 0.0877441 0.111336 0.00319135 0.0964265 0.0263009
0.0101286 1.2874 0.226541 0.00808209 1.28413 0.22 -0.00911679 0.0877974 0.106358 0.00317465 0.096454 0.0262021
0.0100916 1.28799 0.227498 0.00811347 1.2851 0.22 0.00136762 0.043249 0.0881699 0.00311697 0.096555 0.0258346
0.0101574 1.28852 0.22862 0.00814427 1.28606 0.22 0.00625887 0.0718276 0.126323 0.00307736 0.096664 0.0254282
0.0103209 1.28915 0.230021 0.00817536 1.28703 0.22 0.0208587 0.0388843 0.136882 0.0031191 0.0967609 0.0250521
0.0105 1.28964 0.23148 0.00820726 1.288 0.22 0.0123212 0.0605403 0.121381 0.00321077 0.096817 0.0248225
0.0107496 1.29063 0.232715 0.00823945 1.28897 0.22 0.0293232 0.125107 0.128222 0.00322044 0.0968268 0.0247829
0.0109389 1.29158 0.233786 0.00827154 1.28993 0.22 0.0149398 0.0592616 0.10512 0.00320604 0.0968245 0.0247938
0.0110258 1.29241 0.234631 0.00830329 1.2909 0.22 0.00215409 0.0683518 0.0888424 0.00316436 0.096831 0.0247738
0.0110258 1.29241 0.163563 0.00833473 1.29187 0.22 0 0 0 0.00313571 0.0968698 0.0246255
0.0110258 1.29241 0.171396 0.00836602 1.29284 0.22 0 0 0 0.00312749 0.0969078 0.0244765
0.0111028 1.29318 0.182432 0.00839677 1.29381 0.22 0.0385132 0.389039 1.07025 0.00307573 0.0969991 0.0241189
0.0114681 1.2977 0.194231 0.00842724 1.29478 0.22 0.0323028 0.429284 0.994139 0.00303895 0.0970256 0.0240167
0.0113775 1.3002 0.199629 0.00845765 1.29575 0.22 -0.0322114 0.1149 0.245179 0.00304892 0.0969822 0.0241902
0.011348 1.3005 0.201359 0.00848839 1.29672 0.22 0.0231864 0.0592953 0.13153 0.00307849 0.0969209 0.0244308
0.0113086 1.30145 0.203951 0.0085196 1.29769 0.22 -0.0108813 0.114023 0.278252 0.00312884 0.0968416 0.0247367
0.0111914 1.30342 0.206461 0.0085511 1.29866 0.22 -0.0172005 0.172288 0.259803 0.00315475 0.0968872 0.0245544
0.0108582 1.3052 0.207764 0.00858349 1.29962 0.22 -0.0585642 0.210178 0.043727 0.00327072 0.0968904 0.0245267
0.0105455 1.30623 0.207424 0.00861727 1.30059 0.22 -0.0265597 0.0623144 -0.00095105 0.00339377 0.0969334 0.0243394
0.0102575 1.30709 0.207477 0.00865088 1.30156 0.22 -0.0150175 0.112237 0.0404766 0.00334181 0.0969999 0.0240802
0.0100639 1.30801 0.207559 0.00868273 1.30253 0.22 -0.0163613 0.0461196 0.0319108 0.00316686 0.0970784 0.0237855
0.010063 1.30866 0.20771 0.00871134 1.30351 0.22 0.0172586 0.082439 0.0350384 0.00283608 0.0971353 0.0235943
0.0103188 1.30989 0.208484 0.00873613 1.30448 0.22 0.0277759 0.148652 0.110726 0.00234285 0.0971905 0.0234205
0.0105171 1.31087 0.209362 0.00875757 1.30545 0.22 0.0155903 0.0740226 0.0879759 0.00207631 0.0972203 0.0233219
0.0107269 1.31155 0.210434 0.00877572 1.30642 0.22 0.0134208 0.094007 0.11232 0.00181033 0.0972643 0.0231597
0.0108312 1.31263 0.211589 0.00879259 1.3074 0.22 0.0036297 0.0864355 0.123521 0.00168583 0.0973247 0.0229141
0.0107861 1.31329 0.212991 0.00880961 1.30837 0.22 -0.00438583 0.0659413 0.136015 0.00171117 0.0973706 0.0227163
0.010693 1.31422 0.214575 0.00882724 1.30934 0.22 -0.00588476 0.0984663 0.159236 0.0017871 0.0974194 0.0225004
0.0105389 1.31504 0.216301 0.00884597 1.31032 0.22 -5.70607e-05 0.0677632 0.17496 0.00188966 0.0974539 0.0223422
0.0104142 1.31589 0.217934 0.00886679 1.31129 0.22 0.00063812 0.0880371 0.15392 0.00210922 0.0975107 0.0220729
0.0104077 1.31689 0.21969 0.00888911 1.31227 0.22 0.00145141 0.123926 0.176559 0.00225996 0.0975488 0.0218891
0.0104768 1.31815 0.221451 0.00891262 1.31324 0.22 0.0136015 0.114181 0.171717 0.00236876 0.0975724 0.0217719
0.0105462 1.31911 0.22306 0.00893685 1.31422 0.22 0.0131015 0.110641 0.167034 0.00243351 0.0975938 0.0216686
0.0106315 1.32045 0.2247 0.00896131 1.3152 0.22 0.0123805 0.159816 0.149909 0.00244133 0.097618 0.0215586
0.0106847 1.32168 0.226089 0.00898553 1.31617 0.22 -0.0089605 0.14059 0.14691 0.00241345 0.0976245 0.0215319
0.0106206 1.32304 0.227343 0.00900933 1.31715 0.22 -0.0158793 0.135258 0.124548 0.00237379 0.0976232 0.0215424
0.0105038 1.32434 0.228424 0.00903309 1.31812 0.22 0.000209479 0.104275 0.106556 0.00238167 0.0976169 0.0215703
0.0104524 1.32528 0.229465 0.00905769 1.3191 0.22 -0.00377665 0.131529 0.109039 0.00250424 0.0976163 0.0215589
0.0104797 1.32646 0.230392 0.00908354 1.32008 0.22 0.00261561 0.0988628 0.0903338 0.00261428 0.0976183 0.0215367
0.0105528 1.32739 0.231251 0.00911069 1.32105 0.22 0.00847281 0.0965459 0.0736373 0.00271278 0.0976294 0.0214742
0.0105627 1.32825 0.231905 0.00913776 1.32203 0.22 -0.00501625 0.0822352 0.0743819 0.00268883 0.0976644 0.0213173
0.0105552 1.32926 0.232436 0.00916403 1.32301 0.22 -0.0169684 0.108441 0.0725617 0.00259055 0.0976948 0.0211899
0.0104806 1.33041 0.232844 0.00918928 1.32398 0.22 0.00410592 0.121198 0.0437331 0.00251718 0.097707 0.0211424
0.0104603 1.33145 0.232981 0.00921422 1.32496 0.22 0.0016435 0.0924296 0.0292382 0.00250591 0.0976852 0.0212443
0.0104584 1.3324 0.233009 0.00923975 1.32594 0.22 0.0126793 0.100412 0.0320041 0.00257258 0.0976547 0.0213764
0.01048 1.33314 0.233084 0.0092661 1.32691 0.22 0 0 0 0.00266952 0.097637 0.0214449
0.01048 1.33314 0.162799 0.00929345 1.32789 0.22 0 0 0 0.00274501 0.0976346 0.0214464
0.01048 1.33314 0.170733 0.00932179 1.32887 0.22 0 0 0 0.00284355 0.097652 0.021354
0.0106821 1.33322 0.180932 0.00935071 1.32984 0.22 0.0538301 0.0758738 0.86913 0.00290757 0.0976656 0.0212833
0.0110931 1.33477 0.192327 0.00938013 1.33082 0.22 0.0304624 0.223225 0.882771 0.00294514 0.0976845 0.0211912
0.0113732 1.33663 0.202936 0.00940946 1.3318 0.22 0.0337648 0.106342 0.790846 0.00292594 0.0976932 0.0211535
0.0116717 1.33704 0.213267 0.00943867 1.33277 0.22 0.00879082 0.0254992 0.677881 0.00291791 0.0976991 0.0211274
0.0114953 1.33878 0.219922 0.00946767 1.33375 0.22 -0.0381252 0.215521 0.44198 0.00289519 0.0977217 0.0210261
0.0112238 1.34008 0.224257 0.00949629 1.33473 0.22 -0.0255965 0.0118122 0.207635 0.00285153 0.0978106 0.0206145
0.0109607 1.33987 0.225525 0.00952405 1.33571 0.22 -0.0546206 -0.0595501 -0.045707 0.00275234 0.0980438 0.0194893
0.0106675 1.34018 0.224353 0.00955111 1.33669 0.22 0.000275463 0.217522 -0.0571215 0.00269467 0.0981916 0.0187391
0.0105851 1.34279 0.222977 0.00957826 1.33767 0.22 -0.00126084 0.185483 -0.0510113 0.00272095 0.098125 0.0190807
0.0104511 1.34399 0.222054 0.00960595 1.33865 0.22 -0.0204933 0.0755723 -0.0304747 0.00277564 0.0978695 0.0203433
0.0103005 1.34565 0.221795 0.00963374 1.33963 0.22 -0.0162891 0.260618 -0.00406179 0.00278046 0.0975484 0.0218308
0.009988 1.34771 0.220926 0.00966147 1.3406 0.22 -0.0419081 0.105996 -0.0536606 0.00277324 0.0973434 0.0227282
0.00980731 1.3482 0.220044 0.00968971 1.34157 0.22 0.011098 0.0367993 -0.0449566 0.00283553 0.0972233 0.0232292
0.0100161 1.34874 0.219703 0.00971855 1.34254 0.22 0.0292935 0.0834838 0.0494412 0.0028747 0.0971836 0.0233898
0.0102052 1.34994 0.221594 0.00974697 1.34352 0.22 -0.00570525 0.38071 0.219714 0.00283185 0.0972395 0.0231616
0.00997279 1.35314 0.222585 0.00977485 1.34449 0.22 -0.0101215 0.100717 0.0876867 0.00277086 0.0972487 0.0231302
0.00986768 1.35353 0.222519 0.00980177 1.34546 0.22 0.0149352 0.0405724 -0.00613076 0.00267199 0.0971596 0.0235134
0.010071 1.35447 0.222439 0.00982826 1.34643 0.22 0.0201452 0.107957 0.0286564 0.00264544 0.0970489 0.0239691
0.0101563 1.35501 0.222698 0.00985469 1.3474 0.22 -0.00734655 0.0386733 -0.00624968 0.0026477 0.0970196 0.0240873
0.01004 1.3554 0.222539 0.00988225 1.34837 0.22 -0.0082277 0.0421473 0.0148115 0.00278283 0.0969587 0.024316
0.00996277 1.35563 0.222897 0.00991131 1.34934 0.22 -0.00178124 0.0251457 0.0469453 0.00293861 0.09698 0.0242124
0.00987932 1.35588 0.223343 0.00994141 1.35031 0.22 -0.00844938 0.0234513 0.0297722 0.00304544 0.0970078 0.0240878
0.00984998 1.35602 0.223806 0.0099722 1.35128 0.22 0.0108232 0.00571616 0.0609033 0.00308909 0.097035 0.0239721
0.00993246 1.35619 0.224608 0.0100033 1.35225 0.22 0.0117249 0.0207083 0.0740946 0.00311427 0.0970665 0.0238409
0.0100564 1.35648 0.22537 0.0100349 1.35322 0.22 0.00862371 0.0265656 0.0580433 0.00316183 0.0970722 0.0238114
0.0101155 1.35679 0.226115 0.0100669 1.35419 0.22 0.00175971 0.019632 0.0767693 0.00321809 0.0970063 0.0240712
0.010156 1.35709 0.227082 0.0100998 1.35516 0.22 0.00530042 0.0384165 0.0948599 0.00330563 0.0970057 0.0240617
0.0101501 1.35739 0.227904 0.0101336 1.35613 0.22 -0.00365437 0.0365809 0.0770157 0.00338952 0.097009 0.0240369
0.0101458 1.35781 0.228574 0.010169 1.3571 0.22 0.000264106 0.0552473 0.0640186 0.00359818 0.0969441 0.0242672
0.0101838 1.35821 0.229314 0.0102059 1.35807 0.22 0.0100108 0.0272533 0.0749335 0.00372153 0.0969147 0.0243657
0.0102141 1.35879 0.229977 0.0102436 1.35904 0.22 0.00326001 0.0730188 0.07828 0.00377681 0.0968973 0.0244265
0.0102471 1.35959 0.230588 0.0102817 1.36001 0.22 0.0122693 0.0603497 0.0671511 0.00382327 0.0969142 0.0243522
0.0103215 1.36013 0.231236 0.0103203 1.36098 0.22 0.013919 0.0608626 0.0658989 0.00388618 0.0968829 0.0244665
0.0104007 1.36091 0.231773 0.0103597 1.36195 0.22 0.00293238 0.093965 0.0424721 0.00395212 0.0968874 0.024438
0.0104176 1.36147 0.232118 0.0104001 1.36292 0.22 0 0 0 0.00406211 0.0968945 0.0243917
0.0104176 1.36147 0.16239 0.0104418 1.36389 0.22 0 0 0 0.0042057 0.0969093 0.0243086
0.0104176 1.36147 0.170794 0.0104844 1.36486 0.22 0 0 0 0.00428175 0.0968675 0.0244612
0.0107651 1.36308 0.182314 0.0105279 1.36583 0.22 0.0821683 0.421719 1.0395 0.00434882 0.0968766 0.0244133
0.0116985 1.367 0.193956 0.0105718 1.36679 0.22 0.0559886 0.338483 0.922088 0.00439997 0.096878 0.0243985
0.0120579 1.36946 0.203998 0.0106163 1.36776 0.22 0.00539244 0.0887666 0.747882 0.00447296 0.0968218 0.0246075
0.012162 1.36993 0.213016 0.0106613 1.36873 0.22 -0.00770185 -0.16635 0.375184 0.0045025 0.0967984 0.0246939
0.0119739 1.36901 0.217565 0.0107064 1.3697 0.22 -0.0587842 -0.0355385 0.281448 0.0045034 0.0968001 0.0246873
0.011535 1.37072 0.218855 0.0107512 1.37067 0.22 -0.0437678 0.388923 0.0739272 0.0044777 0.0967574 0.0248589
0.0111878 1.37254 0.218326 0.0107955 1.37163 0.22 -0.025999 -0.044174 -0.0655057 0.00440928 0.0967073 0.0250652
0.0111218 1.37253 0.217355 0.0108385 1.3726 0.22 0.00534683 0.103136 -0.061613 0.00428207 0.0967226 0.0250281
0.0111451 1.37368 0.216497 0.0108786 1.37357 0.22 -0.00443845 0.0490454 -0.0360003 0.00395923 0.096892 0.0244186
0.010995 1.37351 0.215993 0.0109167 1.37454 0.22 -0.0224384 -0.0436589 -0.052785 0.00378485 0.0970193 0.0239361
0.0108134 1.37394 0.215471 0.0109525 1.37551 0.22 -0.0158158 0.128769 0.0120256 0.00356751 0.0972246 0.0231223
0.0106298 1.37504 0.215451 0.0109873 1.37648 0.22 -0.0358535 0.0334282 0.0103523 0.00345237 0.0973395 0.022652
0.0102591 1.37561 0.215472 0.0110215 1.37746 0.22 -0.0305979 0.159041 0.0677221 0.00341085 0.0973667 0.022541
0.0100279 1.37722 0.215874 0.0110552 1.37843 0.22 -0.0178286 0.130636 0.0853666 0.00335799 0.097384 0.022474
0.00987718 1.37833 0.216713 0.0110884 1.37941 0.22 -0.0170388 0.0951226 0.0987555 0.00332575 0.0973843 0.0224775
0.0097984 1.37969 0.217714 0.0111216 1.38038 0.22 -0.00470776 0.156992 0.127187 0.00331766 0.0973887 0.0224594
0.00984388 1.38109 0.218925 0.0111551 1.38135 0.22 0.00212222 0.0850094 0.134714 0.00336466 0.0974067 0.0223746
0.00994937 1.38234 0.220267 0.0111891 1.38233 0.22 0.0071864 0.185582 0.151914 0.0034118 0.0974202 0.0223085
0.0100512 1.38393 0.221612 0.0112238 1.3833 0.22 0.00905173 0.126091 0.155587 0.00348405 0.097432 0.0222455
0.0101135 1.38525 0.22303 0.0112591 1.38428 0.22 0.000245285 0.176006 0.148856 0.00354204 0.0974923 0.0219704
0.0101592 1.38703 0.224435 0.0112948 1.38525 0.22 0.00900864 0.158199 0.140773 0.00358395 0.0974888 0.0219792
0.0102219 1.38847 0.225809 0.0113308 1.38623 0.22 0.014262 0.135681 0.132063 0.00360332 0.0975947 0.0215011
0.0103832 1.39031 0.226902 0.0113677 1.3872 0.22 0.0198269 0.18566 0.140595 0.00370769 0.097709 0.0209574
0.0105402 1.39194 0.22806 0.0114058 1.38818 0.22 0.00904694 0.113902 0.1268 0.00383401 0.0976679 0.0211253
0.010641 1.39336 0.229114 0.011445 1.38916 0.22 0.018146 0.193131 0.129562 0.00394596 0.0976245 0.0213045
0.0107035 1.39515 0.230067 0.0114854 1.39013 0.22 0.0107469 0.161917 0.118113 0.0040715 0.0975665 0.0215453
0.0107405 1.39638 0.230891 0.0115267 1.39111 0.22 0.00073745 0.108121 0.0884022 0.00415768 0.0975243 0.0217192
0.0108404 1.39771 0.231616 0.0115691 1.39208 0.22 0.01475 0.144111 0.0866706 0.00424552 0.097487 0.0218693
0.0110143 1.39893 0.232383 0.0116122 1.39306 0.22 0.0029219 0.124021 0.0744132 0.00432753 0.0974692 0.0219321
0.0110781 1.3999 0.232931 0.0116558 1.39403 0.22 0.0157998 0.114469 0.0704435 0.0043896 0.0974579 0.0219703
0.011201 1.401 0.233354 0.0117001 1.39501 0.22 -0.000634964 0.0971882 0.0488458 0.00444216 0.0974452 0.0220161
0.0112712 1.40195 0.233647 0.0117452 1.39598 0.22 0.00283043 0.104075 0.0452815 0.00452269 0.0974155 0.0221308
0.0113486 1.40291 0.233831 0.0117912 1.39696 0.22 0.0074306 0.11179 0.0459197 0.00463482 0.0973753 0.0222838
0.0113959 1.40381 0.233928 0.0118382 1.39793 0.22 0.00475851 0.0731229 0.0256663 0.00471884 0.0973503 0.0223754
0.0114301 1.40425 0.23403 0.0118868 1.3989 0.22 0 0 0 0.00485817 0.09732 0.0224768
0.0114301 1.40425 0.161174 0.0119363 1.39987 0.22 0 0 0 0.00496563 0.097255 0.0227334
0.0114301 1.40425 0.169559 0.0119865 1.40085 0.22 0 0 0 0.00503646 0.0972584 0.0227032
0.011955 1.40447 0.180329 0.0120371 1.40182 0.22 0.0755485 0.12607 0.911851 0.00507144 0.097262 0.0226801
0.0125519 1.40624 0.19188 0.0120878 1.40279 0.22 0.050432 0.184767 0.870694 0.00504306 0.0972827 0.0225974
0.0128228 1.40918 0.200634 0.0121374 1.40377 0.22 0.0109207 0.198512 0.625109 0.00494625 0.0972865 0.0226023
0.0130319 1.41001 0.207988 0.0121859 1.40474 0.22 0.0227193 0.0255142 0.564658 0.00482137 0.0973412 0.0223929
0.0133262 1.41101 0.215075 0.0122331 1.40571 0.22 0.0344187 0.165611 0.55299 0.00472256 0.0974641 0.0218733
0.0133768 1.41269 0.220996 0.0122789 1.40669 0.22 0.00851521 0.088499 0.432775 0.00455462 0.097725 0.0207141
0.0135866 1.41344 0.226163 0.0123234 1.40767 0.22 0.0381772 0.125606 0.419117 0.00442711 0.0979023 0.0198882
0.0133907 1.4131 0.227812 0.0123668 1.40865 0.22 -0.0867555 -0.253334 -0.196646 0.00432001 0.098023 0.0193086
0.0128863 1.41317 0.225993 0.0124088 1.40963 0.22 -6.76026e-05 0.399322 -0.0643691 0.00418462 0.0980737 0.0190797
0.0128518 1.41714 0.224077 0.0124506 1.41061 0.22 -0.0272617 0.252051 -0.117571 0.00417753 0.0977926 0.0204735
0.012499 1.41868 0.222339 0.0124925 1.41159 0.22 -0.0160044 0.162387 -0.07219 0.00419872 0.0975808 0.0214559
0.0124409 1.4212 0.220766 0.0125348 1.41256 0.22 -0.0221788 0.26729 -0.115887 0.00423024 0.097326 0.0225778
0.0121335 1.42279 0.218711 0.0125778 1.41353 0.22 -0.019258 0.0396291 -0.0843176 0.00432856 0.0971296 0.0233903
0.0121065 1.42332 0.217749 0.012622 1.4145 0.22 0.00455494 0.0800036 -0.0523828 0.00447369 0.0970495 0.0236934
0.0122118 1.42415 0.216848 0.0126674 1.41547 0.22 0.0174504 0.0455326 -0.0674246 0.00456447 0.0970608 0.0236299
0.0122916 1.42437 0.216267 0.0127135 1.41644 0.22 0.0111293 -0.00605593 -0.0122328 0.00461422 0.0971035 0.023444
0.0123906 1.42449 0.216399 0.0127606 1.41741 0.22 0.0124692 0.0114023 0.0372189 0.00473782 0.097184 0.0230831
0.0124833 1.42476 0.216975 0.012809 1.41839 0.22 -0.000595672 0.0306181 0.066047 0.00487474 0.0972094 0.0229469
0.0124713 1.42503 0.21788 0.0128586 1.41936 0.22 -0.000835965 0.00345409 0.0908893 0.00497423 0.0971947 0.022988
0.0124212 1.42503 0.219107 0.0129087 1.42033 0.22 -0.010818 -0.0225428 0.11366 0.00501031 0.0971806 0.0230398
0.0123417 1.42514 0.220512 0.0129588 1.4213 0.22 -0.00462407 0.0283907 0.106297 0.00500666 0.0971892 0.0230043
0.0123079 1.4253 0.221799 0.0130087 1.42227 0.22 0.00357145 0.00389608 0.112874 0.00498032 0.0972282 0.0228447
0.0123523 1.42522 0.223181 0.0130587 1.42325 0.22 0.0117485 -0.00467679 0.121459 0.00500807 0.0972734 0.0226451
0.0124964 1.42516 0.224672 0.0131096 1.42422 0.22 0.0140504 -0.0290506 0.106796 0.00512379 0.0973356 0.0223499
0.0126525 1.42509 0.226125 0.0131613 1.42519 0.22 0.0181632 0.0143953 0.126756 0.00519112 0.0972485 0.0227106
0.0128311 1.42535 0.227541 0.0132134 1.42617 0.22 0.0216214 0.0345037 0.11251 0.00520956 0.0972827 0.0225594
0.0129886 1.42565 0.228767 0.0132653 1.42714 0.22 0.0224923 0.0739613 0.103259 0.00519021 0.0973256 0.0223784
0.0132046 1.42628 0.229905 0.0133169 1.42811 0.22 0.016068 0.0416665 0.104118 0.00514773 0.0973542 0.0222633
0.0133895 1.42685 0.230966 0.0133682 1.42909 0.22 0.028607 0.0677651 0.0805353 0.00512353 0.097375 0.022178
0.0135898 1.42756 0.231943 0.0134196 1.43006 0.22 0.0101587 0.0488551 0.0855136 0.00514466 0.0973866 0.0221218
0.0137264 1.42819 0.232774 0.0134718 1.43103 0.22 0.0168299 0.0802873 0.0910393 0.00524305 0.0974031 0.0220259
0.0138305 1.42897 0.233384 0.013525 1.43201 0.22 0.0140409 0.0668489 0.0483935 0.00533894 0.0974207 0.0219249
0.0139974 1.42984 0.23373 0.0135788 1.43298 0.22 0.0186717 0.0776484 0.0510973 0.00538462 0.0974504 0.0217814
0.0141319 1.43063 0.234065 0.0136326 1.43396 0.22 0.0128075 0.0757842 0.031053 0.00537869 0.097497 0.0215734
0.0141954 1.43093 0.234336 0.0136863 1.43493 0.22 0 0 0 0.00536452 0.0975419 0.021373
0.0141954 1.43093 0.164973 0.0137399 1.43591 0.22 0 0 0 0.0053611 0.0975582 0.0212993
0.0141954 1.43093 0.174094 0.0137932 1.43688 0.22 0 0 0 0.00532926 0.0975708 0.0212495
0.014784 1.43409 0.184565 0.0138466 1.43786 0.22 0.0643623 0.417115 0.850851 0.00534097 0.097578 0.0212134
0.0151587 1.43736 0.192903 0.0139 1.43884 0.22 0.0323529 0.282082 0.724505 0.00532041 0.0976228 0.0210113
0.0153569 1.43997 0.201252 0.0139527 1.43981 0.22 0.000580346 0.168781 0.647648 0.00526102 0.0976718 0.0207974
0.0155072 1.44107 0.208499 0.0140045 1.44079 0.22 0.0364564 0.12228 0.567157 0.00516671 0.0977484 0.0204585
0.0152965 1.44155 0.2119 0.0140544 1.44177 0.22 -0.0565122 0.0575517 0.161597 0.00494253 0.0979007 0.0197746
0.0148454 1.44147 0.212995 0.0141023 1.44275 0.22 0.00335587 0.0922388 0.18093 0.0047422 0.0979809 0.0194232
0.0149227 1.4432 0.215891 0.0141478 1.44373 0.22 0.00767373 0.157233 0.323235 0.00444523 0.0980327 0.0192309
0.0145298 1.44276 0.21771 0.0141901 1.44471 0.22 -0.0827991 -0.227392 -0.00165306 0.00419962 0.0981303 0.0187833
0.0139581 1.44244 0.216532 0.014229 1.44569 0.22 -0.0446587 0.153049 -0.0795745 0.00385337 0.098385 0.0174795
0.0136578 1.4438 0.215501 0.0142664 1.44668 0.22 -0.0224306 0.0729256 -0.0408581 0.00371563 0.0985047 0.0168234
0.0135632 1.44425 0.214627 0.0143029 1.44766 0.22 -0.00803115 0.169374 -0.0285427 0.00363312 0.0985939 0.0163107
0.0135142 1.44622 0.21389 0.0143388 1.44865 0.22 0.00175761 0.184132 -0.00521844 0.00358573 0.0986491 0.0159845
0.01353 1.44769 0.213555 0.0143746 1.44964 0.22 0.000252641 0.110867 0.0102507 0.00357734 0.0986763 0.0158173
0.0136013 1.44926 0.213564 0.0144103 1.45062 0.22 0.0246961 0.23101 0.0593912 0.00358297 0.0986899 0.0157308
0.013867 1.45111 0.2141 0.0144465 1.45161 0.22 0.0331501 0.14541 0.0862088 0.00361737 0.0987106 0.0155926
0.0142217 1.45257 0.214973 0.014483 1.4526 0.22 0.0362025 0.14157 0.105688 0.00366214 0.098764 0.0152399
0.0145495 1.45412 0.216139 0.0145199 1.45359 0.22 0.0286033 0.135463 0.120947 0.00371054 0.0988215 0.0148506
0.0148001 1.45557 0.217393 0.0145575 1.45457 0.22 0.0140362 0.12557 0.125817 0.00376938 0.0988636 0.0145527
0.0150294 1.45708 0.218814 0.0145961 1.45556 0.22 0.0329598 0.180669 0.135107 0.00386487 0.0989111 0.0142008
0.015266 1.45877 0.220218 0.0146355 1.45655 0.22 0.026978 0.164139 0.129169 0.00396516 0.0989574 0.0138457
0.0155595 1.46039 0.221696 0.0146754 1.45754 0.22 0.02174 0.163815 0.134531 0.00398945 0.0989829 0.0136552
0.0158296 1.462 0.223189 0.014715 1.45853 0.22 0.0208987 0.134397 0.122337 0.00396263 0.0990006 0.0135345
0.0161095 1.46357 0.224588 0.0147541 1.45952 0.22 0.0353962 0.191996 0.134624 0.00388572 0.099059 0.0131234
0.0163925 1.46523 0.225923 0.0147925 1.46051 0.22 0.0205603 0.133711 0.121429 0.00383771 0.0990791 0.012985
0.0166533 1.46647 0.227211 0.014831 1.46151 0.22 0.0300341 0.115097 0.110444 0.00385866 0.0990911 0.0128863
0.0169528 1.46784 0.228442 0.01487 1.4625 0.22 0.0292769 0.0965668 0.120047 0.00390941 0.0991018 0.0127888
0.0172507 1.4687 0.229735 0.0149098 1.46349 0.22 0.0294359 0.0678869 0.107418 0.00398427 0.0991327 0.0125231
0.0175529 1.46957 0.230874 0.0149493 1.46448 0.22 0.0161305 0.066998 0.089162 0.00392857 0.0991743 0.0122079
0.0177486 1.47047 0.231854 0.0149872 1.46547 0.22 -0.00175849 0.0679837 0.0794785 0.00375773 0.0992272 0.0118259
0.0177559 1.4712 0.232672 0.0150233 1.46646 0.22 0.00982067 0.106451 0.0639502 0.00358226 0.0992767 0.0114592
0.0178825 1.47218 0.233275 0.0150586 1.46746 0.22 0.00540855 0.096259 0.043338 0.00353306 0.099304 0.0112357
0.0180488 1.47302 0.233684 0.0150941 1.46845 0.22 0.0152094 0.0758267 0.0366943 0.00355992 0.099314 0.0111377
0.0181737 1.47388 0.23402 0.0151299 1.46944 0.22 0.014354 0.0470839 0.0300604 0.00358353 0.0993199 0.0110776
0.0182486 1.47453 0.234295 0.0151658 1.47044 0.22 0.0144578 0.0914893 0.0256121 0.00358506 0.0993307 0.0109802
0.0182698 1.47485 0.234482 0.0152016 1.47143 0.22 0 0 0 0.00357224 0.0993446 0.0108576
0.0182698 1.47485 0.168631 0.0152372 1.47242 0.22 0 0 0 0.00355775 0.0993562 0.0107559
0.0182698 1.47485 0.177218 0.0152726 1.47342 0.22 0 0 0 0.00353954 0.0993711 0.0106236
0.0187951 1.47569 0.188104 0.0153079 1.47441 0.22 0.055898 0.198458 0.888671 0.00353208 0.0993844 0.0105008
0.0191304 1.47775 0.199229 0.015343 1.4754 0.22 0.023937 0.176597 0.807432 0.00350085 0.0993871 0.010486
0.0193252 1.47909 0.209502 0.0153777 1.4764 0.22 0.0149527 0.0181871 0.751106 0.00346683 0.099381 0.0105543
0.0191286 1.47874 0.217546 0.0154118 1.47739 0.22 -0.0684998 -0.00203735 0.274692 0.00340097 0.0993766 0.0106174
0.0186292 1.4799 0.220064 0.0154458 1.47839 0.22 -0.0151317 0.23923 0.146523 0.00340267 0.0993652 0.010723
0.0185166 1.48179 0.220866 0.0154793 1.47938 0.22 0.0066067 0.030041 0.0734291 0.0033426 0.099364 0.0107523
0.018535 1.48163 0.222066 0.0155124 1.48037 0.22 0.00370705 0.00682103 0.158217 0.00328588 0.0994127 0.0103108
0.0186276 1.48241 0.223811 0.015545 1.48137 0.22 0.0159414 0.108029 0.0117828 0.0032657 0.0994734 0.00971529
0.0184881 1.48198 0.222378 0.0155784 1.48236 0.22 -0.0252894 0.0162168 -0.108204 0.00336543 0.0995138 0.00925673
0.0184341 1.48328 0.22111 0.0156132 1.48336 0.22 0.0328804 0.238265 -0.0676297 0.00350378 0.099526 0.00907202
0.0187009 1.48499 0.22043 0.0156497 1.48435 0.22 0.00818077 0.0663013 -0.0275192 0.0037009 0.0994681 0.00961227
0.0187031 1.48573 0.220117 0.0156877 1.48535 0.22 -0.00742182 0.164866 -0.0188208 0.00383835 0.0993992 0.0102498
0.0185316 1.4874 0.219724 0.0157264 1.48634 0.22 -0.040576 0.142412 -0.035545 0.00387581 0.0993641 0.010571
0.0180306 1.48819 0.219357 0.0157654 1.48733 0.22 -0.0638964 0.0443855 -0.0135398 0.00390357 0.0993287 0.0108892
0.0174817 1.48884 0.219252 0.015804 1.48833 0.22 -0.0445521 0.0843771 0.0164637 0.00382114 0.0993372 0.0108407
0.0170723 1.48951 0.219502 0.0158415 1.48932 0.22 -0.0385867 0.0377441 0.0287542 0.00372487 0.0993571 0.0106911
0.0167689 1.48982 0.220088 0.0158773 1.49032 0.22 -0.00941766 0.0247062 0.0615665 0.00357646 0.0993886 0.0104463
0.0167043 1.4903 0.221052 0.0159116 1.49131 0.22 0.00389573 0.045832 0.0923007 0.00338394 0.0994295 0.0101157
0.0167595 1.49088 0.222213 0.0159447 1.4923 0.22 0.0131334 0.0954375 0.112545 0.00326387 0.0994453 0.00999934
0.0169072 1.4917 0.223433 0.0159766 1.4933 0.22 0.0123556 0.0581442 0.0980073 0.00318709 0.0994476 0.0100008
0.0170306 1.49226 0.224687 0.0160075 1.49429 0.22 0.0172594 0.0831001 0.0997668 0.00307505 0.0994413 0.010098
0.0171354 1.49292 0.225789 0.0160375 1.49529 0.22 0.00268601 0.0678101 0.0930598 0.00298273 0.0994437 0.0101021
0.0171874 1.49352 0.226821 0.0160666 1.49628 0.22 0.0108561 0.057229 0.0878763 0.00289599 0.0994613 0.00995304
0.0172508 1.49404 0.227845 0.016095 1.49728 0.22 -0.00559068 0.0343963 0.0803862 0.00282039 0.0994954 0.00962895
0.0173189 1.49468 0.228851 0.016123 1.49827 0.22 0.00741655 0.0842868 0.0948549 0.00278812 0.099521 0.00936995
0.0174142 1.49558 0.22987 0.0161508 1.49927 0.22 0.0159509 0.0980547 0.0873798 0.00277963 0.0995318 0.0092568
0.0175428 1.49643 0.230808 0.0161784 1.50026 0.22 0.0105242 0.0890705 0.0786926 0.00275993 0.0995377 0.00919963
0.0176704 1.4974 0.231575 0.0162056 1.50126 0.22 0.0228804 0.105023 0.0539816 0.00269355 0.0995484 0.00910325
0.0178423 1.49847 0.232177 0.0162319 1.50225 0.22 0.0159131 0.0893644 0.0523747 0.00261032 0.0995634 0.00896144
0.0179838 1.4995 0.232732 0.0162576 1.50325 0.22 0.0142165 0.117378 0.0352936 0.00255532 0.0995771 0.00882399
0.0181168 1.50069 0.233154 0.0162827 1.50425 0.22 0.0170956 0.102075 0.0435716 0.00250773 0.0995953 0.00863066
0.0182593 1.50177 0.23361 0.0163079 1.50524 0.22 0.0129625 0.127336 0.0380907 0.00253491 0.099608 0.00847487
0.018418 1.50308 0.234016 0.0163337 1.50624 0.22 0.018405 0.141788 0.0325149 0.00259493 0.0996105 0.00842759
0.0186377 1.50444 0.234309 0.01636 1.50723 0.22 0.0262798 0.122282 0.0327474 0.0026459 0.0996095 0.00842293
0.0187436 1.50495 0.234575 0.0163867 1.50823 0.22 0 0 0 0.00267679 0.0996103 0.00840403
0.0187436 1.50495 0.169082 0.0164135 1.50923 0.22 0 0 0 0.00268559 0.0996164 0.00832837
0.0187436 1.50495 0.176675 0.0164404 1.51022 0.22 0 0 0 0.00268771 0.0996323 0.00813482
0.0187029 1.50949 0.181318 0.0164673 1.51122 0.22 -0.0143299 0.331001 0.107976 0.00269163 0.0996405 0.0080332
0.0186967 1.51157 0.181832 0.0164941 1.51222 0.22 0.0102477 0.0386627 0.114942 0.00267087 0.099638 0.0080703
0.0186365 1.5124 0.183424 0.0165202 1.51321 0.22 -0.01118 0.20837 0.128069 0.00259128 0.0996801 0.00756127
0.0185288 1.51416 0.184714 0.016546 1.51421 0.22 -0.0198675 0.101326 0.139276 0.00257325 0.0997034 0.00725329
0.0183539 1.51522 0.186457 0.0165714 1.51521 0.22 -0.00818194 0.10399 0.119994 0.00252221 0.0997282 0.00692305
0.0182274 1.5166 0.187814 0.0165958 1.5162 0.22 -0.0115595 0.132786 0.131123 0.00241917 0.0997476 0.00667504
0.0181968 1.51782 0.189455 0.0166182 1.5172 0.22 0.00104255 0.136707 0.130277 0.00215715 0.0997723 0.00639065
0.0182099 1.51926 0.191007 0.0166383 1.5182 0.22 -0.00442438 0.133451 0.133865 0.00195245 0.0997881 0.00620698
0.018188 1.52065 0.192597 0.0166552 1.5192 0.22 0.00699302 0.119106 0.113404 0.00167153 0.0998094 0.00594103
0.0182193 1.52181 0.194085 0.0166694 1.5202 0.22 0.00323583 0.062683 0.125321 0.00138001 0.0998567 0.00517076
0.0182544 1.52295 0.19623 0.016682 1.52119 0.22 -0.00708607 0.171814 0.198314 0.00116912 0.0998725 0.00491162
0.0182415 1.52417 0.198483 0.0166926 1.52219 0.22 -0.0068448 0.0576974 0.145351 0.00102527 0.0998874 0.00463293
0.0181695 1.52482 0.20039 0.0167014 1.52319 0.22 -0.0121595 0.0872931 0.171786 0.00088382 0.0999071 0.00421668
0.0181062 1.52592 0.202574 0.0167093 1.52419 0.22 -0.00459516 0.0817269 0.172081 0.00077267 0.0999324 0.00359484
0.0180867 1.52665 0.204944 0.0167168 1.52519 0.22 -0.0116456 0.0655624 0.183965 0.000742178 0.0999506 0.0030552
0.0180318 1.5275 0.207284 0.0167245 1.52619 0.22 -0.00529629 0.132784 0.197746 0.000783744 0.0999655 0.00250638
0.0179951 1.52867 0.209746 0.0167329 1.52719 0.22 0.00375131 0.108348 0.187646 0.000859737 0.0999733 0.0021469
0.0180085 1.52983 0.211979 0.0167428 1.52819 0.22 0.00202381 0.121691 0.176075 0.00100516 0.0999802 0.00171633
0.0180301 1.53124 0.21414 0.0167534 1.52919 0.22 0.00968779 0.155156 0.173413 0.00106839 0.0999821 0.00156118
0.018105 1.53273 0.216221 0.0167642 1.53019 0.22 -0.00586209 0.142397 0.152401 0.00108534 0.0999825 0.00152215
0.0182055 1.53417 0.218184 0.0167749 1.53119 0.22 -2.43835e-05 0.158858 0.152012 0.00105654 0.0999829 0.00151839
0.0182416 1.53552 0.220185 0.0167849 1.53219 0.22 0.00981999 0.133849 0.159302 0.000984752 0.0999836 0.00152051
0.0182785 1.53683 0.222137 0.0167942 1.53319 0.22 -0.00265525 0.113687 0.136768 0.000919121 0.0999858 0.00141377
0.0182949 1.53797 0.223843 0.0168031 1.53419 0.22 -0.00528752 0.11821 0.113158 0.000894789 0.0999892 0.00116935
0.0182738 1.53907 0.225458 0.0168122 1.53519 0.22 -0.00162703 0.0861523 0.117682 0.000917114 0.0999902 0.00106088
0.0182514 1.54015 0.226811 0.0168217 1.53619 0.22 0.00660314 0.0883115 0.0839152 0.000946374 0.0999909 0.000957511
0.0182739 1.54083 0.227916 0.0168311 1.53719 0.22 0.00442739 0.0996169 0.0749734 0.000930298 0.0999919 0.000870004
0.0182596 1.5419 0.228961 0.0168394 1.53819 0.22 -0.000726128 0.122481 0.0674326 0.000787964 0.0999948 0.000640078
0.0181853 1.54264 0.229838 0.0168463 1.53919 0.22 -0.00600756 0.0567147 0.0608721 0.000648468 0.0999971 0.000401875
0.0181108 1.54348 0.23036 0.0168523 1.54019 0.22 -0.00203868 0.0810595 0.0382597 0.000592395 0.0999979 0.000262136
0.0180932 1.54427 0.230824 0.0168582 1.54119 0.22 -0.00884752 0.10354 0.0237829 0.000593727 0.0999982 0.000104159
0.0180687 1.54519 0.231021 0.0168644 1.54219 0.22 -0.00528489 0.0584823 -0.0018438 0.000638972 0.0999979 6.03955e-05
0.0180157 1.54592 0.231045 0.0168711 1.54319 0.22 -0.00835376 0.0615855 -0.00254591 0.00066915 0.0999977 6.27595e-05
0.0179395 1.5467 0.230964 0.0168776 1.54419 0.22 -0.00342202 0.0657981 0.00474267 0.000650112 0.0999979 7.78756e-05
0.0179327 1.54683 0.230762 0.0168835 1.54519 0.22 0 0 0 0.00058047 0.0999983 8.73338e-05
0.0179327 1.54683 0.17046 0.0168888 1.54619 0.22 0 0 0 0.000513218 0.0999987 5.79532e-05
0.0179327 1.54683 0.179827 0.0168935 1.54719 0.22 0 0 0 0.000462588 0.0999989 6.27513e-05
0.0179679 1.54737 0.191286 0.016898 1.54819 0.22 -0.00442168 0.108464 0.853386 0.000453606 0.0999989 0.0001037
0.017981 1.54866 0.202338 0.0169025 1.54919 0.22 0.0138758 0.126158 0.773003 0.000452033 0.0999989 7.75585e-05
0.0181018 1.54956 0.211899 0.016907 1.55019 0.22 -0.00450164 -0.13614 0.510028 0.000449223 0.099999 8.51667e-05
0.0178644 1.54849 0.217768 0.0169113 1.55119 0.22 -0.0303249 0.303851 0.254026 0.000413081 0.0999991 0.000137616
0.0177557 1.55209 0.220343 0.0169154 1.55219 0.22 0.0122012 0.268516 0.0838202 0.000411737 0.0999975 0.000581692
0.01759 1.55325 0.221079 0.0169193 1.55319 0.22 -0.0145378 -0.0906907 0.115702 0.000382076 0.0999969 0.000684257
0.0175567 1.55277 0.222923 0.0169228 1.55419 0.22 0.00780531 0.0400159 0.151755 0.00034705 0.0999978 0.000557028
0.0620411 1.57328 0.224585 0.0169244 1.55519 0.22 -0.0269952 0.0811659 0.0642388 0.000124174 0.0999998 -0.000175981
0.0615876 1.57174 0.223244 0.0169244 1.55619 0.22 -0.0723064 -0.160992 -0.0891258 -5.75088e-05 0.0999978 -0.00065704
0.0604967 1.57186 0.22199 0.0169226 1.55719 0.22 -0.157543 0.23136 -0.0380031 -0.000197085 0.0999969 -0.000757563
0.0589652 1.57403 0.221295 0.0169185 1.55819 0.22 -0.130883 0.123638 -0.0202211 -0.000448285 0.099999 -7.93975e-05
0.0580686 1.57503 0.221399 0.0169128 1.55919 0.22 -0.0643537 0.120134 0.0190967 -0.000586447 0.0999941 0.000919313
0.0576825 1.57662 0.221503 0.0169067 1.56019 0.22 -0.00816388 0.167967 -0.0102253 -0.000614599 0.0999785 0.00198086
0.0576986 1.57822 0.221469 0.0169015 1.56119 0.22 0.00923422 0.0926437 -0.0219675 -0.000456891 0.0999606 0.00277099
0.057622 1.57895 0.221382 0.0168986 1.56219 0.22 -0.0231048 0.0581278 0.0112684 -0.000177557 0.0999523 0.00308471
0.057347 1.57935 0.22158 0.0168985 1.56319 0.22 -0.0341354 0.0280324 0.0333737 5.08428e-05 0.0999524 0.00308406
0.0568936 1.57956 0.222144 0.0169015 1.56419 0.22 -0.0604751 0.0321481 0.0563233 0.000316417 0.0999605 0.00279109
0.0562822 1.5799 0.222922 0.0169067 1.56519 0.22 -0.0690494 0.0293708 0.072384 0.000571952 0.099971 0.00233738
0.0555574 1.58031 0.224009 0.0169134 1.56619 0.22 -0.0751359 0.0339509 0.108582 0.000715379 0.0999744 0.00214719
0.0546629 1.58077 0.225277 0.0169214 1.56719 0.22 -0.0889189 0.0454013 0.0999644 0.000813084 0.0999729 0.00217935
0.0536909 1.58109 0.226601 0.0169305 1.56819 0.22 -0.0937023 0.00549988 0.101382 0.000913312 0.099968 0.00235922
0.0527312 1.58128 0.227857 0.0169396 1.56918 0.22 -0.0985516 0.00823057 0.0977516 0.000899711 0.0999498 0.00303891
0.0518111 1.58141 0.228862 0.016948 1.57018 0.22 -0.0951612 0.00802407 0.0752904 0.000812329 0.0999542 0.00291474
0.0509923 1.5815 0.229784 0.0169554 1.57118 0.22 -0.0738433 0.00630059 0.0680424 0.00072853 0.0999601 0.00272818
0.0502977 1.58157 0.2305 0.0169618 1.57218 0.22 -0.051876 0.0161341 0.0595763 0.000642086 0.0999706 0.00233954
0.0496962 1.5817 0.231178 0.0169686 1.57318 0.22 -0.0673473 0.0218072 0.0557111 0.000696731 0.0999754 0.00210654
0.048992 1.58218 0.23181 0.0169766 1.57418 0.22 -0.0723934 0.0804208 0.0679444 0.000827845 0.0999782 0.00191433
0.0482857 1.58262 0.232549 0.0169858 1.57518 0.22 -0.0689825 0.0187304 0.0494849 0.000939164 0.0999792 0.00180946
0.0476788 1.5831 0.233015 0.0169952 1.57618 0.22 -0.0474587 0.0993389 0.033726 0.000925203 0.099981 0.00171841
0.0471209 1.58393 0.233334 0.017004 1.57718 0.22 -0.069866 0.0582963 0.0258599 0.000859966 0.0999817 0.0017078
0.0464146 1.5844 0.233534 0.0170116 1.57818 0.22 -0.0742443 0.0576067 0.0292888 0.000740691 0.0999821 0.0017428
0.0456654 1.58517 0.233669 0.0170184 1.57918 0.22 -0.0829371 0.0587398 0.0102056 0.00067805 0.0999838 0.0016681
0.0449084 1.58576 0.233763 0.0170253 1.58018 0.22 -0.0663479 0.0328571 0.0120411 0.000697087 0.0999843 0.00162634
0.0442948 1.58627 0.233792 0.0170329 1.58118 0.22 -0.0480262 0.0729662 -0.0115627 0.000760595 0.0999851 0.0015515
0.0442948 1.58627 0.233641 0.0170415 1.58218 0.22 0 0 0 0.000883547 0.0999854 0.00146177
0.0442948 1.58627 0.16893 0.0170508 1.58318 0.22 0 0 0 0.000963071 0.0999862 0.00135522
0.0441956 1.58675 0.179129 0.0170607 1.58418 0.22 -0.0484405 0.283202 0.883043 0.00100373 0.0999869 0.0012698
0.0437925 1.58925 0.191014 0.0170714 1.58518 0.22 -0.0702957 0.17355 0.82984 0.00107075 0.0999872 0.00118542
0.0428393 1.5906 0.201395 0.017083 1.58618 0.22 -0.107411 0.0393974 0.664994 0.00117202 0.0999837 0.00137435
0.0415804 1.58963 0.207657 0.0170952 1.58718 0.22 -0.146555 -0.0570167 0.394191 0.00123395 0.0999809 0.00151423
0.0405452 1.5904 0.212074 0.0171079 1.58818 0.22 -0.0778904 0.25885 0.358017 0.00128384 0.0999763 0.00175843
0.0397521 1.5928 0.216272 0.0171217 1.58918 0.22 -0.0705239 0.117486 0.265862 0.0013895 0.0999493 0.00286547
0.0393816 1.59283 0.218895 0.0171359 1.59018 0.22 -0.0194512 -0.0118008 0.187896 0.00143756 0.0999239 0.00362733
0.0393934 1.5933 0.220677 0.0171506 1.59118 0.22 0.0181731 0.285676 -0.00924857 0.0014735 0.099912 0.00392664
0.0392471 1.59558 0.219798 0.017166 1.59218 0.22 -0.0109216 -0.0722188 -0.0874873 0.00155225 0.0999262 0.00351463
0.0391207 1.59405 0.218766 0.0171812 1.59318 0.22 -0.0194423 -0.0961292 -0.0744341 0.00149159 0.0999445 0.00297862
0.0388521 1.5944 0.218023 0.0171941 1.59418 0.22 -0.0375993 0.0580144 -0.0310334 0.00125327 0.0999749 0.00185908
0.0382988 1.59395 0.21749 0.0172039 1.59518 0.22 -0.0626522 -0.122502 -0.0671418 0.000889618 0.0999939 0.000651816
0.0376102 1.59391 0.216813 0.0172113 1.59618 0.22 -0.0736881 0.101103 -0.0283257 0.000692796 0.0999974 0.000200575
0.0370039 1.59475 0.216557 0.0172161 1.59718 0.22 -0.0495122 0.0325644 0.00153263 0.000477255 0.0999987 -0.000173595
0.036688 1.59542 0.216523 0.0172196 1.59818 0.22 -0.0102315 0.143671 0.0123675 0.000322731 0.0999991 -0.0002756
0.0366371 1.59696 0.216839 0.0172221 1.59918 0.22 -0.00822375 0.0913748 0.0620868 0.000230963 0.0999997 -8.47103e-05
0.0364303 1.59779 0.217528 0.0172239 1.60018 0.22 -0.0415948 0.115947 0.0720982 0.000163971 0.0999997 0.000172525
0.0360514 1.59904 0.21857 0.017225 1.60118 0.22 -0.0312206 0.116081 0.125648 0.000106621 0.0999988 0.00048147
0.0359171 1.6001 0.220176 0.0172258 1.60218 0.22 0.00908076 0.111288 0.124136 8.76085e-05 0.0999989 0.000467484
0.0359724 1.60141 0.221781 0.0172269 1.60318 0.22 -0.00366381 0.153952 0.134799 0.000111744 0.0999992 0.000385001
0.0359204 1.60267 0.223488 0.0172284 1.60418 0.22 0.0061931 0.119234 0.133545 0.000165316 0.0999992 0.000375696
0.0359111 1.60399 0.225015 0.0172303 1.60518 0.22 -0.00846289 0.137567 0.117728 0.000198439 0.0999986 0.000482501
0.0358633 1.60564 0.226466 0.0172321 1.60618 0.22 -0.0176079 0.169063 0.131301 0.000174696 0.0999981 0.000584425
0.035747 1.60738 0.228032 0.017233 1.60718 0.22 -0.0178343 0.146832 0.112336 7.13933e-05 0.0999995 0.00031834
0.0355572 1.60895 0.22942 0.0172333 1.60818 0.22 -0.0129754 0.146387 0.111988 2.25129e-05 0.0999987 -0.000516172
0.03532 1.6105 0.230666 0.017234 1.60918 0.22 -0.0283354 0.144111 0.0968766 9.14219e-05 0.0999991 -0.000421935
0.0350777 1.61196 0.231795 0.0172363 1.61018 0.22 -0.0299146 0.11343 0.100466 0.000299385 0.0999989 -0.000347186
0.0349215 1.61342 0.232932 0.0172402 1.61118 0.22 -0.0168114 0.157408 0.0885596 0.000418609 0.099999 0.0001566
0.034777 1.61497 0.233985 0.0172451 1.61218 0.22 -0.0091745 0.138819 0.0734269 0.000499515 0.0999982 0.00033474
0.0346797 1.61636 0.234782 0.0172802 1.61318 0.22 -0.00559577 0.136599 0.0650182 0.00425343 0.0999784 0.000542792
0.0346226 1.61778 0.235392 0.0173225 1.61418 0.22 0.00364995 0.14656 0.0566245 0.004208 0.0999791 0.000726229
0.0346165 1.61927 0.235999 0.0173642 1.61518 0.22 -0.00700341 0.164177 0.035485 0.00417498 0.0999794 0.000869703
0.0345334 1.6206 0.236363 0.0174063 1.61618 0.22 -0.0052806 0.0933107 0.0429372 0.00421998 0.0999753 0.001094
0.0344725 1.62173 0.236662 0.0174493 1.61718 0.22 -0.000143048 0.135837 0.0212918 0.00433198 0.0999689 0.00123266
0.0344097 1.6229 0.236765 0.0174938 1.61818 0.22 -0.0128568 0.105223 0.0129634 0.00448073 0.0999608 0.00134761
0.0344097 1.6229 0.236825 0.0175397 1.61917 0.22 0 0 0 0.00462168 0.0999477 0.00177887
0.0344097 1.6229 0.171691 0.0175867 1.62017 0.22 0 0 0 0.00471342 0.0999446 0.00170964
0.0343653 1.62298 0.18142 0.0176343 1.62117 0.22 -0.0363647 0.0479645 0.796046 0.00476968 0.0999423 0.0016857
0.0338233 1.62362 0.192669 0.0176823 1.62217 0.22 -0.0761691 0.098956 0.811892 0.00480927 0.0999399 0.00171916
0.0330038 1.62467 0.203229 0.0177305 1.62317 0.22 -0.0721993 0.095385 0.74949 0.00482178 0.0999407 0.00163181
0.0322911 1.62585 0.211966 0.0177788 1.62417 0.22 -0.108328 0.213407 0.456716 0.00483096 0.099942 0.00152455
0.031423 1.62741 0.217577 0.0178276 1.62517 0.22 -0.0592637 0.031742 0.33814 0.00489039 0.0999419 0.0013291
0.0307499 1.6277 0.221331 0.0178769 1.62617 0.22 -0.0385887 0.0429693 0.332771 0.00494571 0.0999478 0.000191641
0.030567 1.62819 0.225944 0.0179269 1.62717 0.22 -0.0139847 0.100758 0.381571 0.00503036 0.0999395 -0.00092407
0.0302823 1.62857 0.229484 0.0179775 1.62817 0.22 -0.0684567 -0.172373 0.0753384 0.00506176 0.0999277 -0.00170401
0.0296128 1.62896 0.229918 0.018028 1.62917 0.22 -0.0487965 0.259233 0.0236017 0.00504101 0.0999101 -0.00257382
0.0292685 1.63036 0.229036 0.0180781 1.63017 0.22 -0.0307201 0.00911083 -0.142572 0.00502114 0.0998742 -0.00374025
0.0290702 1.63133 0.227425 0.0181286 1.63117 0.22 -0.0246637 0.303379 -0.107361 0.00507016 0.0999011 -0.00284907
0.0287415 1.63436 0.226219 0.0181794 1.63217 0.22 -0.0662355 0.180125 -0.124535 0.0050765 0.0999219 -0.00197421
0.0281254 1.63578 0.224928 0.0182301 1.63317 0.22 -0.039568 0.214054 -0.0898936 0.00506403 0.0999376 -0.000948284
0.0278342 1.63803 0.223747 0.0182805 1.63416 0.22 -0.00900215 0.193295 -0.117681 0.00504554 0.099943 -8.45992e-05
0.0277898 1.63911 0.222706 0.0183311 1.63516 0.22 -0.000431457 0.0502821 -0.0352607 0.0050665 0.0999417 0.00021375
0.0279269 1.63972 0.222383 0.0183821 1.63616 0.22 0.016884 0.0888044 -0.00975259 0.00510836 0.0999394 0.000286323
0.0281401 1.64068 0.222461 0.0184335 1.63716 0.22 0.0268162 0.0654355 0.0187626 0.0051524 0.0999375 0.00012916
0.0283886 1.64128 0.222904 0.0184852 1.63816 0.22 0.0294687 0.0769547 0.0450287 0.00516417 0.0999369 8.74326e-05
0.0286815 1.64237 0.223689 0.0185368 1.63916 0.22 0.0305062 0.130517 0.0684769 0.00515693 0.0999372 0.000144601
0.0289385 1.64334 0.224698 0.018588 1.64016 0.22 0.0276452 0.0497312 0.0752755 0.00512226 0.0999386 0.000321507
0.0291519 1.64396 0.225823 0.0186389 1.64116 0.22 0.0176131 0.0974315 0.0952267 0.00508188 0.0999395 0.00057197
0.0292797 1.64476 0.226972 0.0186896 1.64216 0.22 0.00798703 0.0557591 0.078206 0.00506201 0.0999398 0.000689769
0.0293402 1.64515 0.227942 0.0187403 1.64316 0.22 0.0110069 0.0224196 0.0747736 0.00507402 0.0999396 0.000633583
0.0294239 1.64551 0.228954 0.0187914 1.64416 0.22 0.0184651 0.0386958 0.0809246 0.00511958 0.0999354 0.000881702
0.0295649 1.64592 0.229879 0.0188426 1.64516 0.22 0.0172662 0.0446092 0.0700687 0.00511231 0.0999378 0.000598131
0.0297701 1.64623 0.230919 0.0188933 1.64616 0.22 0.0235794 0.018012 0.0710189 0.0050658 0.0999413 0.000371888
0.0300178 1.64671 0.231825 0.0189532 1.64736 0.22 0.0187509 0.0514558 0.0673655 0.0049613 0.0999472 3.56982e-05
0.0303031 1.64731 0.232706 0.019002 1.64836 0.22 0.0274005 0.0497153 0.0743207 0.00487606 0.0999513 -0.000167621
0.0306288 1.64815 0.233486 0.0190502 1.64936 0.22 0.0391307 0.104377 0.0574219 0.00480873 0.0999544 -0.000224917
0.0309002 1.64896 0.23418 0.0190982 1.65036 0.22 0.030481 0.0797246 0.0563065 0.00478727 0.0999555 -0.000200498
0.0311465 1.64997 0.234725 0.019146 1.65135 0.22 0.0267828 0.104484 0.0349164 0.00478304 0.0999557 -0.00020127
0.0314046 1.65078 0.235103 0.0191937 1.65235 0.22 0.022395 0.0702419 0.0261635 0.00476918 0.0999563 -0.00022134
0.0317121 1.65179 0.235314 0.019241 1.65335 0.22 0.0318147 0.100678 0.00602927 0.00470552 0.0999591 -0.000320629
0.0319989 1.6527 0.235499 0.0192876 1.65435 0.22 0.0275062 0.0825879 0.0148763 0.0046429 0.0999617 -0.000401969
0.0321862 1.6534 0.235605 0.0193336 1.65535 0.22 0 0 0 0.00459403 0.0999636 -0.000487148
0.0321862 1.6534 0.169435 0.019379 1.65635 0.22 0 0 0 0.0045407 0.0999627 -0.000945386
0.0321862 1.6534 0.177975 0.0194244 1.65735 0.22 0 0 0 0.00453924 0.0999612 -0.00110134
0.0321167 1.65473 0.189096 0.0194701 1.65835 0.22 -0.0191475 0.315374 0.871679 0.00457749 0.0999173 -0.00310524
0.031711 1.65753 0.200242 0.0195161 1.65935 0.22 -0.042834 0.24304 0.747425 0.00461024 0.0999156 -0.00311061
0.0311312 1.65636 0.205236 0.0195633 1.66035 0.22 -0.0542277 -0.13833 0.36789 0.00473848 0.0999322 -0.00227234
0.0305932 1.65666 0.208911 0.0196116 1.66135 0.22 -0.0717158 0.13451 0.339029 0.0048499 0.099943 -0.00138951
0.0302515 1.65853 0.211741 0.0196613 1.66235 0.22 0.00371067 0.301551 0.0190622 0.00499653 0.0999454 -0.000153882
0.0303893 1.6594 0.210884 0.0197124 1.66335 0.22 0.0196033 -0.0489425 -0.0538881 0.00517231 0.0999321 0.000936197
0.0304861 1.65953 0.210514 0.0197648 1.66435 0.22 0.00988073 0.105538 -0.0343389 0.00526434 0.0999294 0.000675728
0.0305681 1.66016 0.210444 0.0198074 1.66515 0.22 -0.0077489 0.00784206 -0.00217798 0.00533436 0.0999271 -0.000428341
0.0304569 1.65997 0.21032 0.0198603 1.66615 0.22 -0.000254016 0.00266921 -0.0444667 0.00524614 0.0999222 -0.0014458
0.0304812 1.66073 0.209747 0.0199119 1.66715 0.22 -0.00776093 0.110996 -0.00226428 0.00513849 0.0999192 -0.0019546
0.0304405 1.66176 0.209668 0.0199707 1.66834 0.22 -0.0163502 0.0919411 0.00381562 0.00485743 0.0998865 -0.00362657
0.0303916 1.66294 0.209959 0.0200172 1.66934 0.22 -0.00102456 0.139862 0.0161138 0.00462305 0.099898 -0.0036172
0.0302899 1.66427 0.210336 0.0200625 1.67034 0.22 -0.0123879 0.112951 0.0432459 0.00449942 0.0999095 -0.00345007
0.0301619 1.66552 0.211022 0.0201068 1.67134 0.22 -0.0166747 0.132884 0.0456598 0.00442484 0.0999195 -0.00325357
0.030028 1.66686 0.211842 0.0201419 1.67214 0.22 -0.0184417 0.143372 0.0833988 0.00437394 0.099923 -0.00321241
0.0298747 1.6678 0.212927 0.0201853 1.67314 0.22 -0.0161221 0.122093 0.103046 0.00433041 0.099922 -0.0033014
0.0297227 1.66926 0.214413 0.0202287 1.67414 0.22 -0.00893861 0.146412 0.120436 0.00435097 0.0999171 -0.00342033
0.0296319 1.67055 0.215911 0.0202728 1.67514 0.22 -0.00974861 0.100542 0.120502 0.00443273 0.099911 -0.00349415
0.029498 1.67192 0.217478 0.0203175 1.67614 0.22 -0.0181234 0.175164 0.136828 0.00448414 0.0999102 -0.0034518
0.0293773 1.6737 0.219239 0.0203627 1.67714 0.22 -0.004138 0.172421 0.124989 0.00452404 0.0999055 -0.00353415
0.0293171 1.67509 0.220877 0.0204078 1.67814 0.22 -0.00928276 0.120471 0.126553 0.00450382 0.0999105 -0.00341741
0.0291892 1.67665 0.222478 0.0204526 1.67913 0.22 -0.0105145 0.176894 0.141917 0.00446866 0.0999136 -0.00337037
0.0290262 1.67809 0.224152 0.0204971 1.68013 0.22 -0.0205349 0.112938 0.109273 0.00444465 0.0999159 -0.00333389
0.0288454 1.67927 0.22561 0.0205416 1.68113 0.22 -0.0111458 0.140301 0.127323 0.00446335 0.0999161 -0.00330277
0.02874 1.68075 0.227095 0.0205868 1.68213 0.22 -0.0146869 0.137151 0.111529 0.00452877 0.0999133 -0.00329789
0.0286708 1.68187 0.228352 0.0206324 1.68313 0.22 -0.00610607 0.107751 0.102219 0.00457067 0.0999124 -0.0032683
0.0286426 1.68307 0.229511 0.020678 1.68413 0.22 -0.00513283 0.128188 0.094507 0.00453796 0.099929 -0.00276739
0.0285821 1.68419 0.230576 0.0207224 1.68513 0.22 -0.00670187 0.103233 0.0750478 0.00440995 0.0999333 -0.00281874
0.0284929 1.68547 0.231577 0.0207738 1.68633 0.22 -0.00231024 0.10749 0.0566633 0.00425544 0.0999352 -0.00298521
0.0284281 1.68639 0.232215 0.0208163 1.68733 0.22 -0.0059576 0.070386 0.0423675 0.00426655 0.0999332 -0.0030367
0.0284035 1.68731 0.232711 0.0208594 1.68833 0.22 -0.00439582 0.094922 0.0378355 0.00431668 0.0999315 -0.0030203
0.0283827 1.68831 0.233135 0.0209035 1.68933 0.22 -0.00422098 0.0853291 0.0348957 0.00442582 0.0999281 -0.00297408
0.0283403 1.689 0.233372 0.0209482 1.69033 0.22 -0.00745432 0.0556549 0.0295068 0.00447477 0.0999262 -0.00296648
0.0283098 1.68987 0.233552 0.020993 1.69133 0.22 -0.0037765 0.0870103 0.0199686 0.00447645 0.0999233 -0.00305876
0.0282907 1.69037 0.233609 0.0210376 1.69232 0.22 0 0 0 0.00445802 0.0999201 -0.00318758
0.0282907 1.69037 0.170196 0.0210821 1.69332 0.22 0 0 0 0.00442991 0.0999167 -0.00333097
0.0282907 1.69037 0.178604 0.0211262 1.69432 0.22 0 0 0 0.00440933 0.0999165 -0.00336476
0.0279936 1.69098 0.189206 0.0211701 1.69532 0.22 -0.0520706 0.106398 0.83397 0.00438667 0.0999172 -0.00337132
0.0273923 1.69257 0.20034 0.0212139 1.69632 0.22 -0.0605728 0.172608 0.784393 0.00438499 0.0999092 -0.00360404
0.0270218 1.69395 0.21049 0.021258 1.69732 0.22 -0.0302907 0.094202 0.706364 0.00443976 0.0999003 -0.00378016
0.0266653 1.69421 0.219851 0.021303 1.69832 0.22 -0.0361875 0.038167 0.652512 0.00450841 0.0998924 -0.00390344
0.0262425 1.69484 0.22785 0.021349 1.69932 0.22 -0.0300594 0.092207 0.538891 0.00460473 0.099884 -0.0040047
0.0259996 1.69508 0.232536 0.0213958 1.70032 0.22 -0.0207491 -0.0264403 0.261494 0.00467846 0.099878 -0.00406821
0.0255747 1.6961 0.236148 0.0214425 1.70132 0.22 -0.0212958 0.18072 0.290576 0.00467221 0.0998857 -0.00388254
0.0254134 1.69889 0.238504 0.0214892 1.70231 0.22 -0.0237444 0.309372 0.113071 0.00466251 0.0999047 -0.00337207
0.0251634 1.698 0.239433 0.0215358 1.70331 0.22 -0.00209631 -0.262405 0.00117269 0.00467816 0.0999303 -0.00247182
0.0252456 1.69756 0.238108 0.0215831 1.70431 0.22 0.0152788 0.043596 -0.100137 0.00474943 0.0999181 -0.0028058
0.025549 1.69864 0.236914 0.021631 1.70531 0.22 0.0374894 0.0565693 -0.0983548 0.00478994 0.0998872 -0.00369807
0.0256997 1.69737 0.234663 0.0216783 1.70631 0.22 0.00573283 -0.172223 -0.223449 0.00471324 0.0998586 -0.00448449
0.0256341 1.69792 0.232855 0.0217238 1.70731 0.22 -0.0174946 0.150621 -0.0631656 0.00446017 0.0998499 -0.00491545
0.0252657 1.69827 0.232924 0.0217668 1.70831 0.22 -0.0309077 -0.00542084 0.00710876 0.00423978 0.0998705 -0.00468804
0.0251682 1.69928 0.233753 0.0218067 1.70931 0.22 0.006003 0.201481 0.053144 0.00393657 0.099897 -0.00437692
0.0253593 1.70134 0.233912 0.0218438 1.71031 0.22 0.031445 0.0852137 -0.0914524 0.00365891 0.0999116 -0.00428446
0.0256638 1.70089 0.231976 0.0218795 1.71131 0.22 0.0183213 0.0342047 -0.140854 0.00353399 0.0999191 -0.00421206
0.0257662 1.70324 0.230352 0.0219136 1.7123 0.22 0.00188458 0.290337 -0.130306 0.0033663 0.0999378 -0.00389513
0.0258647 1.70471 0.229295 0.0219453 1.7133 0.22 0.0316129 0.0727794 -0.0600826 0.00313836 0.0999557 -0.00361561
0.0261894 1.70622 0.22915 0.0219755 1.7143 0.22 0.0308367 0.2334 -0.0462916 0.0030028 0.0999679 -0.0033852
0.0267615 1.70826 0.228746 0.0220053 1.7153 0.22 0.0680232 0.173806 -0.0623674 0.00296576 0.0999686 -0.00339863
0.0274353 1.70975 0.228429 0.0220346 1.7163 0.22 0.0692907 0.167904 -0.0233644 0.00294586 0.099953 -0.00384383
0.0279535 1.71152 0.228564 0.0220656 1.7173 0.22 0.0445968 0.176633 0.0180732 0.00314164 0.0999477 -0.00382656
0.0281582 1.7129 0.229136 0.0220985 1.7183 0.22 0.0209363 0.121376 0.0416216 0.00338022 0.0999352 -0.00394848
0.028223 1.71446 0.229804 0.0221336 1.7193 0.22 0.00734869 0.159117 0.0476938 0.00352381 0.0999246 -0.00408908
0.028314 1.71613 0.230706 0.0221704 1.7203 0.22 0.00996836 0.167411 0.0706581 0.00370033 0.099912 -0.00423887
0.0282634 1.71787 0.231741 0.0222083 1.7213 0.22 -0.0119264 0.171965 0.0687355 0.00380398 0.0999102 -0.00418926
0.0281158 1.71942 0.232744 0.0222465 1.7223 0.22 -0.0201256 0.161683 0.0663724 0.00383186 0.0999135 -0.00408258
0.027939 1.72102 0.23379 0.0222845 1.7233 0.22 -0.0178267 0.150476 0.082696 0.00377936 0.0999191 -0.00399347
0.027877 1.72269 0.234819 0.0223213 1.7243 0.22 -0.000706587 0.160261 0.0712494 0.00363577 0.0999269 -0.00393223
0.0278457 1.72427 0.235642 0.022357 1.7253 0.22 -0.000387078 0.144522 0.0522493 0.00355261 0.0999282 -0.00397328
0.0278869 1.72554 0.236404 0.0223921 1.7263 0.22 0.00437077 0.138573 0.0528897 0.00350793 0.0999262 -0.00406335
0.0278702 1.7269 0.237046 0.0224275 1.72729 0.22 0.000433796 0.116845 0.041006 0.0035523 0.0999198 -0.00418037
0.0278269 1.72808 0.237638 0.0224633 1.72829 0.22 -0.00880073 0.131168 0.0391978 0.00359549 0.0999158 -0.00423843
0.0277654 1.72888 0.238038 0.0224993 1.72929 0.22 0 0 0 0.00360152 0.0999145 -0.00426475
0.0277654 1.72888 0.169524 0.0225351 1.73029 0.22 0 0 0 0.00358079 0.0999143 -0.0042875
0.0277654 1.72888 0.178344 0.0225706 1.73129 0.22 0 0 0 0.00354517 0.099915 -0.00429985
0.0276779 1.73165 0.189099 0.0226059 1.73229 0.22 -0.0175247 0.37418 0.723862 0.00351308 0.0999138 -0.00435407
0.0277092 1.73355 0.196825 0.0226408 1.73329 0.22 -0.000425908 0.134168 0.443333 0.00349764 0.0999116 -0.00441675
0.0274496 1.73461 0.201748 0.0226769 1.73429 0.22 -0.0237006 0.0510847 0.295475 0.00364695 0.0998891 -0.00478759
0.0275297 1.73352 0.202829 0.022715 1.73529 0.22 0.0235755 -0.000276199 0.0601917 0.0038473 0.0998381 -0.00562183
0.0275607 1.73534 0.202964 0.0227543 1.73629 0.22 -0.0127915 0.198413 0.049606 0.00394077 0.0998131 -0.00598942
0.0276172 1.73587 0.203296 0.022794 1.73728 0.22 0.00858792 -0.0156128 0.014034 0.00398515 0.0998146 -0.00593476
0.0274637 1.73714 0.203328 0.0228344 1.73828 0.22 -0.031155 0.215333 0.0292807 0.00403816 0.0998294 -0.00564316
0.0270869 1.73858 0.204021 0.0228751 1.73928 0.22 -0.0397265 0.0731234 0.103972 0.00407623 0.0998421 -0.00538516
0.0266962 1.73854 0.205545 0.0229164 1.74028 0.22 -0.0308291 -0.0238691 0.152286 0.00414429 0.0998492 -0.00519898
0.026474 1.73955 0.207364 0.0229584 1.74128 0.22 -0.0203443 0.141255 0.146556 0.00420663 0.0998672 -0.0047873
0.0263261 1.73984 0.209401 0.0230005 1.74228 0.22 -0.0269915 -0.0472611 0.215015 0.00422295 0.0999074 -0.00383807
0.0259633 1.74005 0.211126 0.0230431 1.74328 0.22 -0.0420467 0.0708555 0.051955 0.00426542 0.0999095 -0.00373746
0.0255753 1.73896 0.211515 0.0230867 1.74427 0.22 -0.0418353 -0.162506 0.0637827 0.00439229 0.0998915 -0.0040558
0.0252973 1.73783 0.212282 0.0231317 1.74527 0.22 -0.0159975 -0.0533029 0.060325 0.00452112 0.0998432 -0.00499513
0.0251343 1.73691 0.213044 0.0231772 1.74627 0.22 -0.00753015 -0.0920148 0.0703536 0.00455125 0.099804 -0.00570195
0.0252235 1.73703 0.214751 0.0232221 1.74727 0.22 0.0346387 0.104995 0.186812 0.0044742 0.0997492 -0.00664393
0.0252755 1.73795 0.21787 0.0232651 1.74827 0.22 -0.0183443 0.0176698 0.206006 0.00426206 0.0996671 -0.00789731
0.0252126 1.73873 0.220652 0.0233065 1.74926 0.22 0.00222724 0.22401 0.202059 0.00407865 0.0995763 -0.00905421
0.025195 1.73963 0.221322 0.0233465 1.75026 0.22 0.00222334 -0.0597496 -0.0377405 0.00395873 0.0994795 -0.01011
0.0253408 1.74041 0.219647 0.0233855 1.75125 0.22 -4.76497e-05 0.185531 -0.122191 0.00389272 0.0994113 -0.0107847
0.0250361 1.74243 0.219205 0.023424 1.75224 0.22 -0.0417041 0.135825 -0.0220662 0.00386543 0.0993725 -0.0111461
0.0247402 1.74398 0.218581 0.0234634 1.75324 0.22 -0.0220123 0.211875 -0.084171 0.00397003 0.0993456 -0.0113465
0.0245341 1.74642 0.217992 0.0235046 1.75423 0.22 -0.0115209 0.242338 -0.0561701 0.00415675 0.0993218 -0.0114872
0.0243787 1.74842 0.217698 0.0235477 1.75522 0.22 -0.0195671 0.157872 -0.0418812 0.00431591 0.0992983 -0.0116307
0.0242168 1.75037 0.217524 0.0235925 1.75622 0.22 -0.00418392 0.203611 -0.0141617 0.00449481 0.0992757 -0.0117554
0.0243015 1.75243 0.217621 0.0236385 1.75721 0.22 0.0148343 0.179129 -0.00714303 0.00463374 0.0992486 -0.0119292
0.0246072 1.75399 0.217746 0.0236861 1.7582 0.22 0.0425082 0.180333 -0.0135561 0.00477402 0.0992265 -0.0120574
0.0248229 1.75625 0.218129 0.0237343 1.75919 0.22 0.0222182 0.252323 0.00948428 0.00482821 0.0991989 -0.0122609
0.0249422 1.75834 0.218789 0.0237823 1.76019 0.22 0.0170187 0.156306 0.0307314 0.00479129 0.0991927 -0.0123255
0.0251178 1.76026 0.219245 0.0238295 1.76118 0.22 0.0229679 0.240937 0.00162869 0.00471112 0.0991768 -0.0124828
0.0251725 1.76255 0.219784 0.0238758 1.76217 0.22 -0.0024401 0.176317 0.0170713 0.00461926 0.0991681 -0.0125864
0.0251681 1.76439 0.220251 0.0239221 1.76316 0.22 -0.00171004 0.218496 -0.0160371 0.00463712 0.0989831 -0.0139608
0.0252502 1.76635 0.220487 0.0239688 1.76415 0.22 0.0102801 0.201798 -0.00285543 0.00468811 0.0989874 -0.0139135
0.0253211 1.76816 0.220855 0.0240163 1.76514 0.22 0.0220462 0.175897 0.0148968 0.00475599 0.0990027 -0.0137806
0.0253509 1.76904 0.220944 0.0240645 1.76613 0.22 0 0 0 0.00482884 0.0990583 -0.013349
0.0253509 1.76904 0.171596 0.0241133 1.76712 0.22 0 0 0 0.00490682 0.0991369 -0.0127224
0.0253509 1.76904 0.177582 0.0241632 1.76811 0.22 0 0 0 0.00500979 0.0991863 -0.0122897
0.0254857 1.76953 0.183851 0.0242159 1.7691 0.22 0.024132 0.036645 0.408116 0.00531832 0.0992381 -0.0117297
0.0255516 1.76876 0.187598 0.0242713 1.7701 0.22 0.00824536 -0.132972 0.293884 0.00560487 0.0991866 -0.0120281
0.0256265 1.76833 0.192446 0.0243301 1.77109 0.22 0.00172398 -0.0207534 0.391787 0.00591967 0.0990413 -0.013032
0.0255326 1.7679 0.197263 0.0243914 1.77208 0.22 -0.0188887 -0.0320763 0.341883 0.00617771 0.0988729 -0.0141439
0.0252747 1.76686 0.199869 0.0244545 1.77306 0.22 -0.0296419 -0.197718 0.0871813 0.00633331 0.098694 -0.0152789
0.0248722 1.76657 0.201171 0.0245175 1.77405 0.22 -0.0259098 0.0821176 0.116519 0.00627394 0.098609 -0.0158421
0.0249656 1.76807 0.202887 0.0245791 1.77504 0.22 0.0095793 0.123577 0.108836 0.00614026 0.0986253 -0.0157925
0.0248702 1.76849 0.204443 0.0246392 1.77602 0.22 -0.038018 0.0410669 0.124746 0.00596941 0.098755 -0.015029
0.0245607 1.76996 0.206239 0.0246972 1.77701 0.22 -0.0297244 0.179823 0.0894032 0.0056955 0.0988484 -0.0145124
0.024112 1.77085 0.207279 0.0247521 1.778 0.22 -0.0352134 0.0262748 0.0682353 0.00545702 0.0989146 -0.014149
0.0237233 1.77109 0.208525 0.0248038 1.77899 0.22 -0.0348472 0.0305324 0.106729 0.00515361 0.0989546 -0.0139817
0.0235794 1.77154 0.209826 0.0248526 1.77998 0.22 -3.20355e-06 0.0584595 0.0757777 0.00483704 0.0989542 -0.0140974
0.0235466 1.77169 0.210793 0.0248997 1.78097 0.22 -0.00825239 0.00910336 0.0722201 0.00467572 0.0989282 -0.0143321
0.0235951 1.77199 0.212252 0.0249458 1.78196 0.22 0.0102237 0.0645776 0.114844 0.00460376 0.0988974 -0.0145664
0.023834 1.7724 0.213834 0.0249915 1.78295 0.22 0.033495 0.0484385 0.115946 0.00456222 0.0987819 -0.0153423
0.0241611 1.77306 0.215459 0.0250376 1.78393 0.22 0.0369557 0.0535137 0.117518 0.00462357 0.0987642 -0.0154378
0.0245209 1.77395 0.217148 0.0250849 1.78492 0.22 0.0351417 0.0877894 0.115778 0.00474876 0.0987696 -0.0153647
0.0246964 1.77491 0.218911 0.0251333 1.78591 0.22 0.00764369 0.115315 0.11533 0.00486337 0.0987811 -0.0152548
0.0246512 1.7758 0.220535 0.0251834 1.7869 0.22 -0.00258952 0.0990822 0.106805 0.00501536 0.0988078 -0.0150311
0.0246611 1.77676 0.222049 0.0252339 1.78789 0.22 0.000392767 0.0654424 0.0995555 0.0050567 0.0988227 -0.0149187
0.0247327 1.77736 0.223363 0.0252843 1.78887 0.22 0.00916755 0.061063 0.0936179 0.0050232 0.0989235 -0.0142471
0.0248145 1.77818 0.224603 0.0253341 1.78986 0.22 0.010006 0.0971671 0.0781902 0.00495479 0.0989026 -0.014415
0.0249421 1.7791 0.225743 0.0253832 1.79085 0.22 0.0218765 0.106954 0.0661331 0.00489396 0.0988906 -0.0145177
0.025147 1.78008 0.226742 0.0254314 1.79184 0.22 0.0208245 0.112293 0.0585215 0.00482619 0.0988765 -0.014636
0.0253814 1.78099 0.227782 0.0254796 1.79283 0.22 0.0248397 0.110762 0.0526783 0.00483184 0.0988602 -0.0147436
0.0255381 1.78219 0.228671 0.0255283 1.79382 0.22 0.012355 0.120545 0.043842 0.00489063 0.0988436 -0.0148354
0.0256444 1.78338 0.229374 0.0255776 1.79481 0.22 9.42327e-05 0.120726 0.0273139 0.00493739 0.0988313 -0.0149014
0.0257268 1.78458 0.229935 0.025627 1.7958 0.22 0.00774053 0.133004 0.0248061 0.00492165 0.0988113 -0.015039
0.0258101 1.78589 0.230452 0.0256754 1.79678 0.22 0.0079019 0.135263 0.0103256 0.00480038 0.098799 -0.0151583
0.0258945 1.78719 0.230871 0.0257223 1.79777 0.22 0.00794842 0.139459 0.00391145 0.00468206 0.0987921 -0.0152399
0.0260318 1.7885 0.231235 0.0257679 1.79876 0.22 0.018949 0.129247 0.00573786 0.00455741 0.0987829 -0.0153371
0.0261207 1.78991 0.231506 0.0258132 1.79975 0.22 0.00648519 0.138799 -0.0103248 0.00453951 0.0987727 -0.0154078
0.0261894 1.79133 0.231633 0.0258587 1.80073 0.22 0.00385833 0.13925 -0.0183139 0.0045491 0.0987705 -0.0154195
0.026281 1.79259 0.231705 0.0259042 1.80172 0.22 0.0111343 0.130652 -0.0148513 0.00453613 0.098802 -0.0152203
0.0263091 1.79309 0.23165 0.0259496 1.80271 0.22 0 0 0 0.00455228 0.0987846 -0.0153276
0.0263091 1.79309 0.159713 0.0259954 1.8037 0.22 0 0 0 0.00457642 0.0987601 -0.0154777
0.0263091 1.79309 0.16992 0.0260413 1.80469 0.22 0 0 0 0.00460303 0.0987222 -0.0157098
0.0260956 1.79625 0.182327 0.0260877 1.80567 0.22 -0.0387195 0.370514 0.897893 0.00464836 0.0986918 -0.0158868
0.0259314 1.79949 0.194184 0.0261344 1.80666 0.22 0.00449351 0.297362 0.817254 0.00466566 0.0987006 -0.0158267
0.0259238 1.80054 0.205117 0.026181 1.80765 0.22 -0.0321654 0.0941853 0.798906 0.00465627 0.0987314 -0.0156362
0.0257407 1.80165 0.215039 0.0262276 1.80863 0.22 -0.0157797 0.0869913 0.70666 0.0046561 0.0987485 -0.015528
0.025663 1.80114 0.221364 0.0262742 1.80962 0.22 -0.0109567 -0.013733 0.421609 0.00466703 0.0987516 -0.0155052
0.0256858 1.80278 0.225772 0.0263204 1.81061 0.22 0.0123866 0.159963 0.232413 0.00458996 0.0987881 -0.0152938
0.0258833 1.80466 0.226637 0.026366 1.8116 0.22 0.0314303 0.25224 -0.079307 0.0045562 0.0988723 -0.0147506
0.025896 1.80545 0.225461 0.0264119 1.81259 0.22 0.0108622 -0.0950597 -0.0692121 0.00459316 0.0989038 -0.0145258
0.0260322 1.80479 0.224346 0.0264586 1.81357 0.22 0.0101922 0.0253775 -0.0713286 0.00468083 0.0987877 -0.0152693
0.0260729 1.8054 0.223923 0.0265055 1.81456 0.22 0.000852606 -0.028221 -0.01912 0.00469135 0.098591 -0.0164885
0.0261359 1.80413 0.223369 0.0265525 1.81555 0.22 0.0134753 -0.0620441 -0.0423395 0.00471563 0.0983882 -0.0176517
0.026032 1.80451 0.223059 0.0266001 1.81653 0.22 -0.00913186 0.0773215 -0.0273616 0.004768 0.0982063 -0.0186241
0.0258442 1.80518 0.222939 0.0266482 1.81751 0.22 -0.0214865 0.0759001 -0.0247444 0.00481033 0.0981106 -0.019111
0.0256409 1.80617 0.222924 0.0266965 1.81849 0.22 -0.0193261 0.129339 -0.00180292 0.00483557 0.0980979 -0.0191699
0.0255358 1.8078 0.223371 0.0267448 1.81947 0.22 -0.00558823 0.159874 0.0207446 0.00483061 0.098123 -0.0190421
0.0254946 1.80903 0.224178 0.026793 1.82045 0.22 -0.00125336 0.120314 0.066633 0.00481923 0.0981503 -0.018904
0.0254639 1.81067 0.22536 0.0268413 1.82143 0.22 -0.00477068 0.197399 0.0818515 0.004836 0.0981305 -0.0190022
0.0254982 1.81209 0.226764 0.02689 1.82242 0.22 0.00807339 0.130185 0.0956052 0.00489578 0.0980965 -0.0191616
0.0255795 1.81358 0.228119 0.0269401 1.8234 0.22 0.0149523 0.161943 0.086127 0.00500907 0.0980446 -0.0193966
0.0257294 1.81517 0.229396 0.0269914 1.82438 0.22 0.0169197 0.155054 0.0913113 0.00515557 0.0980087 -0.019539
0.0258388 1.81694 0.230699 0.0270434 1.82536 0.22 0.017512 0.185498 0.0646172 0.00521468 0.0980065 -0.0195343
0.025909 1.81889 0.231949 0.0270955 1.82634 0.22 0.00645946 0.205595 0.0747103 0.00520811 0.0980213 -0.0194619
0.0259396 1.82076 0.233076 0.0271472 1.82732 0.22 0.00139895 0.198661 0.0464138 0.00516781 0.0980534 -0.01931
0.0259703 1.82256 0.234082 0.0271986 1.8283 0.22 0.00283101 0.168064 0.0640769 0.00514459 0.0980145 -0.019513
0.0260516 1.82421 0.23509 0.0272507 1.82928 0.22 0.00840455 0.142202 0.042045 0.00524006 0.0980261 -0.019429
0.0261719 1.82558 0.235948 0.0273043 1.83026 0.22 0.0175331 0.163295 0.046468 0.00540092 0.0980237 -0.019397
0.0263469 1.8271 0.236698 0.0273593 1.83124 0.22 0.0256753 0.141884 0.047774 0.00551157 0.0980164 -0.0194027
0.0264974 1.82853 0.237362 0.027415 1.83222 0.22 0.0258308 0.124911 0.026584 0.00556791 0.0980084 -0.019427
0.02666 1.82973 0.237791 0.0274706 1.8332 0.22 0.0107868 0.12419 -9.92979e-05 0.00554575 0.0980081 -0.019435
0.0268182 1.83099 0.238005 0.0275258 1.83418 0.22 0.0163053 0.141759 -0.0103635 0.00551656 0.0980157 -0.019405
0.026983 1.83233 0.238169 0.0275813 1.83516 0.22 0.014791 0.0904431 -0.0142012 0.00559308 0.0980338 -0.0192913
0.0271844 1.83332 0.238104 0.0276381 1.83614 0.22 0.0188978 0.118484 -0.0294861 0.00570775 0.0980512 -0.019169
0.0274019 1.8346 0.237924 0.0276965 1.83712 0.22 0.023894 0.0910856 -0.0190666 0.00583917 0.0980717 -0.019024
0.0275616 1.8356 0.237767 0.0277554 1.8381 0.22 0.0183168 0.116309 -0.0366427 0.00589419 0.0980881 -0.0189219
0.0275982 1.83583 0.237503 0.0278142 1.83908 0.22 0 0 0 0.00586631 0.0981228 -0.0187498
0.0275982 1.83583 0.17089 0.0278726 1.84006 0.22 0 0 0 0.00583532 0.0981301 -0.0187213
0.0275982 1.83583 0.179997 0.0279302 1.84104 0.22 0 0 0 0.00575855 0.0981203 -0.0187964
0.0272998 1.83651 0.190298 0.0279874 1.84202 0.22 -0.0107133 -0.00525852 0.63508 0.00571518 0.0981288 -0.0187653
0.0271565 1.83667 0.197844 0.0280444 1.84301 0.22 -0.013621 0.098246 0.534548 0.00568973 0.098136 -0.0187354
0.0271446 1.83798 0.205065 0.0281008 1.84399 0.22 -0.0113702 0.0656295 0.512141 0.00562966 0.0982027 -0.0184011
0.0269382 1.83787 0.211145 0.0281559 1.84497 0.22 -0.0268112 -0.0340201 0.463473 0.00547185 0.098382 -0.0174673
0.0268174 1.838 0.21689 0.0282091 1.84596 0.22 0.0851731 0.377493 0.124081 0.00527611 0.0985221 -0.0167216
0.0272463 1.84075 0.218775 0.0282606 1.84694 0.22 0.0385611 0.00936221 0.111563 0.00507761 0.0986156 -0.0162245
0.0277117 1.83941 0.218516 0.0283103 1.84793 0.22 0.0574255 -0.14993 -0.0312555 0.00494998 0.0985848 -0.0164498
0.0282218 1.83829 0.217401 0.0283577 1.84891 0.22 0.0578731 -0.0293521 -0.0186682 0.00471162 0.0984299 -0.0174191
0.0286355 1.83834 0.216752 0.0284032 1.8499 0.22 0.012756 0.0232598 -0.100527 0.00450585 0.0983394 -0.0179758
0.028689 1.83888 0.215515 0.0284471 1.85088 0.22 -0.0133804 0.0764605 -0.0911246 0.00437129 0.0983468 -0.0179682
0.0285242 1.83973 0.215408 0.0284903 1.85186 0.22 -0.0106952 0.104081 -0.00697026 0.00431189 0.0984213 -0.0175705
0.0285665 1.84092 0.215827 0.0285334 1.85285 0.22 0.0194623 0.136597 -0.00539551 0.00430884 0.0985366 -0.0169123
0.0289302 1.8426 0.215982 0.028577 1.85384 0.22 0.0442508 0.130659 -0.0276459 0.00437122 0.0986469 -0.0162401
0.0293566 1.84354 0.215969 0.028622 1.85482 0.22 0.041616 0.0560299 0.0124919 0.0045673 0.0987607 -0.0154768
0.0295646 1.8445 0.216483 0.0286685 1.85581 0.22 0.0136792 0.102784 0.0221919 0.00468236 0.098795 -0.0152215
0.0296411 1.84529 0.2171 0.0287166 1.8568 0.22 0.00128407 0.0658969 0.0420884 0.00481105 0.0987944 -0.0151851
0.0296577 1.84596 0.217927 0.0287659 1.85779 0.22 0.00221406 0.0648573 0.0623065 0.00496475 0.0987549 -0.0153913
0.0296863 1.84689 0.219168 0.0288162 1.85877 0.22 0.00631052 0.0795227 0.0928195 0.00506276 0.0987307 -0.0155142
0.0297706 1.84776 0.220794 0.0288672 1.85976 0.22 0.00238435 0.0749092 0.123399 0.00510703 0.0987382 -0.0154513
0.0298171 1.8489 0.22245 0.0289184 1.86075 0.22 -0.00283027 0.141325 0.112133 0.00510711 0.0987835 -0.0151589
0.0298315 1.85024 0.224079 0.028969 1.86174 0.22 0.00826903 0.0882729 0.113766 0.00503385 0.0988283 -0.0148894
0.0298683 1.85109 0.225568 0.0290186 1.86273 0.22 -0.00245549 0.0828726 0.104509 0.00491473 0.0988637 -0.0146926
0.0299238 1.85201 0.226811 0.0290675 1.86371 0.22 0.002222 0.104381 0.0722649 0.00489505 0.0988663 -0.0146816
0.0299217 1.85298 0.228014 0.0291169 1.8647 0.22 -0.00227163 0.0857286 0.0868586 0.00494811 0.0988845 -0.0145407
0.0298233 1.85404 0.229226 0.0291669 1.86569 0.22 -0.0175148 0.113033 0.0734195 0.00501779 0.0988714 -0.014606
0.0296903 1.85536 0.230363 0.029217 1.86668 0.22 0.0015027 0.105301 0.0632817 0.00500302 0.0988773 -0.014571
0.0296511 1.85654 0.231316 0.0292663 1.86767 0.22 -0.00395224 0.125593 0.0460242 0.00490356 0.0989008 -0.0144447
0.0295832 1.85797 0.232182 0.0293144 1.86866 0.22 0.000823599 0.123501 0.0405143 0.00477736 0.0989294 -0.0142901
0.0295549 1.85922 0.232879 0.0293613 1.86965 0.22 -0.0119018 0.122844 0.0123314 0.00468738 0.0989548 -0.0141438
0.0294121 1.8605 0.233422 0.0294082 1.87064 0.22 -0.0123626 0.151025 0.0120264 0.00470089 0.0989677 -0.0140481
0.0292926 1.86186 0.233792 0.0294555 1.87163 0.22 -0.00755436 0.118171 -0.00401724 0.00475131 0.0989697 -0.0140176
0.0292338 1.86313 0.233964 0.0295037 1.87262 0.22 -0.00303915 0.130811 -0.00561752 0.0048199 0.0989731 -0.0139699
0.0292181 1.86452 0.234193 0.0295521 1.87361 0.22 -0.00392102 0.145771 -0.00848733 0.00482844 0.0989784 -0.0139295
0.0292027 1.86581 0.234299 0.0296001 1.8746 0.22 -0.00410402 0.109496 -0.0150574 0.00479584 0.0989843 -0.0138988
0.0291945 1.86603 0.23429 0.0296479 1.87559 0.22 0 0 0 0.00476663 0.0989902 -0.0138669
0.0291945 1.86603 0.175409 0.0296952 1.87658 0.22 0 0 0 0.00473385 0.0989944 -0.0138478
0.0291945 1.86603 0.184958 0.0297426 1.87757 0.22 0 0 0 0.00474039 0.0989815 -0.0139376
0.0289821 1.86954 0.196561 0.0297901 1.87856 0.22 -0.0482865 0.262682 0.813003 0.00474986 0.0989757 -0.0139754
0.0287495 1.87169 0.206404 0.0298377 1.87955 0.22 0.00836423 0.191377 0.523599 0.00476966 0.0989746 -0.0139762
0.0286988 1.87331 0.213007 0.0298859 1.88054 0.22 -0.0329139 0.085989 0.481606 0.004835 0.099002 -0.0137585
0.028576 1.87329 0.218131 0.0299348 1.88153 0.22 -0.00214146 -0.107383 0.284902 0.00490128 0.0989686 -0.0139734
0.0285354 1.87317 0.221612 0.0299839 1.88251 0.22 -0.00445157 0.0220859 0.25999 0.00490369 0.0988685 -0.0146638
0.0284941 1.87368 0.224041 0.0300324 1.8835 0.22 -0.0174418 0.0842229 0.160253 0.00483456 0.0987722 -0.015321
0.0283416 1.87442 0.226109 0.0300805 1.88449 0.22 -0.00527879 0.100436 0.0506126 0.00479772 0.098744 -0.0155133
0.0283028 1.87548 0.225802 0.0301286 1.88548 0.22 0.0166191 0.0211761 -0.036402 0.00481802 0.0987494 -0.0154727
0.0283535 1.87539 0.225267 0.030178 1.88646 0.22 0.011211 -0.00531129 -0.0264485 0.00500055 0.0986935 -0.0157685
0.0284465 1.87549 0.224776 0.0302296 1.88745 0.22 0.0114812 0.0173392 -0.0570288 0.00526048 0.0985782 -0.0163932
0.0286226 1.87545 0.224031 0.030284 1.88844 0.22 0.0215577 0.00355671 -0.0624977 0.00546409 0.0984632 -0.0170061
0.0289533 1.87541 0.223237 0.0303405 1.88942 0.22 0.0373556 0.0340899 -0.07475 0.00567821 0.0983037 -0.0178385
0.0293366 1.87592 0.222401 0.0303978 1.8904 0.22 0.0313387 0.0999669 -0.0570943 0.00574515 0.0981938 -0.0184128
0.0295766 1.87681 0.222096 0.0304553 1.89138 0.22 0.0161605 0.0992456 -0.0464641 0.0057433 0.0981215 -0.018795
0.029714 1.87798 0.221838 0.0305124 1.89236 0.22 0.00629132 0.140691 -0.0434507 0.00570887 0.0980692 -0.0190763
0.0297074 1.87978 0.221876 0.0305687 1.89334 0.22 -0.00151731 0.203847 -0.019273 0.00561537 0.0980712 -0.0190937
0.029629 1.88165 0.222264 0.0306242 1.89432 0.22 -0.00778846 0.178514 0.0287926 0.00551837 0.0980861 -0.0190452
0.0295328 1.8836 0.223078 0.0306784 1.89531 0.22 -0.012958 0.216876 0.0371849 0.0053972 0.098087 -0.0190757
0.0294351 1.88567 0.223943 0.0307315 1.89629 0.22 -0.0124321 0.212787 0.0366741 0.00529485 0.0980794 -0.0191431
0.0293324 1.88767 0.224957 0.0307829 1.89727 0.22 -0.0117737 0.185578 0.0580982 0.00510007 0.0980689 -0.0192494
0.0292343 1.88968 0.226141 0.0308332 1.89825 0.22 -0.0200041 0.212807 0.0623695 0.00500423 0.0980654 -0.0192924
0.0291085 1.89182 0.227358 0.0308823 1.89923 0.22 -0.0143276 0.230003 0.0517752 0.00489072 0.0980605 -0.0193465
0.0290014 1.89397 0.228574 0.0309304 1.90021 0.22 -0.0011146 0.166412 0.0783671 0.00479503 0.0979903 -0.0197224
0.0289495 1.89575 0.229784 0.0309776 1.90119 0.22 -0.00152675 0.196516 0.0447155 0.00470834 0.0980051 -0.0196697
0.0288854 1.89764 0.230883 0.0310244 1.90217 0.22 -0.00917495 0.165002 0.0487711 0.00466017 0.0980142 -0.0196359
0.0288034 1.8994 0.231974 0.0310707 1.90315 0.22 -0.0075055 0.171263 0.0660356 0.00462196 0.0980169 -0.0196312
0.0287096 1.90108 0.233047 0.0311165 1.90413 0.22 -0.00690678 0.186723 0.0429214 0.00456999 0.098013 -0.0196629
0.0286354 1.90254 0.233947 0.0311615 1.90511 0.22 -0.0103461 0.124323 0.0340375 0.00446834 0.0979925 -0.0197882
0.028544 1.90379 0.234564 0.0312054 1.90609 0.22 -0.0130274 0.159959 0.0166858 0.00434131 0.0979717 -0.0199187
0.0283759 1.90529 0.235178 0.031248 1.90707 0.22 -0.0184035 0.141989 0.0304134 0.00424325 0.0979606 -0.0199946
0.0281679 1.90664 0.235723 0.0312892 1.90805 0.22 -0.0193548 0.137348 0.00270696 0.00412812 0.0979521 -0.0200599
0.027975 1.90777 0.235888 0.0313297 1.90903 0.22 -0.0215241 0.12903 -0.010459 0.0040413 0.097959 -0.0200441
0.0278719 1.90897 0.235989 0.0313696 1.91001 0.22 -0.00195899 0.121729 -0.0192396 0.00396952 0.0979723 -0.0199932
0.0278358 1.91012 0.235986 0.0314087 1.91099 0.22 -0.0109604 0.0931308 -0.018463 0.00389449 0.0979876 -0.0199331
0.0278358 1.91012 0.23589 0.0314466 1.91197 0.22 0 0 0 0.0037814 0.0980082 -0.0198535
0.0278358 1.91012 0.173545 0.031484 1.91295 0.22 0 0 0 0.00372895 0.098008 -0.0198645
0.0277732 1.91009 0.181269 0.0315212 1.91393 0.22 -0.0288577 -0.0161765 0.604878 0.00373212 0.0979892 -0.019956
0.0275836 1.91015 0.188673 0.0315587 1.91491 0.22 -0.00243731 0.0111131 0.486362 0.00375275 0.0979208 -0.0202854
0.0277117 1.91089 0.195224 0.0315969 1.91588 0.22 0.026382 0.172978 0.476323 0.00384288 0.0977222 -0.0212053
0.0279416 1.91221 0.201266 0.0316365 1.91686 0.22 0.0255997 0.0329792 0.321415 0.0039874 0.0975003 -0.022178
0.0282983 1.9121 0.205041 0.0316777 1.91783 0.22 0.0130324 0.0169007 0.261945 0.00414805 0.0973083 -0.0229773
0.0282076 1.91269 0.208139 0.0317205 1.9188 0.22 -0.00357191 0.0745726 0.185765 0.0043215 0.0972029 -0.0233876
0.0281747 1.91342 0.21025 0.0317645 1.91978 0.22 -0.00540181 0.088599 0.0894191 0.00442214 0.0972296 -0.0232577
0.0281645 1.91426 0.211116 0.0318096 1.92075 0.22 -0.00187592 0.0570432 0.00165964 0.00451039 0.0973474 -0.0227419
0.0282124 1.91524 0.211065 0.031855 1.92172 0.22 0.00366546 0.141028 -0.0478162 0.00455178 0.0975133 -0.0220114
0.0281946 1.91641 0.21078 0.0319005 1.9227 0.22 0.0012799 0.0717307 -0.0438828 0.00454036 0.0976284 -0.0214975
0.0281186 1.91717 0.210452 0.0319457 1.92368 0.22 -0.0114186 0.0720183 -0.0284789 0.00451707 0.0976789 -0.021272
0.0280163 1.9178 0.210637 0.0319903 1.92465 0.22 0.00928278 0.0585109 0.0137553 0.00445619 0.0976889 -0.0212385
0.0280744 1.91852 0.211036 0.0320346 1.92563 0.22 0.00991925 0.124844 0.00674569 0.00442266 0.0976668 -0.0213473
0.0282139 1.91959 0.211707 0.0320787 1.92661 0.22 0.0155151 0.0974838 0.0522312 0.00440701 0.0976453 -0.0214485
0.0283806 1.9206 0.212619 0.0321229 1.92758 0.22 0.0188161 0.115862 0.0620761 0.00442534 0.0976418 -0.0214604
0.0285974 1.92162 0.213816 0.0321679 1.92856 0.22 0.0172905 0.0957161 0.0877668 0.00451261 0.0976555 -0.0213801
0.028707 1.92268 0.215292 0.0322136 1.92954 0.22 0.00750369 0.0775272 0.0932794 0.00458177 0.0976671 -0.021312
0.0287242 1.92349 0.216793 0.0322598 1.93052 0.22 -0.00877503 0.0600527 0.118221 0.00463556 0.0978751 -0.0203232
0.0286362 1.9241 0.218498 0.0323058 1.93149 0.22 -0.00699257 0.0821666 0.113284 0.00458384 0.0979309 -0.0200648
0.0285545 1.92503 0.22008 0.0323507 1.93247 0.22 -0.00938326 0.0915309 0.100974 0.00447478 0.0978976 -0.0202508
0.0285177 1.92562 0.221606 0.0323947 1.93345 0.22 0.00260489 0.0395577 0.10973 0.00438085 0.0978432 -0.0205322
0.0285181 1.92631 0.22317 0.0324382 1.93443 0.22 -0.0117603 0.0922128 0.107511 0.00435432 0.0977511 -0.0209721
0.0284267 1.92704 0.224739 0.0324819 1.93541 0.22 -0.00548328 0.0227093 0.111772 0.00438959 0.0976766 -0.0213092
0.0283601 1.92743 0.226201 0.032526 1.93638 0.22 0.000645445 0.0712578 0.104921 0.00440341 0.0976292 -0.0215222
0.0283767 1.92835 0.227535 0.0325695 1.93736 0.22 0.0108251 0.0834486 0.0712727 0.00433867 0.0975659 -0.0218205
0.0284271 1.92908 0.228732 0.0326119 1.93833 0.22 0.00172032 0.0915698 0.0731486 0.00422371 0.0974969 -0.0221492
0.0284423 1.93013 0.229823 0.0326536 1.93931 0.22 -0.00163268 0.138355 0.0381384 0.00415576 0.097451 -0.0223627
0.0284192 1.93122 0.230685 0.0326952 1.94028 0.22 2.82804e-05 0.0740355 0.0470658 0.00416612 0.0974115 -0.0225323
0.0284007 1.93215 0.231445 0.0327373 1.94126 0.22 -0.00271704 0.115009 0.0259141 0.00422332 0.0973754 -0.0226772
0.0283683 1.93328 0.232031 0.0327798 1.94223 0.22 -0.00112322 0.118469 0.00660735 0.00425262 0.0973332 -0.0228524
0.0283574 1.93438 0.232457 0.032822 1.9432 0.22 -0.00486862 0.123398 -0.00479393 0.00421022 0.0972881 -0.0230515
0.0283537 1.93547 0.232724 0.0328635 1.94418 0.22 -0.00124686 0.113193 -0.0293632 0.00413234 0.0972312 -0.023304
0.0283574 1.9366 0.232775 0.0329041 1.94515 0.22 0.000229932 0.147596 -0.0373167 0.00404116 0.0971584 -0.0236214
0.0283619 1.93792 0.232919 0.0329444 1.94612 0.22 -0.00265037 0.108278 -0.0141714 0.00401882 0.0971278 -0.0237509
0.0283575 1.93913 0.233045 0.0329845 1.94709 0.22 -4.3182e-05 0.13296 -0.0462085 0.00401366 0.0970989 -0.0238697
0.0283575 1.93913 0.168626 0.0330247 1.94806 0.22 0 0 0 0.00402435 0.0970548 -0.0240464
0.0283575 1.93913 0.177058 0.0330652 1.94903 0.22 0 0 0 0.00405455 0.0970312 -0.0241366
0.0283727 1.93986 0.18783 0.033105 1.95 0.22 0.00762741 0.363668 0.751878 0.00398299 0.0970065 -0.0242475
0.0285836 1.94258 0.197762 0.0331449 1.95097 0.22 0.0240054 0.176354 0.637981 0.00398538 0.0969926 -0.0243027
0.0288022 1.94293 0.205555 0.0331875 1.95195 0.22 0.00900263 0.000848838 0.58733 0.00426836 0.0975272 -0.0220064
0.0287925 1.94287 0.212578 0.0332303 1.95292 0.22 0.00874127 0.016999 0.496268 0.0042779 0.0976554 -0.0214285
0.0290566 1.94365 0.21842 0.0332733 1.9539 0.22 0.0252036 0.10928 0.46383 0.00431001 0.0977948 -0.0207764
0.0291303 1.94433 0.223972 0.0333164 1.95488 0.22 -0.000208227 0.0470531 0.461929 0.00430613 0.0979022 -0.0202652
0.0291524 1.94546 0.228707 0.0333593 1.95586 0.22 0.0167559 0.220734 0.233176 0.0042897 0.098041 -0.0195865
0.028995 1.94769 0.230956 0.0334026 1.95684 0.22 -0.0242498 0.0503962 0.160862 0.00434489 0.0981047 -0.0192524
0.0288246 1.94639 0.232487 0.0334462 1.95782 0.22 -0.0207538 -0.123429 0.123794 0.00435404 0.0980245 -0.0196546
0.0283877 1.94663 0.233477 0.0334892 1.9588 0.22 -0.0420926 -0.00412277 0.081248 0.00429959 0.0978713 -0.0204153
0.0279555 1.94738 0.232616 0.0335308 1.95977 0.22 -0.0250908 -0.0531983 -0.160918 0.0041289 0.0975524 -0.0219215
0.0276773 1.94649 0.23052 0.0335719 1.96075 0.22 -0.0265979 -0.0359739 -0.134886 0.00410828 0.0973974 -0.0226036
0.0275455 1.94705 0.229182 0.0336139 1.96172 0.22 -0.00227996 0.0916054 -0.0919153 0.00421932 0.0972219 -0.0233275
0.0275639 1.94758 0.228238 0.0336583 1.96269 0.22 0.01205 0.00142176 -0.0943232 0.00450943 0.0970921 -0.0238086
0.0277318 1.94795 0.227454 0.0337044 1.96366 0.22 0.0302864 0.145148 -0.0697103 0.00467011 0.0970582 -0.0239156
0.0280236 1.94919 0.227072 0.0337518 1.96463 0.22 0.0320245 0.0828683 -0.0327789 0.00474869 0.0970284 -0.0240211
0.0283732 1.95001 0.227109 0.0337996 1.9656 0.22 0.0313396 0.104752 0.000434734 0.00478294 0.0969738 -0.0242336
0.0287013 1.9513 0.227464 0.0338469 1.96657 0.22 0.0268051 0.145411 0.00693139 0.00470258 0.0968887 -0.024587
0.0289215 1.95267 0.228112 0.0338931 1.96754 0.22 0.00438347 0.134009 0.0171291 0.00460391 0.0968325 -0.0248261
0.0290011 1.95423 0.228761 0.0339387 1.96851 0.22 0.00581005 0.179861 0.0280092 0.00454683 0.0967936 -0.0249877
0.0290179 1.9563 0.229604 0.033984 1.96948 0.22 -0.00029529 0.210646 0.035344 0.00452842 0.096781 -0.02504
0.0290274 1.95831 0.230442 0.0340292 1.97044 0.22 0.00355397 0.195569 0.000759026 0.00451693 0.0968196 -0.0248921
0.0290681 1.96048 0.231243 0.0340741 1.97141 0.22 0.00869906 0.236341 0.0235575 0.00447632 0.0968882 -0.0246314
0.0291217 1.96263 0.232097 0.0341181 1.97238 0.22 0.00789606 0.21687 0.014937 0.00437953 0.0969739 -0.0243094
0.0291919 1.96476 0.232993 0.0341611 1.97335 0.22 -0.000392906 0.191457 0.0324553 0.00428841 0.0969256 -0.0245174
0.0292675 1.96673 0.233952 0.0342036 1.97432 0.22 0.0121972 0.179748 0.0406099 0.00425886 0.0969801 -0.0243062
0.0293874 1.96872 0.234892 0.0342467 1.97529 0.22 0.0118703 0.175023 0.035358 0.00432129 0.0970078 -0.0241843
0.0295101 1.97041 0.235757 0.0342908 1.97626 0.22 0.0162155 0.14266 0.0412824 0.00443988 0.0970285 -0.0240795
0.0296495 1.97189 0.236422 0.0343355 1.97723 0.22 0.0116282 0.163117 0.00799352 0.00446157 0.0970414 -0.0240234
0.0297586 1.97352 0.237058 0.0343796 1.9782 0.22 0.00704982 0.113284 0.0132566 0.00440444 0.0970618 -0.0239516
0.029864 1.97492 0.237555 0.0344226 1.97917 0.22 0.00807086 0.135622 0.00255428 0.00427069 0.0969961 -0.0242399
0.0299463 1.9764 0.237904 0.0344644 1.98014 0.22 0.00548954 0.184939 -0.0164883 0.0041513 0.0970378 -0.0240935
0.0300267 1.97781 0.238097 0.0345059 1.98111 0.22 0.0147638 0.153801 -0.0176415 0.00415609 0.0970691 -0.0239663
0.0301067 1.97931 0.238118 0.0345481 1.98209 0.22 0.00145494 0.114477 -0.0192994 0.00422691 0.0971186 -0.0237523
0.0301451 1.98034 0.238035 0.0345912 1.98306 0.22 0 0 0 0.00433469 0.0972001 -0.0233967
0.0301451 1.98034 0.168245 0.0346349 1.98403 0.22 0 0 0 0.00439378 0.0972704 -0.0230917
0.0301451 1.98034 0.17491 0.0346791 1.985 0.22 0 0 0 0.00441924 0.0973272 -0.0228461
0.030187 1.98047 0.18256 0.0347233 1.98598 0.22 0.0156301 0.0165192 0.640736 0.00441014 0.097417 -0.0224621
0.0303298 1.98064 0.19077 0.0347675 1.98695 0.22 0.0223442 0.0494721 0.563534 0.0044109 0.0975034 -0.022084
0.0305139 1.98102 0.197925 0.0348113 1.98793 0.22 0.0253162 0.072635 0.480892 0.00438159 0.0976124 -0.0216029
0.0305418 1.98178 0.204064 0.0348553 1.98891 0.22 0.00615701 0.0711373 0.434264 0.00439782 0.0977355 -0.0210353
0.0304902 1.98249 0.208881 0.0348994 1.98988 0.22 -0.010693 0.155518 0.181633 0.00441079 0.097868 -0.0204076
0.0306267 1.98481 0.210192 0.0349434 1.99086 0.22 0.0257358 0.213834 0.011596 0.00439758 0.0979423 -0.0200509
0.0309316 1.98534 0.20977 0.0349875 1.99184 0.22 0.0297083 -0.0185156 -0.0195203 0.00440602 0.0979802 -0.0198627
0.0310932 1.9858 0.210332 0.0350316 1.99282 0.22 0.0236435 0.12673 0.140264 0.00441708 0.0979184 -0.020163
0.0312771 1.98727 0.212576 0.0350759 1.9938 0.22 0.023402 0.313242 -0.0350997 0.00443456 0.0979171 -0.0201652
0.0312794 1.98972 0.212773 0.035121 1.99478 0.22 0.0178122 0.0904313 -0.0502558 0.00454213 0.0980727 -0.0193695
0.031298 1.99031 0.211855 0.0351668 1.99576 0.22 0.00575597 0.0994369 -0.0173269 0.00458966 0.0981562 -0.0189306
0.0313106 1.9913 0.212033 0.035213 1.99675 0.22 -0.00146762 0.0789438 -0.010619 0.00461978 0.0982517 -0.0184206
0.0313801 1.99191 0.21181 0.0352592 1.99773 0.22 0.00640813 0.0508476 -0.0555026 0.00462418 0.0983857 -0.0176898
0.0313718 1.99253 0.211249 0.0353053 1.99871 0.22 -0.0137166 0.0365638 -0.022059 0.00459215 0.0984839 -0.0171435
0.0312219 1.99261 0.211311 0.0353506 1.9997 0.22 -0.00129287 -0.00124414 0.0111618 0.00451793 0.0985294 -0.0169
0.0312209 1.9926 0.21165 0.0353948 2.00068 0.22 -0.00334565 0.0016176 0.0245005 0.00441245 0.0985696 -0.0166921
0.0313056 1.99269 0.212145 0.035447 2.00187 0.22 0.0118418 0.0199235 0.0284112 0.00434337 0.0985839 -0.0166257
0.0313973 1.99264 0.212859 0.0354903 2.00285 0.22 0.00210099 -0.00987384 0.0616884 0.0043281 0.0985885 -0.0166024
0.0314866 1.99291 0.213953 0.0355335 2.00384 0.22 0.0117423 0.0576772 0.0835904 0.00431099 0.0986 -0.0165382
0.0315604 1.99348 0.215367 0.0355765 2.00483 0.22 0.00417003 0.046871 0.112591 0.00429955 0.0986228 -0.0164049
0.0315399 1.994 0.216864 0.0356194 2.00581 0.22 -0.00398959 0.0395937 0.116608 0.00428876 0.0986657 -0.0161476
0.0314362 1.99458 0.218454 0.035662 2.0068 0.22 -0.0173093 0.0459349 0.116869 0.00425857 0.0988652 -0.0148861
0.031304 1.99531 0.219886 0.0357045 2.00779 0.22 -0.00961526 0.0852299 0.10396 0.00423542 0.0989011 -0.0146525
0.0312646 1.99613 0.221237 0.0357464 2.00878 0.22 -0.00283565 0.0616292 0.08605 0.00418596 0.0989399 -0.0144024
0.0312936 1.99691 0.22267 0.0357876 2.00977 0.22 -0.00380303 0.0940016 0.0932985 0.00411252 0.0989666 -0.0142397
0.0313761 1.998 0.22403 0.0358288 2.01076 0.22 0.00840468 0.128735 0.0933181 0.00412268 0.0990298 -0.0137901
0.0313926 1.99898 0.225353 0.0358702 2.01175 0.22 0.000241259 0.104778 0.0929367 0.00414113 0.0990411 -0.0137032
0.0313871 2.00024 0.226649 0.0359121 2.01274 0.22 -0.0016085 0.125819 0.0809342 0.00419426 0.0990717 -0.0134639
0.0314216 2.00151 0.227735 0.0359541 2.01373 0.22 0.00453925 0.147453 0.0499658 0.00419342 0.0991123 -0.013162
0.0314888 2.00287 0.228686 0.0359957 2.01472 0.22 0.00676018 0.150055 0.0455626 0.00414613 0.0991566 -0.0128391
0.0315386 2.00427 0.229446 0.0360368 2.01571 0.22 0.00399081 0.138705 0.0232365 0.00410416 0.0991835 -0.0126432
0.0316006 2.0056 0.230083 0.0360775 2.01671 0.22 0.00461634 0.131307 0.0296437 0.00407629 0.0992115 -0.0124309
0.0316496 2.00692 0.230663 0.0361187 2.0177 0.22 0.00221359 0.13912 0.0215321 0.00413631 0.0992276 -0.0122816
0.031694 2.00828 0.231104 0.0361607 2.01869 0.22 0.00065731 0.14643 0.00951591 0.00421768 0.0992412 -0.0121433
0.031716 2.00947 0.231488 0.0362034 2.01968 0.22 0 0 0 0.00428037 0.0992582 -0.0119814
0.031716 2.00947 0.170998 0.0362463 2.02068 0.22 0 0 0 0.00429101 0.0992711 -0.0118699
0.031716 2.00947 0.179187 0.0362893 2.02167 0.22 0 0 0 0.00429441 0.0992917 -0.0116951
0.0318387 2.01099 0.189651 0.0363322 2.02266 0.22 0.0349877 0.42011 0.719057 0.00429194 0.0993068 -0.0115676
0.0320988 2.01411 0.198883 0.0363749 2.02365 0.22 0.0387917 0.142564 0.582139 0.00426294 0.0992913 -0.0117101
0.0323396 2.01471 0.205278 0.0364173 2.02465 0.22 0.0143805 0.047816 0.438253 0.00423298 0.0992539 -0.012034
0.0325424 2.01534 0.211346 0.0364595 2.02564 0.22 0.0303596 0.0700371 0.424909 0.0042104 0.0992073 -0.0124192
0.0327079 2.01587 0.215622 0.0365015 2.02663 0.22 0.00317393 0.0286892 0.226 0.00420488 0.099183 -0.0126139
0.0328406 2.01763 0.216137 0.0365435 2.02762 0.22 -0.000597994 0.282494 -0.0460725 0.00419704 0.0991996 -0.0124851
0.0328332 2.01852 0.215856 0.0365865 2.02862 0.22 -0.00388355 -0.0124755 -0.00504344 0.00427623 0.0993618 -0.0110909
0.0328233 2.019 0.215748 0.0366287 2.02961 0.22 -0.0099908 0.129843 -0.00387354 0.00421345 0.0993655 -0.011082
0.0326506 2.02 0.216015 0.0366699 2.0306 0.22 -0.01931 0.0380036 0.0190648 0.00409364 0.0992936 -0.0117514
0.0324711 2.02015 0.216187 0.0367106 2.0316 0.22 -0.01377 0.0641087 0.00449377 0.0040628 0.0992317 -0.0122727
0.032405 2.02124 0.216269 0.0367507 2.03259 0.22 8.41713e-05 0.093406 0.0163884 0.00401232 0.0991411 -0.0130004
0.0323332 2.02207 0.216643 0.0367907 2.03358 0.22 -0.0105126 0.120196 0.0229592 0.00400461 0.0990746 -0.0135003
0.0322487 2.02359 0.217104 0.036831 2.03457 0.22 -0.00252805 0.1858 0.0276602 0.00404114 0.099051 -0.013661
0.0323127 2.02522 0.217776 0.0368718 2.03556 0.22 0.00542868 0.126857 0.0488528 0.00408938 0.099051 -0.0136466
0.0324506 2.02679 0.218505 0.0369134 2.03655 0.22 0.0127301 0.175276 0.0398092 0.00416379 0.0990644 -0.013527
0.0326212 2.02854 0.219557 0.0369552 2.03754 0.22 0.0191665 0.176907 0.0676587 0.00419309 0.099069 -0.0134841
0.0327886 2.03005 0.220801 0.0369974 2.03853 0.22 0.0186921 0.147053 0.090903 0.00421508 0.0990653 -0.0135043
0.0329702 2.03174 0.221965 0.0370396 2.03952 0.22 0.0249831 0.15445 0.0768675 0.00422653 0.0990574 -0.0135583
0.0331327 2.03341 0.223289 0.0370823 2.04051 0.22 0.0177192 0.181616 0.0723626 0.00426454 0.0989491 -0.0143159
0.0333072 2.03505 0.22454 0.0371255 2.0415 0.22 0.0207815 0.158058 0.0856163 0.00434271 0.0988781 -0.014776
0.0334397 2.03672 0.225796 0.0371697 2.04249 0.22 0.0120418 0.170987 0.0834968 0.00442627 0.0988802 -0.0147369
0.0335998 2.03854 0.226913 0.0372143 2.04348 0.22 0.0209374 0.180556 0.0723694 0.00445191 0.098854 -0.0149041
0.0337872 2.04016 0.227945 0.037259 2.04447 0.22 0.0215523 0.146228 0.0618308 0.00446311 0.0988728 -0.0147757
0.0340267 2.04148 0.228912 0.0373035 2.04546 0.22 0.0301968 0.111264 0.0735756 0.00444148 0.0988935 -0.0146425
0.0342503 2.04306 0.229995 0.0373391 2.04625 0.22 0.0210741 0.153404 0.0737514 0.00446616 0.0989267 -0.0144094
0.0344762 2.04446 0.230996 0.037384 2.04724 0.22 0.0170978 0.129 0.0621117 0.00448982 0.0989355 -0.0143412
0.0346162 2.04545 0.231672 0.0374296 2.04823 0.22 0.0235536 0.143874 0.0402486 0.00459 0.0989502 -0.0142075
0.0348728 2.04682 0.23243 0.0374761 2.04922 0.22 0.0250854 0.129978 0.0290517 0.0046765 0.0989588 -0.0141189
0.0352014 2.04804 0.233041 0.0375232 2.05021 0.22 0.0287134 0.102715 0.0239924 0.00471725 0.0989671 -0.0140473
0.0355249 2.04902 0.233463 0.0375702 2.0512 0.22 0.0301698 0.0913667 0.0238508 0.00468067 0.0989847 -0.0139347
0.0357943 2.05006 0.233883 0.0376166 2.05219 0.22 0.0205665 0.123904 0.00522639 0.00461482 0.0989964 -0.0138737
0.0359905 2.05112 0.23424 0.0376625 2.05318 0.22 0.0304817 0.118391 0.00732022 0.00459983 0.0990025 -0.0138351
0.0362433 2.05194 0.234424 0.0377093 2.05417 0.22 0.025004 0.0769433 -0.00762088 0.00469162 0.0990077 -0.0137667
0.0364714 2.05261 0.234483 0.0377567 2.05516 0.22 0.0330586 0.0869388 -0.0165987 0.00476439 0.0990103 -0.0137233
0.0366683 2.05341 0.234465 0.0378046 2.05615 0.22 0.0161888 0.0784412 -0.0161887 0.00478137 0.0990123 -0.0137028
0.0366683 2.05341 0.234389 0.0378519 2.05714 0.22 0 0 0 0.00470838 0.0990012 -0.013808
0.0366683 2.05341 0.171399 0.0378984 2.05813 0.22 0 0 0 0.00463343 0.0990106 -0.0137658
0.036666 2.05346 0.181285 0.0379443 2.05912 0.22 -0.00825968 -0.000319389 0.817623 0.00457064 0.0990204 -0.0137164
0.0366478 2.05378 0.19281 0.0379897 2.06011 0.22 -0.00250275 0.0840813 0.840749 0.00453374 0.0990342 -0.0136285
0.0367569 2.05475 0.203437 0.0380346 2.0611 0.22 0.0133974 0.0969732 0.681495 0.00449061 0.0990461 -0.0135558
0.0368478 2.05507 0.212324 0.0380791 2.06209 0.22 -0.0161316 -0.050785 0.556931 0.00443609 0.0990526 -0.0135265
0.0368212 2.05532 0.218254 0.0381229 2.06308 0.22 -0.0108095 0.268684 0.206973 0.00436667 0.09907 -0.0134215
0.0367466 2.05762 0.220435 0.0381663 2.06407 0.22 -0.00167554 0.0429509 0.0379789 0.00433512 0.0991009 -0.0132018
0.0366701 2.05755 0.220447 0.0382089 2.06506 0.22 -0.00677335 -0.0327332 0.0154481 0.00424967 0.0991097 -0.0131634
0.0367281 2.05798 0.220561 0.0382505 2.06605 0.22 0.00811347 0.0768763 -0.0256667 0.00413489 0.099113 -0.0131753
0.0368228 2.05869 0.219814 0.0382911 2.06704 0.22 0.014474 0.0831935 -0.0843056 0.00402667 0.0991313 -0.01307
0.0368605 2.0595 0.218956 0.0383307 2.06803 0.22 0.00496357 0.0956262 -0.0715392 0.00394848 0.0991664 -0.0128257
0.0367851 2.06061 0.218335 0.0383693 2.06903 0.22 -0.00455639 0.114858 -0.0524624 0.00384875 0.0992192 -0.0124418
0.0368255 2.06157 0.218351 0.0384074 2.07002 0.22 0.0161603 0.0815838 -0.00417188 0.00380503 0.0992698 -0.012045
0.0368851 2.06259 0.218487 0.0384455 2.07101 0.22 0.00721571 0.1207 -0.0126008 0.0038106 0.0993053 -0.0117475
0.036911 2.06365 0.218718 0.038484 2.07201 0.22 0.00619623 0.0735675 0.0141241 0.00386254 0.0993513 -0.0113345
0.0369618 2.06447 0.219114 0.0385231 2.073 0.22 0.00985459 0.0920045 0.0329486 0.00391232 0.0993728 -0.0111268
0.0369942 2.06551 0.219737 0.0385624 2.07399 0.22 0.00525007 0.0810105 0.0414753 0.0039391 0.0993818 -0.0110362
0.0370666 2.06647 0.220572 0.0386018 2.07499 0.22 0.00461469 0.100475 0.063066 0.00394225 0.0993893 -0.0109672
0.0371034 2.0674 0.221656 0.0386412 2.07598 0.22 0.00127774 0.0922526 0.0789515 0.00393632 0.0994152 -0.0107321
0.0370756 2.06831 0.222815 0.0386807 2.07698 0.22 -0.00475416 0.0869579 0.0828696 0.00395584 0.099422 -0.0106619
0.0370614 2.06934 0.223942 0.0387207 2.07797 0.22 -0.000866685 0.10168 0.0751148 0.00402051 0.0994288 -0.010574
0.0370124 2.07002 0.224864 0.038753 2.07877 0.22 -0.00720128 0.0967575 0.0976392 0.00404729 0.0994651 -0.0102163
0.0369508 2.0708 0.226208 0.0387939 2.07976 0.22 -0.00742556 0.0750839 0.0826301 0.00409306 0.0994684 -0.0101661
0.0369114 2.07181 0.227273 0.0388348 2.08075 0.22 0.0020304 0.0960275 0.0814954 0.00407515 0.0994645 -0.0102114
0.0369436 2.07255 0.228412 0.0388752 2.08175 0.22 0.00780166 0.0855548 0.0753791 0.00404338 0.0994725 -0.0101457
0.037003 2.0736 0.229458 0.0389153 2.08274 0.22 0.0106045 0.127638 0.0730285 0.00400701 0.0994518 -0.0103612
0.0370503 2.07495 0.230538 0.0389558 2.08374 0.22 0.0044263 0.0932544 0.0657239 0.00406955 0.0994474 -0.0103788
0.0370331 2.07597 0.231526 0.0389972 2.08473 0.22 -0.00960163 0.119773 0.0595507 0.00414874 0.0994482 -0.0103392
0.0369811 2.07729 0.232459 0.0390395 2.08573 0.22 -0.00262647 0.125641 0.0379003 0.00422985 0.0994548 -0.0102428
0.0370199 2.07862 0.233116 0.0390816 2.08672 0.22 -0.00277983 0.131954 0.0307325 0.0041868 0.0994621 -0.0101894
0.0370393 2.0799 0.233733 0.0391227 2.08772 0.22 -0.00188568 0.107771 0.027933 0.00409212 0.0994657 -0.0101929
0.0370533 2.08119 0.234218 0.0391629 2.08871 0.22 -0.0104704 0.133788 0.0209945 0.00400341 0.0994644 -0.0102403
0.0369954 2.08241 0.234631 0.0392029 2.08971 0.22 -0.00818679 0.112967 0.0236391 0.00401032 0.099464 -0.0102418
0.0369034 2.0837 0.235043 0.0392437 2.0907 0.22 0.00116668 0.161577 0.00555694 0.00409403 0.0994603 -0.0102441
0.0368912 2.08521 0.235263 0.0392854 2.0917 0.22 -0.00103816 0.132875 -0.00100538 0.00419688 0.0994586 -0.0102193
0.0369095 2.08648 0.235408 0.0393277 2.09269 0.22 0.00638458 0.130826 -0.00797878 0.00423716 0.0994599 -0.0101899
0.0369222 2.08675 0.235524 0.0393701 2.09368 0.22 0 0 0 0.00424988 0.0994603 -0.010181
0.0369222 2.08675 0.172954 0.0394126 2.09468 0.22 0 0 0 0.00424186 0.0994585 -0.010202
0.0369222 2.08675 0.183149 0.0394548 2.09567 0.22 0 0 0 0.00421151 0.0994615 -0.0101852
0.037036 2.08988 0.194325 0.0394966 2.09667 0.22 0.0103314 0.237422 0.742102 0.00416412 0.099453 -0.0102868
0.0370678 2.09138 0.203136 0.0395379 2.09766 0.22 -0.00627353 -0.00815352 0.619328 0.00412996 0.0994571 -0.0102609
0.0369887 2.09128 0.210776 0.0395791 2.09866 0.22 -0.0119269 -0.0595625 0.5217 0.00411516 0.0994918 -0.00992557
0.0370155 2.09105 0.216795 0.0396202 2.09965 0.22 0.00847709 0.0896418 0.365519 0.00411707 0.0995254 -0.00958165
0.0370232 2.09318 0.220123 0.0396615 2.10065 0.22 -0.0120845 0.157999 0.227785 0.0041427 0.0995669 -0.00912914
0.0369241 2.09351 0.222572 0.039703 2.10164 0.22 -0.00649097 0.104009 0.00588478 0.00414967 0.0995888 -0.00888307
0.0369277 2.09483 0.22196 0.0397439 2.10264 0.22 0.00730644 -0.00424937 -0.0686709 0.00408244 0.0995593 -0.00923763
0.0369313 2.09409 0.221365 0.0397847 2.10363 0.22 0.00557573 -0.0581638 -0.0245426 0.00408815 0.099457 -0.0102787
0.0370435 2.09451 0.220698 0.0398262 2.10463 0.22 0.0111832 0.0940661 -0.0818751 0.00416816 0.0993415 -0.0113114
0.0371606 2.09486 0.219901 0.0398683 2.10562 0.22 0.00883485 -0.00801189 -0.0553521 0.00421189 0.0992697 -0.0119099
0.0372914 2.09547 0.219382 0.0399108 2.10661 0.22 0.0127416 0.111649 -0.0298367 0.00425583 0.0992118 -0.0123683
0.0374271 2.09673 0.219139 0.0399533 2.10761 0.22 0.0125681 0.116658 -0.0164947 0.00424007 0.0992009 -0.0124608
0.037549 2.09789 0.219141 0.0399955 2.1086 0.22 0.00998268 0.133044 0.00962943 0.00421515 0.0992072 -0.0124187
0.0376377 2.0994 0.219429 0.0400376 2.10959 0.22 0.00798062 0.156504 0.0170072 0.00421394 0.0992079 -0.0124134
0.0376041 2.10064 0.220128 0.0400799 2.11058 0.22 -0.0053936 0.124832 0.0457996 0.00423591 0.0991963 -0.0124984
0.0375239 2.10192 0.220979 0.0401225 2.11157 0.22 -0.0115923 0.137026 0.0654696 0.00426606 0.0991673 -0.0127168
0.0374239 2.10333 0.221996 0.0401652 2.11256 0.22 -0.00900102 0.143769 0.0586158 0.00427049 0.0991365 -0.0129533
0.0373086 2.10505 0.222981 0.0402076 2.11356 0.22 -0.0126071 0.182039 0.0640191 0.00420911 0.0991233 -0.0130734
0.0372389 2.10677 0.224089 0.0402493 2.11455 0.22 -0.00638141 0.19751 0.0659293 0.00416062 0.0991337 -0.0130099
0.0371862 2.1086 0.22529 0.0402906 2.11554 0.22 -0.00387123 0.185229 0.0919368 0.00412936 0.099157 -0.0128416
0.037181 2.11044 0.22652 0.0403322 2.11653 0.22 0.00647067 0.184222 0.0942325 0.00417179 0.0991845 -0.0126131
0.0371848 2.11233 0.227875 0.0403743 2.11752 0.22 -0.000816022 0.165426 0.0911761 0.00421216 0.0991982 -0.0124914
0.037167 2.11394 0.229038 0.0404165 2.11851 0.22 0.00138328 0.159656 0.069544 0.00422216 0.0992135 -0.0123661
0.0371099 2.11555 0.230189 0.040458 2.11951 0.22 -0.0067064 0.189093 0.0752415 0.0041176 0.0992283 -0.0122824
0.0370524 2.1172 0.231389 0.040498 2.1205 0.22 -0.00855578 0.158195 0.0817614 0.00397593 0.0992329 -0.0122919
0.0369459 2.11848 0.232334 0.040537 2.12149 0.22 -0.00554161 0.128155 0.059123 0.00389328 0.0992356 -0.0122963
0.0368188 2.11996 0.233167 0.040576 2.12248 0.22 -0.0105878 0.162418 0.0558601 0.00390178 0.0992397 -0.0122605
0.0367483 2.12135 0.233976 0.0406157 2.12348 0.22 -0.0104961 0.105233 0.0491693 0.0039873 0.0992324 -0.012292
0.0367586 2.12264 0.234525 0.0406561 2.12447 0.22 0.00581027 0.0977158 0.0331538 0.0040402 0.0992471 -0.0121555
0.0367457 2.12398 0.235012 0.0406963 2.12546 0.22 -0.00378402 0.128793 0.0288502 0.00401044 0.0992557 -0.0120944
0.036724 2.12498 0.235414 0.0407357 2.12645 0.22 -0.000292697 0.090751 0.0216439 0.0039207 0.0992665 -0.0120356
0.0367088 2.12613 0.235707 0.0407739 2.12745 0.22 0.00536022 0.109434 0.00474091 0.00379552 0.099271 -0.0120382
0.0367068 2.12717 0.235893 0.040804 2.12824 0.22 0.00515145 0.124961 -0.00605007 0.00376582 0.0992732 -0.0120293
0.0367026 2.12798 0.235926 0.0408416 2.12923 0.22 -0.011225 0.107257 -0.0152605 0.00376389 0.0992835 -0.0119446
0.0366763 2.12839 0.235887 0.0408797 2.13023 0.22 0 0 0 0.00383578 0.0992935 -0.0118388
0.0366763 2.12839 0.172413 0.0409186 2.13122 0.22 0 0 0 0.0039075 0.0992989 -0.0117695
0.0366763 2.12839 0.181647 0.0409587 2.13221 0.22 0 0 0 0.00401335 0.0993187 -0.0115652
0.0366541 2.12844 0.192835 0.0409992 2.13321 0.22 -0.00314422 0.0483989 0.853757 0.00406355 0.099321 -0.011528
0.0366661 2.12913 0.203285 0.0410401 2.1342 0.22 0.00999547 0.0977731 0.630576 0.00408756 0.0993129 -0.0115891
0.0368865 2.12928 0.210779 0.0410813 2.13519 0.22 0.0132965 -0.0681357 0.518008 0.00413639 0.0993062 -0.0116291
0.0369217 2.13053 0.215147 0.0411232 2.13619 0.22 -0.0233357 0.221577 0.206055 0.00420193 0.0993293 -0.0114061
0.0369376 2.13175 0.216624 0.0411658 2.13718 0.22 0.00411971 -0.0951894 -0.0502211 0.00427465 0.0993426 -0.0112623
0.036894 2.13111 0.215577 0.0412087 2.13817 0.22 0.0109506 0.057089 -0.0196605 0.00427074 0.0992621 -0.0119522
0.0370816 2.132 0.215571 0.0412518 2.13916 0.22 0.0242863 0.0759891 -0.00431759 0.00432155 0.099249 -0.0120421
0.0372317 2.13242 0.215129 0.0412956 2.14016 0.22 -0.005122 0.018075 -0.0672645 0.00438382 0.0992715 -0.0118331
0.0372204 2.13306 0.21456 0.0413395 2.14115 0.22 -0.00312614 0.111894 -0.0317292 0.00438948 0.0993053 -0.0115432
0.0371339 2.13435 0.214404 0.0413829 2.14214 0.22 -0.00240855 0.119148 -0.0413413 0.00432115 0.0993422 -0.0112476
0.0372097 2.13524 0.214441 0.0414254 2.14314 0.22 0.0194305 0.0714022 0.0389746 0.0042452 0.0993887 -0.0108595
0.0374269 2.13624 0.215066 0.0414676 2.14413 0.22 0.0227335 0.154638 0.0274276 0.00421466 0.0994278 -0.0105077
0.0376554 2.13742 0.215553 0.0415097 2.14513 0.22 0.0129767 0.0837801 0.0320352 0.00421399 0.0994723 -0.010078
0.0377514 2.13837 0.216269 0.0415518 2.14612 0.22 0.0149848 0.140453 0.0525868 0.00420367 0.0994928 -0.00987796
0.0378693 2.13967 0.217292 0.0415934 2.14712 0.22 0.0146789 0.0928184 0.0753103 0.00415889 0.0995138 -0.00968315
0.0379463 2.14057 0.218416 0.0416343 2.14811 0.22 0.00781102 0.0753645 0.0761377 0.00406519 0.0995398 -0.00945328
0.0379864 2.14164 0.21976 0.0416745 2.14911 0.22 0.00465616 0.115299 0.093656 0.00400748 0.0995541 -0.00932679
0.0380036 2.14276 0.221099 0.0417139 2.1501 0.22 -0.0088204 0.103254 0.0946754 0.00393101 0.0995548 -0.00935205
0.0379474 2.14379 0.222479 0.0417529 2.1511 0.22 -0.0094695 0.107509 0.104529 0.00388722 0.0995721 -0.00918365
0.0378725 2.14489 0.22393 0.0417914 2.15209 0.22 -0.0100986 0.0886685 0.112287 0.00383933 0.0995879 -0.00903188
0.0378412 2.14584 0.225393 0.0418295 2.15309 0.22 0.00309522 0.0827803 0.103276 0.00380271 0.0996099 -0.00880152
0.037872 2.14686 0.226723 0.0418673 2.15409 0.22 0.00917385 0.0964567 0.10211 0.00376491 0.0996236 -0.00866168
0.0379058 2.1477 0.227958 0.0419048 2.15508 0.22 0.00333127 0.0740537 0.0975892 0.00375193 0.099633 -0.0085586
0.0379545 2.14866 0.228999 0.0419424 2.15608 0.22 -0.00105734 0.0963196 0.0605907 0.00377093 0.0996352 -0.00852464
0.037981 2.14972 0.230054 0.0419803 2.15707 0.22 0.00202739 0.101543 0.0731111 0.00379561 0.0996349 -0.00851752
0.0379922 2.15085 0.231013 0.0420184 2.15807 0.22 0.00857596 0.129366 0.0647794 0.00381268 0.0996395 -0.00845512
0.0379653 2.15221 0.231938 0.0420564 2.15907 0.22 -0.00586249 0.118651 0.0622286 0.00378773 0.0996535 -0.00830055
0.0379629 2.15341 0.232773 0.0420941 2.16006 0.22 -0.00310322 0.10479 0.0453732 0.00377324 0.0996854 -0.00791507
0.03797 2.15472 0.233403 0.0421317 2.16106 0.22 0.00262348 0.145611 0.0317953 0.00375695 0.0996972 -0.00777341
0.0379416 2.15588 0.233926 0.0421694 2.16206 0.22 -0.0027081 0.103786 0.0355932 0.00378379 0.0997046 -0.0076641
0.0379255 2.15706 0.234313 0.0422075 2.16306 0.22 -0.00513947 0.126686 0.00321043 0.0038241 0.0997078 -0.00760198
0.0379232 2.15828 0.234592 0.042246 2.16405 0.22 0.00422636 0.107481 0.00611627 0.00385055 0.0997073 -0.00759508
0.0379824 2.15933 0.234808 0.0422847 2.16505 0.22 0.00893941 0.0979776 0.00665314 0.00386649 0.0997045 -0.00762391
0.0380296 2.16056 0.234931 0.0423233 2.16605 0.22 0.00877659 0.132884 -0.0131145 0.00386676 0.0997023 -0.00765229
0.0380417 2.16082 0.234894 0.0423542 2.16684 0.22 0 0 0 0.00386095 0.0997031 -0.00764556
0.0380417 2.16082 0.170623 0.0423928 2.16784 0.22 0 0 0 0.0038503 0.0997059 -0.00761372
0.0380417 2.16082 0.17971 0.0424312 2.16884 0.22 0 0 0 0.00384298 0.0997085 -0.00758321
0.0381812 2.16366 0.19146 0.0424696 2.16984 0.22 0.00502845 0.305767 0.874513 0.00383227 0.0997112 -0.00755358
0.0382565 2.16598 0.202523 0.0425078 2.17083 0.22 0.0131691 0.155545 0.720869 0.00381614 0.0997135 -0.00753076
0.0383478 2.16624 0.211069 0.0425458 2.17183 0.22 0.00479279 -0.0428796 0.581476 0.00380514 0.0997287 -0.00733294
0.0383681 2.16588 0.218268 0.0425837 2.17283 0.22 0.0105624 0.0079961 0.511416 0.00378346 0.0997409 -0.00717643
0.0384183 2.16631 0.223642 0.0426216 2.17382 0.22 0.00391858 0.0432202 0.382441 0.0037879 0.0997544 -0.00698403
0.038484 2.16693 0.227797 0.0426594 2.17482 0.22 0.00225977 0.0983677 0.286101 0.00378169 0.0997848 -0.00653801
0.0385995 2.16835 0.230317 0.0426972 2.17582 0.22 -0.00556072 0.127727 0.143654 0.00378148 0.0998301 -0.00580636
0.038493 2.16905 0.231269 0.0427353 2.17682 0.22 -0.00987245 -0.0402612 0.0139895 0.00382992 0.0998481 -0.00545404
0.0384221 2.16868 0.231063 0.0427739 2.17782 0.22 0.00255114 -0.00462764 -0.0280578 0.00385813 0.099837 -0.00563408
0.0382883 2.16921 0.230126 0.0428128 2.17882 0.22 -0.0292524 0.0759301 -0.0928089 0.00390468 0.099774 -0.00663134
0.0380593 2.16906 0.228846 0.0428525 2.17981 0.22 -0.0187743 -0.0348026 -0.0943887 0.00399799 0.0996954 -0.0076747
0.0378352 2.16964 0.227359 0.0428934 2.18081 0.22 -0.0189186 0.130815 -0.10795 0.00410073 0.0996336 -0.00839022
0.0377392 2.17112 0.226116 0.0429361 2.1818 0.22 -0.0095051 0.133284 -0.081769 0.00427842 0.0995724 -0.0090056
0.0377878 2.17234 0.225303 0.0429809 2.1828 0.22 0.0070432 0.126048 -0.0690628 0.00450905 0.0995455 -0.00918797
0.0379146 2.17409 0.224458 0.0430272 2.1838 0.22 0.0124642 0.200083 -0.068053 0.00467326 0.0995552 -0.0089995
0.0381021 2.17554 0.223906 0.0430748 2.18479 0.22 0.0257338 0.121836 -0.0413474 0.00477274 0.0995749 -0.00872538
0.0383436 2.17678 0.223807 0.0431235 2.18579 0.22 0.0250985 0.113041 0.00889108 0.00486873 0.0995969 -0.00841538
0.0386025 2.17798 0.2241 0.0431722 2.18678 0.22 0.0182384 0.074546 0.0389821 0.00486983 0.0995918 -0.0084752
0.0387839 2.17891 0.224691 0.0432203 2.18778 0.22 0.0080489 0.109617 0.0454569 0.00478076 0.0995748 -0.00872186
0.0388296 2.18037 0.225405 0.043267 2.18877 0.22 -0.00251522 0.167616 0.0684625 0.00464716 0.0995602 -0.00895719
0.0388319 2.18192 0.226264 0.0433128 2.18977 0.22 -3.17339e-05 0.170545 0.0489708 0.0045645 0.0995584 -0.00901953
0.0388502 2.18366 0.227048 0.0433581 2.19077 0.22 -0.00194507 0.178308 0.053691 0.00453419 0.0995692 -0.00891552
0.0388306 2.18539 0.227917 0.0434032 2.19176 0.22 -0.00769984 0.162418 0.0686511 0.00450853 0.0996021 -0.00855264
0.0388372 2.18717 0.228873 0.0434482 2.19276 0.22 0.00209374 0.167483 0.0592821 0.00449889 0.0996291 -0.00823781
0.0388596 2.18885 0.229852 0.0434929 2.19375 0.22 -0.00477306 0.141579 0.0871998 0.00445961 0.0996494 -0.00801067
0.0388809 2.1902 0.230868 0.0435369 2.19475 0.22 0.00470498 0.158068 0.0662674 0.00437594 0.0996516 -0.00802912
0.0389089 2.19173 0.231803 0.0435801 2.19575 0.22 0.0030081 0.149898 0.0661584 0.00430076 0.0995891 -0.00880737
0.0389193 2.19318 0.232728 0.043623 2.19674 0.22 0.00517634 0.15069 0.0516937 0.00428161 0.0995965 -0.00873357
0.0389793 2.19462 0.233482 0.0436661 2.19774 0.22 -0.000315072 0.134956 0.040595 0.00431246 0.0996089 -0.00857543
0.0390275 2.19606 0.234034 0.0437096 2.19874 0.22 0.00801133 0.140586 0.0231403 0.00436383 0.0996313 -0.00828339
0.0390839 2.19737 0.234425 0.0437532 2.19973 0.22 0.00474383 0.123823 0.0337891 0.00435661 0.0996559 -0.00798604
0.0391051 2.19868 0.234826 0.0437965 2.20073 0.22 0.00266546 0.111908 0.0326771 0.00431505 0.0996731 -0.00779265
0.0391326 2.19982 0.235208 0.0438389 2.20173 0.22 0.00110814 0.127353 0.0135821 0.00424103 0.0996904 -0.00760979
0.0391617 2.20103 0.235517 0.0438807 2.20272 0.22 -0.00562128 0.131435 0.00816206 0.00417575 0.099704 -0.00746604
0.039152 2.2015 0.235637 0.0439223 2.20372 0.22 0 0 0 0.00415648 0.0997113 -0.00737857
0.039152 2.2015 0.170695 0.0439639 2.20472 0.22 0 0 0 0.00416747 0.0997164 -0.00730345
0.039152 2.2015 0.179461 0.0440062 2.20571 0.22 0 0 0 0.00423734 0.0997254 -0.00713775
0.0392292 2.20189 0.190261 0.0440491 2.20671 0.22 0.0131114 0.0719498 0.742424 0.00430997 0.0997351 -0.006957
0.0394352 2.20245 0.199353 0.0440927 2.20771 0.22 0.0225146 0.0416854 0.588358 0.00436083 0.0997365 -0.00690428
0.0396121 2.20288 0.206562 0.0441367 2.20871 0.22 0.00509747 -0.00443073 0.479213 0.00441278 0.0997581 -0.00655042
0.0396971 2.20301 0.212231 0.044181 2.2097 0.22 0.000101353 0.0544642 0.336998 0.00444457 0.0997744 -0.00627455
0.0396852 2.20354 0.215436 0.0442258 2.2107 0.22 -0.00393216 0.108152 0.0793279 0.00447902 0.0997944 -0.00592205
0.0397044 2.20483 0.215426 0.0442709 2.2117 0.22 0.00167967 0.0621082 -0.0569182 0.00451907 0.0998121 -0.00558417
0.0397388 2.20526 0.214493 0.0443165 2.2127 0.22 0.0137471 0.0502306 -0.0636777 0.00458036 0.0998141 -0.00549791
0.0398149 2.20604 0.213635 0.0443626 2.2137 0.22 0.01061 0.100891 -0.0688172 0.00461809 0.0998094 -0.00555223
0.0398702 2.20691 0.212861 0.0444092 2.21469 0.22 0.0015089 0.0568343 -0.0525823 0.00466154 0.0998042 -0.0056086
0.0399061 2.20758 0.212322 0.0444561 2.21569 0.22 0.0069255 0.107052 -0.0321432 0.00469238 0.0998145 -0.00539549
0.0399881 2.20873 0.212407 0.0445029 2.21669 0.22 0.0189875 0.0807115 0.0398568 0.0046823 0.0998301 -0.00510706
0.0401311 2.2095 0.213029 0.0445497 2.21769 0.22 0.0183971 0.118798 0.0262341 0.00467308 0.0998506 -0.00469885
0.0402286 2.21066 0.213525 0.0445964 2.21869 0.22 0.000996481 0.0818655 0.0338754 0.0046672 0.0998665 -0.00435405
0.0402358 2.21138 0.214261 0.0446429 2.21969 0.22 0.000946965 0.0756048 0.0584116 0.00465184 0.0998893 -0.00381541
0.0402279 2.21225 0.21518 0.0446892 2.22069 0.22 0.00232954 0.0776795 0.0712693 0.00462096 0.0999035 -0.00346463
0.0402641 2.21303 0.216204 0.0447351 2.22168 0.22 0.00905913 0.0634343 0.0754525 0.00457942 0.0999145 -0.0031913
0.0403337 2.21363 0.217325 0.0447805 2.22268 0.22 0.00652622 0.0780188 0.104748 0.00452514 0.099923 -0.00299685
0.040371 2.21425 0.218495 0.0448256 2.22368 0.22 0.00343797 0.0587161 0.0814804 0.00450633 0.0999262 -0.00291791
0.0403884 2.21504 0.219756 0.0448706 2.22468 0.22 0.00526922 0.0850319 0.0983931 0.00449971 0.0999298 -0.00280232
0.0403965 2.21585 0.221085 0.0449156 2.22568 0.22 -0.00100855 0.0614792 0.10392 0.00450787 0.0999408 -0.00236054
0.0404181 2.21675 0.22251 0.0449607 2.22668 0.22 0.00202052 0.0865554 0.108904 0.00450115 0.0999466 -0.0021157
0.0404397 2.21772 0.223849 0.0450056 2.22768 0.22 0.000123634 0.0743011 0.0876131 0.00448118 0.0999513 -0.00192751
0.04045 2.21838 0.22502 0.0450499 2.22868 0.22 0.00854321 0.0872108 0.0923385 0.00443252 0.0999685 -0.000839412
0.0404791 2.21926 0.226013 0.0450936 2.22968 0.22 0.00577898 0.0798204 0.0739924 0.00436251 0.0999752 4.89359e-07
0.0404861 2.22024 0.226998 0.0451371 2.23068 0.22 0.00714761 0.0955929 0.0769157 0.00435118 0.0999756 -1.32225e-05
0.040501 2.22115 0.227969 0.0451809 2.23168 0.22 0.00476453 0.112579 0.0694321 0.00437656 0.0999745 -2.75263e-05
0.0405108 2.22231 0.228871 0.0452253 2.23268 0.22 -0.00511914 0.133353 0.0567266 0.0044487 0.0999714 -2.77314e-05
0.0405263 2.2235 0.229658 0.0452699 2.23368 0.22 0.00515303 0.116618 0.0728593 0.00445984 0.0999708 4.41429e-05
0.0405995 2.22475 0.230423 0.0453142 2.23468 0.22 0.0118791 0.134846 0.0442099 0.00442006 0.0999725 0.000181254
0.0406637 2.22605 0.231005 0.0453579 2.23568 0.22 0.0108935 0.129233 0.0353573 0.00435658 0.0999749 0.000323867
0.0407163 2.22733 0.231498 0.0454013 2.23668 0.22 0.0140452 0.136188 0.0377992 0.00433086 0.0999758 0.000381301
0.0407511 2.22871 0.231902 0.0454446 2.23768 0.22 -0.00431804 0.121206 0.0205108 0.00434168 0.099975 0.000456818
0.0407697 2.22999 0.232153 0.0454885 2.23868 0.22 0.00272422 0.147076 0.0175901 0.00439902 0.09997 0.000837793
0.0407908 2.23152 0.232437 0.0455331 2.23968 0.22 0.00395781 0.142738 -0.0010215 0.00447457 0.0999662 0.000898851
0.0408042 2.23213 0.232511 0.045578 2.24068 0.22 0 0 0 0.00449994 0.0999648 0.000921178
0.0408042 2.23213 0.171181 0.0456606 2.24168 0.22 0 0 0 0.00825433 0.0999365 0.000901363
0.0408042 2.23213 0.180967 0.045743 2.24268 0.22 0 0 0 0.00823325 0.0999382 0.00090206
0.0410464 2.23591 0.192906 0.045825 2.24368 0.22 0.0146933 0.288024 0.881064 0.00818472 0.0999426 0.00086062
0.0412435 2.23837 0.203386 0.0459064 2.24467 0.22 0.0178092 0.18974 0.650016 0.00812837 0.0999472 0.000853348
0.0413793 2.23925 0.210399 0.0459871 2.24567 0.22 -0.00722357 -0.000160929 0.371576 0.00806718 0.0999511 0.000975979
0.0415323 2.23973 0.214535 0.0460671 2.24667 0.22 0.0604045 0.118963 0.251196 0.00799197 0.099959 0.000759651
0.0421146 2.24153 0.216913 0.0461466 2.24767 0.22 0.0487614 0.181167 0.171135 0.00793036 0.0999648 0.000629013
0.0426001 2.24254 0.218292 0.0462254 2.24867 0.22 0.0577862 0.0211884 0.0361308 0.00788248 0.0999685 0.000651342
0.0430057 2.2429 0.218483 0.0463032 2.24967 0.22 0.0240315 0.117118 0.0215476 0.00776175 0.0999789 0.000483219
0.0431554 2.24419 0.218708 0.04638 2.25067 0.22 0.0115487 0.0915614 0.0178434 0.00765047 0.0999886 5.65748e-05
0.0431743 2.24496 0.218618 0.0464557 2.25167 0.22 -0.0040346 0.0458167 -0.0295817 0.00756178 0.0999943 -0.000464006
0.0432534 2.24562 0.218254 0.0465309 2.25267 0.22 0.00500728 0.117181 -0.0414659 0.00750421 0.0999939 -0.00107502
0.0433246 2.24691 0.217877 0.0466057 2.25367 0.22 0.00404388 0.0987384 -0.00205328 0.00747454 0.0999929 -0.00133837
0.0434108 2.24762 0.217712 0.0466802 2.25467 0.22 0.00664528 0.0794509 -0.0165308 0.00744371 0.0999928 -0.00151063
0.0433807 2.24909 0.217605 0.0467544 2.25567 0.22 -0.00364443 0.145241 0.0115331 0.00741363 0.0999939 -0.00158651
0.0433844 2.25007 0.217873 0.0468284 2.25667 0.22 -0.000180412 0.0588354 0.0219784 0.00738347 0.0999952 -0.00164318
0.0433944 2.25119 0.21828 0.046902 2.25767 0.22 0.010165 0.140128 0.0662101 0.00735397 0.099997 -0.00166618
0.0433945 2.25245 0.219115 0.046975 2.25867 0.22 -0.00749416 0.0900515 0.0743097 0.0073013 0.0999992 -0.0017611
0.0433584 2.25362 0.220052 0.0470475 2.25967 0.22 -0.00293134 0.126658 0.0884318 0.00724346 0.100001 -0.00189845
0.0433295 2.25506 0.221199 0.0471198 2.26067 0.22 -0.00977208 0.163446 0.100745 0.00722146 0.1 -0.00200662
0.0432334 2.25662 0.222366 0.0471921 2.26167 0.22 -0.0107353 0.146838 0.0831926 0.00723067 0.0999842 -0.0026684
0.0431548 2.25816 0.223515 0.0472644 2.26267 0.22 -0.00953917 0.18957 0.0824884 0.00722538 0.0999865 -0.00259734
0.043086 2.26 0.224647 0.0473362 2.26367 0.22 -0.00355845 0.199552 0.084539 0.00717343 0.0999958 -0.00237291
0.0430022 2.26165 0.225669 0.0474075 2.26467 0.22 -0.0119871 0.145244 0.0997304 0.00710291 0.100001 -0.00238322
0.0428971 2.26337 0.226759 0.0474782 2.26567 0.22 -0.0105554 0.146203 0.0909922 0.00706367 0.100009 -0.00215167
0.0428157 2.26476 0.227872 0.0475488 2.26667 0.22 -0.00246735 0.145667 0.0860995 0.00706856 0.100009 -0.00211107
0.0427787 2.26623 0.228993 0.0476197 2.26767 0.22 -0.00509309 0.150723 0.0936861 0.00710159 0.10001 -0.0019432
0.0427413 2.26758 0.229952 0.0476908 2.26867 0.22 0.00404779 0.0858193 0.0716898 0.00710161 0.100013 -0.0018117
0.0427036 2.2687 0.230806 0.0477612 2.26967 0.22 -0.00663582 0.138113 0.06005 0.00700451 0.100022 -0.00165659
0.0426519 2.27006 0.2315 0.0478306 2.27067 0.22 -0.00459307 0.117178 0.0630404 0.00691775 0.100029 -0.00159707
0.0425862 2.27113 0.232201 0.047899 2.27167 0.22 -0.0121526 0.10847 0.0424344 0.0068466 0.100035 -0.00153454
0.0425208 2.2724 0.232686 0.0479677 2.27267 0.22 -0.000881406 0.128731 0.0349779 0.00688734 0.100023 -0.00204751
0.0425279 2.27341 0.233138 0.0480371 2.27367 0.22 -0.00693899 0.0827191 0.0264245 0.00698125 0.10002 -0.00189837
0.0425116 2.27428 0.233334 0.0481073 2.27467 0.22 -0.0100421 0.0790451 0.0227121 0.00702298 0.100019 -0.00178589
0.042507 2.27523 0.233529 0.0481776 2.27567 0.22 0.00253034 0.105243 0.0220221 0.00702734 0.100021 -0.00165683
0.0425323 2.27617 0.23367 0.0482477 2.27667 0.22 -0.000189631 0.083553 0.00795747 0.00699803 0.100025 -0.00150668
0.0425319 2.27634 0.233759 0.0483174 2.27767 0.22 0 0 0 0.00695901 0.100029 -0.00143872
0.0425319 2.27634 0.168015 0.0483868 2.27868 0.22 0 0 0 0.00693513 0.10003 -0.00144014
0.0425319 2.27634 0.17732 0.0484559 2.27968 0.22 0 0 0 0.00691973 0.10003 -0.00152051
0.0427758 2.27687 0.188867 0.0485253 2.28068 0.22 0.0167111 0.130765 0.864915 0.00693838 0.100028 -0.00159448
0.0430689 2.27841 0.200027 0.048595 2.28168 0.22 0.0426146 0.209224 0.749108 0.00699328 0.100023 -0.00164519
0.0433458 2.27951 0.20773 0.0486654 2.28268 0.22 0.0196296 -0.0444323 0.386812 0.00705376 0.100019 -0.00166264
0.0433503 2.27876 0.211441 0.048737 2.28368 0.22 -0.0239913 -0.00257052 0.183587 0.00717223 0.10001 -0.00164715
0.0432036 2.28009 0.213151 0.0488094 2.28468 0.22 -0.00030993 0.239716 0.0571531 0.00726577 0.100011 -0.00115494
0.0432292 2.2821 0.213522 0.0488832 2.28568 0.22 0.0054072 0.0936989 0.0510484 0.00741821 0.100005 -0.000537321
0.043377 2.2828 0.213786 0.048959 2.28668 0.22 0.0159191 0.0722255 -0.00016987 0.00759571 0.0999926 -0.000170529
0.043424 2.2837 0.213802 0.0490378 2.28768 0.22 -0.00338175 0.0836873 -0.0178071 0.00791311 0.0999665 0.000583906
0.043322 2.28461 0.213811 0.0491186 2.28868 0.22 -0.00997023 0.0540787 0.0237333 0.00812327 0.0999501 0.000494699
0.0431236 2.28481 0.213973 0.049201 2.28967 0.22 -0.0161504 0.0162922 -0.00810814 0.00825135 0.0999399 0.000416076
0.0430832 2.28499 0.213973 0.0492838 2.29067 0.22 0.000620612 0.0305534 -0.000985533 0.00828059 0.099938 0.000263903
0.0431229 2.28544 0.214008 0.0493665 2.29167 0.22 0.00349574 0.0575467 0.00408767 0.00825993 0.0999391 0.000447998
0.0431692 2.28609 0.214387 0.0494487 2.29267 0.22 0.0277331 0.0831714 0.0879677 0.0082104 0.0999417 0.000700917
0.0434351 2.28693 0.215758 0.04953 2.29367 0.22 0.037588 0.0951297 0.0876208 0.00812216 0.0999456 0.00108041
0.0438728 2.28759 0.216716 0.0496103 2.29467 0.22 0.0514226 0.0530008 0.0406864 0.00801651 0.0999515 0.0012977
0.0444239 2.28793 0.217284 0.0496901 2.29567 0.22 0.0576011 0.0696466 0.0635494 0.00795563 0.0999561 0.00131431
0.0449559 2.28871 0.218193 0.0497693 2.29667 0.22 0.0458943 0.0716922 0.0774549 0.00792572 0.0999577 0.00137632
0.0452775 2.28934 0.219138 0.0498484 2.29767 0.22 0.0181948 0.0696773 0.102976 0.00790551 0.0999563 0.0015785
0.045362 2.29011 0.22032 0.0499271 2.29867 0.22 0.00570156 0.0917499 0.0853789 0.00785595 0.0999568 0.00178374
0.0453887 2.29118 0.221561 0.0500052 2.29967 0.22 -0.00905467 0.0919488 0.105678 0.00779929 0.0999589 0.00190951
0.0453381 2.29208 0.222906 0.0500828 2.30067 0.22 -0.0086596 0.052436 0.114456 0.00775214 0.0999566 0.00219635
0.0451964 2.2928 0.224211 0.0501602 2.30167 0.22 -0.0126134 0.10578 0.0912604 0.00774063 0.0999556 0.00228267
0.0450529 2.29382 0.225254 0.0502377 2.30267 0.22 -0.00579078 0.0859913 0.086601 0.00774861 0.0999539 0.00232811
0.044967 2.29465 0.226275 0.0503152 2.30367 0.22 -0.00790212 0.0793097 0.081995 0.00776057 0.0999419 0.00276542
0.044914 2.29566 0.22726 0.0503926 2.30467 0.22 -0.000721083 0.123549 0.0593623 0.00773179 0.0999378 0.0029832
0.0449543 2.29698 0.228184 0.0504694 2.30567 0.22 0.0122016 0.140233 0.0691537 0.0076472 0.0999427 0.00303596
0.0450186 2.29813 0.229047 0.0505455 2.30667 0.22 -0.0037012 0.120876 0.0451629 0.00759857 0.0999439 0.00311935
0.0450086 2.29936 0.229811 0.0506212 2.30767 0.22 -0.000523406 0.142182 0.0560755 0.00757394 0.0999426 0.00321889
0.0450025 2.3006 0.230499 0.0506974 2.30867 0.22 -0.00568397 0.105588 0.0557687 0.00764235 0.0999333 0.00334318
0.0449629 2.30189 0.231071 0.0507744 2.30966 0.22 -0.00160032 0.133315 0.0470618 0.00771771 0.0999256 0.00339967
0.0449131 2.30309 0.231491 0.0508517 2.31066 0.22 -0.00135479 0.118646 0.0270493 0.00772935 0.0999029 0.00398983
0.0448674 2.30427 0.231844 0.0509287 2.31166 0.22 0.000168902 0.137309 0.0343364 0.00768843 0.0999079 0.00394449
0.0448786 2.30565 0.232114 0.051005 2.31266 0.22 0.00267632 0.143033 0.0250361 0.00762393 0.0999163 0.00385545
0.0448804 2.30689 0.232435 0.0510809 2.31366 0.22 -0.00265171 0.130803 0.0166108 0.00758096 0.0999213 0.00380974
0.0448751 2.30715 0.232745 0.0511566 2.31466 0.22 0 0 0 0.00757205 0.0999395 0.00331846
0.0448751 2.30715 0.170353 0.0512326 2.31566 0.22 0 0 0 0.0076071 0.0999428 0.00313395
0.0448751 2.30715 0.180942 0.051309 2.31666 0.22 0 0 0 0.00764927 0.0999392 0.00314435
0.0448582 2.31112 0.193194 0.0513858 2.31766 0.22 0.00153138 0.312078 0.884961 0.0076891 0.0999376 0.00309973
0.0449725 2.31416 0.203895 0.0514631 2.31866 0.22 0.0254773 0.158517 0.721523 0.00774396 0.0999299 0.0032077
0.0451935 2.31444 0.211102 0.0515407 2.31966 0.22 -0.000728291 -0.0520479 0.327355 0.00776702 0.099926 0.00327284
0.0453011 2.31422 0.214902 0.0516184 2.32066 0.22 0.0267469 0.108223 0.27051 0.00776536 0.099929 0.00318421
0.0455003 2.31591 0.217621 0.0516961 2.32166 0.22 0.0114259 0.182742 0.179312 0.00777988 0.0999195 0.00343817
0.0456085 2.31734 0.21868 0.0517739 2.32265 0.22 0.0254218 0.0799308 0.0544448 0.00777862 0.099912 0.00365171
0.0458468 2.31777 0.218962 0.0518517 2.32365 0.22 0.0234428 0.0571151 -0.000270641 0.00777833 0.0999151 0.0035674
0.0460525 2.31853 0.218714 0.0519294 2.32465 0.22 0.00928298 0.0590368 -0.0366315 0.00776606 0.0999348 0.00299724
0.0460849 2.31861 0.218314 0.0520067 2.32565 0.22 -0.0123827 0.00015207 -0.032083 0.00772233 0.0999657 0.00186235
0.0460243 2.31915 0.217894 0.0520837 2.32665 0.22 -0.000608322 0.127598 -0.0372878 0.00769614 0.0999775 0.00122934
0.0460392 2.32049 0.217711 0.0521602 2.32765 0.22 -0.0112453 0.141627 0.0115888 0.00764128 0.0999869 0.000688015
0.0460305 2.32156 0.217777 0.052236 2.32865 0.22 0.012064 0.121613 0.0229581 0.00757573 0.0999926 0.000588899
0.0461412 2.32296 0.21804 0.0523113 2.32965 0.22 0.0159094 0.157463 0.0425772 0.00751383 0.0999967 0.000677292
0.0463415 2.32454 0.218519 0.0523861 2.33065 0.22 0.0189509 0.140882 0.0438788 0.00747594 0.099999 0.000749168
0.0465129 2.32573 0.21919 0.0524605 2.33165 0.22 0.0153313 0.122835 0.0579368 0.00743329 0.100002 0.000791417
0.0465641 2.32704 0.220105 0.0525346 2.33265 0.22 0.00337521 0.12953 0.0560382 0.00741056 0.100004 0.000663623
0.0465402 2.32826 0.22119 0.0526088 2.33365 0.22 -0.00729645 0.137085 0.0999172 0.0074327 0.100004 0.000496216
0.046475 2.32975 0.222276 0.0526834 2.33465 0.22 -0.00388819 0.160508 0.096289 0.00746324 0.100002 0.000394306
0.0464577 2.33119 0.223408 0.0527584 2.33565 0.22 -0.00573999 0.13709 0.0958334 0.00750356 0.0999992 0.000322104
0.0464464 2.3327 0.224473 0.0528336 2.33665 0.22 0.00249386 0.177644 0.0966724 0.00751972 0.0999977 0.000407712
0.0464257 2.33478 0.225818 0.0529088 2.33765 0.22 0.00183807 0.174968 0.0880153 0.00752013 0.0999967 0.000592756
0.0464383 2.33628 0.226858 0.052984 2.33865 0.22 0.0120337 0.149737 0.0890948 0.00751753 0.0999966 0.000642396
0.0464718 2.33728 0.227724 0.0530592 2.33965 0.22 0.0027257 0.14281 0.0848584 0.00752827 0.0999939 0.000893551
0.0464851 2.33902 0.22905 0.05315 2.34085 0.22 -0.00328154 0.158838 0.0789656 0.00757839 0.0999887 0.00103445
0.0465121 2.34014 0.230154 0.0532262 2.34185 0.22 0.00608547 0.091298 0.0719382 0.00762345 0.0999852 0.00104417
0.0464793 2.34142 0.231088 0.0533025 2.34285 0.22 -0.00544605 0.133961 0.0828078 0.00763099 0.0999849 0.0010221
0.0464457 2.34265 0.232007 0.0533786 2.34385 0.22 -0.00757585 0.136109 0.0664235 0.00760554 0.0999866 0.0010445
0.0464837 2.34381 0.232674 0.0534545 2.34485 0.22 0.00747569 0.0960111 0.0578352 0.00758613 0.0999877 0.00108115
0.0465448 2.34501 0.233233 0.0535303 2.34585 0.22 0.00397641 0.141697 0.0477034 0.00758696 0.0999867 0.00116259
0.046641 2.34597 0.233675 0.0536065 2.34685 0.22 0.00889618 0.083909 0.0382402 0.00762336 0.0999823 0.00129211
0.0467681 2.34699 0.23418 0.0536831 2.34785 0.22 0.0132994 0.118416 0.0298523 0.00766105 0.0999776 0.0014284
0.0469196 2.34805 0.234529 0.0537596 2.34885 0.22 0.014168 0.0862028 0.0321885 0.00764891 0.0999777 0.00148373
0.0471589 2.34896 0.234815 0.0538357 2.34985 0.22 0.0183314 0.0922427 0.0230877 0.00760347 0.0999805 0.00152714
0.0474274 2.34974 0.235069 0.0539112 2.35085 0.22 0.029226 0.0849455 0.029295 0.00754362 0.099984 0.00159175
0.0474274 2.34974 0.161933 0.0539863 2.35185 0.22 0 0 0 0.00749586 0.0999868 0.00164111
0.0474274 2.34974 0.170314 0.0540609 2.35285 0.22 0 0 0 0.00744123 0.0999899 0.00169948
0.0474905 2.34983 0.180917 0.054135 2.35385 0.22 0.031549 0.0442668 0.828192 0.00739921 0.0999919 0.00176554
0.047839 2.35078 0.192986 0.0542085 2.35485 0.22 0.0317283 0.162315 0.888401 0.00735125 0.0999678 0.00294152
0.0483001 2.35243 0.20406 0.054282 2.35585 0.22 0.0470889 0.220733 0.751252 0.00736033 0.0999653 0.003003
0.048618 2.35411 0.213279 0.0543559 2.35685 0.22 0.0366183 0.103894 0.643535 0.00739199 0.0999633 0.00299096
0.0488059 2.35382 0.219441 0.0544301 2.35785 0.22 0.0206661 -0.152374 0.248116 0.00742052 0.0999673 0.00278058
0.0489177 2.35305 0.219852 0.0545041 2.35885 0.22 -0.00735216 0.0615259 -0.00809358 0.00739347 0.0999849 0.00214809
0.0488544 2.35525 0.219829 0.0545775 2.35985 0.22 0.00695656 0.252027 -0.00311071 0.00731871 0.100004 0.00140766
0.0490222 2.35651 0.219244 0.0546502 2.36085 0.22 0.0208713 0.0643488 -0.0406329 0.00726023 0.0999948 0.0021409
0.0491575 2.35723 0.218505 0.0547224 2.36185 0.22 0.0131184 0.137232 -0.0437663 0.00720417 0.0999762 0.00301931
0.049318 2.35884 0.217739 0.0547944 2.36285 0.22 0.0227272 0.152734 -0.0674802 0.0071997 0.099964 0.00340777
0.0495144 2.35949 0.217042 0.0548666 2.36385 0.22 0.0178051 0.0363696 -0.0429902 0.00723555 0.099952 0.00367411
0.049697 2.36019 0.217194 0.0549395 2.36485 0.22 0.0172616 0.0656678 0.0297418 0.00729584 0.099941 0.00384982
0.0498098 2.36084 0.217343 0.0550131 2.36585 0.22 0.0135024 0.0499017 0.00460315 0.0073721 0.0999293 0.00400441
0.0498947 2.3616 0.217581 0.055087 2.36685 0.22 0.0105413 0.0765828 0.0447257 0.00739627 0.0999213 0.00415797
0.0499584 2.36224 0.218342 0.0551609 2.36784 0.22 0.0136489 0.0403527 0.056391 0.00738926 0.099917 0.00427209
0.0500022 2.36302 0.219248 0.0552346 2.36884 0.22 -0.00533704 0.0941172 0.0765531 0.00737205 0.0999105 0.00444984
0.0500031 2.36394 0.220307 0.0553082 2.36984 0.22 0.00226184 0.0824632 0.103906 0.00735325 0.099901 0.00468823
0.0499754 2.3647 0.221531 0.0553817 2.37084 0.22 -0.00472151 0.0544841 0.0967151 0.00735003 0.099892 0.00488094
0.0499254 2.36534 0.222753 0.0554552 2.37184 0.22 -0.00587594 0.0730097 0.102877 0.00735775 0.0998828 0.0050543
0.0498476 2.36605 0.224065 0.0555289 2.37284 0.22 -0.000493935 0.0363847 0.0926343 0.00736476 0.0998775 0.00514804
0.0498131 2.36659 0.225252 0.0556026 2.37384 0.22 -0.00950055 0.081425 0.0912069 0.0073682 0.0998585 0.00549825
0.0497747 2.36745 0.226377 0.0556761 2.37484 0.22 0.0041539 0.0803147 0.0773284 0.00734989 0.0998388 0.00586965
0.0497577 2.36817 0.227458 0.0557494 2.37583 0.22 -0.00216657 0.0320528 0.0357975 0.00731883 0.0998199 0.00621837
0.0497623 2.36881 0.228477 0.0558223 2.37683 0.22 0.00579659 0.0888973 0.0728835 0.0072743 0.0998177 0.00630626
0.0497378 2.36997 0.229425 0.0558949 2.37783 0.22 -0.00346142 0.126523 0.0801939 0.00726305 0.0998222 0.00624756
0.0497401 2.371 0.230386 0.0559676 2.37883 0.22 -0.00715023 0.0859594 0.082909 0.00727017 0.0998225 0.00623399
0.049713 2.37189 0.231295 0.0560404 2.37983 0.22 -0.00984868 0.106532 0.0644634 0.00728051 0.0998213 0.00624039
0.0496441 2.37299 0.232011 0.0561131 2.38083 0.22 -0.0109474 0.107717 0.0548426 0.00726317 0.0998198 0.00628484
0.0496229 2.37418 0.232665 0.0561854 2.38182 0.22 -0.000445716 0.104824 0.0625582 0.00721789 0.0998184 0.00635893
0.0495933 2.37529 0.233235 0.0562568 2.38282 0.22 -0.00546411 0.0928283 0.0494602 0.00713205 0.0998203 0.00642595
0.0496072 2.37642 0.233693 0.0563273 2.38382 0.22 0.00236622 0.116735 0.0411052 0.00704116 0.0998236 0.00647529
0.0495984 2.37773 0.233973 0.0563976 2.38482 0.22 -0.00601919 0.127936 0.0257935 0.00702841 0.0998242 0.00647912
0.0496031 2.37896 0.234194 0.056468 2.38582 0.22 -0.0048933 0.121602 0.0126584 0.00704185 0.0998214 0.00650838
0.0496133 2.38046 0.234303 0.0565384 2.38682 0.22 -0.00308182 0.144543 0.015096 0.0070327 0.099818 0.00656879
0.0496554 2.38149 0.234423 0.056608 2.38781 0.22 0 0 0 0.00693905 0.0998185 0.00666104
0.0496554 2.38149 0.165302 0.0566768 2.38881 0.22 0 0 0 0.00686239 0.0998168 0.00676436
0.0496554 2.38149 0.173667 0.0567449 2.38981 0.22 0 0 0 0.00680634 0.0998228 0.00673245
0.0498132 2.38295 0.184567 0.0568128 2.39081 0.22 0.0301638 0.406466 0.927974 0.00678289 0.0998241 0.00673781
0.0499981 2.38645 0.196284 0.0568806 2.39181 0.22 0.024434 0.254016 0.830437 0.00676919 0.0998312 0.00664476
0.0501845 2.38869 0.206322 0.0569483 2.3928 0.22 0.0420989 0.138871 0.686533 0.00677605 0.0998269 0.00670282
0.0504452 2.38955 0.214453 0.0570163 2.3938 0.22 0.0185052 0.110073 0.545596 0.00680747 0.0998186 0.00679439
0.0505365 2.39011 0.218475 0.0570846 2.3948 0.22 0.0129813 0.0679022 0.247994 0.00684174 0.0998273 0.0066293
0.0510125 2.39053 0.220301 0.0571532 2.3958 0.22 0.0339245 0.0911218 0.139016 0.00686252 0.0998305 0.00655957
0.0512643 2.39183 0.22214 0.0572219 2.3968 0.22 0.0162095 0.168598 0.200184 0.0068736 0.0998194 0.00671536
0.0513903 2.39246 0.222756 0.0572904 2.3978 0.22 0.0161696 -0.0158958 0.00423636 0.00684095 0.0998283 0.00661588
0.0515383 2.39249 0.222284 0.0573588 2.39879 0.22 0.0153178 0.0168841 -0.00267167 0.00683701 0.0998615 0.00609859
0.0516793 2.39252 0.222142 0.0574272 2.39979 0.22 0.0181357 -0.0730304 -0.0143239 0.00684415 0.0999037 0.00535405
0.0518018 2.3923 0.221227 0.0574956 2.40079 0.22 0.00654109 0.0451239 -0.0666374 0.0068347 0.0999463 0.0045022
0.0518452 2.39284 0.220209 0.0575638 2.40179 0.22 0.00535133 0.0765605 -0.0479561 0.0068177 0.0999737 0.00387534
0.0520062 2.39347 0.219503 0.0576319 2.40279 0.22 0.0266783 0.0498393 -0.0471589 0.00680361 0.0999885 0.00350229
0.0523667 2.39434 0.219018 0.0576998 2.40379 0.22 0.03481 0.151186 -0.0123632 0.00679545 0.0999948 0.00333326
0.0526911 2.39581 0.218753 0.0577678 2.40479 0.22 0.0147527 0.127336 -0.000721575 0.00680147 0.0999965 0.00327104
0.052787 2.39714 0.218741 0.0578359 2.40579 0.22 -0.0017427 0.137264 0.0163579 0.00681611 0.0999971 0.00322154
0.0527431 2.39877 0.219156 0.0579042 2.40679 0.22 -0.0105952 0.167627 0.0459446 0.0068266 0.100001 0.00306798
0.0526603 2.40045 0.219832 0.0579724 2.40779 0.22 -0.00613319 0.179209 0.0607682 0.00680635 0.10001 0.0027988
0.0526122 2.40218 0.220657 0.0580402 2.40879 0.22 0.0107763 0.156419 0.0822468 0.00676625 0.100017 0.00266222
0.0526838 2.40393 0.22165 0.0581073 2.40979 0.22 0.0170497 0.165648 0.100857 0.00670826 0.100023 0.00257563
0.0527786 2.40599 0.222648 0.0581739 2.41079 0.22 0.00250965 0.231672 0.0764649 0.00665282 0.10003 0.00242756
0.0527913 2.40815 0.223547 0.0582402 2.41179 0.22 -0.00295526 0.199266 0.0802989 0.00662723 0.100039 0.00213942
0.0527047 2.41022 0.224509 0.0583065 2.41279 0.22 -0.0064783 0.170734 0.0931187 0.00662128 0.100037 0.00222705
0.0526428 2.41218 0.225533 0.0583726 2.41379 0.22 -0.00856395 0.200579 0.0802046 0.00660343 0.100038 0.00222727
0.0526001 2.41417 0.226547 0.0584382 2.41479 0.22 0.00262381 0.202074 0.0792558 0.00655322 0.100054 0.00160451
0.0525413 2.41612 0.227492 0.0585033 2.41579 0.22 -0.0083047 0.196787 0.0745514 0.00648905 0.100057 0.00167061
0.0525182 2.41776 0.228375 0.0585678 2.4168 0.22 0.00231766 0.164078 0.070078 0.00645418 0.100057 0.00177586
0.0524839 2.41941 0.229203 0.0586324 2.4178 0.22 -0.00935895 0.161477 0.0682872 0.00646494 0.100055 0.00188117
0.0524891 2.42075 0.229969 0.0586973 2.4188 0.22 -0.00321378 0.1303 0.0547014 0.00648644 0.100051 0.00198994
0.0524733 2.42223 0.230639 0.058762 2.4198 0.22 -0.000132907 0.132708 0.0574086 0.00647066 0.100049 0.00212088
0.0524001 2.42368 0.231287 0.0588263 2.4208 0.22 -0.0106658 0.14716 0.0612303 0.00639657 0.10005 0.00229432
0.0523512 2.42497 0.231641 0.0588898 2.4218 0.22 -0.000476573 0.108665 0.0391733 0.0063388 0.100052 0.00236388
0.052324 2.42585 0.23199 0.0589527 2.4228 0.22 -0.00428081 0.076416 0.0259654 0.00628142 0.100056 0.00238047
0.0523294 2.42672 0.232304 0.0590152 2.4238 0.22 0.0057989 0.0737354 0.0275 0.00625469 0.100059 0.00229142
0.0523161 2.42754 0.232561 0.0590778 2.4248 0.22 0 0 0 0.00626094 0.100061 0.00222235
0.0523161 2.42754 0.165336 0.0591407 2.4258 0.22 0 0 0 0.00628804 0.100061 0.00213322
0.0523161 2.42754 0.174088 0.0592039 2.4268 0.22 0 0 0 0.00632522 0.100068 0.00161445
0.0524137 2.42764 0.185208 0.0592674 2.4278 0.22 0.0241253 0.0268083 0.870858 0.00636176 0.100066 0.00160034
0.0526583 2.42858 0.197053 0.0593313 2.4288 0.22 0.0346151 0.127575 0.826867 0.00640536 0.100064 0.00155141
0.053026 2.43048 0.207018 0.0593964 2.4298 0.22 0.0261421 0.195938 0.691063 0.00653046 0.100057 0.00149323
0.0533121 2.43077 0.214116 0.0594627 2.4308 0.22 0.0338885 -0.166609 0.264363 0.00665135 0.100052 0.00123381
0.05339 2.42908 0.215596 0.0595298 2.4318 0.22 -0.008755 -0.00112527 0.0835241 0.00672589 0.100051 0.000929937
0.0533569 2.43076 0.21676 0.0595976 2.4328 0.22 0.014661 0.208443 0.103447 0.00678658 0.100043 0.0012314
0.0536884 2.43181 0.21734 0.0596669 2.4338 0.22 0.0209352 -0.0193389 0.00632022 0.00695688 0.100017 0.00211202
0.0538609 2.43104 0.217147 0.0597377 2.4348 0.22 0.00526035 -0.0165399 -0.0275385 0.00711327 0.0999962 0.00253119
0.0540401 2.43227 0.21638 0.0598104 2.4358 0.22 0.0188459 0.177992 -0.0813454 0.00730034 0.0999814 0.00258527
0.0542861 2.43288 0.215321 0.059885 2.4368 0.22 0.025379 -0.013439 -0.0672402 0.00751507 0.0999655 0.00258172
0.0544921 2.43327 0.215017 0.0599611 2.4378 0.22 0.0156677 0.112172 0.0122008 0.00766886 0.0999525 0.00263432
0.0545891 2.43427 0.215228 0.0600385 2.4388 0.22 0.00986194 0.0853181 0.0170339 0.00776347 0.0999425 0.0027351
0.05461 2.43505 0.21555 0.0601172 2.4398 0.22 -0.000596126 0.0863197 0.0268146 0.00787099 0.099927 0.00298158
0.0545903 2.43605 0.216172 0.0601965 2.4408 0.22 0.000799296 0.0973121 0.066186 0.00794259 0.0999116 0.00329176
0.0545648 2.43687 0.216976 0.0602761 2.4418 0.22 -0.00232204 0.0677765 0.0589658 0.00796121 0.0999011 0.00355576
0.0545262 2.43773 0.217848 0.0603555 2.4428 0.22 -0.00527314 0.103123 0.0762798 0.00793039 0.0998972 0.00372893
0.054535 2.43847 0.218959 0.0604644 2.4438 0.22 0.000492195 0.0477028 0.0915485 0.0116313 0.0998853 0.00376771
0.0545185 2.43917 0.220144 0.0605802 2.4448 0.22 -0.00180957 0.0953809 0.106639 0.0115718 0.0998895 0.00384064
0.0545494 2.44007 0.221446 0.0606959 2.4458 0.22 0.00420343 0.0927879 0.0978356 0.0115731 0.0998874 0.00388965
0.0545316 2.4409 0.222698 0.0608119 2.44679 0.22 -0.00292181 0.082503 0.0889248 0.0116034 0.0998818 0.0039434
0.0545084 2.44185 0.224039 0.0609279 2.44779 0.22 -0.00649308 0.0898629 0.111708 0.0115895 0.0998797 0.00403696
0.0545207 2.44268 0.225364 0.0610434 2.44879 0.22 0.00272912 0.106003 0.113341 0.0115281 0.0998834 0.00411944
0.0545227 2.4436 0.22655 0.0611577 2.44979 0.22 0.00414816 0.089306 0.0888429 0.011421 0.0998633 0.00484292
0.0545386 2.44428 0.227695 0.0612712 2.45079 0.22 0.00652081 0.0746413 0.0935947 0.0113362 0.0998704 0.00489499
0.0545365 2.44525 0.228807 0.0613843 2.45179 0.22 0.00715564 0.100898 0.0940212 0.0113119 0.0998799 0.00475454
0.054491 2.44624 0.229896 0.0614976 2.45279 0.22 -0.00954015 0.092431 0.0856867 0.0113337 0.0998798 0.00470429
0.0544675 2.44736 0.230845 0.0616113 2.45379 0.22 -0.00262121 0.116968 0.0773163 0.0113684 0.0998736 0.00475195
0.0544533 2.44845 0.231738 0.0617248 2.45478 0.22 -0.00688788 0.129977 0.0847462 0.0113386 0.0998591 0.00511535
0.054436 2.44966 0.232589 0.0618376 2.45578 0.22 0.000774758 0.103295 0.0640334 0.0112639 0.0998663 0.00513825
0.0544503 2.45067 0.233302 0.0619498 2.45678 0.22 0.00373159 0.0895917 0.0514881 0.0112081 0.0998729 0.00513268
0.0544686 2.45193 0.233882 0.0620613 2.45778 0.22 0.00599888 0.135359 0.0411203 0.0111589 0.0998815 0.0050716
0.0545216 2.45314 0.234405 0.0621731 2.45878 0.22 0.00653707 0.130442 0.0519895 0.0111849 0.0998831 0.00498319
0.0545136 2.45441 0.234892 0.0622854 2.45978 0.22 0.00336044 0.125548 0.0375657 0.0112456 0.0998774 0.00496133
0.0544786 2.45571 0.235295 0.062398 2.46078 0.22 -0.00361757 0.138668 0.036468 0.0112614 0.0998751 0.00497066
0.0544558 2.45655 0.235635 0.0625104 2.46178 0.22 0 0 0 0.0112367 0.0998762 0.00500339
0.0544558 2.45655 0.165912 0.0626225 2.46277 0.22 0 0 0 0.0111998 0.0998798 0.00501559
0.0544558 2.45655 0.175279 0.0627342 2.46377 0.22 0 0 0 0.0111607 0.0998875 0.00494928
0.0546266 2.45883 0.187038 0.0628455 2.46477 0.22 0.0326329 0.367261 0.929913 0.0111168 0.0998973 0.00484922
0.0547739 2.46226 0.198622 0.062956 2.46577 0.22 0.0255055 0.343917 0.825256 0.0110357 0.0999093 0.00478702
0.0551552 2.46386 0.208729 0.0630662 2.46677 0.22 0.0473483 0.0213011 0.713253 0.0110082 0.0999063 0.00490974
0.0553418 2.46383 0.216145 0.0631757 2.46777 0.22 0.0241396 0.013331 0.349867 0.0109465 0.0999119 0.00493454
0.0555499 2.46493 0.219798 0.0632848 2.46877 0.22 0.0198545 0.124161 0.273267 0.0109019 0.099915 0.00497071
0.0558658 2.46582 0.221978 0.0633939 2.46977 0.22 0.0419402 0.113733 0.17878 0.0109397 0.0998501 0.00606936
0.0562921 2.4674 0.223618 0.0635033 2.47077 0.22 0.032358 0.157466 0.143557 0.0109287 0.0998434 0.00619782
0.056523 2.46845 0.224442 0.0636121 2.47176 0.22 0.0128501 0.088655 0.0575656 0.0108751 0.0998547 0.00611003
0.0566282 2.46849 0.224554 0.0637204 2.47276 0.22 0.00529 -0.0322262 -0.00917253 0.010828 0.0998883 0.00562617
0.0566274 2.46829 0.224035 0.0638282 2.47376 0.22 -0.00267607 -0.0169697 -0.0491929 0.0107838 0.0999513 0.00447378
0.0566724 2.46849 0.223762 0.063936 2.47476 0.22 -0.0103068 0.0459267 -0.0248757 0.0107757 0.0999927 0.00345103
0.0566718 2.46884 0.223219 0.0640439 2.47576 0.22 0.0130162 0.0300626 -0.0472267 0.0107907 0.100013 0.00272811
0.0567045 2.46988 0.222551 0.0641521 2.47676 0.22 0.0104888 0.119029 -0.0259911 0.0108243 0.100018 0.0024061
0.0567985 2.47103 0.222229 0.0642603 2.47776 0.22 0.00979116 0.0936117 0.0020048 0.0108307 0.100017 0.00242376
0.0568885 2.4723 0.222302 0.0643687 2.47876 0.22 0.00962592 0.170163 0.0307433 0.0108397 0.100014 0.0024941
0.056934 2.47389 0.222737 0.0644771 2.47976 0.22 0.00163093 0.110903 0.0565551 0.0108422 0.100015 0.00246539
0.0569628 2.4749 0.223578 0.0645859 2.48076 0.22 -0.00110206 0.1349 0.0815496 0.0108885 0.100015 0.00224422
0.0569525 2.47636 0.224459 0.064695 2.48176 0.22 -0.00439671 0.168121 0.09189 0.0109258 0.100015 0.00204919
0.0569455 2.47793 0.225599 0.0648047 2.48276 0.22 -0.00851311 0.163591 0.0950017 0.0109651 0.100015 0.001827
0.0568781 2.47972 0.226667 0.0649144 2.48376 0.22 -0.00711541 0.20443 0.0805505 0.0109713 0.100016 0.00172572
0.0568302 2.48156 0.227682 0.0650241 2.48476 0.22 0.000764746 0.201689 0.0936628 0.010973 0.100015 0.00177025
0.0568385 2.48355 0.228815 0.0651339 2.48576 0.22 0.00258006 0.197185 0.0883603 0.0109761 0.100018 0.00159125
0.0568599 2.48543 0.22994 0.0652436 2.48676 0.22 0.00667156 0.154944 0.0822531 0.0109761 0.100018 0.00159125
0.0569444 2.48714 0.230958 0.0653534 2.48777 0.22 0.00278503 0.188209 0.0854549 0.0109761 0.100018 0.00159125
0.0570015 2.48897 0.231969 0.0654631 2.48877 0.22 0.00321629 0.154792 0.0796357 0.0109761 0.100018 0.00159125
0.0570339 2.49057 0.232954 0.0655729 2.48977 0.22 -0.000203666 0.128555 0.0787023 0.0109761 0.100018 0.00159125
0.0570178 2.49208 0.233755 0.0656827 2.49077 0.22 0.00128454 0.14332 0.0790812 0.0109761 0.100018 0.00159125
0.0570499 2.49356 0.234443 0.0657924 2.49177 0.22 0.00864791 0.114005 0.0646333 0.0109761 0.100018 0.00159125
0.0571732 2.49477 0.235077 0.0659022 2.49277 0.22 0.00223877 0.137696 0.0429458 0.0109761 0.100018 0.00159125
0.0572389 2.4961 0.235499 0.0660119 2.49377 0.22 0.0149002 0.120559 0.0464858 0.0109761 0.100018 0.00159125
0.0572942 2.49733 0.23592 0.0661217 2.49477 0.22 0.00265096 0.102271 0.0257863 0.0109761 0.100018 0.00159125
0.0573483 2.49837 0.236261 0.0662315 2.49577 0.22 0.00333885 0.0988525 0.0187819 0.0109761 0.100018 0.00159125
0.0573969 2.49929 0.236413 0.0663412 2.49677 0.22 0.0143236 0.0908164 0.00139371 0.0109761 0.100018 0.00159125
0.0574731 2.50011 0.236426 0.0664503 2.49777 0.22 0.00608541 0.0745532 0.00341877 0.0108081 0.100024 0.00221007
0.057497 2.50045 0.236377 0.0665519 2.49877 0.22 0 0 0 0.0102335 0.100083 0.00230587
0.057497 2.50045 0.168913 0.0666536 2.49977 0.22 0 0 0 0.0101558 0.100091 0.00230364
0.057497 2.50045 0.177906 0.0667544 2.50077 0.22 0 0 0 0.0100679 0.100108 0.00189633
0.0578912 2.50079 0.189026 0.0668549 2.50177 0.22 0.0605246 0.106919 0.853979 0.0100436 0.100109 0.00195232
0.0585295 2.50211 0.200282 0.0669556 2.50277 0.22 0.0670509 0.147654 0.777813 0.0100786 0.100105 0.0020055
0.0591454 2.50376 0.210085 0.0670574 2.50377 0.22 0.0365775 0.14892 0.612764 0.0101819 0.100092 0.00213092
0.0595922 2.50364 0.215416 0.0671605 2.50477 0.22 0.0269495 -0.120428 0.187069 0.010332 0.100077 0.00211416
0.0596523 2.50331 0.217671 0.0672642 2.50577 0.22 0.00403004 0.162608 0.120935 0.0103774 0.10007 0.00222659
0.0597722 2.5051 0.218779 0.0673682 2.50677 0.22 0.0197924 0.0973243 0.0682813 0.0104088 0.100058 0.00258848
0.0600086 2.50528 0.219375 0.0674732 2.50778 0.22 0.0205819 0.0122579 0.027178 0.0105131 0.10003 0.00317569
0.0602032 2.50568 0.219149 0.0675789 2.50878 0.22 0.00211987 0.0842815 -0.0347789 0.0105831 0.100019 0.00327807
0.0601744 2.50629 0.218723 0.0676848 2.50978 0.22 0.00418462 0.0364546 -0.0639544 0.0105901 0.100025 0.00307382
0.0602146 2.50674 0.217861 0.0677906 2.51078 0.22 -0.00647737 0.0686187 -0.0519177 0.010581 0.100027 0.00304895
0.0601691 2.50766 0.217597 0.067896 2.51178 0.22 -0.0103095 0.0909567 0.0171948 0.0105333 0.100026 0.0032152
0.0601283 2.50866 0.21777 0.0680012 2.51278 0.22 -0.00209397 0.109367 0.00217046 0.0105221 0.100013 0.0036413
0.0601951 2.5099 0.217759 0.0681069 2.51378 0.22 0.0102852 0.107667 0.00230961 0.0105763 0.0999888 0.00411527
0.0603254 2.51082 0.218067 0.0682136 2.51478 0.22 0.0195583 0.100616 0.0505882 0.0107058 0.0999552 0.00457151
0.0605014 2.5117 0.218655 0.0683213 2.51578 0.22 0.0186738 0.0717675 0.0407828 0.0108067 0.0999339 0.00479585
0.0606388 2.51255 0.219376 0.0684298 2.51677 0.22 0.0067996 0.0736943 0.07624 0.0108542 0.099926 0.00485122
0.0606718 2.51346 0.220602 0.0685387 2.51777 0.22 -0.000830949 0.0774569 0.0953757 0.0108908 0.0999224 0.00484492
0.0606636 2.51419 0.22192 0.0686479 2.51877 0.22 -6.67726e-05 0.0700099 0.108797 0.0109297 0.0999227 0.00474885
0.0607111 2.51489 0.22328 0.0687573 2.51977 0.22 0.00558366 0.0754956 0.103776 0.0109524 0.0999182 0.00479138
0.0607448 2.51572 0.224573 0.0688671 2.52077 0.22 -0.00594489 0.111637 0.118952 0.0109759 0.0999206 0.00468594
0.0607304 2.51656 0.225934 0.0689772 2.52177 0.22 -0.000702933 0.0769803 0.116169 0.0110184 0.099906 0.0048946
0.0607353 2.51745 0.22724 0.0690877 2.52277 0.22 0.00534449 0.0797373 0.0945831 0.0110639 0.0998935 0.0050445
0.0607548 2.51819 0.228355 0.0691987 2.52377 0.22 -0.00314794 0.077254 0.0768528 0.0111118 0.0998686 0.00541714
0.0607818 2.51893 0.22935 0.06931 2.52477 0.22 0.002177 0.0934539 0.0726694 0.0111343 0.0998209 0.00619478
0.0608072 2.51988 0.230267 0.0694215 2.52576 0.22 0.00222112 0.122542 0.0718471 0.0111463 0.0998295 0.00603295
0.060881 2.52102 0.231118 0.0695329 2.52676 0.22 0.00688875 0.0826477 0.0766453 0.0111416 0.0998382 0.00589646
0.0609079 2.52216 0.23194 0.0696442 2.52776 0.22 0.00555316 0.128378 0.0596017 0.0111301 0.0998427 0.00584074
0.0609179 2.52331 0.232739 0.0697557 2.52876 0.22 -0.00599699 0.102745 0.0630359 0.0111545 0.099838 0.00587448
0.0608791 2.52449 0.233434 0.0698675 2.52976 0.22 0.00284769 0.119374 0.0533664 0.0112035 0.0998292 0.00593071
0.0609034 2.52571 0.234008 0.0699798 2.53076 0.22 -0.00244258 0.116657 0.0325799 0.0112394 0.0998237 0.00595515
0.0608994 2.52688 0.234277 0.0700923 2.53175 0.22 -0.00273655 0.107158 0.0275822 0.0112391 0.0997732 0.006749
0.0609152 2.52809 0.234584 0.070204 2.53275 0.22 0.00102958 0.10743 0.0259085 0.0111377 0.0997553 0.00716914
0.0609181 2.52932 0.234867 0.0703146 2.53375 0.22 -0.00014123 0.138611 0.0240663 0.0110316 0.0997763 0.00703914
0.060926 2.53062 0.235078 0.0704244 2.53475 0.22 -0.000240057 0.109457 0.0241644 0.0109755 0.0997868 0.00697851
0.0609205 2.5311 0.235276 0.0705337 2.53574 0.22 0 0 0 0.0109271 0.0997969 0.00690902
0.0609205 2.5311 0.170602 0.070643 2.53674 0.22 0 0 0 0.0109271 0.0998079 0.00674858
0.0609205 2.5311 0.180579 0.0707523 2.53774 0.22 0 0 0 0.0109388 0.0998253 0.00646714
0.0611301 2.53495 0.192439 0.0708616 2.53874 0.22 0.00538515 0.318265 0.902498 0.0109276 0.0998322 0.00637825
0.061439 2.53769 0.203038 0.0709705 2.53974 0.22 0.0516128 0.162148 0.748987 0.0108856 0.0998423 0.00629215
0.0619952 2.53854 0.211874 0.0710793 2.54074 0.22 0.0299138 0.000879768 0.415391 0.0108737 0.0998365 0.00640279
0.0622529 2.53951 0.216138 0.0711878 2.54173 0.22 0.0227399 0.102237 0.23033 0.0108456 0.0998392 0.00640842
0.0624516 2.54018 0.218399 0.071296 2.54273 0.22 -0.00815337 0.0496949 0.169954 0.010818 0.0998322 0.00656262
0.0622881 2.54144 0.21976 0.0714043 2.54373 0.22 -0.0226852 0.152363 0.098348 0.0108422 0.0998137 0.00679948
0.0622011 2.54252 0.220057 0.0715131 2.54473 0.22 0.0119939 0.0749143 -0.00183576 0.0108799 0.09981 0.00679345
0.0623447 2.54319 0.21991 0.0716224 2.54573 0.22 0.0236337 0.067574 -0.0277255 0.010941 0.0998448 0.00615353
0.0624821 2.54385 0.219428 0.0717318 2.54673 0.22 0.0194591 0.0509895 -0.0354258 0.0109467 0.0998812 0.00552156
0.0625459 2.54445 0.218868 0.0718412 2.54773 0.22 -0.00341274 0.116385 -0.0360778 0.0109345 0.0999218 0.00475829
0.0625005 2.54543 0.218452 0.0719501 2.54873 0.22 -0.00409084 0.082303 0.0105824 0.0108783 0.0999542 0.00417044
0.0625631 2.54622 0.21849 0.0720585 2.54972 0.22 0.0129749 0.0972451 0.0138864 0.0108316 0.099964 0.00405476
0.0626933 2.54753 0.218595 0.0721666 2.55072 0.22 0.0233409 0.12971 0.0241291 0.0107994 0.0999668 0.00407222
0.0629542 2.54853 0.218963 0.0722744 2.55172 0.22 0.03097 0.0582429 0.0520405 0.0107903 0.0999656 0.00412479
0.0632545 2.54924 0.219708 0.0723825 2.55272 0.22 0.0294599 0.0857941 0.0600353 0.010825 0.0999654 0.0040385
0.0634657 2.55021 0.220733 0.0724912 2.55372 0.22 0.0188296 0.0757812 0.102676 0.0108813 0.0999683 0.0038079
0.0635626 2.55107 0.221881 0.0726004 2.55472 0.22 0.00567694 0.0889592 0.106848 0.0109269 0.099972 0.00357318
0.0636144 2.5522 0.223111 0.0727102 2.55572 0.22 0.00702081 0.13277 0.0997708 0.0109778 0.0999784 0.00321949
0.0636584 2.5534 0.224291 0.0728202 2.55672 0.22 0.00104232 0.141273 0.0906775 0.0110097 0.0999785 0.00310569
0.0636812 2.55479 0.225459 0.0729305 2.55772 0.22 0.0126755 0.18268 0.103979 0.0110356 0.0999742 0.00315085
0.0637526 2.55646 0.226639 0.0730412 2.55872 0.22 0.0075315 0.15765 0.100587 0.0110855 0.0999617 0.0033678
0.0638165 2.55767 0.227889 0.0731523 2.55972 0.22 0.0108098 0.141964 0.103804 0.0111223 0.0999473 0.00365864
0.0639094 2.55921 0.229111 0.0732639 2.56072 0.22 0.00637028 0.148742 0.114315 0.0111621 0.0999383 0.00378201
0.0640049 2.56049 0.23048 0.0733758 2.56172 0.22 0.00759081 0.126701 0.101956 0.0111967 0.0999347 0.00377436
0.064094 2.56171 0.23162 0.073488 2.56272 0.22 0.00919063 0.121805 0.0981816 0.011226 0.0999354 0.00366799
0.0641803 2.5631 0.232693 0.0736004 2.56372 0.22 0.00612962 0.127946 0.08496 0.0112447 0.0999358 0.0036002
0.0642918 2.56427 0.233605 0.073713 2.56472 0.22 0.00963996 0.152634 0.0604137 0.0112702 0.0999327 0.00360472
0.0643921 2.56567 0.234261 0.0738262 2.56572 0.22 0.00904789 0.116719 0.0592143 0.0113306 0.0999248 0.0036357
0.0644868 2.56689 0.234847 0.07394 2.56672 0.22 0.00657228 0.120395 0.0558016 0.0113901 0.0999161 0.00368765
0.0646143 2.56814 0.235452 0.0740542 2.56772 0.22 0.0140551 0.0987413 0.0429357 0.0114265 0.0999099 0.00374334
0.0647744 2.5693 0.235908 0.0741685 2.56871 0.22 0.0097983 0.0791907 0.0356112 0.0114314 0.0999075 0.00379193
0.0649032 2.57033 0.2362 0.0742826 2.56971 0.22 0.00471837 0.122235 0.0250611 0.011398 0.09991 0.00382733
0.0649957 2.57153 0.236479 0.0743964 2.57071 0.22 0.00177623 0.126474 0.0252647 0.0113773 0.0999117 0.00384427
0.0650722 2.57262 0.23664 0.0745102 2.57171 0.22 -0.000251982 0.106799 0.0172842 0.0113863 0.0999096 0.0038714
0.0650717 2.57283 0.236686 0.0746246 2.57271 0.22 0 0 0 0.0114479 0.0999006 0.00392224
0.0650717 2.57283 0.170339 0.0747396 2.57371 0.22 0 0 0 0.0115097 0.0999024 0.00368757
0.0650717 2.57283 0.179709 0.074855 2.57471 0.22 0 0 0 0.0115499 0.0998956 0.00374621
0.065469 2.57349 0.190975 0.0749706 2.57571 0.22 0.0284113 0.138115 0.853956 0.0115654 0.0998705 0.0043239
0.0658135 2.57508 0.20196 0.0750864 2.57671 0.22 0.0388622 0.145835 0.767341 0.0115835 0.0998682 0.00432698
0.0661706 2.57692 0.211459 0.0752025 2.57771 0.22 0.0141039 0.189692 0.650435 0.0116158 0.0998609 0.00440763
0.0663544 2.57772 0.218532 0.0753196 2.5787 0.22 -0.00628948 -0.0185677 0.354399 0.0117085 0.0997385 0.0064575
0.0664374 2.57787 0.221577 0.0754367 2.5797 0.22 -0.0164594 0.11364 0.0774067 0.0117081 0.0997547 0.00620377
0.0663208 2.57923 0.221752 0.0755536 2.5807 0.22 0.00988563 0.115721 0.0262735 0.0116876 0.0997582 0.00618652
0.0664146 2.58 0.221724 0.0756705 2.5817 0.22 0.00510954 0.090011 -0.0308851 0.0116879 0.0997499 0.00631802
0.0664649 2.58127 0.221059 0.0757872 2.58269 0.22 -0.00300856 0.127034 -0.085873 0.011673 0.0997264 0.00670385
0.0664577 2.58225 0.220128 0.0759037 2.58369 0.22 -0.00662533 0.0923718 -0.0704143 0.0116367 0.0997075 0.0070396
0.0665376 2.58343 0.219281 0.0760194 2.58469 0.22 0.016932 0.135999 -0.061114 0.0115508 0.0996972 0.00732171
0.0666875 2.58429 0.218845 0.0761343 2.58568 0.22 0.0143763 0.0354747 -0.0241082 0.0114743 0.0996969 0.00744573
0.0668346 2.5849 0.218764 0.0762481 2.58668 0.22 0.0148032 0.104906 0.000479361 0.0113697 0.0997047 0.00750139
0.0669818 2.58583 0.218771 0.0763613 2.58768 0.22 0.0118273 0.0385326 0.0186533 0.01131 0.0997106 0.00751247
0.0670948 2.58622 0.219136 0.076474 2.58867 0.22 0.0133235 0.0633418 0.0465851 0.011263 0.0997187 0.00747603
0.0672639 2.58701 0.219862 0.0765866 2.58967 0.22 0.0129388 0.0762879 0.0603753 0.0112711 0.0997188 0.00746289
0.0673741 2.58783 0.220785 0.0766995 2.59067 0.22 0.0045453 0.0640769 0.0850309 0.0113033 0.0997111 0.00751618
0.0674492 2.58846 0.22193 0.0768127 2.59167 0.22 0.00684192 0.0716167 0.0956249 0.0113271 0.0997034 0.00758182
0.0675183 2.58933 0.223124 0.0769262 2.59266 0.22 0.00685826 0.0912343 0.100518 0.011353 0.0996959 0.00764134
0.0675699 2.59004 0.224458 0.07704 2.59366 0.22 0.000721832 0.0692718 0.113983 0.0113987 0.0997021 0.00749103
0.0675921 2.59078 0.225733 0.0771544 2.59466 0.22 0.00858744 0.101967 0.10987 0.0114669 0.0996929 0.00750932
0.067628 2.59169 0.226933 0.0772696 2.59565 0.22 -0.00605299 0.0635339 0.102001 0.0115271 0.0996849 0.00752352
0.0676278 2.59247 0.228175 0.0773858 2.59665 0.22 0.00966484 0.0839411 0.106793 0.0116337 0.0996736 0.00750909
0.0676515 2.59339 0.229392 0.0775028 2.59765 0.22 0.00666506 0.11833 0.083992 0.0117005 0.0996149 0.00815672
0.0677411 2.59441 0.230407 0.0776202 2.59864 0.22 0.0124976 0.116348 0.0755508 0.011747 0.0996118 0.00812773
0.0678387 2.59575 0.231466 0.0777379 2.59964 0.22 0.00780567 0.147146 0.10835 0.0117727 0.0996101 0.00811178
0.0679158 2.59697 0.232596 0.0778559 2.60064 0.22 0.00528519 0.119572 0.0733294 0.0118143 0.0996004 0.00816977
0.0679636 2.59824 0.233464 0.0779743 2.60163 0.22 0.00819936 0.152366 0.0564535 0.0118371 0.0995915 0.00824441
0.0680215 2.59956 0.234105 0.0780929 2.60263 0.22 0.00892065 0.131147 0.0652773 0.0118706 0.0995528 0.00865362
0.0680918 2.60092 0.234783 0.0782119 2.60362 0.22 0.00474702 0.158526 0.0550764 0.0119051 0.0995366 0.00879235
0.0681677 2.60226 0.235205 0.078331 2.60462 0.22 0.0141703 0.136651 0.037051 0.0119103 0.0995237 0.0089299
0.0682739 2.60353 0.23557 0.07845 2.60561 0.22 0.00443342 0.134888 0.0308611 0.0118943 0.0995205 0.00898613
0.0683876 2.60481 0.235875 0.0785687 2.60661 0.22 0.0153706 0.152188 0.0334439 0.0118608 0.0995272 0.00895624
0.0685114 2.60624 0.236023 0.0786871 2.6076 0.22 0.0145952 0.1361 0.03315 0.0118355 0.0995306 0.00895186
0.0686317 2.60769 0.236235 0.0788053 2.6086 0.22 0.0164604 0.127295 0.0378997 0.0118219 0.0995302 0.0089747
0.0686317 2.60769 0.236434 0.0789235 2.60959 0.22 0 0 0 0.0118174 0.0995388 0.00888514
0.0686317 2.60769 0.173103 0.0790416 2.61059 0.22 0 0 0 0.0118096 0.0995351 0.00893629
0.068669 2.60823 0.183459 0.0791595 2.61159 0.22 0.0316428 0.350823 0.903098 0.0117874 0.0995404 0.0089065
0.0689864 2.61154 0.195215 0.0792772 2.61258 0.22 0.0243393 0.213315 0.851381 0.0117608 0.0995465 0.00887307
0.0693653 2.61343 0.205368 0.0793942 2.61358 0.22 0.0478277 0.0877496 0.707799 0.0117009 0.0995519 0.00889258
0.0697895 2.61368 0.214291 0.0795111 2.61457 0.22 0.0172719 0.0629369 0.551208 0.0116742 0.099548 0.00897045
0.0698755 2.61515 0.218515 0.0796275 2.61557 0.22 0.00213741 0.231872 0.118219 0.0116359 0.0995576 0.00891382
0.0700955 2.61691 0.219144 0.0797436 2.61656 0.22 0.0369395 0.100062 0.0538214 0.0115987 0.0995913 0.0085799
0.0703685 2.61821 0.219504 0.0798597 2.61756 0.22 0.0170833 0.198225 0.0918296 0.0116175 0.0996082 0.00835457
0.0705354 2.61999 0.220023 0.0799993 2.61856 0.22 0.0174364 0.085043 0.0422551 0.0154691 0.0996169 0.00788514
0.0706502 2.62097 0.220277 0.0801554 2.61955 0.22 0.00422815 0.161521 0.0500605 0.015669 0.0996348 0.00723811
0.0707355 2.62248 0.220599 0.0803136 2.62055 0.22 0.0217462 0.138075 0.0318125 0.0158893 0.0996273 0.00685002
0.0709078 2.62387 0.220367 0.0804739 2.62154 0.22 0.0150696 0.0929728 0.00152953 0.0160814 0.0996223 0.00646382
0.0710155 2.62493 0.220624 0.0806369 2.62254 0.22 0.00771826 0.122686 0.0463711 0.0163188 0.0995965 0.00626385
0.0710826 2.62602 0.220988 0.0808025 2.62354 0.22 0.00549861 0.0343316 0.0526416 0.0166305 0.0995642 0.00595011
0.0710803 2.62617 0.221609 0.0809703 2.62453 0.22 -0.00729517 0.0398322 0.0427698 0.0168613 0.0995391 0.00571463
0.0710334 2.62671 0.222143 0.0811401 2.62553 0.22 0.00647037 0.0444706 0.0585243 0.0169881 0.0995264 0.00555832
0.071083 2.62708 0.222897 0.0813113 2.62652 0.22 0.0217981 0.0551366 0.0695397 0.017138 0.0995171 0.00525766
0.0713752 2.62782 0.223659 0.0814833 2.62752 0.22 0.0329672 0.0806808 0.0793596 0.0172172 0.0995172 0.0049884
0.0716747 2.62844 0.224484 0.0816559 2.62851 0.22 0.0232455 0.0673276 0.0648424 0.0172661 0.0995218 0.00472146
0.07189 2.6294 0.225275 0.0818286 2.62951 0.22 0.0194165 0.0964054 0.0680326 0.0172565 0.0995366 0.00443519
0.0721051 2.63069 0.226117 0.0820008 2.6305 0.22 0.0154009 0.148821 0.0697206 0.0172157 0.0995499 0.0042951
0.0722686 2.6323 0.226909 0.0821725 2.6315 0.22 0.0174288 0.145991 0.0663005 0.017151 0.0995654 0.00419124
0.0724475 2.63383 0.227626 0.0823437 2.63249 0.22 0.019462 0.145514 0.0584547 0.017117 0.0995724 0.00416565
0.0726496 2.63548 0.22831 0.082515 2.63349 0.22 0.0283818 0.179599 0.0769882 0.0171398 0.0995641 0.00426729
0.0729558 2.63729 0.229164 0.0826866 2.63449 0.22 0.0377148 0.172621 0.0881061 0.0171656 0.0995636 0.00417567
0.0733111 2.63886 0.229997 0.0828583 2.63548 0.22 0.041922 0.154292 0.073223 0.0171628 0.0995615 0.00423679
0.0736895 2.6404 0.230774 0.0830293 2.63648 0.22 0.0452175 0.175581 0.0690116 0.0170776 0.0995913 0.00386344
0.0740749 2.64205 0.231532 0.0831994 2.63747 0.22 0.0260404 0.138777 0.0637526 0.0169685 0.0996095 0.00387443
0.0743791 2.64355 0.232129 0.0833685 2.63847 0.22 0.0400964 0.125314 0.0484697 0.0169072 0.0996436 0.00320902
0.0747404 2.64485 0.232675 0.0835376 2.63947 0.22 0.0356697 0.151268 0.05026 0.0169158 0.0996405 0.00326083
0.0751179 2.64627 0.233184 0.0837074 2.64046 0.22 0.0386989 0.142719 0.0445123 0.0170044 0.0996226 0.00334475
0.0755055 2.64759 0.233578 0.0838778 2.64146 0.22 0.0423006 0.122139 0.037092 0.0170476 0.0996129 0.00341262
0.0761791 2.65005 0.234213 0.0841839 2.64325 0.22 0.0321193 0.124996 0.0283693 0.0169557 0.0996157 0.00376928
0.0764789 2.65112 0.234433 0.0843526 2.64425 0.22 0.0164951 0.0963649 0.0177536 0.0168369 0.0996327 0.00385234
0.0768187 2.65247 0.234569 0.0845543 2.64544 0.22 0.0316574 0.130138 0.00937413 0.0168033 0.099637 0.00388841
0.0768187 2.65247 0.165789 0.0847221 2.64644 0.22 0 0 0 0.0167764 0.0996395 0.00394059
0.0768187 2.65247 0.172223 0.0848563 2.64724 0.22 0 0 0 0.0167744 0.0996389 0.00396256
0.0768187 2.65247 0.182 0.0850243 2.64823 0.22 0.0217074 -0.0219659 0.80836 0.0168117 0.0996313 0.00399546
0.0770283 2.65262 0.193593 0.0851926 2.64923 0.22 0.0216803 0.0630386 0.850086 0.0168446 0.0996263 0.00398223
0.0774383 2.65394 0.206655 0.0853954 2.65042 0.22 0.047971 0.117585 0.765275 0.0169089 0.0996148 0.00399785
0.0777711 2.65595 0.214897 0.0855648 2.65142 0.22 0.0177065 0.265453 0.491587 0.0169412 0.0996078 0.00403632
0.0781753 2.65601 0.217255 0.0857344 2.65242 0.22 0.037526 -0.116586 0.0240036 0.0169515 0.0996181 0.00372681
0.0784607 2.65626 0.217222 0.0858699 2.65321 0.22 0.0565653 0.233541 0.0514044 0.0169384 0.0996272 0.00353645
0.0788894 2.65862 0.217606 0.0860397 2.65421 0.22 0.00132064 0.107371 0.0349065 0.0169937 0.099615 0.00361418
0.0787873 2.65933 0.217786 0.0862439 2.65541 0.22 -0.0134417 0.0863937 -0.0100998 0.0170227 0.0995958 0.00398883
0.0785826 2.66077 0.217206 0.0864141 2.6564 0.22 -0.0228553 0.134732 -0.0504858 0.017009 0.0995676 0.00468911
0.0785944 2.66136 0.216554 0.0865843 2.6574 0.22 0.00969182 0.043071 -0.0397819 0.0170232 0.0995493 0.00501525
0.0787454 2.66224 0.215788 0.0867548 2.65839 0.22 0.018489 0.105395 -0.0470557 0.0170668 0.0995298 0.00524866
0.0789052 2.66298 0.215628 0.0869267 2.65939 0.22 0.0135708 0.0767871 0.0105736 0.0172064 0.0994907 0.00552572
0.0790297 2.6636 0.21567 0.087065 2.66018 0.22 0.00883962 0.0927816 0.00805224 0.0172958 0.0994665 0.0056806
0.0791324 2.66445 0.215641 0.0872384 2.66118 0.22 0.0210673 0.0685713 0.0268597 0.0173414 0.0994485 0.0058546
0.0792887 2.66506 0.216371 0.0874116 2.66217 0.22 0.0259857 0.046915 0.106391 0.017314 0.0994455 0.0059852
0.0795298 2.66576 0.217475 0.0875841 2.66317 0.22 0.0285825 0.113173 0.0535822 0.017228 0.0994476 0.00619459
0.0797704 2.66662 0.218004 0.0877555 2.66416 0.22 0.00845067 0.0656302 0.0419964 0.0171183 0.0994447 0.00653513
0.0798543 2.66693 0.218535 0.0879256 2.66516 0.22 0.00791197 0.0300857 0.0584139 0.0169868 0.0994551 0.00671819
0.0799163 2.66737 0.219283 0.0880952 2.66615 0.22 0.00549731 0.0566286 0.0508432 0.0169554 0.0994447 0.00694792
0.0799954 2.66793 0.219949 0.0882646 2.66714 0.22 0.00287008 0.0454056 0.0591679 0.0169319 0.0994515 0.00690728
0.0800505 2.66856 0.220922 0.0884335 2.66814 0.22 0.00776762 0.0461681 0.0815856 0.0168851 0.0994636 0.00684777
0.0801471 2.66919 0.222118 0.088602 2.66913 0.22 0.0149086 0.0771483 0.0928225 0.0168452 0.0994677 0.00688568
0.0803327 2.67022 0.223358 0.0888039 2.67033 0.22 0.00673505 0.0733799 0.0765921 0.0168071 0.0994652 0.0070136
0.0805149 2.67076 0.224342 0.0889718 2.67132 0.22 0.0233136 0.0465323 0.080734 0.0167774 0.0994664 0.00706827
0.0806529 2.67143 0.225347 0.0891393 2.67232 0.22 0.00825247 0.0623793 0.0711139 0.0167439 0.0994528 0.00733306
0.0807952 2.6724 0.226326 0.0893063 2.67331 0.22 0.0166767 0.113563 0.0871386 0.0166891 0.0994678 0.00725467
0.080906 2.67311 0.227665 0.0894727 2.67431 0.22 0.0095333 0.0703276 0.119945 0.0166297 0.0994832 0.0071792
0.0811001 2.67383 0.228865 0.0896386 2.6753 0.22 0.0227364 0.0997931 0.0925084 0.0165883 0.0994992 0.00705242
0.0812747 2.67487 0.229723 0.0898041 2.6763 0.22 0.0183598 0.100594 0.0705069 0.0165439 0.0995146 0.00693811
0.081436 2.67577 0.230547 0.0899693 2.67729 0.22 0.0186975 0.0868934 0.0640101 0.0164981 0.0995133 0.00706526
0.0816086 2.67706 0.23115 0.0901338 2.67829 0.22 0.0223074 0.133048 0.0528583 0.0164435 0.0995218 0.00707315
0.0818204 2.67835 0.231482 0.0902974 2.67928 0.22 0.0197293 0.126811 0.0285163 0.0163349 0.0995481 0.0069536
0.0819751 2.67946 0.231744 0.0904594 2.68028 0.22 0.015764 0.110494 0.0282276 0.0161494 0.0995695 0.00707868
0.0821497 2.68064 0.231933 0.0906199 2.68127 0.22 0.0167972 0.118986 0.0100357 0.0159829 0.0995924 0.00713403
0.082308 2.68164 0.231971 0.0907789 2.68227 0.22 0 0 0 0.0158713 0.0996195 0.00700443
0.082308 2.68164 0.164958 0.0909376 2.68327 0.22 0 0 0 0.0158713 0.0996195 0.00700443
0.082308 2.68164 0.173255 0.0910963 2.68426 0.22 0 0 0 0.0158713 0.0996195 0.00700443
0.0825216 2.68302 0.18437 0.091255 2.68526 0.22 0.0547765 0.367871 0.956969 0.0158713 0.0996195 0.00700443
0.0829071 2.68625 0.196222 0.0914137 2.68625 0.22 0.0300374 0.254334 0.862177 0.0158713 0.0996195 0.00700443
0.08332 2.68797 0.206067 0.0915724 2.68725 0.22 0.0466998 0.0187618 0.641084 0.0158713 0.0996195 0.00700443
0.0835255 2.68691 0.212152 0.0917311 2.68825 0.22 0.0190416 -0.0836851 0.31048 0.0158713 0.0996195 0.00700443
0.0836562 2.68821 0.215028 0.0918898 2.68924 0.22 0.0104292 0.241137 0.188674 0.0158713 0.0996195 0.00700443
0.0837572 2.68988 0.215868 0.0920486 2.69024 0.22 0.0187181 0.054517 0.0615941 0.0158713 0.0996195 0.00700443
0.0838958 2.69023 0.215934 0.0922073 2.69123 0.22 0.00620378 0.0458194 0.030405 0.0158713 0.0996195 0.00700443
0.0839533 2.69039 0.216257 0.092366 2.69223 0.22 -0.00306778 0.0183419 0.0210845 0.0158713 0.0996195 0.00700443
0.0839318 2.69059 0.216499 0.0925247 2.69323 0.22 0.00562284 0.013959 0.0219607 0.0158713 0.0996195 0.00700443
0.0839346 2.69025 0.216656 0.0926834 2.69422 0.22 0.00519675 -0.0574624 0.0257306 0.0158713 0.0996195 0.00700443
0.0840517 2.69067 0.216862 0.0928421 2.69522 0.22 0.0191096 0.0666202 0.0205893 0.0158713 0.0996195 0.00700443
0.084267 2.69141 0.217464 0.0930008 2.69622 0.22 0.0257728 0.0606963 0.0515483 0.0158713 0.0996195 0.00700443
0.0844838 2.69183 0.217942 0.0931596 2.69721 0.22 0.0149147 0.0470737 0.0419983 0.0158713 0.0996195 0.00700443
0.0845998 2.6927 0.218732 0.0933183 2.69821 0.22 0.00920576 0.0997464 0.095289 0.0158713 0.0996195 0.00700443
0.0846727 2.69385 0.219769 0.093477 2.6992 0.22 0.013389 0.093251 0.0923867 0.0158713 0.0996195 0.00700443
0.0848204 2.69484 0.220951 0.0936357 2.7002 0.22 0.00866234 0.0909172 0.112651 0.0158713 0.0996195 0.00700443
0.0849553 2.69624 0.222222 0.0937944 2.7012 0.22 0.00816581 0.18135 0.132403 0.0158713 0.0996195 0.00700443
0.0850532 2.69786 0.223707 0.0939531 2.70219 0.22 0.00736883 0.138456 0.137834 0.0158713 0.0996195 0.00700443
0.0851415 2.69934 0.225072 0.0941118 2.70319 0.22 0.00173691 0.168852 0.133955 0.0158713 0.0996195 0.00700443
0.08519 2.7014 0.22653 0.0942705 2.70419 0.22 -0.00016879 0.192594 0.124346 0.0158713 0.0996195 0.00700443
0.0852781 2.70309 0.227955 0.0944293 2.70518 0.22 0.00767859 0.177807 0.128701 0.0158713 0.0996195 0.00700443
0.0853095 2.70523 0.229279 0.094588 2.70618 0.22 -0.00507753 0.223866 0.123492 0.0158713 0.0996195 0.00700443
0.0853619 2.70721 0.230522 0.0947467 2.70717 0.22 0.00157503 0.190914 0.110874 0.0158792 0.0997713 0.0043059
0.0854227 2.7095 0.231598 0.0949186 2.70817 0.22 -0.00626865 0.237682 0.0760079 0.0175424 0.0994108 -0.00589567
0.085445 2.71131 0.232433 0.0950596 2.70897 0.22 0.00718282 0.145522 0.0544916 0.0176392 0.0993668 -0.00633273
0.0855445 2.71274 0.232732 0.0952363 2.70996 0.22 0.01299 0.264707 -0.0423745 0.0176564 0.0993694 -0.00624287
0.0857454 2.71573 0.232217 0.0954118 2.71095 0.22 0.0340681 0.309924 -0.0280993 0.0175045 0.0994407 -0.00548967
0.0860367 2.71815 0.231884 0.0955853 2.71195 0.22 0.0205686 0.189381 0.015463 0.0173257 0.0995207 -0.00452274
0.0862038 2.72082 0.232037 0.0957559 2.71294 0.22 0.0128921 0.325463 0.0229882 0.0170191 0.0996442 -0.00252631
0.0864881 2.72312 0.232527 0.0959243 2.71394 0.22 0.0489411 0.140815 0.023093 0.0167983 0.099708 -0.00106111
0.0868542 2.72449 0.233039 0.0960902 2.71494 0.22 0.0297466 0.182204 0.0284814 0.0165527 0.0997547 -9.1537e-05
0.0869606 2.72619 0.233428 0.0962529 2.71594 0.22 -0.011305 0.0789223 0.0444409 0.0161796 0.0998146 0.00050745
0.0868568 2.72702 0.233945 0.0964131 2.71694 0.22 -0.0157507 0.12639 0.0224155 0.0159512 0.0998507 0.000628529
0.0867516 2.7286 0.234115 0.0965698 2.71793 0.22 0.00285039 0.163578 0.0181465 0.0156583 0.0998968 0.000667191
0.086742 2.72963 0.234108 0.0967241 2.71893 0.22 0 0 0 0.0154015 0.0999357 0.000806337
0.086742 2.72963 0.164028 0.0968762 2.71993 0.22 0 0 0 0.0151504 0.0999695 0.00125229
0.086742 2.72963 0.172078 0.097027 2.72093 0.22 0 0 0 0.0150563 0.0999784 0.00162385
0.0868289 2.72941 0.182212 0.0971768 2.72193 0.22 0.0315769 -0.0676326 0.848431 0.0149872 0.0999893 0.00159208
0.0871835 2.72927 0.193666 0.0973265 2.72293 0.22 0.0434682 0.069804 0.829337 0.0149754 0.099981 0.00212989
0.0877208 2.72962 0.203464 0.0974767 2.72393 0.22 0.0679855 0.0559118 0.518609 0.015048 0.0999624 0.00246378
0.0880162 2.73046 0.208714 0.0976279 2.72493 0.22 0.0075291 0.121582 0.294361 0.0151313 0.0999445 0.00267028
0.0879314 2.73201 0.21148 0.0977812 2.72593 0.22 -0.0261379 0.0854771 0.098187 0.0153526 0.0999086 0.00275034
0.087655 2.73202 0.21227 0.0979354 2.72693 0.22 -0.0167654 -0.0399131 0.0212155 0.0154426 0.0999 0.00255207
0.0875133 2.73233 0.212311 0.0980903 2.72793 0.22 -0.0147888 0.107105 -0.0406233 0.0155058 0.0998879 0.00264004
0.0874918 2.73343 0.211703 0.0982453 2.72893 0.22 0.0162952 0.0517142 -0.0270066 0.0154743 0.0998859 0.00289071
0.0876851 2.73387 0.211509 0.0983991 2.72993 0.22 0.0155227 0.0387752 -0.00434929 0.0153524 0.0998919 0.00330334
0.0878603 2.73439 0.211491 0.0985512 2.73093 0.22 0.0275068 0.0702246 0.0101267 0.01519 0.0999033 0.00368714
0.0881231 2.73521 0.21158 0.0987015 2.73192 0.22 0.0346631 0.0788417 0.0330573 0.0149841 0.0999106 0.00428351
0.0884418 2.73565 0.211892 0.0988506 2.73292 0.22 0.0296936 0.0417985 0.0244755 0.0148778 0.0999121 0.00460738
0.0887545 2.736 0.212134 0.0989981 2.73392 0.22 0.0294049 0.0517717 0.0164143 0.0147241 0.099922 0.0048788
0.0891012 2.73634 0.212369 0.0991441 2.73492 0.22 0.0373535 0.0126189 0.0209536 0.0145815 0.0999383 0.00497246
0.0894707 2.73648 0.212751 0.099289 2.73592 0.22 0.0402007 0.015604 0.055976 0.01446 0.0999541 0.00500821
0.0898269 2.73664 0.213569 0.0994333 2.73692 0.22 0.0332588 0.0309275 0.08858 0.0144344 0.0999575 0.00501413
0.0901273 2.737 0.214814 0.0995779 2.73792 0.22 0.0189465 0.0614224 0.104512 0.0144602 0.0999561 0.00496863
0.0902572 2.73758 0.216173 0.0997234 2.73892 0.22 0.00844231 0.04173 0.0990029 0.0145751 0.0999437 0.00488163
0.0903479 2.73786 0.21749 0.0998699 2.73992 0.22 0.0112969 0.0252577 0.100494 0.0146858 0.0999286 0.00485753
0.090558 2.73827 0.218895 0.100017 2.74092 0.22 0.0210567 0.0636549 0.124151 0.0147657 0.0999142 0.00491182
0.0907938 2.73875 0.220291 0.100166 2.74192 0.22 0.0246118 0.0256573 0.119403 0.0149003 0.0998881 0.00503381
0.0910058 2.73911 0.221738 0.100316 2.74292 0.22 0.0141279 0.0466113 0.125453 0.0149892 0.0998722 0.0050853
0.0911791 2.73954 0.223143 0.100466 2.74392 0.22 0.0170087 0.0384479 0.0942242 0.0150461 0.0998669 0.00502103
0.091339 2.73999 0.224384 0.100617 2.74491 0.22 0.0142947 0.0541541 0.0963893 0.0150731 0.0998554 0.00516733
0.091541 2.74052 0.225589 0.100768 2.74591 0.22 0.0255895 0.0743666 0.107065 0.0150664 0.099842 0.00543873
0.0918042 2.74132 0.226912 0.100918 2.74691 0.22 0.0215213 0.0794616 0.105056 0.0150413 0.0998491 0.00537809
0.0920921 2.74217 0.228159 0.101069 2.74791 0.22 0.0347147 0.0832849 0.0889243 0.015049 0.0998481 0.00537427
0.0923727 2.74308 0.229257 0.101219 2.74891 0.22 0.0234255 0.0962257 0.0940226 0.0150866 0.0998316 0.00557273
0.0925684 2.74402 0.230287 0.10137 2.74991 0.22 0.0202162 0.0923204 0.0817704 0.0151065 0.0998261 0.00561705
0.0927357 2.7451 0.231143 0.101521 2.7509 0.22 0.0230979 0.102381 0.0692508 0.0150834 0.0998274 0.0056559
0.0929589 2.74602 0.231773 0.101671 2.7519 0.22 0.0268989 0.0933286 0.0540027 0.0149565 0.099848 0.00562795
0.0932288 2.7471 0.232328 0.10182 2.7529 0.22 0.0346852 0.120385 0.0460146 0.0148338 0.0998704 0.00555512
0.0934454 2.74829 0.232883 0.101968 2.7539 0.22 0.0148715 0.115394 0.0473989 0.0147852 0.0998805 0.0055027
0.0935772 2.74946 0.233377 0.102116 2.7549 0.22 0.013335 0.119641 0.0365086 0.0147816 0.099881 0.00550297
0.0936309 2.7506 0.233717 0.102264 2.7559 0.22 0 0 0 0.0147901 0.0998779 0.00553738
0.0936309 2.7506 0.165498 0.102411 2.7569 0.22 0 0 0 0.0147824 0.0998657 0.00577208
0.0936309 2.7506 0.174177 0.102559 2.7579 0.22 0 0 0 0.0147655 0.0998672 0.00579042
0.093759 2.75282 0.185694 0.102707 2.75889 0.22 0.000306263 0.442156 0.964676 0.0147582 0.0998682 0.00579117
0.0938905 2.75609 0.197355 0.102854 2.75989 0.22 0.0486102 0.241828 0.815563 0.0147567 0.0998309 0.00640579
0.0943394 2.75761 0.207447 0.103002 2.76089 0.22 0.042582 0.0347963 0.686413 0.0147852 0.099824 0.00644679
0.0945611 2.75726 0.214529 0.10315 2.76189 0.22 0.0340956 0.0112522 0.334317 0.014808 0.0998264 0.00635699
0.0946257 2.75901 0.217687 0.103298 2.76289 0.22 -0.0366069 0.254389 0.163878 0.014805 0.0998288 0.00632709
0.0942615 2.76077 0.218994 0.103447 2.76388 0.22 -0.0142531 0.0557301 0.0958451 0.0148648 0.0997998 0.00663673
0.094124 2.76125 0.21984 0.103595 2.76488 0.22 -0.0195017 0.0680224 0.0326638 0.0148405 0.0997968 0.00673549
0.093942 2.76234 0.219995 0.103744 2.76588 0.22 -0.0166209 0.106667 0.0415076 0.0148539 0.0998391 0.0060429
0.0937898 2.76325 0.220553 0.103893 2.76688 0.22 -0.00454376 0.0408635 0.0569342 0.0149175 0.0998652 0.00542316
0.0937767 2.76396 0.220974 0.104043 2.76788 0.22 0.0168364 0.151345 0.0380441 0.0150063 0.0998866 0.00474054
0.0940576 2.76551 0.221427 0.104193 2.76888 0.22 0.0422045 0.134174 0.0520029 0.0150958 0.099912 0.0038345
0.0944179 2.76643 0.22216 0.104345 2.76988 0.22 0.0153682 0.0824963 0.032231 0.015119 0.0999196 0.00353393
0.0944396 2.7674 0.222342 0.104496 2.77088 0.22 0.000142681 0.11378 0.0213079 0.015124 0.0999255 0.00334029
0.0943763 2.76846 0.222807 0.104647 2.77188 0.22 0.00072972 0.0826058 0.048832 0.0151528 0.0999297 0.00307466
0.0944097 2.76915 0.223395 0.104799 2.77287 0.22 0.00391379 0.0774291 0.0193836 0.0151885 0.0999348 0.00271085
0.0945333 2.77022 0.223812 0.104951 2.77387 0.22 0.0129721 0.138511 0.0505483 0.0152338 0.0999353 0.00242107
0.0946472 2.77154 0.224365 0.105104 2.77487 0.22 0.0132145 0.102925 0.0561347 0.0152744 0.099934 0.00221134
0.0947439 2.77267 0.224987 0.105257 2.77587 0.22 0.00386769 0.156517 0.0418069 0.0153455 0.0999263 0.00206047
0.0947733 2.77422 0.225673 0.105411 2.77687 0.22 -0.00126597 0.155193 0.0739726 0.0154003 0.0999188 0.00201415
0.0947825 2.77486 0.226003 0.105473 2.77727 0.22 0.00586845 0.166936 0.0764962 0.0154403 0.0999127 0.00201004
0.0947825 2.77486 0.226003 0.105473 2.77727 0.22 0.00586845 0.166936 0.0764962 0.0154403 0.0999127 0.00201004
0.0947825 2.77486 0.226003 0.105473 2.77727 0.22 -0.00170986 0.138859 0.0910661 0.0154403 0.0999127 0.00201004
0.0949333 2.7764 0.229577 0.105628 2.77827 0.22 0.0278746 0.163856 0.0886169 0.0154917 0.09991 0.00173114
0.0951578 2.77806 0.2305 0.105783 2.77927 0.22 0.0174124 0.17519 0.0800795 0.0154485 0.099916 0.00177359
0.0952661 2.77975 0.231407 0.105937 2.78027 0.22 0.0064652 0.157985 0.096379 0.0153926 0.0999345 0.00108046
0.0954145 2.7815 0.232482 0.106122 2.78147 0.22 0.0148936 0.109422 0.073806 0.0154299 0.0999266 0.00125884
0.0955647 2.78273 0.23307 0.106246 2.78227 0.22 0.0260091 0.159503 0.0491704 0.0155346 0.0999078 0.00145334
0.0958052 2.78415 0.233787 0.106402 2.78327 0.22 0.0316235 0.124454 0.0584007 0.01561 0.0998939 0.00159342
0.0961146 2.78553 0.234473 0.106558 2.78427 0.22 0.0306085 0.117952 0.0595799 0.015649 0.0998855 0.00173292
0.0964767 2.78707 0.235208 0.106745 2.78546 0.22 0.0263931 0.133449 0.0546567 0.0155505 0.099899 0.00183531
0.0966627 2.78814 0.235774 0.106899 2.78646 0.22 0.0134789 0.096951 0.0554495 0.0153818 0.0999236 0.00191801
0.0967659 2.78895 0.23606 0.107022 2.78726 0.22 0.0223436 0.10525 0.0455329 0.0153437 0.0999286 0.00196101
0.0969623 2.78984 0.23635 0.107176 2.78826 0.22 0.0207153 0.0777462 0.0242071 0.0153728 0.0999213 0.00210044
0.0971803 2.7908 0.236573 0.10733 2.78926 0.22 0.0173154 0.0741803 0.0199972 0.0154475 0.0999077 0.00219675
0.0973221 2.79135 0.236791 0.107485 2.79026 0.22 0 0 0 0.0155364 0.0998926 0.00225696
0.0973221 2.79135 0.165743 0.107641 2.79126 0.22 0 0 0 0.0156208 0.0998775 0.00233952
0.0973221 2.79135 0.176155 0.107797 2.79226 0.22 0 0 0 0.0156448 0.099878 0.00214977
0.0975228 2.79162 0.184912 0.107954 2.79326 0.22 0.0383016 0.0909188 0.811149 0.0156471 0.0998581 0.00292174
0.0977891 2.79152 0.191883 0.10811 2.79425 0.22 0.00118136 -0.0115388 0.352087 0.01562 0.0998632 0.00289
0.0980609 2.79204 0.196874 0.108266 2.79525 0.22 0.0508593 0.165691 0.44005 0.0156183 0.0998424 0.00354397
0.0984196 2.79384 0.201214 0.108408 2.79625 0.22 0.00712454 0.15863 0.196865 0.011891 0.0998217 0.0045606
0.098572 2.79468 0.203132 0.108527 2.79725 0.22 0.0157399 0.0828304 0.0447479 0.0119892 0.0997382 0.00592621
0.0985649 2.79567 0.202688 0.108648 2.79825 0.22 -0.0106223 0.0812601 -0.0165452 0.0120505 0.0997162 0.00616646
0.0985423 2.79632 0.202505 0.108769 2.79924 0.22 0.0113799 0.0404748 0.00468012 0.0121164 0.0997276 0.00584483
0.0987538 2.79699 0.20252 0.10889 2.80024 0.22 0.0489682 0.110469 0.0247799 0.01214 0.0997401 0.00557606
0.0993279 2.79847 0.202704 0.109011 2.80124 0.22 0.0757962 0.147988 0.0526379 0.0121053 0.099744 0.00558211
0.0999561 2.79972 0.203513 0.109132 2.80224 0.22 0.0512714 0.118161 0.10265 0.012092 0.0997324 0.0058135
0.100407 2.80113 0.205338 0.109253 2.80323 0.22 0.0293825 0.1801 0.207688 0.0121049 0.0997065 0.00621631
0.100678 2.80261 0.207876 0.109375 2.80423 0.22 0.0465303 0.142604 0.126498 0.0121514 0.0996562 0.00689522
0.100929 2.80402 0.208657 0.109497 2.80523 0.22 0.00997247 0.11412 0.0372199 0.0122458 0.0995871 0.00768149
0.100959 2.80505 0.209154 0.10962 2.80622 0.22 -0.00786984 0.0912841 0.0417494 0.0123356 0.0995393 0.00814417
0.100985 2.80574 0.209803 0.109744 2.80722 0.22 0.024661 0.0531603 0.0666779 0.0124244 0.0994997 0.00848536
0.101234 2.80608 0.210526 0.109869 2.80821 0.22 0.0214315 0.0366777 0.0610912 0.0124713 0.0994814 0.00862977
0.101478 2.80651 0.211507 0.109994 2.80921 0.22 0.0144252 0.0340348 0.0919782 0.0125242 0.0994645 0.00874713
0.101567 2.80692 0.212601 0.11012 2.8102 0.22 0.012188 0.0390588 0.0930449 0.0125636 0.0994535 0.00881534
0.101673 2.80736 0.213923 0.110245 2.81119 0.22 0.00644998 0.0574717 0.112751 0.0125814 0.0994392 0.00895064
0.101775 2.80771 0.215358 0.110371 2.81219 0.22 0.016261 0.0365703 0.112515 0.0125984 0.0994118 0.00922728
0.101869 2.80823 0.216768 0.110497 2.81318 0.22 0.00902755 0.0773389 0.110888 0.0126004 0.0993911 0.009445
0.101901 2.8089 0.218067 0.110623 2.81418 0.22 0.00556309 0.0598365 0.107521 0.0125973 0.0993583 0.00978732
0.101952 2.80952 0.219455 0.110749 2.81517 0.22 0.012565 0.0795039 0.11465 0.0126059 0.0992869 0.0104765
0.102034 2.81021 0.220859 0.110875 2.81616 0.22 -0.000731071 0.0593674 0.0891184 0.0126187 0.099233 0.0109612
0.102082 2.81099 0.222 0.111002 2.81715 0.22 0.00608828 0.0902975 0.0901817 0.0126296 0.099199 0.0112528
0.102138 2.81174 0.223089 0.111128 2.81815 0.22 0.00278185 0.0630067 0.0872028 0.0126128 0.0991916 0.0113357
0.102193 2.81265 0.224208 0.111254 2.81914 0.22 0.0015005 0.0915729 0.0950784 0.0125606 0.0991933 0.0113791
0.10226 2.8136 0.225224 0.111379 2.82013 0.22 0.0106506 0.0956636 0.0904603 0.0125022 0.0991909 0.0114636
0.102338 2.8146 0.226288 0.111504 2.82112 0.22 0.000820272 0.092416 0.0776695 0.0124991 0.0991836 0.0115305
0.102412 2.8157 0.227238 0.111629 2.82211 0.22 0.0036734 0.157416 0.0871678 0.0125463 0.0991616 0.0116673
0.102477 2.81703 0.228062 0.111755 2.8231 0.22 0.00939644 0.103906 0.0590513 0.0126038 0.0991352 0.0118286
0.102545 2.81816 0.228704 0.111881 2.8241 0.22 0.00905881 0.107761 0.063108 0.0125558 0.0990599 0.0124923
0.102625 2.8195 0.229298 0.112006 2.82509 0.22 0.0080541 0.141512 0.0506541 0.0124899 0.0990588 0.0125668
0.102723 2.82078 0.229786 0.11213 2.82608 0.22 0.0126491 0.128488 0.053274 0.0123812 0.0990639 0.0126335
0.102788 2.82156 0.230171 0.112253 2.82707 0.22 0 0 0 0.0122642 0.0990707 0.0126943
0.102788 2.82156 0.168587 0.112375 2.82806 0.22 0 0 0 0.0121975 0.0990768 0.0127113
0.102788 2.82156 0.177903 0.112496 2.82905 0.22 0 0 0 0.0121518 0.0990821 0.0127133
0.102958 2.82491 0.189945 0.112617 2.83004 0.22 0.0112254 0.417729 0.969926 0.012081 0.0990912 0.0127099
0.103137 2.82709 0.198016 0.112738 2.83103 0.22 0.0274204 0.139015 0.480624 0.012006 0.0991017 0.0126992
0.10351 2.82817 0.203629 0.112857 2.83202 0.22 0.0222881 0.0606768 0.489949 0.0119231 0.0990469 0.0131951
0.103625 2.82858 0.209875 0.112976 2.83301 0.22 0.0254923 0.106125 0.398847 0.01184 0.0989901 0.0136873
0.103741 2.83 0.213533 0.113093 2.834 0.22 0.00584526 0.122249 0.24218 0.0117327 0.098878 0.0145618
0.103799 2.83101 0.215431 0.11321 2.83499 0.22 -0.0134747 0.108652 0.112526 0.0116729 0.0988074 0.0150797
0.103771 2.83242 0.216516 0.113326 2.83598 0.22 -0.00570985 0.172249 0.117174 0.0116442 0.0988524 0.0148046
0.103537 2.83413 0.217124 0.113442 2.83697 0.22 -0.0347972 0.12035 0.0321886 0.0116107 0.0989852 0.0139169
0.103119 2.8353 0.216755 0.113559 2.83796 0.22 -0.0242952 0.167576 0.00834015 0.0116783 0.0991076 0.0129562
0.102965 2.83697 0.216544 0.113676 2.83895 0.22 -0.00749361 0.175683 0.0090152 0.0117012 0.0992036 0.0121778
0.103161 2.8385 0.216436 0.113793 2.83994 0.22 0.0212013 0.147268 0.0105338 0.011671 0.0992335 0.0119606
0.10368 2.84 0.216456 0.113909 2.84093 0.22 0.0776471 0.127534 0.0377912 0.0116224 0.09922 0.0121195
0.104483 2.84071 0.217007 0.114025 2.84193 0.22 0.0722588 0.0184208 0.0855223 0.011556 0.0991815 0.012492
0.105157 2.84141 0.218008 0.11414 2.84292 0.22 0.0423742 0.131242 0.0588279 0.0115318 0.0991411 0.0128305
0.105393 2.84283 0.218571 0.114256 2.84391 0.22 -0.00636155 0.0820589 0.0727134 0.0115966 0.0991098 0.0130125
0.105367 2.84329 0.219525 0.114372 2.8449 0.22 0.00346173 0.0957821 0.0816243 0.011666 0.0991123 0.0129316
0.105433 2.84436 0.220486 0.11449 2.84589 0.22 0.00863148 0.111611 0.10727 0.0117433 0.0991356 0.0126804
0.105561 2.84534 0.221653 0.114608 2.84688 0.22 0.0249827 0.118027 0.119262 0.0118172 0.0991658 0.012372
0.105686 2.84654 0.222766 0.114726 2.84787 0.22 0.0129244 0.138122 0.0950372 0.0118576 0.0991658 0.0123333
0.10576 2.8481 0.223796 0.114845 2.84887 0.22 0.000364142 0.178763 0.114184 0.0118908 0.0991474 0.0124485
0.105803 2.84962 0.224918 0.114965 2.84986 0.22 0.0110327 0.155694 0.10965 0.0119594 0.0990894 0.0128381
0.105922 2.85135 0.22595 0.115085 2.85085 0.22 0.0109833 0.162506 0.112049 0.0120183 0.0990314 0.0132249
0.106073 2.85287 0.227083 0.115205 2.85184 0.22 0.0114627 0.123374 0.116686 0.0120353 0.0989457 0.0138368
0.106188 2.85421 0.228277 0.115325 2.85283 0.22 0.00859433 0.17371 0.112511 0.0120124 0.0989191 0.0140458
0.106248 2.85574 0.229425 0.115445 2.85381 0.22 0.00498068 0.141004 0.112539 0.0119239 0.0988924 0.0143066
0.106312 2.85727 0.230436 0.115563 2.8548 0.22 0.0115964 0.14231 0.105318 0.0118688 0.0988762 0.0144635
0.106371 2.8587 0.231298 0.115637 2.85579 0.22 0.00711889 0.119995 0.0856813 0.00813682 0.0988554 0.0147531
0.10647 2.85996 0.231964 0.115719 2.85678 0.22 0.00358218 0.126585 0.0718287 0.00820994 0.0988107 0.0150096
0.106566 2.86119 0.232607 0.115802 2.85777 0.22 0.0170129 0.123657 0.0642465 0.00827507 0.0987613 0.0152964
0.10668 2.86255 0.233254 0.115884 2.85876 0.22 0.0116614 0.136657 0.0620199 0.0082445 0.098718 0.0155896
0.106754 2.86364 0.23381 0.115966 2.85974 0.22 0.00646179 0.104775 0.0563433 0.00811955 0.0987036 0.0157455
0.106807 2.86474 0.234206 0.116046 2.86073 0.22 0.00526624 0.118348 0.0501559 0.00795716 0.0986829 0.0159571
0.106968 2.8659 0.234434 0.116125 2.86172 0.22 0.0171737 0.113193 0.0286316 0.00789374 0.0986542 0.0161644
0.107116 2.86693 0.234485 0.116203 2.8627 0.22 0.014875 0.120022 0.0313515 0.00787887 0.0986296 0.0163211
0.107154 2.86744 0.234525 0.116283 2.86369 0.22 0 0 0 0.00791599 0.0985832 0.016581
0.107154 2.86744 0.161618 0.116362 2.86467 0.22 0 0 0 0.00798381 0.0985483 0.0167551
0.107154 2.86744 0.170733 0.116443 2.86566 0.22 0 0 0 0.00807198 0.0985252 0.0168489
0.107343 2.86734 0.182166 0.116524 2.86664 0.22 0.016971 0.0640108 0.888046 0.00812733 0.0985062 0.0169328
0.107624 2.86852 0.193758 0.116606 2.86763 0.22 0.040956 0.16888 0.845582 0.00820609 0.098507 0.0168902
0.108053 2.86981 0.204613 0.116689 2.86861 0.22 0.0356699 0.0692959 0.76526 0.00830891 0.0985008 0.0168762
0.108414 2.8705 0.213863 0.116773 2.8696 0.22 0.0378722 0.142254 0.576926 0.00842328 0.0985153 0.0167344
0.108818 2.87072 0.216367 0.116858 2.87058 0.22 0.0253186 -0.0722076 -0.120013 0.00854576 0.0985575 0.0164205
0.109087 2.87165 0.215481 0.116944 2.87157 0.22 0.0572598 0.383018 0.0734488 0.0086157 0.0985864 0.0162095
0.109539 2.87493 0.215653 0.117031 2.87256 0.22 0.0353705 0.16702 0.0371794 0.00877679 0.098497 0.0166603
0.109696 2.87568 0.215717 0.11712 2.87354 0.22 0.00409338 0.0892547 0.0142967 0.0089339 0.0983216 0.0175868
0.109716 2.87725 0.215824 0.117211 2.87452 0.22 0.0093677 0.204702 -0.0107892 0.00902852 0.0980923 0.0187787
0.109901 2.87901 0.215178 0.117301 2.8755 0.22 0.0220615 0.0854056 -0.0298397 0.00903475 0.0979754 0.0193761
0.110043 2.88004 0.214819 0.117392 2.87648 0.22 0.00591786 0.120146 0.0201524 0.00907005 0.0978471 0.019998
0.110038 2.88099 0.214847 0.117482 2.87746 0.22 -5.51614e-05 0.060807 0.00852695 0.00906391 0.0977912 0.0202726
0.110023 2.88157 0.214758 0.117573 2.87843 0.22 -0.00381882 0.0890959 0.0110276 0.00904115 0.0977525 0.0204684
0.110025 2.8822 0.214927 0.117663 2.87941 0.22 0.0026559 0.0231934 0.0506148 0.00898706 0.0977389 0.0205572
0.1101 2.88273 0.21583 0.117752 2.88039 0.22 0.00966795 0.0732198 0.0889422 0.0089418 0.0977217 0.0206584
0.110181 2.88329 0.216906 0.117841 2.88137 0.22 0.0140955 0.0620418 0.114273 0.00888239 0.0976682 0.0209352
0.110234 2.88384 0.218191 0.11793 2.88234 0.22 -0.0019468 0.0665646 0.125155 0.00883537 0.0976097 0.0212255
0.110203 2.88429 0.219554 0.118018 2.88332 0.22 -0.0095066 0.0435485 0.117032 0.00879588 0.097554 0.0214967
0.110192 2.88496 0.220867 0.118105 2.88429 0.22 -0.00462933 0.047699 0.109845 0.00875012 0.0974578 0.021947
0.110166 2.88535 0.222154 0.118193 2.88527 0.22 1.25975e-05 0.0097096 0.111679 0.00874775 0.097427 0.022084
0.110142 2.88565 0.223513 0.11828 2.88624 0.22 -0.00131824 0.0420761 0.124336 0.00875342 0.0974021 0.0221915
0.110095 2.88611 0.224869 0.118368 2.88721 0.22 -0.00503523 0.0491266 0.134234 0.00873688 0.0973319 0.0225038
0.110102 2.88658 0.226237 0.118454 2.88819 0.22 -0.00113488 0.034076 0.112337 0.0086707 0.0972233 0.0229935
0.110114 2.88708 0.22735 0.118541 2.88916 0.22 0.00469637 0.0909961 0.102701 0.00863399 0.0972001 0.0231052
0.110151 2.88788 0.228376 0.118627 2.89013 0.22 0.00651228 0.097244 0.106896 0.00861255 0.0971419 0.0233565
0.110199 2.88878 0.229431 0.118713 2.8911 0.22 0.00386538 0.0847666 0.0950019 0.00861857 0.0971255 0.0234222
0.110235 2.88965 0.230393 0.118799 2.89207 0.22 0.00433238 0.0778625 0.0833149 0.00864647 0.097104 0.0235012
0.110264 2.89052 0.231288 0.118886 2.89304 0.22 0.00118259 0.109008 0.0842672 0.00868244 0.0970888 0.0235507
0.110296 2.89159 0.231987 0.118973 2.89401 0.22 0.00408608 0.121439 0.0701156 0.00874269 0.0970773 0.0235756
0.110339 2.89265 0.232557 0.119062 2.89499 0.22 0.00378029 0.105845 0.055332 0.00882449 0.0970654 0.0235942
0.110396 2.89382 0.233075 0.11915 2.89596 0.22 0.003853 0.133208 0.0577453 0.00887444 0.0970543 0.023621
0.11044 2.89498 0.233538 0.119239 2.89693 0.22 0.00640992 0.103128 0.0547308 0.00886606 0.0970316 0.0237174
0.110506 2.89608 0.233988 0.119328 2.8979 0.22 0.00674592 0.125421 0.0640196 0.0088773 0.0970115 0.0237952
0.110554 2.89745 0.234409 0.119416 2.89887 0.22 0.00891743 0.147473 0.0565291 0.00886587 0.0970351 0.0237031
0.110589 2.898 0.234655 0.119505 2.89984 0.22 0 0 0 0.00889659 0.0970155 0.0237719
0.110589 2.898 0.167039 0.119594 2.90081 0.22 0 0 0 0.00891795 0.0970072 0.0237976
0.110589 2.898 0.176906 0.119683 2.90178 0.22 0 0 0 0.00892247 0.0970156 0.0237617
0.110786 2.9014 0.188679 0.119773 2.90275 0.22 0.0181094 0.308058 0.990269 0.00892479 0.0970232 0.0237296
0.111308 2.9041 0.19945 0.119862 2.90372 0.22 0.0504505 0.195143 0.798229 0.00888347 0.0970174 0.0237689
0.111675 2.90519 0.208968 0.11995 2.90469 0.22 0.0254795 0.00371322 0.680937 0.00882852 0.0970091 0.0238231
0.111905 2.90529 0.217763 0.120038 2.90566 0.22 0.0438533 0.087655 0.600357 0.00876861 0.097028 0.0237682
0.112334 2.90744 0.224084 0.120125 2.90663 0.22 0.0251555 0.144163 0.292494 0.00870643 0.0970853 0.0235562
0.112429 2.90803 0.226465 0.120212 2.9076 0.22 0.0239872 0.00341882 0.132998 0.00867024 0.0972119 0.0230418
0.112759 2.90922 0.226557 0.120298 2.90857 0.22 0.00949353 0.3124 0.0406781 0.00863793 0.0972759 0.0227825
0.112792 2.91162 0.225959 0.120384 2.90955 0.22 -0.00092738 0.0833432 -0.0527926 0.00858745 0.0972775 0.0227944
0.112907 2.9124 0.224585 0.12047 2.91052 0.22 0.0151711 0.145191 -0.084978 0.00860313 0.0972375 0.0229589
0.113087 2.91394 0.223138 0.120556 2.91149 0.22 0.0218166 0.142731 -0.0621408 0.00861202 0.097235 0.0229659
0.113237 2.91483 0.222388 0.120643 2.91246 0.22 0.0188814 0.067924 -0.0160466 0.00861799 0.0972884 0.0227365
0.113411 2.9156 0.222405 0.120729 2.91344 0.22 0.0325388 0.115066 0.0159015 0.00863097 0.0973421 0.0225005
0.113728 2.91658 0.222168 0.120815 2.91441 0.22 0.0366017 0.0651513 0.0169426 0.00864153 0.0974347 0.0220918
0.113976 2.91721 0.222356 0.120902 2.91539 0.22 0.0150593 0.0975946 0.0543779 0.00866159 0.0974877 0.0218487
0.114053 2.91869 0.222789 0.120989 2.91636 0.22 0.00103101 0.131449 0.0825383 0.00869205 0.0975361 0.0216195
0.114115 2.91973 0.223594 0.121076 2.91734 0.22 0.00156592 0.0969882 0.0960224 0.00876497 0.0976702 0.0209751
0.114185 2.92104 0.224554 0.121164 2.91831 0.22 0.0167483 0.156774 0.100034 0.00880899 0.0976675 0.0209691
0.114218 2.92248 0.225364 0.121253 2.91929 0.22 0.0026342 0.108725 0.0807343 0.00886797 0.0976465 0.0210419
0.114201 2.92358 0.226183 0.121342 2.92027 0.22 0.00345409 0.113147 0.102102 0.00893891 0.0976179 0.0211447
0.114204 2.92493 0.227045 0.121432 2.92124 0.22 0.00897263 0.170184 0.118923 0.00897616 0.0976069 0.0211796
0.114265 2.92625 0.228079 0.121522 2.92222 0.22 0.00525005 0.1245 0.107126 0.00901175 0.0975927 0.0212297
0.114304 2.92741 0.229119 0.121612 2.92319 0.22 -0.00145169 0.120605 0.12148 0.00898555 0.0976572 0.0209425
0.114285 2.9288 0.230115 0.121701 2.92417 0.22 -0.0133197 0.129829 0.111756 0.00896113 0.0976443 0.0210126
0.114195 2.9302 0.231143 0.121791 2.92515 0.22 -0.000418969 0.132464 0.0954675 0.00892924 0.0976295 0.021095
0.11418 2.93153 0.231962 0.12188 2.92612 0.22 9.85427e-05 0.142704 0.0874648 0.00891715 0.0976071 0.0212034
0.114188 2.93296 0.232794 0.121969 2.9271 0.22 0.00200792 0.122093 0.0865374 0.00893071 0.0975475 0.0214702
0.114206 2.93428 0.233502 0.122077 2.92827 0.22 2.5279e-05 0.143841 0.0863126 0.00896112 0.0975288 0.0215423
0.114267 2.93541 0.234263 0.122166 2.92924 0.22 0.0038761 0.0964966 0.0788792 0.00895323 0.097493 0.0217071
0.114296 2.93642 0.234859 0.122237 2.93002 0.22 -0.00581599 0.0908554 0.0610123 0.00888664 0.097518 0.0216223
0.114319 2.93725 0.235282 0.122325 2.931 0.22 0.0109903 0.106276 0.0504989 0.00875708 0.0975141 0.0216923
0.114323 2.93857 0.235734 0.122429 2.93217 0.22 0.003552 0.12687 0.0640905 0.00867943 0.0974918 0.0218234
0.1144 2.93959 0.236031 0.122499 2.93314 0.22 0.0167137 0.0993843 0.0521077 0.0086993 0.0974526 0.02199
0.11447 2.9405 0.236321 0.122586 2.93392 0.22 0.00243751 0.0933477 0.0506777 0.00870911 0.0974274 0.0220978
0.114502 2.94135 0.236595 0.12269 2.93509 0.22 0.0127595 -0.234807 0.0436872 0.00868225 0.0974121 0.0221755
0.114502 2.94135 0.236784 0.122777 2.93607 0.22 0 0 0 0.00863609 0.0974153 0.0221794
0.114502 2.94135 0.167602 0.122863 2.93704 0.22 0 0 0 0.00860949 0.0974269 0.0221388
0.114494 2.94132 0.177525 0.122949 2.93802 0.22 -0.00421186 -0.0123693 0.789737 0.00859993 0.0974339 0.0221118
0.114603 2.94208 0.188864 0.123035 2.93899 0.22 0.00968505 0.15053 0.881604 0.00860216 0.0974502 0.0220387
0.114873 2.94392 0.199756 0.123121 2.93996 0.22 0.0443722 0.178545 0.839763 0.00864432 0.0974553 0.0219998
0.115164 2.94465 0.209955 0.123191 2.94074 0.22 0.035336 0.00200944 0.745071 0.00867404 0.0974599 0.0219679
0.115473 2.94536 0.218453 0.123296 2.94191 0.22 0.0339474 0.162608 0.617735 0.0087592 0.0974992 0.0217585
0.115824 2.94526 0.221178 0.123366 2.94269 0.22 0.0140813 -0.0142926 0.17861 0.00882738 0.0975634 0.0214408
0.115875 2.94636 0.223258 0.123455 2.94367 0.22 0.0456481 0.280993 0.207419 0.00885033 0.0976343 0.0211059
0.116078 2.94889 0.224886 0.123544 2.94465 0.22 -0.0146975 0.0840608 0.0454433 0.00897727 0.0976105 0.0211624
0.115799 2.94847 0.224057 0.123635 2.94562 0.22 -0.00458431 0.0998841 -0.0516138 0.00908691 0.0975082 0.021583
0.115819 2.95091 0.222975 0.123726 2.9466 0.22 0.00327242 0.314645 -0.0662233 0.00912539 0.0973519 0.0222619
0.115811 2.95293 0.221434 0.123817 2.94757 0.22 -0.00433787 0.0583401 -0.0890045 0.00904389 0.0972388 0.022783
0.115831 2.95378 0.220774 0.123905 2.94854 0.22 0.0153335 0.166977 -0.00750686 0.00875505 0.0971009 0.0234738
0.116158 2.95576 0.219823 0.12399 2.94951 0.22 0.0393216 0.131567 -0.0486219 0.00845181 0.0970332 0.0238615
0.116565 2.9565 0.21932 0.12409 2.95067 0.22 0.0441712 0.0827769 -0.0143258 0.00827338 0.0969834 0.024125
0.116956 2.95728 0.21918 0.124171 2.95164 0.22 0.0394102 0.0935505 0.0154418 0.00810405 0.0969845 0.0241781
0.117258 2.95785 0.219503 0.124235 2.95242 0.22 0.0288252 0.0365837 0.0495549 0.00796076 0.0970036 0.0241441
0.117451 2.95836 0.219919 0.124314 2.95339 0.22 0.0168492 0.0804182 0.0760988 0.00790903 0.0970114 0.0241349
0.11756 2.9591 0.220989 0.124393 2.95436 0.22 -0.00226282 0.0278948 0.0921744 0.00789318 0.0970184 0.0241116
0.117581 2.95975 0.222068 0.124472 2.95552 0.22 0.00424685 0.10417 0.113305 0.00790109 0.0970031 0.0241708
0.117616 2.96046 0.223108 0.124567 2.95649 0.22 0.005477 0.0699502 0.103385 0.00789763 0.0969666 0.024318
0.117624 2.96102 0.224354 0.124646 2.95746 0.22 -0.000543572 0.0466429 0.126879 0.00793585 0.0969148 0.024511
0.1177 2.96153 0.225557 0.12471 2.95824 0.22 0.00697 0.0513658 0.106527 0.00796501 0.0968952 0.0245789
0.117809 2.96202 0.226797 0.124806 2.9594 0.22 0.0112096 0.0387494 0.105455 0.00806729 0.0967309 0.0251854
0.117881 2.96253 0.22783 0.124887 2.96037 0.22 0.00197578 0.0485034 0.100151 0.00810906 0.0966842 0.0253508
0.11796 2.96308 0.22877 0.124969 2.96133 0.22 0.00999884 0.0475995 0.0836127 0.00811849 0.0966994 0.0252897
0.118046 2.96374 0.229772 0.12505 2.9623 0.22 0.00974703 0.0790779 0.104271 0.00812742 0.0967289 0.0251737
0.118149 2.96466 0.23071 0.125131 2.96327 0.22 0.0104269 0.103777 0.0975914 0.00813142 0.0967519 0.0250839
0.118271 2.96557 0.231671 0.125213 2.96424 0.22 0.0105526 0.0697687 0.0965958 0.00814499 0.0967525 0.0250771
0.118347 2.96646 0.232543 0.125294 2.9652 0.22 0.0124128 0.101479 0.0811261 0.0081837 0.0967401 0.0251122
0.118392 2.96756 0.233164 0.125377 2.96617 0.22 0.00574755 0.123817 0.0737965 0.00826221 0.0967206 0.0251616
0.118432 2.96848 0.233776 0.12546 2.96714 0.22 0.000738714 0.0824764 0.0752839 0.00830755 0.0967195 0.0251512
0.118445 2.96943 0.234314 0.125543 2.96811 0.22 0.00102142 0.112409 0.0598349 0.00833849 0.0967363 0.025076
0.118507 2.97055 0.23463 0.125626 2.96907 0.22 0.00513466 0.11447 0.0570861 0.00832349 0.0967668 0.0249633
0.118603 2.97169 0.235015 0.125709 2.97004 0.22 0.00752561 0.115176 0.0578405 0.00828458 0.096798 0.0248548
0.118632 2.97282 0.235333 0.125792 2.97101 0.22 0.00139141 0.104897 0.0426937 0.00827386 0.0968082 0.0248186
0.118632 2.97282 0.163783 0.125875 2.97198 0.22 0 0 0 0.00826737 0.0968069 0.024826
0.118632 2.97282 0.171918 0.125957 2.97295 0.22 0 0 0 0.00826909 0.0968608 0.0246143
0.118642 2.9735 0.182635 0.12604 2.97391 0.22 0.00487273 0.339993 1.00655 0.00822588 0.0968605 0.02463
0.118763 2.97716 0.19436 0.126122 2.97488 0.22 0.037034 0.324307 0.9742 0.00814617 0.0968729 0.0246075
0.119149 2.97979 0.204485 0.126202 2.97585 0.22 0.0352988 0.185247 0.786628 0.00807878 0.0968634 0.0246672
0.119364 2.98014 0.213658 0.126282 2.97682 0.22 0.00149045 -0.00187545 0.668124 0.00795457 0.0968756 0.0246594
0.119539 2.98143 0.221162 0.126361 2.97779 0.22 0.0300597 0.30324 0.558423 0.0078529 0.096939 0.0244418
0.119605 2.98202 0.224278 0.126439 2.97876 0.22 0.0191197 -0.0363263 0.195595 0.00776867 0.097033 0.0240936
0.119802 2.98265 0.225275 0.126516 2.97973 0.22 0.0137892 0.197243 0.090303 0.00767375 0.0971088 0.0238169
0.119893 2.98512 0.225858 0.126592 2.9807 0.22 0.00569714 0.175768 0.110417 0.00761489 0.0971017 0.0238645
0.120047 2.98611 0.225604 0.126668 2.98167 0.22 0.00770166 0.0977358 -0.0423851 0.00764479 0.0970407 0.024102
0.120072 2.98766 0.224887 0.126746 2.98264 0.22 -0.00237241 0.143592 -0.0425915 0.0077461 0.0969963 0.0242479
0.119902 2.98844 0.223734 0.126824 2.98361 0.22 -0.01869 0.0394209 -0.0828312 0.00784708 0.0970555 0.0239773
0.119798 2.98918 0.223036 0.126903 2.98458 0.22 -0.00556814 0.08543 -0.0200889 0.00791889 0.0971503 0.0235659
0.119869 2.98975 0.222477 0.126983 2.98556 0.22 0.0136549 0.0664249 -0.0281423 0.00797729 0.0972979 0.0229288
0.12011 2.99037 0.222136 0.127062 2.98653 0.22 0.0253114 0.062137 -0.00230659 0.00798119 0.097404 0.0224726
0.120443 2.99117 0.22205 0.127142 2.98751 0.22 0.0383668 0.0903154 0.0318524 0.00795193 0.0974894 0.0221098
0.120709 2.99213 0.222259 0.127221 2.98848 0.22 0.0178647 0.0771544 0.0505287 0.00794504 0.0975179 0.0219859
0.120777 2.99309 0.222868 0.127301 2.98946 0.22 -0.00106042 0.119812 0.0862986 0.00797077 0.0975483 0.0218414
0.120714 2.99433 0.22368 0.127381 2.99043 0.22 -0.0112017 0.126391 0.0934939 0.00803999 0.0975745 0.0216985
0.120653 2.99554 0.224629 0.127462 2.99141 0.22 -0.00133173 0.12637 0.113472 0.00808788 0.0975889 0.0216158
0.120614 2.99694 0.225559 0.127543 2.99238 0.22 -0.0178664 0.150781 0.119159 0.00810844 0.0976054 0.0215335
0.120529 2.99819 0.226647 0.127624 2.99336 0.22 -0.00894102 0.109519 0.110601 0.00811815 0.0976141 0.0214903
0.120479 2.99951 0.227871 0.127706 2.99434 0.22 0.00628954 0.160021 0.134391 0.00815584 0.0976165 0.0214649
0.120531 3.00106 0.228998 0.127788 2.99531 0.22 0.00725205 0.146909 0.128867 0.00819043 0.0976524 0.0212879
0.120643 3.0024 0.230105 0.12787 2.99629 0.22 0.00900683 0.13323 0.110946 0.00819648 0.0977555 0.0208068
0.120737 3.00374 0.231196 0.127951 2.99727 0.22 0.00465397 0.151152 0.10689 0.00816898 0.0977531 0.0208289
0.120791 3.00517 0.232139 0.128033 2.99824 0.22 -0.00637967 0.1001 0.106095 0.00809772 0.0977463 0.0208888
0.120779 3.00636 0.233044 0.128113 2.99922 0.22 0.00315047 0.164293 0.124491 0.00805631 0.0977404 0.0209322
0.120823 3.00796 0.233965 0.128194 3.0002 0.22 0.0068646 0.162699 0.0937773 0.00807376 0.097728 0.0209834
0.120898 3.00933 0.23469 0.128275 3.00118 0.22 0.00757907 0.0910868 0.0922452 0.0081515 0.0976998 0.0210845
0.121031 3.01041 0.235354 0.128357 3.00215 0.22 0.0113681 0.138191 0.0679379 0.00818452 0.0976796 0.0211649
0.121086 3.01175 0.235804 0.128438 3.00313 0.22 0.01531 0.132433 0.070513 0.00813524 0.0976698 0.021229
0.121123 3.01288 0.236367 0.128519 3.00411 0.22 0.00147991 0.0875956 0.0589912 0.00805098 0.0976632 0.0212916
0.121157 3.01382 0.236811 0.128599 3.00508 0.22 0.00417464 0.0961422 0.0652078 0.00794906 0.0976677 0.0213092
0.1212 3.0148 0.237249 0.128678 3.00606 0.22 0.00336609 0.0984497 0.0366185 0.00791435 0.0976723 0.0213013
0.12122 3.01559 0.237513 0.128757 3.00704 0.22 0 0 0 0.00789993 0.0976718 0.0213086
0.12122 3.01559 0.162201 0.128836 3.00801 0.22 0 0 0 0.00792398 0.0976605 0.0213517
0.12122 3.01559 0.170223 0.128915 3.00899 0.22 0 0 0 0.0079619 0.0976498 0.0213864
0.121256 3.01553 0.180573 0.128996 3.00997 0.22 0.0172232 0.0264802 0.836365 0.00800608 0.0976625 0.0213115
0.121481 3.01646 0.191931 0.129076 3.01094 0.22 0.0239687 0.165951 0.857437 0.00807418 0.0976694 0.0212544
0.121779 3.01811 0.202594 0.129158 3.01192 0.22 0.034976 0.117815 0.79758 0.00816856 0.0976722 0.0212054
0.122017 3.0183 0.212737 0.12924 3.0129 0.22 0.0158312 -0.0180561 0.726759 0.00827928 0.0976937 0.0210627
0.122145 3.01853 0.221851 0.129324 3.01387 0.22 0.0220664 0.144308 0.627991 0.00835299 0.0977275 0.0208764
0.122371 3.02013 0.22736 0.129408 3.01485 0.22 0.0161318 -0.0590668 0.113414 0.00845911 0.0977913 0.0205316
0.122266 3.01978 0.227714 0.129493 3.01583 0.22 -0.0143589 0.0426052 -0.0466729 0.00848857 0.0978698 0.0201421
0.122437 3.0218 0.226688 0.129577 3.01681 0.22 0.0370869 0.360629 -0.0256168 0.00845667 0.098237 0.0182819
0.122791 3.02445 0.225305 0.129663 3.01779 0.22 0.0377985 0.155376 -0.0618376 0.00854286 0.0980688 0.0191254
0.123182 3.02604 0.224291 0.129748 3.01877 0.22 0.0357219 0.221403 -0.0156114 0.00858905 0.097875 0.0200737
0.123408 3.02844 0.223806 0.129835 3.01975 0.22 0.0102954 0.235841 -0.0119128 0.00861314 0.097712 0.0208428
0.123528 3.03017 0.2235 0.129921 3.02073 0.22 0.0155596 0.0801227 0.0150022 0.00862205 0.0975325 0.0216639
0.123651 3.03134 0.223408 0.130007 3.0217 0.22 0.00595137 0.172762 -0.0063785 0.00868464 0.0973866 0.0222863
0.123606 3.03275 0.222893 0.130095 3.02267 0.22 -0.00562268 0.100649 -0.0474621 0.00874376 0.0973149 0.0225745
0.123541 3.03338 0.222157 0.130183 3.02365 0.22 0.00289 0.0809717 -0.032929 0.0088018 0.0972635 0.0227724
0.123612 3.03409 0.221924 0.130271 3.02462 0.22 0.0116227 0.0480015 -0.00281985 0.00883904 0.0973055 0.0225777
0.123702 3.0344 0.221989 0.130359 3.02559 0.22 0.00702955 0.00798388 0.0261356 0.00883909 0.0972955 0.0226207
0.123763 3.03474 0.222292 0.130448 3.02657 0.22 0.00190679 0.0530958 0.0382937 0.00881233 0.0972821 0.0226891
0.123787 3.03517 0.222845 0.130535 3.02754 0.22 0.00108037 0.0540682 0.0611854 0.00872587 0.0972735 0.022759
0.123816 3.03559 0.223593 0.130622 3.02851 0.22 0.00749955 0.0327438 0.0717333 0.00867511 0.0972457 0.0228967
0.123863 3.0359 0.224476 0.130709 3.02948 0.22 0.00537388 0.0264944 0.0811628 0.0086765 0.0972129 0.0230352
0.123885 3.03609 0.225481 0.130796 3.03046 0.22 0.00468294 -0.00230073 0.0937284 0.00873792 0.0971681 0.0232006
0.123924 3.03613 0.226543 0.130883 3.03143 0.22 0.00461329 0.00831383 0.0957501 0.00877568 0.0971424 0.0232936
0.124004 3.03629 0.227505 0.130971 3.0324 0.22 0.0130044 0.0210387 0.0704877 0.00876439 0.0971393 0.0233109
0.124135 3.0366 0.228425 0.131058 3.03337 0.22 0.0051141 0.0302704 0.0838848 0.00869413 0.0971578 0.0232598
0.124203 3.03675 0.229302 0.131144 3.03434 0.22 0.00448507 0.00244892 0.0899365 0.00854181 0.0972025 0.0231291
0.124256 3.037 0.23028 0.131229 3.03531 0.22 0.00326775 0.0395274 0.0866788 0.00850602 0.0972242 0.023051
0.124293 3.03744 0.231169 0.131315 3.03629 0.22 -0.00234363 0.0774684 0.0735827 0.0085686 0.0972511 0.022914
0.124289 3.03809 0.232039 0.131401 3.03726 0.22 -0.00269275 0.056601 0.0831751 0.00867009 0.0972417 0.0229156
0.124295 3.0386 0.232952 0.131489 3.03823 0.22 0.00045878 0.0687395 0.0795122 0.00875339 0.0972251 0.0229545
0.124329 3.03939 0.233575 0.131576 3.0392 0.22 0.00408761 0.0965221 0.0756673 0.00873255 0.0972181 0.0229919
0.1244 3.04022 0.234133 0.131663 3.04018 0.22 0.00611044 0.0568911 0.0487483 0.00861901 0.0972189 0.0230313
0.124517 3.04092 0.234703 0.131747 3.04115 0.22 0.0152254 0.105009 0.0687413 0.00846022 0.0972288 0.0230483
0.124678 3.04199 0.235135 0.131831 3.04212 0.22 0.0183133 0.101079 0.0505305 0.00839106 0.0972283 0.023076
0.1248 3.04268 0.235428 0.131915 3.04309 0.22 0 0 0 0.00836658 0.0972249 0.0230991
0.1248 3.04268 0.165602 0.131999 3.04406 0.22 0 0 0 0.00836362 0.0972212 0.0231158
0.1248 3.04268 0.173578 0.132083 3.04504 0.22 0 0 0 0.00838177 0.0972269 0.0230851
0.124834 3.04408 0.184151 0.132167 3.04601 0.22 0.0132248 0.405608 1.03429 0.00841042 0.0972334 0.0230472
0.124993 3.04781 0.195587 0.132251 3.04698 0.22 0.0512478 0.257941 0.876577 0.00840802 0.0972447 0.0230004
0.125403 3.05016 0.205276 0.132334 3.04795 0.22 0.0272972 0.108115 0.722005 0.00836403 0.0972317 0.0230712
0.125616 3.05059 0.214052 0.132418 3.04893 0.22 0.0157336 0.0501932 0.61344 0.00832523 0.0972372 0.0230621
0.125855 3.05221 0.221115 0.132501 3.0499 0.22 0.0100749 0.325661 0.53166 0.00827929 0.0972817 0.0228905
0.12591 3.05473 0.226557 0.132583 3.05087 0.22 0.00198394 0.0902032 0.396423 0.00826167 0.0973682 0.0225261
0.125995 3.05439 0.230309 0.132665 3.05185 0.22 0.0255743 -0.0348881 0.237029 0.00817191 0.0975587 0.0217204
0.126272 3.0545 0.232917 0.132747 3.05282 0.22 0.0325969 0.0680527 0.181986 0.00808301 0.0977189 0.0210221
0.126506 3.05446 0.232932 0.132826 3.0538 0.22 0.0282173 0.0624923 -0.0717575 0.0079922 0.0979023 0.020187
0.126767 3.056 0.231099 0.132906 3.05478 0.22 0.0144154 0.234288 -0.0922145 0.0078963 0.0980191 0.0196507
0.126882 3.0576 0.229589 0.132984 3.05576 0.22 0.0184257 0.0991975 -0.0934499 0.00780863 0.0980278 0.0196425
0.126995 3.05887 0.227966 0.133061 3.05674 0.22 0.00512716 0.257719 -0.0945817 0.00772544 0.0980289 0.01967
0.127062 3.06101 0.226488 0.133138 3.05772 0.22 0.00702862 0.0869218 -0.0644365 0.00765379 0.0980429 0.0196282
0.127127 3.06147 0.22575 0.133214 3.0587 0.22 0.0141114 0.0495071 -0.0357129 0.00756058 0.0981041 0.0193564
0.127207 3.0627 0.22522 0.133289 3.05969 0.22 0.00551247 0.137821 0.0024601 0.00753577 0.0981822 0.0189664
0.127209 3.06353 0.225228 0.133365 3.06067 0.22 -0.0104497 0.0114845 0.0114495 0.0075642 0.0982634 0.0185294
0.127133 3.06435 0.225436 0.133441 3.06165 0.22 -0.00909591 0.163059 0.032668 0.00760575 0.0983221 0.0181981
0.127017 3.06578 0.225636 0.133517 3.06264 0.22 -0.0113531 0.0757014 0.0486846 0.00768809 0.0983914 0.0177842
0.126876 3.06662 0.226027 0.133595 3.06362 0.22 -0.0112912 0.142816 0.0622792 0.00774837 0.0984165 0.0176181
0.126761 3.06818 0.226611 0.133673 3.0646 0.22 -0.00647367 0.178718 0.0977494 0.00779322 0.0984322 0.0175106
0.126702 3.0696 0.227459 0.133751 3.06559 0.22 -0.00379849 0.112601 0.104497 0.00782251 0.0984429 0.0174374
0.126676 3.07104 0.228308 0.133829 3.06657 0.22 0.00142749 0.158618 0.101989 0.00781079 0.0984567 0.0173641
0.126676 3.07248 0.229224 0.133907 3.06756 0.22 0.00191494 0.150085 0.118178 0.00775166 0.0985133 0.0170671
0.126668 3.07402 0.230111 0.133984 3.06854 0.22 0.000786446 0.202463 0.0926907 0.00772108 0.0985163 0.0170636
0.126637 3.07552 0.230892 0.134061 3.06953 0.22 -0.00752548 0.121061 0.0949102 0.00770892 0.0985165 0.0170682
0.126552 3.07674 0.231738 0.134138 3.07051 0.22 -0.0026938 0.136329 0.0966866 0.00774927 0.0985168 0.017048
0.126489 3.0782 0.232659 0.134216 3.0715 0.22 -0.00993391 0.137259 0.10709 0.00781674 0.0985198 0.0169999
0.126438 3.07937 0.233567 0.134295 3.07248 0.22 0.000657722 0.109212 0.0904194 0.0078382 0.098518 0.0170003
0.126516 3.08061 0.23445 0.134373 3.07347 0.22 0.011207 0.107895 0.0687929 0.00779353 0.0985511 0.0168281
0.12659 3.08172 0.23508 0.134465 3.07465 0.22 0.00868175 0.0815025 0.0880368 0.0076959 0.0986297 0.0164073
0.126596 3.08288 0.235636 0.134542 3.07564 0.22 0.00346582 0.119449 0.0681854 0.00762649 0.098649 0.0163236
0.126615 3.08391 0.236012 0.134603 3.07643 0.22 0.00378771 0.0802662 0.0447642 0.00763011 0.0986871 0.0160739
0.126731 3.0847 0.236324 0.13468 3.07742 0.22 0.0266765 0.0790686 0.0461619 0.00769933 0.0986796 0.0161031
0.126994 3.08583 0.23668 0.134772 3.0786 0.22 0.0306207 0.100688 0.0484304 0.00768769 0.0986781 0.016118
0.127087 3.08635 0.236946 0.134849 3.07959 0.22 0 0 0 0.00763224 0.098691 0.0160648
0.127087 3.08635 0.165982 0.134925 3.08057 0.22 0 0 0 0.00758416 0.0987154 0.0159374
0.127087 3.08635 0.174855 0.135 3.08156 0.22 0 0 0 0.00756855 0.0987344 0.015827
0.127161 3.08669 0.185914 0.135076 3.08255 0.22 0.0231418 0.100681 0.880307 0.0075828 0.0987576 0.0156745
0.12734 3.08842 0.197552 0.135152 3.08354 0.22 0.0146047 0.176848 0.855096 0.00762992 0.0987593 0.015641
0.127501 3.08944 0.204027 0.135198 3.08413 0.22 0.422009 -0.310699 -33.6446 0.00766162 0.098752 0.0156712
0.128634 3.09044 0.214995 0.135291 3.08531 0.22 0.0300953 0.111369 0.518559 0.00775972 0.0985207 0.0170206
0.128794 3.09164 0.220936 0.135369 3.0863 0.22 0.0188578 0.119551 0.460064 0.00780173 0.0986131 0.0164573
0.128882 3.0927 0.22624 0.135447 3.08729 0.22 0.00281266 0.118426 0.416166 0.00783059 0.0987734 0.0154515
0.128845 3.09225 0.228214 0.135526 3.08827 0.22 -0.0308897 -0.177371 -0.0750038 0.00783005 0.0989294 0.0144192
0.128756 3.09315 0.22762 0.135604 3.08926 0.22 0.011138 0.362334 0.0313185 0.00780453 0.0989975 0.013958
0.128998 3.09715 0.227289 0.135682 3.09025 0.22 0.0357275 0.315623 0.00500087 0.00779408 0.0988774 0.0147904
0.129284 3.09875 0.226684 0.13576 3.09124 0.22 0.0138358 0.127971 -0.0256321 0.00778125 0.0986381 0.0163167
0.129438 3.10124 0.225992 0.135838 3.09222 0.22 0.00371355 0.328688 -0.0373167 0.0078046 0.0984293 0.0175218
0.12952 3.10324 0.224664 0.135916 3.09321 0.22 0.000911169 0.0778648 -0.0909167 0.00789226 0.0983282 0.0180426
0.129692 3.10342 0.223605 0.135996 3.09419 0.22 0.0221878 0.0600972 -0.0761697 0.00799898 0.0982863 0.0182228
0.129999 3.1043 0.222484 0.136077 3.09517 0.22 0.0354845 0.0554374 -0.0873971 0.0081206 0.0982936 0.0181295
0.130354 3.10422 0.221882 0.136159 3.09616 0.22 0.0354735 -0.0120192 -0.0308862 0.00824168 0.0983396 0.0178227
0.130742 3.10454 0.221707 0.136242 3.09714 0.22 0.0341249 0.0743064 0.000871855 0.0083345 0.0983732 0.0175925
0.130939 3.10491 0.221973 0.136326 3.09812 0.22 0.0161455 -0.000120431 0.0373542 0.00841969 0.0983782 0.0175238
0.130954 3.10529 0.222662 0.136395 3.09891 0.22 -0.00525163 0.0550326 0.052443 0.00855502 0.0983336 0.0177079
0.130808 3.10555 0.223195 0.136498 3.10009 0.22 -0.0173452 0.0244259 0.0375868 0.00859341 0.0983061 0.0178414
0.13069 3.10584 0.22375 0.136566 3.10088 0.22 -0.0124643 0.0275068 0.0577498 0.00857183 0.0983082 0.0178403
0.130654 3.10593 0.224279 0.136652 3.10186 0.22 -0.00457621 0.00319794 0.0622321 0.00853638 0.0983264 0.0177567
0.130601 3.10581 0.225138 0.136754 3.10304 0.22 0.000624894 -1.14585e-05 0.0538264 0.00850992 0.0983736 0.0175061
0.130626 3.1058 0.225932 0.136839 3.10403 0.22 -0.000316562 0.00945988 0.0762668 0.00854043 0.0984195 0.0172312
0.130646 3.10588 0.226739 0.136925 3.10501 0.22 0.00967224 0.0123858 0.0805784 0.00858418 0.0984727 0.0169022
0.130682 3.10603 0.227825 0.137011 3.106 0.22 0.0071574 0.0120561 0.0954387 0.00856174 0.098502 0.0167425
0.130714 3.10628 0.228595 0.137079 3.10678 0.22 -0.00239903 0.0653858 0.109234 0.00848366 0.0985298 0.0166177
0.130727 3.10675 0.229669 0.137163 3.10777 0.22 0.00761806 0.00930616 0.0871234 0.00839346 0.0985476 0.0165583
0.130763 3.10729 0.230954 0.137246 3.10875 0.22 0.0023787 0.0856349 0.0884506 0.00834551 0.0985696 0.0164512
0.130805 3.10783 0.231638 0.13733 3.10974 0.22 0.00207664 0.0725975 0.0798185 0.00838103 0.0985784 0.0163804
0.130827 3.10852 0.232379 0.137415 3.11073 0.22 0.00260519 0.0695087 0.0664003 0.0084895 0.0985882 0.016265
0.130851 3.10922 0.233121 0.1375 3.11171 0.22 -0.00137769 0.0559167 0.0732745 0.00858299 0.0985991 0.0161493
0.130857 3.11011 0.233798 0.137586 3.1127 0.22 -0.00494611 0.0856082 0.0700934 0.00858609 0.0986176 0.0160343
0.130914 3.11112 0.234292 0.137671 3.11368 0.22 0.00924353 0.104827 0.0553041 0.0085088 0.0986564 0.0158353
0.130999 3.11222 0.234804 0.137756 3.11467 0.22 0.00687165 0.0923725 0.0526727 0.00846566 0.0986753 0.0157406
0.131029 3.11276 0.235331 0.137857 3.11586 0.22 0 0 0 0.00841982 0.0986683 0.0158091
0.131029 3.11276 0.169354 0.137941 3.11684 0.22 0 0 0 0.00840572 0.0986731 0.0157866
0.131029 3.11276 0.178103 0.138025 3.11783 0.22 0 0 0 0.0083914 0.0986797 0.0157526
0.131159 3.1161 0.189461 0.13811 3.11882 0.22 0.0171646 0.448902 0.998381 0.00841105 0.0987309 0.0154179
0.131368 3.11857 0.197641 0.138193 3.1198 0.22 0.0307556 0.140412 0.493008 0.00834419 0.098753 0.0153121
0.13176 3.12066 0.202218 0.138276 3.12079 0.22 0.0429448 0.305284 0.290638 0.00825761 0.0986902 0.0157578
0.132261 3.12377 0.203141 0.138358 3.12178 0.22 0.0500033 0.210002 0.182693 0.00820057 0.0986359 0.0161232
0.13264 3.12478 0.205791 0.13844 3.12276 0.22 0.0345885 0.0624582 0.263745 0.00816348 0.09865 0.0160556
0.132753 3.1268 0.208209 0.138521 3.12375 0.22 -1.33961e-05 0.265596 0.217324 0.00815643 0.0987111 0.0156791
0.132919 3.1287 0.209738 0.138603 3.12474 0.22 0.0138384 0.14549 0.13502 0.00822735 0.0987753 0.0152314
0.133044 3.1298 0.210692 0.138686 3.12573 0.22 0.0194264 0.168368 0.0711205 0.00832063 0.0987859 0.0151116
0.133283 3.13181 0.210603 0.138771 3.12671 0.22 0.0229682 0.194643 0.0557888 0.0084792 0.0987957 0.0149585
0.133281 3.13273 0.210797 0.13884 3.1275 0.22 0.00321623 0.0607195 0.0283042 0.00865717 0.0988019 0.0148154
0.133251 3.1339 0.211008 0.138928 3.12849 0.22 -0.007463 0.162125 0.0672536 0.00881556 0.0988033 0.0147121
0.133291 3.13491 0.211254 0.139018 3.12948 0.22 0.00451285 0.0381672 0.0329066 0.00901248 0.0988295 0.0144139
0.133487 3.13526 0.211871 0.139109 3.13047 0.22 0.023838 0.0629066 0.0457188 0.00909277 0.0988636 0.0141264
0.133734 3.1358 0.212353 0.1392 3.13146 0.22 0.0283879 0.0285431 0.0601448 0.00909871 0.0989115 0.0137831
0.134043 3.13618 0.213198 0.13929 3.13245 0.22 0.0371735 0.0349534 0.0752442 0.00899651 0.0989714 0.0134155
0.134394 3.1368 0.214515 0.139379 3.13344 0.22 0.0299668 0.0850988 0.109821 0.00888739 0.0990044 0.0132439
0.134495 3.13729 0.215533 0.139467 3.13443 0.22 0.0180833 0.0500474 0.101058 0.00874047 0.0990467 0.0130233
0.134541 3.13794 0.217232 0.139571 3.13562 0.22 -0.00191542 0.0623904 0.119684 0.00864588 0.0990896 0.0127575
0.134531 3.13852 0.218562 0.13964 3.13641 0.22 0.0022605 0.0678143 0.127805 0.00863367 0.0991203 0.0125252
0.13455 3.13949 0.220509 0.139743 3.1376 0.22 -0.0023541 0.0790925 0.142666 0.00866637 0.0991648 0.0121443
0.134537 3.14036 0.22208 0.139813 3.13839 0.22 -0.00877036 0.0955367 0.13729 0.00869921 0.099181 0.0119878
0.134544 3.1413 0.223518 0.139918 3.13958 0.22 -0.00399456 0.0804599 0.119008 0.00873554 0.0991967 0.0118299
0.134582 3.14259 0.224858 0.140005 3.14058 0.22 0.0184915 0.153373 0.12539 0.00872196 0.0992157 0.0116803
0.13455 3.14365 0.226126 0.140092 3.14157 0.22 -0.0094275 0.075377 0.114014 0.00868072 0.099205 0.0118013
0.13455 3.14485 0.227328 0.140161 3.14236 0.22 0.00148366 0.13536 0.109135 0.0086719 0.0991947 0.0118939
0.1346 3.14587 0.228266 0.140248 3.14335 0.22 0.00832007 0.11537 0.115599 0.00871802 0.0991835 0.0119533
0.134685 3.14681 0.229507 0.140336 3.14435 0.22 0.00745032 0.0895689 0.0926378 0.00881093 0.0991728 0.0119739
0.13473 3.14792 0.230462 0.140425 3.14534 0.22 0.0144663 0.159193 0.123634 0.00885808 0.0991785 0.0118913
0.13475 3.14901 0.231358 0.140513 3.14633 0.22 0.00757193 0.0850655 0.0806796 0.00882342 0.0991895 0.0118258
0.134787 3.15004 0.232096 0.140601 3.14732 0.22 -0.00313522 0.12161 0.0558088 0.00874277 0.0992034 0.0117682
0.134803 3.15153 0.232712 0.140673 3.14831 0.22 0.00429224 0.119037 0.0401298 0.00495788 0.0992516 0.0117733
0.134841 3.15276 0.23298 0.140733 3.1495 0.22 0.0109776 0.121817 0.0360546 0.00506655 0.0992237 0.0119601
0.134931 3.15358 0.233215 0.140774 3.1503 0.22 0.015317 0.107106 0.0310122 0.00516054 0.0992015 0.0121037
0.13503 3.15462 0.233391 0.140827 3.15129 0.22 0.000916104 0.105721 0.0364205 0.00524072 0.0991786 0.0122557
0.135034 3.1552 0.233562 0.140879 3.15228 0.22 0 0 0 0.00524236 0.0991746 0.0122875
0.135034 3.1552 0.166234 0.140931 3.15327 0.22 0 0 0 0.00521164 0.0991839 0.0122254
0.135034 3.1552 0.174724 0.140983 3.15426 0.22 0 0 0 0.00515778 0.0991969 0.0121423
0.135127 3.15551 0.185429 0.141034 3.15526 0.22 0.0252044 0.0902109 0.877334 0.00509545 0.0992034 0.0121157
0.135389 3.15764 0.19629 0.141085 3.15625 0.22 0.0354976 0.418829 0.625442 0.00505835 0.0992178 0.0120123
0.135789 3.16094 0.203457 0.141145 3.15744 0.22 0.0457293 0.0322349 0.283721 0.00507124 0.0992486 0.0117497
0.136354 3.16046 0.204783 0.141186 3.15823 0.22 0.0511942 0.0800294 0.0981133 0.00510915 0.0993089 0.0112114
0.136786 3.16311 0.206345 0.141248 3.15943 0.22 0.0456009 0.256282 0.0966101 0.00513627 0.0993612 0.0107251
0.137034 3.16484 0.206894 0.141289 3.16022 0.22 0.0264873 0.127477 0.061111 0.00516603 0.0993216 0.0110695
0.137157 3.16636 0.207442 0.141341 3.16121 0.22 -0.00303811 0.181543 0.0635883 0.00518131 0.099257 0.0116301
0.137179 3.16839 0.207916 0.141392 3.16221 0.22 -0.00530298 0.128306 0.0297477 0.0051522 0.0991779 0.0122988
0.13716 3.16951 0.207939 0.141454 3.1634 0.22 -0.000937368 0.126652 0.0135329 0.00511458 0.0991141 0.0128181
0.13713 3.17043 0.207964 0.141505 3.16439 0.22 -0.00239218 0.074087 0.0115943 0.0050566 0.0991127 0.0128515
0.137159 3.17117 0.208525 0.141555 3.16538 0.22 0.00924213 0.0849056 0.0922177 0.00497941 0.0991292 0.0127545
0.137118 3.17196 0.209646 0.141604 3.16637 0.22 -0.000826602 0.0997252 0.0975558 0.00488805 0.0991514 0.0126159
0.137158 3.17327 0.210645 0.141652 3.16736 0.22 0.00834723 0.144478 0.112033 0.00478872 0.0991637 0.0125573
0.137128 3.17464 0.212317 0.141699 3.16835 0.22 -0.00340614 0.130155 0.161841 0.00474757 0.0991591 0.0126094
0.137156 3.17594 0.214541 0.141747 3.16934 0.22 -0.0018207 0.112719 0.205881 0.00470377 0.099242 0.0119566
0.137186 3.17699 0.217491 0.141793 3.17034 0.22 0.00640223 0.0907089 0.259025 0.00464493 0.0991921 0.0123861
0.137203 3.17748 0.220593 0.14183 3.17113 0.22 -0.00238919 0.046779 0.292714 0.00461454 0.0991639 0.0126208
0.137265 3.17841 0.22463 0.141885 3.17232 0.22 0.00142799 0.0867329 0.218942 0.00452534 0.0990728 0.0133475
0.137316 3.17889 0.227681 0.14192 3.17311 0.22 0.00786902 0.0417407 0.210438 0.00447386 0.0989888 0.0139734
0.137368 3.18005 0.229275 0.141965 3.1741 0.22 0.00878489 0.222882 0.128845 0.00448417 0.0989249 0.0144162
0.137497 3.18147 0.231031 0.142011 3.17509 0.22 0.00383307 -0.0239148 0.166096 0.00456953 0.0986555 0.0161328
0.13751 3.18066 0.233054 0.142056 3.17607 0.22 -0.00552546 -0.0442193 0.138622 0.00456742 0.0986899 0.0159218
0.137626 3.17979 0.233275 0.14211 3.17726 0.22 0.0078863 -0.118514 -0.0504333 0.00446061 0.0987951 0.0152869
0.137773 3.1798 0.232956 0.142154 3.17825 0.22 0.0326779 0.0872652 0.00203716 0.00433221 0.0988943 0.01467
0.138022 3.18056 0.232703 0.142189 3.17904 0.22 0.014032 0.0587924 0.0139643 0.00433242 0.098919 0.0145025
0.138195 3.18053 0.233082 0.142242 3.18023 0.22 0.0107992 -0.00822434 0.0546897 0.00449422 0.0988706 0.0147805
0.138106 3.18139 0.234051 0.142288 3.18121 0.22 -0.0121712 0.150831 0.0742512 0.004685 0.0987862 0.0152777
0.137879 3.18262 0.23435 0.142336 3.1822 0.22 -0.035456 0.0747369 0.0189204 0.00480841 0.0986813 0.0159043
0.137615 3.1829 0.234058 0.142385 3.18319 0.22 -0.029363 0.0140663 -0.000501631 0.00486991 0.098608 0.0163343
0.137348 3.18343 0.233844 0.142434 3.18417 0.22 -0.0232872 0.017816 0.00543209 0.00490788 0.098578 0.0165029
0.137244 3.18417 0.233599 0.142483 3.18516 0.22 -0.00710787 0.0961354 -0.0320227 0.00489541 0.0985559 0.0166385
0.137301 3.18461 0.232911 0.142531 3.18614 0.22 0.0125094 0.00697408 -0.0517732 0.00481512 0.0985349 0.0167853
0.13739 3.18483 0.232438 0.142579 3.18713 0.22 0.00735261 0.0213261 -0.0161694 0.00477699 0.0985379 0.0167789
0.137485 3.1853 0.232082 0.142626 3.18812 0.22 0.0157974 0.0716375 -0.0304392 0.0047211 0.0985387 0.0167896
0.137531 3.18546 0.231544 0.142673 3.1891 0.22 0 0 0 0.00469702 0.0985392 0.0167939
0.137531 3.18546 0.168525 0.14272 3.19009 0.22 0 0 0 0.00468105 0.0985461 0.0167575
0.137531 3.18546 0.176248 0.142767 3.19107 0.22 0 0 0 0.00467485 0.0985511 0.01673
0.137411 3.189 0.18326 0.142813 3.19206 0.22 -0.0222009 0.270851 0.544092 0.00467449 0.0985755 0.0165855
0.137531 3.19033 0.188846 0.14286 3.19304 0.22 0.0194526 0.127865 0.41213 0.00462564 0.098757 0.0154832
0.137571 3.19271 0.195116 0.142906 3.19403 0.22 -0.00171821 0.333894 0.520036 0.00464309 0.0989459 0.0142203
0.137766 3.19345 0.197184 0.142953 3.19502 0.22 0.0457706 0.0720696 0.087716 0.00467878 0.0990894 0.0131704
0.13827 3.19584 0.196999 0.143 3.19602 0.22 0.0354903 0.3367 0.10426 0.00477666 0.0991809 0.0124259
0.138422 3.1981 0.198198 0.143049 3.19701 0.22 0.00999996 0.140393 0.0944633 0.00488647 0.0991396 0.0127092
0.138556 3.19966 0.198314 0.143098 3.198 0.22 0.0201505 0.1538 0.0751762 0.00496404 0.0990788 0.0131457
0.138659 3.20091 0.199259 0.143149 3.19899 0.22 0.0105012 0.104424 0.0822694 0.00504098 0.099069 0.0131901
0.138791 3.20165 0.200309 0.143199 3.19998 0.22 0.0187574 0.0556915 0.0894171 0.0050753 0.0990869 0.013042
0.138936 3.20231 0.201205 0.14324 3.20077 0.22 0.0201193 0.109728 0.100051 0.00506512 0.0991374 0.0126561
0.139191 3.20346 0.202956 0.1433 3.20196 0.22 0.0102316 0.089412 0.160556 0.005001 0.0992201 0.0120175
0.139339 3.20475 0.204663 0.14335 3.20296 0.22 0.00456326 0.135543 0.163492 0.00492002 0.0992868 0.0114883
0.13945 3.20602 0.206278 0.143398 3.20395 0.22 0.0136174 0.101178 0.137557 0.0048269 0.099336 0.0110964
0.139536 3.20737 0.207981 0.143445 3.20494 0.22 0.00837948 0.144269 0.15036 0.00467218 0.0993887 0.0106826
0.139634 3.20874 0.209839 0.14349 3.20594 0.22 0.0203191 0.121445 0.16282 0.00443138 0.0994401 0.0102998
0.13977 3.21013 0.211803 0.143533 3.20693 0.22 0.0164422 0.112136 0.154724 0.00426262 0.0994658 0.0101217
0.139917 3.21119 0.21361 0.143573 3.20793 0.22 0.0217855 0.106134 0.15331 0.00402138 0.0994992 0.00988945
0.136578 3.14173 0.173786 0.143604 3.19193 0.22 0.00734997 0.15439 0.143425 0.00376579 0.099588 0.00906145
0.136692 3.14299 0.2173 0.14364 3.19292 0.22 -0.00195166 0.292238 0.168415 0.00363615 0.0995975 0.00900939
0.136647 3.14711 0.218888 0.143676 3.19392 0.22 -0.00870736 0.430656 0.190466 0.00352117 0.0996536 0.00841585
0.136436 3.15075 0.221279 0.14371 3.19492 0.22 -0.0108892 0.302661 0.174079 0.003482 0.0996489 0.00848763
0.136343 3.15341 0.22324 0.143746 3.19591 0.22 0.0128308 0.249367 0.163188 0.00354092 0.0996335 0.00864231
0.136495 3.15578 0.22506 0.143782 3.19691 0.22 0.035762 0.203765 0.142218 0.00362555 0.0996194 0.00876936
0.136857 3.15804 0.227059 0.143818 3.19791 0.22 0.0306546 0.279475 0.150555 0.00365912 0.0996129 0.00882837
0.13707 3.16055 0.228305 0.143854 3.1989 0.22 -0.001921 0.193312 0.111459 0.0035488 0.0996087 0.00892037
0.137065 3.16238 0.229348 0.143888 3.1999 0.22 -0.00582711 0.200843 0.111439 0.00338886 0.0996147 0.00891568
0.137062 3.16429 0.230585 0.143921 3.20089 0.22 0.00952446 0.185327 0.091368 0.00330354 0.099622 0.00886551
0.137233 3.16626 0.231576 0.143955 3.20189 0.22 0.00358423 0.191621 0.114678 0.00333153 0.0996286 0.00878078
0.137345 3.16835 0.232717 0.143988 3.20289 0.22 0.0180437 0.218651 0.0845614 0.00336365 0.0996273 0.00878335
0.137512 3.17026 0.233453 0.144022 3.20388 0.22 0.0150743 0.166908 0.0431412 0.00334482 0.0996196 0.00887719
0.137703 3.17188 0.23382 0.144054 3.20488 0.22 0.0178378 0.18546 0.0299431 0.00320809 0.0996115 0.00901801
0.137936 3.17378 0.233965 0.144084 3.20587 0.22 0.0207867 0.155095 0.0289666 0.00297817 0.0996089 0.0091243
0.138048 3.175 0.23382 0.144114 3.20687 0.22 0.0159693 0.0926803 -0.00812497 0.00290075 0.0996071 0.00916951
0.138149 3.17626 0.233638 0.144142 3.20787 0.22 0.00515395 0.141322 0.00165208 0.00286711 0.099607 0.00918093
0.138151 3.17687 0.233338 0.144171 3.20886 0.22 0 0 0 0.00290635 0.0996107 0.00912785
0.138151 3.17687 0.16502 0.144201 3.20986 0.22 0 0 0 0.00294914 0.0996066 0.00915938
0.138151 3.17687 0.174295 0.144231 3.21085 0.22 0 0 0 0.00301588 0.0996021 0.0091867
0.138274 3.18021 0.184962 0.144261 3.21185 0.22 0.0310557 0.50237 0.803489 0.00309055 0.0995965 0.00922204
0.138726 3.18476 0.19155 0.144293 3.21285 0.22 0.0527492 0.238204 0.332431 0.00321265 0.0995948 0.00919923
0.139185 3.18558 0.193747 0.144326 3.21384 0.22 0.00547495 0.0962162 0.185683 0.0033144 0.0996154 0.00893543
0.139432 3.18755 0.197073 0.144361 3.21484 0.22 -0.00388542 0.211006 0.298679 0.00344905 0.0996488 0.00850138
0.139228 3.18942 0.200659 0.144396 3.21584 0.22 -0.0307958 0.174519 0.238194 0.00355432 0.0996729 0.00816986
0.138883 3.19164 0.203838 0.144432 3.21683 0.22 -0.029231 0.100286 0.0527142 0.00356159 0.0996874 0.00798688
0.138735 3.19222 0.20371 0.144467 3.21783 0.22 0.0156692 0.165447 0.0331892 0.0035221 0.0996978 0.00787483
0.138673 3.1949 0.204323 0.144501 3.21883 0.22 -0.0160441 0.326484 0.0584733 0.00340102 0.0996822 0.00812163
0.138774 3.19726 0.204612 0.144534 3.21982 0.22 0.0193076 0.131506 0.044235 0.00323277 0.0996445 0.0086358
0.138952 3.199 0.205239 0.144565 3.22082 0.22 0.0172854 0.237508 0.0583667 0.00305417 0.0996012 0.00918345
0.13924 3.20138 0.20593 0.144594 3.22182 0.22 0.0384692 0.226602 0.0730708 0.00291851 0.0995591 0.00967156
0.139541 3.20311 0.206868 0.144624 3.22281 0.22 0.0287768 0.140981 0.0845134 0.00291439 0.0995339 0.00992846
0.139767 3.20497 0.207812 0.144653 3.22381 0.22 0.0229105 0.200749 0.0990004 0.0029242 0.0995124 0.0101383
0.13985 3.20682 0.20918 0.144682 3.2248 0.22 0.00258943 0.157974 0.105211 0.00295942 0.0994903 0.0103435
0.139866 3.20846 0.210626 0.144712 3.2258 0.22 0.00888353 0.172589 0.131072 0.00300028 0.0994698 0.010527
0.139806 3.21026 0.212317 0.144742 3.22679 0.22 -0.0113529 0.179953 0.140175 0.00302168 0.099489 0.0103377
0.139788 3.21173 0.214037 0.144773 3.22778 0.22 0.00116443 0.150983 0.138925 0.00309292 0.0994648 0.0105474
0.139728 3.21313 0.215802 0.144804 3.22878 0.22 -0.00591542 0.123855 0.16675 0.00314633 0.0994466 0.0107026
0.139662 3.21457 0.217869 0.144836 3.22977 0.22 -0.0103342 0.141571 0.163001 0.00317695 0.0994327 0.0108214
0.139564 3.21593 0.219863 0.144868 3.23077 0.22 -0.0102953 0.12549 0.143155 0.00319276 0.0994183 0.0109485
0.139464 3.21726 0.221659 0.1449 3.23176 0.22 -0.00727778 0.137463 0.140365 0.00320025 0.0994071 0.0110479
0.139381 3.21825 0.223515 0.144932 3.23276 0.22 -0.0133585 0.0924769 0.155136 0.00320632 0.0994071 0.0110459
0.139264 3.21939 0.225117 0.144964 3.23375 0.22 -0.00561049 0.109004 0.131475 0.00322164 0.0994111 0.0110051
0.139183 3.22036 0.226652 0.144997 3.23474 0.22 -0.00418866 0.0711395 0.128743 0.00326294 0.0994247 0.0108695
0.139116 3.22153 0.228145 0.14503 3.23574 0.22 -0.0110698 0.134743 0.124009 0.00328995 0.0994331 0.0107837
0.139046 3.22279 0.229497 0.145063 3.23673 0.22 -0.00509194 0.103104 0.110589 0.00327571 0.0994337 0.010783
0.138945 3.22384 0.230853 0.145095 3.23773 0.22 -0.00349591 0.102187 0.105344 0.00322043 0.0994245 0.010884
0.138884 3.225 0.231857 0.145127 3.23872 0.22 -0.00710791 0.126331 0.0711155 0.00319867 0.0994177 0.0109526
0.138835 3.2262 0.232653 0.145159 3.23972 0.22 -0.00137138 0.111676 0.0701758 0.00322295 0.0994132 0.0109863
0.138821 3.22727 0.233374 0.145192 3.24071 0.22 -0.00148727 0.117389 0.0704374 0.0033092 0.0994103 0.0109863
0.138817 3.22842 0.234015 0.145226 3.2417 0.22 0.004358 0.133866 0.0230747 0.00341663 0.0994117 0.0109412
0.138826 3.22967 0.234341 0.14526 3.2427 0.22 -0.00385779 0.0932842 0.036435 0.00340657 0.099415 0.0109145
0.138833 3.23079 0.234608 0.145294 3.24369 0.22 0.00596708 0.131675 0.021699 0.00335849 0.0994169 0.0109113
0.138856 3.23207 0.234732 0.145327 3.24469 0.22 0.000668109 0.107042 0.0074197 0.00329884 0.0994187 0.0109131
0.138861 3.23258 0.234636 0.14536 3.24568 0.22 0 0 0 0.00326893 0.0994161 0.0109461
0.138861 3.23258 0.167997 0.145392 3.24667 0.22 0 0 0 0.00325579 0.099415 0.0109602
0.138861 3.23258 0.177881 0.145425 3.24767 0.22 0 0 0 0.00324136 0.0994236 0.0108859
0.138812 3.23701 0.189921 0.145457 3.24866 0.22 -0.00638132 0.418574 0.935752 0.00321981 0.0994312 0.010823
0.138958 3.24095 0.199785 0.145489 3.24966 0.22 0.0241354 0.374352 0.559207 0.00319288 0.099419 0.0109422
0.139108 3.24308 0.206679 0.145521 3.25065 0.22 0.0197611 -0.0120555 0.529869 0.00324887 0.0993887 0.0111983
0.139261 3.24394 0.212138 0.145554 3.25165 0.22 0.0150837 0.29095 0.327757 0.00327647 0.0994226 0.0108841
0.139557 3.24565 0.215032 0.145587 3.25264 0.22 0.0380801 -0.102968 0.11421 0.0033294 0.0994838 0.0102932
0.139708 3.24427 0.216353 0.145622 3.25364 0.22 0.0338349 0.0241675 -0.0577711 0.00346841 0.0996283 0.00873088
0.139915 3.24564 0.215099 0.145657 3.25463 0.22 -0.00363628 0.167764 -0.0170323 0.00360144 0.0996776 0.00809067
0.140124 3.24652 0.214926 0.145694 3.25563 0.22 0.0362993 0.0335243 -0.0440458 0.00370321 0.0996822 0.00798752
0.140497 3.24757 0.214275 0.145732 3.25663 0.22 0.0338141 0.209059 0.00597517 0.00377929 0.0996709 0.00809267
0.1408 3.24925 0.21437 0.14577 3.25762 0.22 0.0260875 0.112711 0.0422157 0.00377717 0.0996783 0.0080024
0.140949 3.25009 0.215149 0.145807 3.25862 0.22 0.00669374 0.0857324 0.075879 0.00377862 0.0996927 0.00781964
0.141025 3.25134 0.216091 0.145845 3.25962 0.22 0.0125401 0.135376 0.0788815 0.0037789 0.0997267 0.00737408
0.14102 3.25239 0.217181 0.145883 3.26062 0.22 -0.00401671 0.0733496 0.0937541 0.00379716 0.0997708 0.00673986
0.140992 3.25342 0.21827 0.145921 3.26161 0.22 -0.0113087 0.168479 0.102249 0.00380208 0.0997951 0.00636725
0.140862 3.25517 0.21951 0.145959 3.26261 0.22 -0.0212117 0.164702 0.102009 0.00378303 0.0998217 0.00594825
0.140694 3.25672 0.220822 0.145996 3.26361 0.22 -0.0149978 0.155107 0.105743 0.00371934 0.0998401 0.00567258
0.140569 3.2584 0.222029 0.146033 3.26461 0.22 -0.0123629 0.166131 0.128846 0.00364544 0.0998488 0.00556765
0.140475 3.26007 0.223479 0.146069 3.26561 0.22 -0.0117744 0.171322 0.122657 0.00359655 0.0998568 0.00545385
0.140419 3.26159 0.225 0.146105 3.26661 0.22 -0.00910095 0.161137 0.127743 0.00357083 0.0998649 0.00532076
0.140362 3.26321 0.226452 0.14614 3.2676 0.22 0.00488872 0.157548 0.118588 0.00354561 0.099883 0.00498681
0.140319 3.26477 0.227912 0.146175 3.2686 0.22 -0.0111653 0.167288 0.11034 0.00352907 0.0998967 0.00471877
0.140259 3.26648 0.229057 0.146211 3.2696 0.22 -0.00740867 0.19904 0.0872269 0.00349552 0.0999065 0.00453113
0.140178 3.26828 0.23005 0.146245 3.2706 0.22 -0.00325426 0.166304 0.0759436 0.00342761 0.0999124 0.00445197
0.140111 3.26979 0.230854 0.146279 3.2716 0.22 -0.00642421 0.156361 0.0833443 0.00338804 0.0999131 0.00446794
0.140001 3.27125 0.231703 0.146313 3.2726 0.22 -0.0014529 0.153612 0.0879414 0.00336959 0.0999145 0.00445066
0.139926 3.2726 0.232526 0.146347 3.2736 0.22 -0.00270117 0.102758 0.071172 0.00339311 0.0999182 0.00434811
0.139951 3.27361 0.233312 0.146381 3.2746 0.22 -0.0122486 0.114646 0.0723305 0.00341877 0.0999271 0.00411624
0.139956 3.27474 0.233866 0.146415 3.2756 0.22 -0.00334411 0.12119 0.0284485 0.00339137 0.099935 0.00394449
0.139972 3.27584 0.234265 0.146448 3.2766 0.22 -0.00127927 0.114912 0.0426858 0.00332042 0.099945 0.00374748
0.139913 3.27698 0.234549 0.14648 3.2776 0.22 -0.0134435 0.0994132 0.0125164 0.00321555 0.0999548 0.0035717
0.139815 3.27787 0.234659 0.146512 3.2786 0.22 -0.00547308 0.107894 0.0110368 0.00321964 0.0999558 0.00354164
0.139803 3.27902 0.23472 0.146545 3.2796 0.22 0.0027542 0.0984562 0.0029428 0.00327995 0.0999592 0.00338653
0.13988 3.27989 0.234789 0.146579 3.28059 0.22 0.00162696 0.084025 0.0065375 0.00337426 0.0999549 0.0034199
0.139879 3.28078 0.234792 0.146613 3.28159 0.22 -0.00499814 0.106591 0.0111817 0.00338861 0.0999545 0.00341697
0.139869 3.28099 0.234768 0.146647 3.28259 0.22 0 0 0 0.00338479 0.0999559 0.00337926
0.139869 3.28099 0.171572 0.14668 3.28359 0.22 0 0 0 0.00338345 0.0999575 0.00333348
0.139869 3.28099 0.180668 0.146714 3.28459 0.22 0 0 0 0.00339519 0.0999596 0.00325779
0.140081 3.28164 0.191949 0.146748 3.28559 0.22 0.0249131 0.170463 0.833887 0.00342147 0.0999601 0.00321604
0.140411 3.28357 0.202867 0.146783 3.28659 0.22 0.0421091 0.174088 0.764428 0.0034896 0.0999567 0.0032476
0.140727 3.28486 0.212874 0.146819 3.28759 0.22 0.00870617 0.0196769 0.735476 0.00360481 0.0999474 0.00340271
0.140815 3.28567 0.221497 0.146855 3.28859 0.22 0.000186929 0.307987 0.441854 0.0036645 0.0999431 0.00346592
0.140719 3.28857 0.226134 0.146892 3.28959 0.22 0.014065 0.0392795 0.114314 0.00370696 0.0999417 0.00346164
0.140955 3.28768 0.224981 0.146929 3.29059 0.22 0.00682606 0.0141665 -0.145799 0.00367204 0.0999672 0.00267087
0.140854 3.2894 0.223673 0.146966 3.29159 0.22 -0.00753406 0.276245 -0.0632887 0.0036393 0.0999751 0.00240781
0.14096 3.29116 0.222649 0.147002 3.29259 0.22 0.0167498 0.0463077 -0.0638644 0.00363936 0.0999677 0.00269639
0.140981 3.2919 0.221801 0.147039 3.29359 0.22 -0.00508168 0.162087 -0.0571159 0.00368477 0.0999389 0.00356265
0.140879 3.29386 0.221269 0.147076 3.29459 0.22 -0.0133199 0.150598 -0.0591732 0.00374371 0.0999079 0.00429617
0.140753 3.29504 0.220667 0.147114 3.29559 0.22 -0.00430192 0.0390193 -0.0218884 0.00378391 0.0998889 0.00468607
0.140719 3.29553 0.220331 0.147152 3.29659 0.22 -0.00186842 0.0743651 -0.0115097 0.00384415 0.0998776 0.00487433
0.140704 3.29611 0.220216 0.147191 3.29758 0.22 -0.00223901 0.0314934 0.00127507 0.00388735 0.0998812 0.00476362
0.140644 3.29638 0.220393 0.14723 3.29858 0.22 -0.00628886 0.0538443 0.0329239 0.00389473 0.0998907 0.00455445
0.140604 3.297 0.221063 0.147269 3.29958 0.22 -0.00160049 0.0541215 0.0731071 0.00388271 0.0998969 0.00442721
0.140628 3.29757 0.221972 0.147308 3.30058 0.22 -0.00761061 0.0468579 0.0960438 0.00387732 0.0998985 0.00439619
0.140606 3.29816 0.223107 0.147347 3.30158 0.22 -0.00152635 0.0849865 0.110319 0.00389356 0.0998921 0.0045251
0.140556 3.29878 0.224408 0.147386 3.30258 0.22 -0.00933203 0.0449283 0.0865054 0.00391373 0.0998785 0.00479929
0.140478 3.29938 0.225461 0.147425 3.30358 0.22 -0.0107963 0.0565192 0.0894503 0.00390935 0.0998696 0.004984
0.140423 3.29982 0.226487 0.147464 3.30458 0.22 -0.00462493 0.0453128 0.0810553 0.00388625 0.0998463 0.00544808
0.14038 3.30021 0.227474 0.147502 3.30557 0.22 -0.00219557 0.0586121 0.0795687 0.00385483 0.0998558 0.0052944
0.140337 3.30074 0.228489 0.147541 3.30657 0.22 -0.00809055 0.0507673 0.0911417 0.00382571 0.0998665 0.00510904
0.140307 3.30127 0.229565 0.147579 3.30757 0.22 -0.0126904 0.0448853 0.083778 0.00381763 0.0998701 0.00504552
0.140274 3.30189 0.230585 0.147617 3.30857 0.22 0.000468682 0.0935535 0.0832448 0.00383261 0.0998761 0.00491243
0.140277 3.30276 0.231617 0.147656 3.30957 0.22 0.00133967 0.104659 0.0796884 0.00385862 0.0998763 0.0048881
0.140266 3.3038 0.232515 0.147694 3.31057 0.22 -0.000679709 0.128293 0.0735251 0.0038488 0.0998733 0.00495728
0.140274 3.30483 0.233386 0.147732 3.31157 0.22 0.007322 0.0770386 0.0629677 0.00377206 0.0998719 0.00504403
0.14031 3.3056 0.234042 0.147769 3.31257 0.22 -0.000799688 0.127896 0.0548471 0.00371157 0.0998743 0.0050404
0.140355 3.30668 0.234578 0.147806 3.31356 0.22 0.00398064 0.120016 0.0276067 0.00370272 0.0998776 0.00498157
0.140382 3.30783 0.234968 0.147844 3.31456 0.22 -0.00290084 0.102096 0.0425928 0.00375944 0.0998804 0.00488275
0.14034 3.30883 0.235325 0.147882 3.31556 0.22 -0.00956225 0.226629 0.0692813 0.00385212 0.0998828 0.00475826
0.14029 3.31027 0.235688 0.147921 3.31656 0.22 -0.00229351 0.122346 0.0202771 0.00385365 0.0998851 0.00470993
0.140323 3.31142 0.235944 0.147959 3.31756 0.22 0.0118896 0.107657 0.0206184 0.00381578 0.0998877 0.00468528
0.140362 3.31277 0.236136 0.147997 3.31856 0.22 0.0044309 0.144446 0.0172263 0.00373155 0.0999063 0.00434326
0.140371 3.31306 0.236191 0.148033 3.31956 0.22 0 0 0 0.00366733 0.0999089 0.00433905
0.140371 3.31306 0.170908 0.14807 3.32056 0.22 0 0 0 0.00363582 0.0999213 0.00407059
0.140417 3.31384 0.1837 0.148106 3.32156 0.22 0.022824 0.387303 0.918372 0.00360907 0.0999303 0.00386963
0.140601 3.31701 0.193241 0.148142 3.32256 0.22 0.00528985 0.312446 0.859184 0.00356234 0.099935 0.00379071
0.140723 3.32018 0.203793 0.148177 3.32356 0.22 0.0381884 0.192168 0.729725 0.00352368 0.0999327 0.00388591
0.141005 3.32097 0.213257 0.148212 3.32455 0.22 0.00793319 0.042811 0.682053 0.00349484 0.0999247 0.00411013
0.141125 3.32026 0.219893 0.148247 3.32555 0.22 0.0190534 -0.0314944 0.427702 0.00348113 0.0999208 0.00421587
0.141459 3.32038 0.223794 0.148281 3.32655 0.22 0.0123194 0.118755 0.168467 0.0034774 0.0999122 0.00441909
0.14153 3.32156 0.225878 0.148317 3.32755 0.22 0.0192315 0.0583662 0.255334 0.00354634 0.0998955 0.0047298
0.141642 3.32241 0.227993 0.148352 3.32855 0.22 0.00794233 0.0696535 0.100223 0.00352626 0.0999023 0.00459882
0.141782 3.32223 0.229552 0.148387 3.32955 0.22 0.0110591 -0.165697 0.110221 0.00345803 0.0999497 0.00348693
0.141898 3.32021 0.229811 0.148421 3.33055 0.22 0.00416802 0.00509453 -0.0883948 0.00342463 0.0999939 0.00188723
0.141706 3.3206 0.228402 0.148455 3.33155 0.22 -0.0268274 0.0457795 -0.104091 0.00339842 0.100009 0.000802049
0.141532 3.32089 0.227234 0.148496 3.33275 0.22 -7.96093e-05 0.0661522 -0.094156 0.00338299 0.100013 -0.000183219
0.141608 3.32283 0.225762 0.14853 3.33375 0.22 0.0100914 0.226045 -0.077745 0.00338456 0.100012 -0.000498056
0.141667 3.3245 0.224981 0.148557 3.33455 0.22 0.0017148 0.173515 -0.0501673 0.00338395 0.100012 -0.00041543
0.141674 3.32649 0.224292 0.148591 3.33555 0.22 -0.00624824 0.209418 -0.0163781 0.00340236 0.100012 -0.000148723
0.141627 3.32876 0.224281 0.148632 3.33675 0.22 0.000943822 0.216791 0.0240194 0.00343308 0.100011 -8.29844e-05
0.141521 3.33058 0.224735 0.14866 3.33755 0.22 -0.013056 0.176482 0.0392197 0.00351398 0.100008 -0.000241172
0.141368 3.33255 0.225392 0.148702 3.33875 0.22 -0.0240924 0.206048 0.0678585 0.00357413 0.100004 -0.000659041
0.141194 3.33437 0.226137 0.148738 3.33975 0.22 -0.0154608 0.168609 0.0612079 0.00361082 0.1 -0.000984463
0.140997 3.33641 0.226913 0.148775 3.34075 0.22 -0.0179715 0.246098 0.0710663 0.00364426 0.0999953 -0.00131393
0.140847 3.33874 0.227703 0.148811 3.34175 0.22 -0.000789498 0.226969 0.0654331 0.00365711 0.0999939 -0.00138146
0.140757 3.34091 0.22856 0.148848 3.34275 0.22 -0.013495 0.206951 0.079353 0.00365643 0.099994 -0.00137799
0.140706 3.34313 0.229454 0.148885 3.34375 0.22 -0.00740274 0.227739 0.0778231 0.00365689 0.0999948 -0.00131609
0.140683 3.34498 0.230365 0.148921 3.34475 0.22 -0.00239926 0.136177 0.0827997 0.00367244 0.0999955 -0.00121257
0.140671 3.34614 0.231346 0.148951 3.34555 0.22 -0.00237743 0.130662 0.0791159 0.00368341 0.0999954 -0.00118559
0.140656 3.34792 0.232311 0.148987 3.34675 0.22 -0.000114893 0.159271 0.0738753 0.00367215 0.0999958 -0.00118992
0.140624 3.34945 0.233334 0.149031 3.34775 0.22 -0.0138008 0.159119 0.0793095 0.00358713 0.0999978 -0.00128216
0.140521 3.35099 0.234193 0.149066 3.34875 0.22 -0.0190898 0.187113 0.0617745 0.00351724 0.0999993 -0.00135577
0.140386 3.35245 0.235116 0.149101 3.34975 0.22 -0.0119923 0.193357 0.0547572 0.00349199 0.0999998 -0.00138451
0.140352 3.3542 0.235602 0.149136 3.35075 0.22 0.00760808 0.125067 0.0489134 0.00349081 0.1 -0.00134676
0.140377 3.35523 0.236195 0.149171 3.35175 0.22 -0.00223634 0.0903624 0.0488926 0.00349654 0.0999986 -0.00145665
0.140342 3.35597 0.23702 0.149206 3.35275 0.22 -0.00433006 0.0561526 0.0733049 0.00345635 0.1 -0.00143108
0.140253 3.35657 0.238245 0.14924 3.35375 0.22 -0.00816838 0.0483649 0.0985535 0.0033884 0.100003 -0.00138797
0.140153 3.35714 0.239425 0.149266 3.35455 0.22 -0.0194051 0.0615322 0.0728284 0.00327179 0.100009 -0.00122605
0.140092 3.35744 0.240595 0.149298 3.35555 0.22 0 0 0 0.00313617 0.100016 -0.00100093
0.140092 3.35744 0.241544 0.149328 3.35655 0.22 0 0 0 0.00296894 0.100024 -0.000715422
0.140092 3.35744 0.17333 0.149357 3.35755 0.22 0 0 0 0.00288777 0.100027 -0.000536078
0.140223 3.35747 0.185352 0.149385 3.35855 0.22 0.0391043 0.0179906 0.798587 0.0028011 0.100031 -0.000308441
0.14077 3.35831 0.196618 0.149418 3.35975 0.22 0.064095 0.145129 0.809534 0.00274943 0.100033 2.30289e-05
0.141445 3.35954 0.206963 0.14944 3.36055 0.22 0.0629119 0.132078 0.756194 0.0027621 0.100031 0.00051936
0.142141 3.3596 0.216668 0.149473 3.36175 0.22 0.0621802 -0.0913492 0.694656 0.00280224 0.100028 0.000830998
0.142622 3.35873 0.22517 0.149502 3.36275 0.22 0.0341512 -0.0120174 0.59039 0.00285076 0.100024 0.00108237
0.142961 3.36038 0.231024 0.14953 3.36375 0.22 0.0386812 0.271345 0.318534 0.00283399 0.100023 0.00116822
0.14309 3.36155 0.231329 0.149553 3.36455 0.22 0.00978066 -0.0405222 0.0166589 0.00279141 0.100023 0.00136372
0.143191 3.36073 0.231031 0.14958 3.36555 0.22 0.0169082 -0.000448414 -0.00342371 0.00276178 0.100022 0.00139385
0.143267 3.36145 0.230052 0.149608 3.36655 0.22 0.00235887 0.077513 -0.178815 0.00275947 0.100023 0.00135156
0.143339 3.36222 0.227805 0.149636 3.36755 0.22 0.0189609 0.097682 -0.177757 0.00281415 0.100026 0.00100356
0.143526 3.36337 0.225826 0.149665 3.36855 0.22 0.0118539 0.113737 -0.153915 0.00294284 0.100022 0.000969673
0.143523 3.36518 0.224349 0.149702 3.36975 0.22 -0.00916653 0.181927 -0.0781196 0.0031392 0.100013 0.00126748
0.14342 3.36704 0.223908 0.149734 3.37075 0.22 -0.013463 0.171609 -0.0329284 0.00322329 0.100007 0.00151687
0.143152 3.36845 0.223752 0.149767 3.37175 0.22 -0.0335167 0.135778 -0.00423184 0.00336187 0.0999924 0.00206922
0.142783 3.36999 0.223797 0.149802 3.37275 0.22 -0.042406 0.154925 -0.001421 0.00347756 0.0999806 0.00242043
0.142421 3.37103 0.223965 0.149837 3.37375 0.22 -0.0356033 0.0890991 0.00673102 0.00357521 0.0999716 0.0026398
0.142108 3.37198 0.224325 0.149874 3.37475 0.22 -0.028613 0.0959953 0.0388721 0.00363175 0.0999697 0.00263455
0.141991 3.37286 0.224966 0.149911 3.37575 0.22 -0.00771319 0.105404 0.0689798 0.0037235 0.0999719 0.00241276
0.142051 3.37366 0.225765 0.149948 3.37675 0.22 0.0162988 0.0664046 0.0611501 0.00379756 0.0999734 0.0022266
0.142177 3.37467 0.226763 0.149987 3.37775 0.22 0.0118764 0.13746 0.0881918 0.00385824 0.0999726 0.00215878
0.142237 3.37576 0.227941 0.150026 3.37875 0.22 0.00665311 0.0948957 0.0924256 0.00389685 0.0999697 0.00222211
0.142212 3.37648 0.228904 0.150057 3.37955 0.22 -0.00891013 0.117531 0.0903063 0.0039026 0.0999671 0.00232731
0.142124 3.37772 0.23025 0.150104 3.38075 0.22 -0.00633965 0.0653177 0.0785875 0.00388082 0.0999642 0.00248246
0.142074 3.37869 0.231133 0.150142 3.38175 0.22 -0.00119029 0.0621474 0.0440496 0.00385157 0.0999646 0.00251246
0.142009 3.37975 0.231997 0.150181 3.38275 0.22 -0.00933745 0.119888 0.0769072 0.00385091 0.0999654 0.00247934
0.141949 3.3808 0.232968 0.150212 3.38375 0.22 -0.00938047 0.0856568 0.0807766 0.00388134 0.0999637 0.00250051
0.1419 3.38181 0.233776 0.150259 3.38475 0.22 -0.00636771 0.110996 0.0642953 0.00393089 0.09996 0.00257215
0.141851 3.38293 0.234519 0.150298 3.38575 0.22 -0.00662494 0.0999064 0.0500649 0.00392118 0.0999581 0.00265791
0.141831 3.38405 0.23523 0.150337 3.38675 0.22 -0.000687768 0.133168 0.0516278 0.00388038 0.0999576 0.00273601
0.14186 3.38531 0.235803 0.150375 3.38775 0.22 0.0049637 0.114319 0.04702 0.00379856 0.0999583 0.00282397
0.141946 3.38639 0.236226 0.150412 3.38875 0.22 0.0127782 0.126073 0.037905 0.00372982 0.0999583 0.00291529
0.141989 3.38767 0.236643 0.15045 3.38975 0.22 -0.00522634 0.128713 0.0267523 0.00374833 0.0999553 0.00299068
0.141978 3.38857 0.236918 0.15048 3.39055 0.22 -0.00706578 0.100559 0.0169077 0.00379048 0.0999511 0.00307753
0.141936 3.38969 0.237127 0.150518 3.39155 0.22 -0.00332904 0.149101 0.01274 0.00380083 0.0999468 0.00320272
0.141953 3.39103 0.237251 0.150555 3.39255 0.22 0.00628538 0.112858 0.0134209 0.0037247 0.0999471 0.00328003
0.141953 3.39103 0.172572 0.150592 3.39355 0.22 0 0 0 0.00359136 0.0999505 0.00332481
0.141953 3.39103 0.178992 0.150627 3.39455 0.22 0 0 0 0.00350784 0.0999533 0.00333202
0.142106 3.39234 0.191179 0.150661 3.39555 0.22 0.0309305 0.333257 0.846702 0.00339912 0.0999584 0.00329166
0.142285 3.39559 0.202256 0.150694 3.39655 0.22 0.00467479 0.235651 0.798665 0.00326818 0.0999656 0.00320273
0.142558 3.39705 0.211283 0.150732 3.39774 0.22 0.032503 0.0741489 0.667022 0.00315766 0.0999677 0.00324666
0.142893 3.39706 0.219438 0.150764 3.39874 0.22 0.0143049 0.0253125 0.588355 0.0031018 0.0999695 0.00324798
0.143061 3.39645 0.225043 0.150794 3.39974 0.22 0.0204111 0.0152874 0.423414 0.003027 0.0999725 0.00322524
0.143374 3.39656 0.22979 0.150823 3.40074 0.22 0.0471731 0.0846246 0.362513 0.0029394 0.0999694 0.00339585
0.143667 3.39862 0.233327 0.150852 3.40174 0.22 0.0166467 0.212905 0.297279 0.00286056 0.0999555 0.00384383
0.143778 3.40009 0.235837 0.15088 3.40274 0.22 0.0173543 0.138897 0.102865 0.00281202 0.0999473 0.004086
0.143541 3.40174 0.234509 0.150909 3.40374 0.22 -0.0235788 0.0387756 -0.15105 0.00284383 0.0997835 0.00701575
0.143488 3.40114 0.233003 0.150932 3.40454 0.22 -0.0107321 -0.0261294 -0.153768 0.00290426 0.0998124 0.00656558
0.143294 3.40169 0.231279 0.150961 3.40554 0.22 -0.0346955 0.0559613 -0.104872 0.00297507 0.099859 0.00577814
0.14304 3.40139 0.23001 0.150993 3.40654 0.22 -0.0166739 -0.102455 -0.12263 0.0031992 0.099929 0.00424592
0.142882 3.40131 0.228661 0.151027 3.40754 0.22 -0.0102287 0.113985 -0.0882423 0.0034184 0.0999588 0.00325691
0.142805 3.40265 0.227433 0.15107 3.40874 0.22 0.0037324 0.0688342 -0.0728619 0.003705 0.0999668 0.00264255
0.142809 3.40349 0.226738 0.151109 3.40974 0.22 -0.00214046 0.12883 -0.0328785 0.00390036 0.0999622 0.00253112
0.142868 3.40515 0.226419 0.151149 3.41074 0.22 0.00990759 0.160397 -0.00950442 0.00408314 0.0999547 0.00253961
0.142921 3.40648 0.226433 0.151191 3.41174 0.22 0.00647041 0.111282 0.010422 0.00414471 0.0999519 0.00255105
0.14305 3.40816 0.22692 0.151232 3.41274 0.22 0.0177108 0.199961 0.0651721 0.00417199 0.0999537 0.00243065
0.143199 3.40993 0.227668 0.151274 3.41373 0.22 0.0177107 0.159584 0.0697359 0.00412277 0.0999614 0.00218683
0.143303 3.4114 0.228346 0.151314 3.41473 0.22 0.00756492 0.17945 0.0655881 0.0039726 0.0999737 0.00188191
0.143273 3.41345 0.229152 0.151353 3.41573 0.22 -0.0110479 0.206539 0.0817042 0.00389138 0.0999792 0.00175712
0.143225 3.41558 0.229868 0.151392 3.41673 0.22 -0.0104125 0.228454 0.0620017 0.00385845 0.0999802 0.00177104
0.143185 3.41781 0.23066 0.15143 3.41773 0.22 -0.012096 0.2254 0.076057 0.00386425 0.099977 0.00193232
0.143134 3.41999 0.231319 0.151469 3.41873 0.22 -0.00406048 0.225063 0.0729906 0.00387971 0.0999701 0.00223315
0.143104 3.42222 0.232188 0.151508 3.41973 0.22 0.00170925 0.224924 0.0720967 0.00385133 0.0999697 0.00230034
0.143101 3.4245 0.232995 0.151546 3.42073 0.22 0.000851798 0.238973 0.079294 0.00377053 0.0999685 0.0024804
0.143116 3.42644 0.233652 0.151582 3.42173 0.22 0.00433182 0.187944 0.0594499 0.00365225 0.0999674 0.00269129
0.143117 3.42818 0.234168 0.151618 3.42273 0.22 -0.00716686 0.1988 0.0557598 0.00362021 0.099964 0.00285533
0.143138 3.43005 0.234784 0.151655 3.42373 0.22 0.00528864 0.174983 0.0675547 0.00365832 0.0999587 0.00298887
0.143196 3.43164 0.235235 0.151692 3.42473 0.22 0.0117532 0.150529 0.0273072 0.00369899 0.0999542 0.00308743
0.143289 3.43319 0.235552 0.151729 3.42573 0.22 0.00331448 0.139109 0.0312887 0.00369341 0.0999598 0.00290811
0.14335 3.43463 0.235749 0.151765 3.42673 0.22 0.00925166 0.116412 0.0230477 0.00361501 0.0999576 0.00307755
0.143433 3.43597 0.235771 0.151801 3.42773 0.22 0.012993 0.158188 0.0222538 0.00351071 0.099956 0.00324619
0.14359 3.43729 0.235824 0.151835 3.42873 0.22 0.0106757 0.119677 0.0234903 0.00341707 0.0999513 0.00348251
0.143735 3.43813 0.235754 0.151869 3.42973 0.22 0 0 0 0.00340087 0.0999473 0.00361162
0.143735 3.43813 0.167911 0.151903 3.43073 0.22 0 0 0 0.00343742 0.0999405 0.0037601
0.143735 3.43813 0.176059 0.151938 3.43173 0.22 0 0 0 0.00349908 0.0999352 0.00384474
0.143795 3.43839 0.185568 0.151974 3.43273 0.22 0.00932719 0.0896948 0.684712 0.0035809 0.0999429 0.00355869
0.144033 3.43981 0.193736 0.15201 3.43373 0.22 0.0265136 0.134865 0.523423 0.00363989 0.0999394 0.00359492
0.144428 3.44086 0.199439 0.152047 3.43473 0.22 0.0275245 0.122324 0.422392 0.00372544 0.099948 0.00325386
0.144854 3.44179 0.206343 0.152085 3.43573 0.22 0.0385346 0.0963877 0.549072 0.00380022 0.0999749 0.00215638
0.145018 3.44194 0.211559 0.152123 3.43673 0.22 0.0193158 -0.232371 0.0629986 0.00382507 0.0999899 0.00120633
0.145199 3.4417 0.212553 0.152161 3.43773 0.22 -0.00266139 0.191414 0.128403 0.00379258 0.0999946 0.00086909
0.145244 3.44512 0.214514 0.152199 3.43873 0.22 0.00524425 0.294159 0.165522 0.00377672 0.099985 0.00167328
0.145384 3.44638 0.216788 0.152237 3.43972 0.22 0.0122166 0.0816134 0.190874 0.00383987 0.0999263 0.00374782
0.145335 3.4479 0.220068 0.152276 3.44072 0.22 0.000363975 0.240586 0.202866 0.00393293 0.0998441 0.00545394
0.145586 3.45113 0.219933 0.152317 3.44172 0.22 0.0292015 0.290592 -0.0663803 0.00411373 0.0997629 0.00667137
0.146131 3.4522 0.218328 0.15236 3.44272 0.22 0.0521821 0.0267376 -0.0809826 0.00430151 0.0997255 0.00709763
0.146482 3.45258 0.21759 0.152404 3.44372 0.22 0.0240447 0.0723283 -0.0400626 0.0045049 0.0997481 0.00663898
0.146702 3.45308 0.216623 0.15245 3.44471 0.22 0.0148463 0.0110755 -0.0594811 0.00464183 0.0997573 0.00640354
0.146836 3.45326 0.216084 0.152498 3.44571 0.22 -0.000726874 0.0337151 -0.0113627 0.00485357 0.0997471 0.00640516
0.14686 3.45334 0.216097 0.152549 3.44671 0.22 0.00534705 0.00558376 0.0119262 0.00503062 0.0997254 0.00660303
0.146909 3.45363 0.2164 0.1526 3.44771 0.22 0.0106881 0.0482425 0.00881352 0.00516001 0.0996984 0.00690417
0.147 3.45375 0.216669 0.152652 3.4487 0.22 0.00104022 -0.0300063 0.0456948 0.00523591 0.099669 0.00726208
0.146992 3.45353 0.217337 0.152705 3.4497 0.22 -0.0135022 -0.0117241 0.0672845 0.00524467 0.0996529 0.00747378
0.146935 3.45338 0.218027 0.152756 3.4507 0.22 -0.00853726 -0.0090503 0.0481127 0.00514682 0.0996524 0.00754741
0.146903 3.45325 0.218637 0.152807 3.45169 0.22 0.00250616 -0.0433122 0.0616244 0.00503423 0.0996657 0.00744749
0.14688 3.45298 0.219587 0.152856 3.45269 0.22 0.00661332 0.00203805 0.103307 0.0048918 0.0996857 0.00727217
0.146916 3.45296 0.22077 0.152904 3.45369 0.22 0.000265358 -0.0324535 0.087843 0.0048178 0.0996965 0.00717327
0.146963 3.4528 0.221953 0.152952 3.45468 0.22 -0.0010819 -0.0200985 0.0987601 0.00479168 0.0996964 0.00719232
0.146946 3.45286 0.223255 0.153 3.45568 0.22 -0.00653479 0.0389975 0.101432 0.00478496 0.099695 0.00721682
0.146906 3.45321 0.224402 0.153048 3.45668 0.22 0.000911449 0.0623195 0.0785594 0.00476482 0.0996904 0.00729259
0.146839 3.45389 0.225469 0.153095 3.45767 0.22 -0.00306203 0.078127 0.0918297 0.00473909 0.0996854 0.00737787
0.14682 3.45442 0.226616 0.153143 3.45867 0.22 0.00287421 0.0656362 0.0839177 0.00471639 0.0996792 0.00747443
0.146819 3.45521 0.227745 0.15319 3.45967 0.22 -0.00531884 0.0998615 0.0980227 0.00471374 0.099676 0.00751922
0.146822 3.45611 0.22883 0.153237 3.46066 0.22 0.00305969 0.0848202 0.123227 0.0047496 0.0996695 0.00758188
0.146855 3.4574 0.230027 0.153285 3.46166 0.22 0.000311787 0.145961 0.0761305 0.00479668 0.0996604 0.00767234
0.146821 3.45864 0.230668 0.153333 3.46266 0.22 0.000548312 0.077035 0.0421114 0.00483903 0.0996498 0.00778227
0.146733 3.45975 0.231225 0.153382 3.46365 0.22 -0.0178595 0.140064 0.0407068 0.00483766 0.0995467 0.00900642
0.146566 3.46114 0.231736 0.15343 3.46465 0.22 -0.0140326 0.129788 0.0327058 0.00483697 0.0995397 0.00908424
0.146455 3.46246 0.231948 0.153478 3.46564 0.22 0.00376453 0.143598 0.0254509 0.00481427 0.0995294 0.00920806
0.146463 3.46344 0.232182 0.153526 3.46664 0.22 0 0 0 0.00480119 0.099521 0.00930529
0.146463 3.46344 0.165501 0.153574 3.46763 0.22 0 0 0 0.00480545 0.0995079 0.00944191
0.146463 3.46344 0.170704 0.153623 3.46863 0.22 0 0 0 0.00481456 0.0995123 0.0093902
0.146513 3.46464 0.178532 0.153671 3.46962 0.22 0.00523981 0.320384 0.656971 0.00478199 0.0995947 0.00849064
0.146464 3.46781 0.186056 0.153718 3.47062 0.22 0.001581 0.340513 0.484509 0.00472271 0.0996863 0.00737598
0.146525 3.47088 0.193424 0.153765 3.47162 0.22 0.0112694 0.278988 0.596826 0.00466393 0.0997472 0.00654219
0.146609 3.47321 0.199673 0.15381 3.47262 0.22 0.0138378 0.0518568 0.174681 0.0045281 0.0998259 0.00532416
0.146776 3.47352 0.200285 0.153854 3.47362 0.22 0.0176642 0.139129 0.0537479 0.00433276 0.099895 0.00403586
0.147039 3.47627 0.200922 0.153897 3.47461 0.22 0.0155201 0.305968 0.118289 0.00426352 0.0998989 0.00401097
0.147306 3.47839 0.201783 0.153939 3.47561 0.22 0.0291849 0.179375 0.0533441 0.00419337 0.0998843 0.00442829
0.14756 3.48036 0.202326 0.15398 3.47661 0.22 0.0144309 0.216863 0.0852619 0.00417863 0.0998632 0.00489273
0.14763 3.48195 0.203644 0.154023 3.47761 0.22 0.00524757 0.0739986 0.115729 0.00423808 0.0998617 0.00487358
0.147671 3.48273 0.20501 0.154066 3.47861 0.22 0.00117075 0.078163 0.105436 0.00431558 0.0998689 0.00465211
0.147765 3.48341 0.206651 0.15411 3.47961 0.22 0.00661525 0.0556145 0.165181 0.00445084 0.0998952 0.00389848
0.147804 3.48413 0.208787 0.154155 3.48061 0.22 0.007489 0.0770924 0.127076 0.00454117 0.0999156 0.00321003
0.147865 3.48489 0.210341 0.154201 3.48161 0.22 0.00636861 0.0994201 0.135355 0.00459851 0.0999312 0.00258216
0.147857 3.4858 0.21206 0.154247 3.48261 0.22 -0.00418154 0.0826203 0.1452 0.00464089 0.0999408 0.00208756
0.147816 3.48671 0.213701 0.154294 3.48361 0.22 0.00234831 0.13303 0.130563 0.00465004 0.0999431 0.00195526
0.147855 3.4878 0.215484 0.15434 3.4846 0.22 0.000581437 0.105221 0.153782 0.00463201 0.0999452 0.00188659
0.147871 3.48879 0.217419 0.154386 3.4856 0.22 3.30737e-05 0.0981711 0.149874 0.00457185 0.0999474 0.00191741
0.147903 3.48959 0.219276 0.154432 3.4866 0.22 0.00466641 0.0767029 0.150188 0.00453302 0.0999564 0.00149557
0.147964 3.49031 0.22122 0.154477 3.4876 0.22 0.00591765 0.092683 0.154642 0.00453121 0.099959 0.00131379
0.148001 3.49129 0.223256 0.154522 3.4886 0.22 0.00679767 0.104082 0.162966 0.00456525 0.0999616 0.000952821
0.148046 3.49243 0.225206 0.154568 3.4896 0.22 -0.000440914 0.129067 0.145927 0.00460008 0.0999635 0.000440534
0.148091 3.49369 0.226953 0.154614 3.4906 0.22 0.00994103 0.17487 0.116161 0.00455752 0.0999663 0.000148736
0.148152 3.49512 0.22838 0.154659 3.4916 0.22 0.00136573 0.155681 0.101402 0.00448091 0.0999699 1.30186e-05
0.148172 3.49654 0.229697 0.154703 3.4926 0.22 -0.00123128 0.102549 0.0994466 0.00434312 0.099976 -4.62555e-05
0.148237 3.49776 0.230827 0.154746 3.4936 0.22 0.0143043 0.111635 0.086744 0.00431287 0.0999773 -8.77702e-05
0.148401 3.49869 0.231954 0.154789 3.4946 0.22 0.0128728 0.09394 0.0772976 0.00434705 0.0999757 -0.000165688
0.148558 3.49962 0.232977 0.154833 3.4956 0.22 0.0204948 0.0786499 0.0785168 0.00439443 0.0999733 -0.00030217
0.148716 3.50036 0.233838 0.154877 3.4966 0.22 0.0146998 0.0550091 0.0527936 0.00441778 0.0999704 -0.000685713
0.14881 3.50116 0.234414 0.154921 3.4976 0.22 0.00913208 0.0628332 0.0352263 0.00435936 0.0999696 -0.00106854
0.148807 3.50185 0.234836 0.154964 3.4986 0.22 -0.0103792 0.0601792 0.0248657 0.00426792 0.0999699 -0.00136879
0.148768 3.50286 0.234995 0.155006 3.4996 0.22 -0.00959652 0.109284 0.00196383 0.00420419 0.0999695 -0.00157737
0.148764 3.50376 0.235049 0.155048 3.5006 0.22 0.00881817 0.0743071 0.00691034 0.00423728 0.0999675 -0.00161325
0.148874 3.50475 0.234974 0.155092 3.5016 0.22 0.0137415 0.0902934 0.000851176 0.00433487 0.0999639 -0.00158038
0.148901 3.50576 0.234887 0.155136 3.5026 0.22 0.000171643 0.0843978 -0.00367673 0.00439869 0.0999675 -0.00109711
0.148912 3.50619 0.234795 0.15518 3.5036 0.22 0 0 0 0.00441449 0.0999676 -0.0010291
0.148912 3.50619 0.164431 0.155224 3.5046 0.22 0 0 0 0.00440133 0.0999626 -0.00147097
0.148912 3.50619 0.172914 0.155268 3.5056 0.22 0 0 0 0.00436956 0.0999579 -0.00184099
0.148976 3.50642 0.183692 0.155311 3.5066 0.22 0.00918435 0.0681578 0.842149 0.00433328 0.0999573 -0.00195466
0.149101 3.50744 0.195373 0.155354 3.5076 0.22 0.00988295 0.145639 0.839835 0.00433887 0.0999565 -0.0019851
0.149381 3.50919 0.205958 0.155398 3.5086 0.22 0.0405078 0.262923 0.647669 0.00440102 0.0999547 -0.00193696
0.149421 3.51185 0.21333 0.155443 3.5096 0.22 0.004687 0.156285 0.541838 0.00450709 0.0999499 -0.0019416
0.149536 3.51287 0.219759 0.155489 3.5106 0.22 0.0165805 0.0835287 0.441821 0.00456799 0.0999348 -0.002495
0.149686 3.51324 0.224 0.155535 3.51159 0.22 0.00679856 -0.136332 0.218216 0.00461766 0.0999089 -0.00330996
0.14945 3.51265 0.224578 0.155581 3.51259 0.22 -0.016817 0.148271 0.0232596 0.00462633 0.0998799 -0.00408312
0.149433 3.51487 0.225147 0.155627 3.51359 0.22 -0.0194324 0.19108 0.020239 0.00461657 0.0998729 -0.00426028
0.149161 3.51611 0.225272 0.155673 3.51459 0.22 -0.0295403 0.0767939 0.01846 0.00455958 0.0999161 -0.00316813
0.148972 3.51691 0.225195 0.155718 3.51559 0.22 -0.0245021 0.145519 -0.0616067 0.00445545 0.0999489 -0.0021064
0.148704 3.51823 0.223922 0.155761 3.51659 0.22 -0.0282639 0.100331 -0.119161 0.0043114 0.0999705 -0.00116781
0.148441 3.51915 0.222224 0.155804 3.51759 0.22 -0.0163189 0.0417749 -0.0852172 0.00424231 0.0999764 -0.000890028
0.148435 3.51924 0.221238 0.155845 3.51859 0.22 0.00628403 0.0273679 -0.0201559 0.00418275 0.0999795 -0.000811974
0.148671 3.51974 0.221194 0.155887 3.51959 0.22 0.0410229 0.0756235 -0.00411487 0.00416521 0.0999798 -0.000873463
0.149077 3.52019 0.221116 0.155929 3.52059 0.22 0.0466703 0.00841135 -0.0001911 0.00419946 0.0999759 -0.00112057
0.14944 3.52051 0.221577 0.155971 3.52159 0.22 0.0355992 0.0640884 0.0703846 0.0042668 0.0999713 -0.0012659
0.149643 3.52114 0.222784 0.156015 3.52259 0.22 0.00779904 0.0735476 0.123255 0.00435682 0.0999663 -0.0013499
0.149655 3.52156 0.224031 0.156059 3.52359 0.22 0.0127141 0.000891658 0.0615397 0.00435779 0.0999643 -0.00148434
0.149816 3.52182 0.224762 0.156102 3.52459 0.22 0.0280717 0.0508551 0.0516327 0.00431201 0.0999619 -0.00175655
0.150039 3.52235 0.225333 0.156145 3.52559 0.22 0.0156532 0.0364038 0.0550765 0.00429603 0.0999582 -0.00199245
0.150153 3.52292 0.226048 0.156188 3.52659 0.22 0.00900324 0.0905955 0.0352886 0.00440597 0.099948 -0.0022456
0.150113 3.52382 0.226538 0.156234 3.52759 0.22 -0.00228701 0.0905 0.0339361 0.00459565 0.0999322 -0.00255061
0.150045 3.52498 0.226883 0.156281 3.52859 0.22 -0.00424151 0.115475 0.0108115 0.00475292 0.0999176 -0.00281934
0.149968 3.52625 0.227117 0.156329 3.52958 0.22 -0.00263029 0.14365 0.0242702 0.00481224 0.0999049 -0.00314747
0.14986 3.5277 0.227575 0.156377 3.53058 0.22 -0.0128254 0.180529 0.0215451 0.00481275 0.0999001 -0.00329635
0.149688 3.52938 0.228095 0.156425 3.53158 0.22 -0.0213142 0.142902 0.020533 0.00475413 0.0998977 -0.00345017
0.149512 3.53089 0.228573 0.156472 3.53258 0.22 -0.0126614 0.15849 0.0230833 0.00463697 0.0998986 -0.00358202
0.149389 3.53245 0.229114 0.156517 3.53358 0.22 -0.0094533 0.1945 0.0171054 0.00451095 0.099896 -0.00380959
0.14929 3.53397 0.229547 0.156562 3.53458 0.22 -0.0106202 0.1225 0.044121 0.00448789 0.0998902 -0.00398468
0.149244 3.53518 0.23016 0.156607 3.53558 0.22 -0.00242961 0.168774 0.0303903 0.00450621 0.0998784 -0.00425098
0.149241 3.53676 0.230635 0.156652 3.53658 0.22 0.00114975 0.156698 0.0465917 0.00450134 0.099866 -0.00453578
0.149229 3.53815 0.231312 0.156696 3.53758 0.22 -0.0102822 0.123215 0.0437437 0.00438937 0.0998573 -0.00482827
0.149196 3.53948 0.232005 0.156739 3.53857 0.22 -0.00488312 0.144261 0.0400496 0.00423746 0.0998558 -0.00499165
0.149157 3.54074 0.232671 0.156781 3.53957 0.22 -0.00635234 0.0823083 0.067132 0.00413009 0.0998552 -0.00509309
0.149133 3.54131 0.233651 0.156821 3.54057 0.22 0 0 0 0.00400089 0.0998535 -0.00522804
0.149133 3.54131 0.168566 0.15686 3.54157 0.22 0 0 0 0.00387741 0.0998474 -0.0054334
0.149133 3.54131 0.17707 0.156897 3.54257 0.22 0 0 0 0.00373153 0.0998362 -0.00573405
0.149284 3.54341 0.188528 0.156934 3.54357 0.22 0.0174364 0.381363 0.852781 0.00358727 0.0997956 -0.00648264
0.149565 3.54613 0.198559 0.156969 3.54456 0.22 0.0442132 0.101139 0.598112 0.00349803 0.0997965 -0.00651842
0.150052 3.54622 0.205614 0.157003 3.54556 0.22 0.0483682 0.204286 0.203263 0.00343028 0.0998239 -0.00612292
0.150411 3.54885 0.20733 0.157038 3.54656 0.22 0.0518034 0.0424952 0.150544 0.00345444 0.0998482 -0.00569813
0.150878 3.54808 0.208476 0.157073 3.54756 0.22 0.028037 -0.013592 0.0315199 0.00352698 0.0998093 -0.00630276
0.151206 3.54922 0.208764 0.157108 3.54856 0.22 0.0185105 0.187792 0.0077394 0.00357457 0.0997088 -0.00770928
0.151312 3.55012 0.209062 0.157144 3.54955 0.22 -0.00888327 0.0575833 0.00588197 0.00357687 0.0996552 -0.00837365
0.151365 3.55142 0.209316 0.15718 3.55055 0.22 0.0208364 0.211772 0.0120197 0.00360099 0.0996131 -0.0088507
0.1515 3.55335 0.209639 0.157216 3.55155 0.22 0.00302726 0.147151 0.0177485 0.00358968 0.0995928 -0.00907976
0.151565 3.55454 0.210037 0.157252 3.55254 0.22 0.00510345 0.143443 0.0257023 0.0035975 0.0995852 -0.00916043
0.151581 3.55601 0.210883 0.157288 3.55354 0.22 0.00342618 0.178796 0.119772 0.0036174 0.099572 -0.00929477
0.15161 3.55745 0.212382 0.157324 3.55453 0.22 0.0071743 0.13776 0.0884534 0.00365434 0.0995585 -0.00942432
0.151657 3.55867 0.213686 0.157362 3.55553 0.22 0.00609701 0.102117 0.111057 0.0037234 0.0995224 -0.00977229
0.15166 3.55988 0.215299 0.157399 3.55652 0.22 -0.00994253 0.115296 0.127572 0.00378661 0.0994838 -0.0101336
0.151621 3.56109 0.216926 0.157438 3.55752 0.22 -0.00207723 0.125776 0.125384 0.00384352 0.0994444 -0.010493
0.151562 3.56228 0.218764 0.157476 3.55851 0.22 -0.0160865 0.119914 0.143211 0.00387342 0.0994145 -0.0107614
0.151463 3.56351 0.220637 0.157515 3.55951 0.22 -0.00556297 0.130518 0.13274 0.00390445 0.0993703 -0.0111515
0.15141 3.56477 0.22237 0.157554 3.5605 0.22 -0.0149914 0.11545 0.134059 0.00392106 0.0993378 -0.0114323
0.151352 3.56595 0.224167 0.157594 3.56149 0.22 -0.00512565 0.129593 0.118629 0.00393492 0.099268 -0.0120187
0.151275 3.5672 0.225882 0.157633 3.56248 0.22 -0.00935509 0.116965 0.115781 0.00393278 0.0992355 -0.0122844
0.151239 3.56824 0.227399 0.157672 3.56348 0.22 0.000812588 0.107197 0.10129 0.00392234 0.0992107 -0.0124867
0.151228 3.56943 0.228829 0.157711 3.56447 0.22 -0.00897675 0.113035 0.103203 0.00391001 0.0991862 -0.0126838
0.151193 3.57065 0.230116 0.15775 3.56546 0.22 -0.00791394 0.119315 0.076017 0.00388145 0.0991648 -0.0128584
0.151164 3.57165 0.231123 0.157789 3.56645 0.22 -0.00126314 0.0945463 0.0650559 0.00385575 0.0991582 -0.0129166
0.151148 3.57258 0.232023 0.157827 3.56744 0.22 -0.00482252 0.09724 0.0610797 0.00381499 0.0991484 -0.0130042
0.151111 3.57367 0.232939 0.157865 3.56843 0.22 -0.000666654 0.0608385 0.0624741 0.003768 0.0991329 -0.0131352
0.1511 3.57415 0.233574 0.157903 3.56943 0.22 -0.0128048 0.0705476 0.0493475 0.00375035 0.09911 -0.0133115
0.15107 3.57481 0.234169 0.15794 3.57042 0.22 0.00622397 0.073376 0.0212637 0.00374152 0.0990863 -0.0134897
0.151103 3.57563 0.234605 0.157977 3.57141 0.22 0.00040528 0.0403722 0.025401 0.00370919 0.0990453 -0.0137962
0.151128 3.57619 0.234845 0.158014 3.5724 0.22 0.0115158 0.0672179 -0.00799811 0.00364376 0.0990214 -0.0139837
0.151142 3.57698 0.234927 0.15805 3.57339 0.22 0.00258008 0.0701609 -0.00655398 0.00358237 0.0990094 -0.0140843
0.151152 3.5777 0.234896 0.158085 3.57438 0.22 -0.00141409 0.0629557 -0.0158891 0.00351046 0.0990024 -0.0141512
0.151167 3.57854 0.234738 0.15812 3.57537 0.22 0.00527289 0.0972206 -0.0301081 0.00349788 0.0990048 -0.0141381
0.151182 3.57928 0.23456 0.158154 3.57636 0.22 0.00398058 0.0528846 -0.0278278 0.0034724 0.0989586 -0.0144638
0.151177 3.57949 0.234292 0.158189 3.57735 0.22 0 0 0 0.00343396 0.0988568 -0.0151525
0.151177 3.57949 0.171255 0.158223 3.57833 0.22 0 0 0 0.00343784 0.098855 -0.0151635
0.151177 3.57949 0.179956 0.158258 3.57932 0.22 0 0 0 0.0034614 0.0988551 -0.0151576
0.151396 3.57996 0.190746 0.158292 3.58031 0.22 0.0382332 0.0411862 0.808522 0.00347596 0.0987869 -0.0155924
0.151703 3.58046 0.200401 0.158328 3.5813 0.22 0.0418396 0.0414032 0.675861 0.00357606 0.0988029 -0.0154683
0.152064 3.58061 0.208996 0.158364 3.58229 0.22 0.0336452 -0.0284829 0.543605 0.00364913 0.0988339 -0.0152513
0.152216 3.58021 0.215497 0.158401 3.58328 0.22 -0.0240252 -0.0394016 0.373125 0.00375101 0.0988891 -0.0148642
0.15206 3.58233 0.21757 0.15844 3.58427 0.22 -0.0124773 0.268307 0.0904901 0.00383864 0.0990025 -0.0140652
0.152308 3.58286 0.217831 0.158478 3.58526 0.22 0.0055702 -0.111261 0.0468516 0.00387035 0.0990771 -0.0135207
0.152528 3.58185 0.218068 0.158517 3.58625 0.22 0.0186808 0.0179109 0.0554671 0.00390693 0.0990806 -0.0134842
0.152607 3.58224 0.218452 0.158557 3.58724 0.22 0.013643 0.0601529 -0.0432024 0.00395703 0.0990133 -0.013956
0.152835 3.58244 0.217432 0.158596 3.58823 0.22 0.000958348 0.0116768 -0.0843717 0.0039445 0.0989365 -0.0144941
0.152927 3.58328 0.217063 0.158636 3.58922 0.22 0.00752567 0.107042 -0.0491059 0.00391183 0.0989197 -0.0146166
0.153007 3.58411 0.216884 0.158675 3.5902 0.22 0.00335192 0.0833895 0.000475905 0.00389449 0.0989508 -0.0144095
0.152927 3.58529 0.217222 0.158713 3.5912 0.22 -0.00818381 0.143402 -0.012427 0.00386259 0.0990462 -0.0137478
0.152869 3.58668 0.217215 0.158752 3.59219 0.22 0.00565912 0.0999579 -0.0136655 0.00384156 0.0991145 -0.0132522
0.152859 3.58762 0.217513 0.15879 3.59318 0.22 0.000953191 0.106179 0.0155757 0.00387208 0.0991655 -0.012856
0.152867 3.58875 0.21788 0.15883 3.59417 0.22 -0.00928791 0.119876 0.0194492 0.00393796 0.0991857 -0.0126788
0.152786 3.58956 0.218344 0.158869 3.59516 0.22 0.00446826 0.0508058 0.034247 0.00398344 0.0991716 -0.0127747
0.152765 3.59039 0.219108 0.158909 3.59615 0.22 0.00394776 0.129522 0.0678448 0.00398745 0.0991376 -0.0130348
0.152832 3.59162 0.220242 0.158949 3.59714 0.22 0.0103111 0.104198 0.0797175 0.00397481 0.0991045 -0.0132879
0.152939 3.59264 0.22157 0.158989 3.59813 0.22 -1.19241e-05 0.146218 0.102936 0.00403128 0.0990048 -0.013995
0.152923 3.59403 0.223114 0.15903 3.59912 0.22 -0.00661244 0.112295 0.10684 0.00411104 0.0990136 -0.0139094
0.152768 3.59514 0.224578 0.159072 3.60011 0.22 -0.0150999 0.131255 0.10004 0.00422694 0.0990606 -0.0135346
0.152611 3.59633 0.225936 0.159115 3.60111 0.22 -0.00885565 0.123116 0.0774335 0.00428984 0.0990707 -0.0134409
0.152544 3.59746 0.227153 0.159158 3.6021 0.22 -0.00833534 0.104155 0.0768269 0.00427536 0.0990623 -0.0135071
0.152505 3.59864 0.228374 0.1592 3.60309 0.22 1.63482e-05 0.0898193 0.0744724 0.00424578 0.09906 -0.0135333
0.152486 3.59976 0.229514 0.159242 3.60408 0.22 -0.00445663 0.150651 0.0763483 0.00421675 0.0990201 -0.0138308
0.152461 3.60132 0.230644 0.159285 3.60507 0.22 0.00435178 0.147796 0.061781 0.0042164 0.0990052 -0.0139372
0.152453 3.60269 0.231651 0.159327 3.60606 0.22 0.00123903 0.161791 0.0655864 0.00426616 0.0990081 -0.013902
0.152445 3.60423 0.232566 0.15937 3.60705 0.22 -0.00870126 0.135796 0.0499083 0.00433406 0.099021 -0.0137886
0.152398 3.60575 0.23337 0.159414 3.60804 0.22 -0.00165909 0.161886 0.0317219 0.00434131 0.0990363 -0.0136759
0.152431 3.60729 0.233995 0.159457 3.60903 0.22 0.0041761 0.14361 0.0189662 0.00427144 0.0990544 -0.0135662
0.152439 3.60869 0.234464 0.159498 3.61002 0.22 0.00380302 0.148038 0.00920552 0.00415862 0.0990678 -0.0135035
0.152495 3.61018 0.23489 0.159539 3.61101 0.22 0.00143668 0.138981 -0.00298723 0.00405137 0.0989993 -0.0140283
0.152512 3.61141 0.235196 0.15958 3.612 0.22 -0.00286663 0.14519 0.00888772 0.00403526 0.0989995 -0.0140315
0.152516 3.61294 0.235399 0.15962 3.61299 0.22 0.000466505 0.139263 -0.015861 0.00402712 0.0990001 -0.0140295
0.152528 3.61349 0.235556 0.15966 3.61398 0.22 0 0 0 0.00402308 0.0990057 -0.0139911
0.152528 3.61349 0.169962 0.1597 3.61497 0.22 0 0 0 0.00398735 0.0989824 -0.0141653
0.152528 3.61349 0.179169 0.15974 3.61596 0.22 0 0 0 0.00394644 0.0989904 -0.0141204
0.152756 3.61615 0.19081 0.159778 3.61695 0.22 0.00354632 0.295053 0.851692 0.00388132 0.0990004 -0.0140686
0.152875 3.61763 0.200647 0.159817 3.61794 0.22 0.0367538 -0.0375979 0.540852 0.00379305 0.0990174 -0.0139724
0.153081 3.61742 0.206895 0.159854 3.61893 0.22 0.0221483 0.031694 0.430035 0.00372458 0.0990745 -0.013581
0.153289 3.61774 0.212658 0.159891 3.61992 0.22 0.0323684 0.0229013 0.465911 0.00370706 0.0991414 -0.0130883
0.153614 3.61787 0.218209 0.159928 3.62091 0.22 0.0501815 0.153701 0.282741 0.00372709 0.0992645 -0.012113
0.153783 3.61935 0.221176 0.159966 3.62191 0.22 -0.0158101 0.0373141 0.207817 0.00377957 0.099351 -0.011365
0.153872 3.61945 0.222177 0.160004 3.6229 0.22 0.0380834 -0.0973889 0.0494648 0.00384123 0.0993521 -0.0113346
0.154053 3.61827 0.223001 0.160043 3.62389 0.22 -0.00871332 -0.132063 0.0207369 0.00383397 0.0991951 -0.0126374
0.153917 3.61734 0.222524 0.160081 3.62488 0.22 -0.0128346 -0.0538471 -0.0972934 0.00385345 0.0989498 -0.0144276
0.15386 3.617 0.221193 0.16012 3.62587 0.22 7.91573e-05 -0.0273367 -0.105682 0.00386537 0.0987223 -0.0159068
0.153934 3.61686 0.220209 0.160158 3.62686 0.22 0.0152862 0.060406 -0.0742537 0.00387324 0.0986063 -0.0166092
0.154045 3.618 0.219543 0.160198 3.62784 0.22 0.00220495 0.160635 -0.0660147 0.00393281 0.0985493 -0.0169303
0.154126 3.61944 0.219066 0.160237 3.62883 0.22 0.0155229 0.116655 -0.0456093 0.00395871 0.0985573 -0.0168775
0.154235 3.62054 0.21891 0.160277 3.62981 0.22 0.0110197 0.158277 0.00535804 0.00398003 0.0985945 -0.0166538
0.154349 3.62212 0.219367 0.160317 3.6308 0.22 0.017847 0.135429 0.0484915 0.00399573 0.0986271 -0.0164555
0.154503 3.62356 0.220171 0.160357 3.63179 0.22 0.0179595 0.175807 0.0565692 0.0040168 0.098618 -0.0165052
0.154562 3.62501 0.221252 0.160397 3.63277 0.22 0.00509974 0.165066 0.0807465 0.00402457 0.0985926 -0.0166545
0.154546 3.62658 0.222417 0.160438 3.63376 0.22 -0.006339 0.165596 0.0811706 0.00404204 0.0985566 -0.0168621
0.154521 3.62844 0.223727 0.160478 3.63474 0.22 7.21727e-05 0.173082 0.0707601 0.004054 0.0985318 -0.0170035
0.15453 3.63039 0.225018 0.160519 3.63573 0.22 0.00543727 0.223797 0.0667192 0.00405908 0.0985459 -0.0169201
0.154567 3.63229 0.226246 0.160559 3.63671 0.22 0.00329491 0.160978 0.0789042 0.00405334 0.0985708 -0.0167762
0.154625 3.63413 0.227547 0.1606 3.6377 0.22 0.000366553 0.21136 0.0870297 0.00404894 0.0986019 -0.0165933
0.15465 3.63612 0.229009 0.16064 3.63869 0.22 0.0064816 0.17236 0.103914 0.00406368 0.0986253 -0.0164499
0.154707 3.6378 0.230369 0.160681 3.63967 0.22 0.00440505 0.148198 0.0769266 0.00410439 0.0986327 -0.0163954
0.154732 3.6393 0.231475 0.160722 3.64066 0.22 -0.000480531 0.18223 0.0677959 0.00412401 0.0986322 -0.0163935
0.154726 3.64106 0.232627 0.160763 3.64165 0.22 0.00304444 0.137397 0.0776483 0.00406457 0.0986263 -0.0164438
0.154721 3.6423 0.233671 0.160803 3.64263 0.22 -0.000760471 0.140238 0.0411517 0.00399491 0.0986219 -0.0164873
0.154672 3.64385 0.234395 0.160843 3.64362 0.22 -0.00352371 0.124266 0.0600539 0.00390051 0.0986104 -0.0165782
0.154639 3.64516 0.235146 0.160881 3.6446 0.22 0.00130175 0.152946 0.0184489 0.00386576 0.0986059 -0.016613
0.154649 3.6467 0.235652 0.16092 3.64559 0.22 0.0120714 0.159933 0.0194358 0.00391863 0.0986199 -0.0165175
0.154712 3.64799 0.236063 0.16096 3.64658 0.22 -0.00119268 0.121776 0.00128859 0.00397371 0.0986363 -0.0164059
0.154748 3.64909 0.236244 0.161 3.64756 0.22 0.00784184 0.101016 0.00591132 0.00398272 0.0986553 -0.0162893
0.1548 3.65018 0.236508 0.161039 3.64855 0.22 0.00703303 0.124923 0.00136825 0.00390167 0.0986624 -0.0162656
0.154852 3.65127 0.236634 0.161078 3.64954 0.22 0.00324788 0.0989142 -0.019188 0.00384411 0.0986608 -0.0162888
0.154877 3.65171 0.236578 0.161115 3.65052 0.22 0 0 0 0.00378214 0.0986567 -0.0163282
0.154877 3.65171 0.17351 0.161153 3.65151 0.22 0 0 0 0.00374026 0.0986553 -0.0163463
0.154877 3.65171 0.182468 0.16119 3.6525 0.22 0 0 0 0.00374791 0.0986657 -0.0162819
0.154981 3.65177 0.192293 0.161228 3.65348 0.22 0.0108498 -0.0286724 0.744466 0.00377184 0.0986794 -0.0161931
0.155286 3.65176 0.201069 0.161266 3.65447 0.22 0.0440249 0.0936322 0.551924 0.00381668 0.0987122 -0.0159813
0.155861 3.65245 0.20823 0.161305 3.65546 0.22 0.0565578 -0.0402253 0.522826 0.00390157 0.0987647 -0.0156326
0.156137 3.65121 0.214176 0.161345 3.65645 0.22 0.0413891 0.177816 0.18621 0.00402125 0.0988328 -0.0151647
0.156203 3.65357 0.216854 0.161386 3.65743 0.22 0.0234058 0.200527 0.1241 0.00413821 0.0989348 -0.0144511
0.15635 3.65339 0.217105 0.161427 3.65842 0.22 -0.00531854 -0.146949 -0.0125378 0.00407652 0.0989259 -0.0145295
0.156278 3.65228 0.216193 0.161467 3.65941 0.22 -0.0219648 -0.00194092 -0.0559935 0.00402237 0.0988141 -0.0152855
0.156231 3.65295 0.215364 0.161507 3.6604 0.22 0.0235199 0.0876831 -0.111138 0.00395868 0.0987622 -0.0156338
0.156441 3.65354 0.214413 0.161546 3.66139 0.22 0.00916315 0.05691 -0.0407095 0.00388888 0.0987786 -0.0155478
0.15654 3.65434 0.21421 0.161584 3.66238 0.22 0.00259046 0.0768841 -0.00862974 0.00382374 0.0988415 -0.0151589
0.156541 3.65499 0.214557 0.161622 3.66337 0.22 -0.00454944 0.0762569 0.00766828 0.00378524 0.0989473 -0.0144627
0.156592 3.65554 0.214793 0.16166 3.66436 0.22 0.0155748 0.0707947 0.00920091 0.00378517 0.0989999 -0.0140983
0.156697 3.65646 0.215089 0.161698 3.66535 0.22 0.00405176 0.103685 0.0433376 0.00380124 0.0990418 -0.0137964
0.156655 3.65738 0.215897 0.161736 3.66634 0.22 -0.0103277 0.057792 0.0451675 0.00378875 0.0990546 -0.0137076
0.156531 3.65822 0.216674 0.161773 3.66733 0.22 -0.0121079 0.0965442 0.0566729 0.00371719 0.0990327 -0.0138843
0.156479 3.65904 0.217506 0.16181 3.66832 0.22 0.00763563 0.0649061 0.0526418 0.00365607 0.0990139 -0.0140333
0.156573 3.66028 0.218637 0.161846 3.66931 0.22 0.00870845 0.172234 0.0802695 0.0036039 0.0990065 -0.014099
0.156598 3.66204 0.220193 0.161882 3.6703 0.22 0.00469578 0.157798 0.0915969 0.00363649 0.0990357 -0.013884
0.156676 3.66362 0.221649 0.161919 3.67129 0.22 0.00736756 0.146788 0.0778172 0.00372603 0.0990864 -0.0134933
0.156699 3.66519 0.223038 0.161957 3.67228 0.22 -0.000888863 0.153408 0.0927175 0.00381131 0.0991364 -0.0130966
0.160518 3.72652 0.21581 0.164339 3.73078 0.22 -0.000330551 0.176959 0.204586 0.00401902 0.0993587 -0.011214
0.160661 3.72758 0.217718 0.164379 3.73177 0.22 0.0248952 0.0981537 0.108459 0.00393329 0.0994447 -0.010457
0.160883 3.72865 0.217414 0.164417 3.73276 0.22 0.0278678 0.0301473 -0.0495535 0.00382007 0.0994798 -0.0101604
0.161363 3.72822 0.216546 0.164454 3.73376 0.22 0.0577134 -0.0235538 -0.0441371 0.00365453 0.0994639 -0.0103748
0.161938 3.72848 0.21646 0.16449 3.73475 0.22 0.0517982 -0.0563243 0.0040896 0.00356522 0.0994482 -0.0105553
0.162276 3.72766 0.216217 0.164525 3.73575 0.22 0.0216814 -0.0419582 0.0105103 0.00343267 0.0994291 -0.0107767
0.162242 3.72832 0.21729 0.164558 3.73674 0.22 -0.0157132 0.0812848 0.112729 0.00329397 0.0994517 -0.0106102
0.162058 3.72873 0.218858 0.164589 3.73774 0.22 -0.00460463 0.061712 0.0648975 0.0030871 0.0995086 -0.0101274
0.161942 3.72973 0.219611 0.16462 3.73873 0.22 -0.0136699 0.105398 0.035991 0.00298108 0.0995388 -0.00985915
0.162094 3.73069 0.219833 0.164649 3.73973 0.22 0.0155825 0.0843333 0.00165767 0.00293086 0.0995662 -0.00959413
0.162256 3.73193 0.220075 0.164678 3.74072 0.22 0.0185782 0.154742 0.00297085 0.00295794 0.0995971 -0.00925878
0.162339 3.73335 0.220518 0.164709 3.74172 0.22 -0.00296096 0.126577 0.0258712 0.00308287 0.0996195 -0.00897262
0.162256 3.7346 0.221146 0.16474 3.74272 0.22 -0.0136492 0.14103 0.0371702 0.00317755 0.0996325 -0.00879342
0.162098 3.73633 0.221954 0.164773 3.74371 0.22 -0.024128 0.163973 0.0433054 0.00326331 0.0996495 -0.00856684
0.161961 3.73794 0.222985 0.164806 3.74471 0.22 -0.0108156 0.142319 0.0712777 0.00328997 0.0996637 -0.00839011
0.161816 3.73955 0.22426 0.164839 3.74571 0.22 -0.0182688 0.172971 0.0737262 0.00329477 0.0996757 -0.00824339
0.161762 3.74114 0.225556 0.164872 3.7467 0.22 -0.00643596 0.140592 0.0897441 0.00329679 0.0996869 -0.00810713
0.161733 3.74259 0.226753 0.164905 3.7477 0.22 0.00332589 0.126968 0.0866347 0.0033064 0.0997047 -0.00788068
0.161704 3.74416 0.227998 0.164938 3.7487 0.22 -0.00279463 0.161644 0.078096 0.00332603 0.0997195 -0.00768276
0.161661 3.74574 0.229194 0.164971 3.7497 0.22 -0.00970076 0.161457 0.0746989 0.00334588 0.0997302 -0.00753395
0.16157 3.74734 0.230431 0.165005 3.75069 0.22 -0.00937828 0.16674 0.0917642 0.0033187 0.0997435 -0.00736702
0.161405 3.74877 0.231708 0.165038 3.75169 0.22 -0.0204213 0.123424 0.0822499 0.00326674 0.0997551 -0.00723201
0.161178 3.75005 0.23257 0.165063 3.75249 0.22 -0.0259057 0.14623 0.0520919 0.00316694 0.0997623 -0.00717792
0.160946 3.75175 0.233387 0.165094 3.75349 0.22 -0.0137432 0.176823 0.0410788 0.00311851 0.0997534 -0.0073204
0.160822 3.75385 0.234202 0.165132 3.75468 0.22 -0.00544147 0.164108 0.0259051 0.00316551 0.0997686 -0.00708945
0.160702 3.75546 0.234808 0.165165 3.75568 0.22 -0.0145777 0.173399 0.0397661 0.00326378 0.0997843 -0.00681977
0.160499 3.7571 0.235392 0.165198 3.75668 0.22 -0.0150655 0.142598 0.0212649 0.00330043 0.0998018 -0.00654014
0.160336 3.75848 0.2363 0.16523 3.75768 0.22 -0.0206264 0.138148 0.0636631 0.00319808 0.0998219 -0.00627935
0.16019 3.76006 0.237091 0.165261 3.75868 0.22 -0.0190125 0.160251 0.0283858 0.00306782 0.0998415 -0.00602714
0.160007 3.76141 0.237298 0.165285 3.75947 0.22 -0.0187963 0.104008 -0.00402577 0.00297402 0.0998581 -0.00579383
0.160007 3.76141 0.237325 0.16532 3.76067 0.22 0 0 0 0.00288035 0.0998813 -0.00543129
0.160007 3.76141 0.172598 0.165349 3.76167 0.22 0 0 0 0.0028844 0.0998901 -0.00526352
0.160018 3.76189 0.18283 0.165372 3.76247 0.22 0.00547027 0.238915 0.812875 0.00291446 0.0998922 -0.00520786
0.160125 3.76405 0.192328 0.165401 3.76347 0.22 -0.0207689 0.197949 0.860454 0.00296517 0.0998915 -0.00519191
0.160125 3.76422 0.200156 0.165432 3.76447 0.22 0.0111562 -0.0971436 0.429332 0.00302724 0.0998898 -0.00518853
0.160351 3.76401 0.20538 0.165463 3.76547 0.22 0.0229665 0.0957406 0.359657 0.00312638 0.0999149 -0.00461449
0.160442 3.7649 0.209713 0.165495 3.76647 0.22 -0.000379515 0.0556648 0.294247 0.00323323 0.0999439 -0.00384916
0.160496 3.76575 0.213316 0.165534 3.76767 0.22 0.0169244 0.146284 0.24763 0.00330817 0.099958 -0.00339226
0.16084 3.76628 0.216356 0.165567 3.76867 0.22 0.0362865 0.0108397 0.22465 0.00330182 0.0999512 -0.0035939
0.161078 3.7665 0.21861 0.1656 3.76967 0.22 0.0225967 0.057506 0.181558 0.00331497 0.0999273 -0.00419519
0.161381 3.76753 0.219934 0.165634 3.77066 0.22 0.0399868 0.106604 0.0798201 0.0034124 0.0998909 -0.00492174
0.161625 3.76766 0.221215 0.165669 3.77166 0.22 0.021764 -0.0869504 0.0231707 0.0035708 0.0998323 -0.00590084
0.161535 3.76717 0.219901 0.165706 3.77266 0.22 -0.00471666 0.0840112 -0.125037 0.00362546 0.0997862 -0.00660521
0.161589 3.76886 0.218712 0.165742 3.77366 0.22 0.000941418 0.150915 -0.0396164 0.00369165 0.0997385 -0.00725715
0.161648 3.769 0.217883 0.16578 3.77466 0.22 -0.008653 -0.0237172 -0.103818 0.00380326 0.099707 -0.00762325
0.161348 3.7698 0.216662 0.165819 3.77565 0.22 -0.0500864 0.131475 -0.0867411 0.00392276 0.0996852 -0.00784401
0.160984 3.77073 0.215919 0.165859 3.77665 0.22 -0.0300864 0.0601166 -0.0500965 0.00401696 0.0996673 -0.00802196
0.160922 3.77129 0.215608 0.1659 3.77765 0.22 0.0087397 0.0747647 -0.0197775 0.00415199 0.0996443 -0.00823623
0.161054 3.77224 0.215558 0.165943 3.77864 0.22 0.00595216 0.119485 -0.00262759 0.00422976 0.0996258 -0.00841883
0.161294 3.77316 0.215709 0.165985 3.77964 0.22 0.0345904 0.0900035 0.014445 0.00420456 0.0996236 -0.00845738
0.161499 3.77436 0.216311 0.166026 3.78063 0.22 0.0224701 0.147259 0.049284 0.00412827 0.0996229 -0.00850263
0.161558 3.77563 0.217339 0.166067 3.78163 0.22 0.000168088 0.125914 0.0730636 0.00401435 0.0996253 -0.00852906
0.161545 3.77707 0.218477 0.166106 3.78263 0.22 -0.0101532 0.154805 0.0805199 0.00392672 0.0996388 -0.008412
0.16147 3.77841 0.219553 0.166145 3.78362 0.22 -0.00752061 0.111441 0.0782375 0.00387193 0.0996631 -0.00814526
0.161346 3.77979 0.220847 0.166183 3.78462 0.22 -0.00929273 0.159003 0.110849 0.00383572 0.09969 -0.0078266
0.161163 3.78134 0.22239 0.166222 3.78562 0.22 -0.0175308 0.16705 0.113964 0.00381606 0.0997171 -0.00748306
0.161027 3.78294 0.224028 0.16626 3.78661 0.22 -0.0113976 0.209002 0.116619 0.00379275 0.0997313 -0.00730356
0.160992 3.78498 0.225363 0.166297 3.78761 0.22 0.00900584 0.212909 0.0747338 0.00374013 0.0997495 -0.00707878
0.161022 3.78675 0.226565 0.166334 3.78861 0.22 -0.00715443 0.161533 0.0911113 0.00368497 0.0997683 -0.00683936
0.161015 3.78845 0.227703 0.166371 3.78961 0.22 0.00102638 0.174848 0.0790667 0.00366923 0.0997834 -0.00662431
0.161032 3.79011 0.228725 0.166408 3.79061 0.22 0.000721116 0.161192 0.0679571 0.00370891 0.0997878 -0.00653392
0.161052 3.79174 0.229599 0.166445 3.7916 0.22 -0.000151983 0.18025 0.0506813 0.00376792 0.0997933 -0.00641565
0.16111 3.79339 0.230238 0.166483 3.7926 0.22 0.00309698 0.155085 0.0423255 0.00379997 0.0998057 -0.00620095
0.16117 3.79485 0.230793 0.166521 3.7936 0.22 -0.000357235 0.154801 0.0326123 0.00375905 0.0998183 -0.00601948
0.161207 3.79624 0.231311 0.166558 3.7946 0.22 0.00855822 0.152311 0.0305696 0.00369823 0.0998261 -0.00592724
0.16129 3.79766 0.231775 0.166594 3.7956 0.22 0.0181781 0.12866 0.0271154 0.00362406 0.0998332 -0.00585363
0.161452 3.79896 0.232025 0.16663 3.79659 0.22 0.00741452 0.125809 0.0180376 0.00359249 0.0998412 -0.0057347
0.161452 3.79896 0.167932 0.166666 3.79759 0.22 0 0 0 0.0036157 0.0998484 -0.00559421
0.161452 3.79896 0.176122 0.166703 3.79859 0.22 0 0 0 0.00367147 0.0998527 -0.00547997
0.161532 3.79888 0.18521 0.16674 3.79959 0.22 0.0412545 -0.0338237 0.765161 0.00372668 0.0998548 -0.00540331
0.162099 3.799 0.194141 0.166779 3.80059 0.22 0.0463686 0.151953 0.421731 0.00383657 0.0998625 -0.00517934
0.16246 3.80012 0.198207 0.166817 3.80159 0.22 0.0400254 -0.0274393 0.194297 0.00388662 0.099871 -0.00497301
0.162651 3.79896 0.20098 0.166856 3.80259 0.22 -0.0299284 -0.148893 0.294731 0.00386181 0.0998831 -0.00474482
0.162331 3.79822 0.205309 0.166894 3.80358 0.22 -0.0335347 0.00137484 0.32518 0.0037102 0.0998891 -0.00473881
0.162281 3.79916 0.208053 0.16693 3.80458 0.22 0.00474237 0.155073 0.083681 0.00357409 0.0999007 -0.00459784
0.162541 3.79997 0.208701 0.166964 3.80558 0.22 0.0394464 -0.0691389 0.0377704 0.00344536 0.0999234 -0.0041832
0.162702 3.79985 0.209024 0.166997 3.80658 0.22 0.00812591 0.0376744 0.00618589 0.00326067 0.099929 -0.00419736
0.162714 3.80033 0.208812 0.167029 3.80758 0.22 0.00750836 0.0736922 -0.0465187 0.00310126 0.0999232 -0.0044488
0.162775 3.80123 0.208201 0.167059 3.80858 0.22 -0.0108996 0.0919401 -0.0357021 0.00298078 0.099928 -0.00442513
0.162629 3.80219 0.208085 0.167088 3.80958 0.22 -0.018533 0.104019 0.0303548 0.00285626 0.0999417 -0.00419075
0.162533 3.8032 0.209002 0.167116 3.81058 0.22 0.00284244 0.103568 0.0568109 0.0027664 0.0999668 -0.0036113
0.162661 3.80429 0.209602 0.167143 3.81158 0.22 0.0169474 0.12552 0.0092241 0.00277841 0.099984 -0.00308943
0.162816 3.8055 0.210133 0.167172 3.81258 0.22 0.0217284 0.106666 0.0509619 0.00284336 0.0999915 -0.00277089
0.163032 3.80654 0.211056 0.167202 3.81358 0.22 0.0294744 0.0982505 0.0618778 0.00302551 0.0999966 -0.00236535
0.163221 3.80757 0.211967 0.167233 3.81458 0.22 -0.000791015 0.101268 0.0761728 0.00314919 0.0999971 -0.00217182
0.163218 3.80866 0.213155 0.167265 3.81558 0.22 -0.00841845 0.0843443 0.0856343 0.00320151 0.099997 -0.00209987
0.163126 3.80964 0.214543 0.167297 3.81658 0.22 0.000158127 0.103069 0.101282 0.00321009 0.0999977 -0.00205212
0.16306 3.81092 0.216107 0.167329 3.81758 0.22 0.00316096 0.134693 0.114281 0.00319603 0.100002 -0.00184643
0.163021 3.81214 0.217709 0.16736 3.81858 0.22 0.0066112 0.106672 0.114013 0.0031462 0.100009 -0.00152984
0.163016 3.81335 0.21942 0.167391 3.81958 0.22 -0.00765078 0.144254 0.115809 0.00310897 0.100015 -0.00118701
0.162973 3.81451 0.220919 0.167422 3.82058 0.22 -0.000319703 0.0988752 0.121143 0.00311169 0.100019 -0.000809801
0.162982 3.81544 0.222438 0.167454 3.82158 0.22 -0.00382274 0.104661 0.0998462 0.00314129 0.100018 -0.000770058
0.163007 3.81634 0.223744 0.167486 3.82258 0.22 0.00815705 0.103151 0.0908163 0.003198 0.100017 -0.000597499
0.163061 3.81741 0.224892 0.167518 3.82358 0.22 0.00999838 0.134457 0.0893003 0.00320954 0.100019 -5.26493e-05
0.163151 3.81846 0.226029 0.16755 3.82458 0.22 0.00584671 0.126375 0.0788309 0.00315709 0.10002 -5.816e-05
0.163197 3.8199 0.227264 0.167581 3.82558 0.22 0.00368166 0.143318 0.0804735 0.00311591 0.100022 -4.29045e-07
0.163261 3.82115 0.228298 0.167612 3.82658 0.22 -0.00206842 0.145337 0.0679625 0.00310428 0.100022 0.000180198
0.163216 3.82256 0.229268 0.167644 3.82758 0.22 -0.00406277 0.171786 0.0759453 0.00322185 0.100017 0.000530686
0.163147 3.82406 0.230082 0.167677 3.82858 0.22 0.00456282 0.147558 0.0575715 0.00334293 0.100009 0.00101708
0.163126 3.82548 0.230788 0.167711 3.82958 0.22 0.0102345 0.111175 0.0581998 0.00338975 0.100006 0.00119681
0.163155 3.82675 0.231404 0.167744 3.83058 0.22 0.00139734 0.134169 0.0441495 0.00336397 0.100004 0.00136055
0.163159 3.82797 0.231838 0.167777 3.83158 0.22 -0.00568444 0.143107 0.0290723 0.00327702 0.100005 0.0015399
0.163172 3.82922 0.232174 0.16781 3.83258 0.22 0.00699887 0.129101 0.0182194 0.0032042 0.100007 0.00154708
0.163239 3.83016 0.232359 0.167842 3.83358 0.22 0 0 0 0.00319239 0.100006 0.00160701
0.163239 3.83016 0.163915 0.167874 3.83458 0.22 0 0 0 0.00324119 0.100004 0.00167338
0.163239 3.83016 0.172251 0.167907 3.83558 0.22 0 0 0 0.0033468 0.100006 0.00130422
0.163219 3.83147 0.183192 0.167941 3.83658 0.22 0.00466185 0.378948 0.9431 0.00340435 0.100004 0.00125998
0.163293 3.83452 0.195227 0.167975 3.83758 0.22 0.0270767 0.181141 0.823823 0.00345815 0.100004 0.00113644
0.163514 3.83589 0.205115 0.16801 3.83858 0.22 0.00946912 -0.0550786 0.490759 0.00351845 0.100001 0.00120513
0.163508 3.83596 0.210338 0.168046 3.83958 0.22 -0.0142174 0.132176 0.253676 0.00360023 0.0999973 0.00128251
0.163369 3.8377 0.212987 0.168083 3.84058 0.22 -0.0149916 0.18142 0.286089 0.00366921 0.0999945 0.00130488
0.163188 3.83879 0.217065 0.168121 3.84158 0.22 -0.0183531 0.0227649 0.31888 0.00383458 0.0999881 0.00132034
0.163133 3.83918 0.220499 0.168161 3.84258 0.22 -0.00501937 0.0338851 0.203012 0.00410028 0.0999778 0.00129704
0.162999 3.839 0.220911 0.168204 3.84358 0.22 -0.0196261 0.0413699 -0.0648733 0.00435711 0.0999702 0.00101381
0.163019 3.83991 0.219905 0.168249 3.84458 0.22 -0.000250824 0.0972679 -0.028482 0.00450276 0.0999679 0.000455387
0.162944 3.84067 0.219536 0.168295 3.84558 0.22 -0.00884656 0.0453331 -0.0643408 0.00459964 0.0999632 -0.000508895
0.163012 3.84126 0.218502 0.168341 3.84658 0.22 0.0126108 0.0750241 -0.070709 0.00462613 0.0999561 -0.00119856
0.163072 3.84248 0.217948 0.168387 3.84758 0.22 0.0178354 0.177876 -0.0041618 0.0046049 0.0999515 -0.00159817
0.163164 3.84398 0.217758 0.168433 3.84858 0.22 0.0049261 0.113666 -0.0322428 0.00458766 0.0999479 -0.00185252
0.163232 3.84531 0.217817 0.168479 3.84958 0.22 0.00698786 0.166996 0.0285793 0.0046098 0.0999444 -0.00198325
0.163302 3.84664 0.217993 0.168526 3.85058 0.22 0.00660511 0.122491 0.0251165 0.00468551 0.0999407 -0.00199219
0.163373 3.84789 0.21828 0.168573 3.85158 0.22 -0.000411411 0.0849585 0.0316735 0.00477157 0.099938 -0.00192282
0.16344 3.8488 0.218727 0.168622 3.85258 0.22 0.00115132 0.127918 0.0548288 0.00490918 0.099933 -0.00183286
0.163501 3.85024 0.219544 0.168672 3.85358 0.22 0.000776165 0.105433 0.070418 0.0049748 0.0999295 -0.00184833
0.163575 3.85126 0.220594 0.168722 3.85458 0.22 0.0127215 0.0841283 0.0814342 0.00502331 0.0999252 -0.00194298
0.163685 3.85237 0.221801 0.168773 3.85557 0.22 0.0141235 0.14695 0.101464 0.00507245 0.0999194 -0.00210674
0.163775 3.85375 0.223166 0.168823 3.85657 0.22 0.001985 0.151682 0.104869 0.00509262 0.0999164 -0.00219826
0.163798 3.8552 0.224272 0.168875 3.85757 0.22 0.0091257 0.15236 0.073349 0.00510882 0.0999064 -0.00258338
0.163844 3.8567 0.225247 0.168926 3.85857 0.22 0.00734181 0.154267 0.0695641 0.00512493 0.0999095 -0.00242489
0.163928 3.85815 0.226158 0.169007 3.85957 0.22 0.00915612 0.15284 0.0712299 0.00891005 0.0998593 -0.0022311
0.164001 3.8596 0.227171 0.169097 3.86057 0.22 0.00808241 0.163416 0.0853731 0.00895548 0.0998617 -0.00192228
0.164063 3.8612 0.228346 0.169186 3.86157 0.22 -0.00270656 0.151288 0.0945994 0.00898698 0.0998625 -0.00172231
0.16415 3.86242 0.229431 0.169277 3.86257 0.22 0.0135337 0.124856 0.0810297 0.00901962 0.0998682 -0.00111294
0.164322 3.86367 0.230379 0.169367 3.86357 0.22 0.0159852 0.139692 0.0750796 0.00901077 0.0998701 -0.00101261
0.16451 3.86508 0.23127 0.169457 3.86456 0.22 0.00924994 0.131553 0.0612809 0.0089709 0.0998738 -0.000997147
0.164657 3.86611 0.231949 0.169546 3.86556 0.22 0.00923539 0.107616 0.0478155 0.00895359 0.0998758 -0.000949216
0.164795 3.86739 0.232511 0.169636 3.86656 0.22 0.0136355 0.135255 0.0570875 0.00899378 0.0998733 -0.000828077
0.164961 3.86861 0.23311 0.169727 3.86756 0.22 0.0108094 0.113152 0.0404213 0.00908517 0.0998662 -0.000672318
0.165135 3.86965 0.233468 0.169818 3.86856 0.22 0.0213564 0.11554 0.0263638 0.00915022 0.0998612 -0.000512925
0.165423 3.87073 0.233849 0.16991 3.86956 0.22 0.031551 0.101234 0.0244864 0.00914511 0.0998622 -0.000387966
0.165615 3.87141 0.234115 0.170001 3.87056 0.22 0 0 0 0.00911092 0.0998655 -0.000360405
0.165615 3.87141 0.163856 0.170091 3.87155 0.22 0 0 0 0.00905586 0.0998704 -0.000373946
0.165615 3.87141 0.17208 0.170181 3.87255 0.22 0 0 0 0.00899963 0.0998754 -0.000412533
0.165678 3.87149 0.182623 0.170271 3.87355 0.22 0.0163556 0.0112279 0.829854 0.00896713 0.0998784 -0.00039259
0.165802 3.87228 0.194555 0.170361 3.87455 0.22 0.00524265 0.121092 0.858376 0.00894455 0.0998803 -0.000404866
0.166136 3.87363 0.203793 0.17045 3.87555 0.22 0.0617056 0.0830838 0.428363 0.00890904 0.0998837 -0.000355202
0.166449 3.87289 0.207616 0.170539 3.87655 0.22 0.00047569 -0.0536396 0.377629 0.0089059 0.0998843 -0.000228325
0.1665 3.87391 0.212528 0.170628 3.87755 0.22 -0.00361377 0.238484 0.320489 0.00885712 0.0998888 0.000157164
0.166693 3.8757 0.214808 0.170715 3.87855 0.22 0.0159855 0.099532 0.109873 0.0087791 0.0998935 0.00068375
0.166888 3.87534 0.214847 0.170803 3.87955 0.22 -0.00357355 -0.0422841 -0.0197681 0.00876134 0.0998936 0.000868992
0.16653 3.87572 0.214167 0.170891 3.88054 0.22 -0.0260437 0.119552 -0.0352265 0.008758 0.0998961 0.000564284
0.166273 3.87702 0.213917 0.170979 3.88154 0.22 -0.0270252 0.114455 -0.0213266 0.0088727 0.0998864 0.000480477
0.166179 3.87741 0.213538 0.171069 3.88254 0.22 -0.000813294 0.0344905 -0.0205091 0.00901282 0.0998732 0.000600975
0.165948 3.87871 0.213734 0.17116 3.88354 0.22 -0.0315254 0.149818 0.0287147 0.00919966 0.0998535 0.000949676
0.165552 3.8799 0.214506 0.171253 3.88454 0.22 -0.0359721 0.0718149 0.0528243 0.0093142 0.09984 0.00121329
0.165148 3.88101 0.214884 0.171348 3.88554 0.22 -0.0344605 0.115806 0.0287641 0.00945521 0.0998213 0.00159864
0.164997 3.88203 0.215198 0.171443 3.88654 0.22 -0.000121645 0.0970531 0.0295916 0.00960373 0.0998004 0.00197576
0.165138 3.8828 0.215731 0.17154 3.88753 0.22 0.0120175 0.0708175 0.0495882 0.00970963 0.0997853 0.00220408
0.165297 3.88374 0.216507 0.171638 3.88853 0.22 0.0221877 0.123192 0.0780874 0.00975824 0.0997793 0.00226212
0.165397 3.88485 0.217465 0.171736 3.88953 0.22 0.0131398 0.118988 0.0855979 0.00977996 0.0997751 0.00235341
0.165465 3.88568 0.218577 0.171833 3.89053 0.22 0.0102525 0.0817929 0.0964363 0.00968522 0.0997812 0.00248061
0.165614 3.88688 0.219752 0.171928 3.89152 0.22 0.0175221 0.122483 0.0906134 0.00953168 0.0997929 0.00260398
0.165819 3.8879 0.220972 0.172023 3.89252 0.22 0.010706 0.0951774 0.100622 0.00942252 0.099804 0.0025751
0.165926 3.889 0.222242 0.172116 3.89352 0.22 0.0135979 0.133303 0.0914961 0.00931678 0.0998039 0.0029392
0.166012 3.89016 0.223421 0.172209 3.89452 0.22 0.013526 0.0914175 0.0992512 0.00926773 0.0998053 0.00304484
0.16609 3.89114 0.224682 0.172301 3.89552 0.22 0.00706399 0.10584 0.103898 0.00921868 0.0998083 0.00309467
0.166178 3.89226 0.22584 0.172393 3.89651 0.22 0.0125322 0.110417 0.0826526 0.00917804 0.0998063 0.00327248
0.166326 3.89357 0.226976 0.172484 3.89751 0.22 0.0125573 0.12361 0.0872658 0.00914961 0.0998091 0.00326837
0.166458 3.8947 0.228013 0.172576 3.89851 0.22 0.00800617 0.128712 0.0688855 0.00913165 0.099809 0.00331993
0.16656 3.89602 0.228942 0.172667 3.89951 0.22 0.0170709 0.135204 0.0790249 0.00910867 0.0998081 0.00340861
0.166669 3.89736 0.229885 0.172758 3.90051 0.22 0.0161123 0.122357 0.0647117 0.00906135 0.0998072 0.00355797
0.166821 3.89867 0.230687 0.172848 3.90151 0.22 0.0181233 0.107248 0.0648871 0.00902563 0.0998088 0.00360477
0.167024 3.89993 0.231358 0.172938 3.9025 0.22 0.0243152 0.130986 0.0524583 0.00897948 0.0998113 0.00365041
0.167262 3.90122 0.231942 0.173027 3.9035 0.22 0.0171734 0.115957 0.0410447 0.00894327 0.0998143 0.00365643
0.167461 3.90251 0.232394 0.173117 3.9045 0.22 0.0159153 0.120888 0.0571832 0.0089399 0.0998142 0.00366686
0.167658 3.90385 0.232827 0.173206 3.9055 0.22 0.0179524 0.109771 0.0367884 0.00892969 0.0998146 0.00368201
0.167878 3.90502 0.233141 0.173295 3.9065 0.22 0.0242546 0.134186 0.0254397 0.00886843 0.0998183 0.00372952
0.168007 3.90582 0.233409 0.173383 3.90749 0.22 0 0 0 0.00879711 0.0998239 0.00374757
0.168007 3.90582 0.166392 0.17347 3.90849 0.22 0 0 0 0.00874274 0.0998387 0.00347159
0.168007 3.90582 0.175006 0.173558 3.90949 0.22 0 0 0 0.0087232 0.0998414 0.00344206
0.168108 3.90799 0.186699 0.173645 3.91049 0.22 0.00746167 0.370419 0.93588 0.00872303 0.0998446 0.00334984
0.168236 3.91091 0.198303 0.173732 3.91149 0.22 0.00391642 0.22212 0.782859 0.008716 0.0998469 0.00329968
0.168274 3.91198 0.206509 0.173819 3.91249 0.22 -0.0167852 -0.0170041 0.509959 0.00871494 0.0998418 0.00345238
0.168151 3.91128 0.213264 0.173907 3.91348 0.22 -0.0108602 -0.0773347 0.447012 0.00872475 0.0998371 0.0035607
0.167958 3.91131 0.217754 0.173994 3.91448 0.22 0.00438867 0.156194 0.228776 0.00876004 0.0998275 0.00373972
0.168231 3.91308 0.219642 0.174082 3.91548 0.22 0.0518181 0.147675 0.11619 0.00878053 0.0998207 0.00387077
0.168946 3.91376 0.220455 0.17417 3.91648 0.22 0.0826384 0.0528004 0.00812962 0.00877086 0.0998324 0.00357891
0.169603 3.91432 0.220203 0.174257 3.91748 0.22 0.0389456 0.0735519 -0.0110117 0.00871237 0.0998722 0.00242642
0.169908 3.9151 0.220082 0.174344 3.91848 0.22 0.0215602 0.0663614 0.00596923 0.00868925 0.0998903 0.00163729
0.170089 3.91635 0.220212 0.17443 3.91948 0.22 0.0179591 0.131931 0.0370494 0.00864132 0.0999053 0.000712952
0.170186 3.9174 0.220729 0.174516 3.92047 0.22 0.0210261 0.0672999 0.0308386 0.00856972 0.099914 -2.42917e-05
0.170415 3.91853 0.221175 0.174601 3.92147 0.22 0.013017 0.096145 0.0667274 0.0084958 0.0999198 -0.000316591
0.170556 3.91924 0.222801 0.174686 3.92247 0.22 0.0113362 -0.075259 0.0306771 0.00842017 0.0999257 -0.000452759
0.170633 3.9192 0.222526 0.17477 3.92347 0.22 0.0165662 0.244918 -0.0254556 0.00837407 0.0998982 -0.00254543
0.170607 3.9217 0.222459 0.174853 3.92447 0.22 0.00239954 0.114927 0.0297287 0.00834538 0.0998934 -0.0028145
0.170599 3.92227 0.222545 0.174937 3.92547 0.22 0.0132911 0.0494603 -0.0128895 0.00835516 0.0998891 -0.00293533
0.170701 3.92357 0.22263 0.17502 3.92647 0.22 0.00907777 0.189219 0.0192549 0.00838406 0.0998844 -0.00301064
0.170819 3.92533 0.222936 0.175104 3.92747 0.22 0.00512598 0.116665 0.0615615 0.0084229 0.0998821 -0.0029775
0.17083 3.92658 0.224317 0.175189 3.92847 0.22 -0.0143861 0.140925 0.113978 0.00847727 0.0998811 -0.00285678
0.170656 3.92806 0.225904 0.175274 3.92947 0.22 -0.0141731 0.193379 0.103805 0.00855847 0.0998826 -0.00254504
0.170533 3.92992 0.227068 0.175361 3.93046 0.22 -0.00377851 0.178715 0.0690632 0.00863276 0.0998856 -0.00214335
0.170565 3.93173 0.227571 0.175448 3.93146 0.22 0.00790562 0.154354 0.0486505 0.0087194 0.0998856 -0.00175718
0.170567 3.93286 0.228139 0.175535 3.93246 0.22 -0.00996577 0.113916 0.041052 0.00877558 0.0998815 -0.00171279
0.170537 3.93459 0.228894 0.175641 3.93366 0.22 0.00139785 0.172265 0.0462477 0.00887919 0.0998698 -0.0018535
0.17056 3.93571 0.229581 0.175731 3.93466 0.22 -0.000800813 0.0947826 0.0582164 0.0089454 0.0998615 -0.00197848
0.170628 3.93705 0.230177 0.17582 3.93566 0.22 0.00960205 0.157385 0.0395658 0.00896114 0.0998593 -0.00201514
0.170726 3.93848 0.230832 0.17591 3.93666 0.22 0.000325552 0.139602 0.052733 0.00893875 0.0998628 -0.00194182
0.17077 3.93971 0.231334 0.175999 3.93766 0.22 -0.00116558 0.157596 0.0184935 0.00888467 0.0998689 -0.00187575
0.170753 3.94094 0.231873 0.176088 3.93865 0.22 5.01636e-05 0.100456 0.0433003 0.00888408 0.0998689 -0.00187777
0.170802 3.94213 0.232336 0.176177 3.93965 0.22 0.0167719 0.116624 0.030277 0.00893602 0.0998646 -0.00186043
0.170911 3.94344 0.232846 0.176267 3.94065 0.22 0.0170962 0.129793 0.0344689 0.00901338 0.0998582 -0.00183101
0.170995 3.94454 0.233261 0.176357 3.94165 0.22 0.00809635 0.112469 0.023042 0.00899413 0.0998602 -0.00181763
0.17107 3.94558 0.233562 0.176446 3.94265 0.22 0.000744853 0.117663 0.0152818 0.0088856 0.0998696 -0.00183445
0.171113 3.94649 0.233714 0.176534 3.94365 0.22 0.00342027 0.0697675 0.0074334 0.00879636 0.0998775 -0.00183253
0.171131 3.94683 0.23391 0.176621 3.94465 0.22 0 0 0 0.00866385 0.0998892 -0.00182543
0.171131 3.94683 0.168364 0.176707 3.94564 0.22 0 0 0 0.00858065 0.0998957 -0.00186567
0.171131 3.94683 0.17718 0.176793 3.94664 0.22 0 0 0 0.00852266 0.0998995 -0.00192519
0.171193 3.94701 0.188027 0.176878 3.94764 0.22 0.0155604 0.0388705 0.759134 0.00849663 0.099901 -0.00196208
0.171179 3.94736 0.194536 0.176962 3.94864 0.22 -0.0167324 0.0176255 0.334644 0.00845763 0.0999022 -0.00206397
0.171012 3.9477 0.198346 0.177046 3.94964 0.22 -0.0301863 0.0853008 0.270969 0.00840745 0.0999137 -0.00167724
0.171043 3.94721 0.201425 0.17713 3.95064 0.22 0.0210716 -0.11993 0.250419 0.00842139 0.0999242 -0.000701677
0.171394 3.94712 0.205349 0.177199 3.95144 0.22 0.0310363 0.0703543 0.209599 0.00855894 0.0999149 9.60943e-06
0.171639 3.94875 0.207079 0.177287 3.95244 0.22 0.0099132 0.0820948 0.0539256 0.00884711 0.0998878 0.000639481
0.171528 3.94934 0.207617 0.177379 3.95344 0.22 -0.00626067 0.0583168 0.0966799 0.00923373 0.0998508 0.000901124
0.171674 3.94978 0.208404 0.177473 3.95444 0.22 0.0347849 0.0176654 0.0222196 0.00954769 0.0998228 0.000708286
0.172278 3.95004 0.208694 0.17757 3.95543 0.22 0.0661425 0.0685904 0.0352099 0.00972231 0.099807 0.000544121
0.172754 3.95065 0.209003 0.177669 3.95643 0.22 0.0399163 0.0569031 -0.0144881 0.00993435 0.0997866 0.00044385
0.172956 3.95112 0.208979 0.177769 3.95743 0.22 -0.0017 0.0935022 0.0281794 0.01001 0.099778 0.000626058
0.172991 3.95248 0.209727 0.177869 3.95843 0.22 0.0030011 0.132593 0.0274469 0.00996474 0.0997801 0.000938271
0.172995 3.95339 0.210129 0.177968 3.95942 0.22 0.00121879 0.090349 0.0401464 0.00986174 0.0997868 0.00125781
0.172903 3.95423 0.21087 0.178064 3.96042 0.22 -0.0163252 0.0950347 0.0566686 0.00957334 0.0998067 0.00179475
0.172741 3.9548 0.211464 0.178158 3.96142 0.22 -0.0188783 0.061932 0.0427322 0.00927874 0.0998302 0.00202295
0.172538 3.95556 0.212409 0.178248 3.96242 0.22 -0.00567099 0.0527721 0.0613747 0.00896815 0.0998561 0.00214091
0.172632 3.95603 0.213449 0.178335 3.96342 0.22 0.0186703 0.0476701 0.087743 0.00862859 0.0998853 0.00217136
0.172815 3.95658 0.214701 0.178421 3.96442 0.22 0.0157077 0.0436059 0.0998469 0.00848811 0.0998966 0.00220556
0.172987 3.95724 0.216138 0.178505 3.96542 0.22 0.0191197 0.0867754 0.118367 0.00837656 0.0999052 0.00224171
0.173091 3.95796 0.217381 0.178588 3.96642 0.22 0.016764 0.0685949 0.130821 0.00833127 0.0999066 0.00234569
0.173159 3.95864 0.218983 0.178671 3.96741 0.22 0.0133908 0.0838783 0.114752 0.00836329 0.0998989 0.00255429
0.173231 3.95981 0.22063 0.178756 3.96841 0.22 -0.000544583 0.125325 0.0865751 0.00846221 0.0998872 0.00268284
0.173284 3.9607 0.221919 0.178842 3.96941 0.22 0.00488848 0.0469052 0.066041 0.00864647 0.0998671 0.00283872
0.17335 3.96183 0.223301 0.178948 3.97061 0.22 0.00249772 0.118481 0.10595 0.00886517 0.0998436 0.00298471
0.173417 3.96303 0.224609 0.179038 3.97161 0.22 0.00510907 0.127869 0.0829156 0.00902871 0.0998257 0.00309075
0.173496 3.96435 0.225878 0.17911 3.97241 0.22 0.0100597 0.13343 0.10179 0.00908344 0.0998192 0.00318391
0.173574 3.9658 0.227123 0.17922 3.9736 0.22 0.012415 0.137682 0.0819256 0.00916159 0.0998046 0.00336938
0.173699 3.96717 0.228098 0.179312 3.9746 0.22 0.00855456 0.117885 0.0784853 0.00913018 0.0997724 0.00428486
0.173884 3.96856 0.228963 0.179402 3.9756 0.22 0.0138568 0.121541 0.0680227 0.00901247 0.0997725 0.00452528
0.174114 3.9699 0.229697 0.179492 3.9766 0.22 0.0266836 0.142822 0.0619746 0.0089365 0.099774 0.00464147
0.17436 3.97132 0.230221 0.17958 3.9776 0.22 0.0200265 0.132644 0.0426372 0.00889067 0.0997682 0.00484905
0.174621 3.97254 0.230639 0.17967 3.97859 0.22 0.0207358 0.131771 0.0415665 0.00890973 0.0997633 0.00491402
0.174769 3.97392 0.23091 0.179759 3.97959 0.22 0.0138553 0.135596 0.00801838 0.00894073 0.0997604 0.00491713
0.174912 3.97532 0.231105 0.179848 3.98059 0.22 0.0143064 0.12866 0.0166546 0.00889206 0.0997641 0.00493001
0.174965 3.97583 0.231278 0.179936 3.98159 0.22 0 0 0 0.00878523 0.0997857 0.00467716
0.174965 3.97583 0.168513 0.180023 3.98258 0.22 0 0 0 0.00863881 0.0997962 0.00472669
0.174965 3.97583 0.177536 0.180108 3.98358 0.22 0 0 0 0.00854743 0.0998039 0.0047307
0.174971 3.97902 0.189224 0.180193 3.98458 0.22 -0.00643898 0.440536 0.951575 0.00846533 0.0998092 0.00476633
0.17492 3.98217 0.200079 0.180277 3.98558 0.22 -0.00571844 0.247919 0.757241 0.00839452 0.0998153 0.00476308
0.174929 3.98215 0.206319 0.18036 3.98658 0.22 -0.0152097 -0.0347861 0.399156 0.00825031 0.0998217 0.00488008
0.174803 3.98303 0.21204 0.180442 3.98757 0.22 -0.00916871 0.201605 0.471578 0.00816205 0.0998239 0.0049816
0.174799 3.98454 0.217201 0.180523 3.98857 0.22 0.00285525 0.109123 0.358446 0.00810103 0.0998312 0.00493434
0.174719 3.98546 0.219728 0.180603 3.98957 0.22 0.00116515 0.0910279 0.131665 0.00806123 0.0998526 0.00455325
0.174753 3.98611 0.220807 0.180684 3.99057 0.22 0.00794326 0.0900859 0.115064 0.00806786 0.0998799 0.00389307
0.17487 3.98684 0.221812 0.180765 3.99157 0.22 0.019673 0.0660983 0.0751043 0.00814361 0.0999089 0.0028526
0.175375 3.98761 0.222292 0.180848 3.99257 0.22 0.0681793 0.120096 0.045014 0.00830546 0.0999202 0.00179362
0.175889 3.98963 0.222119 0.180932 3.99357 0.22 0.0361747 0.222717 -0.0165614 0.00844203 0.0999154 0.00137992
0.176078 3.9909 0.221681 0.181017 3.99457 0.22 0.00511639 0.0733045 -0.0181331 0.00855359 0.0999081 0.00120632
0.17599 3.99189 0.221737 0.181104 3.99557 0.22 -0.013146 0.131507 0.022802 0.00864294 0.0999042 0.000834405
0.175886 3.99343 0.222321 0.181191 3.99657 0.22 0.00332368 0.157596 0.0801791 0.00868799 0.0999017 0.000640606
0.176045 3.99431 0.224157 0.181277 3.99756 0.22 0.0195813 0.0573631 0.150397 0.00856226 0.0999138 0.000423235
0.176316 3.99392 0.224447 0.18136 3.99856 0.22 0.0372775 0.0414718 0.001586 0.00830911 0.0999359 -0.000171367
0.176718 3.9954 0.224287 0.181441 3.99956 0.22 0.0249214 0.200658 0.0072177 0.00807683 0.099953 -0.000639579
0.176944 3.99656 0.224495 0.181518 4.00056 0.22 0.0205528 0.116719 0.0179543 0.00766206 0.0999813 -0.00112883
0.176983 3.99834 0.224587 0.181593 4.00156 0.22 -0.00705324 0.208675 0.00928583 0.00736821 0.100002 -0.00126978
0.177009 4.00028 0.224986 0.181664 4.00256 0.22 -0.000158258 0.173627 0.0638431 0.00714942 0.100018 -0.00121104
0.177019 4.00199 0.226041 0.181735 4.00356 0.22 0.000486756 0.165775 0.0794875 0.00701391 0.100031 -0.000901764
0.177063 4.00342 0.226119 0.181805 4.00456 0.22 0.00605369 0.0907815 0.0024175 0.00696731 0.100036 -0.000652092
0.177193 4.00425 0.226319 0.181874 4.00556 0.22 0.0165265 0.102793 0.0187092 0.0069646 0.100038 -0.000309298
0.177306 4.00539 0.226746 0.181945 4.00656 0.22 0.00878271 0.120322 0.0483907 0.00712123 0.100027 -0.000286128
0.177326 4.00626 0.227252 0.182018 4.00756 0.22 -0.00484291 0.0705375 0.0450911 0.00733926 0.100011 -0.000387249
0.177224 4.00733 0.227803 0.182092 4.00856 0.22 -0.0157472 0.118065 0.0612718 0.00748508 0.0999997 -0.000538517
0.177093 4.00847 0.228438 0.182168 4.00956 0.22 -0.00693063 0.107775 0.042174 0.00766027 0.099986 -0.000603591
0.177049 4.00942 0.229 0.182247 4.01056 0.22 0.00653532 0.108949 0.0583599 0.0078602 0.0999707 -0.000576173
0.177146 4.01053 0.229462 0.182326 4.01156 0.22 0.0127734 0.106871 0.0245973 0.00795241 0.0999641 -0.000433753
0.177257 4.01137 0.229953 0.182405 4.01256 0.22 0.00596959 0.0801278 0.0441386 0.00795277 0.0999646 -0.000294785
0.177388 4.01251 0.23048 0.182484 4.01356 0.22 0.0161476 0.10751 0.049368 0.00783204 0.0999745 -9.63706e-05
0.177524 4.0134 0.231111 0.182561 4.01456 0.22 0.00831582 0.0725192 0.0554093 0.00769717 0.099985 -8.0628e-05
0.177641 4.01432 0.231629 0.182638 4.01556 0.22 0.0146617 0.0820066 0.0409321 0.00761579 0.0999912 -0.00012402
0.177713 4.01503 0.232039 0.182713 4.01656 0.22 0.0116778 0.057381 0.0249952 0.00759151 0.099993 -0.000147062
0.17766 4.01617 0.232297 0.182789 4.01756 0.22 -0.00772455 0.149545 0.00807951 0.00755102 0.099996 -0.000158355
0.177619 4.01672 0.232517 0.182864 4.01856 0.22 0 0 0 0.00751317 0.0999949 -0.000902037
0.177619 4.01672 0.163854 0.182939 4.01956 0.22 0 0 0 0.00745738 0.1 -0.000750889
0.177619 4.01672 0.171473 0.183012 4.02056 0.22 0 0 0 0.00729672 0.100014 -0.000350975
0.177673 4.01741 0.180642 0.183084 4.02156 0.22 -0.000527036 0.0473567 0.654882 0.00713456 0.100027 5.3852e-05
0.177707 4.01838 0.188278 0.183154 4.02256 0.22 -0.0119919 0.163087 0.50966 0.00698285 0.100036 0.000526287
0.177667 4.01987 0.194931 0.183223 4.02356 0.22 0.013048 0.137358 0.436927 0.00686661 0.100042 0.000858958
0.178052 4.01976 0.198434 0.18329 4.02456 0.22 0.0542912 -0.111893 0.0879481 0.00670887 0.100053 0.000782839
0.178692 4.01905 0.200083 0.183356 4.02556 0.22 0.0432862 0.0394733 0.1561 0.00658186 0.100062 0.000678479
0.178831 4.02 0.201305 0.18342 4.02657 0.22 0.00486953 0.0578439 0.0242694 0.00638409 0.100075 0.00066345
0.178854 4.02056 0.201902 0.183483 4.02757 0.22 0.00256866 0.0677401 0.139193 0.00620018 0.100086 0.000797431
0.178991 4.02117 0.203687 0.183544 4.02857 0.22 0.028022 0.0389368 0.0951223 0.00611465 0.100087 0.00116458
0.179259 4.02176 0.205107 0.183605 4.02957 0.22 0.0290239 0.0813288 0.0967539 0.00612286 0.100084 0.00136851
0.179541 4.02265 0.206165 0.183667 4.03057 0.22 0.0373784 0.0731978 0.0663588 0.00621092 0.100075 0.00162988
0.179914 4.02316 0.207559 0.183731 4.03157 0.22 0.0324997 0.032044 0.128048 0.006429 0.100058 0.00184216
0.180263 4.02373 0.208967 0.183797 4.03257 0.22 0.0302684 0.11627 0.0757658 0.00660602 0.100044 0.00193861
0.180616 4.02498 0.210016 0.183864 4.03357 0.22 0.036089 0.0806135 0.0928223 0.00677475 0.100031 0.00203757
0.180958 4.02555 0.211406 0.183933 4.03457 0.22 0.0145151 0.0956522 0.11224 0.00689274 0.10002 0.0021758
0.181222 4.0264 0.212806 0.184003 4.03557 0.22 0.026281 0.0792101 0.0948525 0.00703818 0.100004 0.00241615
0.181459 4.0272 0.214015 0.184074 4.03657 0.22 0.0217782 0.0958583 0.103678 0.00710643 0.0999951 0.00259517
0.181563 4.02794 0.215397 0.184145 4.03757 0.22 -0.000768413 0.0631739 0.119506 0.00716411 0.0999853 0.00280341
0.181605 4.02867 0.216907 0.184217 4.03857 0.22 0.00316637 0.0774757 0.116684 0.00716539 0.0999808 0.00295854
0.181665 4.02944 0.218342 0.184288 4.03957 0.22 0.0117615 0.0548374 0.124791 0.00708599 0.0999779 0.00323354
0.181769 4.03013 0.219884 0.184358 4.04057 0.22 0.00856657 0.0615932 0.125555 0.00700711 0.0999771 0.00342563
0.181899 4.03084 0.221379 0.184428 4.04157 0.22 0.008166 0.0913423 0.114461 0.00700447 0.099973 0.00354763
0.18201 4.03171 0.222941 0.184499 4.04257 0.22 0.0047471 0.0639666 0.10523 0.00710199 0.0999513 0.00394304
0.182018 4.03218 0.224117 0.18457 4.04357 0.22 -0.00678983 0.0706887 0.10621 0.00717245 0.099947 0.00392561
0.181979 4.03306 0.225489 0.184642 4.04457 0.22 -0.0090141 0.0911263 0.0954386 0.00719083 0.0999478 0.00387157
0.181947 4.03385 0.226783 0.184714 4.04557 0.22 -0.000372632 0.0789948 0.115676 0.00710051 0.0999551 0.00384846
0.181925 4.03496 0.228074 0.184784 4.04657 0.22 -0.00764563 0.151544 0.0836189 0.00700614 0.0999603 0.00388618
0.181862 4.03619 0.229053 0.184854 4.04757 0.22 -0.0061205 0.0873543 0.0699716 0.00696952 0.0999527 0.00414038
0.181735 4.03712 0.230151 0.184924 4.04857 0.22 -0.0154909 0.119699 0.0823449 0.0069886 0.099947 0.00424256
0.181582 4.03851 0.231155 0.185008 4.04977 0.22 -0.0130928 0.135712 0.0604365 0.00706535 0.0999398 0.00428541
0.181512 4.0397 0.231798 0.185079 4.05076 0.22 0.000604242 0.123065 0.0566464 0.00712449 0.0999359 0.00427957
0.181462 4.04097 0.23231 0.18515 4.05176 0.22 -0.00924544 0.129148 0.0425319 0.00709709 0.0999393 0.00424503
0.181424 4.04208 0.232729 0.185221 4.05276 0.22 -0.000106148 0.093054 0.0283958 0.00701481 0.099948 0.00417599
0.181343 4.04333 0.23309 0.18529 4.05376 0.22 -0.0122331 0.129841 0.0281543 0.006916 0.0999575 0.00411185
0.181222 4.04461 0.233359 0.185345 4.05456 0.22 -0.0110578 0.106806 0.0211444 0.00689764 0.0999595 0.00409447
0.181222 4.04461 0.233572 0.185414 4.05556 0.22 0 0 0 0.00692117 0.0999493 0.00429913
0.181222 4.04461 0.169554 0.185484 4.05656 0.22 0 0 0 0.0069598 0.0999523 0.00416639
0.18126 4.04541 0.179996 0.185568 4.05776 0.22 0.0191144 0.39807 0.873652 0.0070416 0.0999389 0.0043452
0.181345 4.04933 0.189761 0.185624 4.05856 0.22 0.0069946 0.406943 0.914419 0.00708461 0.0999397 0.00425556
0.181783 4.0511 0.199241 0.18571 4.05976 0.22 0.0468275 0.0326868 0.492282 0.00711569 0.0998924 0.00520792
0.182105 4.05178 0.204421 0.185767 4.06056 0.22 0.0239394 0.14359 0.331758 0.00718409 0.0998756 0.00543236
0.182366 4.05395 0.207223 0.185854 4.06176 0.22 0.0602309 0.215631 0.217674 0.00730215 0.0998295 0.00608345
0.18274 4.05582 0.209634 0.185913 4.06256 0.22 0.0290721 0.166882 0.252643 0.00736102 0.0998246 0.00609263
0.183036 4.05734 0.21247 0.185987 4.06355 0.22 0.0336339 0.110692 0.225118 0.00743114 0.0998523 0.00552611
0.183212 4.05804 0.214306 0.186062 4.06455 0.22 -0.00553175 0.128797 0.189576 0.00749183 0.0998787 0.00493604
0.183241 4.06028 0.216259 0.186137 4.06555 0.22 0.0282601 0.190351 0.0733244 0.00751321 0.0998928 0.00460867
0.183435 4.06106 0.216693 0.186212 4.06655 0.22 0.0342868 0.0446654 0.0294529 0.00744873 0.0998989 0.00458073
0.183686 4.06168 0.216697 0.186285 4.06755 0.22 0.0198398 0.106026 -0.0143552 0.00729102 0.0999068 0.00466024
0.183666 4.06282 0.216931 0.186357 4.06855 0.22 -0.010613 0.0638375 0.0904247 0.00713912 0.0999244 0.00451596
0.183539 4.0637 0.217764 0.186428 4.06955 0.22 -0.0228283 0.179765 0.0826983 0.00717221 0.0999333 0.0042596
0.18348 4.06524 0.218429 0.1865 4.07055 0.22 0.00841315 0.0732382 0.027913 0.0072362 0.0999384 0.0040265
0.183672 4.06564 0.218664 0.186574 4.07155 0.22 0.0276069 0.0752644 0.00369423 0.0073323 0.099947 0.00361774
0.183948 4.06619 0.218616 0.186647 4.07255 0.22 0.0303112 0.0135549 0.0063471 0.00737522 0.099954 0.00332472
0.184229 4.06658 0.218714 0.186736 4.07375 0.22 0.019196 0.0555208 0.015788 0.00735714 0.0999632 0.00308021
0.184299 4.067 0.21908 0.186809 4.07475 0.22 0.0063268 0.0140576 0.048614 0.00733108 0.0999711 0.00287713
0.184307 4.06755 0.219943 0.186868 4.07555 0.22 0.00448489 0.0569154 0.0721205 0.00731154 0.0999783 0.00266941
0.184356 4.06811 0.220994 0.18694 4.07655 0.22 0.012642 0.0681596 0.114165 0.00729609 0.0999757 0.00280702
0.18448 4.06906 0.22293 0.187028 4.07775 0.22 0.00353066 0.0676825 0.126858 0.00725655 0.0999871 0.00248455
0.184548 4.07008 0.224338 0.187085 4.07854 0.22 0.00569546 0.122376 0.118369 0.00711452 0.0999971 0.00249414
0.184517 4.07105 0.225707 0.18717 4.07975 0.22 -0.00350648 0.0895331 0.114497 0.00698663 0.100008 0.00239986
0.184528 4.07209 0.226708 0.187238 4.08075 0.22 -0.00101171 0.120126 0.0559022 0.00680975 0.100024 0.00225885
0.184323 4.07386 0.227235 0.187304 4.08175 0.22 -0.0349341 0.227865 0.0426052 0.00662756 0.100038 0.00215622
0.183794 4.0756 0.227744 0.187369 4.08275 0.22 -0.0477304 0.143193 0.0427294 0.00637746 0.100052 0.00226779
0.183427 4.07742 0.227938 0.187431 4.08375 0.22 -0.0240764 0.208591 0.0317518 0.00625543 0.100057 0.00241027
0.183165 4.0795 0.22818 0.187493 4.08475 0.22 -0.0242482 0.200199 0.0415034 0.00613062 0.100058 0.00264387
0.182894 4.0811 0.228559 0.187554 4.08575 0.22 -0.0232859 0.155916 0.0399161 0.00608148 0.100073 0.00213934
0.182618 4.08293 0.229006 0.187615 4.08675 0.22 -0.0278751 0.207077 0.0383248 0.00618702 0.100065 0.00220799
0.182468 4.08449 0.229478 0.187678 4.08775 0.22 -0.0187538 0.140582 0.0354202 0.00632344 0.100056 0.0022547
0.182348 4.08627 0.229684 0.187743 4.08875 0.22 -0.0140729 0.187008 0.0348182 0.00652724 0.100042 0.0022947
0.182336 4.08806 0.229809 0.187809 4.08975 0.22 0.0036281 0.1298 0.0246092 0.00662916 0.100029 0.00255107
0.182341 4.08943 0.22991 0.187876 4.09075 0.22 0.00932818 0.145092 0.0233764 0.00670375 0.10002 0.00271981
0.18225 4.09092 0.230141 0.187943 4.09175 0.22 -0.0112384 0.14723 0.020372 0.00675758 0.100012 0.0028598
0.18225 4.09092 0.230356 0.188012 4.09275 0.22 0 0 0 0.00688152 0.0999994 0.00300196
0.18225 4.09092 0.167372 0.188082 4.09375 0.22 0 0 0 0.00701515 0.099978 0.00338124
0.182273 4.09113 0.175484 0.188154 4.09475 0.22 0.0114993 0.103137 0.670134 0.00720752 0.0999437 0.00394423
0.182566 4.09201 0.185343 0.188228 4.09575 0.22 0.0233436 0.0801537 0.757543 0.00754861 0.099887 0.00467397
0.183111 4.09336 0.191665 0.188305 4.09675 0.22 0.0713273 0.150183 0.237033 0.00777971 0.0998506 0.00505782
0.183133 4.09342 0.192546 0.18837 4.09755 0.22 -0.00268061 0.0453283 0.0652613 0.00810967 0.0998101 0.00533157
0.18302 4.0947 0.193462 0.188469 4.09874 0.22 -0.021041 0.119464 0.0856205 0.00833783 0.0997967 0.00522955
0.182887 4.09515 0.194458 0.188555 4.09974 0.22 -0.00709573 0.0141692 0.0626597 0.00857174 0.0997527 0.00567226
0.182763 4.09527 0.195108 0.188641 4.10074 0.22 -0.0134909 0.0564719 0.0393675 0.00861895 0.0997505 0.00563987
0.182614 4.09578 0.195934 0.188726 4.10174 0.22 -0.00656229 0.0301509 0.073868 0.008532 0.0997519 0.00574527
0.182516 4.09595 0.19707 0.188811 4.10273 0.22 -0.00962036 0.0190589 0.0933501 0.00838619 0.0997511 0.00597071
0.1824 4.09657 0.19839 0.188894 4.10373 0.22 -0.00689878 0.0694322 0.0988029 0.00827706 0.0997468 0.00618951
0.18235 4.09686 0.199679 0.188976 4.10473 0.22 0.00353023 -0.00415516 0.101868 0.0082049 0.0997322 0.00651231
0.182396 4.09705 0.201888 0.189058 4.10573 0.22 0.00567612 0.0557815 0.151375 0.00817626 0.0997173 0.00677187
0.182567 4.09757 0.203509 0.189139 4.10672 0.22 0.0171221 0.0532108 0.0985135 0.0081529 0.0996943 0.00712953
0.182741 4.09785 0.205082 0.189221 4.10772 0.22 0.0109329 0.0240869 0.133948 0.00812397 0.0996783 0.00738186
0.182929 4.09811 0.206894 0.189301 4.10872 0.22 0.0119777 0.0372038 0.132006 0.00808729 0.0996635 0.00761752
0.183062 4.09865 0.208675 0.189382 4.10971 0.22 0.0172217 0.0516851 0.136328 0.00803305 0.099655 0.00778495
0.183145 4.09893 0.210417 0.189461 4.11071 0.22 -0.000121594 0.0124435 0.137285 0.00792153 0.0996432 0.00804501
0.183142 4.09918 0.212483 0.18954 4.11171 0.22 -0.00403427 0.0423407 0.168958 0.00782456 0.0996438 0.00813299
0.183146 4.09981 0.214458 0.189618 4.1127 0.22 -0.000612633 0.0718368 0.159596 0.00778332 0.0996345 0.00828424
0.183161 4.1007 0.216388 0.189695 4.1137 0.22 0.00030116 0.0621069 0.162418 0.00779183 0.0995998 0.00868462
0.183187 4.1014 0.218614 0.189773 4.11469 0.22 0.00658712 0.0949151 0.183486 0.00779842 0.0995765 0.00894227
0.183229 4.10251 0.220817 0.189851 4.11569 0.22 0.00250072 0.0989121 0.159829 0.00778079 0.0995627 0.00910894
0.183304 4.10349 0.222817 0.189929 4.11668 0.22 0.0102554 0.0904919 0.15924 0.00774403 0.0994919 0.00988186
0.183336 4.10439 0.224359 0.190006 4.11768 0.22 0.00253547 0.111918 0.109605 0.00768759 0.0994857 0.00998729
0.183412 4.10561 0.22572 0.190082 4.11867 0.22 0.00522707 0.134981 0.121201 0.00765036 0.0994579 0.010288
0.183443 4.10696 0.227045 0.190159 4.11967 0.22 0.00968948 0.100815 0.0947445 0.0076175 0.0994482 0.010406
0.183496 4.10817 0.22819 0.190234 4.12066 0.22 0.0048403 0.127247 0.0951207 0.00756456 0.0994288 0.0106277
0.183495 4.10965 0.229235 0.19031 4.12166 0.22 -0.00383045 0.150548 0.0814043 0.00752676 0.0994155 0.0107773
0.183549 4.11098 0.229976 0.190385 4.12265 0.22 0.00836963 0.126876 0.0536286 0.00748733 0.0994005 0.0109422
0.183616 4.11259 0.230602 0.190459 4.12364 0.22 0.00914113 0.173356 0.0602524 0.00744756 0.0993756 0.0111926
0.183731 4.11404 0.231107 0.190533 4.12464 0.22 0.0133971 0.108761 0.0621753 0.00742472 0.0993613 0.0113338
0.183814 4.11565 0.231487 0.190607 4.12563 0.22 0.00813617 0.176831 0.0309898 0.00739239 0.0993451 0.0114962
0.183906 4.11734 0.231689 0.190681 4.12663 0.22 0.0133034 0.143378 0.0302692 0.00736052 0.0993372 0.0115841
0.184011 4.11875 0.231842 0.190755 4.12762 0.22 0.0092647 0.149659 0.0305337 0.00734286 0.0993236 0.0117109
0.184137 4.12038 0.231937 0.190828 4.12861 0.22 0.0160066 0.156073 0.0139695 0.00733564 0.0993143 0.0117948
0.184137 4.12038 0.159831 0.190901 4.1296 0.22 0 0 0 0.00733837 0.0993065 0.0118584
0.184137 4.12038 0.16818 0.190975 4.1306 0.22 0 0 0 0.00736092 0.0992982 0.0119138
0.184154 4.12187 0.179572 0.191049 4.13159 0.22 0.0013074 0.416965 0.98619 0.00744102 0.0992899 0.0119326
0.184165 4.12584 0.191808 0.191124 4.13258 0.22 -0.00253897 0.293356 0.918116 0.00750276 0.0992862 0.0119248
0.184276 4.12816 0.202554 0.191199 4.13358 0.22 0.0320869 0.143869 0.776559 0.00755977 0.0992745 0.011986
0.184377 4.12757 0.210205 0.191276 4.13457 0.22 -0.01991 -0.159146 0.425613 0.00765564 0.0992651 0.0120037
0.184662 4.12672 0.214928 0.191353 4.13556 0.22 0.0416285 0.0939093 0.329892 0.00767931 0.0992634 0.0120024
0.184465 4.12892 0.217879 0.191431 4.13655 0.22 -0.0385345 0.255376 0.258237 0.00783995 0.0992002 0.0124139
0.184356 4.13016 0.219212 0.19151 4.13755 0.22 0.0105212 0.0335953 0.0729178 0.00790812 0.0991986 0.0123838
0.184075 4.13001 0.219366 0.19159 4.13854 0.22 -0.0293363 0.0657901 0.026685 0.00800686 0.0992292 0.012071
0.183862 4.13246 0.218997 0.19167 4.13953 0.22 -0.00510101 0.298744 0.00623397 0.00798206 0.0993239 0.0112824
0.184101 4.13394 0.218896 0.191749 4.14053 0.22 0.043643 0.0410234 0.0486351 0.00795615 0.099418 0.0104409
0.184594 4.13586 0.219728 0.191829 4.14152 0.22 0.0474114 0.33682 0.114134 0.00796236 0.0994929 0.00969635
0.18506 4.13894 0.220363 0.191908 4.14251 0.22 0.0302653 0.229137 0.097956 0.00796473 0.0995011 0.00960932
0.185261 4.1409 0.221257 0.191988 4.14351 0.22 0.0188211 0.208511 0.0938402 0.00801518 0.0994499 0.0100854
0.185393 4.14308 0.221863 0.192069 4.1445 0.22 0.00189765 0.173142 0.0365545 0.0080906 0.0995013 0.00950211
0.185433 4.14397 0.221925 0.192151 4.1455 0.22 -0.0140048 0.0721023 -0.00325419 0.0081858 0.0994519 0.00992823
0.185179 4.14527 0.221632 0.192234 4.14649 0.22 -0.0364878 0.101248 0.010401 0.00831425 0.0994154 0.0101836
0.184919 4.14552 0.221945 0.192318 4.14749 0.22 -0.0354767 -0.000774034 0.0448788 0.00841059 0.0994303 0.00995619
0.184713 4.14583 0.222154 0.192402 4.14848 0.22 -0.010475 0.0671901 0.0181206 0.00846964 0.0994951 0.00923217
0.184658 4.1467 0.222422 0.192487 4.14948 0.22 -0.00343066 0.0758981 0.0536102 0.00846904 0.0995336 0.0088086
0.184677 4.14755 0.223345 0.192571 4.15047 0.22 0.00932421 0.114306 0.116718 0.00842677 0.0995598 0.0085491
0.184773 4.14857 0.224504 0.192655 4.15147 0.22 0.00348577 0.0632243 0.0668066 0.00836565 0.0995582 0.00862716
0.185013 4.14976 0.225107 0.192739 4.15246 0.22 0.0321846 0.135758 0.0411389 0.00841583 0.0995323 0.00887344
0.185142 4.1509 0.225205 0.192824 4.15346 0.22 0.0192104 0.0455342 0.0352853 0.00854504 0.0994891 0.00922804
0.185192 4.15116 0.225201 0.192911 4.15445 0.22 0.0149808 0.0763619 0.0208337 0.0086586 0.0994648 0.00938268
0.185356 4.15218 0.225369 0.192998 4.15545 0.22 0.019597 0.0889164 0.0293891 0.0087245 0.0994645 0.00932412
0.185709 4.15277 0.225882 0.193085 4.15644 0.22 0.0345779 0.0288266 0.0248153 0.00866638 0.0994779 0.00923586
0.186093 4.15353 0.226028 0.19317 4.15744 0.22 0.0363116 0.108327 0.015607 0.00855889 0.0994911 0.00919323
0.186337 4.15489 0.226028 0.193255 4.15843 0.22 0.0247556 0.119299 0.0185567 0.00848273 0.0994984 0.00918524
0.186574 4.15598 0.225981 0.19334 4.15943 0.22 0.0196002 0.0868214 0.0136275 0.00849741 0.099487 0.00929374
0.186692 4.15751 0.226033 0.193426 4.16042 0.22 0.013845 0.157953 0.0121415 0.00858635 0.0994838 0.00924598
0.186794 4.15882 0.226269 0.193513 4.16142 0.22 0.00571774 0.101584 0.0253021 0.00872753 0.0994509 0.00946602
0.186952 4.16027 0.226617 0.193601 4.16241 0.22 0.0159388 0.153015 0.0437041 0.00879201 0.0993784 0.0101433
0.187106 4.16174 0.226786 0.193688 4.16341 0.22 0.00668808 0.132376 0.0231202 0.00871918 0.0993743 0.0102456
0.187202 4.16312 0.227054 0.193775 4.1644 0.22 -0.00567775 0.181409 0.0363447 0.00863854 0.0993748 0.0103094
0.187276 4.16434 0.227329 0.19386 4.16539 0.22 0 0 0 0.00853494 0.0993756 0.0103868
0.187276 4.16434 0.16212 0.193945 4.16639 0.22 0 0 0 0.00844478 0.0993674 0.0105384
0.187276 4.16434 0.170179 0.194029 4.16738 0.22 0 0 0 0.00841134 0.0993678 0.0105611
0.187381 4.16441 0.180677 0.194113 4.16837 0.22 0.0278192 0.0550984 0.89094 0.00841732 0.0993552 0.0106742
0.187678 4.16566 0.192552 0.194197 4.16937 0.22 0.026586 0.191214 0.86942 0.00845002 0.0993487 0.0107088
0.188154 4.16707 0.200843 0.194282 4.17036 0.22 0.056358 0.121958 0.430615 0.00849706 0.0993427 0.0107277
0.188781 4.16817 0.206561 0.194368 4.17135 0.22 0.0517562 0.201501 0.466403 0.00856908 0.0993289 0.0107976
0.189083 4.16979 0.211908 0.194454 4.17235 0.22 0.0382077 0.0278611 0.359065 0.00866696 0.0990656 0.0129285
0.189347 4.16948 0.216104 0.19454 4.17334 0.22 0.0160149 -0.08066 0.292825 0.00860638 0.099128 0.0124832
0.189505 4.16842 0.217924 0.194626 4.17433 0.22 0.00620301 -0.0543749 0.0617389 0.00858279 0.0992406 0.0115711
0.189554 4.16855 0.21898 0.194712 4.17532 0.22 0.0294468 -0.0228912 0.0504408 0.0085756 0.0993481 0.0106141
0.189919 4.16911 0.218728 0.194798 4.17632 0.22 0.0253415 0.0522792 -0.0539585 0.00867261 0.0993715 0.0103118
0.189918 4.16997 0.218686 0.194886 4.17731 0.22 0.00223462 0.118895 0.0716613 0.00878796 0.0993329 0.0105827
0.190136 4.17107 0.218752 0.194975 4.1783 0.22 0.01744 0.130093 -0.0133661 0.00891485 0.0992423 0.0113026
0.190255 4.17296 0.217964 0.195065 4.17929 0.22 0.0156979 0.203645 -0.0661538 0.00896856 0.0991905 0.0117072
0.190369 4.17444 0.217055 0.195155 4.18029 0.22 0.00349692 0.138842 -0.03664 0.00903344 0.0991485 0.0120091
0.1904 4.17585 0.216501 0.195245 4.18128 0.22 -0.00224002 0.146502 -0.0243111 0.00904736 0.0991251 0.0121907
0.190341 4.17714 0.21618 0.195335 4.18227 0.22 -0.00516975 0.134598 -0.00850234 0.00898404 0.0991357 0.012151
0.190244 4.17844 0.216256 0.195424 4.18326 0.22 -0.00969302 0.117944 0.0219209 0.00884252 0.0991624 0.0120364
0.190204 4.1797 0.216715 0.195511 4.18425 0.22 -0.00375268 0.112173 0.050152 0.00863863 0.0991985 0.0118866
0.190157 4.18096 0.217508 0.195596 4.18524 0.22 -0.0056983 0.155217 0.0788209 0.0085275 0.0992107 0.0118647
0.190058 4.18242 0.218593 0.195681 4.18624 0.22 -0.00296133 0.182085 0.109214 0.00846514 0.0992118 0.0118999
0.190052 4.1838 0.219813 0.195765 4.18723 0.22 -0.00303097 0.122402 0.113698 0.00837545 0.0991985 0.0120729
0.190113 4.18494 0.22115 0.195848 4.18822 0.22 0.00640149 0.100358 0.114847 0.00832875 0.0991819 0.0122403
0.190132 4.18612 0.222451 0.195931 4.18921 0.22 0.00221102 0.106657 0.10902 0.00830861 0.0991681 0.0123656
0.190135 4.1872 0.223647 0.196014 4.1902 0.22 0.00397709 0.117566 0.100389 0.00830573 0.0991099 0.0128251
0.190128 4.18816 0.224765 0.196098 4.19119 0.22 0.00498869 0.0940419 0.0988356 0.00832809 0.0991215 0.0127211
0.190154 4.18908 0.226012 0.196181 4.19219 0.22 0.00523608 0.0874964 0.110256 0.00830054 0.0991448 0.0125559
0.190201 4.1902 0.227107 0.196263 4.19318 0.22 -0.000515616 0.113817 0.104155 0.00822979 0.0991715 0.0123913
0.190219 4.19125 0.228289 0.196345 4.19417 0.22 0.00378079 0.0960986 0.101738 0.0081129 0.0991878 0.0123376
0.190237 4.19251 0.229363 0.196425 4.19516 0.22 0.00659783 0.113478 0.0974816 0.00807085 0.0991928 0.0123248
0.190262 4.19358 0.230426 0.196506 4.19615 0.22 0.010456 0.126937 0.0852595 0.00813017 0.0991816 0.0123755
0.190262 4.19478 0.231279 0.196589 4.19714 0.22 -0.00183041 0.0969437 0.0818977 0.0082766 0.0991414 0.0125991
0.190307 4.19591 0.232152 0.196671 4.19813 0.22 0.0137455 0.119326 0.0743226 0.00825676 0.0990655 0.0131951
0.190463 4.1971 0.232802 0.196754 4.19913 0.22 0.0203451 0.126605 0.0513941 0.00825037 0.0990683 0.013178
0.190616 4.1982 0.23335 0.196836 4.20012 0.22 0.0130921 0.111528 0.0596314 0.00815963 0.0990929 0.0130488
0.190662 4.19943 0.233881 0.196917 4.20111 0.22 0.00794118 0.124679 0.0465137 0.00808677 0.0991098 0.0129652
0.190693 4.20034 0.234203 0.196997 4.2021 0.22 0 0 0 0.00801673 0.099127 0.0128771
0.190693 4.20034 0.158397 0.197077 4.20309 0.22 0 0 0 0.00795813 0.09914 0.0128135
0.190693 4.20034 0.166593 0.197156 4.20408 0.22 0 0 0 0.00792056 0.0992019 0.0123487
0.190667 4.20172 0.17782 0.197235 4.20507 0.22 0.00285588 0.369429 1.00028 0.00790628 0.0992272 0.0121534
0.190565 4.20524 0.190019 0.197314 4.20607 0.22 0.00440593 0.286676 0.894526 0.00785879 0.0992368 0.0121053
0.190795 4.20719 0.200557 0.197392 4.20706 0.22 0.0437252 0.100246 0.769325 0.0077994 0.099223 0.0122565
0.190988 4.20809 0.208093 0.19747 4.20805 0.22 -0.00756198 0.0706559 0.50165 0.00776676 0.0992147 0.0123435
0.191031 4.20873 0.212296 0.197532 4.20884 0.22 -0.00306939 0.00705687 0.174118 0.00776682 0.0992321 0.0122028
0.190854 4.21105 0.213829 0.197609 4.20984 0.22 0.00599808 0.389514 0.169551 0.00775619 0.0993505 0.0112057
0.190709 4.21321 0.214664 0.197703 4.21103 0.22 -0.0183169 0.0814612 0.113859 0.00777143 0.0993947 0.0107957
0.190679 4.21412 0.214843 0.197781 4.21202 0.22 0.0018952 0.174591 0.0119536 0.00788666 0.0994063 0.010604
0.190794 4.21616 0.214844 0.197862 4.21302 0.22 0.0173268 0.18359 0.0629112 0.00813644 0.0993716 0.0107394
0.190975 4.21706 0.215739 0.197946 4.21401 0.22 0.00550999 0.0599438 0.0779726 0.00846292 0.0993329 0.0108448
0.191096 4.21846 0.216153 0.198033 4.215 0.22 0.0166791 0.192089 0.0408276 0.0088463 0.0993058 0.0107866
0.191317 4.21987 0.216632 0.198123 4.216 0.22 0.0279309 0.0785078 0.0805439 0.00902026 0.0993153 0.0105522
0.191568 4.2206 0.217608 0.198196 4.21679 0.22 0.0198694 0.109245 0.0994582 0.00917051 0.0993486 0.0101001
0.19183 4.22175 0.218378 0.198288 4.21779 0.22 0.0148034 0.107348 0.0661699 0.00923674 0.0993812 0.00971108
0.192066 4.22225 0.218993 0.198381 4.21878 0.22 0.0245472 0.0800248 0.0556517 0.00926265 0.0993973 0.00951974
0.192258 4.22304 0.219614 0.198473 4.21977 0.22 0.0127192 0.0758019 0.0679649 0.009222 0.0994206 0.00931362
0.19247 4.22378 0.220425 0.198565 4.22077 0.22 0.0233521 0.0551388 0.071372 0.00912774 0.0994423 0.00917374
0.192718 4.22454 0.221361 0.198656 4.22176 0.22 0.029535 0.0780101 0.081242 0.00905017 0.0994558 0.00910449
0.193016 4.22529 0.222396 0.198745 4.22276 0.22 0.0275928 0.0556408 0.083659 0.00892747 0.0994794 0.00896682
0.193305 4.22606 0.223575 0.198834 4.22375 0.22 0.0533484 0.0694808 0.113438 0.00883197 0.0995024 0.0088046
0.193634 4.22684 0.224888 0.198921 4.22475 0.22 0.0294424 0.112775 0.0967373 0.00874289 0.0995303 0.0085165
0.1939 4.22789 0.226354 0.199025 4.22594 0.22 0.0213286 0.0671142 0.110977 0.00865682 0.0995608 0.00830396
0.194027 4.22868 0.227623 0.199112 4.22694 0.22 0.0133148 0.0932811 0.10936 0.00862495 0.0995733 0.00818628
0.19421 4.22967 0.228719 0.199198 4.22793 0.22 0.0124025 0.0727142 0.09182 0.00865271 0.0995865 0.00799493
0.194455 4.23058 0.229813 0.199285 4.22893 0.22 0.0286072 0.100381 0.0874409 0.00870976 0.0995613 0.00824289
0.194751 4.23162 0.230689 0.199372 4.22993 0.22 0.0328453 0.077186 0.0741013 0.00871981 0.0995583 0.00826752
0.195031 4.23268 0.231738 0.199459 4.23092 0.22 0.0307125 0.122063 0.0845481 0.00869328 0.0995577 0.00830281
0.19524 4.2337 0.232491 0.199546 4.23192 0.22 0.0134858 0.0786917 0.0637037 0.00865604 0.0995584 0.00833384
0.195348 4.23455 0.233126 0.199615 4.23271 0.22 0.0187202 0.0914276 0.0590452 0.00865256 0.0995592 0.00832725
0.195465 4.23555 0.233696 0.199719 4.23391 0.22 0.00451303 0.0879702 0.0583329 0.00870323 0.0995559 0.00831411
0.195582 4.23647 0.234125 0.199807 4.2349 0.22 0.0122059 0.110646 0.0449688 0.00882006 0.099542 0.00835723
0.19569 4.23752 0.234582 0.199895 4.2359 0.22 0.00812443 0.0834432 0.0551084 0.00886895 0.0995346 0.00839372
0.195734 4.23844 0.234849 0.199984 4.23689 0.22 0.0114924 0.0878376 0.0311792 0.00888859 0.0995304 0.0084222
0.195769 4.23941 0.235087 0.200074 4.23789 0.22 -0.00064681 0.0954783 0.0217163 0.00892151 0.0995416 0.00825375
0.195831 4.24013 0.235125 0.200163 4.23889 0.22 0 0 0 0.00894841 0.0995352 0.00830238
0.195831 4.24013 0.164739 0.200235 4.23988 0.22 0 0 0 0.00896011 0.0995304 0.00834688
0.195831 4.24013 0.171139 0.200324 4.24068 0.22 0 0 0 0.0089613 0.0995258 0.00839951
0.195868 4.24012 0.181097 0.200414 4.24167 0.22 0.0238593 0.0178103 0.803166 0.00895808 0.0995194 0.00847942
0.196188 4.24128 0.194817 0.200503 4.24267 0.22 0.0229668 0.16525 0.846749 0.00893832 0.0995223 0.00846514
0.196497 4.24305 0.205401 0.20061 4.24386 0.22 0.0261796 0.152846 0.773341 0.00893144 0.0995237 0.00845681
0.196723 4.24403 0.214946 0.2007 4.24486 0.22 0.0113906 0.182647 0.63572 0.00894586 0.0995302 0.00836395
0.196838 4.24561 0.22248 0.200772 4.24565 0.22 0.0128375 0.107174 0.479719 0.00896392 0.0995361 0.00827384
0.196968 4.24551 0.225231 0.200861 4.24665 0.22 0.0125185 0.01334 0.128266 0.00898501 0.0995694 0.00783947
0.197065 4.24677 0.225985 0.200952 4.24764 0.22 -0.0356308 0.109658 -0.0182233 0.00903941 0.0995701 0.00776734
0.196822 4.24847 0.225783 0.20106 4.24884 0.22 0.0149631 0.240253 0.03262 0.00898699 0.0995485 0.00809865
0.196907 4.25087 0.225549 0.201131 4.24963 0.22 -0.00354654 0.199521 -0.0272559 0.00896714 0.0994785 0.00893742
0.196999 4.25217 0.225042 0.201221 4.25063 0.22 0.0143669 0.111841 -0.0339849 0.00895584 0.099384 0.00994299
0.197093 4.2542 0.224888 0.201328 4.25182 0.22 0.0108993 0.237435 0.0184232 0.00895766 0.0993334 0.0104345
0.197056 4.25578 0.2254 0.2014 4.25262 0.22 -0.0044296 0.238566 -0.0025965 0.00894554 0.09936 0.0101891
0.196915 4.25746 0.224835 0.201489 4.25361 0.22 -0.0109079 0.0998256 -0.0496686 0.00892037 0.0993011 0.0107692
0.196813 4.25837 0.223619 0.201578 4.2546 0.22 -0.00397457 0.130262 -0.0649154 0.00887954 0.0992679 0.0111034
0.196749 4.25952 0.222993 0.201667 4.25559 0.22 -0.00922136 0.0594592 -0.0276728 0.00885062 0.0992575 0.0112191
0.196687 4.25978 0.222725 0.201755 4.25659 0.22 -0.00595511 0.0252817 -0.0303717 0.00882994 0.0992388 0.0113994
0.196595 4.2604 0.222527 0.201843 4.25758 0.22 -0.00699486 0.0636437 0.0123357 0.00883751 0.0992246 0.0115168
0.196539 4.26075 0.222836 0.201949 4.25877 0.22 -0.00972623 0.0220865 0.0260395 0.00881418 0.0992124 0.0116387
0.1965 4.26112 0.223342 0.20202 4.25976 0.22 -0.00311148 0.0535574 0.0504795 0.00876446 0.0992081 0.0117124
0.196454 4.2614 0.224079 0.202124 4.26075 0.22 -0.000919115 -0.00058497 0.0604202 0.00864299 0.0992149 0.0117449
0.196436 4.26143 0.224897 0.20221 4.26175 0.22 -0.00237525 0.016092 0.0614556 0.00858351 0.0992223 0.0117262
0.196338 4.26171 0.225704 0.202295 4.26274 0.22 -0.0157845 0.0256389 0.0731346 0.00858967 0.0992313 0.0116453
0.196237 4.2617 0.226717 0.202382 4.26373 0.22 -0.00835657 0.00381925 0.0796067 0.00862882 0.0992359 0.0115771
0.196161 4.2619 0.22774 0.202468 4.26472 0.22 -0.00495251 0.0322982 0.0892544 0.00865789 0.0991765 0.0120543
0.196166 4.26243 0.22873 0.202554 4.26571 0.22 0.00218816 0.0525507 0.0893487 0.00858501 0.0990987 0.0127274
0.196203 4.26284 0.229697 0.202639 4.2667 0.22 0.00668443 0.045924 0.0879064 0.00849323 0.0991084 0.0127138
0.196236 4.26346 0.230624 0.202724 4.2677 0.22 0.0038962 0.0593664 0.0737175 0.00843413 0.0991141 0.0127089
0.196231 4.26405 0.231332 0.202809 4.26869 0.22 0.00275077 0.0611534 0.053895 0.00849404 0.0990297 0.0133127
0.196204 4.26485 0.232011 0.202895 4.26968 0.22 -0.00811795 0.0716578 0.0568533 0.00864918 0.099024 0.0132545
0.19618 4.26572 0.232602 0.202982 4.27067 0.22 -0.000592079 0.0963794 0.0601567 0.00877349 0.0990219 0.0131886
0.196266 4.26654 0.233156 0.20307 4.27166 0.22 0.00661255 0.0649157 0.0593217 0.00874045 0.0989184 0.0139641
0.196389 4.2674 0.233737 0.203157 4.27265 0.22 0.00612017 0.0866104 0.0607746 0.00864257 0.0989325 0.0139256
0.196491 4.26851 0.23424 0.203243 4.27363 0.22 0.0129425 0.0903711 0.0429186 0.00855885 0.0989399 0.0139247
0.196611 4.26952 0.234561 0.203327 4.27462 0.22 0.00744441 0.0810986 0.0338913 0.00846515 0.0989453 0.0139437
0.196674 4.27037 0.234825 0.203411 4.27561 0.22 0 0 0 0.00839637 0.0989486 0.0139619
0.196674 4.27037 0.164816 0.203495 4.2766 0.22 0 0 0 0.00836635 0.0989734 0.0138029
0.196674 4.27037 0.172339 0.203578 4.27759 0.22 0 0 0 0.00833193 0.0989724 0.0138309
0.196889 4.27167 0.180638 0.203661 4.27858 0.22 0.0625048 0.325462 0.727512 0.00835596 0.0990355 0.0133569
0.197608 4.27467 0.189258 0.203744 4.27957 0.22 0.0616135 0.194899 0.646282 0.00826765 0.0990117 0.013586
0.198182 4.27546 0.195975 0.203826 4.28056 0.22 0.0663176 0.0790072 0.449868 0.00806415 0.0990034 0.0137675
0.198869 4.27665 0.199805 0.203904 4.28155 0.22 0.0556128 0.117888 0.219677 0.0077872 0.0990551 0.0135538
0.199102 4.27848 0.201361 0.203979 4.28254 0.22 -0.00315017 0.170186 0.112768 0.00742153 0.0991468 0.0130797
0.198821 4.27971 0.201812 0.204052 4.28354 0.22 -0.0353196 0.0861432 0.0244229 0.00726415 0.099172 0.0129769
0.198328 4.28172 0.20248 0.204124 4.28453 0.22 -0.0519553 0.275851 0.102647 0.00713463 0.0992207 0.0126724
0.198011 4.28369 0.202366 0.204194 4.28552 0.22 -0.0050918 0.11382 -0.010464 0.00703148 0.0992503 0.0124976
0.198146 4.28468 0.202258 0.204264 4.28651 0.22 0.0253736 0.114861 0.0341493 0.00694784 0.0992689 0.0123958
0.198351 4.28631 0.202416 0.204333 4.28751 0.22 0.0190438 0.130853 0.0397016 0.00689109 0.0992972 0.0121995
0.198467 4.28721 0.202608 0.204402 4.2885 0.22 0.00872507 0.10499 0.0492177 0.006878 0.0993129 0.0120785
0.198544 4.28837 0.203386 0.204471 4.28949 0.22 0.0116807 0.1293 0.0869413 0.00698322 0.0993356 0.0118291
0.19867 4.28906 0.204402 0.204542 4.29049 0.22 0.0137803 0.0326496 0.0990619 0.00713294 0.0993546 0.0115771
0.198771 4.28967 0.205526 0.204614 4.29148 0.22 0.0134666 0.0943648 0.118593 0.00727803 0.0993748 0.011311
0.198899 4.29063 0.206973 0.204688 4.29247 0.22 0.01505 0.0904397 0.136682 0.00736985 0.0993944 0.0110765
0.199162 4.29143 0.208547 0.204763 4.29347 0.22 0.0258954 0.0880646 0.133875 0.0074908 0.0994191 0.0107696
0.19937 4.29258 0.210315 0.204838 4.29446 0.22 0.0247645 0.121451 0.162956 0.00753981 0.0994358 0.0105792
0.199637 4.29365 0.212257 0.204913 4.29546 0.22 0.0317 0.117112 0.158452 0.00752949 0.0994514 0.0104387
0.199944 4.29497 0.214085 0.204988 4.29645 0.22 0.0227881 0.155975 0.17017 0.00748585 0.0994621 0.0103688
0.200097 4.29644 0.215895 0.205063 4.29745 0.22 0.00823708 0.116134 0.141283 0.00743683 0.0994607 0.0104167
0.200189 4.29769 0.217776 0.205137 4.29844 0.22 0.00611095 0.139422 0.159595 0.00743049 0.0994758 0.010276
0.200319 4.29925 0.219502 0.205212 4.29944 0.22 0.0231601 0.131805 0.153736 0.00746368 0.0994458 0.0105397
0.200445 4.30057 0.221326 0.205287 4.30043 0.22 0.0202338 0.135574 0.148105 0.0075161 0.0994005 0.0109229
0.200689 4.30171 0.222974 0.205362 4.30142 0.22 0.0315843 0.146981 0.14095 0.00753084 0.0993655 0.0112267
0.20086 4.30294 0.22464 0.205437 4.30242 0.22 0.0130284 0.105431 0.15395 0.00749882 0.0993529 0.0113586
0.200935 4.304 0.226325 0.205511 4.30341 0.22 0.0051053 0.103888 0.137829 0.00743074 0.0993471 0.0114539
0.200955 4.30516 0.227918 0.205585 4.3044 0.22 0.00219754 0.130249 0.119296 0.00738786 0.0993304 0.0116253
0.20108 4.30639 0.228522 0.205659 4.3054 0.22 0.00345963 0.0873567 0.0431648 0.00742278 0.0993062 0.0118078
0.201182 4.30673 0.229019 0.205734 4.30639 0.22 0.00322907 0.0403511 0.0548596 0.00747632 0.0992835 0.0119645
0.201258 4.30757 0.229461 0.205809 4.30738 0.22 0.00360447 0.0941721 0.0565477 0.00752473 0.0992446 0.0122533
0.201255 4.30812 0.229864 0.205884 4.30837 0.22 -0.00241099 0.0588467 0.0404012 0.00749495 0.0992478 0.0122455
0.201204 4.30882 0.230125 0.205959 4.30937 0.22 -0.0192649 0.0694484 0.0209459 0.00739763 0.0992619 0.0121904
0.201063 4.30942 0.230268 0.206032 4.31036 0.22 -0.00663453 0.0433589 0.022906 0.00729801 0.0992744 0.0121482
0.200938 4.31005 0.23031 0.206105 4.31135 0.22 -0.0159963 0.0843963 0.00584 0.0072611 0.0992733 0.0121795
0.200898 4.31061 0.230215 0.206177 4.31235 0.22 0 0 0 0.00726776 0.0992636 0.0122544
0.200898 4.31061 0.165009 0.20625 4.31334 0.22 0 0 0 0.00725617 0.0992134 0.0126607
0.200898 4.31061 0.173586 0.206322 4.31433 0.22 0 0 0 0.00724363 0.099177 0.0129502
0.200817 4.31085 0.184534 0.206394 4.31532 0.22 -0.0130743 0.117293 0.893964 0.00720208 0.0990649 0.0138033
0.200782 4.31239 0.196032 0.206466 4.31631 0.22 0.0086526 0.202846 0.832998 0.00721103 0.099065 0.0137974
0.201085 4.31389 0.205488 0.206539 4.3173 0.22 0.0394907 -0.0954485 0.423379 0.00725672 0.0990659 0.0137675
0.201294 4.31312 0.210157 0.206612 4.31829 0.22 0.0192909 0.118799 0.32405 0.00730983 0.0990912 0.0135551
0.201661 4.31473 0.211979 0.206686 4.31928 0.22 0.0267171 0.0788155 -0.0693797 0.00738776 0.0990817 0.0135828
0.201863 4.31536 0.210745 0.20676 4.32027 0.22 -0.00344538 0.126996 -0.00424373 0.00744885 0.0990741 0.0136047
0.201793 4.31692 0.210693 0.206835 4.32126 0.22 0.00739803 0.133573 -0.00506495 0.00747279 0.0990247 0.0139467
0.202057 4.31792 0.21037 0.206909 4.32225 0.22 0.0478332 0.099142 -0.0180725 0.00735023 0.0989604 0.0144587
0.202628 4.31889 0.210132 0.206981 4.32324 0.22 0.0673536 0.0942775 -0.0100088 0.0072503 0.0988887 0.0149905
0.203229 4.31982 0.209865 0.207053 4.32423 0.22 0.04471 0.112463 0.00926451 0.00719218 0.0988504 0.0152683
0.203581 4.32081 0.210117 0.207125 4.32522 0.22 0.0169248 0.0866287 0.0649421 0.00719917 0.0988205 0.0154573
0.203694 4.32165 0.210801 0.207198 4.32621 0.22 0.0114521 0.091246 0.0775057 0.00725418 0.0987845 0.0156604
0.203787 4.32261 0.21153 0.207271 4.3272 0.22 0.00589301 0.0947745 0.0730747 0.00729735 0.0987372 0.0159363
0.203919 4.32349 0.212379 0.207344 4.32818 0.22 0.0045866 0.109164 0.102244 0.00733458 0.0986873 0.0162259
0.203931 4.32451 0.213535 0.207418 4.32917 0.22 0.0035496 0.101308 0.108839 0.00738743 0.0986268 0.0165662
0.203915 4.32541 0.214842 0.207492 4.33016 0.22 0.00171476 0.0717284 0.120307 0.00741747 0.0985871 0.0167874
0.203913 4.32628 0.216218 0.207566 4.33114 0.22 -0.00649501 0.108956 0.127963 0.00742719 0.0985401 0.0170571
0.203855 4.32713 0.217633 0.20764 4.33213 0.22 -0.00616688 0.0811474 0.116909 0.00741801 0.0985026 0.0172761
0.203809 4.32797 0.218981 0.207714 4.33311 0.22 0.00333051 0.114372 0.125057 0.00739452 0.0984699 0.0174713
0.203807 4.32899 0.220302 0.207788 4.3341 0.22 -0.00424622 0.0794688 0.126032 0.00739119 0.0984537 0.0175636
0.203754 4.32968 0.221748 0.207862 4.33508 0.22 0.000361698 0.0532652 0.117318 0.00740025 0.0983854 0.0179389
0.203714 4.33046 0.223141 0.207936 4.33606 0.22 -0.00282468 0.0789978 0.118848 0.00741614 0.0983205 0.0182847
0.203709 4.33139 0.224469 0.20801 4.33705 0.22 -0.00543874 0.0755087 0.130839 0.00740324 0.0982916 0.0184447
0.203715 4.33233 0.225703 0.208084 4.33803 0.22 0.00339987 0.111665 0.110649 0.00734556 0.0981659 0.0191245
0.203728 4.33349 0.226732 0.208157 4.33901 0.22 0.00179295 0.115315 0.0913332 0.00729667 0.0981521 0.019214
0.203737 4.33459 0.227779 0.20823 4.33999 0.22 -0.00480453 0.113255 0.0915955 0.00728897 0.0981358 0.0193
0.203726 4.33573 0.228641 0.208303 4.34097 0.22 -0.00185662 0.114278 0.0749963 0.00733168 0.0981134 0.0193972
0.203701 4.33696 0.229363 0.208377 4.34195 0.22 0.00231198 0.127928 0.0649328 0.00739496 0.0980964 0.0194593
0.203722 4.33819 0.230031 0.208451 4.34293 0.22 0.00527874 0.154071 0.0814645 0.00741328 0.0980818 0.0195256
0.203754 4.33962 0.230597 0.208525 4.34391 0.22 0.00629657 0.143521 0.0699611 0.00736482 0.0980634 0.019636
0.203836 4.341 0.231151 0.208598 4.34489 0.22 0.00832742 0.148285 0.0586591 0.00729756 0.0980539 0.0197087
0.203923 4.34235 0.231597 0.20867 4.34587 0.22 -0.000863112 0.151309 0.0513799 0.00721877 0.0980246 0.0198825
0.203944 4.34379 0.231968 0.208742 4.34685 0.22 0.0056474 0.149441 0.040828 0.00724688 0.0979856 0.0200637
0.204022 4.34533 0.232157 0.208815 4.34783 0.22 0.0141828 0.148012 0.0395011 0.00730071 0.0979478 0.0202283
0.204095 4.34621 0.232335 0.208888 4.34881 0.22 0 0 0 0.00735041 0.0979104 0.0203906
0.204095 4.34621 0.16216 0.208962 4.34979 0.22 0 0 0 0.00738127 0.0978981 0.0204383
0.204095 4.34621 0.171215 0.209036 4.35077 0.22 0 0 0 0.00741498 0.0978924 0.0204534
0.204024 4.34859 0.182262 0.209111 4.35175 0.22 0.00100065 0.446988 0.866415 0.0074371 0.0978976 0.0204206
0.203902 4.35223 0.191223 0.209185 4.35273 0.22 0.00478355 0.224384 0.635458 0.00744731 0.097912 0.0203476
0.204033 4.35336 0.198908 0.209259 4.35371 0.22 -0.00215082 -0.00269595 0.548011 0.00743397 0.097964 0.020101
0.20385 4.35339 0.204528 0.209332 4.35469 0.22 -0.0221044 0.0335676 0.304589 0.00726286 0.0981652 0.0191599
0.204068 4.35326 0.207486 0.209405 4.35567 0.22 0.042924 0.0498687 0.20569 0.00729084 0.0983601 0.0181216
0.204474 4.35462 0.209114 0.209478 4.35666 0.22 0.0392583 0.209416 0.147209 0.00742207 0.0983361 0.0181984
0.204789 4.35601 0.209702 0.209553 4.35764 0.22 0.0322221 0.0264891 0.0298956 0.00752308 0.0982884 0.0184131
0.205143 4.35695 0.209662 0.20963 4.35862 0.22 0.0353145 0.157327 0.0372006 0.00772536 0.0981881 0.0188591
0.205524 4.35781 0.209915 0.209709 4.3596 0.22 0.0274508 -0.0232871 0.0476866 0.00783868 0.0981922 0.018791
0.20572 4.35779 0.210328 0.209788 4.36059 0.22 0.0256677 0.0499733 0.0921197 0.00790353 0.0982612 0.0183987
0.205959 4.35809 0.211158 0.209867 4.36157 0.22 0.0225456 0.0506412 0.120936 0.00789387 0.0983595 0.0178705
0.206254 4.35851 0.213088 0.209945 4.36255 0.22 0.0282853 -0.0116784 0.137421 0.00781313 0.098527 0.0169601
0.206529 4.35844 0.215235 0.210022 4.36354 0.22 0.0176089 0.0415266 0.214497 0.00772227 0.0986501 0.0162717
0.206635 4.35934 0.218257 0.210099 4.36453 0.22 -0.00851236 0.0696801 0.169371 0.007674 0.098748 0.0156905
0.206544 4.35984 0.21878 0.210176 4.36552 0.22 -0.00209666 0.145823 -0.00739879 0.00769885 0.0988653 0.0149206
0.206578 4.36191 0.21848 0.210253 4.36651 0.22 0.00376459 0.247991 0.0560842 0.00776795 0.0988962 0.0146781
0.206628 4.36376 0.218726 0.210331 4.36749 0.22 0.0155327 0.17373 0.0345542 0.00781788 0.0989078 0.0145734
0.206715 4.36621 0.218705 0.21041 4.36848 0.22 0.00808895 0.280041 0.0704204 0.0078774 0.0989127 0.0145077
0.206728 4.36892 0.219034 0.210489 4.36947 0.22 -0.00488261 0.240651 0.0806863 0.00791306 0.0989255 0.0144009
0.20673 4.37125 0.219495 0.210568 4.37046 0.22 0.0137154 0.223702 0.0732492 0.00794009 0.0989212 0.0144151
0.206887 4.37378 0.220151 0.210648 4.37145 0.22 0.0146169 0.255265 0.111075 0.00796411 0.0989187 0.0144194
0.206949 4.37589 0.221423 0.210728 4.37244 0.22 0.00846444 0.180825 0.149939 0.00801301 0.0989067 0.0144746
0.206958 4.37754 0.223438 0.210809 4.37343 0.22 -0.00869679 0.188387 0.190538 0.00804292 0.0988824 0.0146229
0.206952 4.38032 0.2251 0.210889 4.37442 0.22 -0.0105451 0.361375 0.112324 0.00806262 0.0988276 0.0149784
0.206838 4.38319 0.225985 0.21097 4.37541 0.22 -0.0301555 0.173293 0.106767 0.0080732 0.0987684 0.0153586
0.206513 4.38505 0.226907 0.211051 4.37639 0.22 -0.00506913 0.244204 0.0779162 0.0080926 0.0987572 0.0154197
0.206449 4.38717 0.227521 0.211132 4.37738 0.22 0.000233106 0.152086 0.0669245 0.00817072 0.0987601 0.0153598
0.206503 4.3885 0.227904 0.211214 4.37837 0.22 0.0140633 0.129636 0.0297049 0.00819047 0.098771 0.0152793
0.206718 4.3898 0.228143 0.211295 4.37936 0.22 0.0248128 0.128274 0.0601508 0.00811325 0.0988001 0.0151317
0.207048 4.39114 0.22849 0.211375 4.38034 0.22 0.0419191 0.118681 0.0364918 0.00793592 0.0988395 0.0149672
0.20739 4.39226 0.228687 0.211453 4.38133 0.22 0.0255847 0.0998111 0.0378651 0.00776697 0.0988691 0.0148599
0.207597 4.39337 0.228761 0.21153 4.38232 0.22 0.0224868 0.117326 0.0114906 0.0076914 0.099021 0.0138542
0.20778 4.39456 0.228832 0.211607 4.38331 0.22 0.0246904 0.10678 0.0231258 0.00767833 0.09902 0.0138686
0.207908 4.3954 0.229005 0.211683 4.3843 0.22 0.0108926 0.0725064 0.00753874 0.00765297 0.0990201 0.0138819
0.207939 4.39581 0.228969 0.21176 4.38529 0.22 0 0 0 0.00764998 0.0990174 0.0139029
0.207939 4.39581 0.164112 0.211837 4.38628 0.22 0 0 0 0.00769656 0.099015 0.0138939
0.207939 4.39581 0.173051 0.211914 4.38727 0.22 0 0 0 0.00776113 0.09907 0.013459
0.208039 4.39572 0.184954 0.211993 4.38826 0.22 0.00975375 0.0396531 0.935471 0.00783844 0.0990559 0.013518
0.208266 4.39831 0.19485 0.212072 4.38925 0.22 0.00908933 0.381203 0.633947 0.0079247 0.0990288 0.0136654
0.208499 4.40062 0.202327 0.212151 4.39025 0.22 0.0154353 0.0903744 0.55109 0.00798472 0.0990471 0.0134965
0.20879 4.40153 0.209329 0.212231 4.39124 0.22 0.0282103 0.016799 0.589486 0.00799693 0.0991678 0.0125715
0.209061 4.40066 0.214787 0.212311 4.39223 0.22 0.0206065 -0.164525 0.18196 0.0080029 0.0992688 0.0117435
0.209379 4.40094 0.217353 0.212391 4.39322 0.22 0.0344113 0.309819 0.247301 0.00802478 0.0993923 0.0106314
0.209665 4.40235 0.217785 0.212472 4.39422 0.22 0.0200769 -0.0308739 -0.0559287 0.0080228 0.0993709 0.0108312
0.209968 4.40283 0.21754 0.212552 4.39521 0.22 0.0448866 0.259003 0.0376298 0.00797691 0.099295 0.0115379
0.210451 4.4053 0.217033 0.212648 4.3964 0.22 0.0311367 0.068182 -0.0645154 0.00805988 0.0991021 0.0130407
0.210805 4.40586 0.215904 0.21273 4.39739 0.22 0.0450168 0.105518 -0.0531045 0.00819979 0.099006 0.0136685
0.210966 4.40712 0.215137 0.212813 4.39838 0.22 0.00729248 0.0931375 -0.0457415 0.00832689 0.0989176 0.0142205
0.210877 4.40723 0.214714 0.212896 4.39937 0.22 -0.0137437 -0.00171548 -0.0206536 0.00836248 0.0989115 0.0142421
0.210646 4.40754 0.214233 0.21298 4.40036 0.22 -0.0305956 0.0630031 -0.0294009 0.0083639 0.0989278 0.0141275
0.210371 4.40785 0.214109 0.213063 4.40135 0.22 -0.0268528 0.0257679 -0.00362011 0.00828437 0.0989658 0.0139067
0.210213 4.40794 0.214386 0.213146 4.40234 0.22 -0.00571615 0.0312894 0.0277236 0.00822111 0.0989767 0.0138666
0.210205 4.40824 0.214998 0.213227 4.40333 0.22 0.0072165 0.0305852 0.0547816 0.00815533 0.0989783 0.0138938
0.210208 4.40844 0.215799 0.213308 4.40432 0.22 -0.000313831 0.00963506 0.0757908 0.00812903 0.098975 0.0139327
0.210209 4.40843 0.216815 0.21339 4.40531 0.22 -0.00756475 0.0175938 0.0822363 0.00811793 0.0989629 0.0140246
0.210207 4.40863 0.217807 0.213471 4.4063 0.22 -0.00146661 0.00958272 0.0846204 0.00809765 0.0988983 0.0144844
0.210149 4.40884 0.218814 0.213551 4.40728 0.22 0.000979148 0.0168751 0.0790266 0.00807318 0.0989062 0.0144444
0.210077 4.40877 0.21992 0.213632 4.40827 0.22 -0.00687031 0.00677003 0.0941607 0.00802705 0.0989395 0.0142404
0.20999 4.4087 0.220999 0.213712 4.40926 0.22 -0.0115106 -0.00141948 0.0830574 0.00802419 0.0989736 0.0140029
0.209942 4.40874 0.221962 0.213792 4.41025 0.22 -0.00287052 0.0199465 0.0765509 0.00807014 0.099007 0.013738
0.209912 4.40904 0.223034 0.213874 4.41124 0.22 -0.00542379 0.0350491 0.0989903 0.00812046 0.099029 0.0135489
0.209904 4.4094 0.224139 0.213955 4.41223 0.22 -0.00187454 0.0387364 0.0949243 0.00815618 0.0990549 0.0133361
0.209911 4.40993 0.225292 0.214037 4.41323 0.22 0.00030695 0.0736258 0.101479 0.00811813 0.0990747 0.0132116
0.209965 4.41081 0.226266 0.214117 4.41422 0.22 0.00178137 0.0817255 0.0753393 0.00807834 0.0990881 0.0131352
0.21002 4.41165 0.227024 0.214198 4.41521 0.22 0.00182349 0.0693867 0.0693072 0.00811427 0.0991008 0.0130172
0.210059 4.41251 0.227866 0.214281 4.4162 0.22 0.00640322 0.0778232 0.0783652 0.00827333 0.0990983 0.0129353
0.209999 4.41352 0.228539 0.214364 4.41719 0.22 -0.0116934 0.0936793 0.0442656 0.00838534 0.0990965 0.0128772
0.209928 4.41461 0.229128 0.214448 4.41818 0.22 -0.00965862 0.120391 0.0525049 0.0084349 0.099011 0.0134878
0.209938 4.41566 0.229666 0.214533 4.41917 0.22 0.00123076 0.100618 0.0486967 0.00839889 0.0990355 0.0133296
0.210006 4.41692 0.23007 0.214616 4.42016 0.22 0.00693027 0.14079 0.0470564 0.00829591 0.099067 0.0131587
0.21009 4.41813 0.230474 0.214698 4.42115 0.22 0.00949625 0.124279 0.046163 0.00824838 0.0990892 0.0130206
0.210101 4.41839 0.230779 0.214781 4.42214 0.22 0 0 0 0.00823126 0.0990904 0.0130227
0.210101 4.41839 0.164589 0.214863 4.42313 0.22 0 0 0 0.00821361 0.0991196 0.0128096
0.210101 4.41839 0.174282 0.214944 4.42412 0.22 0 0 0 0.00814744 0.099141 0.0126858
0.210244 4.42244 0.186707 0.215025 4.42512 0.22 0.0207975 0.426478 1.01825 0.00808662 0.0991528 0.0126325
0.210376 4.42563 0.197709 0.215106 4.42611 0.22 0.00931269 0.270997 0.823481 0.00802991 0.0991574 0.0126324
0.210625 4.42665 0.207631 0.215185 4.4271 0.22 0.00615411 0.0279642 0.722811 0.00792005 0.0991529 0.0127364
0.210822 4.42893 0.215299 0.215264 4.42809 0.22 0.036063 0.23703 0.58518 0.0078209 0.0991674 0.0126853
0.211084 4.42994 0.22121 0.215341 4.42908 0.22 0.000742558 0.116823 0.314839 0.00774625 0.0992279 0.0122506
0.210867 4.43132 0.223401 0.215418 4.43008 0.22 -0.00901035 -0.0415177 0.0903161 0.00772556 0.0993408 0.0113128
0.210969 4.43042 0.223811 0.215495 4.43107 0.22 0.0243628 -0.0167932 -0.0347547 0.00766888 0.0994554 0.0102988
0.21092 4.43226 0.22257 0.215571 4.43207 0.22 -0.0153753 0.215548 -0.0538977 0.00758294 0.0995651 0.00924832
0.210768 4.43307 0.221613 0.215647 4.43306 0.22 -0.0126409 0.0307523 -0.073048 0.00752405 0.0995983 0.00893435
0.210699 4.43452 0.220511 0.215722 4.43406 0.22 -0.00755042 0.237154 -0.040124 0.00753514 0.0995879 0.00903972
0.210567 4.43642 0.220038 0.215798 4.43505 0.22 -0.0137875 0.0967028 0.00331318 0.00758698 0.0995829 0.00905226
0.210552 4.43732 0.220015 0.215875 4.43605 0.22 0.00154945 0.103419 0.0113496 0.00773174 0.0995735 0.00903223
0.210699 4.4387 0.220328 0.215953 4.43704 0.22 0.0185204 0.155186 0.0542311 0.0078654 0.0995842 0.00879604
0.210848 4.43952 0.221103 0.216033 4.43804 0.22 0.010324 0.0599496 0.0649057 0.00797217 0.0996161 0.00832668
0.211014 4.44032 0.222064 0.216113 4.43904 0.22 0.0204241 0.121484 0.0858719 0.00802172 0.0996492 0.00786959
0.211138 4.44178 0.223104 0.216193 4.44003 0.22 0.00883453 0.141305 0.097727 0.00804426 0.0996743 0.00752219
0.211271 4.44296 0.224259 0.216274 4.44103 0.22 0.014015 0.11336 0.0906097 0.00803518 0.0997048 0.00711611
0.211367 4.44442 0.225227 0.216354 4.44203 0.22 0.0149767 0.159613 0.106515 0.00800068 0.099719 0.00695409
0.211451 4.44599 0.226505 0.216433 4.44303 0.22 0.0133608 0.146068 0.123759 0.00795621 0.0997796 0.00608076
0.211496 4.44741 0.22772 0.216513 4.44402 0.22 0.00372687 0.138346 0.0925622 0.00796886 0.0998102 0.00553823
0.211621 4.44865 0.228944 0.216593 4.44502 0.22 0.00926124 0.126109 0.108317 0.00799395 0.0998195 0.00533105
0.211795 4.45026 0.230088 0.216673 4.44602 0.22 0.0113733 0.1827 0.0856353 0.00801286 0.099826 0.00517737
0.211907 4.45161 0.231132 0.216753 4.44702 0.22 0.00908622 0.112715 0.0939735 0.00797563 0.0998346 0.00506795
0.212018 4.45299 0.231956 0.216832 4.44802 0.22 0.0109401 0.144555 0.076701 0.00787764 0.0998425 0.00506561
0.212113 4.45457 0.232842 0.21691 4.44902 0.22 -0.00136112 0.149968 0.0855643 0.00783215 0.0998448 0.00509138
0.212219 4.45569 0.233665 0.216989 4.45001 0.22 0.012528 0.113072 0.061353 0.00784455 0.0998422 0.0051228
0.212329 4.45673 0.234369 0.217068 4.45101 0.22 0.0174177 0.109261 0.0639304 0.0079233 0.0998406 0.00503305
0.212546 4.45771 0.235129 0.217147 4.45201 0.22 0.0156931 0.0813716 0.0621684 0.00795719 0.0998463 0.00486403
0.212763 4.45856 0.235679 0.217227 4.45301 0.22 0.017303 0.0672761 0.0411972 0.00791713 0.0998574 0.00469735
0.212835 4.45936 0.235987 0.217305 4.45401 0.22 0.00205237 0.0718785 0.0243437 0.00779768 0.0998762 0.00449443
0.212808 4.46011 0.236251 0.217382 4.45501 0.22 -0.0104397 0.0797266 0.0173315 0.00764168 0.0998971 0.00429138
0.212806 4.46104 0.236387 0.217458 4.45601 0.22 0.000248947 0.089363 0.00894119 0.00762219 0.0999014 0.00422622
0.212862 4.46182 0.236496 0.217534 4.45701 0.22 0.0038019 0.0744781 0.00610718 0.00765112 0.099899 0.00423103
0.212956 4.46262 0.236512 0.217611 4.458 0.22 0.00807954 0.0670287 0.0104062 0.00769326 0.0998969 0.00420322
0.21295 4.46273 0.236587 0.217688 4.459 0.22 0 0 0 0.00771025 0.0998919 0.00429021
0.21295 4.46273 0.167265 0.217765 4.46 0.22 0 0 0 0.00771176 0.0998971 0.00416406
0.21295 4.46273 0.177056 0.217842 4.461 0.22 0 0 0 0.00771661 0.0999021 0.00403328
0.213193 4.46374 0.188923 0.21792 4.462 0.22 0.0272669 0.148542 0.891994 0.00774682 0.0999023 0.00397055
0.213516 4.4655 0.200177 0.217998 4.463 0.22 0.0321657 0.15481 0.809139 0.00778858 0.0998987 0.00398016
0.213841 4.46616 0.210423 0.218076 4.464 0.22 0.0212862 -0.074422 0.549376 0.00782698 0.099894 0.00402213
0.214073 4.46721 0.215514 0.218155 4.465 0.22 0.0158941 0.217607 0.220937 0.0078954 0.0998878 0.00404291
0.214184 4.4683 0.216543 0.218233 4.466 0.22 -0.00132259 0.158066 0.0806718 0.00787369 0.0998932 0.00394888
0.214494 4.47051 0.217152 0.218311 4.46699 0.22 0.055195 0.210143 0.0682551 0.00776916 0.0999008 0.00396388
0.21512 4.47169 0.217442 0.218389 4.46799 0.22 0.0632081 0.0412149 -0.0416262 0.00771299 0.0998897 0.00433782
0.215429 4.47264 0.216609 0.218465 4.46899 0.22 -0.0167122 0.140892 -0.0648848 0.00765972 0.0998734 0.0047835
0.215282 4.4737 0.215763 0.218542 4.46999 0.22 -0.0224768 0.0636424 -0.0696593 0.00764398 0.0998661 0.00495804
0.215088 4.4742 0.214742 0.218618 4.47099 0.22 -0.0106588 0.0526566 -0.0648156 0.0076197 0.0998619 0.00507888
0.215056 4.47475 0.214287 0.218694 4.47199 0.22 0.00026041 0.0562767 -0.0172305 0.0076442 0.0998519 0.0052365
0.215068 4.47516 0.214135 0.218771 4.47299 0.22 -0.00266392 0.039933 -0.0106351 0.00770077 0.0998442 0.00530012
0.215085 4.4756 0.214117 0.218849 4.47399 0.22 -0.00188618 0.0223573 0.00478582 0.00777747 0.0998332 0.00539427
0.215109 4.47588 0.214361 0.218927 4.47498 0.22 0.00917157 0.020826 0.0339799 0.00789844 0.0998167 0.00552274
0.21515 4.47605 0.214973 0.219008 4.47598 0.22 -0.0014329 0.0193055 0.0506379 0.00802852 0.0998006 0.00562506
0.21509 4.47614 0.215724 0.219088 4.47698 0.22 -0.00488936 0.0323434 0.0877699 0.00810588 0.0997956 0.00560174
0.215069 4.4763 0.216796 0.21917 4.47798 0.22 -0.00475068 0.0291188 0.113218 0.00815216 0.0997979 0.00549205
0.215011 4.47642 0.218065 0.219252 4.47898 0.22 -0.00968492 0.0108849 0.0845734 0.00817528 0.0998013 0.00539576
0.214898 4.47653 0.219227 0.219333 4.47997 0.22 -0.0135709 0.0202889 0.108692 0.00816804 0.0998034 0.00536854
0.21474 4.47664 0.220544 0.219415 4.48097 0.22 -0.0149657 0.0364755 0.113263 0.00813709 0.0998115 0.00526316
0.214587 4.47698 0.222016 0.219496 4.48197 0.22 -0.0194561 0.0426534 0.113296 0.00811764 0.0998161 0.00520506
0.214467 4.47746 0.223483 0.219577 4.48297 0.22 -0.00726771 0.0309359 0.109823 0.00813703 0.0998164 0.00517001
0.214422 4.47795 0.224768 0.219659 4.48397 0.22 0.00131328 0.0342315 0.0927616 0.00815919 0.0997823 0.00575994
0.214411 4.47857 0.225912 0.219741 4.48496 0.22 0.00753495 0.0729188 0.0983536 0.00818312 0.0997482 0.00629212
0.214394 4.47942 0.227097 0.219822 4.48596 0.22 -0.000577376 0.104296 0.0841782 0.00815784 0.0997599 0.00613668
0.214412 4.48052 0.22814 0.219903 4.48696 0.22 2.36429e-05 0.107247 0.0886176 0.00805216 0.0997762 0.00601039
0.214417 4.48153 0.229127 0.219983 4.48796 0.22 0.00285722 0.0969858 0.0820089 0.00798582 0.0997869 0.00591997
0.214393 4.48271 0.230063 0.220063 4.48895 0.22 0.00324308 0.132121 0.0648954 0.0079575 0.0997953 0.00581588
0.214356 4.48397 0.230859 0.220143 4.48995 0.22 0.00745532 0.123096 0.0735485 0.00801807 0.0997815 0.00596694
0.214326 4.48539 0.231604 0.220223 4.49095 0.22 0.00210811 0.179789 0.0471079 0.00808221 0.0997807 0.0058944
0.214321 4.48701 0.232161 0.220304 4.49195 0.22 0.00438343 0.13411 0.0482448 0.0080754 0.0997843 0.00584221
0.214343 4.4884 0.23269 0.220384 4.49295 0.22 0.00479106 0.147935 0.0416451 0.00797496 0.0997955 0.00578929
0.214355 4.49013 0.233082 0.220462 4.49394 0.22 0.00128077 0.18874 0.0268796 0.00779537 0.0998136 0.00572072
0.214381 4.49166 0.233453 0.220539 4.49494 0.22 0.00584996 0.125821 0.0394378 0.00767144 0.0998247 0.00569435
0.214393 4.49191 0.233849 0.220615 4.49594 0.22 0 0 0 0.00759171 0.0998314 0.00568444
0.214393 4.49191 0.172856 0.220691 4.49694 0.22 0 0 0 0.00755982 0.0998558 0.00528306
0.214415 4.49257 0.183197 0.220767 4.49794 0.22 0.0254421 0.406535 0.925122 0.00755967 0.0998575 0.00525268
0.214526 4.49662 0.195201 0.220842 4.49894 0.22 -0.000138216 0.250154 0.837459 0.00756575 0.0998592 0.00521076
0.214658 4.49942 0.20505 0.220918 4.49993 0.22 0.030781 0.202189 0.539406 0.00754213 0.0998615 0.0052015
0.214994 4.50076 0.211615 0.220993 4.50093 0.22 0.0249043 0.0475797 0.501902 0.00751257 0.0998681 0.00511533
0.215219 4.49995 0.216793 0.221068 4.50193 0.22 0.0335227 -0.0643318 0.295476 0.00751802 0.0998897 0.00466566
0.215715 4.50037 0.220375 0.221143 4.50293 0.22 0.0647499 0.0940346 0.234277 0.00751361 0.0999203 0.00396666
0.216181 4.5016 0.222616 0.221218 4.50393 0.22 0.026714 0.158346 0.180595 0.0074635 0.0999339 0.00370914
0.216309 4.50296 0.224458 0.221292 4.50493 0.22 0.00704532 0.0945573 0.117641 0.00734553 0.0999369 0.00386064
0.216426 4.50464 0.224761 0.221365 4.50593 0.22 0.0147834 0.226871 -0.0365075 0.00723659 0.0999324 0.00417165
0.216636 4.50628 0.224232 0.221436 4.50693 0.22 0.040551 0.0419344 -0.0221164 0.0071775 0.0999308 0.00430947
0.216947 4.5065 0.223782 0.221508 4.50793 0.22 0.000187093 0.0906014 -0.0188444 0.00712943 0.099957 0.0037451
0.216804 4.50763 0.223546 0.221579 4.50893 0.22 -0.0216427 0.0529466 -0.00683003 0.0071755 0.0999874 0.00269898
0.216444 4.50767 0.22344 0.221652 4.50993 0.22 -0.0468683 0.0129898 -0.0115947 0.00732761 0.0999979 0.00172494
0.215971 4.50882 0.223053 0.221727 4.51093 0.22 -0.0357873 0.196579 -0.0173221 0.00746312 0.0999952 0.00123169
0.215575 4.51032 0.222981 0.221803 4.51193 0.22 -0.0272745 0.125083 0.0191213 0.00768935 0.0999816 0.000894665
0.215351 4.51185 0.223104 0.221881 4.51293 0.22 -0.0147432 0.221264 0.01889 0.00784787 0.0999685 0.000976029
0.215369 4.51408 0.223482 0.221961 4.51393 0.22 0.00692096 0.193377 0.0532448 0.00798863 0.0999555 0.00115739
0.215511 4.51569 0.224417 0.222042 4.51493 0.22 0.0159352 0.148962 0.0916512 0.00812467 0.0999429 0.0012884
0.21578 4.51733 0.225541 0.222123 4.51593 0.22 0.0252271 0.183619 0.105584 0.00816913 0.0999379 0.00138928
0.216045 4.51918 0.226855 0.222205 4.51693 0.22 0.0235882 0.169742 0.119724 0.00817689 0.0999408 0.00111002
0.216186 4.5208 0.228069 0.222287 4.51792 0.22 -0.000315863 0.138809 0.106337 0.00812318 0.0999478 0.000841762
0.216172 4.52252 0.22916 0.222367 4.51892 0.22 -0.00670043 0.215148 0.0883794 0.00804385 0.0999577 -0.000116646
0.216095 4.52441 0.230218 0.222447 4.51992 0.22 -0.00425136 0.171881 0.0833066 0.00798338 0.0999625 -0.000155202
0.216074 4.52602 0.231091 0.222527 4.52092 0.22 0.00532992 0.177378 0.0637279 0.00800389 0.0999557 -0.00102323
0.216159 4.52776 0.231948 0.222607 4.52192 0.22 0.0153537 0.121796 0.0897171 0.00804033 0.0999493 -0.00131731
0.21634 4.52912 0.232847 0.222688 4.52292 0.22 0.0217706 0.161905 0.0649178 0.00806524 0.0999479 -0.001269
0.216551 4.53079 0.233524 0.222768 4.52392 0.22 0.0205562 0.156062 0.0658793 0.00798004 0.0999555 -0.00121513
0.216774 4.5322 0.234261 0.222847 4.52492 0.22 0.0160106 0.116097 0.0585224 0.0078514 0.0999638 -0.00135885
0.216967 4.53344 0.234781 0.222925 4.52592 0.22 0.0254503 0.176485 0.0264848 0.00776198 0.0999715 -0.00130673
0.217246 4.53476 0.235179 0.223002 4.52692 0.22 0.0338835 0.0916109 0.0401484 0.0077458 0.099974 -0.00120104
0.217558 4.53563 0.235666 0.22308 4.52792 0.22 0.0262165 0.105548 0.0340391 0.00781935 0.0999698 -0.00106767
0.217803 4.53677 0.235817 0.223159 4.52892 0.22 0.0283389 0.119858 0.0210513 0.00789455 0.099965 -0.000961957
0.218042 4.5379 0.236092 0.223238 4.52992 0.22 0.0144208 0.11536 0.00241189 0.00791505 0.0999638 -0.000911558
0.218279 4.5388 0.236049 0.223317 4.53092 0.22 0.0252485 0.0987325 -0.00251017 0.00787859 0.099967 -0.000884417
0.218523 4.53973 0.235963 0.223396 4.53192 0.22 0.0145199 0.104773 -0.0221985 0.00785335 0.099969 -0.00087627
0.218523 4.53973 0.235795 0.223474 4.53292 0.22 0 0 0 0.00784072 0.0999702 -0.000850936
0.218523 4.53973 0.171918 0.223553 4.53392 0.22 0 0 0 0.00786417 0.0999688 -0.000805584
0.218463 4.5397 0.181485 0.223631 4.53492 0.22 -0.0390386 -0.0117574 0.785246 0.00789345 0.0999667 -0.000774374
0.218099 4.53977 0.193116 0.223711 4.53592 0.22 -0.0211036 0.0582129 0.830032 0.00795609 0.099962 -0.00073761
0.218047 4.54053 0.203571 0.223791 4.53692 0.22 0.00824798 0.11038 0.743666 0.00804569 0.0999553 -0.000675585
0.218191 4.54127 0.213473 0.223873 4.53792 0.22 0.0142522 0.00110026 0.62604 0.00817379 0.0999452 -0.0006236
0.218265 4.54019 0.219918 0.223955 4.53892 0.22 -0.0430316 -0.000219178 0.408392 0.00824456 0.0999392 -0.000661501
0.217949 4.54143 0.225103 0.224038 4.53992 0.22 0.0288741 0.437753 0.244029 0.00831308 0.0998987 -0.00272028
0.218071 4.54512 0.227471 0.224121 4.54091 0.22 0.00746084 -0.0234856 0.0114227 0.0082517 0.0999202 -0.00202583
0.218281 4.54431 0.226321 0.224203 4.54191 0.22 0.0269189 0.100025 -0.0988746 0.00813278 0.099943 -0.00122841
0.218379 4.54666 0.225142 0.224282 4.54291 0.22 0.00905158 0.21034 -0.119517 0.00793337 0.0999622 -0.000935765
0.218534 4.54742 0.223718 0.22436 4.54391 0.22 0.0258266 -0.0300357 -0.0913 0.00774871 0.0999783 -0.000740954
0.218761 4.54829 0.222831 0.224435 4.54491 0.22 0.0232854 0.212018 -0.0700329 0.00745251 0.100003 -0.000306323
0.219069 4.55006 0.222167 0.224508 4.54591 0.22 0.0328191 0.0871071 -0.0379941 0.00730008 0.100015 7.38029e-05
0.219497 4.55074 0.221948 0.224581 4.54691 0.22 0.0541313 0.105763 -0.00801468 0.00724854 0.100017 0.000578241
0.220019 4.55207 0.221851 0.224654 4.54791 0.22 0.0408629 0.123776 0.00620724 0.00728642 0.100011 0.00101746
0.220464 4.55279 0.222119 0.224727 4.54891 0.22 0.0405936 0.0190287 0.0315532 0.00736665 0.100001 0.00130956
0.220843 4.55317 0.222607 0.224802 4.54991 0.22 0.0389067 0.0340241 0.0407311 0.00748172 0.09999 0.00151008
0.221126 4.55374 0.223243 0.224877 4.55091 0.22 0.0286715 0.0236053 0.0681239 0.00758223 0.0999822 0.00152534
0.221349 4.55406 0.224079 0.224954 4.55191 0.22 0.0194446 0.043596 0.0773377 0.00766173 0.0999766 0.0014895
0.221493 4.55447 0.225074 0.225031 4.55291 0.22 0.0111032 0.0483445 0.0751991 0.00769491 0.0999745 0.00146188
0.221577 4.55486 0.22619 0.225108 4.55391 0.22 0.00425685 0.0539088 0.0893017 0.00772688 0.099972 0.00146711
0.221632 4.55538 0.22738 0.225185 4.55491 0.22 -0.000595897 0.0271873 0.090605 0.00776 0.0999686 0.00151848
0.221647 4.55575 0.228428 0.225263 4.55591 0.22 -0.000814086 0.0187522 0.0840382 0.00779682 0.0999653 0.00155131
0.221624 4.55605 0.229446 0.225342 4.55691 0.22 -0.00751811 0.0562747 0.073504 0.0078346 0.0999631 0.001497
0.221595 4.55636 0.2303 0.22542 4.55791 0.22 -0.00468839 0.0478845 0.0745353 0.00785147 0.0999635 0.00138181
0.221574 4.55687 0.231129 0.225498 4.55891 0.22 0.00216698 0.0690895 0.0787948 0.00783798 0.0999677 0.00112527
0.22161 4.55738 0.231989 0.225577 4.55991 0.22 -0.00892914 0.0682715 0.0491724 0.00779848 0.0999723 0.000981421
0.221568 4.55809 0.232807 0.225654 4.56091 0.22 -0.000163385 0.0753268 0.0597 0.00776738 0.0999759 0.000864239
0.221544 4.55878 0.233581 0.225732 4.56191 0.22 0.000182538 0.0693071 0.0600275 0.0077619 0.0999761 0.00088282
0.221544 4.55958 0.234245 0.22581 4.56291 0.22 -0.00176872 0.113113 0.0457729 0.00779082 0.099972 0.00107444
0.221535 4.56055 0.23473 0.225888 4.56391 0.22 0.00618389 0.0712541 0.0252683 0.00780405 0.0999707 0.00109861
0.221563 4.56138 0.235017 0.225966 4.56491 0.22 -0.00387307 0.0994498 0.0327595 0.0077685 0.099974 0.00104432
0.221579 4.56225 0.23529 0.226042 4.56591 0.22 -0.000126696 0.0970569 0.014703 0.00764754 0.0999847 0.000907858
0.22158 4.56322 0.235537 0.226118 4.56691 0.22 0.000696165 0.110546 0.00448004 0.00756703 0.0999916 0.000819969
0.221567 4.56434 0.235691 0.226193 4.56791 0.22 -0.00785414 0.103933 0.00434542 0.00748765 0.099998 0.000759087
0.221565 4.56545 0.235762 0.226268 4.56891 0.22 0.00210412 0.139265 -0.00550001 0.00744617 0.100001 0.000728003
0.221565 4.56545 0.165855 0.226342 4.56991 0.22 0 0 0 0.00743888 0.100002 0.000721099
0.221565 4.56545 0.17425 0.226416 4.57091 0.22 0 0 0 0.00743678 0.100002 0.00069936
0.221556 4.56616 0.185123 0.226491 4.57191 0.22 -0.0136649 0.416521 0.907785 0.00742771 0.100003 0.000660273
0.221323 4.56974 0.196863 0.226565 4.57291 0.22 -0.00903613 0.250399 0.818794 0.00738577 0.100007 0.000533506
0.221436 4.57211 0.206014 0.226638 4.57391 0.22 0.0565263 0.0345289 0.31448 0.00733346 0.100011 0.000509231
0.221894 4.5716 0.209164 0.226711 4.57491 0.22 0.0546768 0.0287425 0.197425 0.00729713 0.100014 0.000518697
0.222187 4.57321 0.211576 0.226783 4.57591 0.22 0.0036254 0.217429 0.265641 0.00719593 0.10002 0.000704017
0.222021 4.57468 0.214917 0.226855 4.57691 0.22 -0.0157106 0.0172176 0.212563 0.00711527 0.100025 0.000826419
0.221867 4.57522 0.217334 0.226926 4.57791 0.22 -0.0117325 0.0987471 0.195947 0.00711872 0.100023 0.000939743
0.221748 4.57715 0.218884 0.226998 4.57891 0.22 0.00688893 0.193039 0.0589817 0.00719669 0.100019 0.000839397
0.221874 4.57809 0.218796 0.227071 4.57991 0.22 0.0108231 -0.0375473 -0.0303387 0.00745294 0.100002 0.000488625
0.221879 4.57776 0.218191 0.227147 4.58091 0.22 0.00493169 0.0654605 -0.0589502 0.00766016 0.0999877 0.000147824
0.221942 4.57865 0.21762 0.227227 4.58191 0.22 0.007316 0.0384437 -0.0192249 0.0079536 0.099964 -0.000428884
0.222211 4.57874 0.217705 0.227308 4.58291 0.22 0.0491646 0.0144384 -0.0232049 0.00819261 0.0999417 -0.000889018
0.222781 4.57931 0.217426 0.227391 4.58391 0.22 0.0590379 0.108054 0.0163609 0.00831955 0.0999271 -0.00127093
0.223299 4.58024 0.217622 0.227475 4.58491 0.22 0.0438141 0.0453579 0.0264076 0.00833334 0.0999243 -0.00139502
0.223682 4.58085 0.217939 0.227558 4.58591 0.22 0.0278457 0.0687693 0.0367377 0.00832097 0.0999233 -0.0015306
0.223871 4.58194 0.218585 0.227641 4.58691 0.22 0.00629801 0.0926157 0.0858962 0.00826919 0.0999243 -0.00173564
0.223892 4.58275 0.219493 0.227723 4.58791 0.22 -0.00509447 0.0921372 0.0758422 0.0082198 0.0999247 -0.00193478
0.223857 4.58386 0.22057 0.227805 4.58891 0.22 -0.00376151 0.122739 0.105441 0.00819147 0.0999228 -0.00214145
0.223788 4.58492 0.221918 0.227887 4.5899 0.22 -0.00226326 0.100107 0.0932671 0.00818541 0.0999195 -0.00231248
0.223766 4.5862 0.223201 0.227969 4.5909 0.22 -0.00274257 0.142306 0.0956706 0.00818889 0.0999143 -0.00251437
0.223759 4.58751 0.224516 0.22805 4.5919 0.22 -0.00139954 0.113919 0.104143 0.00817327 0.0999122 -0.00264601
0.223762 4.58887 0.225788 0.228132 4.5929 0.22 -0.00354632 0.139413 0.112159 0.00813333 0.0999042 -0.0030415
0.223747 4.59053 0.227054 0.228213 4.5939 0.22 0.00550045 0.143295 0.110437 0.00808976 0.0998954 -0.00342332
0.22376 4.59185 0.228224 0.228293 4.5949 0.22 0.000930254 0.120483 0.0821385 0.00805926 0.0999007 -0.00333899
0.223785 4.59337 0.229245 0.228374 4.5959 0.22 0.00359791 0.205115 0.0873742 0.00805598 0.0999036 -0.00325948
0.223811 4.59508 0.230389 0.228455 4.5969 0.22 -0.00245675 0.113086 0.0835723 0.00806348 0.0999067 -0.00314448
0.223807 4.59627 0.231361 0.228535 4.5979 0.22 -0.00564005 0.131338 0.0698058 0.00807402 0.0999081 -0.00307136
0.223816 4.59768 0.232176 0.228616 4.5989 0.22 0.0088989 0.147274 0.0750479 0.0080378 0.0999102 -0.00309656
0.223825 4.59898 0.233026 0.228696 4.59989 0.22 0.00677063 0.106059 0.0403732 0.00798917 0.0999129 -0.00313654
0.223876 4.60026 0.23355 0.228775 4.60089 0.22 0.00585764 0.13386 0.0364878 0.00793652 0.0999153 -0.00319347
0.223909 4.60149 0.233959 0.228855 4.60189 0.22 0.00513588 0.123609 0.0202097 0.00795829 0.0999142 -0.0031727
0.223941 4.60279 0.234244 0.228935 4.60289 0.22 0.0232048 0.129986 0.00799243 0.00805831 0.0999095 -0.00306616
0.224036 4.60397 0.23446 0.229016 4.60389 0.22 0.0101004 0.134899 0.0105171 0.00815139 0.0999052 -0.00295982
0.224112 4.60517 0.234564 0.229098 4.60489 0.22 0.000717485 0.106872 -0.00679505 0.00817253 0.0999058 -0.00287933
0.224121 4.60592 0.234547 0.22918 4.60589 0.22 0 0 0 0.00813565 0.0999119 -0.00276951
0.224121 4.60592 0.16559 0.22926 4.60689 0.22 0 0 0 0.00807176 0.0999223 -0.00257685
0.224121 4.60592 0.172243 0.229341 4.60789 0.22 0 0 0 0.00801343 0.0999256 -0.00262688
0.224137 4.60662 0.180893 0.229421 4.60889 0.22 0.0410754 0.172241 0.649343 0.00797326 0.099919 -0.0029787
0.224485 4.60835 0.189277 0.2295 4.60989 0.22 0.0503312 0.118653 0.526625 0.0079791 0.0999071 -0.00333899
0.224897 4.6099 0.197004 0.229581 4.61089 0.22 0.0315429 0.240556 0.599831 0.00808723 0.0998701 -0.004101
0.225305 4.61122 0.20298 0.229663 4.61188 0.22 0.0318461 0.0645123 0.293673 0.00822934 0.0998172 -0.00500501
0.225707 4.61149 0.205197 0.229746 4.61288 0.22 0.0270229 0.107662 0.08075 0.00837846 0.099775 -0.00556848
0.225894 4.61391 0.206548 0.22983 4.61388 0.22 0.0610551 0.345563 0.0651496 0.008367 0.0998059 -0.00500335
0.226544 4.61659 0.207715 0.229914 4.61488 0.22 0.0170681 0.125915 0.137538 0.00839041 0.0998465 -0.00406643
0.226697 4.61746 0.210108 0.229999 4.61588 0.22 0.0257753 0.0794354 0.163327 0.00846459 0.0998859 -0.00272078
0.226918 4.6191 0.2119 0.230084 4.61688 0.22 0.0455265 0.260324 0.0736129 0.00859065 0.0999 -0.00156447
0.227393 4.62083 0.212799 0.230171 4.61787 0.22 0.0340092 0.0101874 0.102072 0.00874546 0.099894 -0.000979673
0.227613 4.62089 0.214945 0.23026 4.61887 0.22 0.0280864 0.108648 0.196457 0.00891345 0.0998654 -0.00192618
0.227976 4.62313 0.216507 0.23035 4.61987 0.22 0.0370864 0.285351 -0.0312479 0.00905077 0.0998556 -0.00178564
0.228176 4.62458 0.215961 0.230443 4.62087 0.22 -0.0166998 0.0104907 -0.011819 0.00938685 0.0998327 -0.0012566
0.227958 4.62481 0.216009 0.230539 4.62187 0.22 -0.00627065 0.10647 0.0171964 0.00961697 0.0998129 -0.00106841
0.227987 4.62563 0.216073 0.230637 4.62287 0.22 0.0157712 0.00508586 -0.0216577 0.00976729 0.0998005 -0.000840757
0.228132 4.62547 0.216074 0.230735 4.62386 0.22 0.00362938 0.0115141 0.0223526 0.00980622 0.099798 -0.000667541
0.228186 4.62547 0.21648 0.230832 4.62486 0.22 -0.00810248 -0.0301195 0.041608 0.00974527 0.0998048 -0.000528935
0.228103 4.62513 0.216893 0.230929 4.62586 0.22 -0.00335198 -0.0365649 0.0414696 0.00959019 0.0998202 -0.000464533
0.228092 4.62466 0.21761 0.231023 4.62686 0.22 -0.00308324 -0.0733761 0.0579821 0.00935733 0.0998422 -0.000474343
0.228128 4.62425 0.218462 0.231114 4.62786 0.22 0.00139022 -0.0291999 0.0826651 0.00909276 0.0998666 -0.000488716
0.228127 4.62391 0.21937 0.231204 4.62886 0.22 0.00558366 -0.006841 0.0755547 0.00895612 0.0998788 -0.000514533
0.228138 4.6237 0.220312 0.231292 4.62986 0.22 -0.00501094 -0.0151001 0.0765391 0.00878044 0.0998943 -0.000539907
0.228159 4.62358 0.221272 0.231379 4.63085 0.22 -0.00588951 -0.0195766 0.0832628 0.00865581 0.0999064 -0.000181791
0.228202 4.62341 0.222292 0.231465 4.63185 0.22 0.0125513 0.00465725 0.0888509 0.00862043 0.0999094 -0.000235845
0.228319 4.62356 0.22338 0.231551 4.63285 0.22 0.00942297 0.0285487 0.0732712 0.00868276 0.0999039 -0.000268699
0.228337 4.62373 0.224283 0.23164 4.63385 0.22 -0.00307892 0.0325193 0.0684616 0.00884265 0.0998897 -0.000322544
0.228282 4.62422 0.225208 0.23173 4.63485 0.22 -0.00747493 0.0640164 0.0724853 0.00904697 0.0998712 -0.000372288
0.228232 4.62486 0.226008 0.231821 4.63585 0.22 -0.00642392 0.0507729 0.0572596 0.00914602 0.09986 0.000759695
0.228205 4.62565 0.226792 0.231913 4.63685 0.22 -0.00257768 0.120689 0.0602476 0.00918823 0.0998477 0.00150563
0.228125 4.62677 0.227632 0.232005 4.63785 0.22 -0.00786137 0.0813566 0.049338 0.00922332 0.0998348 0.00204769
0.228065 4.62768 0.228283 0.232097 4.63884 0.22 -0.00824272 0.102415 0.0372455 0.00917963 0.099838 0.00208548
0.228011 4.6287 0.228709 0.232188 4.63984 0.22 -0.0016377 0.099965 0.030525 0.00911923 0.099834 0.00250311
0.22802 4.62974 0.229055 0.232279 4.64084 0.22 0.0012297 0.115114 0.0211102 0.00908376 0.0998278 0.00285577
0.228095 4.63095 0.229258 0.23237 4.64184 0.22 0.00160401 0.13203 0.0173379 0.00902699 0.0998365 0.00272829
0.228169 4.63185 0.229344 0.232459 4.64284 0.22 0 0 0 0.00898524 0.0998447 0.00255842
0.228169 4.63185 0.167206 0.232549 4.64384 0.22 0 0 0 0.00893839 0.0998535 0.00237167
0.228169 4.63185 0.175684 0.232638 4.64483 0.22 0 0 0 0.00886519 0.0998645 0.00217934
0.228169 4.63367 0.187079 0.232726 4.64583 0.22 -0.00125146 0.505893 0.806121 0.00880716 0.0998712 0.00210459
0.228334 4.63779 0.196296 0.232813 4.64683 0.22 0.052515 0.292028 0.600875 0.00867528 0.0998562 0.00311834
0.228699 4.63994 0.204004 0.232899 4.64783 0.22 0.0303425 0.171125 0.512984 0.00853218 0.0998783 0.00278913
0.229014 4.64174 0.207909 0.232982 4.64883 0.22 0.0152981 0.0634854 0.103932 0.00836497 0.0999106 0.00203564
0.229445 4.64283 0.20859 0.233065 4.64983 0.22 0.0339704 0.178313 0.0169741 0.00824255 0.099934 0.00122754
0.229447 4.64455 0.209068 0.233163 4.65103 0.22 -0.012856 0.137486 0.0756491 0.0081547 0.0999454 0.000819774
0.229386 4.64555 0.209251 0.233244 4.65203 0.22 -0.0212961 0.115104 0.00608418 0.00805925 0.0999551 0.000533915
0.22923 4.64713 0.209677 0.233324 4.65303 0.22 -0.0176865 0.141866 0.0570144 0.00798135 0.0999624 0.000266533
0.229035 4.64807 0.2102 0.233404 4.65403 0.22 -0.020944 0.100201 0.0295747 0.00799143 0.0999618 -0.000154607
0.229 4.64918 0.210988 0.233484 4.65503 0.22 0.000681989 0.132562 0.0982575 0.00806595 0.0999549 -0.000466628
0.229014 4.65053 0.212199 0.233565 4.65603 0.22 -0.0095067 0.136792 0.127444 0.00813336 0.0999479 -0.000713149
0.228996 4.65183 0.213621 0.233647 4.65703 0.22 -0.00380742 0.116157 0.084303 0.00819276 0.0999406 -0.00100502
0.229044 4.65316 0.21485 0.23373 4.65802 0.22 0.0084034 0.144562 0.0961979 0.00824611 0.0999328 -0.00129631
0.229134 4.65461 0.21623 0.233813 4.65902 0.22 0.00880217 0.142862 0.119413 0.00829559 0.0999264 -0.00146583
0.229193 4.65601 0.217665 0.233896 4.66002 0.22 0.00532477 0.126677 0.115657 0.00835199 0.0999204 -0.0015517
0.22923 4.65743 0.219304 0.23398 4.66102 0.22 0.00834283 0.163044 0.119087 0.00840479 0.0999113 -0.00183041
0.229276 4.65876 0.220892 0.234064 4.66202 0.22 0.00606104 0.121864 0.119486 0.00842669 0.0999062 -0.001998
0.229339 4.66012 0.2224 0.234148 4.66302 0.22 0.00738708 0.142268 0.116296 0.00843215 0.0998929 -0.00256225
0.229376 4.6617 0.224 0.234233 4.66402 0.22 0.00382616 0.143068 0.119467 0.00842771 0.0998836 -0.00291258
0.229397 4.6631 0.225461 0.234317 4.66502 0.22 0.00288013 0.134682 0.107858 0.00842725 0.0998788 -0.0030757
0.229434 4.66447 0.226823 0.234401 4.66602 0.22 0.00464375 0.154903 0.110407 0.00843922 0.0998761 -0.00312821
0.229565 4.66607 0.228066 0.234486 4.66702 0.22 0.016844 0.155989 0.103485 0.00846286 0.0998737 -0.00314229
0.229762 4.66764 0.229111 0.234571 4.66801 0.22 0.0272822 0.178983 0.0693952 0.0084589 0.0998751 -0.00310939
0.229963 4.66905 0.23013 0.234655 4.66901 0.22 0.0290619 0.14457 0.0678247 0.00840341 0.0998825 -0.00302107
0.230082 4.67044 0.231109 0.234739 4.67001 0.22 0.00860742 0.135091 0.0791345 0.00835613 0.0998872 -0.00299443
0.230227 4.67169 0.232003 0.234822 4.67101 0.22 0.0238808 0.134003 0.0649503 0.00835658 0.0998862 -0.00302864
0.230401 4.67287 0.232729 0.234906 4.67201 0.22 0.0188677 0.106326 0.0490651 0.00842708 0.0998773 -0.00312334
0.230617 4.674 0.233415 0.234991 4.67301 0.22 0.0258081 0.104443 0.0260492 0.00850229 0.099869 -0.00318362
0.230895 4.67513 0.233866 0.235076 4.67401 0.22 0.0333132 0.116668 0.0344867 0.00851087 0.099867 -0.00322535
0.23117 4.67626 0.234201 0.235161 4.67501 0.22 0.0241875 0.106236 0.0367165 0.00845331 0.0998725 -0.00320652
0.231294 4.67737 0.234432 0.235244 4.676 0.22 -0.000246178 0.0971046 0.01331 0.00828431 0.0998886 -0.00314324
0.231334 4.6781 0.234574 0.235326 4.677 0.22 0.00301185 0.0692792 0.000535177 0.00820324 0.0998963 -0.0031113
0.231444 4.67902 0.234715 0.235408 4.678 0.22 0.01546 0.0973435 0.0208538 0.00820954 0.0998954 -0.00312449
0.231635 4.6798 0.234732 0.23549 4.679 0.22 0.0280226 0.078749 -0.0140116 0.00824712 0.0998911 -0.003163
0.231695 4.68005 0.234619 0.235573 4.68 0.22 0 0 0 0.00828784 0.0998869 -0.00318739
0.231695 4.68005 0.164096 0.235656 4.681 0.22 0 0 0 0.00831978 0.0998709 -0.00358171
0.231695 4.68005 0.173039 0.23574 4.682 0.22 0 0 0 0.00835045 0.0998444 -0.00419787
0.23183 4.6812 0.182754 0.235824 4.683 0.22 0.0314774 0.198113 0.660337 0.00840943 0.09984 -0.0041844
0.232151 4.68285 0.190428 0.235909 4.68399 0.22 0.0479903 0.102892 0.472811 0.00851815 0.0998215 -0.00439973
0.232488 4.68387 0.197188 0.235995 4.68499 0.22 0.0316292 0.120749 0.536734 0.0086467 0.0997854 -0.00493621
0.232655 4.6847 0.203595 0.236083 4.68599 0.22 -0.00198161 -0.0200407 0.324838 0.00880619 0.0997111 -0.00603323
0.23232 4.68486 0.205421 0.236172 4.68699 0.22 -0.0397626 0.0324408 -0.0115268 0.00888112 0.099619 -0.00730921
0.232315 4.68613 0.20527 0.23626 4.68798 0.22 0.00768312 0.22101 0.0170288 0.00885715 0.0996281 -0.00721468
0.232238 4.68879 0.206116 0.236348 4.68898 0.22 -0.00605827 0.228792 0.0284726 0.0087527 0.099701 -0.00627335
0.232334 4.69011 0.206748 0.236434 4.68998 0.22 0.00747607 0.143835 0.0324748 0.00851489 0.0998167 -0.00451348
0.232454 4.69237 0.207165 0.236518 4.69098 0.22 0.0155845 0.227221 -0.00629589 0.00835938 0.0998702 -0.0035081
0.232563 4.6934 0.206892 0.236601 4.69197 0.22 0.00599821 0.0437254 -0.00308038 0.00830315 0.0998882 -0.00310641
0.232727 4.69421 0.207203 0.236683 4.69297 0.22 0.0244511 0.0806029 0.0474092 0.00826967 0.0998953 -0.00296535
0.232922 4.69467 0.207973 0.236766 4.69397 0.22 0.0251353 0.0350933 0.0589413 0.00829345 0.0998862 -0.0031969
0.233142 4.69522 0.208825 0.23685 4.69497 0.22 0.0187962 0.0830977 0.0666566 0.00835702 0.0998718 -0.00346768
0.233426 4.69619 0.209859 0.236934 4.69597 0.22 0.0273545 0.0866108 0.0927129 0.00841797 0.0998623 -0.00359229
0.233976 4.70742 0.23162 0.238213 4.71095 0.22 0.00913973 0.117571 0.046365 0.00867665 0.09981 -0.00435137
0.23406 4.7086 0.23228 0.2383 4.71195 0.22 0.00163868 0.11188 0.040055 0.008603 0.0998122 -0.00444595
0.23416 4.71024 0.232999 0.238402 4.71314 0.22 0.0155506 0.134726 0.0217306 0.00850337 0.0998136 -0.00460248
0.234212 4.71161 0.233406 0.238487 4.71414 0.22 0.00170791 0.130702 0.0220849 0.00850864 0.0998106 -0.00465759
0.234212 4.71294 0.233753 0.238572 4.71514 0.22 -0.000195698 0.125108 0.0112838 0.00854747 0.0998056 -0.00469467
0.234219 4.71448 0.233984 0.238658 4.71614 0.22 0.00693975 0.170146 -0.000616848 0.00854457 0.0998069 -0.00467111
0.234231 4.71507 0.234055 0.238743 4.71714 0.22 0 0 0 0.0084962 0.0998126 -0.0046389
0.234231 4.71507 0.170508 0.238827 4.71813 0.22 0 0 0 0.00844085 0.0998168 -0.00464797
0.234231 4.71507 0.180402 0.238911 4.71913 0.22 0 0 0 0.00836303 0.0998185 -0.00475162
0.234264 4.71768 0.192287 0.238994 4.72013 0.22 0.0111808 0.328942 0.895965 0.00825864 0.0998194 -0.00491179
0.234432 4.7203 0.20322 0.239076 4.72113 0.22 0.0191368 0.206709 0.750336 0.00814206 0.099832 -0.00485136
0.234653 4.72034 0.212112 0.239156 4.72213 0.22 0.0114618 -0.220585 0.474436 0.00806702 0.099847 -0.00466429
0.234794 4.71917 0.217062 0.239236 4.72313 0.22 0.0233766 0.0105566 0.375027 0.0079445 0.0998648 -0.00449068
0.234952 4.72115 0.22177 0.23927 4.72412 0.22 0.00162929 0.239871 0.367893 0.00412805 0.099903 -0.00405005
0.234922 4.72242 0.226818 0.239311 4.72512 0.22 0.00292379 0.0590331 0.383259 0.00409187 0.0999318 -0.0033103
0.234933 4.72308 0.230824 0.239352 4.72612 0.22 0.000822896 0.157304 0.225479 0.00409258 0.0999539 -0.00255534
0.2348 4.72483 0.232419 0.239393 4.72712 0.22 -0.032545 0.0515632 0.130078 0.00418673 0.0999636 -0.00195107
0.234622 4.7245 0.234155 0.239436 4.72812 0.22 -0.0168596 -0.0344052 0.121489 0.00425113 0.0999601 -0.00199429
0.23435 4.72595 0.233484 0.239478 4.72912 0.22 -0.0345561 0.243044 -0.152146 0.00429327 0.0999453 -0.0025626
0.234127 4.72535 0.231943 0.239522 4.73012 0.22 -0.0180121 -0.27172 -0.102744 0.00436721 0.0999016 -0.00382797
0.233975 4.72425 0.230361 0.239566 4.73112 0.22 -0.00781674 0.0575714 -0.136441 0.00448198 0.0998418 -0.00505804
0.233857 4.72525 0.22923 0.239612 4.73212 0.22 -0.00672547 0.0585741 -0.0729278 0.00456297 0.0998032 -0.00570682
0.233994 4.72518 0.228342 0.239658 4.73312 0.22 0.0223714 0.0168927 -0.0831401 0.00462421 0.0997773 -0.00609727
0.234249 4.72698 0.227613 0.239705 4.73411 0.22 0.0329902 0.161054 -0.0382881 0.00467768 0.0997836 -0.00595175
0.234598 4.72785 0.22757 0.239751 4.73511 0.22 0.0364847 0.0661662 0.0174838 0.00465787 0.0997985 -0.00571217
0.234894 4.72924 0.22793 0.239798 4.73611 0.22 0.0250967 0.194512 0.0394754 0.0046235 0.0998055 -0.00561628
0.235052 4.73062 0.228759 0.239834 4.73691 0.22 0.00835395 0.0373074 0.0706954 0.00459845 0.0998 -0.00573386
0.235113 4.73154 0.22973 0.23989 4.7381 0.22 0.00368842 0.149134 0.0790439 0.0046513 0.0997853 -0.00594265
0.235118 4.73322 0.230792 0.239937 4.7391 0.22 -0.00473334 0.170492 0.0909882 0.00471164 0.0997691 -0.00616315
0.235092 4.73482 0.231829 0.239984 4.7401 0.22 0.00178262 0.172119 0.0729224 0.00471309 0.0997693 -0.00615935
0.235103 4.7367 0.23289 0.240031 4.7411 0.22 0.00937903 0.217887 0.0776792 0.00465291 0.0997791 -0.00604493
0.235155 4.73866 0.233981 0.240077 4.7421 0.22 0.00296758 0.204057 0.0795489 0.00455877 0.0997975 -0.00580768
0.235282 4.74058 0.235068 0.240122 4.74309 0.22 0.0136659 0.187334 0.0718725 0.00448774 0.0998118 -0.00561471
0.23539 4.74244 0.236045 0.240166 4.74409 0.22 0.0110668 0.161944 0.060117 0.00448062 0.0998227 -0.00542296
0.23548 4.74386 0.237013 0.240211 4.74509 0.22 0.00678827 0.148861 0.0679032 0.00452251 0.0998245 -0.00535454
0.235582 4.74565 0.23789 0.240248 4.74589 0.22 0.00997062 0.156167 0.076807 0.00458322 0.0998213 -0.00536343
0.23566 4.74704 0.238699 0.240303 4.74709 0.22 0.00794629 0.13371 0.050117 0.00455029 0.099823 -0.00535958
0.235719 4.7484 0.239132 0.240339 4.74789 0.22 0.00397376 0.193178 0.031612 0.00449129 0.0998199 -0.00546672
0.235725 4.75021 0.239617 0.240391 4.74908 0.22 0.00133655 0.133867 0.0362954 0.00432451 0.0998334 -0.00535353
0.235668 4.75182 0.239885 0.240433 4.75008 0.22 -0.0052351 0.207929 0.00464841 0.00422463 0.0997988 -0.00603487
0.235672 4.75345 0.240198 0.240476 4.75108 0.22 -0.00221397 0.114237 0.0206959 0.00425463 0.0998091 -0.00583983
0.235738 4.7547 0.24025 0.240519 4.75208 0.22 0.0108776 0.156976 -0.00965959 0.00428774 0.0998171 -0.00567603
0.235774 4.75647 0.2401 0.240562 4.75308 0.22 0.00282674 0.173053 -0.0107214 0.00429282 0.0998285 -0.00546863
0.235785 4.75678 0.239963 0.240604 4.75407 0.22 0 0 0 0.0042569 0.0998469 -0.00515113
0.235785 4.75678 0.172441 0.240646 4.75507 0.22 0 0 0 0.00419953 0.0998538 -0.00506426
0.235785 4.75678 0.181272 0.240688 4.75607 0.22 0 0 0 0.00415504 0.0998657 -0.00486286
0.235881 4.75704 0.191983 0.240729 4.75707 0.22 0.00711423 0.0148027 0.741167 0.00411048 0.099881 -0.00457671
0.236202 4.75729 0.1988 0.24077 4.75807 0.22 0.0418531 0.00307441 0.401794 0.00413001 0.0998824 -0.00452875
0.236451 4.758 0.203715 0.240812 4.75907 0.22 0.00500595 0.119762 0.382027 0.00416236 0.0998966 -0.00417313
0.236467 4.75863 0.209023 0.240854 4.76007 0.22 -0.00616468 0.0189606 0.337923 0.00419696 0.099919 -0.00355596
0.236471 4.76123 0.210438 0.240897 4.76107 0.22 -0.00422913 0.238706 0.0805124 0.00428488 0.0999536 -0.0022335
0.236686 4.76191 0.2097 0.24094 4.76207 0.22 0.0365261 -0.00394037 -0.0802156 0.00431912 0.0999627 -0.00169484
0.236822 4.76224 0.209009 0.240983 4.76307 0.22 0.00203622 0.0781745 -0.0254302 0.00434778 0.0999552 -0.00202779
0.236991 4.76293 0.208246 0.241027 4.76407 0.22 0.0249576 0.036211 -0.0724998 0.00439613 0.0999373 -0.00269778
0.237117 4.76328 0.207695 0.241071 4.76506 0.22 0.0121895 0.0574064 -0.0199076 0.00439221 0.0999333 -0.00284892
0.23717 4.76413 0.207833 0.241115 4.76606 0.22 0.000766827 0.110072 0.0173677 0.004405 0.0999328 -0.00284654
0.237215 4.7651 0.20908 0.241159 4.76706 0.22 0.00391666 0.0931161 0.106243 0.00442429 0.0999438 -0.00239354
0.237336 4.76597 0.210259 0.241204 4.76806 0.22 0.0165972 0.0762224 0.0641795 0.00445382 0.0999552 -0.0017836
0.237445 4.76691 0.21114 0.241248 4.76906 0.22 0.00649743 0.0983377 0.0594564 0.00446464 0.0999617 -0.00133941
0.237478 4.76773 0.212036 0.241293 4.77006 0.22 -0.0039831 0.0639282 0.0781238 0.00445029 0.0999671 -0.000917199
0.237388 4.76824 0.213054 0.241337 4.77106 0.22 -0.00477876 0.0504647 0.083147 0.00435909 0.0999726 -0.000733144
0.23736 4.76854 0.214183 0.24138 4.77206 0.22 -0.00590612 0.0292432 0.092057 0.00428651 0.0999757 -0.000734999
0.237351 4.769 0.215543 0.241422 4.77306 0.22 0.00192612 0.0482479 0.120057 0.0042564 0.0999769 -0.000756678
0.237343 4.76958 0.217079 0.241465 4.77406 0.22 0.000339552 0.0486345 0.122412 0.00425287 0.0999772 -0.000729838
0.237356 4.77041 0.218645 0.241507 4.77506 0.22 0.00334489 0.0857183 0.131571 0.00426673 0.0999778 -0.000549197
0.237317 4.77145 0.220406 0.24155 4.77606 0.22 -0.00241458 0.103884 0.130135 0.00425116 0.0999796 -0.000280376
0.237279 4.77223 0.222207 0.241592 4.77706 0.22 -0.00728848 0.0980527 0.140268 0.0041795 0.099983 2.49914e-05
0.237247 4.77309 0.223742 0.241633 4.77806 0.22 -0.00293639 0.112652 0.115291 0.00406629 0.0999872 0.00029626
0.237185 4.77388 0.225154 0.241673 4.77906 0.22 -0.00402168 0.0828099 0.100711 0.00397828 0.0999891 0.000648372
0.237101 4.77492 0.226425 0.241712 4.78006 0.22 -0.0145907 0.0942381 0.0997548 0.00398221 0.0999874 0.000854351
0.237048 4.77597 0.227644 0.241753 4.78106 0.22 -0.00575969 0.105778 0.09942 0.00401886 0.0999859 0.000855222
0.236971 4.77732 0.228892 0.241793 4.78206 0.22 -0.0037874 0.146908 0.104714 0.00405313 0.0999839 0.000928242
0.236926 4.77875 0.230062 0.241833 4.78306 0.22 -0.00589527 0.135426 0.0849808 0.00400325 0.099984 0.00111139
0.236939 4.78013 0.231054 0.241872 4.78406 0.22 0.000130716 0.139922 0.0765941 0.0038436 0.0999861 0.00143528
0.236963 4.7816 0.231949 0.24191 4.78506 0.22 0.00189569 0.151357 0.0657196 0.00372248 0.0999867 0.00169051
0.236943 4.78324 0.232719 0.241947 4.78606 0.22 -0.00795357 0.172695 0.0477228 0.00369032 0.099985 0.00185364
0.236896 4.78473 0.233287 0.241984 4.78706 0.22 -0.00329352 0.165944 0.0339582 0.00372783 0.0999789 0.00209425
0.236842 4.78632 0.233786 0.242021 4.78806 0.22 -0.00803207 0.143595 0.0323233 0.00376733 0.0999744 0.00223547
0.236798 4.78783 0.234092 0.242059 4.78906 0.22 -0.00234726 0.111178 0.0125646 0.00375557 0.0999726 0.00233049
0.236814 4.78923 0.234423 0.242088 4.78986 0.22 0.00617355 0.146355 0.0279524 0.00364375 0.0999726 0.00250338
0.236821 4.78956 0.23456 0.242124 4.79086 0.22 0 0 0 0.0035565 0.0999742 0.00256267
0.236821 4.78956 0.174367 0.242159 4.79186 0.22 0 0 0 0.00342483 0.0999836 0.00236835
0.236821 4.78956 0.183383 0.242193 4.79286 0.22 0 0 0 0.00337067 0.0999864 0.0023281
0.236968 4.79211 0.194543 0.242226 4.79386 0.22 0.0060923 0.284932 0.881283 0.00333022 0.0999991 0.00177685
0.237128 4.79446 0.206745 0.242259 4.79486 0.22 0.0130944 0.150822 0.6977 0.00328205 0.0999995 0.00184322
0.237317 4.79484 0.215776 0.242292 4.79586 0.22 -0.00354599 -0.0180958 0.665562 0.00327246 0.0999955 0.00206271
0.23732 4.79467 0.222049 0.242331 4.79706 0.22 0.00698024 -0.0588991 0.286164 0.00325486 0.0999971 0.00200986
0.237565 4.79592 0.224187 0.242357 4.79786 0.22 0.0349407 0.189597 0.125855 0.00323773 0.0999985 0.00196865
0.2379 4.79723 0.225114 0.242389 4.79886 0.22 0.0150434 0.0814778 0.138556 0.00318007 0.0999984 0.00206612
0.238073 4.79773 0.227076 0.24242 4.79986 0.22 0.0148343 0.0612257 0.0832271 0.00311741 0.0999958 0.00227578
0.238211 4.79911 0.227813 0.242451 4.80086 0.22 0.0161939 0.16672 0.103534 0.00308939 0.0999927 0.00244578
0.238439 4.79999 0.229302 0.242481 4.80186 0.22 0.0364185 0.024654 0.0713752 0.00304093 0.0999895 0.0026309
0.238818 4.80103 0.229213 0.242511 4.80286 0.22 0.0547408 0.23888 -0.0786165 0.00299003 0.0999898 0.00267773
0.239368 4.80251 0.228023 0.242547 4.80406 0.22 0.0319114 -0.0323323 -0.0502162 0.00296111 0.0999885 0.00275624
0.239549 4.80248 0.227498 0.242577 4.80506 0.22 0.000732599 0.0631181 -0.0418194 0.00300832 0.0999993 0.00226936
0.239331 4.80362 0.226953 0.242608 4.80606 0.22 -0.0255408 0.0380009 -0.0267335 0.00310702 0.100006 0.00180731
0.239027 4.80347 0.226777 0.242641 4.80706 0.22 -0.0316962 0.0253621 -0.0074911 0.00338966 0.100006 0.00117825
0.238599 4.80495 0.22658 0.242677 4.80806 0.22 -0.0493294 0.160711 -0.00471442 0.00361466 0.100001 0.000852462
0.238195 4.80576 0.226846 0.242715 4.80906 0.22 -0.0357708 0.0553232 0.0294778 0.00383718 0.0999937 0.000775505
0.23795 4.80726 0.227171 0.242755 4.81006 0.22 -0.0121961 0.169408 0.0498141 0.00409895 0.0999828 0.000841546
0.237884 4.80877 0.227806 0.242797 4.81106 0.22 -3.88038e-06 0.104549 0.0596976 0.0042115 0.099977 0.000956798
0.237906 4.81011 0.228462 0.24284 4.81206 0.22 0.00491939 0.158753 0.0704736 0.00430849 0.0999712 0.00112214
0.238035 4.81169 0.229447 0.242883 4.81306 0.22 0.0138674 0.165085 0.103621 0.00434792 0.0999685 0.00120688
0.238164 4.8132 0.230616 0.242926 4.81406 0.22 0.0141127 0.132589 0.089851 0.00422956 0.0999742 0.00115859
0.238152 4.81467 0.231658 0.242967 4.81506 0.22 0.00194413 0.148985 0.0845891 0.00404196 0.0999824 0.00111334
0.238027 4.81625 0.232717 0.243007 4.81606 0.22 -0.0149075 0.150357 0.0945902 0.00391623 0.0999873 0.00112591
0.237944 4.81799 0.233654 0.243045 4.81706 0.22 -0.00563982 0.18353 0.0728256 0.00381258 0.0999902 0.00121536
0.237838 4.81933 0.234462 0.243082 4.81806 0.22 -0.0106347 0.148579 0.0810465 0.00371049 0.0999917 0.00139561
0.237694 4.82091 0.235276 0.243112 4.81886 0.22 -0.0126145 0.127078 0.0692553 0.00368721 0.0999961 0.00111343
0.237581 4.8221 0.235958 0.243149 4.81986 0.22 -0.0111163 0.0989827 0.0696101 0.00369023 0.0999942 0.00126654
0.237499 4.82331 0.236661 0.243186 4.82086 0.22 0.00685387 0.14182 0.0607666 0.0037169 0.0999924 0.00133131
0.237518 4.82468 0.237303 0.243223 4.82186 0.22 0.00418578 0.133999 0.0497108 0.00373752 0.0999903 0.00142551
0.237585 4.82597 0.2378 0.24326 4.82286 0.22 0.0110947 0.115034 0.0354386 0.00369183 0.0999906 0.00152045
0.237686 4.82746 0.23822 0.243296 4.82386 0.22 0.0117799 0.130933 0.041658 0.00358382 0.0999928 0.00162857
0.237728 4.82832 0.238456 0.243331 4.82486 0.22 0.000816767 0.136811 0.0244743 0.00349556 0.099994 0.00174429
0.23777 4.82948 0.238707 0.243366 4.82585 0.22 0.0100957 0.0923184 0.0198002 0.00348708 0.0999921 0.00186747
0.237824 4.83055 0.238829 0.243401 4.82685 0.22 0.00015517 0.110858 0.0100816 0.00352212 0.0999896 0.00193064
0.237822 4.83096 0.238935 0.243437 4.82785 0.22 0 0 0 0.00358562 0.099986 0.00200203
0.237822 4.83096 0.171336 0.243474 4.82885 0.22 0 0 0 0.00365424 0.099986 0.00187465
0.237758 4.831 0.180976 0.24351 4.82985 0.22 -0.0321025 0.0178914 0.779433 0.00367909 0.0999835 0.00195373
0.237434 4.8315 0.192105 0.243547 4.83085 0.22 -0.0288185 0.0931096 0.82729 0.00372665 0.0999794 0.00207059
0.237352 4.83254 0.200421 0.243585 4.83185 0.22 0.0205892 -0.0521688 0.177323 0.00376441 0.0999779 0.00207432
0.237319 4.83228 0.208287 0.243631 4.83305 0.22 -0.0428624 -0.0359406 0.46866 0.00385544 0.0999751 0.00204603
0.237143 4.83297 0.214442 0.24367 4.83405 0.22 -0.0111466 0.108968 0.419941 0.00392751 0.0999648 0.00238317
0.236973 4.83391 0.219257 0.243701 4.83485 0.22 -0.000798502 0.0455433 0.324707 0.00391656 0.099949 0.00298736
0.237061 4.83377 0.221427 0.24374 4.83585 0.22 0.0163055 0.0276353 0.187335 0.00386413 0.0999352 0.00347622
0.237448 4.83624 0.222679 0.243778 4.83685 0.22 0.0407506 0.434227 0.0183502 0.00377092 0.0999111 0.00419772
0.23786 4.83823 0.221626 0.243815 4.83785 0.22 0.0367425 -0.0404702 -0.115084 0.00367282 0.0998832 0.00490847
0.238108 4.83877 0.219871 0.243858 4.83905 0.22 0.0256879 0.115417 -0.107175 0.00355932 0.0998925 0.00478446
0.238354 4.83988 0.218843 0.243886 4.83985 0.22 0.0438052 0.0680232 -0.116743 0.00355491 0.0999017 0.00459
0.238808 4.84025 0.217945 0.243923 4.84079 0.22 0.0518731 0.063085 -0.0134226 0.00363371 0.0949041 0.00436792
0.239211 4.84127 0.218051 0.24396 4.84174 0.22 0.0290587 0.115933 0.0200432 0.00375473 0.0948829 0.00471126
0.239477 4.84235 0.218528 0.243999 4.84268 0.22 0.0149736 0.086994 0.0386641 0.0039311 0.0948433 0.00532433
0.239511 4.8432 0.219014 0.244039 4.84363 0.22 0.000627369 0.120308 0.0479626 0.00401662 0.0948204 0.00565935
0.239506 4.84418 0.219782 0.24408 4.84458 0.22 0.00869276 0.0513509 0.0728322 0.00410999 0.0947949 0.00600887
0.239529 4.84481 0.220736 0.244122 4.84553 0.22 -0.00199181 0.0474411 0.0904935 0.00420897 0.0947675 0.00636106
0.239459 4.8455 0.222052 0.244172 4.84667 0.22 -0.00314069 0.0810256 0.0992329 0.00422171 0.0947612 0.00644588
0.239406 4.84616 0.223371 0.244214 4.84761 0.22 -0.00491152 0.0785388 0.113841 0.00419649 0.0947609 0.0064667
0.239397 4.8467 0.22476 0.244256 4.84856 0.22 -0.00421429 0.0577753 0.1137 0.00414265 0.0947592 0.00652654
0.239373 4.84744 0.226214 0.244297 4.84951 0.22 -0.0068708 0.0747276 0.128328 0.0040991 0.0947519 0.00665885
0.239272 4.84813 0.227654 0.244338 4.85046 0.22 -0.0121083 0.070243 0.110163 0.00413245 0.0947278 0.00697307
0.239198 4.84897 0.228981 0.24438 4.8514 0.22 -0.00522997 0.0744475 0.105049 0.00417103 0.0947155 0.00711643
0.239115 4.84972 0.230208 0.244422 4.85235 0.22 0.000913751 0.0529251 0.0953481 0.00419249 0.0947023 0.0072779
0.239046 4.85033 0.231452 0.244463 4.8533 0.22 -0.00310704 0.0539366 0.112959 0.00410717 0.0946984 0.00737648
0.238982 4.85118 0.232456 0.244503 4.85424 0.22 -0.00917074 0.0834052 0.0787823 0.00398546 0.0947033 0.00737997
0.238919 4.85219 0.233418 0.244542 4.85519 0.22 -0.0128338 0.0958252 0.077771 0.00389626 0.094706 0.0073934
0.238794 4.85328 0.234401 0.24458 4.85614 0.22 -0.0109384 0.100741 0.0773159 0.00383611 0.0946987 0.00751675
0.238674 4.85448 0.235241 0.244619 4.85709 0.22 -0.0115322 0.10727 0.0730653 0.00386059 0.0946818 0.00771519
0.23865 4.85575 0.235937 0.244658 4.85803 0.22 -0.00461724 0.132656 0.0617588 0.00388215 0.0946265 0.00835585
0.238668 4.85704 0.236466 0.244697 4.85898 0.22 0.00454165 0.105688 0.0484628 0.00388324 0.094611 0.00852889
0.238711 4.85834 0.236865 0.244735 4.85992 0.22 0.00624969 0.116981 0.0255313 0.00380951 0.0945957 0.00872925
0.238725 4.85947 0.23716 0.244772 4.86087 0.22 -0.00644305 0.107562 0.0339298 0.00372448 0.0945953 0.00877075
0.238713 4.86061 0.237359 0.244809 4.86182 0.22 -0.00041416 0.121501 0.024339 0.00364452 0.0945986 0.00876876
0.238717 4.86172 0.237493 0.244845 4.86276 0.22 -0.000341204 0.134277 0.0229327 0.00357855 0.0945997 0.00878387
0.238717 4.86172 0.237531 0.24488 4.86371 0.22 0 0 0 0.00356606 0.094605 0.00873099
0.238717 4.86172 0.174802 0.244916 4.86465 0.22 0 0 0 0.00354792 0.0945996 0.00879705
0.238688 4.86224 0.184747 0.244951 4.8656 0.22 -0.0144252 0.258213 0.831834 0.00356287 0.094616 0.00861325
0.238572 4.86542 0.196226 0.244987 4.86655 0.22 -0.0283543 0.27763 0.882311 0.00352771 0.094613 0.00866016
0.238635 4.86681 0.20611 0.245022 4.86749 0.22 0.0182838 0.122906 0.707013 0.00348659 0.0946121 0.00868617
0.238786 4.86725 0.214919 0.245056 4.86844 0.22 0.000999951 -0.0191627 0.651181 0.00345798 0.0946069 0.00875433
0.238918 4.86742 0.220353 0.245091 4.86938 0.22 0.0279071 0.0879282 0.199289 0.00340285 0.0946244 0.0085852
0.239059 4.86904 0.222145 0.245124 4.87033 0.22 0.0313969 0.155028 0.134282 0.00338601 0.0946315 0.00851367
0.239204 4.86993 0.223206 0.245158 4.87128 0.22 0.0104205 0.0626274 0.134986 0.00334749 0.0946272 0.00857575
0.23915 4.87095 0.224566 0.245191 4.87218 0.22 -0.00225996 0.118148 0.113139 0.00332425 0.0896458 0.00816331
0.238978 4.87228 0.225827 0.245225 4.87308 0.22 -0.0194118 0.104659 0.131668 0.00333534 0.0896309 0.00832051
0.238783 4.87338 0.226608 0.245259 4.87398 0.22 -0.0118447 0.204471 -0.0152989 0.00342663 0.0896199 0.00840148
0.23873 4.87502 0.225365 0.245294 4.87487 0.22 0.00638699 0.0492552 -0.0848596 0.00361714 0.089613 0.00839565
0.238702 4.8749 0.224754 0.245332 4.87577 0.22 0.00310238 0.0267327 -0.0401986 0.0037858 0.0896346 0.00808556
0.238877 4.8758 0.224185 0.245372 4.87667 0.22 0.0309005 0.0924991 -0.0337849 0.00406374 0.08967 0.00753936
0.239266 4.87596 0.223887 0.245414 4.87756 0.22 0.0488445 0.0323007 -0.0176494 0.00419074 0.089692 0.00720017
0.239701 4.87657 0.223733 0.245456 4.87846 0.22 0.0441082 0.0734028 -0.00135328 0.00423182 0.0897025 0.0070444
0.240074 4.87737 0.224017 0.245499 4.87936 0.22 0.0354568 0.075212 0.0400868 0.00424249 0.0897181 0.00683565
0.240277 4.87818 0.224473 0.245541 4.88025 0.22 0.00898759 0.0774327 0.0469751 0.00424345 0.0897267 0.00672145
0.2403 4.87907 0.22533 0.245584 4.88115 0.22 -0.00896587 0.0993453 0.0878506 0.00424187 0.0897334 0.00663275
0.24019 4.8802 0.22627 0.245626 4.88205 0.22 -0.0159538 0.128393 0.0952509 0.00423174 0.089753 0.00636785
0.240107 4.88154 0.227272 0.245668 4.88295 0.22 -0.00742114 0.141617 0.104913 0.00422473 0.0897572 0.00631298
0.23998 4.88293 0.22825 0.245711 4.88384 0.22 -0.0191535 0.118431 0.0920493 0.0042245 0.0897564 0.00632437
0.23987 4.88421 0.229257 0.245753 4.88474 0.22 -0.00980182 0.187373 0.0994522 0.00422643 0.0897494 0.00642283
0.23976 4.88582 0.230291 0.245795 4.88564 0.22 -0.0126813 0.155041 0.110225 0.00421112 0.0897354 0.00662512
0.239709 4.88702 0.231432 0.245837 4.88654 0.22 -0.00378104 0.14264 0.111855 0.00416887 0.0897265 0.00677088
0.239672 4.88855 0.232435 0.245878 4.88743 0.22 -0.00281276 0.147391 0.107301 0.00411469 0.0897234 0.0068445
0.239597 4.88972 0.233587 0.245918 4.88833 0.22 -0.00944351 0.0887073 0.101395 0.00402257 0.0897199 0.00694417
0.239531 4.8908 0.23446 0.245958 4.88923 0.22 -0.00611131 0.116693 0.0778579 0.00396256 0.0897177 0.00700682
0.239406 4.89212 0.235224 0.245997 4.89012 0.22 -0.0172769 0.1279 0.0831155 0.00391876 0.089715 0.00706601
0.239314 4.89315 0.236059 0.246036 4.89102 0.22 -0.0124825 0.106274 0.0693918 0.0038699 0.0897126 0.00712304
0.239262 4.89441 0.23664 0.246075 4.89192 0.22 -0.00355421 0.121339 0.0731941 0.00383308 0.0897112 0.00716
0.239177 4.89553 0.237141 0.246112 4.89282 0.22 -0.00402386 0.0913491 0.0536491 0.00376972 0.0897053 0.00726659
0.239071 4.89675 0.237481 0.246149 4.89371 0.22 -0.0121858 0.103657 0.0387434 0.00368222 0.0896946 0.0074421
0.239043 4.89792 0.237622 0.246186 4.89461 0.22 -0.00505492 0.120948 0.0286825 0.00362107 0.0896876 0.00755495
0.239079 4.89886 0.237741 0.246222 4.89551 0.22 0.00332084 0.0995042 0.0153267 0.00356982 0.0896794 0.00767622
0.23908 4.89977 0.237867 0.246257 4.8964 0.22 -0.00527232 0.12144 0.0175465 0.00349225 0.0896725 0.00779142
0.23908 4.89977 0.237929 0.246291 4.8973 0.22 0 0 0 0.00342114 0.0896698 0.00785361
0.23908 4.89977 0.173438 0.246325 4.8982 0.22 0 0 0 0.00339975 0.089674 0.00781504
0.239092 4.89976 0.183066 0.246359 4.89909 0.22 0.00628462 -0.00305777 0.753047 0.00342181 0.0896766 0.00777543
0.23924 4.90018 0.19407 0.246394 4.89999 0.22 0.00944064 0.0937524 0.819971 0.00346781 0.0896785 0.00773276
0.239457 4.90142 0.204252 0.246429 4.90089 0.22 0.0224843 0.0911668 0.688043 0.00360223 0.0896832 0.00761585
0.239859 4.90068 0.210848 0.246467 4.90178 0.22 0.0492146 -0.127032 0.437829 0.00374784 0.0896874 0.00749529
0.240294 4.90152 0.214406 0.246505 4.90268 0.22 0.0238984 0.238402 0.06803 0.0038899 0.0896604 0.00774223
0.240341 4.9036 0.214071 0.246545 4.90358 0.22 0.00819545 0.193486 0.0129355 0.00398236 0.0896168 0.00818694
0.24059 4.90497 0.21353 0.246585 4.90447 0.22 0.0100749 0.110289 -0.0186296 0.00407048 0.0895755 0.00858574
0.24066 4.90572 0.213145 0.246627 4.90537 0.22 -0.00351339 0.0685544 -0.0415103 0.004221 0.0895192 0.00908584
0.240555 4.90702 0.212546 0.24667 4.90626 0.22 -0.0227365 0.159735 -0.0551071 0.00430495 0.0894961 0.00927268
0.240397 4.90795 0.211889 0.246714 4.90716 0.22 -0.0103479 0.0420577 -0.0271593 0.00434954 0.0894665 0.00953391
0.24033 4.90857 0.211851 0.246757 4.90805 0.22 -0.00173436 0.103811 0.0223883 0.00432744 0.0894456 0.00973799
0.240344 4.90958 0.212629 0.2468 4.90895 0.22 0.00833796 0.0565592 0.0517362 0.0042938 0.0894206 0.00997863
0.240533 4.91016 0.213172 0.246843 4.90984 0.22 0.0233637 0.0777647 0.0458606 0.00425172 0.0893802 0.0103517
0.240726 4.91106 0.213808 0.246885 4.91073 0.22 0.0225784 0.0804574 0.064976 0.0041756 0.0893296 0.0108101
0.240934 4.91127 0.214678 0.246926 4.91163 0.22 0.0244118 0.0195656 0.0737763 0.00410315 0.0892947 0.0111213
0.241049 4.91183 0.215596 0.246966 4.91252 0.22 0.00759297 0.0511209 0.0787743 0.00401824 0.0892649 0.011388
0.241119 4.91211 0.216706 0.247006 4.91341 0.22 0.00199366 0.00677393 0.0988241 0.00394756 0.089248 0.0115445
0.241189 4.91227 0.218019 0.247044 4.9143 0.22 0.000405737 0.0173152 0.103724 0.00382376 0.0892281 0.0117382
0.241215 4.91265 0.219238 0.247082 4.9152 0.22 0.000263538 0.0344917 0.101921 0.00374008 0.0892111 0.0118935
0.24122 4.91311 0.220505 0.247119 4.91609 0.22 0.0070703 0.0613508 0.104877 0.00368882 0.0891891 0.0120733
0.24131 4.91357 0.221848 0.247155 4.91698 0.22 0.00524729 0.0512364 0.113307 0.00368417 0.0891651 0.0122508
0.241362 4.91405 0.223082 0.247193 4.91787 0.22 0.00588157 0.0277343 0.120658 0.00372775 0.0891319 0.0124767
0.241356 4.91445 0.22439 0.24723 4.91876 0.22 -0.0061667 0.0348599 0.11897 0.00376151 0.0890753 0.0128649
0.24136 4.91492 0.225645 0.247268 4.91965 0.22 -0.00610192 0.0719907 0.113137 0.00376412 0.0890451 0.0130718
0.241385 4.91551 0.226595 0.247305 4.92054 0.22 0.0023731 0.034225 0.0741936 0.00374347 0.0889257 0.0138659
0.241393 4.9161 0.227482 0.247343 4.92143 0.22 -0.0011872 0.073641 0.0856974 0.00372163 0.0889158 0.013935
0.241398 4.91686 0.228285 0.24738 4.92232 0.22 -0.000140929 0.0692965 0.0650596 0.00370043 0.0889084 0.013988
0.241407 4.91758 0.228936 0.247417 4.92321 0.22 -0.00429776 0.0825745 0.0690728 0.00372235 0.088895 0.014067
0.241369 4.91857 0.229613 0.247454 4.9241 0.22 -0.0024278 0.0926062 0.0686548 0.00376918 0.0888786 0.0141582
0.241352 4.91946 0.230211 0.247492 4.92499 0.22 -0.00904487 0.0994818 0.0506651 0.00379878 0.088864 0.0142416
0.2413 4.92046 0.230707 0.24753 4.92588 0.22 -0.0180591 0.118597 0.0316477 0.00379772 0.0888404 0.0143881
0.241244 4.92151 0.231016 0.247568 4.92676 0.22 -0.00475458 0.0793673 0.0429047 0.00372403 0.0887759 0.0147997
0.241226 4.92249 0.231277 0.247604 4.92765 0.22 -0.00740086 0.113159 0.0186501 0.00363761 0.0887646 0.014889
0.241214 4.92365 0.231403 0.24764 4.92854 0.22 -0.00774803 0.123052 0.0121818 0.00356414 0.0887612 0.0149268
0.241175 4.92451 0.23142 0.247675 4.92943 0.22 0 0 0 0.00351672 0.0887626 0.0149298
0.241175 4.92451 0.166498 0.24771 4.93031 0.22 0 0 0 0.00348325 0.0887621 0.0149408
0.241175 4.92451 0.174828 0.247745 4.9312 0.22 0 0 0 0.00346362 0.0887673 0.0149141
0.241188 4.92592 0.185628 0.24778 4.93209 0.22 0.00257729 0.417732 1.01262 0.00347787 0.0887695 0.014898
0.241267 4.92963 0.197347 0.247814 4.93298 0.22 0.0330007 0.2636 0.8577 0.0034938 0.0887728 0.0148744
0.241563 4.93181 0.207145 0.24785 4.93386 0.22 0.0203686 0.0893074 0.704294 0.00353848 0.0887613 0.014932
0.241675 4.93207 0.215806 0.247886 4.93475 0.22 0.00690143 -0.101162 0.419883 0.00359557 0.0887535 0.014965
0.241822 4.93133 0.220359 0.247922 4.93564 0.22 0.0486679 0.0979172 0.268333 0.00362369 0.088776 0.0148242
0.242095 4.93468 0.221503 0.247958 4.93653 0.22 -0.024292 0.281776 0.121809 0.00365279 0.0887398 0.015032
0.241973 4.93633 0.221472 0.247995 4.93741 0.22 0.0133228 -0.00172795 -0.0462866 0.00368831 0.0886689 0.0154367
0.242041 4.9364 0.220505 0.248032 4.9383 0.22 -0.0140677 0.0693969 -0.0457612 0.00366773 0.0886726 0.0154201
0.24198 4.93713 0.220034 0.248068 4.93919 0.22 -0.0149916 -0.00470947 -0.0198464 0.00359883 0.088776 0.0148304
0.241907 4.93684 0.219732 0.248104 4.94008 0.22 -6.88716e-05 -0.0208044 -0.0261949 0.00361204 0.0889061 0.0140255
0.241875 4.93717 0.219499 0.24814 4.94097 0.22 0.00150163 0.0947664 0.0226133 0.00363296 0.0889891 0.0134836
0.241933 4.93779 0.21964 0.248177 4.94186 0.22 0.00835688 0.0553639 0.0119769 0.00367542 0.0890275 0.0132161
0.242 4.93865 0.219709 0.248214 4.94269 0.22 7.82653e-05 0.126426 0.0508024 0.00373744 0.0841084 0.0122832
0.241969 4.93975 0.220111 0.248252 4.94353 0.22 0.00544497 0.0949689 0.0777224 0.00378295 0.0841076 0.0122742
0.241986 4.94049 0.22086 0.24829 4.94437 0.22 -0.00255427 0.0806952 0.0717234 0.00383646 0.0841075 0.0122585
0.241978 4.9415 0.221769 0.248329 4.94521 0.22 0.0016875 0.105274 0.119506 0.00388118 0.084116 0.012186
0.241979 4.94249 0.222991 0.248368 4.94605 0.22 0.000510504 0.105083 0.112943 0.00394095 0.0841442 0.01197
0.241995 4.94354 0.224242 0.248408 4.9469 0.22 -0.00154952 0.110502 0.121344 0.00397981 0.0841702 0.0117729
0.241995 4.94482 0.225406 0.248448 4.94774 0.22 -0.00940549 0.148479 0.118163 0.00400543 0.0841881 0.0116352
0.241976 4.94627 0.226591 0.248488 4.94858 0.22 0.00160188 0.181863 0.111039 0.00400846 0.0841907 0.0116153
0.241964 4.94789 0.227644 0.248528 4.94942 0.22 0.00677037 0.155621 0.108672 0.00401652 0.0842023 0.0115286
0.241999 4.94957 0.228561 0.248568 4.95026 0.22 0.00194082 0.186023 0.115617 0.00400174 0.0841857 0.011654
0.241995 4.95118 0.229603 0.248608 4.9511 0.22 0.0111697 0.152746 0.117079 0.00400257 0.0841625 0.01182
0.242049 4.95273 0.230608 0.248648 4.95195 0.22 0.000711796 0.177765 0.0962039 0.00402255 0.0841348 0.0120089
0.242115 4.9543 0.231505 0.248689 4.95279 0.22 0.0119078 0.135344 0.10152 0.00403153 0.0841204 0.0121065
0.242222 4.95568 0.232295 0.248729 4.95363 0.22 0.00449517 0.150381 0.0803184 0.00403065 0.0841181 0.0121228
0.242328 4.95706 0.232971 0.248769 4.95447 0.22 0.0182993 0.115639 0.0856872 0.00398883 0.0841019 0.0122482
0.242429 4.95838 0.233685 0.248809 4.95531 0.22 0.00184508 0.151977 0.0711512 0.00395056 0.084094 0.0123149
0.242489 4.95963 0.234206 0.248848 4.95615 0.22 0.00360267 0.0905447 0.0682944 0.00395726 0.0840874 0.0123577
0.242591 4.96077 0.234699 0.248888 4.95699 0.22 0.0123099 0.122229 0.0546904 0.00401427 0.0840724 0.0124408
0.242696 4.96192 0.23504 0.248929 4.95783 0.22 0.0088557 0.108935 0.0346153 0.0040448 0.0840577 0.0125298
0.242746 4.96298 0.235296 0.248969 4.95867 0.22 0.00951525 0.0923486 0.0296174 0.00401814 0.0840433 0.0126349
0.242776 4.96399 0.235467 0.249009 4.95951 0.22 -0.00247501 0.0841211 0.0285975 0.00396834 0.0840339 0.0127127
0.242771 4.96486 0.235655 0.249048 4.96035 0.22 -0.0016779 0.0984488 0.0318764 0.00388476 0.0840247 0.0127994
0.242764 4.96548 0.235843 0.249086 4.96119 0.22 0 0 0 0.00385163 0.0840218 0.012828
0.242764 4.96548 0.159879 0.249125 4.96203 0.22 0 0 0 0.00385468 0.0840477 0.0126564
0.242764 4.96548 0.169928 0.249171 4.96304 0.22 0 0 0 0.00388203 0.0840508 0.0126272
0.242984 4.96544 0.180821 0.24921 4.96388 0.22 0.0467884 0.0184143 0.85033 0.00392173 0.0840484 0.0126311
0.24332 4.96647 0.19252 0.24925 4.96472 0.22 0.0337937 0.154163 0.860892 0.00397539 0.0840479 0.012618
0.243657 4.96788 0.203364 0.24929 4.96556 0.22 0.0279389 0.108772 0.789255 0.00404716 0.084048 0.0125943
0.243869 4.96793 0.213199 0.249331 4.96641 0.22 0.00876436 -0.0270796 0.620775 0.00411711 0.0840789 0.0123631
0.243942 4.96621 0.215442 0.249373 4.96725 0.22 0.000198132 0.0757911 0.0265051 0.00414624 0.0841042 0.0121804
0.243778 4.97003 0.215491 0.249415 4.96809 0.22 -0.00159744 0.457356 0.0668616 0.00419145 0.0840523 0.0125184
0.243932 4.9717 0.214713 0.249448 4.96876 0.22 0.000727195 0.0732698 -0.0703066 0.00424201 0.0839289 0.0133046
0.243959 4.97246 0.214123 0.249491 4.9696 0.22 -0.0110978 0.106192 -0.0121855 0.00429072 0.0838224 0.0139448
0.243887 4.97375 0.213726 0.249534 4.97044 0.22 -0.00443403 0.120913 -0.059688 0.00429521 0.083784 0.0141723
0.243899 4.97468 0.212629 0.249577 4.97127 0.22 0.00789649 0.0474115 -0.0395668 0.00432695 0.0837373 0.0144362
0.243907 4.97522 0.212512 0.249621 4.97211 0.22 0.00321597 0.07775 0.048668 0.0043696 0.0837193 0.0145277
0.243991 4.97574 0.213195 0.249665 4.97295 0.22 0.00212677 0.00812389 0.0105595 0.00439565 0.0837078 0.0145855
0.244084 4.97639 0.21349 0.249709 4.97395 0.22 0.00445186 0.0870926 0.0396003 0.00446134 0.0836702 0.0147804
0.244191 4.97685 0.214237 0.249763 4.97479 0.22 0.00956456 0.0555387 0.0834247 0.00448875 0.0836303 0.0149961
0.244223 4.97736 0.215285 0.249808 4.97562 0.22 -0.00135988 0.0668389 0.0936249 0.00449232 0.0835985 0.0151713
0.244253 4.97778 0.216367 0.249853 4.97646 0.22 0.00992165 0.0419755 0.10238 0.00449526 0.0835638 0.0153606
0.244227 4.9781 0.217716 0.249898 4.97729 0.22 -0.00386849 0.0435063 0.114691 0.00449438 0.0835373 0.0155041
0.244214 4.97849 0.219055 0.249943 4.97813 0.22 -0.00149639 0.0220732 0.113795 0.00451462 0.0834954 0.0157228
0.244203 4.97872 0.22042 0.249979 4.9788 0.22 -0.0043772 0.0275086 0.119136 0.00454297 0.0834731 0.0158324
0.244181 4.97904 0.221857 0.250034 4.9798 0.22 0.00295192 0.0231941 0.128906 0.00458558 0.0834501 0.0159408
0.244144 4.97912 0.223247 0.25008 4.98063 0.22 -0.00781283 0.00553964 0.109595 0.00459578 0.0834437 0.0159716
0.244128 4.97942 0.224565 0.250126 4.98147 0.22 -0.000936377 0.0365616 0.115934 0.00458169 0.0834438 0.0159749
0.244072 4.97992 0.225914 0.250172 4.9823 0.22 -0.00372332 0.0517242 0.115745 0.00453452 0.0834321 0.0160493
0.244076 4.98041 0.227231 0.250217 4.98314 0.22 -0.000935219 0.0533664 0.108312 0.00451002 0.0834112 0.0161644
0.244064 4.98119 0.22842 0.250262 4.98397 0.22 -0.00609768 0.0755662 0.111634 0.00455899 0.0834003 0.0162071
0.24403 4.98195 0.229573 0.250308 4.9848 0.22 -0.00392561 0.0548607 0.101306 0.00460042 0.0833863 0.0162673
0.243915 4.98282 0.230621 0.250354 4.98564 0.22 -0.0167074 0.10879 0.0910635 0.00462332 0.0833696 0.0163462
0.24374 4.98371 0.231424 0.2504 4.98647 0.22 -0.0194452 0.0737108 0.0674363 0.00459363 0.0833567 0.0164199
0.243666 4.98463 0.232196 0.250446 4.98731 0.22 0.00230777 0.0985806 0.0757073 0.00456383 0.0833552 0.0164358
0.24367 4.98558 0.232849 0.250491 4.98814 0.22 -0.00246666 0.0992259 0.0698681 0.00454751 0.0833567 0.0164328
0.243681 4.9867 0.233436 0.250537 4.98897 0.22 -0.00457576 0.0895551 0.0569159 0.00461682 0.0833456 0.0164701
0.243672 4.98759 0.233837 0.250575 4.98964 0.22 0.0025136 0.128132 0.0568366 0.00467389 0.0832952 0.0167071
0.243679 4.98902 0.234365 0.250632 4.99064 0.22 -0.00253918 0.110859 0.0420614 0.0047431 0.0832748 0.016789
0.243718 4.99024 0.234579 0.250679 4.99147 0.22 0.00403113 0.129983 0.0337837 0.00473471 0.083268 0.0168252
0.24374 4.99104 0.234631 0.250726 4.9923 0.22 0 0 0 0.00466096 0.0832629 0.0168711
0.24374 4.99104 0.166597 0.250772 4.99314 0.22 0 0 0 0.00457414 0.083274 0.0168396
0.24374 4.99104 0.175008 0.250817 4.99397 0.22 0 0 0 0.00448222 0.0832948 0.0167614
0.243859 4.99296 0.186086 0.250861 4.9948 0.22 0.020453 0.34847 0.985772 0.00439743 0.0833156 0.0166805
0.244075 4.9958 0.197386 0.250904 4.99564 0.22 0.0326481 0.217366 0.843721 0.00430287 0.0833343 0.0166113
0.244268 4.99758 0.207051 0.250947 4.99647 0.22 0.0168001 0.0944152 0.724807 0.0042833 0.0833283 0.0166467
0.244319 4.99759 0.215282 0.250989 4.9973 0.22 0.00382251 -0.111566 0.398346 0.00424212 0.0833527 0.0165346
0.244511 4.99708 0.219328 0.251031 4.99814 0.22 0.0555903 0.0359968 0.293362 0.00418825 0.0834042 0.0162868
0.244769 4.99953 0.22209 0.251073 4.99897 0.22 0.00586084 0.31506 0.281689 0.0041522 0.0833548 0.016547
0.244876 5.00168 0.223441 0.251114 4.9998 0.22 0.0136949 0.11557 0.109672 0.00412357 0.0832834 0.0169095
0.245012 5.00256 0.223781 0.251155 5.00063 0.22 0.00711266 0.141114 0.0066668 0.00411346 0.0831908 0.0173618
0.244991 5.00444 0.222938 0.251196 5.00147 0.22 -0.00483929 0.122365 -0.0547844 0.00410685 0.083215 0.0172471
0.244859 5.00397 0.222302 0.251238 5.0023 0.22 -0.0128969 -0.0978514 -0.0550518 0.00410708 0.0833595 0.0165345
0.244744 5.00426 0.22181 0.251279 5.00313 0.22 -0.00168164 0.111513 -0.0218057 0.00416166 0.0835243 0.0156662
0.24475 5.00478 0.221635 0.251321 5.00397 0.22 0.00834699 -0.0269758 -0.0107935 0.00419308 0.0836097 0.0151955
0.244914 5.00526 0.221414 0.251363 5.00481 0.22 0.0138253 0.124302 -0.000557293 0.00419918 0.0836559 0.0149373
0.245127 5.0066 0.221402 0.251405 5.00564 0.22 0.0130433 0.116203 0.0246899 0.00417034 0.0836563 0.0149432
0.245284 5.00736 0.221942 0.251446 5.00648 0.22 0.0145951 0.0774317 0.0664164 0.00413396 0.0836534 0.0149693
0.245413 5.00845 0.222772 0.251487 5.00732 0.22 0.00917218 0.135788 0.0944375 0.0041389 0.0836642 0.0149075
0.245501 5.00927 0.223928 0.251529 5.00815 0.22 -0.000828366 0.0642458 0.101604 0.00417921 0.0836902 0.0147496
0.245554 5.01025 0.225147 0.251571 5.00899 0.22 0.00141018 0.135711 0.121628 0.00422959 0.083726 0.0145303
0.24554 5.01145 0.226524 0.251614 5.00983 0.22 -0.000820851 0.100649 0.142251 0.00426499 0.0837596 0.0143249
0.245511 5.01253 0.227802 0.251657 5.01067 0.22 -0.00503426 0.14209 0.116269 0.00429016 0.0837715 0.0142473
0.245503 5.01421 0.228823 0.2517 5.0115 0.22 0.00445617 0.153449 0.116868 0.00431852 0.083775 0.0142184
0.245528 5.01576 0.229942 0.251743 5.01234 0.22 0.00802266 0.161556 0.130388 0.00433953 0.0837525 0.0143441
0.2456 5.01724 0.231044 0.251787 5.01318 0.22 0.00742699 0.173194 0.113156 0.00435553 0.0837225 0.0145133
0.245688 5.01867 0.232192 0.25183 5.01402 0.22 0.00768528 0.138718 0.12966 0.00435298 0.0836931 0.0146827
0.245736 5.02015 0.233322 0.251874 5.01485 0.22 0.00596494 0.142101 0.124241 0.00433504 0.0836792 0.0147666
0.245751 5.0213 0.234216 0.251917 5.01569 0.22 0.000523767 0.119478 0.100013 0.00432258 0.0836712 0.0148157
0.24576 5.02263 0.235061 0.25196 5.01653 0.22 -0.0111789 0.136169 0.0885437 0.00431655 0.0836634 0.0148616
0.245751 5.02382 0.235825 0.252003 5.01736 0.22 -0.00028765 0.116622 0.0805755 0.00432678 0.0836599 0.0148785
0.245747 5.025 0.236447 0.252047 5.0182 0.22 -0.00115815 0.127602 0.064955 0.00433795 0.0836554 0.0149002
0.245747 5.02602 0.236917 0.25209 5.01904 0.22 -0.00319628 0.102422 0.0599925 0.00432889 0.0836471 0.0149493
0.245738 5.02712 0.23726 0.252133 5.01987 0.22 0.00655297 0.105692 0.0519763 0.0042827 0.0836339 0.0150365
0.245708 5.02815 0.237515 0.252176 5.02071 0.22 0.00818556 0.0847844 0.0356982 0.00425533 0.0836242 0.0150981
0.245754 5.02914 0.237692 0.252218 5.02154 0.22 0.00673858 0.103423 0.0303626 0.00423288 0.0836113 0.0151757
0.245771 5.0299 0.237893 0.25226 5.02238 0.22 0.00636057 0.079519 0.0358424 0.00421185 0.0836047 0.0152178
0.245773 5.03029 0.238001 0.252302 5.02322 0.22 0 0 0 0.00420087 0.0836051 0.0152186
0.245773 5.03029 0.164886 0.252344 5.02405 0.22 0 0 0 0.00419262 0.0836446 0.0150021
0.245773 5.03029 0.173828 0.252386 5.02489 0.22 0 0 0 0.00422232 0.0837456 0.0144193
0.246049 5.03019 0.184782 0.252429 5.02573 0.22 0.0365283 0.0415281 0.865158 0.00422549 0.0837425 0.0144362
0.246349 5.03124 0.196133 0.252471 5.02656 0.22 0.0269526 0.147961 0.835309 0.00425115 0.0837523 0.0143718
0.246643 5.03245 0.206699 0.252514 5.0274 0.22 0.0256576 0.0822729 0.7707 0.00429227 0.0837682 0.0142661
0.246861 5.03113 0.213183 0.252557 5.02824 0.22 -0.00612016 -0.311196 0.0824724 0.00431868 0.0837976 0.0140844
0.246699 5.03041 0.215113 0.2526 5.02908 0.22 -0.0123378 0.291491 0.251694 0.00433384 0.0838159 0.0139704
0.246703 5.03434 0.216837 0.252644 5.02992 0.22 -0.00674811 0.327535 0.0480187 0.00436197 0.0836292 0.0150396
0.246753 5.03613 0.216802 0.252688 5.03075 0.22 -0.001405 0.086377 0.0193611 0.00441306 0.083429 0.0160994
0.246684 5.03729 0.216304 0.252732 5.03158 0.22 -0.00581461 0.152502 -0.0603785 0.00443305 0.0833352 0.0165727
0.246568 5.03836 0.215121 0.252777 5.03242 0.22 -0.00987159 0.0583465 -0.0669841 0.00445979 0.0832992 0.0167456
0.24653 5.03884 0.214236 0.252821 5.03325 0.22 -0.000309179 0.0540847 -0.0292114 0.00448547 0.0833174 0.0166481
0.246632 5.03956 0.214063 0.252866 5.03408 0.22 0.00940128 0.0453308 0.0345711 0.00450185 0.0833553 0.0164528
0.246715 5.04016 0.214409 0.252912 5.03492 0.22 0.0153555 0.0994991 0.0690505 0.00453261 0.0833513 0.0164647
0.246806 5.04114 0.215096 0.252957 5.03575 0.22 0.00919017 0.0698009 0.0848153 0.0045534 0.0833123 0.0166552
0.246893 5.04189 0.216142 0.253003 5.03658 0.22 0.0123699 0.0703391 0.102515 0.00455906 0.0832343 0.0170391
0.246985 5.0427 0.217326 0.253048 5.03741 0.22 0.00397293 0.0827852 0.0961253 0.00454022 0.0831374 0.0175104
0.246989 5.04343 0.218355 0.253094 5.03824 0.22 -0.00159218 0.0811457 0.111806 0.00453018 0.0830734 0.0178141
0.246992 5.04391 0.219571 0.253139 5.03908 0.22 -0.0100307 0.0546612 0.124129 0.0045421 0.0830358 0.0179859
0.246956 5.04437 0.220826 0.253185 5.03991 0.22 0.000171728 0.0260542 0.112447 0.00459294 0.0830054 0.0181126
0.246974 5.04475 0.222182 0.253231 5.04074 0.22 0.00384521 0.0276956 0.126366 0.00469186 0.0829818 0.0181954
0.246969 5.04503 0.223592 0.253279 5.04156 0.22 0.00478433 0.026393 0.115302 0.0047351 0.0829769 0.0182065
0.246923 5.04541 0.224934 0.253326 5.04239 0.22 -0.0145863 0.018874 0.112711 0.00474137 0.0829008 0.0185482
0.246847 5.04582 0.22635 0.253374 5.04322 0.22 -0.00400105 0.0697953 0.140968 0.00472934 0.0828298 0.0188658
0.246812 5.04644 0.227813 0.253421 5.04405 0.22 -0.000285011 0.0378242 0.134883 0.00471676 0.0828194 0.0189146
0.2468 5.04693 0.229158 0.253468 5.04488 0.22 -0.00383427 0.0816453 0.108546 0.00468598 0.08278 0.019094
0.246781 5.04773 0.230264 0.253515 5.04571 0.22 -0.00310895 0.0776571 0.120818 0.0047143 0.0827754 0.0191068
0.246767 5.04849 0.231325 0.253562 5.04653 0.22 0.00133551 0.0870004 0.0854703 0.0047684 0.0827715 0.0191103
0.246752 5.04938 0.232112 0.25361 5.04736 0.22 0.000196216 0.0884674 0.0844859 0.00482396 0.0827669 0.0191162
0.246731 5.05033 0.232965 0.253659 5.04819 0.22 -0.00253468 0.117237 0.0883664 0.00484696 0.0827731 0.0190834
0.2467 5.05133 0.233856 0.253707 5.04902 0.22 -0.00386584 0.094424 0.0903418 0.00482978 0.0827764 0.0190736
0.246687 5.05244 0.234515 0.253755 5.04984 0.22 5.28161e-05 0.110094 0.0651857 0.00478405 0.0827747 0.0190925
0.246692 5.05356 0.235071 0.253803 5.05067 0.22 0.00352702 0.1095 0.0605085 0.00474926 0.0827617 0.0191573
0.246709 5.05479 0.235588 0.25385 5.0515 0.22 -0.00262665 0.134319 0.0650674 0.00476129 0.0827318 0.0192833
0.246712 5.05597 0.235975 0.253898 5.05233 0.22 0.00112773 0.135586 0.0687697 0.00477274 0.0827125 0.0193628
0.246733 5.05724 0.236291 0.253946 5.05315 0.22 0.00977746 0.123753 0.0322261 0.00477352 0.082694 0.0194419
0.246754 5.05769 0.236336 0.253993 5.05398 0.22 0 0 0 0.00473174 0.0826855 0.0194881
0.246754 5.05769 0.169491 0.25404 5.05481 0.22 0 0 0 0.00467704 0.0826867 0.019496
0.246754 5.05769 0.178363 0.254086 5.05563 0.22 0 0 0 0.00456729 0.0827 0.0194656
0.246906 5.0599 0.18959 0.254131 5.05646 0.22 0.0093781 0.285409 0.963285 0.0045128 0.0827636 0.0192065
0.247174 5.06197 0.200293 0.254176 5.05729 0.22 0.0264003 0.169683 0.785066 0.00442447 0.0827693 0.0192025
0.24739 5.06299 0.20977 0.254219 5.05812 0.22 0.0100499 -0.000483069 0.670402 0.00438195 0.0827563 0.0192678
0.247425 5.06291 0.217385 0.254262 5.05895 0.22 0.00369596 -0.071397 0.289535 0.00427102 0.0828059 0.0190789
0.247637 5.06282 0.220919 0.254304 5.05977 0.22 0.0408444 0.155066 0.251939 0.00419025 0.0828565 0.0188762
0.247826 5.06521 0.223285 0.254346 5.0606 0.22 0.00437796 0.217663 0.281142 0.00415896 0.0827928 0.0191604
0.247949 5.06697 0.224943 0.254387 5.06143 0.22 0.0113681 0.154343 0.0563286 0.00412347 0.0827104 0.0195204
0.248041 5.06818 0.225127 0.254428 5.06226 0.22 0.0191963 0.0795877 0.040873 0.00409905 0.0825596 0.0201537
0.248001 5.06911 0.226018 0.254469 5.06308 0.22 -0.0162983 0.0780014 0.0883223 0.0040927 0.0825506 0.0201918
0.247832 5.07029 0.225727 0.254518 5.06408 0.22 -0.00886732 0.0930457 -0.0445131 0.00403421 0.0828954 0.0187388
0.247735 5.07014 0.224978 0.254558 5.0649 0.22 -0.0177462 -0.049457 -0.0631732 0.0040755 0.0830195 0.0181718
0.247528 5.07063 0.224224 0.254599 5.06574 0.22 -0.0137776 0.14008 -0.0307956 0.00409539 0.083144 0.0175888
0.247425 5.07161 0.223453 0.25464 5.06657 0.22 -0.00032828 0.0317879 -0.0402903 0.00410236 0.0831874 0.0173807
0.247574 5.07195 0.223279 0.254681 5.0674 0.22 0.0226001 0.0836091 -0.0086064 0.00405832 0.0831784 0.0174341
0.247809 5.07332 0.223195 0.254721 5.06823 0.22 0.019731 0.125542 0.0261912 0.00397501 0.0831595 0.017543
0.248025 5.07398 0.223664 0.25476 5.06906 0.22 0.00919379 0.0446449 0.0526356 0.00390257 0.0831582 0.0175657
0.248198 5.07485 0.224427 0.254799 5.06989 0.22 0.0103951 0.0918726 0.0900765 0.00389488 0.0831844 0.0174428
0.248262 5.07576 0.225504 0.254838 5.07073 0.22 0.000471909 0.0688914 0.108328 0.00393441 0.0832194 0.0172658
0.248225 5.07674 0.22661 0.254878 5.07156 0.22 -0.00510912 0.110955 0.120029 0.00402284 0.0832386 0.0171529
0.248189 5.07802 0.227654 0.254919 5.07239 0.22 -0.00370899 0.119784 0.116933 0.00409968 0.083246 0.0170983
0.248128 5.07917 0.2287 0.254961 5.07322 0.22 -0.00659342 0.121936 0.106698 0.00416231 0.0832304 0.0171592
0.24806 5.08059 0.229632 0.255003 5.07406 0.22 -0.00671332 0.166584 0.119901 0.00420279 0.0831896 0.0173463
0.248098 5.0818 0.230903 0.255045 5.07489 0.22 0.0113352 0.121294 0.127609 0.00421276 0.0831546 0.0175107
0.248198 5.08308 0.232032 0.255087 5.07572 0.22 0.014542 0.161187 0.119801 0.00420306 0.0831641 0.0174677
0.248286 5.08433 0.233161 0.255129 5.07655 0.22 0.000858438 0.120134 0.116689 0.00420366 0.083139 0.017587
0.248343 5.08542 0.234101 0.255171 5.07738 0.22 0.00302415 0.0954745 0.103339 0.0042091 0.08311 0.017722
0.24837 5.08646 0.234979 0.255213 5.07821 0.22 -0.00267043 0.112299 0.0945209 0.00421944 0.0830895 0.0178157
0.248378 5.08767 0.235831 0.255256 5.07904 0.22 0.00404605 0.12274 0.0947334 0.00424584 0.0830755 0.0178743
0.248378 5.08854 0.236608 0.255298 5.07987 0.22 0.00146482 0.10583 0.077843 0.00427048 0.083068 0.0179035
0.248413 5.08966 0.237169 0.255341 5.0807 0.22 0.00365736 0.127266 0.0616961 0.00429856 0.0830477 0.0179907
0.248449 5.09052 0.237645 0.255384 5.08153 0.22 0.00690685 0.0958112 0.0531732 0.00428969 0.0830271 0.0180876
0.248486 5.09141 0.238032 0.255427 5.08237 0.22 -0.00364039 0.0757215 0.0403937 0.00426159 0.0830089 0.0181776
0.248515 5.09222 0.238376 0.255469 5.08319 0.22 -0.00375579 0.0620016 0.0477819 0.00424068 0.0829869 0.0182825
0.248549 5.093 0.238641 0.255512 5.08402 0.22 -0.00183825 0.0610692 0.0393012 0.00423271 0.0829796 0.0183174
0.248583 5.0931 0.238825 0.255554 5.08485 0.22 0 0 0 0.00422153 0.0829776 0.0183293
0.248583 5.0931 0.168421 0.255596 5.08568 0.22 0 0 0 0.0042107 0.0829835 0.0183049
0.248583 5.0931 0.177847 0.255638 5.08651 0.22 0 0 0 0.00420447 0.0830102 0.0181851
0.248857 5.09295 0.188926 0.25568 5.08734 0.22 0.0263803 0.0371176 0.855437 0.00423496 0.0828557 0.0188694
0.249104 5.09419 0.199927 0.255723 5.08817 0.22 0.0371751 0.146057 0.811859 0.00423205 0.0828698 0.0188084
0.249347 5.09524 0.21006 0.255765 5.089 0.22 0.0167867 0.0296716 0.746066 0.0042474 0.0829033 0.0186563
0.249561 5.09463 0.21766 0.255808 5.08983 0.22 0.0126728 -0.191685 0.309651 0.00425379 0.0829615 0.0183946
0.249369 5.0935 0.21936 0.25585 5.09066 0.22 -0.0168983 0.080965 0.122905 0.0042292 0.0829927 0.0182588
0.249396 5.09782 0.219766 0.255892 5.09149 0.22 0.00180157 0.491576 0.0885555 0.00424408 0.0828845 0.0187407
0.249378 5.09965 0.219117 0.255935 5.09232 0.22 0.00600324 0.0413014 -0.0469694 0.00425235 0.0825921 0.0199879
0.249331 5.10027 0.218472 0.255977 5.09314 0.22 -0.011014 0.13996 -0.0362296 0.00423164 0.0824689 0.0204946
0.249297 5.10177 0.217291 0.25602 5.09396 0.22 0.00798575 0.114709 -0.0959266 0.00423824 0.082436 0.0206255
0.249398 5.10217 0.216292 0.256062 5.09479 0.22 0.00894127 0.0319697 -0.0369693 0.00426602 0.0824403 0.0206023
0.249538 5.10279 0.216177 0.256106 5.09561 0.22 0.0149311 0.0548638 0.0123917 0.00432217 0.0824816 0.0204247
0.249672 5.10329 0.216306 0.256149 5.09644 0.22 0.0134087 0.0590277 0.011713 0.00437893 0.0824849 0.0203991
0.249793 5.104 0.216511 0.256193 5.09726 0.22 0.0108236 0.0872429 0.0494245 0.00441068 0.0824477 0.0205423
0.249886 5.10467 0.217299 0.256237 5.09809 0.22 0.00807252 0.0710459 0.0952409 0.00440708 0.0823813 0.0208078
0.249961 5.10514 0.218336 0.256281 5.09891 0.22 0.00636719 0.0453998 0.0835822 0.0044119 0.0823337 0.0209941
0.249973 5.10565 0.219415 0.256326 5.09973 0.22 -0.00483556 0.0764502 0.100377 0.00440538 0.082277 0.0212166
0.249948 5.10606 0.220598 0.25637 5.10056 0.22 -0.00479883 0.0251577 0.117527 0.00440631 0.082226 0.0214133
0.249917 5.10639 0.221826 0.256414 5.10138 0.22 -0.00278173 0.039578 0.1158 0.00445396 0.0821773 0.0215896
0.249902 5.10663 0.22321 0.256459 5.1022 0.22 1.53836e-05 -0.00296548 0.105879 0.00452333 0.0821518 0.021672
0.249934 5.10677 0.224516 0.256505 5.10302 0.22 0.00114813 0.0239201 0.121889 0.00458062 0.0821414 0.0216994
0.249965 5.1073 0.225714 0.256551 5.10384 0.22 0.00168425 0.0544551 0.108598 0.00466955 0.0821451 0.0216665
0.249956 5.1078 0.226876 0.256598 5.10466 0.22 -0.00668917 0.0458808 0.112941 0.0046849 0.0820242 0.0221166
0.249942 5.10821 0.228179 0.256645 5.10548 0.22 -0.000231764 0.0311967 0.1154 0.00469736 0.0819464 0.0224005
0.249923 5.10873 0.229611 0.256691 5.1063 0.22 -4.4791e-05 0.055226 0.128484 0.00467751 0.0818824 0.0226375
0.24989 5.10936 0.230742 0.256739 5.10712 0.22 -0.000562753 0.0930493 0.11432 0.00472455 0.0818783 0.0226427
0.249848 5.11011 0.23177 0.256786 5.10794 0.22 -0.00306847 0.0889179 0.10483 0.00477611 0.081875 0.0226437
0.249822 5.11094 0.232726 0.256834 5.10876 0.22 0.000373018 0.103995 0.100583 0.00481623 0.0817716 0.023006
0.249814 5.11191 0.233568 0.256883 5.10957 0.22 0.000447397 0.0707064 0.0886399 0.00488852 0.0816996 0.0232451
0.249836 5.11284 0.234359 0.256932 5.11039 0.22 0.00274219 0.0933864 0.0919499 0.00491781 0.0816907 0.0232703
0.249846 5.11388 0.2351 0.256981 5.11121 0.22 -0.000359124 0.109665 0.069246 0.00491929 0.0816848 0.0232906
0.249886 5.11508 0.235633 0.25703 5.11202 0.22 0.00834863 0.111281 0.0706868 0.0048964 0.0816737 0.0233343
0.249951 5.1162 0.236058 0.257079 5.11284 0.22 0.00591603 0.13922 0.0752198 0.00485758 0.0816118 0.023558
0.250036 5.11739 0.236497 0.257127 5.11366 0.22 0.00246761 0.100458 0.0567467 0.00485545 0.08158 0.0236683
0.25006 5.11846 0.236831 0.257176 5.11447 0.22 0.00681944 0.107563 0.0657306 0.00486138 0.0815857 0.0236474
0.25006 5.11846 0.237064 0.257225 5.11529 0.22 0 0 0 0.00487069 0.0815977 0.0236041
0.25006 5.11846 0.172529 0.257273 5.1161 0.22 0 0 0 0.00486079 0.081609 0.0235669
0.250039 5.11892 0.182436 0.257322 5.11692 0.22 0.0145678 0.293955 0.995193 0.00484158 0.0816256 0.0235133
0.250168 5.12197 0.19379 0.25737 5.11774 0.22 0.0486418 0.205241 0.89561 0.00478708 0.0816307 0.023507
0.250572 5.12386 0.203613 0.257417 5.11855 0.22 0.0242873 0.12153 0.751957 0.00468837 0.0816313 0.0235247
0.250769 5.12434 0.212614 0.257463 5.11937 0.22 0.0011241 -0.0388421 0.662065 0.00461585 0.0816556 0.0234547
0.250829 5.12417 0.2193 0.257509 5.12019 0.22 0.00717553 0.0337706 0.329187 0.00449725 0.0817415 0.0231769
0.251088 5.12455 0.222643 0.257553 5.121 0.22 0.0410628 0.188078 0.258989 0.00439855 0.0818371 0.022856
0.251332 5.12713 0.224824 0.257596 5.12182 0.22 0.0131054 0.192003 0.271364 0.00431558 0.0817813 0.0230705
0.251491 5.1288 0.226223 0.257639 5.12264 0.22 0.00537681 0.232901 0.042797 0.00425974 0.0817047 0.0233507
0.251505 5.13044 0.226155 0.257681 5.12346 0.22 0.0011124 0.0768961 0.0236873 0.00423381 0.0815665 0.0238335
0.251465 5.13103 0.226578 0.257724 5.12427 0.22 -0.00815409 0.042288 0.0612987 0.00424731 0.0815204 0.0239884
0.251361 5.13195 0.22742 0.257766 5.12509 0.22 -0.0204883 0.0694757 0.0957051 0.00428272 0.0816273 0.0236158
0.251204 5.1329 0.227352 0.25781 5.1259 0.22 0.000282202 0.105023 -0.0790666 0.00435426 0.0817356 0.0232247
0.251072 5.13367 0.226136 0.257854 5.12672 0.22 -0.0263656 0.00197593 -0.0752874 0.00440157 0.0818202 0.0229162
0.250802 5.13415 0.225331 0.257898 5.12754 0.22 -0.0154837 0.130704 -0.014152 0.00441297 0.0819434 0.0224692
0.250721 5.13521 0.224791 0.257942 5.12836 0.22 0.0026546 0.0171213 -0.0160937 0.00437153 0.0820057 0.0222491
0.250812 5.13565 0.224617 0.257985 5.12918 0.22 0.026751 0.10335 0.00852104 0.00429699 0.0820312 0.0221695
0.251124 5.137 0.224555 0.258027 5.13 0.22 0.0422485 0.130989 0.0498992 0.00416498 0.0820461 0.0221392
0.251477 5.13775 0.225112 0.258067 5.13082 0.22 0.0378815 0.0575574 0.0690958 0.00407702 0.0820647 0.0220868
0.251794 5.13869 0.225824 0.258108 5.13164 0.22 0.018344 0.126645 0.105582 0.00403038 0.0820928 0.0219908
0.251929 5.13965 0.226884 0.258148 5.13246 0.22 0.00493197 0.0707664 0.105174 0.0040495 0.0821209 0.0218819
0.251927 5.14061 0.227843 0.258189 5.13329 0.22 0.00270621 0.13877 0.112115 0.00413886 0.0821368 0.0218054
0.251932 5.14218 0.228925 0.258231 5.13411 0.22 -0.0118144 0.13607 0.140079 0.00421635 0.082137 0.0217899
0.251837 5.14333 0.229997 0.258274 5.13493 0.22 -0.00786964 0.117977 0.115708 0.00432983 0.0821102 0.0218685
0.251797 5.14477 0.23091 0.258319 5.13575 0.22 0.00316136 0.157535 0.133016 0.00445975 0.0820533 0.0220552
0.251886 5.14625 0.232038 0.258364 5.13657 0.22 0.0172348 0.0971721 0.124772 0.00455283 0.0820571 0.0220221
0.252072 5.14745 0.233059 0.258409 5.13739 0.22 0.0257628 0.133835 0.127819 0.00455383 0.0820355 0.0221022
0.252303 5.14876 0.234038 0.258455 5.13821 0.22 0.0216808 0.110012 0.10426 0.00457695 0.0819902 0.022265
0.252447 5.14973 0.234951 0.258501 5.13903 0.22 0.00638138 0.129895 0.113043 0.00457538 0.0819444 0.022433
0.252553 5.151 0.23576 0.258547 5.13985 0.22 -0.00262323 0.109183 0.108502 0.00457055 0.081917 0.0225341
0.25255 5.15182 0.236564 0.258593 5.14067 0.22 -0.000666094 0.0930951 0.0804463 0.00459723 0.0818945 0.0226101
0.252596 5.15291 0.237121 0.258639 5.14149 0.22 0.0138439 0.143638 0.0811175 0.00464369 0.0818729 0.0226788
0.252694 5.1541 0.237649 0.258686 5.1423 0.22 0.00866793 0.0959718 0.0715346 0.00473357 0.0818177 0.0228587
0.25274 5.15497 0.238117 0.258734 5.14312 0.22 0.00731212 0.0959058 0.0443728 0.00476434 0.0817761 0.0230007
0.252788 5.15594 0.238409 0.258781 5.14394 0.22 -0.00311842 0.0868484 0.0429367 0.00476893 0.0817447 0.0231111
0.252786 5.1566 0.238664 0.258829 5.14476 0.22 0.00831288 0.0426374 0.0437159 0.00477418 0.0817227 0.0231876
0.252786 5.1566 0.162035 0.258877 5.14557 0.22 0 0 0 0.00477244 0.0817185 0.0232028
0.252786 5.1566 0.170151 0.258925 5.14639 0.22 0 0 0 0.00476147 0.0817257 0.0231797
0.252788 5.15645 0.180307 0.258972 5.14721 0.22 0.0101304 -0.0319256 0.831977 0.00473059 0.081732 0.0231639
0.252882 5.15666 0.191642 0.259019 5.14802 0.22 0.0147584 0.125737 0.883048 0.00472134 0.0814841 0.024023
0.253124 5.15789 0.202457 0.259066 5.14884 0.22 0.0382313 0.111971 0.812812 0.0046943 0.0815164 0.0239185
0.253409 5.15824 0.212334 0.259113 5.14965 0.22 0.0329854 -0.0947831 0.504263 0.00468953 0.0816029 0.0236227
0.253453 5.15624 0.21621 0.25916 5.15047 0.22 -0.012749 -0.118703 0.0708052 0.00469022 0.0816789 0.0233584
0.253524 5.15748 0.217559 0.259207 5.15129 0.22 0.0265763 0.396687 0.227855 0.00470769 0.0816902 0.0233154
0.253694 5.16169 0.217657 0.259254 5.1521 0.22 0.000261817 0.134137 0.0137442 0.00473093 0.0813321 0.024531
0.253716 5.16252 0.217252 0.259302 5.15291 0.22 0.00753446 0.117826 -0.0349575 0.00473436 0.0810576 0.0254228
0.253778 5.1641 0.216318 0.259349 5.15372 0.22 0.010649 0.14988 -0.0553817 0.0046903 0.0809178 0.0258721
0.253939 5.16505 0.214962 0.259395 5.15453 0.22 0.0170251 0.014104 -0.0576005 0.00466116 0.0809061 0.0259142
0.254149 5.1654 0.214119 0.259442 5.15534 0.22 0.0190667 0.0691037 0.004384 0.00462601 0.0809552 0.0257665
0.254342 5.16607 0.214171 0.259488 5.15615 0.22 0.0195456 0.0624313 0.0232747 0.00459323 0.0810166 0.0255787
0.254533 5.16663 0.21437 0.259534 5.15696 0.22 0.0137877 0.0571943 0.0432064 0.00458717 0.0810042 0.025619
0.25474 5.16742 0.2149 0.259579 5.15777 0.22 0.0169576 0.0961967 0.0929087 0.00458845 0.0808937 0.0259658
0.254951 5.16802 0.21587 0.259625 5.15858 0.22 0.0207348 0.0172039 0.0846173 0.00457641 0.080809 0.0262301
0.255114 5.16844 0.216934 0.259671 5.15939 0.22 0.0179218 0.0449712 0.102604 0.00455334 0.0806991 0.0265703
0.255233 5.16894 0.217992 0.259716 5.16019 0.22 0.0134723 0.0498485 0.109329 0.00453073 0.0806107 0.0268413
0.255295 5.16935 0.219243 0.259762 5.161 0.22 0.00102214 0.0159273 0.120623 0.00454392 0.0805501 0.0270204
0.255309 5.16959 0.220575 0.259807 5.1618 0.22 -0.00341209 0.0169182 0.120602 0.00459226 0.0805112 0.0271279
0.255273 5.16986 0.221946 0.259854 5.16261 0.22 -0.00533858 -0.00127265 0.114895 0.00462928 0.0805787 0.0269204
0.255239 5.16999 0.223368 0.2599 5.16341 0.22 -0.0059994 0.0353547 0.140304 0.00463288 0.0804772 0.0272215
0.255201 5.17033 0.224743 0.259947 5.16422 0.22 -0.000469107 0.0462836 0.124389 0.0046655 0.0804452 0.0273106
0.255167 5.17075 0.226111 0.259993 5.16502 0.22 -0.00351154 0.0280983 0.134036 0.00468272 0.0804201 0.0273815
0.2551 5.17096 0.227653 0.26004 5.16583 0.22 -0.0045353 0.0188374 0.138358 0.00467127 0.0803187 0.0276794
0.2551 5.17152 0.228923 0.260087 5.16663 0.22 0.009332 0.0921796 0.11972 0.00475018 0.0802189 0.027954
0.255155 5.1724 0.229959 0.260135 5.16743 0.22 0.00500645 0.0659315 0.0920373 0.00482315 0.0801846 0.0280398
0.255185 5.17307 0.230953 0.260184 5.16823 0.22 -0.00198462 0.0455258 0.0972465 0.00488777 0.0801576 0.0281057
0.25521 5.17382 0.231839 0.260234 5.16903 0.22 0.000230354 0.104458 0.0983078 0.00496641 0.080122 0.0281934
0.255262 5.17488 0.232567 0.260284 5.16983 0.22 0.00270681 0.0812169 0.085711 0.00497425 0.080104 0.0282431
0.255293 5.17563 0.233277 0.260333 5.17064 0.22 0.00608844 0.0799509 0.0927204 0.00495039 0.0800961 0.0282696
0.255359 5.17665 0.233919 0.260382 5.17144 0.22 0.00444423 0.100355 0.0666131 0.00492231 0.0801697 0.0280651
0.2554 5.17789 0.234333 0.260432 5.17224 0.22 0.000989045 0.141422 0.0708667 0.004934 0.0801283 0.0281811
0.255459 5.17919 0.234741 0.260481 5.17304 0.22 0.00332445 0.106841 0.0704697 0.00496499 0.0800679 0.0283468
0.255504 5.18033 0.235087 0.260531 5.17384 0.22 0.00568358 0.116901 0.0554972 0.00498895 0.0800034 0.0285242
0.25555 5.18147 0.235255 0.260581 5.17464 0.22 0.00180955 0.110822 0.0299071 0.00497915 0.0799525 0.0286683
0.25555 5.18147 0.165379 0.260631 5.17544 0.22 0 0 0 0.00493834 0.079907 0.0288018
0.25555 5.18147 0.173507 0.260679 5.17624 0.22 0 0 0 0.00485535 0.0799191 0.0287824
0.255561 5.1823 0.183965 0.260727 5.17704 0.22 0.00283458 0.263064 1.04888 0.00475527 0.0799419 0.0287356
0.255671 5.18493 0.195242 0.260773 5.17784 0.22 0.0479573 0.211785 0.873625 0.00460267 0.0799778 0.0286606
0.255971 5.1868 0.204716 0.260819 5.17864 0.22 0.00795149 0.086284 0.762812 0.00449443 0.0799748 0.0286861
0.255988 5.1871 0.213661 0.260863 5.17944 0.22 0.0078199 -0.0190967 0.64677 0.00439473 0.0800091 0.0286057
0.256143 5.18734 0.22014 0.260905 5.18024 0.22 0.00264066 0.0255071 0.289364 0.00422403 0.0801377 0.0282695
0.256379 5.18763 0.222985 0.260946 5.18104 0.22 0.0421349 0.189148 0.206264 0.00408759 0.080241 0.0279952
0.256539 5.19118 0.22296 0.260986 5.18184 0.22 -0.00563738 0.277009 0.124953 0.00399116 0.0801473 0.0282763
0.256501 5.19234 0.223454 0.261026 5.18264 0.22 0.0139776 0.040585 0.0346259 0.00393719 0.0800306 0.0286124
0.256548 5.19359 0.223609 0.261065 5.18344 0.22 -0.0143496 0.23524 0.0265947 0.00391307 0.0798999 0.0289785
0.256408 5.19516 0.222591 0.261104 5.18424 0.22 -0.0094774 -0.00646413 -0.0827963 0.0039514 0.0799205 0.0289166
0.256205 5.19478 0.221954 0.261145 5.18504 0.22 -0.0279408 0.0596583 -0.0360203 0.00404266 0.0800996 0.0284036
0.256012 5.19587 0.221443 0.261186 5.18584 0.22 -0.0125185 0.0728559 -0.0126293 0.0041304 0.0803469 0.0276836
0.255916 5.19597 0.221158 0.261227 5.18665 0.22 -0.000984966 0.0223998 -0.0112467 0.00413335 0.0805308 0.0271434
0.256001 5.19675 0.22069 0.261268 5.18745 0.22 0.00677505 0.147199 0.025403 0.0040762 0.0805506 0.0270934
0.256156 5.19783 0.220616 0.261308 5.18826 0.22 0.0316335 0.0858704 0.0614513 0.00398179 0.0805416 0.0271341
0.256402 5.19865 0.221112 0.261347 5.18907 0.22 0.0239144 0.0977893 0.0760739 0.00388775 0.0805321 0.0271758
0.256587 5.19957 0.22181 0.261386 5.18987 0.22 0.0194324 0.079911 0.122001 0.00389817 0.0805353 0.0271649
0.256672 5.20041 0.222856 0.261425 5.19068 0.22 0.00542761 0.0828165 0.115233 0.00395032 0.0805483 0.0271186
0.256676 5.20126 0.223951 0.261466 5.19148 0.22 0.00144744 0.0774645 0.139873 0.00405271 0.0805915 0.0269748
0.256633 5.20212 0.225245 0.261507 5.19229 0.22 -0.00880168 0.0850053 0.139774 0.00412584 0.0806134 0.0268982
0.256544 5.20322 0.226439 0.261549 5.19309 0.22 -0.00813838 0.0965848 0.137289 0.00419888 0.0806118 0.0268917
0.256507 5.20426 0.227638 0.261591 5.1939 0.22 -1.63104e-05 0.104983 0.145753 0.00424627 0.0806035 0.0269092
0.256556 5.2054 0.228888 0.261634 5.19471 0.22 0.0057947 0.111891 0.139456 0.0043201 0.0806397 0.0267887
0.256643 5.20653 0.230078 0.261678 5.19551 0.22 0.0043207 0.078591 0.13061 0.00437144 0.0806968 0.0266078
0.256741 5.20757 0.23121 0.261722 5.19632 0.22 0.012306 0.124978 0.121749 0.00440335 0.0806694 0.0266855
0.256854 5.20875 0.232296 0.261766 5.19713 0.22 0.00529109 0.0914533 0.122105 0.00441302 0.080647 0.0267515
0.256931 5.20968 0.233186 0.26181 5.19793 0.22 0.00565974 0.108538 0.115129 0.00441655 0.0806015 0.0268877
0.256954 5.21068 0.234073 0.261854 5.19874 0.22 0.00435505 0.125734 0.0969295 0.004414 0.0805682 0.0269879
0.256977 5.21164 0.234726 0.261899 5.19954 0.22 0.00610821 0.0909568 0.0877326 0.00444066 0.080533 0.0270884
0.257033 5.21251 0.235314 0.261943 5.20035 0.22 0.0198273 0.0993347 0.0778464 0.00450798 0.08048 0.0272343
0.257134 5.21349 0.235776 0.261989 5.20115 0.22 0.0130121 0.0773716 0.0715604 0.00454658 0.0804416 0.0273413
0.257276 5.21419 0.23618 0.262035 5.20196 0.22 0.00981463 0.0640231 0.0698091 0.00460199 0.0804289 0.0273693
0.25739 5.21481 0.236564 0.262081 5.20276 0.22 -0.00958894 0.0596072 0.0503163 0.00456204 0.0804357 0.027356
0.257397 5.21553 0.236898 0.262126 5.20357 0.22 0.0118459 0.0319804 0.0425092 0.00450119 0.0804185 0.0274166
0.257466 5.21596 0.23709 0.26217 5.20437 0.22 0 0 0 0.00446649 0.080404 0.0274647
0.257466 5.21596 0.160822 0.262215 5.20517 0.22 0 0 0 0.00444228 0.0803922 0.027503
0.257466 5.21596 0.168923 0.262259 5.20598 0.22 0 0 0 0.00441985 0.080392 0.0275074
0.257536 5.21562 0.179254 0.262303 5.20678 0.22 0.0225714 -0.0339288 0.839157 0.00440338 0.080409 0.0274602
0.257678 5.21606 0.190409 0.262347 5.20759 0.22 0.0271415 0.142276 0.881498 0.00435921 0.0804164 0.0274456
0.25804 5.21736 0.200939 0.26239 5.20839 0.22 0.0407786 0.0910153 0.816081 0.00432466 0.0804388 0.0273855
0.25835 5.21754 0.211033 0.262433 5.2092 0.22 0.0262099 -0.0459451 0.736027 0.00431161 0.0805045 0.0271936
0.258653 5.2184 0.219469 0.262477 5.21 0.22 0.0255684 0.23769 0.424823 0.00433035 0.0805923 0.0269293
0.258841 5.21817 0.219656 0.26252 5.21081 0.22 0.0269726 -0.101789 -0.106577 0.00435793 0.0806651 0.026706
0.259059 5.22006 0.218825 0.262564 5.21162 0.22 0.0228495 0.481541 0.073439 0.00438631 0.0806779 0.0266627
0.25926 5.22333 0.217869 0.262608 5.21242 0.22 0.00637644 0.0714697 -0.0500968 0.00439462 0.0804334 0.02739
0.259273 5.22395 0.217234 0.262652 5.21322 0.22 -0.00729723 0.140818 0.00127428 0.00443605 0.0801342 0.0282469
0.25922 5.22588 0.216396 0.262697 5.21402 0.22 -0.0124503 0.147473 -0.0646221 0.00445358 0.0798514 0.029034
0.259154 5.22679 0.215431 0.262741 5.21482 0.22 0.0142148 0.045942 -0.00164848 0.00447263 0.0797627 0.0292741
0.259213 5.22743 0.215232 0.262786 5.21562 0.22 0.00861592 0.0541712 -0.00700156 0.00450268 0.0797396 0.0293324
0.259317 5.22803 0.214945 0.262832 5.21641 0.22 0.00726581 0.0664547 0.00230462 0.00452133 0.0797936 0.0291821
0.259355 5.22837 0.214879 0.262877 5.21721 0.22 0.000117222 0.0329413 0.0479981 0.00453668 0.0798109 0.0291323
0.259354 5.22872 0.215544 0.262922 5.21801 0.22 0.00107258 0.0416592 0.0922537 0.00453171 0.0798067 0.0291446
0.259371 5.22894 0.216605 0.262968 5.21881 0.22 0.00285293 0.0214131 0.0948294 0.00452728 0.0797521 0.0292946
0.259376 5.22926 0.217571 0.263013 5.2196 0.22 -0.00168122 0.0307037 0.107302 0.00453007 0.0796567 0.0295524
0.259342 5.22969 0.218754 0.263058 5.2204 0.22 -0.00309819 0.0594788 0.111837 0.00453169 0.079575 0.0297716
0.259264 5.23 0.219987 0.263104 5.2212 0.22 -0.00877414 0.0436647 0.126385 0.00454648 0.0795273 0.0298964
0.259174 5.23007 0.221336 0.26315 5.22199 0.22 -0.00471217 -0.0157618 0.115899 0.00459945 0.079483 0.0300061
0.259118 5.22994 0.222735 0.263196 5.22279 0.22 -0.00382344 0.00330132 0.129601 0.00465727 0.0794846 0.0299927
0.25912 5.23014 0.223996 0.263243 5.22358 0.22 -0.00749499 0.0192134 0.104793 0.00471388 0.0795 0.0299432
0.259151 5.23047 0.225013 0.26329 5.22438 0.22 -0.000482595 0.00508895 0.107301 0.00474613 0.0795139 0.029901
0.259144 5.23055 0.22633 0.263338 5.22517 0.22 -0.00319059 0.0259547 0.122787 0.00479094 0.079541 0.0298217
0.259145 5.23109 0.227685 0.263387 5.22597 0.22 0.00322464 0.063736 0.130305 0.00482609 0.0795658 0.0297499
0.259137 5.23176 0.228872 0.263435 5.22676 0.22 -0.00522374 0.0750812 0.123137 0.00485927 0.0795774 0.0297134
0.259087 5.23233 0.229907 0.263484 5.22756 0.22 0.00346038 0.0893494 0.118568 0.00490115 0.0795558 0.0297642
0.259092 5.23328 0.230918 0.263533 5.22835 0.22 0.000518372 0.123852 0.112922 0.00492596 0.0795275 0.0298359
0.259073 5.23419 0.231754 0.263583 5.22915 0.22 -0.0011 0.0557817 0.0945398 0.0049689 0.0794797 0.0299558
0.259112 5.23482 0.232699 0.263633 5.22994 0.22 0.00170453 0.088958 0.10477 0.00502622 0.0794261 0.0300882
0.25917 5.23577 0.233381 0.263684 5.23074 0.22 0.0057092 0.0995714 0.081376 0.00508869 0.0793893 0.0301745
0.259211 5.23666 0.233795 0.263735 5.23153 0.22 0.00462164 0.0913862 0.0633214 0.0051024 0.0793724 0.0302166
0.259282 5.23766 0.234214 0.263786 5.23232 0.22 0.00827414 0.101286 0.0633826 0.0050462 0.0793246 0.0303515
0.259357 5.23857 0.234577 0.263835 5.23312 0.22 0.0055695 0.0766036 0.0630996 0.00496183 0.0793095 0.0304048
0.259405 5.23932 0.234882 0.263885 5.23391 0.22 0 0 0 0.0049407 0.0793009 0.0304306
0.259405 5.23932 0.164209 0.263934 5.2347 0.22 0 0 0 0.00491166 0.0793 0.0304377
0.259405 5.23932 0.172717 0.263983 5.2355 0.22 0 0 0 0.00488715 0.0793053 0.0304277
0.259374 5.24053 0.183672 0.264032 5.23629 0.22 0.00593016 0.331041 1.06875 0.00486056 0.0793151 0.0304064
0.259632 5.24382 0.194956 0.26408 5.23708 0.22 0.0351445 0.277313 0.937938 0.00477804 0.0793384 0.0303588
0.259878 5.24597 0.204732 0.264127 5.23788 0.22 0.014987 0.0423633 0.758506 0.00471787 0.0793355 0.0303756
0.259977 5.24593 0.213816 0.264173 5.23867 0.22 0.0127642 -0.0339174 0.666421 0.00460059 0.0794168 0.0301806
0.260165 5.24602 0.220199 0.264218 5.23947 0.22 0.00196621 0.0403508 0.315442 0.0044871 0.0795533 0.0298363
0.260431 5.24669 0.222454 0.264262 5.24026 0.22 0.0298435 0.351077 0.118105 0.00434601 0.0797184 0.0294134
0.260521 5.25013 0.221834 0.264305 5.24106 0.22 -0.00590582 0.117062 0.0946238 0.0043124 0.0796494 0.0296046
0.260584 5.25077 0.222393 0.264348 5.24185 0.22 0.00155048 0.115187 0.0384361 0.0042553 0.0795719 0.0298205
0.26061 5.25259 0.222589 0.264391 5.24265 0.22 -0.00133855 0.191321 0.053399 0.00428346 0.0794926 0.0300272
0.260579 5.25381 0.221899 0.264434 5.24344 0.22 -0.00844474 -0.0160323 -0.0762525 0.00438258 0.0795052 0.0299795
0.260423 5.25392 0.221005 0.264479 5.24424 0.22 -0.0291642 0.101813 -0.0119136 0.00449371 0.0796451 0.0295894
0.260229 5.25493 0.220598 0.264524 5.24504 0.22 -0.0213217 0.0276017 -0.000516445 0.00454855 0.0798114 0.0291294
0.260097 5.25487 0.220419 0.26457 5.24584 0.22 0.000241836 0.0471721 -0.00319191 0.00455043 0.0800355 0.0285074
0.26021 5.2557 0.220307 0.264615 5.24664 0.22 0.0276748 0.0797989 0.0319278 0.00444629 0.0801263 0.0282678
0.260441 5.25614 0.220565 0.264658 5.24744 0.22 0.0265641 0.0214191 0.048636 0.00429611 0.0801739 0.0281558
0.260716 5.25682 0.221119 0.2647 5.24824 0.22 0.0226513 0.136792 0.102047 0.00423568 0.0802803 0.0278602
0.260955 5.25764 0.221915 0.264742 5.24905 0.22 0.0139316 0.0436388 0.0918962 0.00413754 0.0803395 0.0277038
0.261052 5.25819 0.222934 0.264783 5.24985 0.22 -0.000114721 0.0593187 0.115502 0.00413036 0.0804145 0.0274864
0.26105 5.25906 0.224085 0.264825 5.25066 0.22 0.00963993 0.078366 0.145397 0.0042422 0.0804722 0.0272999
0.260978 5.2599 0.225388 0.264869 5.25146 0.22 -0.0165448 0.0745172 0.13436 0.00436725 0.0805111 0.0271653
0.260795 5.26102 0.226495 0.264913 5.25227 0.22 -0.0170672 0.138163 0.129614 0.00445548 0.0805143 0.0271416
0.260629 5.26227 0.227527 0.264958 5.25307 0.22 -0.0111832 0.107504 0.114966 0.0045286 0.0804852 0.0272157
0.260607 5.26352 0.228551 0.265004 5.25388 0.22 0.0184258 0.148333 0.152539 0.00462499 0.0804309 0.0273594
0.260774 5.26478 0.229803 0.265051 5.25468 0.22 0.00591856 0.101151 0.15227 0.00465427 0.0803892 0.0274768
0.26085 5.26565 0.231129 0.265098 5.25548 0.22 0.00644068 0.106512 0.144306 0.00467559 0.0803678 0.0275357
0.260884 5.2666 0.232295 0.265145 5.25629 0.22 0.0016932 0.0992149 0.115505 0.00470302 0.0803626 0.0275464
0.260895 5.26744 0.23341 0.265192 5.25709 0.22 0.00397262 0.0358475 0.100665 0.00474004 0.0803747 0.0275045
0.260899 5.26817 0.234351 0.26524 5.25789 0.22 -0.00306929 0.0911524 0.103742 0.00477271 0.0803941 0.0274421
0.26087 5.269 0.235266 0.265288 5.2587 0.22 -0.00694328 0.0778425 0.0938589 0.00481804 0.0804167 0.0273678
0.260848 5.26966 0.236015 0.265336 5.2595 0.22 -0.00033069 0.0799785 0.0900885 0.00486176 0.0804296 0.0273223
0.260826 5.27063 0.236584 0.265385 5.26031 0.22 -0.00194941 0.0880597 0.0711013 0.00493674 0.0804314 0.0273034
0.260808 5.27139 0.237039 0.265435 5.26111 0.22 0.00766211 0.0600398 0.0547606 0.00498971 0.0804133 0.0273471
0.26082 5.27229 0.237384 0.265485 5.26192 0.22 -0.00737178 0.10636 0.0624763 0.00502244 0.0803925 0.0274021
0.260842 5.27311 0.237702 0.265536 5.26272 0.22 0.00200577 0.0516479 0.0492731 0.00505888 0.0803697 0.0274624
0.260864 5.27352 0.237949 0.265587 5.26352 0.22 0 0 0 0.00507684 0.0803598 0.0274879
0.260864 5.27352 0.162069 0.265638 5.26433 0.22 0 0 0 0.005097 0.0803554 0.0274972
0.260864 5.27352 0.170522 0.265689 5.26513 0.22 0 0 0 0.00512857 0.0802504 0.0277962
0.260964 5.27333 0.181082 0.26574 5.26593 0.22 0.0147384 0.0394165 0.878323 0.00514766 0.0802507 0.0277919
0.261095 5.27445 0.192432 0.265792 5.26673 0.22 0.0349142 0.172127 0.889429 0.00512608 0.0802817 0.0277062
0.261482 5.27583 0.20296 0.265843 5.26754 0.22 0.0226986 0.0370106 0.821488 0.00509736 0.0803209 0.0275977
0.261682 5.27585 0.213079 0.265893 5.26834 0.22 0.0207058 0.00245972 0.738338 0.0050557 0.0804208 0.0273129
0.261874 5.2758 0.219694 0.265944 5.26915 0.22 -0.0097527 -0.128532 0.0357825 0.0050313 0.080518 0.0270295
0.261816 5.2764 0.219448 0.265994 5.26995 0.22 0.0239637 0.389546 0.102243 0.00499962 0.0805847 0.0268361
0.262045 5.28046 0.218752 0.266044 5.27076 0.22 -0.00472973 0.237085 -0.0198818 0.00502709 0.0803558 0.0275089
0.261996 5.28172 0.217432 0.266094 5.27156 0.22 -0.00656861 0.0414368 -0.0679007 0.00504084 0.080124 0.0281743
0.261984 5.28312 0.217008 0.266145 5.27236 0.22 -0.00580152 0.193689 -0.0341145 0.00505099 0.0798492 0.0289421
0.261973 5.28458 0.215644 0.266195 5.27315 0.22 0.00571677 0.0849971 -0.0710126 0.00504946 0.0797491 0.0292173
0.262006 5.28528 0.214901 0.266246 5.27395 0.22 -0.0111665 0.108968 0.0211426 0.00505562 0.0797358 0.0292524
0.262005 5.28611 0.214683 0.266296 5.27475 0.22 -0.000481897 0.0588403 0.00106017 0.00501003 0.079779 0.0291424
0.262033 5.28681 0.214489 0.266346 5.27555 0.22 0.00164008 0.0853658 0.038029 0.00497661 0.079751 0.0292246
0.262047 5.28751 0.214854 0.266395 5.27634 0.22 0.00828825 0.0734051 0.0864632 0.00491024 0.0796961 0.0293851
0.262074 5.28788 0.21579 0.266444 5.27714 0.22 0.0032084 0.0530125 0.098318 0.00482733 0.0796118 0.0296263
0.262096 5.28827 0.216804 0.266491 5.27793 0.22 -0.00104356 0.0453557 0.0927119 0.00474302 0.0795427 0.0298248
0.262059 5.28859 0.217712 0.266539 5.27873 0.22 -0.00657389 0.0206918 0.0893478 0.00471359 0.0794933 0.029961
0.262006 5.28886 0.218826 0.266586 5.27952 0.22 -0.00637511 0.0251178 0.116136 0.00471754 0.0794464 0.0300846
0.261958 5.28908 0.220105 0.266633 5.28032 0.22 0.00154589 -0.0101446 0.102867 0.00479354 0.0794262 0.0301258
0.261914 5.2891 0.221472 0.266682 5.28111 0.22 -0.00126886 0.00120284 0.122779 0.00489248 0.0793419 0.0303313
0.261922 5.28917 0.222838 0.266731 5.28191 0.22 -0.00450982 0.0043228 0.12761 0.0049313 0.0793466 0.0303127
0.261879 5.28931 0.224209 0.266781 5.2827 0.22 -0.00430242 0.0256522 0.12284 0.00495525 0.0793473 0.0303069
0.261857 5.28941 0.225572 0.26683 5.28349 0.22 -0.000230414 0.00716625 0.129689 0.00496973 0.0793567 0.0302799
0.261865 5.2896 0.226869 0.26688 5.28429 0.22 0.00464587 0.0424774 0.127926 0.00499838 0.0793608 0.0302646
0.261895 5.29008 0.228138 0.266931 5.28508 0.22 -0.00195108 0.0574257 0.125648 0.00504266 0.0793598 0.0302599
0.261919 5.29058 0.229231 0.266982 5.28587 0.22 -0.000181175 0.065334 0.113866 0.00514663 0.0793453 0.0302802
0.261957 5.29128 0.230097 0.267033 5.28667 0.22 0.00175201 0.0645456 0.0926762 0.00514428 0.0792447 0.0305429
0.261933 5.29204 0.231076 0.267085 5.28746 0.22 -0.00855224 0.0612247 0.114728 0.00516338 0.0791102 0.0308864
0.261848 5.29283 0.232065 0.267137 5.28825 0.22 0.00805578 0.0964462 0.0993517 0.00517699 0.079104 0.0309001
0.261898 5.29375 0.232802 0.267189 5.28904 0.22 0.00948164 0.0836891 0.0967754 0.00519392 0.0790826 0.0309519
0.262011 5.29455 0.233429 0.267241 5.28983 0.22 0.00380205 0.106596 0.0784664 0.00521581 0.0790456 0.0310428
0.262087 5.29563 0.234011 0.267293 5.29062 0.22 0.00759223 0.109922 0.07554 0.00525144 0.0789935 0.0311692
0.262167 5.29672 0.234324 0.267346 5.29141 0.22 -0.000630814 0.108589 0.0676406 0.00529847 0.0789213 0.0313436
0.262215 5.29756 0.23465 0.267399 5.2922 0.22 0.00552464 0.0759838 0.0482814 0.00532688 0.0788891 0.0314196
0.262257 5.29795 0.234894 0.267453 5.29299 0.22 0 0 0 0.00535114 0.078881 0.031436
0.262257 5.29795 0.166832 0.267506 5.29378 0.22 0 0 0 0.00533521 0.0789041 0.0313806
0.262257 5.29795 0.175559 0.267559 5.29457 0.22 0 0 0 0.00526502 0.078944 0.0312919
0.262302 5.29995 0.186722 0.267612 5.29536 0.22 0.0228394 0.376224 1.10159 0.00521882 0.0789638 0.0312497
0.262779 5.30329 0.197465 0.267663 5.29615 0.22 0.0430283 0.2724 0.91835 0.00511126 0.078979 0.0312291
0.263078 5.3051 0.206805 0.267713 5.29693 0.22 0.0195785 0.00468899 0.738396 0.00495373 0.0789599 0.0313027
0.263198 5.30502 0.217093 0.267761 5.29773 0.22 0.0131588 0.0175818 0.666371 0.00479667 0.0790404 0.0311236
0.26329 5.30521 0.221299 0.267808 5.29852 0.22 0.0103423 0.0123808 0.26967 0.00469512 0.0791276 0.0309166
0.263475 5.30667 0.222516 0.267854 5.29931 0.22 0.00814697 0.326615 0.0994737 0.00455367 0.079256 0.0306075
0.263512 5.30918 0.222243 0.267899 5.3001 0.22 0.000248776 0.0461894 0.0991988 0.00451076 0.0791586 0.0308646
0.263587 5.31015 0.222793 0.267949 5.30105 0.22 0.0187964 0.186913 0.0538066 0.00413347 0.0794102 0.0302656
0.263686 5.31235 0.221744 0.267991 5.30185 0.22 -0.00164321 0.126174 -0.0423121 0.00416556 0.0793531 0.0304104
0.263546 5.31211 0.220955 0.268033 5.30264 0.22 -0.0297697 -0.0112998 -0.0840364 0.00421939 0.0794391 0.0301776
0.263364 5.31309 0.220197 0.268076 5.30344 0.22 -0.015864 0.138791 0.00603484 0.00429231 0.0796414 0.0296291
0.263268 5.31339 0.220039 0.268119 5.30423 0.22 -0.00101939 -0.0608655 -0.0306055 0.00427963 0.0797577 0.0293166
0.263279 5.31379 0.219794 0.268161 5.30503 0.22 0.00492669 0.109127 0.00786849 0.00419326 0.0798364 0.0291141
0.263425 5.31462 0.219825 0.268202 5.30583 0.22 0.0209057 0.0490683 0.0329016 0.00407738 0.0798759 0.0290221
0.263646 5.31502 0.220423 0.268242 5.30663 0.22 0.019262 0.0473536 0.0766017 0.00395378 0.0798988 0.0289759
0.26382 5.31586 0.221215 0.268281 5.30743 0.22 0.0141227 0.0808204 0.107059 0.0039226 0.0799207 0.0289199
0.263902 5.3162 0.221985 0.268312 5.30807 0.22 -0.00722989 0.0119409 0.084546 0.0039493 0.0800065 0.028678
0.263857 5.31668 0.223328 0.268361 5.30903 0.22 -0.00833494 0.0695038 0.125084 0.00406468 0.0800703 0.028483
0.263777 5.31743 0.224742 0.268402 5.30983 0.22 -0.00913739 0.0730271 0.154574 0.0041664 0.0801299 0.0283001
0.263679 5.31806 0.226166 0.268444 5.31063 0.22 -0.0104684 0.0679873 0.141575 0.00425609 0.0801639 0.0281904
0.263633 5.31889 0.22727 0.268487 5.31143 0.22 -0.00630956 0.0593993 0.119896 0.0043071 0.080167 0.0281737
0.263673 5.31996 0.228419 0.268531 5.31224 0.22 0.013733 0.109699 0.159955 0.00435354 0.0801448 0.0282298
0.263772 5.32108 0.22965 0.268575 5.31304 0.22 0.0111286 0.101839 0.144359 0.00441795 0.0801713 0.0281445
0.263833 5.32196 0.230877 0.268619 5.31384 0.22 0.00909028 0.0850536 0.130865 0.00442431 0.0801392 0.0282348
0.263905 5.32306 0.231968 0.268664 5.31464 0.22 0.0162162 0.119412 0.142495 0.0044448 0.0801162 0.0282967
0.263982 5.32415 0.23293 0.268709 5.31544 0.22 0.0101278 0.0953301 0.120103 0.00452937 0.0800701 0.0284134
0.264047 5.32489 0.233795 0.268755 5.31624 0.22 0.00940834 0.0880776 0.0953863 0.00458527 0.0800487 0.0284647
0.264153 5.32594 0.23457 0.268801 5.31704 0.22 0.0194081 0.0986966 0.0968305 0.00465283 0.0800357 0.0284903
0.264263 5.32669 0.235414 0.268848 5.31784 0.22 0.0115136 0.0550705 0.0978188 0.00469535 0.0800324 0.0284927
0.264354 5.32761 0.235993 0.268895 5.31864 0.22 0.00875321 0.113533 0.0811357 0.00471139 0.0800303 0.0284959
0.264422 5.3284 0.236448 0.268942 5.31944 0.22 0.0145271 0.0886135 0.063767 0.00471883 0.0800203 0.0285227
0.264547 5.32908 0.236831 0.268989 5.32024 0.22 0.0166357 0.0778016 0.0756816 0.00472981 0.0799992 0.0285802
0.264693 5.32993 0.237097 0.269037 5.32104 0.22 0.0192357 0.0790721 0.0468151 0.00473948 0.0799689 0.0286632
0.264844 5.33062 0.237355 0.269084 5.32184 0.22 0.0217601 0.0676245 0.0434535 0.00474847 0.0799046 0.0288404
0.26486 5.33072 0.237546 0.269132 5.32264 0.22 0 0 0 0.00474123 0.0799018 0.0288494
0.26486 5.33072 0.164452 0.269179 5.32344 0.22 0 0 0 0.00472949 0.0799033 0.0288471
0.26486 5.33072 0.173747 0.269226 5.32424 0.22 0 0 0 0.00467699 0.0799167 0.0288185
0.265034 5.33105 0.184732 0.269272 5.32504 0.22 0.0171259 0.12536 0.893604 0.0046297 0.0799279 0.0287951
0.265266 5.33276 0.195733 0.269318 5.32584 0.22 0.027695 0.149626 0.898167 0.0045554 0.0799561 0.0287286
0.265501 5.33362 0.206194 0.269363 5.32664 0.22 0.0170878 0.0234301 0.801822 0.00445632 0.079984 0.0286665
0.26564 5.33354 0.216082 0.269407 5.32744 0.22 0.0176068 0.017735 0.725123 0.00436507 0.0800431 0.028515
0.265847 5.3355 0.222378 0.26945 5.32824 0.22 0.0137199 0.219403 0.290789 0.00429983 0.0800831 0.0284126
0.265861 5.33503 0.221074 0.269492 5.32904 0.22 0.00885211 -0.0540383 -0.0972597 0.00418324 0.0801738 0.0281731
0.266113 5.33839 0.219912 0.269533 5.32984 0.22 0.0282045 0.470599 0.0612812 0.00407384 0.080235 0.0280145
0.266348 5.34016 0.218707 0.269573 5.33064 0.22 0.020909 0.0402555 -0.0815807 0.00405229 0.0799651 0.0287789
0.266501 5.34106 0.217746 0.269614 5.33144 0.22 0.0132624 0.176607 -0.0522766 0.00408254 0.0796551 0.029622
0.266624 5.34302 0.216341 0.269655 5.33224 0.22 0.0186401 0.147645 -0.0692693 0.00410295 0.0795421 0.0299213
0.266679 5.34369 0.215712 0.269696 5.33303 0.22 -0.000603587 0.0470054 -0.00131303 0.00416009 0.0794443 0.0301722
0.266817 5.34414 0.215342 0.269738 5.33382 0.22 0.0163003 0.0339977 -0.0377105 0.00421132 0.0794062 0.0302652
0.266911 5.34455 0.214999 0.269781 5.33462 0.22 0.00688362 0.0218001 0.000254755 0.00427191 0.0793851 0.0303121
0.266961 5.34462 0.215068 0.269824 5.33541 0.22 0.00802429 -0.00601056 0.00935557 0.00430255 0.0793792 0.0303233
0.266998 5.34484 0.215655 0.269867 5.33621 0.22 0.00363754 0.0166082 0.0732996 0.00432791 0.0793699 0.0303438
0.26698 5.345 0.216498 0.269911 5.337 0.22 0.000901006 0.0209191 0.0754386 0.00435637 0.0793148 0.0304834
0.266972 5.3452 0.217508 0.269954 5.33779 0.22 0.000721045 0.0334475 0.100371 0.0043442 0.0792543 0.0306423
0.26701 5.34548 0.218505 0.269997 5.33858 0.22 0.0113635 0.0104637 0.104324 0.00432005 0.0792035 0.0307768
0.266993 5.3454 0.219815 0.27004 5.33938 0.22 -0.013017 -0.0286128 0.119291 0.00430319 0.0791365 0.030951
0.266951 5.3452 0.221275 0.270084 5.34017 0.22 -0.00645849 -0.0199409 0.101445 0.00434039 0.0790968 0.031047
0.266927 5.34511 0.222491 0.270128 5.34096 0.22 0.00273271 -0.00424542 0.108043 0.00440733 0.0790719 0.031101
0.26692 5.34499 0.223766 0.270172 5.34175 0.22 -0.00430231 0.0152685 0.113506 0.0044464 0.0790658 0.031111
0.266918 5.34502 0.224961 0.270217 5.34254 0.22 0.00312878 0.0297102 0.112047 0.0044704 0.0790864 0.0310552
0.266996 5.34534 0.22612 0.270261 5.34333 0.22 0.00655279 0.0373693 0.114293 0.00445733 0.0791195 0.0309726
0.267085 5.34562 0.227323 0.270306 5.34412 0.22 0.0029456 0.0358063 0.135687 0.00444328 0.0791394 0.0309238
0.267123 5.34583 0.228537 0.27035 5.34491 0.22 -0.00304428 0.0170874 0.0985791 0.00445891 0.0791478 0.0309
0.267129 5.34627 0.22961 0.270396 5.3457 0.22 -0.00161608 0.0613876 0.106422 0.00458787 0.0791445 0.0308896
0.267152 5.34669 0.230555 0.270443 5.34649 0.22 0.0055725 0.0384511 0.100253 0.00470227 0.078997 0.0312479
0.26721 5.34726 0.231445 0.270491 5.34728 0.22 0.00576939 0.0908074 0.0943693 0.00481353 0.0788109 0.0316976
0.267315 5.34804 0.23202 0.270539 5.34807 0.22 0.0121234 0.0585561 0.0779302 0.00483515 0.0787911 0.0317435
0.267431 5.34869 0.232547 0.270587 5.34886 0.22 0.00556753 0.0526584 0.0630716 0.00478677 0.0785593 0.0323201
0.267491 5.3493 0.233053 0.270634 5.34964 0.22 0.00273655 0.0706002 0.0655322 0.00469498 0.0785264 0.0324134
0.267565 5.35013 0.233422 0.270681 5.35043 0.22 0.00317518 0.108447 0.0666917 0.00465415 0.0785425 0.0323802
0.267639 5.35091 0.233656 0.270727 5.35121 0.22 0.0104387 0.0822027 0.0405599 0.00465264 0.0785485 0.0323659
0.26766 5.35107 0.233853 0.270774 5.352 0.22 0 0 0 0.00466416 0.0785414 0.0323814
0.26766 5.35107 0.168605 0.27082 5.35278 0.22 0 0 0 0.00464847 0.0785981 0.0322459
0.26766 5.35107 0.177915 0.270867 5.35357 0.22 0 0 0 0.00464492 0.0786394 0.0321455
0.267638 5.35499 0.189241 0.270913 5.35436 0.22 0.0384417 0.405509 1.06467 0.00459999 0.0786921 0.0320229
0.268039 5.35831 0.199319 0.270958 5.35514 0.22 0.0158299 0.278307 0.851661 0.00453213 0.0787194 0.0319653
0.268186 5.3599 0.208159 0.271003 5.35593 0.22 0.0148237 0.0430522 0.708608 0.00441314 0.0787201 0.0319803
0.268289 5.36019 0.216337 0.271046 5.35672 0.22 0.0131282 0.0760379 0.615065 0.00428836 0.0788065 0.0317838
0.268412 5.36072 0.221114 0.271088 5.35751 0.22 0.0160013 0.113816 0.169658 0.00417859 0.0789248 0.0315036
0.268539 5.36276 0.221594 0.271129 5.3583 0.22 -0.00126718 0.278923 0.108198 0.00410834 0.0790244 0.0312623
0.268519 5.36473 0.221684 0.271163 5.35908 0.22 -0.0245016 0.0459121 0.0879121 0.00348772 0.0784773 0.0326834
0.268442 5.36597 0.221817 0.271198 5.35987 0.22 0.00834676 0.255134 0.010444 0.00345379 0.0784505 0.0327513
0.268493 5.36813 0.220604 0.271232 5.36065 0.22 -0.0130257 0.0261856 -0.0606003 0.00351142 0.0783717 0.0329335
0.268304 5.36808 0.219902 0.271268 5.36143 0.22 -0.0261754 0.0705012 -0.0560524 0.00360415 0.0785231 0.0325606
0.268042 5.36911 0.219328 0.271305 5.36222 0.22 -0.0281334 0.0656157 0.0143241 0.003696 0.0787659 0.0319584
0.267795 5.3689 0.219383 0.271342 5.36301 0.22 -0.0104794 -0.0468732 -0.0301482 0.00371854 0.0789704 0.0314469
0.267766 5.36917 0.219272 0.271379 5.3638 0.22 -0.00148617 0.123286 0.0251509 0.00367072 0.0791729 0.0309394
0.267852 5.37003 0.219429 0.271415 5.3646 0.22 0.0215595 0.024675 0.0389636 0.0035415 0.0793273 0.0305564
0.268039 5.3704 0.219955 0.271449 5.36539 0.22 0.0209338 0.0858847 0.0880567 0.0034265 0.0793958 0.0303913
0.268244 5.37141 0.220532 0.271483 5.36618 0.22 0.00977802 0.067363 0.101431 0.00337177 0.0794269 0.030316
0.26833 5.37195 0.221513 0.271517 5.36698 0.22 0.00631778 0.0639834 0.12285 0.00337467 0.0794529 0.0302475
0.26835 5.37267 0.222761 0.271551 5.36777 0.22 0.000876239 0.0746332 0.148906 0.0034411 0.0795078 0.0300955
0.268332 5.3734 0.224263 0.271586 5.36857 0.22 -0.00842728 0.0535744 0.147963 0.00352908 0.0795874 0.029874
0.268249 5.37413 0.225621 0.271622 5.36936 0.22 -0.00170153 0.117373 0.156548 0.00361017 0.0796616 0.0296657
0.26819 5.37523 0.227011 0.271659 5.37016 0.22 -0.00421171 0.122228 0.15699 0.00367579 0.0797071 0.0295352
0.268192 5.37634 0.228169 0.271696 5.37096 0.22 -0.0008393 0.10764 0.125403 0.00372893 0.0797157 0.0295054
0.268222 5.37764 0.229321 0.271733 5.37176 0.22 -0.00354751 0.109848 0.157546 0.00377561 0.0796879 0.0295744
0.268268 5.37898 0.230559 0.271772 5.37255 0.22 0.00561216 0.117601 0.155916 0.00384981 0.0796793 0.0295879
0.268318 5.38005 0.231748 0.27181 5.37335 0.22 0.00111992 0.118193 0.129162 0.00389636 0.0796601 0.0296335
0.268357 5.38138 0.232723 0.27185 5.37415 0.22 0.0107759 0.114342 0.124874 0.00396401 0.0796524 0.0296452
0.268399 5.38225 0.233795 0.27189 5.37494 0.22 -0.00656409 0.0785102 0.111783 0.00402922 0.0796597 0.0296169
0.268431 5.38311 0.234762 0.271931 5.37574 0.22 -0.00228615 0.125671 0.120036 0.00408424 0.0797047 0.029488
0.268446 5.38426 0.235551 0.271972 5.37654 0.22 0.00189639 0.0528334 0.111783 0.00411422 0.0797339 0.0294049
0.268468 5.38502 0.236357 0.272014 5.37733 0.22 -0.0123573 0.0999382 0.0827193 0.00415685 0.0797613 0.0293243
0.268426 5.38614 0.23678 0.272056 5.37813 0.22 0.000591346 0.0942784 0.0577457 0.00423083 0.0797661 0.0293006
0.268398 5.38714 0.237118 0.272099 5.37893 0.22 0.00364992 0.0890709 0.0598861 0.00429884 0.0797515 0.0293305
0.268451 5.38815 0.237418 0.272142 5.37973 0.22 0.00949649 0.117121 0.061021 0.00434398 0.0797384 0.0293595
0.268551 5.38923 0.237578 0.272186 5.38052 0.22 0.0138316 0.091643 0.0541709 0.00440388 0.0797203 0.0293997
0.268579 5.38942 0.237748 0.272231 5.38132 0.22 0 0 0 0.00447085 0.0797139 0.029407
0.268579 5.38942 0.164557 0.272276 5.38212 0.22 0 0 0 0.00454147 0.0797438 0.0293148
0.268579 5.38942 0.174298 0.272321 5.38292 0.22 0 0 0 0.00453761 0.0797705 0.0292429
0.268689 5.39015 0.185489 0.272366 5.38371 0.22 0.00518498 0.173344 0.94454 0.004521 0.0798069 0.029146
0.268826 5.39204 0.196607 0.272411 5.38451 0.22 0.0187454 0.131362 0.877172 0.00450824 0.0798638 0.0289917
0.268975 5.39265 0.207149 0.272456 5.38531 0.22 0.0106629 0.000209432 0.797092 0.00448784 0.0799403 0.0287831
0.269118 5.39262 0.215511 0.272501 5.38611 0.22 0.0106356 -0.0921734 0.283098 0.00445706 0.0800524 0.0284748
0.268957 5.39204 0.21711 0.272545 5.38691 0.22 0.0082437 0.182899 0.146919 0.00440704 0.080164 0.028167
0.269319 5.39634 0.217269 0.272589 5.38771 0.22 0.0140889 0.485115 0.117523 0.00441494 0.0799983 0.0286328
0.269286 5.39933 0.216351 0.272634 5.38851 0.22 -0.00664173 0.121359 -0.0473844 0.0044428 0.079499 0.0299871
0.26928 5.40049 0.21561 0.272678 5.3893 0.22 -0.00797677 0.173538 -0.0243511 0.00443207 0.0792433 0.0306582
0.26931 5.40218 0.214207 0.272722 5.3901 0.22 0.0174988 0.139607 -0.0735188 0.00440773 0.0791251 0.0309653
0.269433 5.40324 0.212852 0.272766 5.39089 0.22 0.00450996 0.055989 -0.045048 0.00438867 0.0791274 0.0309621
0.269523 5.40412 0.212367 0.272809 5.39168 0.22 0.0102981 0.103997 0.00171385 0.00432323 0.0791748 0.0308499
0.269608 5.40501 0.212102 0.272852 5.39247 0.22 0.0100925 0.0958754 0.0184508 0.00423812 0.079182 0.0308433
0.269728 5.40588 0.212158 0.272894 5.39326 0.22 0.00971753 0.0682903 0.0642946 0.00415942 0.0791054 0.0310499
0.269781 5.40641 0.212793 0.272935 5.39405 0.22 0.0126614 0.0415897 0.0738119 0.00406226 0.0790033 0.0313216
0.269855 5.40698 0.213515 0.272974 5.39484 0.22 0.00967073 0.0784159 0.0782433 0.00396179 0.0788868 0.0316267
0.269892 5.40758 0.214161 0.273013 5.39563 0.22 0.0017208 0.0346327 0.0957604 0.00388983 0.0787938 0.0318665
0.269885 5.40783 0.215166 0.273052 5.39642 0.22 -0.000552353 0.00789959 0.102269 0.0038569 0.078736 0.032013
0.269899 5.40786 0.216395 0.27309 5.3972 0.22 -0.00281878 -0.00116802 0.114244 0.00385552 0.0787212 0.0320496
0.26991 5.40793 0.217839 0.273129 5.39799 0.22 0.00803989 0.00221646 0.122145 0.00391018 0.0787024 0.0320891
0.269974 5.40796 0.219188 0.273169 5.39878 0.22 0.0165196 0.0194906 0.130421 0.0040003 0.0787332 0.0320023
0.270089 5.40826 0.220511 0.273209 5.39957 0.22 0.00859806 0.0547643 0.114874 0.00400968 0.078704 0.0320729
0.270173 5.40859 0.221793 0.27325 5.40035 0.22 0.00732856 0.0343345 0.13602 0.00405639 0.0786364 0.0322322
0.270233 5.40872 0.223312 0.273291 5.40114 0.22 0.00880031 0.03268 0.150623 0.00409684 0.0786032 0.032308
0.270302 5.40895 0.224813 0.273331 5.40192 0.22 0.00221453 0.01435 0.11608 0.00409637 0.0785196 0.0325108
0.270284 5.40928 0.22603 0.273373 5.40271 0.22 -0.0130673 0.027697 0.10438 0.00416813 0.0785161 0.0325102
0.270259 5.40975 0.227117 0.273416 5.40349 0.22 0.00367337 0.0427552 0.114962 0.00426856 0.0784641 0.0326226
0.270304 5.41011 0.228289 0.273459 5.40428 0.22 0.00769247 0.0624029 0.116732 0.00434029 0.0784072 0.0327496
0.270405 5.41093 0.229231 0.273503 5.40506 0.22 0.0148853 0.0797704 0.10562 0.00438665 0.0783715 0.0328287
0.270499 5.41171 0.230164 0.273547 5.40584 0.22 0.00522399 0.0802316 0.0908335 0.00443282 0.0783406 0.0328962
0.270533 5.41219 0.23094 0.273591 5.40663 0.22 0.00449902 0.0545245 0.0756383 0.00445769 0.0783279 0.0329232
0.2706 5.41288 0.231566 0.273636 5.40741 0.22 -0.00269316 0.0997318 0.0885308 0.00449147 0.0783189 0.0329398
0.270667 5.41383 0.232126 0.273682 5.40819 0.22 0.00814182 0.0699894 0.0740485 0.00454337 0.0782832 0.0330175
0.270737 5.41462 0.232525 0.273727 5.40898 0.22 0.00484234 0.0762057 0.0698191 0.00457847 0.0782482 0.0330957
0.270802 5.41538 0.232916 0.273773 5.40976 0.22 0.0103979 0.0812756 0.0555247 0.00462716 0.0781992 0.0332045
0.270802 5.41538 0.23313 0.27382 5.41054 0.22 0 0 0 0.00465483 0.0781869 0.0332296
0.270802 5.41538 0.170003 0.273867 5.41132 0.22 0 0 0 0.00466686 0.0781676 0.0332731
0.270778 5.41582 0.179941 0.273913 5.4121 0.22 -0.00554769 0.299084 1.10595 0.00463591 0.0781694 0.0332733
0.270883 5.41918 0.191414 0.273959 5.41289 0.22 0.0453236 0.279747 0.971035 0.00454225 0.0781815 0.0332579
0.271305 5.42161 0.201147 0.274003 5.41367 0.22 0.0183137 0.151462 0.794828 0.00433697 0.0781621 0.0333307
0.271421 5.42219 0.210074 0.274045 5.41445 0.22 -0.0132903 -0.0227268 0.689373 0.00414985 0.078187 0.0332962
0.271446 5.4224 0.218227 0.274085 5.41523 0.22 0.0196125 0.143464 0.60449 0.00401489 0.0782527 0.0331581
0.271503 5.42326 0.221894 0.274124 5.41601 0.22 -0.000322814 0.075683 0.145125 0.00388207 0.0783772 0.0328787
0.271631 5.42459 0.222476 0.274162 5.4168 0.22 0.0163278 0.238167 0.0886802 0.00380925 0.0785046 0.0325819
0.271755 5.42649 0.222483 0.2742 5.41758 0.22 0.00235457 0.155013 0.0112305 0.00377709 0.0784687 0.032672
0.271869 5.42798 0.221032 0.274238 5.41837 0.22 0.0027901 0.103938 -0.074472 0.00379159 0.0784306 0.0327617
0.271828 5.42886 0.220028 0.274276 5.41915 0.22 -0.011219 0.054008 -0.0452681 0.00382638 0.0784451 0.032723
0.271782 5.42963 0.219213 0.274315 5.41994 0.22 -0.000844143 0.0586307 -0.0226638 0.00385787 0.0786164 0.0323054
0.271802 5.42993 0.218885 0.274353 5.42073 0.22 0.0149078 0.0199822 0.00267875 0.00386029 0.0787753 0.0319157
0.271969 5.43048 0.218689 0.274391 5.42152 0.22 0.0235971 0.0494767 0.0181636 0.00380691 0.0789304 0.0315368
0.272168 5.4309 0.21882 0.274429 5.42231 0.22 0.0128767 0.0273615 0.0522179 0.00372376 0.0790444 0.0312598
0.272343 5.4315 0.219285 0.274465 5.4231 0.22 0.0140137 0.12767 0.0979254 0.00361437 0.0791272 0.0310626
0.272503 5.43258 0.219959 0.274501 5.42389 0.22 0.0167766 0.0709926 0.10065 0.00357621 0.079141 0.0310317
0.272607 5.43335 0.22076 0.274537 5.42468 0.22 0.00318621 0.08098 0.0836162 0.00356663 0.0791376 0.0310416
0.272624 5.4342 0.221773 0.274573 5.42547 0.22 -0.00637857 0.0657566 0.145859 0.003593 0.0791585 0.0309852
0.272603 5.435 0.223187 0.274609 5.42626 0.22 -0.00129912 0.0871416 0.155719 0.00366141 0.0792071 0.0308527
0.27258 5.43583 0.224573 0.274646 5.42706 0.22 -0.0102235 0.0849428 0.147805 0.00370574 0.0792302 0.0307882
0.272546 5.43664 0.225945 0.274683 5.42785 0.22 0.00435706 0.101955 0.157589 0.00374255 0.0792511 0.0307299
0.272592 5.43779 0.227229 0.274721 5.42864 0.22 0.00193543 0.109031 0.149091 0.00376829 0.0793048 0.0305878
0.272596 5.43883 0.228516 0.274759 5.42943 0.22 -0.000899021 0.087037 0.146116 0.00375183 0.0793191 0.0305526
0.272586 5.4397 0.229805 0.274796 5.43023 0.22 -0.00140971 0.105126 0.143164 0.00374075 0.0793235 0.0305427
0.27258 5.44088 0.230989 0.274834 5.43102 0.22 -0.00931946 0.108225 0.133511 0.00375332 0.0793161 0.0305604
0.272544 5.44179 0.232064 0.274872 5.43181 0.22 0.00483228 0.107221 0.114008 0.00381547 0.079296 0.0306047
0.272564 5.44302 0.233197 0.27491 5.43261 0.22 0.00683044 0.0908201 0.119813 0.00387329 0.0792967 0.0305955
0.272518 5.44395 0.234138 0.274949 5.4334 0.22 0.00128104 0.080479 0.122296 0.00392156 0.0793081 0.03056
0.272465 5.4448 0.234941 0.274988 5.43419 0.22 -0.00453519 0.0795281 0.111047 0.00392958 0.0793274 0.0305088
0.272469 5.44568 0.235589 0.275028 5.43499 0.22 0.00474786 0.096898 0.0884707 0.00394356 0.0793516 0.030444
0.272514 5.44668 0.235971 0.275067 5.43578 0.22 0.00330052 0.100206 0.074742 0.00396669 0.0793491 0.0304474
0.272536 5.44752 0.236197 0.275107 5.43657 0.22 0.0129041 0.0696158 0.0759977 0.00400606 0.0793251 0.0305047
0.27264 5.44859 0.236537 0.275148 5.43737 0.22 0.0157081 0.0922649 0.0608239 0.00403426 0.0792936 0.030583
0.272688 5.44937 0.23678 0.275188 5.43816 0.22 0.000586246 0.0628763 0.0461292 0.00404654 0.0792735 0.0306332
0.272726 5.44997 0.23692 0.275229 5.43895 0.22 0.0130397 0.048737 0.0262339 0.0040518 0.0792675 0.0306481
0.272726 5.44997 0.156806 0.275269 5.43974 0.22 0 0 0 0.00406086 0.079264 0.0306561
0.272726 5.44997 0.166979 0.27531 5.44054 0.22 0 0 0 0.00406786 0.0792639 0.0306584
0.272722 5.4499 0.1753 0.275351 5.44133 0.22 -0.00787365 -0.013145 0.879602 0.00410045 0.0791956 0.0308271
0.272773 5.45102 0.189307 0.275393 5.44212 0.22 0.000587259 0.160861 0.948728 0.00423313 0.0793381 0.0304404
0.272869 5.4522 0.1983 0.275436 5.44292 0.22 0.0143561 0.0749167 0.881515 0.00421897 0.0793556 0.0303967
0.272945 5.45224 0.210986 0.275486 5.44387 0.22 -0.0041657 -0.0374155 0.787575 0.00418878 0.0794334 0.0301969
0.272957 5.45278 0.219812 0.275528 5.44466 0.22 0.0138283 0.147602 0.575802 0.00415865 0.0795017 0.0300207
0.273021 5.45342 0.22035 0.275561 5.4453 0.22 -0.0295738 -0.0194992 -0.119402 0.0041044 0.0795976 0.029773
0.273069 5.45545 0.218923 0.275609 5.44626 0.22 0.0163752 0.404469 0.0686187 0.0040743 0.0795618 0.0298727
0.273047 5.45837 0.217724 0.27565 5.44705 0.22 -0.0108613 0.149811 -0.0447769 0.00405811 0.0792653 0.0306531
0.273071 5.45915 0.216874 0.275691 5.44784 0.22 0.00746075 0.129107 -0.0374262 0.00404971 0.0790055 0.0313177
0.273094 5.46128 0.215711 0.275731 5.44863 0.22 0.00385915 0.216991 -0.0591228 0.00402453 0.0788478 0.0317157
0.273197 5.46193 0.214668 0.275771 5.44942 0.22 0.00783832 0.0170297 -0.0290907 0.00401421 0.0787272 0.0320152
0.273318 5.46289 0.21453 0.275811 5.4502 0.22 0.019297 0.126176 0.0267302 0.00398704 0.0787117 0.0320567
0.273457 5.46357 0.21419 0.275851 5.45099 0.22 0.0158409 0.0214228 0.00129498 0.00396621 0.0787147 0.0320519
0.273553 5.46414 0.214339 0.27589 5.45178 0.22 0.0076366 0.0742676 0.0562769 0.00396563 0.0786682 0.032166
0.273613 5.46449 0.215041 0.27593 5.45256 0.22 0.00263122 0.019887 0.0835245 0.00394843 0.078634 0.0322515
0.273638 5.46471 0.21593 0.275969 5.45335 0.22 -0.00387778 0.00604992 0.0746824 0.00393555 0.0785568 0.0324408
0.27367 5.46504 0.216818 0.276009 5.45413 0.22 0.00210318 0.0381051 0.0840071 0.00393068 0.0784858 0.0326127
0.273685 5.46536 0.217867 0.276048 5.45492 0.22 0.00301178 0.0236388 0.111648 0.00395801 0.0784085 0.032795
0.273693 5.4653 0.219059 0.276088 5.4557 0.22 -9.9162e-05 -0.0126549 0.10793 0.00402525 0.0783741 0.0328688
0.273705 5.46536 0.220515 0.276129 5.45649 0.22 0.00105338 0.0125135 0.125688 0.00408578 0.0783642 0.032885
0.273641 5.46543 0.221812 0.27617 5.45727 0.22 -0.00782314 0.0110536 0.124785 0.0041742 0.0783634 0.0328757
0.273572 5.46536 0.223196 0.276213 5.45805 0.22 -0.00121464 -0.0117177 0.115027 0.00427207 0.078374 0.0328379
0.273556 5.46545 0.224551 0.276256 5.45884 0.22 0.000115443 0.0475061 0.14009 0.00433321 0.0783808 0.0328136
0.273611 5.46606 0.225875 0.2763 5.45962 0.22 0.00511877 0.0506136 0.132827 0.00436813 0.0783779 0.0328158
0.273638 5.46649 0.227215 0.276344 5.4604 0.22 9.68812e-05 0.0323178 0.130075 0.00439995 0.0783607 0.0328528
0.273663 5.46691 0.228425 0.276388 5.46119 0.22 0.00633082 0.0662892 0.126956 0.00442172 0.0783499 0.0328755
0.273711 5.46773 0.229489 0.276432 5.46197 0.22 0.0027877 0.0641575 0.106235 0.00445864 0.0783226 0.0329356
0.273747 5.46827 0.23046 0.276477 5.46275 0.22 0.00231281 0.0479918 0.104211 0.00451149 0.0782927 0.0329995
0.273774 5.46879 0.231339 0.276523 5.46354 0.22 0.00161417 0.0648986 0.0956498 0.00456668 0.0781845 0.0332474
0.273814 5.46953 0.232097 0.276569 5.46432 0.22 0.00479681 0.0820799 0.0862075 0.00460111 0.0781603 0.0332996
0.273876 5.47033 0.232715 0.276615 5.4651 0.22 0.00463423 0.0822894 0.0812321 0.0046136 0.078141 0.033343
0.273922 5.47099 0.233269 0.276661 5.46588 0.22 0.0109367 0.0721572 0.0697819 0.00459191 0.0781327 0.0333655
0.274002 5.47185 0.233631 0.276707 5.46666 0.22 0.00760607 0.0886027 0.0499114 0.00454931 0.0781361 0.0333634
0.274074 5.47266 0.233938 0.276752 5.46744 0.22 0.00228018 0.0694917 0.061101 0.00451492 0.0781478 0.0333408
0.274131 5.47302 0.234256 0.276797 5.46822 0.22 0 0 0 0.00448752 0.0781616 0.0333119
0.274131 5.47302 0.164501 0.276841 5.46901 0.22 0 0 0 0.00446158 0.078176 0.0332816
0.274131 5.47302 0.172763 0.276886 5.46979 0.22 0 0 0 0.00446151 0.0781927 0.0332424
0.27402 5.47481 0.183657 0.27693 5.47057 0.22 -0.0170468 0.363356 1.12466 0.00440597 0.0782027 0.0332264
0.274216 5.47788 0.19458 0.276973 5.47135 0.22 0.0347153 0.249388 0.951568 0.00430387 0.0782138 0.0332135
0.274406 5.47976 0.203979 0.277016 5.47213 0.22 0.0161715 0.0940716 0.780023 0.00419395 0.0781922 0.0332785
0.274452 5.47988 0.212869 0.277056 5.47292 0.22 0.00578612 -0.00117371 0.679861 0.00402486 0.0782887 0.0330719
0.274496 5.48036 0.219837 0.277096 5.4737 0.22 0.00328339 -0.0219823 0.326555 0.00393807 0.0783894 0.0328429
0.274607 5.48127 0.221881 0.277135 5.47449 0.22 0.0335804 0.186878 0.132426 0.00384392 0.0785325 0.0325104
0.274729 5.48403 0.221392 0.277173 5.47527 0.22 0.00542052 0.232522 0.0886164 0.00380801 0.0784847 0.0326298
0.274783 5.4849 0.221888 0.27721 5.47606 0.22 0.00639424 0.0672252 0.0563507 0.00375033 0.078432 0.032763
0.274865 5.48709 0.220793 0.277248 5.47684 0.22 0.00346866 0.24982 -0.0300592 0.00377753 0.0783747 0.0328969
0.274807 5.4876 0.219993 0.277286 5.47762 0.22 -0.00865111 -0.0496602 -0.0873744 0.0038525 0.0784066 0.032812
0.27464 5.48812 0.219254 0.277326 5.47841 0.22 -0.0149494 0.12385 -0.0163519 0.0039512 0.0786555 0.0321987
0.274541 5.48905 0.218833 0.277366 5.4792 0.22 -0.0129134 0.0109557 -0.0034579 0.00399542 0.0788272 0.0317706
0.274553 5.48889 0.218713 0.277405 5.47999 0.22 0.009236 0.010461 -0.0135417 0.00395569 0.0790151 0.0313055
0.274672 5.4898 0.218654 0.277444 5.48078 0.22 0.0165136 0.103567 0.0617881 0.00384818 0.079134 0.0310172
0.274911 5.49023 0.219084 0.277482 5.48157 0.22 0.0257589 0.031217 0.0787788 0.00374898 0.0792001 0.0308601
0.275125 5.49103 0.219777 0.277519 5.48236 0.22 0.0177145 0.138466 0.110242 0.00369536 0.079246 0.0307487
0.275185 5.4918 0.220666 0.277556 5.48316 0.22 0.00226135 0.0554579 0.100761 0.00371239 0.0793094 0.0305827
0.275138 5.49224 0.221831 0.277594 5.48395 0.22 -0.0125167 0.0692715 0.120004 0.0038172 0.0793769 0.0303941
0.275063 5.4931 0.223255 0.277633 5.48474 0.22 -0.00583129 0.121081 0.184292 0.00396131 0.0794595 0.0301588
0.274929 5.49386 0.224795 0.277673 5.48554 0.22 -0.00811244 0.0677923 0.157187 0.00406968 0.0795091 0.0300133
0.274845 5.49486 0.226098 0.277715 5.48633 0.22 -0.00160833 0.120316 0.146508 0.0042045 0.0795484 0.0298905
0.274806 5.49611 0.227264 0.277758 5.48713 0.22 0.00645122 0.123533 0.160784 0.00425937 0.0795555 0.0298638
0.274868 5.49727 0.228619 0.277801 5.48793 0.22 -0.000313534 0.110239 0.155435 0.00431023 0.0796761 0.0295331
0.274942 5.49846 0.229919 0.277844 5.48872 0.22 0.00148366 0.129584 0.165739 0.00429232 0.0796588 0.0295824
0.274938 5.49971 0.231139 0.277887 5.48952 0.22 0.00451868 0.095493 0.14598 0.00428193 0.0796455 0.0296196
0.274922 5.50067 0.232282 0.277929 5.49032 0.22 -0.00759988 0.119996 0.120669 0.00427257 0.0796349 0.0296495
0.274876 5.50182 0.233264 0.277972 5.49111 0.22 -0.0139841 0.133474 0.135411 0.00432577 0.0796343 0.0296433
0.27477 5.50281 0.23427 0.278016 5.49191 0.22 -0.00742424 0.091028 0.105718 0.00439332 0.0796455 0.0296033
0.274806 5.50374 0.235087 0.278061 5.4927 0.22 0.00884584 0.13544 0.0994831 0.00449292 0.0796693 0.0295241
0.274899 5.5048 0.235766 0.278107 5.4935 0.22 0.000664941 0.0987826 0.0876834 0.00456892 0.0797003 0.0294287
0.274928 5.50582 0.236309 0.278152 5.4943 0.22 -0.00374833 0.118214 0.0835793 0.00457733 0.0797062 0.0294115
0.274926 5.5069 0.236671 0.278198 5.4951 0.22 0.00175605 0.113952 0.0610313 0.00456793 0.079703 0.0294214
0.274904 5.50786 0.236906 0.278244 5.49589 0.22 0.013572 0.116897 0.0666232 0.00456991 0.079683 0.0294753
0.274977 5.50884 0.237134 0.27829 5.49669 0.22 0.00345506 0.124021 0.0577801 0.00462823 0.0796468 0.029564
0.275015 5.50944 0.237287 0.278337 5.49749 0.22 0 0 0 0.0046934 0.0796244 0.029614
0.275015 5.50944 0.161252 0.278384 5.49828 0.22 0 0 0 0.00473491 0.0796243 0.0296077
0.275015 5.50944 0.169648 0.278432 5.49908 0.22 0 0 0 0.00480049 0.0796926 0.0294127
0.275077 5.50932 0.180156 0.27848 5.49988 0.22 0.0202899 0.0479736 0.895417 0.00481966 0.0797121 0.0293568
0.275194 5.51056 0.191304 0.278528 5.50067 0.22 0.0203262 0.17554 0.899272 0.00483436 0.079755 0.0292374
0.275406 5.51188 0.201995 0.278577 5.50147 0.22 0.0186898 0.0599988 0.824393 0.0048457 0.0797884 0.0291443
0.275558 5.51199 0.212154 0.278625 5.50227 0.22 0.0179155 -0.0115381 0.636874 0.00485991 0.0798869 0.0288708
0.275683 5.51154 0.217537 0.278674 5.50307 0.22 -0.0203146 0.0530765 0.247267 0.00486285 0.0799985 0.0285598
0.275694 5.51304 0.218423 0.278723 5.50387 0.22 0.0278558 0.392308 0.100168 0.00486429 0.0800392 0.0284452
0.275915 5.51657 0.217756 0.278772 5.50467 0.22 -0.0111451 0.221437 0.0100511 0.00494017 0.0796811 0.0294207
0.275758 5.51814 0.216712 0.278821 5.50546 0.22 0.00115729 0.108522 -0.0412557 0.00496503 0.0794042 0.0301561
0.27582 5.51962 0.215746 0.278871 5.50625 0.22 0.00585775 0.192719 -0.0562308 0.00493927 0.0791986 0.0306959
0.275958 5.5213 0.21416 0.27892 5.50705 0.22 0.0092544 0.0835058 -0.0742018 0.00489084 0.0790947 0.0309706
0.276051 5.52194 0.21329 0.278968 5.50784 0.22 0.00833943 0.0991287 0.0237492 0.00481603 0.0791001 0.0309684
0.276149 5.52293 0.213126 0.279016 5.50863 0.22 0.0125212 0.0715982 -0.00352894 0.00474111 0.0791226 0.0309226
0.276245 5.52352 0.21276 0.279062 5.50942 0.22 0.0111722 0.0379318 0.0246615 0.0046466 0.0791016 0.0309905
0.276347 5.52393 0.213075 0.279108 5.51021 0.22 0.0129755 0.0294656 0.058887 0.00457484 0.0790688 0.0310846
0.276494 5.52434 0.213831 0.279154 5.511 0.22 0.0161748 0.0676852 0.075745 0.00451083 0.0790142 0.0312326
0.276576 5.52492 0.214579 0.279198 5.51179 0.22 0.00120559 0.037105 0.0855381 0.00447983 0.0789597 0.0313745
0.276529 5.52516 0.215569 0.279243 5.51258 0.22 0.00424666 0.03087 0.101912 0.00444956 0.0788836 0.0315697
0.276469 5.52528 0.216805 0.279287 5.51337 0.22 -0.00519094 0.0230163 0.126277 0.00445023 0.0788424 0.0316724
0.276431 5.52551 0.218219 0.279332 5.51416 0.22 -0.0030092 0.018629 0.133111 0.0044683 0.0788065 0.0317591
0.276424 5.52578 0.219555 0.279377 5.51494 0.22 -0.00115423 0.00473362 0.131485 0.0044891 0.0786553 0.0321286
0.276395 5.52585 0.220962 0.279422 5.51573 0.22 -0.00629521 -0.0129287 0.123243 0.00450349 0.0785506 0.0323817
0.27634 5.52581 0.222452 0.279467 5.51651 0.22 -0.00607036 0.0125037 0.143674 0.00455146 0.0785621 0.0323472
0.276284 5.526 0.223884 0.279513 5.5173 0.22 -0.00872658 0.0167532 0.130729 0.00462152 0.0785519 0.032362
0.276207 5.52607 0.2253 0.27956 5.51809 0.22 -0.00727402 0.0171861 0.115925 0.00466392 0.0785638 0.0323271
0.276169 5.52626 0.226642 0.279607 5.51887 0.22 -0.00430791 0.0243434 0.120008 0.00469802 0.0785166 0.0324366
0.276193 5.52683 0.227787 0.279654 5.51966 0.22 0.00471015 0.0785106 0.112566 0.00474397 0.0785316 0.0323937
0.276271 5.52761 0.228816 0.279702 5.52044 0.22 -0.000843826 0.0669666 0.130825 0.00477436 0.0785385 0.0323725
0.276319 5.52836 0.229921 0.27975 5.52123 0.22 0.0072237 0.0982201 0.116524 0.00478378 0.0785483 0.0323473
0.276366 5.52906 0.230868 0.279798 5.52201 0.22 0.00429636 0.0602236 0.110227 0.00480659 0.0785634 0.0323071
0.276359 5.5298 0.231795 0.279847 5.5228 0.22 -0.000784196 0.0907013 0.0968734 0.00489356 0.078535 0.0323631
0.276381 5.53083 0.232441 0.279896 5.52358 0.22 0.00302836 0.0628681 0.0797726 0.00498603 0.0784938 0.0324487
0.276407 5.53169 0.233058 0.279946 5.52437 0.22 0.00986968 0.0973775 0.0805807 0.00504714 0.0784574 0.0325273
0.27647 5.53261 0.233549 0.279998 5.52515 0.22 0.0112509 0.109832 0.0676806 0.00511136 0.0784102 0.0326309
0.27654 5.53353 0.233881 0.280049 5.52594 0.22 0.00848654 0.110217 0.0532969 0.00514607 0.078315 0.0328534
0.276596 5.53418 0.234049 0.2801 5.52672 0.22 0 0 0 0.00514949 0.0783233 0.0328331
0.276596 5.53418 0.165898 0.280152 5.5275 0.22 0 0 0 0.00513605 0.0783339 0.0328099
0.276596 5.53418 0.17475 0.280203 5.52829 0.22 0 0 0 0.00509785 0.0783332 0.0328175
0.276563 5.5365 0.186047 0.280253 5.52907 0.22 0.00962381 0.328571 1.09192 0.00504235 0.0783404 0.0328087
0.27692 5.53912 0.196678 0.280303 5.52985 0.22 0.0258069 0.223338 0.882746 0.00492584 0.0783315 0.0328478
0.277133 5.54033 0.206061 0.280351 5.53064 0.22 0.0137158 -0.0137788 0.736235 0.00473029 0.078303 0.0329443
0.277229 5.54016 0.214785 0.280397 5.53142 0.22 0.00521543 0.0592233 0.678612 0.00459502 0.078364 0.0328182
0.277222 5.54058 0.220403 0.280442 5.5322 0.22 0.00934052 0.0597913 0.235575 0.00444743 0.0784842 0.0325502
0.277426 5.54233 0.2213 0.280485 5.53299 0.22 0.00673672 0.2825 0.107344 0.00432561 0.0786203 0.0322367
0.277563 5.54436 0.221082 0.280528 5.53377 0.22 0.0104405 0.0535501 0.0764245 0.00428845 0.0785331 0.0324533
0.277667 5.54518 0.221549 0.280569 5.53456 0.22 0.0171929 0.237829 0.0620344 0.00400404 0.0789697 0.0314135
0.277794 5.54737 0.221012 0.280609 5.53535 0.22 -0.00261347 0.128032 -0.0570091 0.00404335 0.078908 0.0315633
0.277719 5.54773 0.220109 0.28065 5.53614 0.22 -0.0311614 0.0148297 -0.0812309 0.00410332 0.0789324 0.0314945
0.277469 5.54856 0.219294 0.280691 5.53693 0.22 -0.0115741 0.16016 0.0200824 0.00415136 0.0790208 0.0312656
0.277326 5.54942 0.218927 0.280733 5.53772 0.22 -0.0216137 0.0126341 -0.0384329 0.00419738 0.0791787 0.0308575
0.277325 5.54967 0.218587 0.280775 5.53852 0.22 0.0207111 0.094901 0.0234717 0.00412219 0.0793215 0.0304987
0.277563 5.55053 0.218602 0.280815 5.53931 0.22 0.0249123 0.0601448 0.0552725 0.0039927 0.0793755 0.0303752
0.277853 5.5509 0.2191 0.280854 5.5401 0.22 0.0294253 0.0412809 0.0708766 0.00383451 0.0794076 0.0303116
0.278142 5.5517 0.219787 0.280891 5.5409 0.22 0.0191596 0.116459 0.111223 0.00369617 0.0794436 0.0302344
0.278305 5.55246 0.220743 0.280928 5.54169 0.22 0.00495292 0.0291331 0.0912099 0.00363948 0.0794721 0.0301661
0.278339 5.55297 0.221816 0.280964 5.54249 0.22 -0.004815 0.0807261 0.11568 0.0036713 0.0794973 0.0300958
0.278328 5.5538 0.223199 0.281002 5.54328 0.22 0.00106051 0.0562513 0.166527 0.0037669 0.0795403 0.0299702
0.278261 5.55438 0.224797 0.28104 5.54408 0.22 0.000756939 0.0848165 0.149864 0.00389296 0.0795721 0.0298694
0.278238 5.55539 0.226009 0.28108 5.54488 0.22 -0.00303714 0.128275 0.143964 0.00401667 0.0795912 0.0298023
0.278262 5.55628 0.227289 0.281121 5.54567 0.22 0.00904252 0.0550205 0.148058 0.0040593 0.0795911 0.0297967
0.278389 5.5572 0.228669 0.281161 5.54647 0.22 0.0203801 0.103601 0.161471 0.00405498 0.0795937 0.0297904
0.282127 5.63133 0.217695 0.285312 5.62052 0.22 0.0199509 0.34025 0.0955139 0.00463084 0.0796705 0.0294996
0.282223 5.63392 0.216669 0.285359 5.62131 0.22 0.0120538 0.14324 0.017407 0.00462367 0.0795607 0.0297955
0.282236 5.63545 0.216007 0.285405 5.6221 0.22 -0.00116196 0.176697 -0.0158851 0.00465207 0.0791878 0.0307687
0.282328 5.63716 0.214913 0.285451 5.62289 0.22 0.00987224 0.165491 -0.0600926 0.00462203 0.0789819 0.031298
0.282476 5.6386 0.213554 0.285497 5.62368 0.22 0.0208359 0.131995 -0.0625887 0.00457262 0.0789137 0.0314766
0.282701 5.63997 0.212401 0.285542 5.62447 0.22 0.0147626 0.0905972 0.0126079 0.00450437 0.0788855 0.0315571
0.282853 5.64096 0.212311 0.285587 5.62526 0.22 0.0145855 0.0900384 0.0236793 0.00436462 0.0788743 0.0316047
0.282921 5.64153 0.212177 0.28563 5.62605 0.22 0.0131319 0.0806441 0.00982841 0.00428386 0.0788286 0.0317296
0.28299 5.64217 0.212212 0.285671 5.62684 0.22 0.00281971 0.0505737 0.0633607 0.00417206 0.0787514 0.0319354
0.283011 5.6427 0.213017 0.285712 5.62762 0.22 -0.0106554 0.0347088 0.0655863 0.00403581 0.078701 0.0321154
0.283046 5.64323 0.213577 0.285759 5.62857 0.22 0.00654063 0.0588145 0.0831649 0.0038805 0.0786272 0.0322764
0.283083 5.64359 0.214584 0.285797 5.62935 0.22 0.00920355 0.0125824 0.107247 0.00380342 0.0785863 0.032385
0.283062 5.64363 0.215689 0.285835 5.63014 0.22 0.000948472 0.0111247 0.0910596 0.00376037 0.078577 0.0324126
0.283118 5.6439 0.216928 0.285872 5.63093 0.22 0.00589686 0.0271494 0.119189 0.00372853 0.0785749 0.0324215
0.283138 5.64403 0.218374 0.28591 5.63171 0.22 -0.000434096 0.0156884 0.136403 0.00381812 0.078589 0.0323767
0.283122 5.64416 0.219876 0.285948 5.6325 0.22 -0.00187602 0.0139258 0.133758 0.00388539 0.0785159 0.0325458
0.28314 5.64442 0.221178 0.285988 5.63328 0.22 0.00789723 0.0310485 0.117846 0.00393938 0.078465 0.0326617
0.283118 5.64459 0.222536 0.286028 5.63407 0.22 -0.00716567 0.0123669 0.108284 0.00399184 0.0784319 0.0327347
0.283117 5.64503 0.223845 0.286068 5.63485 0.22 -0.00472681 0.0447143 0.130173 0.00402151 0.0782525 0.0331577
0.283097 5.64567 0.225032 0.286108 5.63563 0.22 -0.00544782 0.0448663 0.131419 0.00407326 0.0782922 0.0330576
0.283042 5.64595 0.226202 0.286149 5.63641 0.22 -0.0019284 0.0197449 0.119856 0.00410885 0.0783062 0.0330199
0.283057 5.64651 0.227341 0.286191 5.6372 0.22 0.00840837 0.07517 0.110343 0.00418413 0.0782637 0.033111
0.283081 5.6471 0.228428 0.286233 5.63798 0.22 0.00311319 0.0493344 0.112968 0.00421001 0.0782099 0.0332348
0.283078 5.64751 0.229467 0.286276 5.63876 0.22 -0.0010332 0.0626669 0.103062 0.00425492 0.0781656 0.0333331
0.283148 5.64822 0.230225 0.286319 5.63954 0.22 0.0136024 0.100223 0.100136 0.00429028 0.0781096 0.0334596
0.283231 5.64905 0.230917 0.286362 5.64032 0.22 0.00679025 0.07499 0.0945963 0.00430503 0.0780972 0.0334867
0.283294 5.64973 0.231647 0.286405 5.6411 0.22 0.0111491 0.0623278 0.0789028 0.00429031 0.0780937 0.0334967
0.283359 5.65059 0.23219 0.286448 5.64188 0.22 0.00776238 0.110436 0.0780809 0.00429614 0.0780784 0.0335315
0.283419 5.65138 0.232596 0.286491 5.64266 0.22 0.0130326 0.0906029 0.0675055 0.00433787 0.0780767 0.0335301
0.283486 5.65188 0.232971 0.286534 5.64345 0.22 0 0 0 0.00436868 0.0780802 0.0335181
0.283486 5.65188 0.1649 0.286578 5.64423 0.22 0 0 0 0.00440818 0.0781012 0.0334638
0.283486 5.65188 0.17314 0.286623 5.64501 0.22 0 0 0 0.00442477 0.0781798 0.0332775
0.283417 5.65354 0.184145 0.286667 5.64579 0.22 -0.0121908 0.324728 1.08691 0.00442677 0.0781752 0.0332883
0.283582 5.65646 0.19504 0.286711 5.64657 0.22 0.0438292 0.224923 0.958184 0.00438102 0.0778353 0.0340812
0.283848 5.65797 0.204602 0.286745 5.64719 0.22 0.0139195 0.0380984 0.779334 0.00425284 0.0777805 0.034227
0.283896 5.65774 0.211895 0.286786 5.64797 0.22 0.00152614 0.00635135 0.705646 0.00413273 0.0778093 0.0341715
0.283872 5.65802 0.219822 0.286826 5.64875 0.22 -0.0140508 -0.028146 0.28016 0.00394964 0.0779601 0.033848
0.283946 5.65955 0.221042 0.286872 5.64969 0.22 0.00569495 0.215595 0.111109 0.00381832 0.0781759 0.0333619
0.284026 5.66168 0.220953 0.28691 5.65047 0.22 0.00799148 0.121401 0.0937791 0.0037943 0.0781506 0.0334239
0.284052 5.66255 0.221533 0.28694 5.65109 0.22 0.0123579 0.141314 0.0674252 0.00373581 0.0781455 0.0334423
0.284093 5.66486 0.221487 0.286978 5.65187 0.22 -0.0114045 0.205196 0.108931 0.00375513 0.0780942 0.0335597
0.284027 5.66595 0.220839 0.287016 5.65266 0.22 -0.0132536 0.0841844 -0.04719 0.00383834 0.0780194 0.0337239
0.28378 5.66676 0.219829 0.287055 5.65344 0.22 -0.0323477 0.103213 -0.00653688 0.0039505 0.0780279 0.0336912
0.283409 5.66797 0.219374 0.287104 5.65437 0.22 -0.0311513 0.0697264 -0.00909981 0.00405275 0.0782168 0.033238
0.283232 5.66807 0.219244 0.287136 5.655 0.22 -0.0107847 0.0296838 0.00175391 0.00406171 0.0783378 0.0329508
0.283384 5.66873 0.219357 0.287184 5.65594 0.22 0.0368895 0.0855402 0.0480311 0.00393829 0.0784795 0.032627
0.283694 5.66948 0.219756 0.287222 5.65673 0.22 0.0275673 0.0636958 0.0773296 0.00377895 0.0785347 0.0325127
0.284016 5.67007 0.220496 0.287251 5.65736 0.22 0.0370593 0.0657686 0.100805 0.00362284 0.0785671 0.0324523
0.284313 5.67101 0.221317 0.287287 5.65814 0.22 0.0198042 0.0815052 0.0955323 0.00355451 0.0786026 0.0323737
0.284371 5.67149 0.222386 0.28733 5.65908 0.22 0.00399434 0.0196231 0.120232 0.00360476 0.0786149 0.0323382
0.28434 5.672 0.223828 0.287359 5.65971 0.22 -0.0113502 0.0446156 0.153802 0.00373309 0.0786615 0.0322102
0.284268 5.67245 0.225069 0.287398 5.6605 0.22 -0.011454 0.0591941 0.153846 0.0038763 0.0787324 0.0320194
0.28419 5.67317 0.226734 0.287445 5.66145 0.22 0.00371162 0.0846454 0.143925 0.00401613 0.0788202 0.0317853
0.284219 5.67407 0.227988 0.287478 5.66223 0.22 0.00867778 0.0891336 0.147703 0.0040658 0.0788558 0.0316907
0.284318 5.67502 0.229213 0.287527 5.66302 0.22 0.0119404 0.111349 0.144909 0.00414939 0.0789229 0.0315123
0.284388 5.67586 0.230461 0.287569 5.66381 0.22 0.000422431 0.0562304 0.138068 0.00414631 0.0789314 0.0314913
0.284472 5.67697 0.231607 0.28761 5.6646 0.22 0.00642782 0.0989295 0.145345 0.00416182 0.0789204 0.0315167
0.284587 5.67792 0.232702 0.287652 5.66539 0.22 0.0117915 0.092981 0.12243 0.0041996 0.0789086 0.0315413
0.284717 5.67883 0.233513 0.287686 5.66602 0.22 0.00958975 0.104328 0.100769 0.00423823 0.078905 0.0315451
0.28476 5.67969 0.234139 0.287729 5.66681 0.22 0.00868295 0.090915 0.106629 0.00429046 0.0789053 0.0315373
0.284866 5.68074 0.235165 0.287781 5.66776 0.22 0.0136913 0.104226 0.110324 0.0043364 0.0789171 0.0315015
0.284918 5.6816 0.235823 0.287825 5.66855 0.22 0.00350657 0.0984899 0.084244 0.00439082 0.0789317 0.0314573
0.284957 5.6826 0.236303 0.287869 5.66934 0.22 0.00131514 0.100718 0.0862819 0.00443281 0.0789382 0.0314351
0.285004 5.68362 0.236682 0.287914 5.67013 0.22 0.00489135 0.113408 0.0692401 0.0044678 0.0789352 0.0314378
0.285065 5.68466 0.237065 0.287959 5.67092 0.22 -0.000982018 0.108442 0.0681768 0.00449245 0.0789091 0.0314998
0.285085 5.68569 0.237301 0.288004 5.67171 0.22 0.00263911 0.0936582 0.0480794 0.00450982 0.078883 0.0315625
0.285062 5.68622 0.237469 0.288049 5.67249 0.22 0 0 0 0.00453619 0.0788486 0.0316446
0.285062 5.68622 0.160036 0.288095 5.67328 0.22 0 0 0 0.00457703 0.0788615 0.0316066
0.285062 5.68622 0.168343 0.288141 5.67407 0.22 0 0 0 0.00458155 0.0788692 0.0315867
0.28508 5.68594 0.178849 0.288186 5.67486 0.22 -0.00633355 -0.0111308 0.864715 0.00456527 0.078877 0.0315697
0.285115 5.68696 0.190046 0.288232 5.67565 0.22 0.0166239 0.177461 0.914131 0.00453389 0.0789188 0.0314696
0.285263 5.68818 0.200705 0.288277 5.67644 0.22 0.0162317 0.0720555 0.856115 0.00449271 0.0789807 0.0313198
0.285369 5.68809 0.210915 0.288321 5.67723 0.22 0.00782441 -0.0396635 0.76268 0.00445495 0.0790717 0.0310948
0.285437 5.6879 0.217335 0.288366 5.67802 0.22 -0.00920532 -0.0380765 0.306188 0.00442034 0.0791769 0.0308308
0.285394 5.68926 0.218901 0.288409 5.67881 0.22 0.0267877 0.282208 0.074294 0.00438677 0.0792387 0.0306765
0.285426 5.69197 0.21784 0.288454 5.6796 0.22 0.0177177 0.215021 0.0305264 0.00443709 0.0790442 0.0311671
0.285269 5.69361 0.21707 0.288498 5.68039 0.22 -0.0190886 0.146736 -0.00390074 0.00449942 0.0787135 0.0319845
0.2852 5.69548 0.216014 0.288544 5.68118 0.22 -0.00697035 0.225657 -0.0496547 0.00451865 0.078511 0.0324756
0.285201 5.69738 0.214476 0.288589 5.68196 0.22 -0.00440543 0.150151 -0.050028 0.00450943 0.078424 0.0326865
0.285179 5.69827 0.21369 0.288634 5.68275 0.22 0.00278437 0.0728056 0.0216303 0.00448972 0.0784383 0.0326547
0.285218 5.69946 0.213617 0.288678 5.68353 0.22 0.00493883 0.12949 0.0252085 0.0044422 0.0784541 0.0326233
0.285249 5.70046 0.213339 0.288722 5.68431 0.22 0.000521723 0.084688 0.0360466 0.00440562 0.0784321 0.0326811
0.285264 5.701 0.213779 0.288766 5.6851 0.22 0.00795892 0.067908 0.0801134 0.00437108 0.078384 0.0328009
0.285285 5.70195 0.214428 0.28881 5.68588 0.22 0.00674766 0.102529 0.0839493 0.00433336 0.0783566 0.0328713
0.285338 5.70278 0.21527 0.288852 5.68667 0.22 0.00500395 0.0773828 0.118034 0.00428591 0.078281 0.0330572
0.28539 5.70322 0.216417 0.288895 5.68745 0.22 0.00590632 0.0411583 0.118907 0.00426503 0.0781915 0.0332711
0.285418 5.70399 0.217539 0.288938 5.68823 0.22 -0.00166012 0.0783983 0.126228 0.00429653 0.0781354 0.0333985
0.285434 5.70437 0.218766 0.288981 5.68901 0.22 0.000372497 0.0106212 0.120061 0.00434923 0.0780938 0.033489
0.285441 5.7047 0.220145 0.289025 5.68979 0.22 0.000777475 0.0567176 0.139195 0.00438003 0.078072 0.0335356
0.285494 5.70507 0.221464 0.289069 5.69057 0.22 0.00532941 0.0255451 0.119003 0.00442798 0.077992 0.033715
0.285467 5.70529 0.222887 0.289114 5.69135 0.22 -0.00458261 0.0229569 0.133608 0.00445867 0.0780098 0.0336697
0.285439 5.70561 0.224278 0.289159 5.69213 0.22 0.000336115 0.0327317 0.138915 0.0044835 0.0780205 0.0336416
0.285451 5.70593 0.225726 0.289204 5.69291 0.22 0.00223332 0.0271127 0.133493 0.00452117 0.0780284 0.0336184
0.285481 5.70652 0.227035 0.289249 5.69369 0.22 -0.000653301 0.0515181 0.121188 0.0045696 0.0780184 0.033635
0.285512 5.70725 0.228294 0.289296 5.69447 0.22 0.00752737 0.0789822 0.138081 0.00463934 0.0779988 0.0336708
0.285563 5.70795 0.229469 0.289342 5.69525 0.22 0.00273171 0.0791894 0.119974 0.00468771 0.0778403 0.0340289
0.285609 5.70852 0.230629 0.28939 5.69603 0.22 0.00370046 0.0653547 0.12599 0.00470186 0.0777454 0.0342433
0.285685 5.70932 0.231598 0.289437 5.69681 0.22 0.00679625 0.087687 0.106493 0.00471996 0.0777287 0.0342788
0.285744 5.71011 0.232484 0.289484 5.69758 0.22 0.00603731 0.0643533 0.0941846 0.00470755 0.0777231 0.0342932
0.285828 5.71099 0.233303 0.289531 5.69836 0.22 0.00749437 0.120581 0.0948173 0.00468512 0.0777161 0.0343121
0.285912 5.71194 0.233983 0.289578 5.69914 0.22 0.0059508 0.0993611 0.0896751 0.00465871 0.0777298 0.0342845
0.286006 5.7128 0.234578 0.289624 5.69991 0.22 0.00725366 0.0923518 0.0822293 0.00468039 0.0777178 0.034309
0.286105 5.71378 0.235042 0.289671 5.70069 0.22 0.0156567 0.0964753 0.0731457 0.00470683 0.0777093 0.0343245
0.286197 5.71435 0.235428 0.289719 5.70147 0.22 0 0 0 0.00472422 0.0777041 0.0343339
0.286197 5.71435 0.165909 0.289766 5.70225 0.22 0 0 0 0.00472312 0.0777074 0.0343265
0.286197 5.71435 0.174679 0.289813 5.70302 0.22 0 0 0 0.004692 0.0777405 0.0342559
0.286029 5.71629 0.185889 0.289859 5.7038 0.22 -0.00408055 0.271054 1.0803 0.00464692 0.077727 0.0342927
0.286227 5.71852 0.196562 0.289905 5.70458 0.22 0.012846 0.194524 0.885173 0.00457703 0.0777104 0.0343395
0.286352 5.7194 0.206081 0.28995 5.70535 0.22 0.00699771 -0.0139481 0.73917 0.00443419 0.077661 0.0344699
0.286399 5.71916 0.214898 0.289993 5.70613 0.22 0.0115041 0.0208285 0.665457 0.00429094 0.0777365 0.0343174
0.286463 5.71922 0.220521 0.290035 5.70691 0.22 0.00250047 -0.0150739 0.256593 0.00416292 0.0778613 0.0340493
0.28671 5.72094 0.221504 0.290076 5.70769 0.22 -0.00403637 0.370978 0.114205 0.00407311 0.0779795 0.0337885
0.286744 5.7233 0.221267 0.290116 5.70847 0.22 0.00574699 0.00208957 0.0750026 0.00402616 0.0779142 0.0339446
0.286854 5.72375 0.221803 0.290156 5.70925 0.22 0.0205061 0.21753 0.0693594 0.00400017 0.0778868 0.0340104
0.287001 5.72601 0.221906 0.290197 5.71003 0.22 -0.00498176 0.0919809 0.131884 0.00406041 0.0778346 0.0341225
0.286946 5.72679 0.222126 0.290238 5.7108 0.22 -0.000160191 0.151418 -0.0367179 0.00418794 0.0778525 0.0340662
0.286872 5.72819 0.22117 0.290281 5.71158 0.22 -0.0173922 0.069297 -0.0211312 0.00428989 0.0778879 0.0339725
0.286688 5.72867 0.220777 0.290324 5.71236 0.22 -0.0128007 0.0829137 -0.0111286 0.00435048 0.0780647 0.0335566
0.286628 5.72948 0.220375 0.290368 5.71315 0.22 0.00989377 0.0549338 0.00323622 0.00431169 0.0782514 0.0331238
0.286717 5.72988 0.220444 0.290409 5.71393 0.22 0.0280644 0.0347274 0.0142832 0.0041134 0.0784108 0.0327702
0.287083 5.73063 0.220552 0.290449 5.71471 0.22 0.0461378 0.102995 0.0856817 0.00390773 0.0784823 0.0326238
0.287572 5.73166 0.221058 0.290487 5.7155 0.22 0.0283725 0.0470729 0.0823246 0.00375521 0.0785161 0.0325605
0.287872 5.73227 0.221819 0.290523 5.71628 0.22 0.0217601 0.0777878 0.0970051 0.00357265 0.0785697 0.0324516
0.288034 5.73308 0.222652 0.290558 5.71707 0.22 0.0184804 0.0656392 0.124328 0.00356157 0.078604 0.0323696
0.288113 5.73366 0.223809 0.290595 5.71786 0.22 -0.000290266 0.0922197 0.155544 0.003664 0.0786338 0.0322856
0.288128 5.73453 0.225207 0.290632 5.71864 0.22 -0.0109378 0.0800429 0.151777 0.00381395 0.0786665 0.0321885
0.288017 5.73529 0.226523 0.290672 5.71943 0.22 -0.0109702 0.0871331 0.142439 0.00394779 0.0786974 0.0320966
0.28789 5.73616 0.227716 0.290712 5.72022 0.22 -0.0097019 0.124029 0.160385 0.00403866 0.0787158 0.0320402
0.28786 5.73739 0.228993 0.290753 5.721 0.22 -0.00331348 0.0756293 0.154628 0.00409196 0.0787178 0.0320286
0.287934 5.73817 0.230248 0.290795 5.72179 0.22 0.0170951 0.0895167 0.150035 0.00418761 0.07876 0.0319122
0.288089 5.73928 0.23147 0.290836 5.72258 0.22 0.00749417 0.124245 0.16501 0.00417166 0.078756 0.0319241
0.288157 5.74024 0.23269 0.290878 5.72337 0.22 0.00474835 0.0818095 0.121039 0.00417255 0.0787406 0.031962
0.288232 5.74101 0.233677 0.29092 5.72415 0.22 0.00160164 0.117915 0.102937 0.00420818 0.0787229 0.032001
0.288259 5.74205 0.234543 0.290962 5.72494 0.22 0.00531923 0.107372 0.126548 0.00426969 0.0787205 0.0319987
0.2883 5.743 0.235374 0.291006 5.72573 0.22 -0.00212362 0.0540929 0.103015 0.00432239 0.0787195 0.0319941
0.288309 5.74369 0.236138 0.291049 5.72652 0.22 0.0117356 0.101114 0.0980409 0.00438049 0.0787159 0.031995
0.288345 5.74466 0.23674 0.291094 5.7273 0.22 -0.00626761 0.0883347 0.0782111 0.00443305 0.0787117 0.0319981
0.288322 5.74549 0.237206 0.291138 5.72809 0.22 0.00181749 0.102735 0.0694254 0.00446813 0.078694 0.0320368
0.288306 5.74643 0.237494 0.291183 5.72888 0.22 0.0027365 0.0875574 0.0606724 0.00450619 0.0786688 0.0320933
0.288309 5.74721 0.237742 0.291229 5.72966 0.22 -0.00350103 0.0879086 0.0534483 0.00459746 0.0786174 0.032206
0.288318 5.74752 0.238007 0.291275 5.73045 0.22 0 0 0 0.00467073 0.0785963 0.0322469
0.288318 5.74752 0.16345 0.291323 5.73124 0.22 0 0 0 0.00472112 0.0785924 0.0322492
0.288318 5.74752 0.172142 0.29137 5.73202 0.22 0 0 0 0.00477194 0.0786068 0.0322066
0.288341 5.74708 0.182886 0.291418 5.73281 0.22 -0.00109331 0.0504704 0.908398 0.0047742 0.0786197 0.0321748
0.288445 5.74805 0.193812 0.291466 5.73359 0.22 0.0154286 0.134083 0.888836 0.00474466 0.0786579 0.0320855
0.288642 5.74887 0.204366 0.291513 5.73438 0.22 0.0135678 -0.00398295 0.808224 0.00470871 0.078681 0.0320342
0.28876 5.74858 0.214056 0.291559 5.73517 0.22 0.00715656 0.0115601 0.719538 0.00463201 0.078765 0.0318383
0.288862 5.74851 0.219853 0.291605 5.73596 0.22 -0.00514431 0.0951677 0.229629 0.00457535 0.0788432 0.0316525
0.288774 5.7502 0.220022 0.29165 5.73675 0.22 -4.56175e-05 0.210939 -0.00789082 0.00453326 0.0788866 0.0315502
0.288811 5.75234 0.218914 0.291696 5.73753 0.22 -0.0019884 0.209707 0.00921382 0.00457979 0.078661 0.032102
0.288658 5.75398 0.218108 0.291742 5.73832 0.22 -0.0086557 0.0967413 -0.0235017 0.00461304 0.0783484 0.0328528
0.288702 5.75537 0.217231 0.291788 5.7391 0.22 -0.00124114 0.218255 -0.0407882 0.00457385 0.078218 0.0331674
0.288805 5.75742 0.215786 0.291833 5.73988 0.22 0.00520315 0.0974759 -0.0595988 0.00451127 0.0780641 0.0335366
0.288904 5.75831 0.215138 0.291878 5.74066 0.22 0.0105689 0.0760526 0.0199177 0.00443664 0.0780131 0.0336651
0.28907 5.75928 0.21506 0.291922 5.74144 0.22 0.0205827 0.0710688 0.00935553 0.00436608 0.0779813 0.0337477
0.289224 5.75983 0.214873 0.291964 5.74222 0.22 0.00899447 0.040581 0.0173487 0.00429274 0.0779244 0.0338883
0.289313 5.76042 0.215167 0.292007 5.743 0.22 0.00273679 0.0399804 0.064836 0.00422099 0.0778977 0.0339587
0.289386 5.76084 0.215755 0.292049 5.74378 0.22 0.00561911 0.0498589 0.0721127 0.00416369 0.0778704 0.0340284
0.289481 5.76136 0.216467 0.29209 5.74456 0.22 0.0100778 0.0421762 0.0876899 0.00413654 0.0778234 0.034139
0.289524 5.76168 0.217493 0.292131 5.74533 0.22 0.00466353 0.0460577 0.109231 0.00414097 0.0777513 0.0343022
0.289514 5.76198 0.218526 0.292173 5.74611 0.22 -0.000999161 0.0361762 0.105283 0.00418476 0.0777046 0.0344028
0.289524 5.76226 0.21965 0.292215 5.74689 0.22 0.00329026 0.0179029 0.119166 0.00422764 0.0776733 0.0344682
0.289535 5.7624 0.220968 0.292258 5.74766 0.22 0.00436764 0.0136063 0.125425 0.00426906 0.0776523 0.0345102
0.289512 5.76262 0.222296 0.292301 5.74844 0.22 -0.00534054 0.0339035 0.128299 0.00431121 0.0776428 0.0345265
0.289433 5.76284 0.223588 0.292344 5.74922 0.22 -0.00553303 0.0331365 0.124373 0.00435417 0.0776601 0.0344822
0.289366 5.76306 0.224929 0.292388 5.74999 0.22 0.00413643 0.0448017 0.109345 0.0043938 0.0776405 0.0345212
0.289358 5.76341 0.226161 0.292432 5.75077 0.22 0.0021813 0.064581 0.138311 0.00444395 0.0776021 0.034601
0.289359 5.764 0.227354 0.292477 5.75155 0.22 0.00378128 0.0832982 0.131308 0.00451033 0.0775861 0.0346283
0.289331 5.7647 0.228461 0.292523 5.75232 0.22 -0.00848449 0.0549547 0.127395 0.00460402 0.0775696 0.0346528
0.289298 5.76524 0.229667 0.29257 5.7531 0.22 0.00395289 0.0720693 0.139066 0.00471401 0.0775437 0.034696
0.289345 5.766 0.230691 0.292618 5.75387 0.22 0.00737009 0.0752032 0.107777 0.00478507 0.0775193 0.0347408
0.289425 5.76679 0.231532 0.292666 5.75465 0.22 -0.00437281 0.0828781 0.124489 0.00479675 0.0776198 0.0345141
0.289434 5.76751 0.232452 0.292714 5.75542 0.22 -0.000233363 0.0630055 0.100478 0.0048358 0.0775713 0.0346175
0.289473 5.76835 0.233227 0.292763 5.7562 0.22 0.0060297 0.102892 0.106774 0.00486832 0.0775148 0.0347392
0.289538 5.76913 0.233882 0.292812 5.75697 0.22 0.0135182 0.0679951 0.0893307 0.00496291 0.0775089 0.0347391
0.289645 5.76992 0.234451 0.292862 5.75775 0.22 0.0185179 0.106965 0.079294 0.00497587 0.0774895 0.0347804
0.289786 5.77085 0.234818 0.292912 5.75852 0.22 0.0111568 0.0445476 0.061594 0.0049952 0.077481 0.0347966
0.289841 5.7711 0.235154 0.292962 5.7593 0.22 0 0 0 0.0050017 0.0774807 0.0347964
0.289841 5.7711 0.167447 0.293012 5.76007 0.22 0 0 0 0.00499578 0.0774778 0.0348037
0.289841 5.7711 0.1768 0.293062 5.76085 0.22 0 0 0 0.00496542 0.077474 0.0348164
0.289818 5.77333 0.188219 0.293111 5.76162 0.22 0.0229513 0.304844 1.0941 0.00492364 0.0774756 0.0348189
0.29013 5.77596 0.198748 0.293158 5.76239 0.22 0.0136776 0.159413 0.872583 0.0046952 0.0771005 0.0356726
0.290298 5.77667 0.208147 0.293204 5.76316 0.22 -0.00307906 -0.0377637 0.727538 0.00450563 0.0770852 0.0357301
0.290299 5.77637 0.216762 0.293248 5.76394 0.22 0.00682724 0.0436047 0.656669 0.00433337 0.077182 0.0355418
0.290417 5.777 0.22209 0.29329 5.76471 0.22 0.00286172 0.124144 0.221697 0.00423176 0.0772806 0.0353394
0.290487 5.77851 0.222997 0.293332 5.76548 0.22 0.00386625 0.174729 0.0731587 0.00412612 0.0774253 0.0350336
0.290605 5.7802 0.222753 0.293373 5.76626 0.22 -0.00233858 0.106493 0.0963376 0.00407196 0.0774008 0.0350942
0.290661 5.78127 0.223119 0.293413 5.76703 0.22 0.0142302 0.183137 0.0706052 0.00405281 0.0774002 0.0350977
0.290778 5.78319 0.222723 0.293454 5.7678 0.22 0.000498842 0.161846 -0.0250449 0.00410617 0.0773522 0.0351972
0.290769 5.78391 0.221769 0.293496 5.76858 0.22 -0.0244204 0.0406115 -0.0707616 0.00419157 0.0773454 0.0352019
0.29052 5.7848 0.221101 0.293539 5.76935 0.22 -0.0261663 0.124154 0.0304871 0.00425616 0.0775567 0.0347261
0.290249 5.78532 0.220983 0.293581 5.77013 0.22 -0.0177019 0.00564392 -0.0166295 0.00425528 0.0777914 0.0341972
0.290155 5.7855 0.22081 0.293623 5.77091 0.22 0.00512355 0.0689982 0.0316832 0.00418965 0.0779309 0.0338863
0.290321 5.78632 0.220861 0.293664 5.77169 0.22 0.0240783 0.0498887 0.0389316 0.00400556 0.0780604 0.0336093
0.290568 5.78672 0.221328 0.293702 5.77247 0.22 0.0178307 0.0697821 0.0771354 0.00383045 0.0781238 0.0334823
0.290787 5.78774 0.222012 0.293739 5.77325 0.22 0.0200172 0.0914555 0.11345 0.0037092 0.0782795 0.0331303
0.29092 5.78835 0.223044 0.293776 5.77404 0.22 6.45472e-06 0.03785 0.105307 0.00369543 0.0783306 0.0330109
0.290873 5.78893 0.224059 0.293814 5.77482 0.22 -0.00849564 0.0677325 0.129299 0.00375965 0.0783624 0.032928
0.290784 5.78962 0.225349 0.293852 5.7756 0.22 -0.0197635 0.0697029 0.16021 0.00388955 0.0784207 0.0327738
0.290613 5.7903 0.226818 0.293892 5.77639 0.22 -0.0207494 0.0946669 0.157674 0.00401066 0.0784762 0.0326261
0.290444 5.79134 0.22806 0.293933 5.77717 0.22 -0.017906 0.0918002 0.152488 0.00412352 0.0785353 0.0324696
0.290352 5.79225 0.229372 0.293975 5.77796 0.22 0.0024498 0.11108 0.159486 0.00418297 0.0785556 0.0324126
0.290414 5.79349 0.230601 0.294018 5.77875 0.22 0.00315431 0.130859 0.137388 0.00425896 0.0786681 0.0321286
0.290477 5.79446 0.23172 0.29406 5.77953 0.22 -0.00226926 0.0566255 0.126017 0.00425496 0.0786553 0.0321606
0.290512 5.79551 0.232803 0.294103 5.78032 0.22 0.0037687 0.122999 0.15787 0.00425537 0.0786289 0.0322249
0.290521 5.79672 0.233863 0.294146 5.78111 0.22 0.000516088 0.119879 0.129537 0.00427871 0.0786145 0.032257
0.290515 5.79759 0.234807 0.294189 5.78189 0.22 0.00579319 0.102967 0.109869 0.00432237 0.0785993 0.0322881
0.290511 5.79874 0.235578 0.294233 5.78268 0.22 0.00617271 0.149057 0.120732 0.00443958 0.0785794 0.0323208
0.290585 5.79979 0.236304 0.294278 5.78346 0.22 -0.0108495 0.0326482 0.0874591 0.00454457 0.0785701 0.0323287
0.29056 5.80054 0.236936 0.294324 5.78425 0.22 0.00201611 0.146848 0.0965534 0.0046253 0.078562 0.032337
0.290559 5.80158 0.237406 0.294371 5.78503 0.22 0.00129124 0.114687 0.0884253 0.00469878 0.078563 0.0323239
0.290556 5.80251 0.237818 0.294418 5.78582 0.22 0.0050196 0.0894438 0.0869921 0.00473737 0.0785592 0.0323275
0.290578 5.80352 0.238167 0.294466 5.78661 0.22 -0.00574481 0.0905574 0.0472642 0.00480759 0.078546 0.0323493
0.290581 5.80438 0.238329 0.294515 5.78739 0.22 0.00852531 0.113757 0.0588927 0.00491571 0.0785113 0.0324173
0.290614 5.80476 0.23847 0.294565 5.78818 0.22 0 0 0 0.00502755 0.0784775 0.0324819
0.290614 5.80476 0.164236 0.294616 5.78896 0.22 0 0 0 0.0051173 0.0784542 0.032524
0.290614 5.80476 0.1733 0.294668 5.78975 0.22 0 0 0 0.00515471 0.0785251 0.0323466
0.290789 5.80449 0.184125 0.294719 5.79053 0.22 0.00562082 0.0648244 0.906971 0.00516016 0.0783806 0.0326943
0.291032 5.80563 0.194731 0.294771 5.79131 0.22 0.0345504 0.125142 0.870289 0.00512 0.0784042 0.032644
0.291341 5.80618 0.207055 0.294831 5.79225 0.22 0.0238174 -0.042892 0.79292 0.00502702 0.078445 0.0325603
0.291528 5.80602 0.216059 0.294881 5.79304 0.22 0.0183951 0.0336189 0.654871 0.00494808 0.0785154 0.0324022
0.291589 5.80608 0.219782 0.29492 5.79367 0.22 -0.00479724 0.142624 0.228962 0.004886 0.0786037 0.032197
0.29167 5.80833 0.219997 0.294969 5.79445 0.22 0.00330285 0.177426 -0.0107001 0.00485322 0.0786051 0.0321986
0.291595 5.80977 0.2186 0.295027 5.7954 0.22 -0.00468829 0.158306 -0.0144342 0.00490717 0.0783716 0.0327547
0.291596 5.8118 0.217676 0.295077 5.79618 0.22 0.00101855 0.201003 -0.0245929 0.00493746 0.0781419 0.0332944
0.29165 5.81323 0.21626 0.295126 5.79696 0.22 0.001525 0.135178 -0.0723603 0.00489913 0.077959 0.0337261
0.291769 5.81483 0.214926 0.295174 5.79774 0.22 0.00569733 0.164347 -0.030474 0.00480513 0.0778319 0.0340318
0.291948 5.81607 0.214201 0.295221 5.79851 0.22 0.0101742 0.0948631 0.00620967 0.00465257 0.0777935 0.0341407
0.29212 5.81669 0.214033 0.295266 5.79929 0.22 0.0198698 0.0592426 0.00571948 0.00453628 0.0777551 0.0342437
0.292325 5.81734 0.213829 0.29531 5.80007 0.22 0.0190058 0.0436906 0.0248212 0.00439543 0.0777131 0.0343572
0.292409 5.81777 0.214222 0.295353 5.80085 0.22 0.0117335 0.0397055 0.0666557 0.00422699 0.0777051 0.0343963
0.292453 5.81822 0.214749 0.295394 5.80162 0.22 0.000553683 0.0208028 0.0676129 0.00412594 0.0776805 0.0344642
0.292512 5.81853 0.215519 0.295435 5.8024 0.22 -0.00305027 0.0240654 0.0916982 0.00408918 0.0776238 0.0345961
0.292559 5.81896 0.216608 0.295476 5.80317 0.22 0.00562419 0.0378165 0.109675 0.00411113 0.0775737 0.0347056
0.292578 5.81917 0.217721 0.295518 5.80395 0.22 0.00334684 0.0123084 0.108343 0.00414661 0.0775559 0.0347412
0.292609 5.81939 0.218838 0.295559 5.80473 0.22 -0.00190294 0.016013 0.10491 0.00420407 0.0775381 0.034774
0.292588 5.8195 0.220212 0.295593 5.80535 0.22 -0.00940154 -0.00175068 0.126481 0.00424701 0.0775273 0.034793
0.292597 5.81975 0.22162 0.295645 5.80628 0.22 0.00182033 0.0353713 0.128161 0.00427619 0.0775299 0.0347835
0.292588 5.81995 0.222932 0.295688 5.80705 0.22 -0.00438697 0.0169996 0.136498 0.00429386 0.0775316 0.0347774
0.292591 5.82018 0.224375 0.295731 5.80783 0.22 -0.0021662 0.027845 0.135503 0.00436088 0.0776121 0.0345891
0.29262 5.82055 0.225398 0.295767 5.80845 0.22 0.00758752 0.0551966 0.128431 0.00449866 0.0776852 0.0344069
0.2927 5.82129 0.226845 0.295822 5.80938 0.22 0.00639475 0.0432832 0.080936 0.00461041 0.0776477 0.0344767
0.292765 5.82182 0.228079 0.295869 5.81016 0.22 0.00894457 0.024556 0.111234 0.00468594 0.0776118 0.0345474
0.292835 5.82245 0.229275 0.295916 5.81093 0.22 0.00359072 0.0598448 0.132979 0.00472136 0.0775919 0.034587
0.292929 5.82333 0.230307 0.295963 5.81171 0.22 0.00968456 0.0885107 0.118755 0.00476197 0.077548 0.0346798
0.292976 5.824 0.231268 0.296011 5.81248 0.22 0.00411078 0.0555985 0.113791 0.00478623 0.0775059 0.0347706
0.292927 5.82487 0.232178 0.296059 5.81326 0.22 -0.0116832 0.101804 0.103272 0.00482284 0.0774508 0.034888
0.292911 5.82587 0.232947 0.296108 5.81403 0.22 0.00370348 0.0778333 0.0895428 0.00487707 0.0773908 0.0350135
0.293036 5.82678 0.233453 0.296157 5.81481 0.22 0.0141047 0.123544 0.0836231 0.00491321 0.0773667 0.0350616
0.293159 5.82765 0.233958 0.296206 5.81558 0.22 0.0117417 0.0523616 0.0798544 0.00496791 0.0773558 0.0350779
0.293229 5.82856 0.234312 0.296257 5.81635 0.22 0.00548584 0.101943 0.0615921 0.00501487 0.0773628 0.0350557
0.293229 5.82856 0.234633 0.296307 5.81713 0.22 0 0 0 0.00503574 0.0773758 0.0350241
0.293229 5.82856 0.170494 0.296357 5.8179 0.22 0 0 0 0.00501976 0.0773989 0.0349754
0.293218 5.82894 0.180451 0.296407 5.81868 0.22 -0.00558022 0.193007 0.995743 0.00500956 0.0774032 0.0349673
0.293331 5.83176 0.191964 0.296457 5.81945 0.22 0.0409432 0.252852 1.03236 0.00494255 0.0774189 0.034942
0.293743 5.83392 0.201811 0.296495 5.82007 0.22 0.0258534 0.165836 0.840801 0.00481061 0.0774238 0.0349496
0.293839 5.83425 0.209213 0.296543 5.82084 0.22 -0.00370184 -0.0357288 0.707793 0.00465923 0.0774343 0.034947
0.293938 5.83438 0.219028 0.296588 5.82162 0.22 0.0106621 0.101508 0.639891 0.00450515 0.0775502 0.0347092
0.293881 5.83428 0.222505 0.296641 5.82255 0.22 0.00849947 0.033658 0.203167 0.00437842 0.0777125 0.0343607
0.293993 5.8361 0.222521 0.296675 5.82317 0.22 0.00403388 0.29117 0.0898481 0.00427417 0.0778213 0.0341267
0.293992 5.838 0.222804 0.296717 5.82395 0.22 0.00261374 0.0114387 0.0769126 0.00422089 0.0776909 0.0344292
0.294119 5.83944 0.222751 0.296756 5.82473 0.22 0.00578558 0.244117 0.0883019 0.00388686 0.0777924 0.0342388
0.294049 5.84131 0.222572 0.296803 5.82566 0.22 -0.00579751 0.137045 -0.0102751 0.00398308 0.0777275 0.0343749
0.293864 5.84204 0.221493 0.296836 5.82628 0.22 -0.023965 0.0818897 -0.075583 0.0040314 0.0777443 0.0343312
0.293523 5.84301 0.220895 0.296877 5.82706 0.22 -0.0334297 0.111678 0.0100237 0.0041398 0.0779533 0.0338408
0.293235 5.84372 0.220684 0.296927 5.828 0.22 -0.0255561 0.0295293 0.00380775 0.00415217 0.0781921 0.0332838
0.293099 5.84419 0.220515 0.296967 5.82878 0.22 0.00729377 0.0705853 0.0198365 0.00402995 0.0783806 0.0328527
0.293314 5.84522 0.220416 0.297007 5.82957 0.22 0.0175128 0.088778 0.0409056 0.00391573 0.0784266 0.0327567
0.293602 5.84615 0.220694 0.297045 5.83035 0.22 0.0316173 0.0754068 0.0659332 0.00376979 0.0784578 0.0326989
0.293855 5.84729 0.221252 0.297081 5.83114 0.22 0.0184339 0.107321 0.104446 0.00365812 0.0785037 0.0326014
0.293993 5.84818 0.22209 0.297118 5.83192 0.22 0.00972502 0.0756407 0.106516 0.00368454 0.0786056 0.0323518
0.294075 5.84904 0.223187 0.297156 5.83271 0.22 0.00148188 0.106148 0.153946 0.00376606 0.0786355 0.0322698
0.294092 5.84996 0.224491 0.297195 5.8335 0.22 -0.00649665 0.101156 0.159699 0.00393397 0.0787093 0.0320692
0.293986 5.85068 0.225536 0.297227 5.83413 0.22 -0.0175827 0.0996982 0.148369 0.0040193 0.0787468 0.0319665
0.293776 5.85201 0.227014 0.297268 5.83491 0.22 -0.0229155 0.104778 0.156436 0.0041391 0.0787915 0.0318406
0.293693 5.85312 0.228273 0.297318 5.83586 0.22 0.00220874 0.108316 0.15997 0.00419437 0.0788044 0.0318015
0.293719 5.85426 0.229476 0.297361 5.83665 0.22 0.00990757 0.10773 0.153788 0.00431754 0.0790027 0.0312889
0.29381 5.85531 0.230621 0.297396 5.83728 0.22 0.0107801 0.113232 0.133545 0.00433664 0.078989 0.0313202
0.293924 5.85659 0.231623 0.297439 5.83807 0.22 0.0130111 0.108992 0.131755 0.00435768 0.0789831 0.0313327
0.294021 5.85754 0.232418 0.297483 5.83886 0.22 0.0120147 0.0879491 0.138486 0.00437848 0.0789722 0.0313573
0.294108 5.85872 0.233478 0.297536 5.83981 0.22 0.00458678 0.115972 0.121574 0.00442224 0.0789435 0.0314234
0.294132 5.85996 0.234088 0.297581 5.8406 0.22 0.000672929 0.111382 0.098486 0.00448047 0.0789198 0.0314747
0.294101 5.86085 0.23482 0.297626 5.84139 0.22 -0.00452481 0.0796987 0.09277 0.00456932 0.0788974 0.0315179
0.294108 5.86195 0.235383 0.297672 5.84218 0.22 0.00666945 0.127273 0.0936142 0.00462315 0.0788923 0.031523
0.294127 5.86277 0.235907 0.297719 5.84296 0.22 -0.00694149 0.0790297 0.0777132 0.00468499 0.0788865 0.0315283
0.294144 5.8638 0.236244 0.297766 5.84375 0.22 -0.000180113 0.100382 0.0733264 0.00472985 0.0788798 0.0315383
0.294159 5.86461 0.236498 0.297814 5.84454 0.22 0.000512254 0.0772173 0.0606762 0.00480099 0.0788651 0.0315644
0.294221 5.86544 0.236677 0.297862 5.84533 0.22 0.00229295 0.0757389 0.0462802 0.00484763 0.0788488 0.031598
0.294221 5.86544 0.158593 0.297911 5.84612 0.22 0 0 0 0.00489623 0.0788309 0.0316351
0.294221 5.86544 0.166635 0.297961 5.84691 0.22 0 0 0 0.00491995 0.0788318 0.0316293
0.294204 5.86523 0.176916 0.29801 5.8477 0.22 -0.00872714 -0.1036 0.83438 0.00489249 0.078852 0.031583
0.294208 5.86533 0.188434 0.298058 5.84848 0.22 7.92562e-05 0.0785931 0.940297 0.00484739 0.078887 0.0315024
0.294335 5.86647 0.199596 0.298106 5.84927 0.22 0.0195112 0.100931 0.888782 0.00476277 0.0789214 0.0314291
0.294444 5.86648 0.210133 0.298153 5.85006 0.22 0.0158612 -0.03012 0.798049 0.004689 0.0789651 0.0313304
0.294482 5.86641 0.219452 0.298199 5.85085 0.22 0.0109642 0.0565375 0.698931 0.00460942 0.0790245 0.0311921
0.294734 5.86835 0.224267 0.298245 5.85164 0.22 0.0193228 0.152133 0.305066 0.00456166 0.0790732 0.0310754
0.294641 5.86791 0.22512 0.29829 5.85244 0.22 -0.000957603 0.0312378 0.0648015 0.00451434 0.0792304 0.0306793
0.294707 5.8696 0.22411 0.298336 5.85323 0.22 0.0101837 0.209926 -0.0147166 0.00457081 0.0792441 0.0306355
0.294702 5.87112 0.22319 0.298382 5.85402 0.22 -0.0102028 0.134047 -0.0507327 0.00467151 0.0790554 0.0311043
0.294538 5.87264 0.221674 0.298429 5.85481 0.22 -0.0101357 0.145842 -0.0882481 0.00467118 0.0788137 0.0317118
0.294543 5.87443 0.220493 0.298476 5.8556 0.22 0.00278008 0.176879 -0.0308083 0.00466352 0.0787647 0.0318346
0.294593 5.876 0.219354 0.298521 5.85638 0.22 0.00061142 0.128021 -0.0313797 0.00453362 0.0785281 0.0324321
0.294654 5.8768 0.218655 0.298566 5.85717 0.22 0.00409562 0.0484506 -0.0187774 0.00446127 0.0784885 0.0325378
0.294789 5.87775 0.218167 0.29861 5.85795 0.22 0.0159629 0.0875683 0.0111378 0.00435426 0.0784756 0.0325835
0.294928 5.87823 0.218094 0.298652 5.85874 0.22 0.0121146 0.040019 0.0348394 0.00425189 0.0784966 0.0325464
0.29497 5.87874 0.218454 0.298694 5.85952 0.22 0.00185464 0.0659511 0.0668582 0.00414945 0.0784844 0.0325889
0.295044 5.87944 0.219089 0.298735 5.86031 0.22 0.00691533 0.0579603 0.083465 0.00409627 0.0784626 0.0326482
0.295081 5.87971 0.219992 0.298776 5.86109 0.22 -0.00336417 0.00838918 0.0876985 0.00406005 0.0784033 0.0327948
0.295089 5.88005 0.221116 0.298816 5.86187 0.22 0.00219927 0.0449868 0.108547 0.00407581 0.078357 0.0329033
0.295038 5.88029 0.222282 0.298858 5.86266 0.22 -0.00345451 0.0251907 0.107558 0.00412281 0.0783364 0.0329465
0.294968 5.88038 0.223486 0.298899 5.86344 0.22 -0.00404287 -0.00172455 0.103513 0.00416004 0.0783367 0.0329412
0.294958 5.88053 0.224663 0.298941 5.86422 0.22 -0.00292246 0.0190032 0.10001 0.00420097 0.0783526 0.0328982
0.294939 5.88058 0.225868 0.298983 5.86501 0.22 -0.00256236 0.0174895 0.104861 0.00419648 0.0783103 0.0329993
0.294984 5.88096 0.227058 0.299025 5.86579 0.22 0.00781764 0.0517769 0.111916 0.00419011 0.0783771 0.032841
0.294989 5.88095 0.228266 0.299067 5.86657 0.22 -0.00106097 -0.0115429 0.102608 0.00419667 0.0784261 0.0327231
0.294984 5.88117 0.229579 0.299109 5.86736 0.22 -0.00101913 0.0330428 0.128954 0.00426892 0.0784673 0.0326148
0.294946 5.88155 0.230806 0.299153 5.86814 0.22 -0.00928067 0.0273522 0.118859 0.00434741 0.0784627 0.0326155
0.294847 5.88197 0.23188 0.299197 5.86893 0.22 -0.00467335 0.044982 0.105558 0.00445216 0.0784408 0.0326539
0.294896 5.88259 0.232717 0.299242 5.86971 0.22 0.00681826 0.0636721 0.0924281 0.00452465 0.0784147 0.0327066
0.295001 5.8832 0.233503 0.299288 5.8705 0.22 0.00808 0.0710729 0.0907678 0.00455703 0.0784098 0.032714
0.295067 5.88395 0.234115 0.299333 5.87128 0.22 0.00459667 0.0987252 0.0756499 0.00455385 0.0784153 0.0327012
0.295131 5.88464 0.234632 0.299379 5.87206 0.22 0.00782944 0.0703692 0.0706003 0.00455827 0.0784264 0.0326739
0.295225 5.88533 0.235076 0.299425 5.87285 0.22 0.00934333 0.0780016 0.0648962 0.00459152 0.078436 0.0326462
0.295344 5.88613 0.235423 0.299471 5.87363 0.22 0.0102745 0.0745765 0.0594643 0.00465128 0.0784329 0.0326451
0.295453 5.88694 0.23571 0.299518 5.87442 0.22 0.00724096 0.0797347 0.0532589 0.00469131 0.0784325 0.0326404
0.295453 5.88694 0.162682 0.299565 5.8752 0.22 0 0 0 0.00469982 0.0784386 0.0326246
0.295453 5.88694 0.170681 0.299612 5.87599 0.22 0 0 0 0.00468515 0.0784369 0.0326307
0.29544 5.88768 0.181254 0.299658 5.87677 0.22 0.00289728 0.216639 1.05053 0.00463915 0.0784488 0.0326087
0.295596 5.89037 0.192596 0.299704 5.87755 0.22 0.0386168 0.227285 0.970187 0.00454229 0.0784568 0.032603
0.295912 5.8922 0.202222 0.299749 5.87834 0.22 0.0259577 0.119988 0.805782 0.00443665 0.0784262 0.0326912
0.296028 5.89205 0.211307 0.299791 5.87912 0.22 0.00109038 -0.0569412 0.68989 0.00421897 0.0783799 0.0328306
0.296149 5.89256 0.219087 0.299832 5.87991 0.22 0.021289 0.191494 0.600063 0.00405352 0.0784029 0.0327967
0.296166 5.89483 0.223717 0.299872 5.88069 0.22 -0.0128961 0.112429 0.344988 0.00395155 0.0784647 0.032661
0.296096 5.89337 0.225506 0.29991 5.88148 0.22 0.00714772 -0.107029 0.0481744 0.00387704 0.0786474 0.0322277
0.296186 5.89504 0.224956 0.299949 5.88227 0.22 6.45134e-05 0.334808 0.00644445 0.00383033 0.0788462 0.0317438
0.296302 5.8966 0.223652 0.299987 5.88305 0.22 0.0117572 -0.0357876 -0.110211 0.00382877 0.0788762 0.0316693
0.296306 5.8967 0.222198 0.300026 5.88384 0.22 -0.00132781 0.130757 -0.0737613 0.00386117 0.0788819 0.0316513
0.296359 5.89863 0.220871 0.300064 5.88463 0.22 -0.00381752 0.11015 -0.0336939 0.00383749 0.0789498 0.0314844
0.296336 5.89861 0.220344 0.300102 5.88542 0.22 -0.00576226 0.00982907 -0.0559387 0.00375701 0.079032 0.0312871
0.296506 5.89943 0.219832 0.300139 5.88621 0.22 0.0180383 0.103454 0.00107371 0.00366239 0.0791205 0.031074
0.296661 5.89978 0.219994 0.300174 5.88701 0.22 0.0179304 -0.000129043 0.0219484 0.00352159 0.0792698 0.0307076
0.296782 5.89985 0.22038 0.300208 5.8878 0.22 0.00872094 0.0468759 0.0422433 0.0034024 0.0794265 0.0303135
0.296928 5.90069 0.220898 0.300242 5.8886 0.22 0.00991307 0.0697144 0.086427 0.00338203 0.0795126 0.0300893
0.296987 5.90125 0.221737 0.300276 5.88939 0.22 0.00427144 0.0766345 0.101204 0.00341224 0.0795574 0.0299673
0.29697 5.90191 0.222832 0.300311 5.89019 0.22 -0.00267972 0.0543896 0.126229 0.00346873 0.0796112 0.0298175
0.296939 5.90242 0.224121 0.300346 5.89098 0.22 -0.00340764 0.044761 0.124034 0.00353254 0.079678 0.029631
0.296914 5.90323 0.225465 0.300382 5.89178 0.22 0.00522998 0.120853 0.172265 0.00358579 0.0797605 0.0294017
0.296923 5.90405 0.226884 0.300418 5.89258 0.22 0.0152336 0.0692501 0.147024 0.00362478 0.0798301 0.0292074
0.297043 5.90479 0.228203 0.300454 5.89338 0.22 0.00305728 0.108765 0.145035 0.0036532 0.080055 0.0285818
0.297168 5.90608 0.229407 0.30049 5.89418 0.22 0.00701153 0.144561 0.157279 0.00362611 0.080073 0.0285347
0.297266 5.90692 0.230668 0.300526 5.89498 0.22 0.0160776 0.0744269 0.146028 0.0035971 0.0800748 0.0285332
0.297285 5.90799 0.231714 0.300562 5.89578 0.22 0.000810336 0.108759 0.131112 0.00360469 0.0800653 0.0285589
0.2973 5.90914 0.232824 0.300599 5.89658 0.22 0.00010116 0.0916324 0.146741 0.00368895 0.08007 0.0285351
0.297304 5.91002 0.233816 0.300636 5.89738 0.22 0.00417091 0.0948319 0.11245 0.0037636 0.0800753 0.0285104
0.29726 5.91097 0.234598 0.300675 5.89818 0.22 -0.00184135 0.103633 0.0931035 0.00384776 0.0800877 0.0284644
0.297186 5.91193 0.235461 0.300714 5.89898 0.22 -0.00653277 0.0749971 0.117881 0.00388561 0.0801184 0.0283725
0.297152 5.9128 0.236086 0.300753 5.89979 0.22 -0.000327828 0.0867932 0.085242 0.00388521 0.0801369 0.0283203
0.297141 5.91373 0.236545 0.300792 5.90059 0.22 0.00263614 0.100927 0.061228 0.00389673 0.080151 0.0282788
0.297168 5.91453 0.236919 0.300831 5.90139 0.22 0.00511311 0.057378 0.0608955 0.00392722 0.0801563 0.0282596
0.297238 5.91539 0.237261 0.300871 5.90219 0.22 0.000960319 0.0854179 0.0601196 0.00400413 0.0801625 0.0282312
0.29727 5.91625 0.237463 0.300911 5.90299 0.22 0.00845221 0.0732683 0.0499375 0.00406659 0.0801703 0.0282
0.297301 5.91696 0.237649 0.300952 5.90379 0.22 0 0 0 0.00411781 0.0801764 0.0281753
0.297301 5.91696 0.161763 0.300994 5.9046 0.22 0 0 0 0.00419611 0.0802177 0.028046
0.297301 5.91696 0.169871 0.301037 5.9054 0.22 0 0 0 0.00427378 0.0803204 0.0277386
0.297348 5.91673 0.180063 0.30108 5.9062 0.22 0.0180154 0.00459093 0.8613 0.00431507 0.0801362 0.02826
0.297511 5.9176 0.19127 0.301123 5.907 0.22 0.0186817 0.17242 0.888527 0.00430176 0.0801551 0.0282084
0.297749 5.9191 0.201878 0.301166 5.9078 0.22 0.0169921 0.0752553 0.831511 0.00429215 0.080164 0.0281848
0.29785 5.91917 0.212175 0.301208 5.9086 0.22 -0.00971444 -0.0418096 0.743784 0.00426223 0.0801966 0.0280962
0.297858 5.92001 0.220417 0.301251 5.90941 0.22 -0.00475947 0.283871 0.566152 0.00421923 0.0802377 0.0279853
0.297853 5.92259 0.225403 0.301292 5.91021 0.22 0.021832 -0.0123334 0.194118 0.00414993 0.0803038 0.0278053
0.297885 5.92133 0.226038 0.301333 5.91101 0.22 -0.0269654 -0.10286 -0.123997 0.00406157 0.0805417 0.0271219
0.297841 5.92245 0.22469 0.301373 5.91182 0.22 0.0145438 0.327468 -0.0187055 0.0040231 0.0806838 0.026702
0.297929 5.92543 0.22317 0.301414 5.91263 0.22 -0.00154871 0.101419 -0.0819031 0.00403363 0.0806158 0.0269051
0.297845 5.92629 0.221731 0.301454 5.91343 0.22 -0.00350004 0.170272 -0.0470916 0.0040142 0.0802521 0.0279742
0.297829 5.92857 0.220703 0.301494 5.91423 0.22 0.00353002 0.297418 -0.0293214 0.00396613 0.0799935 0.028712
0.297858 5.93089 0.219113 0.301533 5.91503 0.22 -0.000949532 0.106529 -0.0862867 0.00392916 0.0797794 0.0293065
0.297948 5.93155 0.21803 0.301572 5.91583 0.22 0.0101982 0.0620259 -0.0364096 0.00392039 0.0796985 0.0295269
0.29815 5.93244 0.217292 0.301612 5.91662 0.22 0.0194925 0.0806587 -0.0418987 0.00395091 0.0796741 0.0295885
0.298301 5.93275 0.216827 0.301652 5.91742 0.22 0.0151979 -0.0369961 0.00660388 0.0039811 0.0797451 0.0293928
0.298396 5.93287 0.217056 0.301692 5.91822 0.22 0.0179094 0.0600143 0.0376563 0.00401409 0.0798142 0.0291999
0.298465 5.9333 0.217474 0.301732 5.91902 0.22 0.000354888 0.0387155 0.0683919 0.00405068 0.0798701 0.0290418
0.298438 5.93352 0.218292 0.301773 5.91982 0.22 -0.0086009 0.00297944 0.0814301 0.00408277 0.0798538 0.029082
0.298341 5.93368 0.21936 0.301814 5.92061 0.22 -0.00213754 0.0404439 0.107305 0.00410577 0.0798167 0.0291805
0.298325 5.93412 0.220457 0.301855 5.92141 0.22 -0.0105655 0.015788 0.0966249 0.00411691 0.0797761 0.0292898
0.298249 5.93423 0.221608 0.301896 5.92221 0.22 -0.00923239 -0.0149517 0.102459 0.00415025 0.0797749 0.0292884
0.298189 5.93405 0.222816 0.301938 5.92301 0.22 -0.00354479 -0.00949042 0.0977029 0.00419828 0.0797942 0.0292289
0.298163 5.93394 0.224018 0.301981 5.92381 0.22 0.000232871 -0.0128852 0.101195 0.00427975 0.0798373 0.029099
0.298184 5.93396 0.225241 0.302024 5.92461 0.22 0.00908523 -0.0131835 0.10589 0.00435146 0.0799121 0.0288823
0.298219 5.93395 0.226517 0.302068 5.9254 0.22 0.00311967 -0.00555204 0.108335 0.00434854 0.0799797 0.028695
0.298252 5.93405 0.227792 0.302111 5.9262 0.22 0.00538635 0.039937 0.104066 0.00433237 0.0800209 0.0285824
0.298329 5.9346 0.228905 0.302154 5.92701 0.22 0.0116167 0.0387591 0.105709 0.00431368 0.0800534 0.0284939
0.298369 5.93518 0.229936 0.302198 5.92781 0.22 0.000543966 0.0381518 0.0967767 0.00434422 0.0800538 0.0284883
0.298352 5.93572 0.230941 0.302242 5.92861 0.22 0.00408533 0.0929694 0.0950541 0.00440809 0.0800384 0.0285218
0.29835 5.93633 0.231777 0.302286 5.92941 0.22 -0.00324189 0.0849127 0.0797448 0.00448084 0.080025 0.0285479
0.298339 5.93718 0.232393 0.302331 5.93021 0.22 -0.00389059 0.0656836 0.0720109 0.00451519 0.0800213 0.028553
0.29836 5.93796 0.232942 0.302376 5.93101 0.22 0.00356127 0.0689713 0.0630547 0.00449041 0.0800564 0.0284583
0.298422 5.93875 0.233322 0.302421 5.93181 0.22 0.00259274 0.0774591 0.0631478 0.00444897 0.0800792 0.0284004
0.298508 5.93957 0.233697 0.302465 5.93261 0.22 0.00551518 0.0862208 0.0594699 0.00441453 0.0801075 0.0283261
0.298548 5.94033 0.234012 0.302509 5.93341 0.22 0 0 0 0.00440259 0.0801156 0.0283049
0.298548 5.94033 0.165214 0.302553 5.93421 0.22 0 0 0 0.00438542 0.0801165 0.028305
0.298548 5.94033 0.173581 0.302597 5.93501 0.22 0 0 0 0.00435607 0.080113 0.0283196
0.298491 5.94209 0.184705 0.30264 5.93581 0.22 -0.00948872 0.364698 1.08578 0.00433499 0.0801127 0.0283237
0.29861 5.94511 0.195947 0.302683 5.93661 0.22 0.0398411 0.240865 0.885093 0.00427662 0.0801074 0.0283475
0.298841 5.9468 0.205408 0.302725 5.93742 0.22 0.0208923 0.00661568 0.733504 0.00417282 0.0800509 0.0285219
0.298948 5.94674 0.214284 0.302766 5.93822 0.22 0.00507554 0.116399 0.621573 0.0040654 0.0800667 0.028493
0.299035 5.94924 0.219937 0.302806 5.93902 0.22 -0.00646958 0.185448 0.380118 0.00396889 0.0801298 0.0283289
0.298899 5.94861 0.222857 0.302853 5.93998 0.22 3.26821e-05 -0.111075 0.0964879 0.00388371 0.0803017 0.0278498
0.299052 5.95066 0.221978 0.302891 5.94078 0.22 -0.00831888 0.371162 -0.00479835 0.00379313 0.0804787 0.0273469
0.299066 5.95243 0.22107 0.302921 5.94143 0.22 -0.0011993 -0.0254802 -0.0522068 0.00371768 0.080547 0.0271555
0.301352 6.02089 0.222533 0.306274 6.01056 0.22 -0.00694983 0.105336 0.112968 0.00380467 0.0827571 0.0193869
0.301299 6.02203 0.223797 0.306312 6.01139 0.22 -0.00215314 0.125238 0.143375 0.00375282 0.0827992 0.0192164
0.301294 6.02329 0.225084 0.306349 6.01222 0.22 0.00280216 0.143761 0.131859 0.00374157 0.0829185 0.018697
0.301364 6.02442 0.226374 0.306387 6.01305 0.22 0.0125044 0.122571 0.134455 0.00371643 0.0829469 0.0185756
0.301403 6.02576 0.227502 0.306423 6.01388 0.22 0.00088895 0.143235 0.124514 0.00368703 0.0831153 0.0178133
0.301473 6.02701 0.228558 0.30646 6.01471 0.22 0.0053365 0.118162 0.108241 0.00366647 0.0831937 0.0174479
0.301529 6.02816 0.22951 0.306496 6.01555 0.22 0.0145625 0.142058 0.103596 0.00359555 0.083194 0.0174611
0.301552 6.02953 0.230415 0.306532 6.01638 0.22 0.00220877 0.104257 0.103922 0.0035168 0.0831969 0.0174634
0.301554 6.03055 0.231314 0.306566 6.01721 0.22 -0.000544303 0.11622 0.0948364 0.00345935 0.0831985 0.0174671
0.301546 6.03175 0.232045 0.306601 6.01804 0.22 -0.00180645 0.0953658 0.085437 0.00349491 0.0833171 0.0168852
0.301498 6.03269 0.23275 0.306636 6.01888 0.22 0.00439135 0.0761134 0.0760877 0.00351537 0.0833197 0.0168678
0.301558 6.03356 0.2333 0.306672 6.01971 0.22 -0.00501593 0.104259 0.0611705 0.00353134 0.0833266 0.0168307
0.301615 6.03459 0.233678 0.306707 6.02054 0.22 0.00434512 0.104219 0.059811 0.00347856 0.0833284 0.0168325
0.301518 6.03548 0.234098 0.306741 6.02138 0.22 -0.0177698 0.0551259 0.0475923 0.00343002 0.0833254 0.0168575
0.301398 6.03616 0.234371 0.306775 6.02221 0.22 -0.00313154 0.0769366 0.041328 0.00339984 0.0833234 0.0168737
0.301357 6.03697 0.234592 0.306809 6.02304 0.22 0.00397793 0.0723598 0.0364692 0.00343724 0.0833214 0.0168757
0.301366 6.03775 0.234678 0.306844 6.02388 0.22 -0.00126663 0.075932 0.0203015 0.00348471 0.0833177 0.0168841
0.301372 6.03785 0.23481 0.306879 6.02471 0.22 0 0 0 0.00352492 0.083313 0.016899
0.301372 6.03785 0.167216 0.306915 6.02554 0.22 0 0 0 0.00358277 0.0834072 0.0164153
0.301372 6.03785 0.176487 0.306952 6.02638 0.22 0 0 0 0.00364926 0.0834423 0.0162211
0.301485 6.03766 0.187914 0.306988 6.02721 0.22 0.00611147 0.0578239 0.888156 0.00369106 0.083443 0.0162083
0.301655 6.03871 0.19913 0.307026 6.02805 0.22 0.0227461 0.125599 0.838758 0.0037257 0.0834458 0.0161857
0.301822 6.03937 0.209718 0.307063 6.02888 0.22 0.0137076 -0.00481052 0.773289 0.00380345 0.083433 0.0162334
0.301852 6.04089 0.217596 0.307102 6.02971 0.22 -0.0155449 0.288347 0.539771 0.00385591 0.0834304 0.0162346
0.301792 6.04275 0.222869 0.307141 6.03055 0.22 0.00829298 0.110645 0.366033 0.00389608 0.0834609 0.0160672
0.301815 6.04131 0.223898 0.30718 6.03139 0.22 -0.025847 -0.0737676 0.0855892 0.00388758 0.0836184 0.0152289
0.301778 6.04234 0.224403 0.307219 6.03222 0.22 0.0156057 0.125384 -0.0474982 0.00389512 0.0836881 0.0148391
0.301807 6.04382 0.22303 0.307258 6.03306 0.22 -0.00270554 0.172489 -0.0819501 0.00390462 0.0836749 0.0149109
0.301486 6.04564 0.221895 0.307297 6.03389 0.22 -0.0346185 0.174422 -0.0566629 0.0039074 0.083562 0.0155301
0.301212 6.04676 0.220957 0.307335 6.03473 0.22 -0.0289677 0.113642 -0.0652306 0.00381188 0.0833275 0.0167649
0.301056 6.04859 0.219806 0.307373 6.03556 0.22 -0.00158065 0.169994 -0.0714887 0.00377899 0.0832443 0.0171804
0.30108 6.04917 0.218649 0.307411 6.03639 0.22 0.0137589 0.0153436 -0.0663107 0.00378018 0.0832024 0.0173819
0.301305 6.04965 0.218015 0.307449 6.03722 0.22 0.0232878 0.0567971 -0.0369759 0.0038148 0.083205 0.0173618
0.301522 6.04999 0.217616 0.307487 6.03806 0.22 0.0202369 -0.0137895 -0.0120387 0.00381892 0.0832461 0.0171629
0.301705 6.04985 0.217776 0.307525 6.03889 0.22 0.0145686 0.0048173 0.00428288 0.0038102 0.0832633 0.0170812
0.301754 6.05033 0.218205 0.307563 6.03972 0.22 -0.00491678 0.0603893 0.0496361 0.0037738 0.0833029 0.0168951
0.301707 6.05046 0.218944 0.307601 6.04056 0.22 -0.00597541 -0.0267201 0.0712946 0.00374461 0.0832969 0.0169314
0.301595 6.05065 0.219984 0.307638 6.04139 0.22 -0.00570326 0.0495861 0.0923407 0.00372596 0.083279 0.0170232
0.3015 6.05094 0.220967 0.307675 6.04222 0.22 -0.0117612 0.00380259 0.0797646 0.00374631 0.0832693 0.0170659
0.30137 6.05094 0.22187 0.307714 6.04305 0.22 -0.0167965 0.0138213 0.0711302 0.00384992 0.0832681 0.0170488
0.301213 6.05089 0.222959 0.307753 6.04389 0.22 -0.0177573 -0.0109128 0.0908284 0.00394443 0.083296 0.0168903
0.301189 6.05072 0.224051 0.307793 6.04472 0.22 0.00187989 -0.012218 0.104441 0.00398586 0.0833192 0.0167656
0.301256 6.05074 0.225196 0.307832 6.04555 0.22 0.00877644 -0.0132327 0.0872552 0.00397489 0.0833594 0.0165671
0.301246 6.05097 0.226313 0.307872 6.04639 0.22 0.00640235 0.0325539 0.102058 0.00390103 0.0833648 0.0165574
0.301211 6.05126 0.227526 0.30791 6.04722 0.22 0.00147179 0.0397627 0.101068 0.00382012 0.083339 0.0167058
0.301189 6.05177 0.228559 0.307948 6.04805 0.22 0.00296695 0.0794672 0.104544 0.00380892 0.0833397 0.016705
0.301183 6.05251 0.229531 0.307987 6.04889 0.22 -0.0028511 0.0215122 0.0829563 0.00384794 0.08333 0.0167441
0.301166 6.0529 0.230409 0.308026 6.04972 0.22 -0.0067749 0.075901 0.0813214 0.00393249 0.0833189 0.0167797
0.301115 6.05362 0.231103 0.308066 6.05055 0.22 -0.00607687 0.0643643 0.0468915 0.00398929 0.0833288 0.0167171
0.301087 6.05431 0.231544 0.308105 6.05139 0.22 0.00134842 0.0542809 0.0574003 0.00396141 0.0833619 0.0165581
0.301088 6.05502 0.232075 0.308145 6.05222 0.22 -0.00444884 0.083409 0.0490981 0.00390385 0.0833886 0.0164365
0.301084 6.05593 0.23251 0.308183 6.05306 0.22 0.00310066 0.109443 0.0479455 0.00383419 0.0834064 0.0163626
0.301098 6.05692 0.232807 0.308221 6.05389 0.22 -0.00511547 0.0974716 0.0455754 0.0038043 0.0834101 0.0163508
0.301091 6.0577 0.233124 0.308259 6.05472 0.22 0.00539268 0.0726602 0.0345026 0.00379634 0.0834105 0.0163504
0.301102 6.05784 0.23328 0.308297 6.05556 0.22 0 0 0 0.00378558 0.083418 0.0163146
0.301102 6.05784 0.168227 0.308335 6.05639 0.22 0 0 0 0.00378018 0.0834283 0.016263
0.301102 6.05784 0.177751 0.308372 6.05723 0.22 0 0 0 0.00377361 0.0834513 0.0161461
0.301153 6.06133 0.189785 0.30841 6.05806 0.22 0.00197686 0.321269 0.964224 0.00375676 0.0834721 0.0160423
0.301413 6.06399 0.200456 0.308447 6.0589 0.22 0.0341953 0.119745 0.769714 0.00371824 0.0834762 0.0160298
0.301767 6.0644 0.209855 0.308484 6.05973 0.22 0.00928031 0.00848921 0.65505 0.00367357 0.0834588 0.0161308
0.301825 6.06662 0.215908 0.308521 6.06057 0.22 -0.00620591 0.250228 0.337458 0.0036331 0.0834626 0.0161203
0.301821 6.06726 0.217258 0.308557 6.0614 0.22 0.0296488 0.00809833 0.00107401 0.00358207 0.0835106 0.0158812
0.302192 6.06814 0.21643 0.308592 6.06224 0.22 -0.000110546 0.15385 0.0270533 0.003504 0.0836087 0.0153745
0.302183 6.06913 0.216331 0.308626 6.06307 0.22 0.00494599 0.00986117 -0.0377902 0.00339266 0.0837321 0.0147135
0.302177 6.06963 0.215525 0.30866 6.06391 0.22 0.00328932 0.117765 -0.0277035 0.0033968 0.0837639 0.0145303
0.302209 6.07067 0.214941 0.308694 6.06475 0.22 0.0106818 0.0388491 -0.0373167 0.00342831 0.0838025 0.0142986
0.302291 6.07109 0.214668 0.308729 6.06559 0.22 0.00355701 0.098652 -0.00310049 0.0035338 0.0838462 0.0140136
0.30235 6.07224 0.214883 0.308765 6.06643 0.22 0.00737732 0.0776729 0.0580708 0.00362088 0.0838902 0.0137256
0.302414 6.07293 0.215473 0.308802 6.06726 0.22 0.0116148 0.0400354 0.0424726 0.00370295 0.0839336 0.0134354
0.30247 6.07364 0.216082 0.308839 6.0681 0.22 0.0101851 0.117588 0.0768658 0.00376325 0.0839657 0.013216
0.302515 6.07469 0.217102 0.308878 6.06894 0.22 -0.00158525 0.0888239 0.094519 0.00384612 0.0840196 0.0128446
0.302526 6.07542 0.218156 0.308917 6.06979 0.22 -0.0049806 0.0808432 0.0998574 0.00389312 0.0840528 0.012611
0.302559 6.07635 0.219327 0.308956 6.07063 0.22 0.0016628 0.132304 0.140245 0.00391626 0.0840865 0.0123768
0.302618 6.07747 0.220739 0.308995 6.07147 0.22 0.00389768 0.111232 0.126812 0.00391396 0.0841133 0.0121943
0.302616 6.07856 0.222223 0.309034 6.07231 0.22 0.0105971 0.110754 0.133131 0.003894 0.0841565 0.0118989
0.302634 6.07963 0.223619 0.309073 6.07315 0.22 0.00461075 0.128783 0.140533 0.00388247 0.0842171 0.011466
0.302679 6.08096 0.225008 0.309112 6.07399 0.22 0.00605978 0.115318 0.122329 0.00387517 0.084238 0.0113137
0.302743 6.08212 0.226317 0.30915 6.07484 0.22 0.0146614 0.130397 0.126189 0.00385599 0.0842548 0.0111949
0.302784 6.0834 0.227609 0.309189 6.07568 0.22 0.000370933 0.15053 0.122008 0.003818 0.0842707 0.0110879
0.302766 6.0848 0.2288 0.309226 6.07652 0.22 -0.00302901 0.105461 0.0976654 0.00378674 0.0842844 0.0109937
0.302773 6.08581 0.229805 0.309264 6.07736 0.22 -0.00664006 0.139307 0.0937684 0.00376505 0.0843008 0.0108748
0.302779 6.08716 0.230781 0.309302 6.07821 0.22 3.9869e-05 0.108893 0.0844724 0.0037677 0.0843148 0.010765
0.302832 6.08827 0.231606 0.30934 6.07905 0.22 0.000553443 0.0698279 0.0839436 0.00377119 0.084322 0.0107067
0.302875 6.08921 0.232283 0.309377 6.07989 0.22 0.00197683 0.0992194 0.0471038 0.00375457 0.0843269 0.010674
0.302929 6.09013 0.232896 0.309414 6.08074 0.22 -0.000680617 0.0865831 0.0655308 0.00368239 0.0843439 0.0105646
0.302975 6.09105 0.233454 0.30945 6.08158 0.22 -0.00102595 0.0909675 0.0511215 0.0036365 0.0843621 0.0104342
0.303001 6.09186 0.233937 0.309487 6.08242 0.22 -0.00410837 0.0847442 0.0357587 0.00364944 0.084379 0.0102922
0.303008 6.09259 0.234284 0.309524 6.08327 0.22 0.00306941 0.079542 0.0272899 0.00369485 0.0843881 0.0102012
0.303063 6.09338 0.234491 0.309561 6.08411 0.22 0.00164312 0.0559582 0.0182644 0.00376935 0.0844003 0.0100715
0.303112 6.09407 0.234633 0.309599 6.08496 0.22 0.00441509 0.0906103 0.00937999 0.00376536 0.0844096 0.00999527
0.303129 6.0948 0.234639 0.309637 6.0858 0.22 -0.000228071 0.0799183 0.00916347 0.00374685 0.0844586 0.00957923
0.303129 6.09496 0.234602 0.309674 6.08665 0.22 0 0 0 0.00373716 0.0844998 0.00921276
0.303129 6.09496 0.168319 0.309712 6.08749 0.22 0 0 0 0.00375581 0.0845041 0.00916626
0.303157 6.09493 0.178258 0.309749 6.08834 0.22 0.0261047 0.00500734 0.815785 0.00379099 0.084503 0.00916193
0.303386 6.09531 0.189963 0.309788 6.08918 0.22 0.0172391 0.095712 0.855219 0.00385563 0.0844996 0.00916562
0.303608 6.09641 0.201142 0.309827 6.09003 0.22 0.0237399 0.126015 0.806669 0.00396553 0.0844952 0.00915933
0.303815 6.09701 0.211793 0.309867 6.09087 0.22 0.00332817 -0.0194375 0.732942 0.00405275 0.0844943 0.00913009
0.303827 6.09896 0.21946 0.309908 6.09172 0.22 -0.026128 0.289142 0.471165 0.00409909 0.0844969 0.0090846
0.303815 6.10025 0.22274 0.30995 6.09256 0.22 -0.00260997 -0.149895 -0.0125094 0.00413585 0.0845151 0.00889722
0.303787 6.09938 0.221344 0.309991 6.09341 0.22 0.0176918 0.259196 -0.0264348 0.00409926 0.0845922 0.00815004
0.303975 6.10263 0.220751 0.310032 6.09425 0.22 0.00204492 0.250252 -0.0540643 0.00413818 0.0845706 0.00835211
0.303983 6.104 0.219656 0.310073 6.0951 0.22 -0.000239478 0.0386036 -0.0840926 0.00411791 0.0844892 0.00914769
0.30395 6.10541 0.21894 0.310114 6.09594 0.22 -0.0166924 0.226494 -0.0451096 0.00408412 0.084403 0.00992575
0.303875 6.10721 0.21783 0.310155 6.09679 0.22 -0.00632014 0.115859 -0.0858612 0.00407862 0.0843393 0.0104553
0.303905 6.10801 0.216958 0.310196 6.09763 0.22 0.00371874 0.0640714 -0.0364341 0.00410301 0.0843042 0.0107253
0.304 6.10863 0.216518 0.310237 6.09847 0.22 0.0155749 0.0442618 -0.0286041 0.00414106 0.0842989 0.0107524
0.304153 6.10891 0.216232 0.310279 6.09931 0.22 0.0124918 0.00771227 -0.00829393 0.00417758 0.084302 0.0107134
0.304267 6.10902 0.216394 0.310321 6.10016 0.22 0.0120986 0.0498724 0.032459 0.00419666 0.0843117 0.0106298
0.304351 6.10944 0.216882 0.310363 6.101 0.22 -0.00121906 0.018779 0.0634704 0.0041665 0.0843191 0.010583
0.304367 6.10966 0.217593 0.310404 6.10184 0.22 0.00729832 0.0180561 0.0759261 0.00410867 0.0843176 0.0106169
0.304403 6.10994 0.218623 0.310444 6.10269 0.22 0.0055788 0.0538238 0.0957899 0.00405253 0.0843042 0.010744
0.304421 6.11029 0.219674 0.310485 6.10353 0.22 0.00386282 -0.00965988 0.0720352 0.00405774 0.0842922 0.010836
0.304392 6.11031 0.220574 0.310526 6.10437 0.22 -0.00249136 0.00145432 0.0700159 0.00409925 0.084284 0.0108844
0.304361 6.11023 0.221575 0.310567 6.10522 0.22 0.00527806 -0.0130737 0.0800016 0.00413905 0.0842957 0.0107779
0.304371 6.11002 0.222515 0.310609 6.10606 0.22 0.00554398 -0.0267992 0.0843604 0.0041109 0.0843187 0.0106078
0.304423 6.10993 0.223655 0.310649 6.1069 0.22 0.00824179 0.0103906 0.0907461 0.00405839 0.0843403 0.0104546
0.304489 6.11004 0.224691 0.310689 6.10775 0.22 0.000893907 0.0104532 0.0852157 0.00396754 0.084367 0.0102728
0.304523 6.11019 0.2258 0.310728 6.10859 0.22 -0.00898444 0.0540304 0.104897 0.00390013 0.0844204 0.0098513
0.304514 6.11085 0.226862 0.310767 6.10943 0.22 0.00359508 0.0504995 0.0767158 0.00392784 0.0844167 0.00987162
0.304519 6.11135 0.227881 0.310807 6.11028 0.22 -0.00788968 0.0863368 0.104779 0.00396175 0.0843648 0.0102933
0.304449 6.11215 0.228891 0.310847 6.11112 0.22 -0.00248597 0.0955735 0.0724752 0.00402557 0.0843441 0.0104368
0.304445 6.11283 0.229529 0.310887 6.11196 0.22 0.00454072 0.0350302 0.0445205 0.00399062 0.0842807 0.0109501
0.304493 6.11338 0.230109 0.310926 6.11281 0.22 0.00023933 0.0453873 0.0352126 0.00391723 0.0842871 0.0109268
0.304568 6.11404 0.230472 0.310965 6.11365 0.22 0.00685374 0.0599791 0.0214254 0.00384718 0.084303 0.0108288
0.304639 6.1146 0.230681 0.311003 6.11449 0.22 0.00212843 0.0811194 0.0369889 0.00380568 0.0843401 0.0105512
0.304633 6.11531 0.230969 0.311041 6.11534 0.22 -0.00463004 0.0748065 0.0435755 0.00383248 0.0843621 0.0103636
0.304601 6.11641 0.231322 0.31108 6.11618 0.22 0.00120855 0.0768284 0.0278675 0.00384921 0.084375 0.0102525
0.304629 6.11724 0.231548 0.311126 6.11719 0.22 0 0 0 0.00382906 0.0843708 0.0102941
0.304629 6.11724 0.164026 0.311164 6.11804 0.22 0 0 0 0.00379098 0.0843667 0.0103418
0.304629 6.11724 0.172106 0.311202 6.11888 0.22 0 0 0 0.00379017 0.0843512 0.0104676
0.304723 6.11845 0.18307 0.311239 6.11972 0.22 0.0263243 0.343395 0.965601 0.00376676 0.0843541 0.010453
0.304802 6.12169 0.194904 0.311277 6.12057 0.22 0.0163863 0.245104 0.882933 0.00372999 0.0843614 0.0104067
0.305074 6.12343 0.202986 0.311306 6.12124 0.22 0.0344685 0.0807553 0.737638 0.00371047 0.0843559 0.0104581
0.305316 6.12419 0.211365 0.311343 6.12209 0.22 -0.00075835 0.375402 0.372424 0.00371001 0.0843379 0.0106029
0.305316 6.12701 0.213343 0.31138 6.12293 0.22 0.0384682 0.0270344 0.11647 0.00370897 0.0843415 0.0105742
0.305748 6.12669 0.214186 0.311417 6.12377 0.22 0.0438244 0.0600281 -0.0437628 0.0036698 0.0844466 0.00971383
0.305869 6.12814 0.213458 0.311454 6.12462 0.22 -0.00550459 0.100657 -0.00590791 0.00364347 0.0845043 0.0092088
0.305889 6.12821 0.213178 0.31149 6.12546 0.22 -0.00101861 -0.00294037 -0.0576531 0.00356739 0.0845652 0.0086637
0.305911 6.12954 0.212262 0.311525 6.12631 0.22 0.00421746 0.160988 -0.0093233 0.00354271 0.0845812 0.00851647
0.306002 6.13019 0.211962 0.311568 6.12732 0.22 0.00968591 0.0233177 -0.0266287 0.00355055 0.0845871 0.00845397
0.306076 6.13084 0.211911 0.311603 6.12817 0.22 0.00604718 0.103374 0.0347934 0.00358283 0.0845933 0.00837847
0.306139 6.132 0.212544 0.311639 6.12902 0.22 0.00529669 0.0784012 0.0794479 0.00361458 0.0846061 0.00823422
0.306224 6.13237 0.213296 0.311676 6.12986 0.22 0.00043879 0.0669814 0.0648414 0.00367294 0.0846349 0.00790563
0.306261 6.13313 0.214089 0.311713 6.13071 0.22 -0.00266809 0.0706665 0.0799901 0.00371612 0.0846632 0.00757599
0.306267 6.13382 0.21515 0.311751 6.13156 0.22 -0.000134959 0.0825134 0.0915521 0.00375766 0.0846884 0.00726739
0.306284 6.13458 0.216249 0.311789 6.1324 0.22 0.0059444 0.0739827 0.0849342 0.00380653 0.0847146 0.00692942
0.306336 6.13554 0.2175 0.311827 6.13325 0.22 -0.00457578 0.0902967 0.106711 0.00382825 0.0847273 0.0067594
0.306369 6.13633 0.218882 0.311865 6.1341 0.22 -0.00398909 0.0533348 0.125525 0.00384623 0.0847425 0.00655533
0.306388 6.13726 0.220276 0.311904 6.13495 0.22 -0.00135637 0.111226 0.137759 0.00385315 0.0847627 0.00628434
0.306422 6.13844 0.221716 0.311942 6.13579 0.22 0.00533854 0.114203 0.117804 0.00384652 0.0847808 0.00603962
0.306506 6.13931 0.223095 0.311981 6.13664 0.22 0.00290444 0.130039 0.103786 0.00384113 0.084792 0.00588457
0.306548 6.14063 0.224292 0.312019 6.13749 0.22 0.000316193 0.111658 0.109905 0.00382717 0.0848021 0.00574654
0.306585 6.14169 0.225501 0.312057 6.13834 0.22 0.00476774 0.114983 0.112679 0.00380606 0.0848067 0.00569179
0.306576 6.14304 0.226531 0.312095 6.13919 0.22 0.00674986 0.151013 0.0953111 0.00379328 0.0848068 0.00569877
0.306579 6.14427 0.227509 0.312133 6.14003 0.22 -0.00248695 0.089648 0.0768859 0.00377936 0.0848314 0.00533007
0.306602 6.14512 0.228463 0.31217 6.14088 0.22 0.00672384 0.086985 0.0819885 0.00376197 0.0848342 0.00529871
0.30663 6.14608 0.229359 0.312208 6.14173 0.22 -0.0048719 0.0986495 0.067694 0.00374341 0.0848429 0.00517081
0.306652 6.14698 0.230264 0.312245 6.14258 0.22 0.00397185 0.091349 0.0561166 0.00372261 0.084851 0.00505089
0.306746 6.14771 0.230885 0.312282 6.14343 0.22 0.0114621 0.0757854 0.053007 0.00369364 0.0848645 0.00484122
0.30684 6.14867 0.23142 0.312319 6.14428 0.22 0.0129046 0.0995584 0.0527568 0.00368079 0.0848726 0.00470711
0.306936 6.14941 0.231752 0.312356 6.14513 0.22 0.0068189 0.0787081 0.0362232 0.00367553 0.0848769 0.00463288
0.306983 6.1504 0.231899 0.312393 6.14597 0.22 0.00120235 0.119811 0.02829 0.00367543 0.084877 0.00463031
0.306996 6.15123 0.232095 0.312429 6.14682 0.22 0.00111862 0.0848416 0.00672098 0.00366372 0.0848767 0.00464583
0.307001 6.15197 0.232143 0.312466 6.14767 0.22 0.00299348 0.0631309 0.0133409 0.00364148 0.0848743 0.00470704
0.307004 6.15252 0.232182 0.312502 6.14852 0.22 0 0 0 0.00361848 0.0848753 0.00470629
0.307004 6.15252 0.16157 0.312538 6.14937 0.22 0 0 0 0.0036073 0.0848787 0.0046533
0.307004 6.15252 0.169841 0.312574 6.15022 0.22 0 0 0 0.00361632 0.084881 0.00460416
0.307076 6.15257 0.180492 0.31261 6.15107 0.22 0.0179596 0.0115209 0.835768 0.00364084 0.0848815 0.00457495
0.307244 6.15334 0.19239 0.312647 6.15192 0.22 0.0169381 0.115446 0.867395 0.00369304 0.0848812 0.00453863
0.307498 6.15458 0.203571 0.312685 6.15276 0.22 0.0248181 0.137362 0.801644 0.00374685 0.0848784 0.00454752
0.307711 6.1557 0.213386 0.312722 6.15361 0.22 0.0147229 0.323986 0.524808 0.00378328 0.0848766 0.0045502
0.307606 6.15833 0.219446 0.312761 6.15446 0.22 -0.000818507 0.214829 0.433983 0.00382448 0.0848761 0.00452588
0.307719 6.15748 0.219897 0.312791 6.15514 0.22 0.0201117 -0.241157 -0.155359 0.00381404 0.0849041 0.00397632
0.307758 6.15751 0.218485 0.312829 6.15599 0.22 0.00468604 0.314999 -0.00777358 0.00380172 0.0849293 0.00340827
0.307857 6.16062 0.217681 0.312867 6.15684 0.22 0.0165306 0.155703 -0.0900829 0.00379821 0.0849268 0.00347491
0.308022 6.16162 0.216595 0.312905 6.15769 0.22 -3.13141e-05 0.118659 -0.0442498 0.00382477 0.0848871 0.00431448
0.307976 6.1639 0.215893 0.312951 6.15871 0.22 -0.00229447 0.202997 -0.0642283 0.00383709 0.0848214 0.0054466
0.307947 6.16494 0.214957 0.312982 6.15938 0.22 -0.000704889 0.108997 -0.0656064 0.00389428 0.0847761 0.00607558
0.30796 6.16591 0.214158 0.313029 6.1604 0.22 -0.0051266 0.0360794 -0.0372146 0.0039409 0.0847562 0.0063178
0.307952 6.16624 0.213992 0.313069 6.16125 0.22 -2.1324e-05 0.0432966 -0.00503099 0.00397531 0.0847538 0.00632819
0.307958 6.16643 0.213954 0.313109 6.1621 0.22 -0.00130956 0.0134103 -0.00615744 0.00399374 0.0847494 0.00637617
0.308001 6.16657 0.214187 0.313149 6.16294 0.22 0.00788511 0.0207931 0.0278221 0.00398532 0.0847493 0.00638201
0.308075 6.1668 0.21482 0.313189 6.16379 0.22 0.00688965 0.0149581 0.0530103 0.00397584 0.0847436 0.00646333
0.308101 6.16681 0.215429 0.313229 6.16464 0.22 0.0121487 -0.0128817 0.0487947 0.0039826 0.0847367 0.00654971
0.308101 6.16682 0.216264 0.313269 6.16549 0.22 -0.00704429 -0.0134102 0.0746515 0.00401081 0.0847286 0.00663587
0.308017 6.16661 0.217272 0.313309 6.16633 0.22 -0.01108 -0.0121163 0.0815141 0.00402979 0.0847271 0.0066444
0.307956 6.16648 0.218109 0.313349 6.16718 0.22 -0.0073075 -0.00765546 0.0675243 0.00403026 0.084734 0.00655565
0.307925 6.16625 0.219083 0.313389 6.16803 0.22 -0.0103277 -0.0121129 0.0843435 0.00401824 0.0847449 0.00641987
0.307892 6.166 0.220164 0.313429 6.16888 0.22 -0.00315472 -0.0151868 0.081673 0.00399972 0.0847572 0.00626807
0.307928 6.16586 0.221275 0.313469 6.16972 0.22 0.00918719 -0.0299243 0.0768446 0.00397411 0.0847689 0.00612407
0.307921 6.16588 0.222362 0.313509 6.17057 0.22 -0.00687459 0.0289408 0.0866586 0.00397366 0.0847632 0.00620248
0.307915 6.1663 0.223475 0.313549 6.17142 0.22 0.00280975 0.0407945 0.0885743 0.00397952 0.0847635 0.00619428
0.307971 6.16676 0.224401 0.313589 6.17227 0.22 0.00234838 0.0422328 0.074229 0.00398327 0.0847601 0.00623916
0.307977 6.16713 0.225311 0.313628 6.17311 0.22 -0.000348645 0.0691972 0.0751679 0.00396272 0.0847588 0.00626994
0.307955 6.16781 0.226059 0.313668 6.17396 0.22 -0.00925016 0.0491763 0.0528798 0.00392601 0.0847608 0.00626591
0.307987 6.16834 0.226566 0.313706 6.17481 0.22 0.00506092 0.0683168 0.0499294 0.00388273 0.0847393 0.00657582
0.307985 6.16903 0.22713 0.313745 6.17566 0.22 -0.000340057 0.0796763 0.0465357 0.00386968 0.0847459 0.00649788
0.307955 6.16967 0.227488 0.313784 6.1765 0.22 -0.0112066 0.0732354 0.0300685 0.00389471 0.0847536 0.00638128
0.307944 6.17052 0.227755 0.313823 6.17735 0.22 0.00348913 0.0855791 0.0331618 0.0039105 0.0847253 0.00673742
0.307919 6.17135 0.227983 0.313862 6.1782 0.22 0.0016326 0.0917602 0.0135537 0.00389424 0.0847371 0.00659658
0.307935 6.17247 0.228219 0.313901 6.17905 0.22 0.00484778 0.0979701 0.0253571 0.00382819 0.0847401 0.00659678
0.307956 6.17337 0.228416 0.313938 6.17989 0.22 0 0 0 0.0037632 0.0847459 0.00656026
0.307956 6.17337 0.16215 0.313975 6.18074 0.22 0 0 0 0.00371 0.0847459 0.00658987
0.307956 6.17337 0.170488 0.314012 6.18159 0.22 0 0 0 0.00368692 0.0847504 0.00654565
0.308085 6.17486 0.181791 0.314049 6.18244 0.22 0.0362872 0.388933 0.981381 0.00368992 0.0847521 0.00652113
0.308178 6.1787 0.193983 0.314086 6.18328 0.22 0.0161147 0.32005 0.892978 0.00369854 0.0847568 0.00645448
0.308349 6.18107 0.20442 0.314123 6.18413 0.22 0.0295952 0.0889778 0.746311 0.0037332 0.0847489 0.00653809
0.308466 6.18216 0.212727 0.314161 6.18498 0.22 0.000373973 0.249956 0.455839 0.00377453 0.0847401 0.00662819
0.308415 6.18294 0.214911 0.314199 6.18583 0.22 0.00539565 0.120993 0.129016 0.00380869 0.0847391 0.00662075
0.308682 6.18467 0.214376 0.314237 6.18667 0.22 0.028286 0.180317 -0.0458582 0.00381838 0.084759 0.00635621
0.308701 6.18524 0.214395 0.314275 6.18752 0.22 -0.00125354 0.0226586 0.000571375 0.00374495 0.0847977 0.00586469
0.308648 6.18597 0.213819 0.314312 6.18837 0.22 -0.0057717 0.0971755 -0.0516804 0.00372789 0.0848241 0.00548003
0.30866 6.18676 0.213639 0.31435 6.18922 0.22 0.0134589 0.0530552 0.00326682 0.00375428 0.0848374 0.00525195
0.308886 6.18736 0.213341 0.314388 6.19007 0.22 0.0289189 0.0559392 -0.0174587 0.00380217 0.0848565 0.00489684
0.309194 6.18818 0.21343 0.314426 6.19092 0.22 0.0299867 0.0989773 0.0465909 0.00384518 0.0848696 0.0046284
0.309472 6.18894 0.214014 0.314465 6.19176 0.22 0.0272548 0.0628358 0.0359011 0.0038672 0.0848842 0.00433367
0.309613 6.18987 0.214582 0.314504 6.19261 0.22 0.0141458 0.0845935 0.0608907 0.00388633 0.0848925 0.00415025
0.309636 6.19105 0.215386 0.314543 6.19346 0.22 0.000289512 0.102802 0.0822989 0.00391765 0.0849037 0.00388277
0.309645 6.19221 0.216331 0.314582 6.19431 0.22 0.00248194 0.119198 0.0782716 0.00394612 0.08491 0.00371234
0.309615 6.19347 0.217391 0.314622 6.19516 0.22 -0.00608036 0.131887 0.10061 0.00397405 0.0849152 0.00356132
0.309616 6.19483 0.218523 0.314662 6.19601 0.22 0.00342523 0.138346 0.115496 0.00398424 0.0849211 0.00340609
0.309609 6.19627 0.219868 0.314701 6.19686 0.22 0.00445519 0.156811 0.11689 0.0039746 0.0849242 0.00333769
0.30965 6.19748 0.221167 0.314741 6.19771 0.22 0.00447199 0.106793 0.104608 0.00395015 0.0849286 0.00325444
0.309734 6.19879 0.222471 0.31478 6.19856 0.22 0.0065414 0.149398 0.107875 0.00393648 0.0849325 0.00316724
0.309843 6.20012 0.22385 0.31482 6.19941 0.22 0.00696372 0.137134 0.126207 0.00394086 0.0849527 0.00256261
0.309954 6.20136 0.225126 0.314859 6.20026 0.22 0.0120851 0.142574 0.100356 0.00394795 0.0849552 0.00246907
0.310006 6.2028 0.226221 0.314899 6.20111 0.22 0.00356277 0.158889 0.0840549 0.00393583 0.0849572 0.00241711
0.309999 6.20424 0.227194 0.314937 6.20196 0.22 -0.00491637 0.147063 0.0673012 0.00388823 0.0849597 0.00240625
0.309993 6.20554 0.22807 0.314976 6.20281 0.22 0.000563819 0.140279 0.0694584 0.00380878 0.0849612 0.00247895
0.309987 6.20683 0.228806 0.315014 6.20365 0.22 0.0034358 0.119063 0.0623487 0.00379603 0.0849591 0.0025695
0.310031 6.20779 0.229544 0.315052 6.2045 0.22 -0.00187826 0.0806006 0.0515311 0.00381499 0.084957 0.0026097
0.310113 6.20877 0.230208 0.31509 6.20535 0.22 0.00518381 0.0855218 0.0466598 0.00382798 0.0849582 0.00255061
0.310197 6.20956 0.230717 0.315128 6.2062 0.22 0.00701724 0.0826804 0.0345043 0.00380219 0.0849615 0.00247917
0.310263 6.21043 0.231163 0.315165 6.20705 0.22 -0.00433524 0.0860334 0.0274779 0.00372681 0.0849674 0.00239153
0.310279 6.21123 0.23142 0.315202 6.2079 0.22 0.00257942 0.0641576 0.00796286 0.00364418 0.0849727 0.00232978
0.310301 6.21193 0.231531 0.315238 6.20875 0.22 -0.0047097 0.109876 -0.00211393 0.00364423 0.0849729 0.00231977
0.310416 6.21253 0.231639 0.315275 6.2096 0.22 0.00873971 0.0507782 0.00440144 0.00368823 0.0849707 0.00233111
0.310502 6.21319 0.231601 0.315312 6.21045 0.22 0.00367062 0.0583785 0.00158591 0.00372598 0.0849687 0.00234445
0.310473 6.21369 0.231427 0.31535 6.2113 0.22 0 0 0 0.00373235 0.0849678 0.00236865
0.310473 6.21369 0.160206 0.315387 6.21215 0.22 0 0 0 0.00373432 0.0849622 0.00255915
0.310473 6.21369 0.168788 0.315424 6.213 0.22 0 0 0 0.003737 0.0849741 0.00212225
0.31059 6.21378 0.179856 0.315462 6.21385 0.22 0.0280973 0.0530857 0.894212 0.00374997 0.0849731 0.0021381
0.310908 6.21469 0.192139 0.3155 6.2147 0.22 0.0347128 0.10253 0.87804 0.00380531 0.08497 0.00216214
0.311235 6.21571 0.203714 0.315538 6.21555 0.22 0.035045 0.0574816 0.820036 0.00385365 0.0849673 0.00218234
0.31143 6.21612 0.214526 0.315577 6.2164 0.22 0.0122507 0.216593 0.578194 0.00388389 0.0849665 0.00215994
0.311367 6.21853 0.22013 0.315616 6.21725 0.22 -0.00793582 0.052345 0.135677 0.00390266 0.0849655 0.00216607
0.311547 6.21715 0.219118 0.315655 6.2181 0.22 0.00603674 -0.00205252 -0.130417 0.00390478 0.0849745 0.0017755
0.311458 6.2191 0.217808 0.315694 6.21895 0.22 0.00598903 0.293235 -0.0487667 0.00390825 0.0849769 0.00164589
0.311638 6.22053 0.216861 0.315733 6.2198 0.22 0.00679121 0.0239372 -0.0752435 0.00393689 0.0849694 0.0019404
0.311617 6.22147 0.216062 0.315773 6.22065 0.22 -0.0115144 0.174771 -0.0597854 0.00400551 0.0849476 0.00262961
0.311527 6.22323 0.215377 0.315814 6.2215 0.22 -0.0149032 0.13855 -0.0501398 0.00401563 0.0849294 0.003153
0.311468 6.22418 0.21483 0.315854 6.22235 0.22 -0.00121606 0.102401 -0.0324889 0.00404046 0.0849105 0.00359765
0.311447 6.22512 0.214654 0.315895 6.2232 0.22 -0.00737846 0.0614038 -0.00301251 0.0040906 0.0848955 0.00388301
0.311409 6.22557 0.214729 0.315936 6.22404 0.22 0.00403328 0.0342725 0.0136304 0.00414978 0.0848845 0.00405706
0.311427 6.22594 0.214976 0.315978 6.22489 0.22 0.00973357 0.0640624 0.0321999 0.00417699 0.0848798 0.00412693
0.311499 6.22648 0.215576 0.31602 6.22574 0.22 0.00933631 0.052163 0.0553812 0.00417991 0.0848789 0.00414302
0.311582 6.22677 0.216426 0.316061 6.22659 0.22 0.0029943 0.0256046 0.0691156 0.00418534 0.0848753 0.00420969
0.311629 6.22709 0.217453 0.316103 6.22744 0.22 0.00224686 0.0513636 0.10504 0.00419678 0.0848688 0.00432752
0.311626 6.22756 0.218659 0.316145 6.22829 0.22 -0.00162608 0.0461596 0.0919059 0.00420162 0.084861 0.00447394
0.311582 6.22783 0.219838 0.316187 6.22914 0.22 -0.007929 -0.000231773 0.101465 0.00419104 0.0848397 0.00487006
0.311535 6.22796 0.221117 0.316229 6.22999 0.22 0.000126446 0.0373699 0.101537 0.00417293 0.0848351 0.00496608
0.311548 6.22833 0.22226 0.316271 6.23083 0.22 0.00108078 0.0226994 0.0795624 0.00415955 0.0848363 0.00495555
0.311575 6.22837 0.22324 0.316312 6.23168 0.22 0.00452952 0.00249626 0.0845468 0.00415932 0.0848435 0.00483189
0.311594 6.22859 0.224231 0.316354 6.23253 0.22 -0.00771058 0.0255587 0.0866544 0.00415998 0.0848086 0.0054098
0.311588 6.22885 0.225208 0.316395 6.23338 0.22 -0.00313016 0.0120705 0.0784083 0.00414289 0.0848185 0.00526542
0.311592 6.22934 0.22615 0.316436 6.23423 0.22 0.000502654 0.0804524 0.0927538 0.00408782 0.0848283 0.00514839
0.311605 6.22983 0.22703 0.316477 6.23507 0.22 0.00449754 0.0331444 0.0774585 0.00402483 0.084836 0.00507026
0.311615 6.23047 0.22786 0.316517 6.23592 0.22 -0.00263711 0.107555 0.070218 0.00397715 0.0848417 0.00501264
0.31159 6.23125 0.228541 0.316556 6.23677 0.22 -0.00110706 0.0535062 0.0363167 0.00399433 0.0848418 0.00499743
0.311553 6.23202 0.229058 0.316597 6.23762 0.22 -0.00799767 0.0803522 0.0482455 0.00402643 0.0848261 0.00523357
0.311507 6.23287 0.22952 0.316637 6.23847 0.22 -0.00265779 0.0921771 0.0302194 0.00402775 0.0847848 0.00586295
0.31149 6.23377 0.229864 0.316677 6.23932 0.22 0.00237888 0.0887978 0.0246007 0.0039607 0.0847272 0.0066837
0.311529 6.23476 0.23003 0.316716 6.24016 0.22 0.00837192 0.120375 0.0108513 0.00386762 0.0847412 0.0065593
0.311589 6.23582 0.230097 0.316754 6.24101 0.22 0.00128327 0.0864321 -0.00130394 0.00381069 0.0847524 0.00644723
0.311621 6.23691 0.230047 0.316792 6.24186 0.22 0.000473749 0.110126 -0.018249 0.0037748 0.0847665 0.00628118
0.311608 6.23766 0.229984 0.31683 6.24271 0.22 0 0 0 0.00379184 0.0847821 0.00605595
0.311608 6.23766 0.16268 0.316868 6.24355 0.22 0 0 0 0.00383632 0.0847922 0.00588407
0.311608 6.23766 0.171352 0.316906 6.2444 0.22 0 0 0 0.00386147 0.084801 0.00573979
0.311642 6.23995 0.183318 0.316945 6.24525 0.22 -0.00647676 0.448932 0.996099 0.00388375 0.0848301 0.00527548
0.311652 6.24353 0.19535 0.316984 6.2461 0.22 0.023841 0.269434 0.810787 0.00390502 0.0848364 0.00515679
0.312009 6.24512 0.205445 0.317023 6.24695 0.22 0.0339503 -0.0295487 0.709583 0.00393073 0.0848311 0.00522482
0.31205 6.24438 0.213563 0.317063 6.24779 0.22 -0.0188116 -0.0512992 0.430368 0.00396509 0.0848281 0.00524752
0.312255 6.24483 0.21846 0.317103 6.24864 0.22 0.0374406 0.309269 0.179009 0.00398235 0.0848233 0.00531147
0.312248 6.2484 0.218097 0.317143 6.24949 0.22 0.00570116 0.162317 -0.0639257 0.00404158 0.084796 0.00568856
0.312387 6.24853 0.217557 0.317184 6.25034 0.22 -0.00342242 -0.0438047 -0.0449974 0.00407056 0.0847867 0.00580615
0.312331 6.24901 0.216926 0.317224 6.25119 0.22 0.00449365 0.107064 -0.0398487 0.00404648 0.0848261 0.0052175
0.312354 6.24938 0.21655 0.317265 6.25204 0.22 0.0108259 -0.0673385 -0.0170865 0.00404746 0.0848827 0.00419564
0.312494 6.24911 0.216166 0.317305 6.25288 0.22 0.0165927 0.0538956 -0.0506547 0.00402877 0.0849099 0.00362439
0.312609 6.24997 0.215808 0.317345 6.25373 0.22 0.0119316 0.0570156 0.0022623 0.00400024 0.0849349 0.00302056
0.312747 6.25061 0.215803 0.317385 6.25458 0.22 0.011824 0.115543 0.0118869 0.00398671 0.0849485 0.00262979
0.312917 6.25201 0.215943 0.317425 6.25543 0.22 0.00399617 0.168591 0.0364056 0.00399691 0.0849493 0.00258891
0.313023 6.25337 0.21637 0.317465 6.25628 0.22 0.0111842 0.144077 0.0591686 0.0040264 0.0849456 0.00266413
0.313089 6.25486 0.21709 0.317505 6.25713 0.22 0.00514362 0.141169 0.079462 0.0040461 0.0849434 0.00270259
0.313151 6.25613 0.218043 0.317546 6.25798 0.22 0.00945129 0.119316 0.0897023 0.00406131 0.0849449 0.00263352
0.313185 6.25739 0.219102 0.317587 6.25883 0.22 0.0104063 0.15412 0.106487 0.0040626 0.0849488 0.00250162
0.313225 6.25885 0.220326 0.317627 6.25968 0.22 0.00936958 0.120473 0.116689 0.00407674 0.0849526 0.00234494
0.313314 6.26008 0.221647 0.317668 6.26053 0.22 0.00933805 0.152518 0.0965778 0.00409589 0.0849545 0.00224105
0.313404 6.26183 0.223127 0.317718 6.26155 0.22 0.00629159 0.148648 0.110843 0.00414246 0.0849719 0.00129443
0.313516 6.26348 0.224331 0.317759 6.2624 0.22 0.0156451 0.146803 0.104428 0.00415216 0.0849763 0.000922897
0.313604 6.26496 0.225427 0.317801 6.26325 0.22 0.00595305 0.169585 0.08951 0.00413593 0.0849757 0.0010458
0.313707 6.26668 0.226244 0.317842 6.2641 0.22 0.0160186 0.181993 0.0815663 0.00410381 0.0849748 0.00122905
0.313785 6.26833 0.227204 0.317883 6.26495 0.22 0.00764025 0.159212 0.0734663 0.0040896 0.0849723 0.00143295
0.313887 6.26981 0.228052 0.317924 6.2658 0.22 0.00536525 0.156304 0.0689559 0.00409758 0.0849693 0.00157718
0.31401 6.27103 0.22892 0.317965 6.26665 0.22 0.0124705 0.121009 0.0725322 0.00412892 0.0849635 0.0017949
0.314099 6.27227 0.229585 0.318006 6.2675 0.22 0.00222022 0.124416 0.0561327 0.00412508 0.0849608 0.00192419
0.314172 6.27332 0.230319 0.318047 6.26835 0.22 0.00910219 0.100247 0.0607782 0.00405852 0.0849627 0.00198416
0.31421 6.27427 0.23084 0.318087 6.2692 0.22 -0.000598133 0.112621 0.0350437 0.00396366 0.0849678 0.00195472
0.314262 6.27506 0.231296 0.318126 6.27005 0.22 0.00873585 0.0615644 0.0327774 0.0039526 0.0849691 0.00192149
0.31435 6.27586 0.231659 0.318166 6.2709 0.22 0.0146512 0.0989523 0.0205753 0.00400631 0.0849661 0.00194075
0.314477 6.27665 0.231857 0.318207 6.27175 0.22 0.0207062 0.0685403 0.0170452 0.00408317 0.0849602 0.0020378
0.314522 6.27755 0.232041 0.318248 6.2726 0.22 0.00178752 0.0933716 0.00610296 0.00408722 0.0849565 0.00218091
0.314554 6.27814 0.232118 0.318289 6.27344 0.22 0.00266077 0.065116 0.00110527 0.00404808 0.0849655 0.00188107
0.314547 6.27842 0.232132 0.318329 6.27429 0.22 0 0 0 0.00398369 0.0849719 0.00172203
0.314547 6.27842 0.163184 0.318368 6.27514 0.22 0 0 0 0.0039101 0.084974 0.00178837
0.314547 6.27842 0.172221 0.318407 6.27599 0.22 0 0 0 0.00388102 0.0849734 0.00187743
0.314704 6.27845 0.18384 0.318445 6.27683 0.22 0.0259067 0.0322691 0.890228 0.00378632 0.0828466 0.00193319
0.315017 6.27907 0.195585 0.318482 6.27764 0.22 0.0406109 0.0886611 0.844649 0.00371903 0.0807177 0.0020191
0.315308 6.27989 0.206614 0.318519 6.27843 0.22 0.0316615 0.0557845 0.810902 0.00366133 0.0785872 0.00213885
0.315474 6.28077 0.215837 0.318555 6.2792 0.22 0.00935625 0.290271 0.487861 0.00358443 0.0764596 0.0021734
0.315409 6.28273 0.220647 0.31859 6.27994 0.22 -0.0153543 -0.00732271 0.181333 0.00351784 0.0743335 0.00213642
0.315523 6.28089 0.219626 0.318624 6.28067 0.22 0.0132058 -0.144997 -0.135468 0.00340583 0.0722195 0.00172321
0.315422 6.28244 0.218774 0.318657 6.28138 0.22 -0.014872 0.224242 -0.0344989 0.00322726 0.0701079 0.00124389
0.315707 6.28359 0.217772 0.318688 6.28206 0.22 0.0355713 0.0316396 -0.0996253 0.00309739 0.0679791 0.00149694
0.315796 6.28453 0.217055 0.318718 6.28272 0.22 2.02997e-05 0.125725 -0.0509274 0.00300099 0.0658368 0.00211396
0.315795 6.28606 0.21664 0.318748 6.28336 0.22 0.00589749 0.173862 -0.0376687 0.00291479 0.0636982 0.00245326
0.315739 6.28725 0.216188 0.318776 6.28398 0.22 -0.00967964 0.0507599 -0.0171762 0.00284651 0.06155 0.00291991
0.315644 6.28782 0.215874 0.318804 6.28458 0.22 -0.0127764 0.0687858 -0.0311409 0.0027977 0.0594116 0.00309404
0.31553 6.28833 0.21579 0.318832 6.28516 0.22 -0.00874803 0.0455252 0.000459948 0.00271108 0.0572855 0.00305261
0.315486 6.28829 0.21593 0.318858 6.28572 0.22 -0.00540398 -0.00946233 0.0162776 0.00260921 0.0551655 0.00290908
0.315549 6.28826 0.216364 0.318883 6.28625 0.22 0.00888116 -0.00556381 0.0537897 0.00251598 0.0530471 0.00272622
0.315657 6.28811 0.217204 0.318908 6.28676 0.22 0.0024926 -0.026501 0.0718864 0.00243917 0.0509262 0.00257634
0.315654 6.28824 0.218138 0.318932 6.28726 0.22 -0.00407717 0.0374776 0.0789026 0.00237469 0.0488031 0.00245587
0.315619 6.28837 0.219443 0.318955 6.28773 0.22 -0.00212181 0.0248505 0.11728 0.00230609 0.0466759 0.00242109
0.315578 6.28846 0.220808 0.318977 6.28818 0.22 -0.00632823 0.0212604 0.110799 0.00219694 0.0445507 0.00238222
0.315522 6.28858 0.22194 0.318998 6.28861 0.22 -0.0028701 0.00814635 0.089429 0.00207789 0.0424273 0.00231784
0.315474 6.28856 0.223129 0.319018 6.28901 0.22 -0.00494736 -0.0145871 0.0942737 0.0019487 0.0403009 0.00231427
0.315471 6.28849 0.224298 0.319037 6.2894 0.22 -0.00315711 0.00827438 0.0992918 0.00184899 0.0381753 0.00226596
0.315413 6.28837 0.225356 0.319054 6.28976 0.22 -0.00563976 -0.00827125 0.0753239 0.00176659 0.036056 0.00209685
0.315363 6.28837 0.226337 0.319071 6.29011 0.22 -0.00320856 0.0126145 0.0635813 0.00169188 0.0339353 0.00194528
0.315352 6.28845 0.227218 0.319088 6.29043 0.22 0.000831386 0.00244042 0.0539275 0.00158542 0.0318154 0.00180473
0.315421 6.28867 0.227977 0.319102 6.29073 0.22 0.0195932 0.0481239 0.0652462 0.00145994 0.0296957 0.00167855
0.315475 6.2891 0.228741 0.319116 6.29101 0.22 0.00587084 0.0126898 0.0592415 0.00132648 0.0275756 0.00156576
0.315487 6.28927 0.229325 0.319128 6.29127 0.22 0.00199074 0.0394142 0.0422844 0.00120499 0.0254557 0.00143976
0.315435 6.28962 0.229743 0.31914 6.29151 0.22 -0.00312944 0.0129266 0.0329045 0.00110848 0.0233356 0.00129456
0.315388 6.29 0.23005 0.31915 6.29172 0.22 -0.0041854 0.0367501 0.0216027 0.00101921 0.0212141 0.00116746
0.315311 6.29039 0.23028 0.319159 6.29192 0.22 -0.0109506 0.0344172 0.0211382 0.000928951 0.0190923 0.00104771
0.315258 6.29075 0.230439 0.319168 6.29209 0.22 -0.00737627 0.0333128 0.0118755 0.000818128 0.0169715 0.000928157
0.315276 6.29103 0.230503 0.319175 6.29225 0.22 -0.00047876 0.0403731 0.000280757 0.000700187 0.0148544 0.00074409
0.3153 6.29135 0.230528 0.319181 6.29238 0.22 0.00017481 0.0170704 0.00328303 0.000591286 0.012733 0.000631467
0.315293 6.29144 0.230466 0.319186 6.29249 0.22 0 0 0 0.000489962 0.0106112 0.000522991
0.315293 6.29144 0.166627 0.31919 6.29258 0.22 0 0 0 0.000393475 0.00849022 0.000389899
0.315293 6.29144 0.175789 0.319194 6.29264 0.22 0 0 0 0.000296339 0.00636935 0.000251662
0.315293 6.29144 0.18748 0.319196 6.29269 0.22 0 0 0 0.000198496 0.00424625 0.000166092
0.315293 6.29144 0.199396 0.319197 6.29272 0.22 0 0 0 9.98858e-05 0.0021231 8.29821e-05
0.315293 6.29144 0.211851 0.319197 6.29272 0.22 0 0 0 0 -0 0
0.315293 6.29144 0.219815 0.319197 6.29272 0.22 0 0 0 0 -0 0
0.315293 6.29144 0.220095 0.319197 6.29272 0.22 0 0 0 0 -0 0
0.315293 6.29144 0.219393 0.319197 6.29272 0.22 0 0 0 0 -0 0
0.315293 6.29144 0.218853 0.319197 6.29272 0.22 0 0 0 0 -0 0
0.315293 6.29144 0.218862 0.319197 6.29272 0.22 0 0 0 0 -0 0
0.315293 6.29144 0.218701 0.319197 6.29272 0.22 0 0 0 0 -0 0
0.315293 6.29144 0.218473 0.319197 6.29272 0.22 0 0 0 0 -0 0
0.315293 6.29144 0.218412 0.319197 6.29272 0.22 0 0 0 0 -0 0
0.315293 6.29144 0.218363 0.319197 6.29272 0.22 0 0 0 0 -0 0
0.315293 6.29144 0.218593 0.319197 6.29272 0.22 0 0 0 0 -0 0
0.315293 6.29144 0.218964 0.319197 6.29272 0.22 0 0 0 0 -0 0
0.315293 6.29144 0.219526 0.319197 6.29272 0.22 0 0 0 0 -0 0
0.315293 6.29144 0.220257 0.319197 6.29272 0.22 0 0 0 0 -0 0
0.315293 6.29144 0.220921 0.319197 6.29272 0.22 0 0 0 0 -0 0
0.315293 6.29144 0.221629 0.319197 6.29272 0.22 0 0 0 0 -0 0
0.315293 6.29144 0.222221 0.319197 6.29272 0.22 0 0 0 0 -0 0
0.315293 6.29144 0.222839 0.319197 6.29272 0.22 0 0 0 0 -0 0
0.315293 6.29144 0.223427 0.319197 6.29272 0.22 0 0 0 0 -0 0
0.315293 6.29144 0.224027 0.319197 6.29272 0.22 0 0 0 0 -0 0
0.315293 6.29144 0.224684 0.319197 6.29272 0.22 0 0 0 0 -0 0
0.315293 6.29144 0.225407 0.319197 6.29272 0.22 0 0 0 0 -0 0
0.315293 6.29144 0.226091 0.319197 6.29272 0.22 0 0 0 0 -0 0
0.315293 6.29144 0.226755 0.319197 6.29272 0.22 0 0 0 0 -0 0
0.315293 6.29144 0.227304 0.319197 6.29272 0.22 0 0 0 0 -0 0
0.315293 6.29144 0.227808 0.319197 6.29272 0.22 0 0 0 0 -0 0
0.315293 6.29144 0.228141 0.319197 6.29272 0.22 0 0 0 0 -0 0
0.315293 6.29144 0.228475 0.319197 6.29272 0.22 0 0 0 0 -0 0
0.315293 6.29144 0.228724 0.319197 6.29272 0.22 0 0 0 0 -0 0
0.315293 6.29144 0.228931 0.319197 6.29272 0.22 0 0 0 0 -0 0
0.315293 6.29144 0.229075 0.319197 6.29272 0.22 0 0 0 0 -0 0
0.315293 6.29144 0.229203 0.319197 6.29272 0.22 0 0 0 0 -0 0
0.315293 6.29144 0.229239 0.319197 6.29272 0.22 0 0 0 0 -0 0
0.315293 6.29144 0.198209 0.319197 6.29272 0.22 0 0 0 0 -0 0
0.315293 6.29144 0.202242 0.319197 6.29272 0.22 0 0 0 0 -0 0
0.315293 6.29144 0.205977 0.319197 6.29272 0.22 0 0 0 0 -0 0
0.315293 6.29144 0.211335 0.319197 6.29272 0.22 0 0 0 0 -0 0
0.315293 6.29144 0.216849 0.319197 6.29272 0.22 0 0 0 0 -0 0
0.315293 6.29144 0.220766 0.319197 6.29272 0.22 0 0 0 0 -0 0
0.315293 6.29144 0.220205 0.319197 6.29272 0.22 0 0 0 0 0 0
0.315293 6.29144 0.218241 0.319197 6.29272 0.22 0 0 0 0 0 0
0.315293 6.29144 0.21748 0.319197 6.29272 0.22 0 0 0 0 0 0
0.315293 6.29144 0.216887 0.319197 6.29272 0.22 0 0 0 0 -0 0
0.315293 6.29144 0.216764 0.319197 6.29272 0.22 0 0 0 0 -0 0
0.315293 6.29144 0.216879 0.319197 6.29272 0.22 0 0 0 0 -0 0
0.315293 6.29144 0.217231 0.319197 6.29272 0.22 0 0 0 0 -0 0
0.315293 6.29144 0.217697 0.319197 6.29272 0.22 0 0 0 0 -0 0
0.315293 6.29144 0.217997 0.319197 6.29272 0.22 0 0 0 0 -0 0
0.315293 6.29144 0.218409 0.319197 6.29272 0.22 0 0 0 0 -0 0
0.315293 6.29144 0.218838 0.319197 6.29272 0.22 0 0 0 0 -0 0
0.315293 6.29144 0.219213 0.319197 6.29272 0.22 0 0 0 0 -0 0
0.315293 6.29144 0.219639 0.319197 6.29272 0.22 0 0 0 0 -0 0
0.315293 6.29144 0.219947 0.319197 6.29272 0.22 0 0 0 0 -0 0
0.315293 6.29144 0.220268 0.319197 6.29272 0.22 0 0 0 0 -0 0
0.315293 6.29144 0.220579 0.319197 6.29272 0.22 0 0 0 0 -0 0
0.315293 6.29144 0.220818 0.319197 6.29272 0.22 0 0 0 0 -0 0
0.315293 6.29144 0.22109 0.319197 6.29272 0.22 0 0 0 0 -0 0
0.315293 6.29144 0.221312 0.319197 6.29272 0.22 0 0 0 0 -0 0
0.315293 6.29144 0.221515 0.319197 6.29272 0.22 0 0 0 0 -0 0
0.315293 6.29144 0.22168 0.319197 6.29272 0.22 0 0 0 0 -0 0
0.315293 6.29144 0.221851 0.319197 6.29272 0.22 0 0 0 0 -0 0
0.315293 6.29144 0.222014 0.319197 6.29272 0.22 0 0 0 0 -0 0
0.315293 6.29144 0.222104 0.319197 6.29272 0.22 0 0 0 0 -0 0
0.315293 6.29144 0.222207 0.319197 6.29272 0.22 0 0 0 0 -0 0
0.315293 6.29144 0.22229 0.319197 6.29272 0.22 0 0 0 0 -0 0
0.315293 6.29144 0.222388 0.319197 6.29272 0.22 0 0 0 0 -0 0
0.315293 6.29144 0.222481 0.319197 6.29272 0.22 0 0 0 0 -0 0
0.315293 6.29144 0.222522 0.319197 6.29272 0.22 0 0 0 0 -0 0
0.315293 6.29144 0.222568 0.319197 6.29272 0.22 0 0 0 0 -0 0
0.315293 6.29144 0.222615 0.319197 6.29272 0.22 0 0 0 0 -0 0
0.315293 6.29144 0.222686 0.319197 6.29272 0.22 0 0 0 0 -0 0
0.315293 6.29144 0.222708 0.319197 6.29272 0.22 0 0 0 0 -0 0
0.315293 6.29144 0.222768 0.319197 6.29272 0.22 0 0 0 0 -0 0
0.315293 6.29144 0.222788 0.319197 6.29272 0.22 0 0 0 0 -0 0
0.315293 6.29144 0.222823 0.319197 6.29272 0.22 0 0 0 0 -0 0
0.315293 6.29144 0.222861 0.319197 6.29272 0.22 0 0 0 0 -0 0
0.315293 6.29144 0.222899 0.319197 6.29272 0.22 0 0 0 0 -0 0
0.315293 6.29144 0.222903 0.319197 6.29272 0.22 0 0 0 0 -0 0
0.315293 6.29144 0.222919 0.319197 6.29272 0.22 0 0 0 0 -0 0
0.315293 6.29144 0.222919 0.319197 6.29272 0.22 0 0 0 0 -0 0
0.315293 6.29144 0.222937 0.319197 6.29272 0.22 0 0 0 0 -0 0
0.315293 6.29144 0.222945 0.319197 6.29272 0.22 0 0 0 0 -0 0
0.315293 6.29144 0.222958 0.319197 6.29272 0.22 0 0 0 0 -0 0
0.315293 6.29144 0.222939 0.319197 6.29272 0.22 0 0 0 0 -0 0
0.315293 6.29144 0.222944 0.319197 6.29272 0.22 0 0 0 0 -0 0
0.315293 6.29144 0.222955 0.319197 6.29272 0.22 0 0 0 0 -0 0
0.315293 6.29144 0.222951 0.319197 6.29272 0.22 0 0 0 0 0 0
0.315293 6.29144 0.222966 0.319197 6.29272 0.22 0 0 0 0 0 0
0.315293 6.29144 0.222975 0.319197 6.29272 0.22 0 0 0 0 0 0
0.315293 6.29144 0.222967 0.319197 6.29272 0.22 0 0 0 0 0 0
0.315293 6.29144 0.222986 0.319197 6.29272 0.22 0 0 0 0 0 0
0.315293 6.29144 0.222984 0.319197 6.29272 0.22 0 0 0 0 0 0
0.315293 6.29144 0.223014 0.319197 6.29272 0.22 0 0 0 0 0 0
0.315293 6.29144 0.223001 0.319197 6.29272 0.22 0 0 0 0 0 0
0.315293 6.29144 0.223021 0.319197 6.29272 0.22 0 0 0 0 0 0
0.315293 6.29144 0.223012 0.319197 6.29272 0.22 0 0 0 0 0 0
0.315293 6.29144 0.223037 0.319197 6.29272 0.22 0 0 0 0 0 0
0.315293 6.29144 0.22304 0.319197 6.29272 0.22 0 0 0 0 0 0
0.315293 6.29144 0.22305 0.319197 6.29272 0.22 0 0 0 0 0 0
0.315293 6.29144 0.223027 0.319197 6.29272 0.22 0 0 0 0 0 0
0.315293 6.29144 0.22307 0.319197 6.29272 0.22 0 0 0 0 0 0
0.315293 6.29144 0.223108 0.319197 6.29272 0.22 0 0 0 0 0 0
0.315293 6.29144 0.223111 0.319197 6.29272 0.22 0 0 0 0 0 0
0.315293 6.29144 0.223127 0.319197 6.29272 0.22 0 0 0 0 0 0
0.315293 6.29144 0.223139 0.319197 6.29272 0.22 0 0 0 0 0 0
0.315293 6.29144 0.223153 0.319197 6.29272 0.22 0 0 0 0 0 0
0.315293 6.29144 0.223129 0.319197 6.29272 0.22 0 0 0 0 0 0
0.315293 6.29144 0.223159 0.319197 6.29272 0.22 0 0 0 0 0 0
0.315293 6.29144 0.22316 0.319197 6.29272 0.22 0 0 0 0 0 0
0.315293 6.29144 0.223152 0.319197 6.29272 0.22 0 0 0 0 0 0
0.315293 6.29144 0.22316 0.319197 6.29272 0.22 0 0 0 0 0 0
0.315293 6.29144 0.223152 0.319197 6.29272 0.22 0 0 0 0 0 0
0.315293 6.29144 0.223158 0.319197 6.29272 0.22 0 0 0 0 0 0
0.315293 6.29144 0.223173 0.319197 6.29272 0.22 0 0 0 0 0 0
0.315293 6.29144 0.223194 0.319197 6.29272 0.22 0 0 0 0 0 0
0.315293 6.29144 0.223186 0.319197 6.29272 0.22 0 0 0 0 0 0
0.315293 6.29144 0.223173 0.319197 6.29272 0.22 0 0 0 0 0 0
0.315293 6.29144 0.223147 0.319197 6.29272 0.22 0 0 0 0 0 0
0.315293 6.29144 0.223123 0.319197 6.29272 0.22 0 0 0 0 0 0
0.315293 6.29144 0.223093 0.319197 6.29272 0.22 0 0 0 0 0 0
0.315293 6.29144 0.223059 0.319197 6.29272 0.22 0 0 0 0 0 0
0.315293 6.29144 0.223052 0.319197 6.29272 0.22 0 0 0 0 0 0
0.315293 6.29144 0.223043 0.319197 6.29272 0.22 0 0 0 0 0 0
0.315293 6.29144 0.223053 0.319197 6.29272 0.22 0 0 0 0 0 0
0.315293 6.29144 0.223061 0.319197 6.29272 0.22 0 0 0 0 0 0
0.315293 6.29144 0.223095 0.319197 6.29272 0.22 0 0 0 0 0 0
0.315293 6.29144 0.223131 0.319197 6.29272 0.22 0 0 0 0 0 0
0.315293 6.29144