-0.217509 -0.215841 -0.220483 -0.219069 -0.215863 -0.217497
-0.217492 -0.215825 -0.220543 -0.21913 -0.215808 -0.217514
-0.217492 -0.215841 -0.220556 -0.219069 -0.215863 -0.217514
-0.217546 -0.215841 -0.220483 -0.219069 -0.215808 -0.217497
-0.217509 -0.215841 -0.220495 -0.21913 -0.215808 -0.217514
-0.217492 -0.215841 -0.220543 -0.219069 -0.215808 -0.217514
-0.217563 -0.215825 -0.220483 -0.21913 -0.215792 -0.217514
-0.217509 -0.215786 -0.220483 -0.219057 -0.215808 -0.217497
-0.217509 -0.215841 -0.220543 -0.219069 -0.215792 -0.217497
-0.217509 -0.215896 -0.220483 -0.219081 -0.215808 -0.217514
-0.217455 -0.215841 -0.220483 -0.219008 -0.215863 -0.217514
-0.217492 -0.215841 -0.220495 -0.21913 -0.215863 -0.217497
-0.217509 -0.215825 -0.22047 -0.219057 -0.215808 -0.217514
-0.217563 -0.215841 -0.220483 -0.219057 -0.215808 -0.217497
-0.217509 -0.215825 -0.220495 -0.219069 -0.215847 -0.217514
-0.217509 -0.215841 -0.220483 -0.219081 -0.215808 -0.217497
-0.217492 -0.215841 -0.220543 -0.219069 -0.215863 -0.217514
-0.217455 -0.215841 -0.220495 -0.219008 -0.215863 -0.217514
-0.217492 -0.215896 -0.220495 -0.219069 -0.215847 -0.217497
-0.217509 -0.215841 -0.220483 -0.219081 -0.215808 -0.217514
-0.217546 -0.215825 -0.220543 -0.219008 -0.215808 -0.217497
-0.217563 -0.215825 -0.220483 -0.219069 -0.215808 -0.217497
-0.217509 -0.215841 -0.220483 -0.219057 -0.215863 -0.217497
-0.217563 -0.215825 -0.220483 -0.219008 -0.215863 -0.217514
-0.217438 -0.215841 -0.220483 -0.219069 -0.215863 -0.217514
-0.217492 -0.215841 -0.220543 -0.219069 -0.215863 -0.217514
-0.217492 -0.21588 -0.220483 -0.219069 -0.215808 -0.217514
-0.217509 -0.215841 -0.220543 -0.219069 -0.215863 -0.217497
-0.217509 -0.215841 -0.220483 -0.219069 -0.215863 -0.217497
-0.217509 -0.215841 -0.220483 -0.219057 -0.215847 -0.217514
-0.217509 -0.215841 -0.220483 -0.21913 -0.215863 -0.217497
-0.217546 -0.215841 -0.220483 -0.219057 -0.215863 -0.217497
-0.217492 -0.215896 -0.220422 -0.219069 -0.215808 -0.217497
-0.217509 -0.21588 -0.220495 -0.219069 -0.215863 -0.217497
-0.217438 -0.215825 -0.220483 -0.219118 -0.215847 -0.217497
-0.217455 -0.215825 -0.220483 -0.219069 -0.215863 -0.217497
-0.217509 -0.215841 -0.220495 -0.219069 -0.215808 -0.217514
-0.217509 -0.215841 -0.220483 -0.218995 -0.215863 -0.217514
-0.217546 -0.215841 -0.220483 -0.21913 -0.215808 -0.217497
-0.217492 -0.215841 -0.220531 -0.219057 -0.215792 -0.21746
-0.217455 -0.215825 -0.220495 -0.219069 -0.215808 -0.217514
-0.217492 -0.215841 -0.220483 -0.218995 -0.215808 -0.217497
-0.217492 -0.215825 -0.220483 -0.219008 -0.215808 -0.217497
-0.217509 -0.215841 -0.220495 -0.219008 -0.21588 -0.217497
-0.217438 -0.215841 -0.220495 -0.219069 -0.215808 -0.217514
-0.217492 -0.215841 -0.220483 -0.219057 -0.215808 -0.217497
-0.217509 -0.215825 -0.220483 -0.219081 -0.215825 -0.217514
-0.217455 -0.215896 -0.220495 -0.219069 -0.215863 -0.217514
-0.217509 -0.215841 -0.220483 -0.219081 -0.215808 -0.217568
-0.217492 -0.215841 -0.22047 -0.219069 -0.215808 -0.217514
-0.217546 -0.21588 -0.220483 -0.219057 -0.215847 -0.217497
-0.217563 -0.215896 -0.220543 -0.219118 -0.215808 -0.217497
-0.217492 -0.215825 -0.220483 -0.219069 -0.215863 -0.217568
-0.217455 -0.215841 -0.220483 -0.219057 -0.215808 -0.217514
-0.217492 -0.215841 -0.220495 -0.219069 -0.215808 -0.217497
-0.217509 -0.215786 -0.220495 -0.219081 -0.215808 -0.217514
-0.217492 -0.215825 -0.220483 -0.219069 -0.215863 -0.217497
-0.217438 -0.215841 -0.220483 -0.219069 -0.215863 -0.217514
-0.217438 -0.215841 -0.220483 -0.219057 -0.215792 -0.217497
-0.217546 -0.215896 -0.220495 -0.219069 -0.215808 -0.217497
-0.217492 -0.215841 -0.220435 -0.21913 -0.215808 -0.217497
-0.217438 -0.215841 -0.220483 -0.219118 -0.215808 -0.217514
-0.217492 -0.215841 -0.220483 -0.21913 -0.215808 -0.217514
-0.217509 -0.215825 -0.220483 -0.219069 -0.215847 -0.217514
-0.217546 -0.215825 -0.220543 -0.219069 -0.215863 -0.217514
-0.217438 -0.215825 -0.220495 -0.219057 -0.215808 -0.217514
-0.217546 -0.215841 -0.220483 -0.219081 -0.215808 -0.217551
-0.217492 -0.215825 -0.220483 -0.21913 -0.215863 -0.217514
-0.217492 -0.215825 -0.220495 -0.219057 -0.215808 -0.217514
-0.217563 -0.215841 -0.220483 -0.219057 -0.215863 -0.217497
-0.217563 -0.21588 -0.220495 -0.219069 -0.215863 -0.217514
-0.217509 -0.215841 -0.22047 -0.21913 -0.215863 -0.217497
-0.217546 -0.215841 -0.220435 -0.219057 -0.215863 -0.217497
-0.217492 -0.215896 -0.220483 -0.219081 -0.215808 -0.217497
-0.217455 -0.215841 -0.220543 -0.219069 -0.215863 -0.217497
-0.217509 -0.21588 -0.220543 -0.219057 -0.215863 -0.217514
-0.217492 -0.215841 -0.220483 -0.219057 -0.215808 -0.217497
-0.217546 -0.215896 -0.220483 -0.219008 -0.215863 -0.217514
-0.217546 -0.215825 -0.220495 -0.219057 -0.215863 -0.217514
-0.217438 -0.215841 -0.220483 -0.21913 -0.215792 -0.217497
-0.217546 -0.215825 -0.220483 -0.219069 -0.215808 -0.217497
-0.217492 -0.21588 -0.220495 -0.219069 -0.215863 -0.217497
-0.217492 -0.21577 -0.220543 -0.219069 -0.215825 -0.217497
-0.217509 -0.215896 -0.220483 -0.219069 -0.215847 -0.217514
-0.217492 -0.215841 -0.220483 -0.219069 -0.215863 -0.217497
-0.217492 -0.215841 -0.220483 -0.219069 -0.215863 -0.217514
-0.217546 -0.215841 -0.220483 -0.219081 -0.215863 -0.217497
-0.217509 -0.215841 -0.220483 -0.219069 -0.215847 -0.217497
-0.217492 -0.215825 -0.220483 -0.219069 -0.215792 -0.217497
-0.217546 -0.215896 -0.220483 -0.219057 -0.215808 -0.21746
-0.217509 -0.215825 -0.220495 -0.219069 -0.215792 -0.217497
-0.217455 -0.215841 -0.220483 -0.219069 -0.215808 -0.217497
-0.217509 -0.215841 -0.220556 -0.21913 -0.215863 -0.217497
-0.217492 -0.215841 -0.220483 -0.219118 -0.215792 -0.217497
-0.217492 -0.215841 -0.220483 -0.219069 -0.215808 -0.217514
-0.217492 -0.215841 -0.220483 -0.219008 -0.215863 -0.217497
-0.217492 -0.215841 -0.220543 -0.219069 -0.215792 -0.217514
-0.217546 -0.215841 -0.220483 -0.219069 -0.215808 -0.217514
-0.217492 -0.215841 -0.220495 -0.219069 -0.21588 -0.217514
-0.217455 -0.215841 -0.220483 -0.219069 -0.215808 -0.217551
-0.217509 -0.215841 -0.220483 -0.219057 -0.215863 -0.217497
-0.217492 -0.21588 -0.220483 -0.219069 -0.215808 -0.217497
-0.217509 -0.215825 -0.22047 -0.219057 -0.215808 -0.217497
-0.217509 -0.215841 -0.220483 -0.219057 -0.21588 -0.217514
-0.217509 -0.215825 -0.220483 -0.219069 -0.215847 -0.217514
-0.217492 -0.215896 -0.220483 -0.219069 -0.215808 -0.217497
-0.217492 -0.215825 -0.220495 -0.219069 -0.215863 -0.217497
-0.217509 -0.215841 -0.220483 -0.219069 -0.215808 -0.217443
-0.217438 -0.215841 -0.220483 -0.219069 -0.215847 -0.217514
-0.217492 -0.21588 -0.220483 -0.218995 -0.215792 -0.217497
-0.217455 -0.215825 -0.220495 -0.219057 -0.215808 -0.217568
-0.217492 -0.215825 -0.220495 -0.219069 -0.215863 -0.217514
-0.217509 -0.215825 -0.22047 -0.21913 -0.215808 -0.217497
-0.217438 -0.215841 -0.220483 -0.219081 -0.215863 -0.217514
-0.217492 -0.215825 -0.220483 -0.219069 -0.215808 -0.217514
-0.217509 -0.215841 -0.220483 -0.219069 -0.215808 -0.217514
-0.217492 -0.215841 -0.220543 -0.219069 -0.215808 -0.217514
-0.217492 -0.215825 -0.220483 -0.21913 -0.215863 -0.217514
-0.217509 -0.215825 -0.220483 -0.219069 -0.215825 -0.217497
-0.217509 -0.215825 -0.220483 -0.219081 -0.215863 -0.217514
-0.217509 -0.21588 -0.220483 -0.219057 -0.215825 -0.217497
-0.217509 -0.215841 -0.220483 -0.219069 -0.215863 -0.217497
-0.217492 -0.215825 -0.220483 -0.219057 -0.215863 -0.217514
-0.217455 -0.215841 -0.220422 -0.219008 -0.215808 -0.217497
-0.217492 -0.215825 -0.220495 -0.219069 -0.215825 -0.217514
-0.217509 -0.215896 -0.220483 -0.219069 -0.215792 -0.217497
-0.217509 -0.215841 -0.220495 -0.219069 -0.215863 -0.217497
-0.217509 -0.215841 -0.220495 -0.219069 -0.215863 -0.217514
-0.217546 -0.215896 -0.220495 -0.219069 -0.215792 -0.217497
-0.217492 -0.215841 -0.220483 -0.219057 -0.215863 -0.217497
-0.217509 -0.215841 -0.220483 -0.219069 -0.215808 -0.217497
-0.217492 -0.215841 -0.22047 -0.219069 -0.215863 -0.217497
-0.217492 -0.215825 -0.220483 -0.21913 -0.215792 -0.217497
-0.217492 -0.215841 -0.220543 -0.219069 -0.215808 -0.217497
-0.217509 -0.215841 -0.220483 -0.219057 -0.215808 -0.217497
-0.217492 -0.215825 -0.220495 -0.219081 -0.215808 -0.217497
-0.217492 -0.215841 -0.220483 -0.21913 -0.215808 -0.217514
-0.217455 -0.215896 -0.220483 -0.219069 -0.215808 -0.217514
-0.217563 -0.215825 -0.220483 -0.219057 -0.215792 -0.217514
-0.217509 -0.215825 -0.220483 -0.219057 -0.215808 -0.217514
-0.217509 -0.21588 -0.220483 -0.219069 -0.215808 -0.217497
-0.217492 -0.215841 -0.220543 -0.219057 -0.215808 -0.217514
-0.217509 -0.21588 -0.220483 -0.219069 -0.215808 -0.217514
-0.217492 -0.215825 -0.220483 -0.21913 -0.215808 -0.217514
-0.217509 -0.215841 -0.220483 -0.219057 -0.215808 -0.217497
-0.217563 -0.215825 -0.22047 -0.219069 -0.215863 -0.217497
-0.217546 -0.215841 -0.220495 -0.219069 -0.215808 -0.217514
-0.217438 -0.215896 -0.220495 -0.219069 -0.215863 -0.217514
-0.217509 -0.215825 -0.220483 -0.219118 -0.215808 -0.217497
-0.217492 -0.215825 -0.220483 -0.219057 -0.215808 -0.217443
-0.217438 -0.215825 -0.220483 -0.219069 -0.21588 -0.217514
-0.217492 -0.215841 -0.220483 -0.218995 -0.215808 -0.217514
-0.217509 -0.215841 -0.220483 -0.219069 -0.215847 -0.217514
-0.217492 -0.215841 -0.220483 -0.219008 -0.215792 -0.217497
-0.217492 -0.215841 -0.220483 -0.219069 -0.215808 -0.217497
-0.217509 -0.215841 -0.220495 -0.219069 -0.215792 -0.217497
-0.217492 -0.215841 -0.220483 -0.21902 -0.215863 -0.217514
-0.217509 -0.215841 -0.220543 -0.219069 -0.215825 -0.217497
-0.217509 -0.215841 -0.220531 -0.219069 -0.215808 -0.217497
-0.217546 -0.215896 -0.220495 -0.219069 -0.215808 -0.217514
-0.217509 -0.215825 -0.22047 -0.219081 -0.215847 -0.217514
-0.217492 -0.215841 -0.220483 -0.219069 -0.215808 -0.217514
-0.217563 -0.215841 -0.220483 -0.219069 -0.215847 -0.217497
-0.217492 -0.215841 -0.220483 -0.219069 -0.215808 -0.217514
-0.217492 -0.21588 -0.220483 -0.219069 -0.215863 -0.217497
-0.217509 -0.215841 -0.220531 -0.219069 -0.215825 -0.217497
-0.217492 -0.215841 -0.220483 -0.219057 -0.215808 -0.217497
-0.217492 -0.215825 -0.22047 -0.219069 -0.215808 -0.217497
-0.217509 -0.215825 -0.22047 -0.219008 -0.215863 -0.217443
-0.217509 -0.215841 -0.220483 -0.219081 -0.215808 -0.217497
-0.217492 -0.215896 -0.22047 -0.219069 -0.215863 -0.217514
-0.217617 -0.215841 -0.220898 -0.219461 -0.215737 -0.217534
-0.21783 -0.215913 -0.222756 -0.220845 -0.215182 -0.217768
-0.218057 -0.21611 -0.224481 -0.221397 -0.214637 -0.218018
-0.218498 -0.216407 -0.22515 -0.221997 -0.214455 -0.218124
-0.218995 -0.216714 -0.225585 -0.222061 -0.214471 -0.218088
-0.219528 -0.216932 -0.226203 -0.222175 -0.214708 -0.218087
-0.21999 -0.217205 -0.226494 -0.222311 -0.215072 -0.218122
-0.220593 -0.217588 -0.226581 -0.222582 -0.21527 -0.218138
-0.221141 -0.217995 -0.22674 -0.222951 -0.215523 -0.218243
-0.221546 -0.218329 -0.227177 -0.223234 -0.215753 -0.218331
-0.221971 -0.218648 -0.227668 -0.223382 -0.215934 -0.218348
-0.222448 -0.21868 -0.228224 -0.223443 -0.216099 -0.2184
-0.222819 -0.218744 -0.22852 -0.223505 -0.216263 -0.21831
-0.223172 -0.21888 -0.228739 -0.22359 -0.216427 -0.21829
-0.223366 -0.218928 -0.228739 -0.223627 -0.216427 -0.218324
-0.223489 -0.218944 -0.228784 -0.223578 -0.216519 -0.218324
-0.223543 -0.219 -0.228902 -0.223602 -0.21659 -0.218358
-0.223613 -0.218976 -0.229165 -0.223676 -0.216699 -0.218375
-0.223701 -0.218952 -0.229473 -0.223614 -0.216862 -0.218375
-0.223701 -0.21884 -0.229615 -0.223614 -0.216954 -0.218321
-0.223684 -0.218784 -0.22957 -0.223564 -0.217079 -0.218375
-0.223737 -0.218672 -0.229701 -0.223614 -0.217188 -0.218392
-0.223737 -0.218657 -0.229642 -0.223552 -0.217242 -0.21846
-0.223701 -0.218672 -0.229701 -0.223626 -0.217401 -0.218548
-0.223684 -0.218641 -0.229774 -0.223564 -0.217597 -0.218653
-0.223684 -0.218569 -0.229905 -0.223638 -0.217736 -0.218724
-0.223613 -0.218426 -0.229933 -0.223638 -0.217878 -0.218812
-0.223613 -0.218338 -0.22996 -0.223638 -0.217966 -0.218917
-0.223613 -0.218251 -0.230005 -0.223576 -0.217929 -0.218988
-0.223596 -0.218251 -0.230092 -0.223576 -0.217983 -0.219114
-0.223543 -0.218219 -0.230019 -0.223626 -0.218017 -0.219131
-0.223489 -0.218147 -0.230033 -0.223638 -0.218034 -0.219148
-0.223472 -0.218147 -0.230047 -0.223638 -0.218122 -0.219236
-0.223436 -0.218147 -0.230047 -0.223638 -0.21821 -0.219269
-0.223366 -0.218187 -0.230105 -0.223638 -0.21821 -0.219286
-0.223383 -0.218131 -0.230047 -0.223588 -0.218281 -0.219374
-0.223419 -0.218131 -0.230047 -0.223638 -0.218298 -0.21932
-0.223436 -0.218131 -0.230047 -0.223638 -0.218352 -0.219374
-0.223419 -0.218131 -0.230119 -0.22365 -0.218335 -0.21932
-0.223472 -0.218131 -0.230105 -0.22365 -0.218335 -0.219337
-0.223543 -0.218147 -0.230164 -0.223662 -0.218264 -0.219337
-0.223525 -0.218163 -0.230178 -0.22365 -0.218318 -0.21932
-0.223543 -0.218163 -0.230105 -0.22365 -0.218247 -0.219266
-0.223543 -0.218235 -0.230105 -0.22365 -0.218247 -0.219266
-0.223543 -0.218179 -0.230092 -0.223662 -0.218176 -0.219266
-0.22356 -0.218179 -0.230164 -0.223662 -0.218247 -0.219266
-0.223543 -0.218179 -0.230164 -0.223662 -0.21823 -0.219228
-0.223578 -0.218179 -0.230105 -0.223662 -0.218159 -0.219266
-0.22356 -0.218195 -0.230092 -0.223674 -0.218213 -0.219212
-0.223596 -0.218179 -0.230092 -0.223662 -0.218213 -0.219266
-0.223543 -0.218235 -0.230105 -0.223662 -0.218159 -0.219266
-0.223543 -0.218251 -0.230092 -0.223674 -0.218159 -0.219266
-0.223525 -0.218251 -0.23015 -0.223674 -0.21823 -0.219266
-0.223613 -0.218179 -0.230164 -0.223662 -0.21823 -0.219212
-0.223596 -0.218179 -0.23015 -0.223674 -0.218176 -0.21932
-0.223543 -0.218123 -0.230105 -0.223674 -0.21823 -0.219337
-0.223543 -0.218179 -0.230105 -0.223674 -0.218284 -0.219283
-0.223525 -0.218179 -0.230105 -0.223674 -0.218193 -0.219337
-0.223543 -0.218179 -0.230105 -0.223674 -0.218247 -0.219283
-0.223543 -0.218179 -0.230105 -0.223662 -0.218247 -0.219337
-0.223525 -0.218219 -0.230164 -0.223662 -0.218301 -0.219337
-0.223543 -0.218179 -0.23015 -0.223662 -0.218247 -0.219337
-0.223543 -0.218219 -0.23015 -0.223662 -0.218247 -0.219337
-0.223596 -0.218179 -0.230164 -0.223674 -0.218264 -0.219283
-0.223578 -0.218179 -0.23015 -0.223674 -0.218247 -0.219266
-0.223543 -0.218163 -0.230164 -0.223674 -0.218301 -0.219283
-0.223525 -0.218179 -0.230164 -0.223662 -0.218301 -0.219283
-0.223596 -0.218235 -0.230223 -0.223724 -0.218301 -0.219337
-0.223596 -0.218179 -0.230105 -0.223674 -0.21823 -0.219337
-0.223596 -0.218107 -0.23015 -0.2236 -0.218247 -0.219283
-0.223578 -0.218179 -0.230164 -0.223736 -0.218176 -0.219266
-0.223596 -0.218123 -0.230164 -0.223724 -0.218264 -0.219228
-0.223596 -0.218235 -0.230164 -0.223674 -0.218247 -0.219283
-0.223543 -0.218179 -0.230164 -0.223674 -0.218284 -0.219283
-0.223543 -0.218179 -0.230164 -0.223674 -0.21823 -0.219283
-0.223525 -0.218235 -0.230164 -0.223674 -0.218247 -0.219337
-0.223543 -0.218163 -0.230164 -0.223674 -0.21823 -0.21932
-0.223489 -0.218235 -0.230164 -0.223674 -0.21823 -0.219266
-0.223543 -0.218179 -0.230164 -0.223674 -0.218247 -0.219337
-0.223543 -0.218235 -0.230105 -0.223736 -0.218247 -0.219337
-0.223543 -0.218219 -0.230164 -0.223613 -0.218284 -0.21932
-0.223596 -0.218179 -0.230164 -0.223674 -0.218301 -0.219283
-0.223543 -0.218123 -0.230164 -0.223662 -0.218284 -0.219337
-0.223525 -0.218179 -0.230164 -0.223613 -0.21823 -0.219337
-0.223543 -0.218235 -0.230164 -0.223674 -0.218301 -0.21932
-0.223578 -0.218179 -0.230178 -0.223674 -0.218247 -0.219283
-0.223543 -0.218219 -0.230178 -0.223686 -0.218247 -0.219283
-0.223543 -0.218179 -0.230164 -0.223674 -0.218247 -0.219283
-0.223578 -0.218179 -0.230178 -0.223674 -0.218247 -0.219266
-0.223543 -0.218163 -0.230164 -0.223674 -0.218247 -0.219266
-0.223543 -0.218163 -0.230164 -0.223736 -0.218247 -0.219266
-0.223596 -0.218179 -0.230164 -0.223674 -0.218284 -0.219337
-0.223596 -0.218235 -0.230178 -0.223662 -0.218247 -0.219283
-0.223543 -0.218219 -0.230223 -0.223674 -0.218247 -0.219283
-0.223596 -0.218123 -0.230164 -0.223674 -0.218247 -0.219283
-0.223596 -0.218179 -0.230223 -0.223674 -0.218284 -0.21932
-0.223543 -0.218179 -0.230178 -0.223686 -0.218193 -0.219283
-0.223543 -0.218163 -0.230164 -0.223662 -0.21823 -0.219266
-0.223543 -0.218179 -0.230178 -0.223613 -0.218247 -0.219337
-0.223543 -0.218123 -0.230178 -0.223686 -0.218247 -0.219337
-0.223543 -0.218179 -0.230178 -0.223674 -0.21823 -0.219283
-0.223596 -0.218219 -0.230178 -0.223736 -0.21823 -0.219266
-0.223596 -0.218163 -0.230178 -0.223662 -0.218301 -0.21932
-0.223543 -0.218163 -0.230178 -0.223724 -0.218247 -0.219283
-0.223543 -0.218219 -0.230178 -0.223724 -0.218264 -0.219266
-0.223543 -0.218147 -0.230178 -0.223662 -0.218247 -0.21932
-0.223543 -0.218147 -0.230119 -0.223662 -0.21823 -0.21932
-0.223543 -0.218147 -0.230119 -0.22365 -0.218247 -0.21932
-0.22356 -0.218147 -0.230178 -0.22365 -0.218301 -0.219266
-0.22356 -0.218147 -0.230178 -0.22365 -0.218193 -0.219266
-0.223489 -0.218131 -0.230178 -0.223712 -0.218247 -0.219266
-0.223507 -0.218131 -0.230178 -0.223588 -0.218247 -0.219249
-0.223507 -0.218187 -0.230178 -0.223638 -0.218247 -0.21932
-0.223507 -0.218187 -0.230119 -0.223638 -0.218247 -0.219249
-0.223507 -0.218131 -0.230119 -0.223626 -0.21821 -0.219303
-0.223507 -0.218131 -0.230192 -0.223626 -0.21821 -0.219303
-0.223507 -0.21806 -0.230147 -0.223626 -0.218193 -0.219266
-0.223471 -0.218171 -0.230133 -0.223564 -0.218193 -0.219303
-0.223507 -0.218115 -0.230205 -0.223626 -0.218264 -0.219249
-0.223454 -0.218115 -0.230133 -0.223626 -0.21821 -0.219249
-0.222783 -0.218442 -0.232326 -0.222564 -0.217519 -0.219571
-0.222237 -0.218785 -0.234838 -0.221672 -0.216561 -0.219858
-0.22208 -0.218506 -0.235276 -0.221142 -0.215944 -0.219479
-0.221727 -0.218816 -0.235862 -0.220287 -0.215392 -0.219208
-0.220704 -0.218935 -0.235945 -0.219613 -0.214735 -0.219262
-0.218868 -0.218848 -0.235869 -0.218595 -0.213132 -0.219262
-0.215917 -0.219015 -0.235602 -0.216523 -0.210645 -0.219371
-0.212044 -0.219015 -0.235425 -0.213335 -0.207035 -0.219354
-0.207157 -0.218984 -0.235261 -0.208448 -0.202183 -0.219249
-0.20103 -0.218697 -0.234965 -0.202151 -0.195949 -0.219056
-0.193684 -0.218458 -0.234655 -0.194673 -0.188763 -0.218809
-0.185385 -0.218227 -0.234146 -0.186275 -0.180468 -0.218579
-0.176401 -0.218195 -0.233703 -0.177095 -0.171415 -0.218511
-0.166733 -0.218092 -0.233498 -0.167234 -0.161587 -0.218426
-0.156617 -0.218036 -0.233353 -0.157221 -0.151396 -0.218304
-0.146454 -0.218036 -0.23334 -0.147743 -0.141044 -0.218219
-0.136234 -0.21798 -0.233313 -0.139041 -0.130899 -0.218023
-0.126438 -0.21798 -0.233373 -0.131206 -0.121212 -0.217969
-0.117191 -0.218012 -0.233432 -0.124549 -0.112073 -0.217932
-0.108715 -0.21806 -0.23365 -0.118678 -0.103729 -0.217966
-0.10099 -0.218091 -0.233901 -0.11375 -0.0962818 -0.218108
-0.0948917 -0.218139 -0.234224 -0.109632 -0.0901583 -0.218088
-0.0906364 -0.21817 -0.234605 -0.106373 -0.0856149 -0.218105
-0.0882612 -0.218154 -0.235027 -0.10362 -0.0828271 -0.218085
-0.0876902 -0.218154 -0.23518 -0.101882 -0.0814737 -0.218081
-0.0883047 -0.218282 -0.235361 -0.101289 -0.0819474 -0.218152
-0.0904715 -0.218354 -0.235447 -0.10213 -0.083758 -0.218423
-0.0940994 -0.21849 -0.235559 -0.104393 -0.0869572 -0.218568
-0.0989279 -0.218586 -0.235712 -0.107822 -0.0916764 -0.218662
-0.104889 -0.218538 -0.235831 -0.112467 -0.0975897 -0.218611
-0.111843 -0.218442 -0.235824 -0.118414 -0.104576 -0.218505
-0.119408 -0.218449 -0.235851 -0.125157 -0.112377 -0.218454
-0.127319 -0.218417 -0.235804 -0.132727 -0.12081 -0.218333
-0.135524 -0.218583 -0.235518 -0.140952 -0.129485 -0.218265
-0.143899 -0.218606 -0.235339 -0.149329 -0.13799 -0.218196
-0.152063 -0.218525 -0.234978 -0.157155 -0.146293 -0.218108
-0.160013 -0.218306 -0.234604 -0.164937 -0.154356 -0.21795
-0.169438 -0.216718 -0.231124 -0.177919 -0.164405 -0.216271
-0.180332 -0.215632 -0.227518 -0.193127 -0.176039 -0.214998
-0.190246 -0.214456 -0.225088 -0.208483 -0.187385 -0.214289
-0.199531 -0.212472 -0.222605 -0.218889 -0.19786 -0.212944
-0.20742 -0.210737 -0.219563 -0.219753 -0.207288 -0.210547
-0.210681 -0.209038 -0.216072 -0.219096 -0.206036 -0.208497
-0.211426 -0.204508 -0.212744 -0.217486 -0.205942 -0.205742
-0.211917 -0.200262 -0.210833 -0.21344 -0.206758 -0.201293
-0.212208 -0.195389 -0.208349 -0.211577 -0.208192 -0.195248
-0.21179 -0.190529 -0.204136 -0.209917 -0.208274 -0.189979
-0.21246 -0.184874 -0.197559 -0.20751 -0.208394 -0.184446
-0.214265 -0.178213 -0.189543 -0.20716 -0.208462 -0.177735
-0.215144 -0.170536 -0.180853 -0.207264 -0.208942 -0.169687
-0.215455 -0.161738 -0.171713 -0.208099 -0.209757 -0.161052
-0.2159 -0.152247 -0.162487 -0.208973 -0.210744 -0.151785
-0.216804 -0.142384 -0.153209 -0.209829 -0.211974 -0.142168
-0.217838 -0.132466 -0.144633 -0.211303 -0.213435 -0.132037
-0.218877 -0.122832 -0.136743 -0.213193 -0.214907 -0.122161
-0.220087 -0.113812 -0.129633 -0.214657 -0.216226 -0.112969
-0.221621 -0.105324 -0.123264 -0.216466 -0.217511 -0.104481
-0.223018 -0.0978312 -0.117978 -0.218164 -0.218819 -0.0971701
-0.22436 -0.0916422 -0.113615 -0.219835 -0.220208 -0.0908382
-0.225745 -0.0872061 -0.110052 -0.221756 -0.221565 -0.08606
-0.226448 -0.0844828 -0.107357 -0.223686 -0.222779 -0.0833355
-0.227072 -0.0832064 -0.106365 -0.225551 -0.224054 -0.0824268
-0.227819 -0.0834557 -0.106582 -0.227152 -0.225075 -0.0828308
-0.228625 -0.0849304 -0.107935 -0.228261 -0.225786 -0.0845725
-0.229662 -0.0877838 -0.110906 -0.229264 -0.226362 -0.0878167
-0.230548 -0.0923685 -0.115229 -0.230039 -0.226999 -0.0922586
-0.231003 -0.0980523 -0.120617 -0.230762 -0.227473 -0.0979398
-0.231351 -0.105139 -0.127153 -0.231306 -0.228058 -0.104765
-0.231457 -0.113059 -0.134662 -0.231904 -0.228275 -0.113035
-0.23148 -0.121251 -0.14234 -0.232519 -0.22833 -0.121689
-0.231502 -0.129678 -0.150713 -0.232588 -0.22819 -0.130524
-0.231384 -0.138101 -0.159249 -0.232571 -0.228068 -0.139025
-0.231377 -0.146369 -0.167456 -0.2325 -0.227804 -0.147262
-0.231124 -0.154517 -0.175285 -0.232269 -0.227539 -0.155216
-0.229615 -0.164144 -0.186614 -0.228888 -0.225944 -0.164898
-0.228487 -0.175681 -0.200693 -0.226456 -0.224623 -0.176339
-0.227139 -0.187667 -0.21407 -0.22487 -0.223472 -0.18728
-0.225309 -0.198609 -0.225947 -0.222417 -0.221998 -0.197075
-0.222713 -0.20901 -0.232368 -0.219384 -0.219233 -0.206903
-0.220736 -0.210918 -0.232645 -0.215547 -0.216522 -0.213842
-0.21622 -0.209537 -0.229982 -0.211668 -0.212568 -0.211874
-0.212606 -0.210043 -0.227694 -0.208472 -0.207325 -0.21113
-0.207259 -0.209559 -0.224512 -0.206026 -0.202338 -0.211185
-0.201902 -0.208947 -0.223087 -0.201933 -0.196493 -0.211548
-0.195545 -0.208225 -0.222104 -0.196144 -0.19071 -0.210932
-0.188502 -0.208561 -0.221088 -0.18821 -0.184179 -0.211051
-0.180714 -0.208661 -0.221289 -0.179475 -0.176631 -0.210626
-0.171983 -0.208581 -0.221219 -0.170227 -0.167944 -0.210651
-0.162677 -0.208768 -0.221405 -0.160879 -0.15857 -0.210954
-0.152773 -0.209685 -0.221832 -0.1519 -0.148836 -0.211649
-0.14267 -0.211005 -0.222359 -0.143629 -0.138961 -0.21275
-0.132868 -0.212712 -0.223484 -0.135903 -0.129188 -0.214108
-0.123822 -0.214339 -0.224623 -0.129216 -0.120144 -0.215597
-0.115769 -0.216166 -0.225502 -0.123344 -0.111825 -0.217278
-0.108704 -0.217603 -0.226789 -0.118065 -0.104709 -0.218798
-0.102873 -0.218897 -0.22832 -0.113504 -0.0989525 -0.220121
-0.099135 -0.220044 -0.229926 -0.109547 -0.0948348 -0.221237
-0.0972225 -0.221097 -0.231441 -0.106712 -0.092015 -0.222168
-0.0968451 -0.221978 -0.232651 -0.105097 -0.0907159 -0.223125
-0.0975114 -0.223017 -0.233938 -0.104641 -0.0913356 -0.223915
-0.0991421 -0.223916 -0.234694 -0.105791 -0.0936609 -0.224689
-0.102067 -0.225062 -0.235233 -0.108244 -0.0970437 -0.225725
-0.106474 -0.225821 -0.235997 -0.112257 -0.101662 -0.226383
-0.112082 -0.226314 -0.236503 -0.117538 -0.107373 -0.226802
-0.119032 -0.226611 -0.236657 -0.123702 -0.114436 -0.227096
-0.12693 -0.226909 -0.237035 -0.130845 -0.12222 -0.227288
-0.135273 -0.226902 -0.237024 -0.138491 -0.130471 -0.227383
-0.143717 -0.226856 -0.236912 -0.146939 -0.139084 -0.227369
-0.152156 -0.226622 -0.236831 -0.155649 -0.147798 -0.227224
-0.160493 -0.226526 -0.236567 -0.164061 -0.156315 -0.226973
-0.168573 -0.226163 -0.235862 -0.172495 -0.164473 -0.226322
-0.17852 -0.22476 -0.232262 -0.185297 -0.174575 -0.224509
-0.189413 -0.223736 -0.228974 -0.199236 -0.185958 -0.223192
-0.199057 -0.222663 -0.226596 -0.213369 -0.196744 -0.221767
-0.207076 -0.220555 -0.224093 -0.225755 -0.206867 -0.219756
-0.213667 -0.21813 -0.221419 -0.225894 -0.209552 -0.216969
-0.214095 -0.213439 -0.218573 -0.223596 -0.208185 -0.213121
-0.214886 -0.209387 -0.215576 -0.222423 -0.208465 -0.210734
-0.214262 -0.205402 -0.21324 -0.220352 -0.208781 -0.206081
-0.214102 -0.201384 -0.209471 -0.219171 -0.208416 -0.201605
-0.214066 -0.196111 -0.203962 -0.217516 -0.208313 -0.196408
-0.214547 -0.190045 -0.196879 -0.216519 -0.207931 -0.190204
-0.2154 -0.1827 -0.188948 -0.216435 -0.208606 -0.182797
-0.21575 -0.174136 -0.180427 -0.21651 -0.209036 -0.174525
-0.216274 -0.16488 -0.171315 -0.216764 -0.210094 -0.165682
-0.217332 -0.1552 -0.162052 -0.216946 -0.211208 -0.156348
-0.218227 -0.145178 -0.152803 -0.217591 -0.212772 -0.146604
-0.219585 -0.135548 -0.144087 -0.21848 -0.214225 -0.136653
-0.22083 -0.12638 -0.13593 -0.219608 -0.215533 -0.127324
-0.222098 -0.118005 -0.128587 -0.22091 -0.216501 -0.118542
-0.223176 -0.110383 -0.12226 -0.222329 -0.217502 -0.11062
-0.224175 -0.103692 -0.116918 -0.22391 -0.218621 -0.103831
-0.225254 -0.098151 -0.112529 -0.225212 -0.219608 -0.0982793
-0.226074 -0.0939447 -0.109057 -0.22653 -0.220785 -0.0943176
-0.227027 -0.0912845 -0.107174 -0.22795 -0.221972 -0.0922916
-0.227642 -0.0902724 -0.106655 -0.22904 -0.223131 -0.0920353
-0.228271 -0.0909664 -0.106959 -0.230039 -0.224179 -0.0927912
-0.229265 -0.0931814 -0.108318 -0.230957 -0.224858 -0.0949564
-0.230096 -0.0966917 -0.111304 -0.231656 -0.225213 -0.0984762
-0.230608 -0.10169 -0.11578 -0.232216 -0.225638 -0.103332
-0.230786 -0.108034 -0.12159 -0.232727 -0.225934 -0.109383
-0.230787 -0.115154 -0.128482 -0.23313 -0.226363 -0.116579
-0.231016 -0.122835 -0.13631 -0.233366 -0.226688 -0.124861
-0.231158 -0.130863 -0.144761 -0.233415 -0.226942 -0.133525
-0.231281 -0.139443 -0.153341 -0.233385 -0.227069 -0.142103
-0.231158 -0.148138 -0.161679 -0.233307 -0.226886 -0.15066
-0.231104 -0.156791 -0.169887 -0.233189 -0.226783 -0.158942
-0.230385 -0.165494 -0.178738 -0.231812 -0.22591 -0.167321
-0.228734 -0.175916 -0.191741 -0.228592 -0.224503 -0.177317
-0.227695 -0.187199 -0.205803 -0.226781 -0.223374 -0.187848
-0.22639 -0.198056 -0.218676 -0.22459 -0.221864 -0.197427
-0.22441 -0.208237 -0.23054 -0.221714 -0.219899 -0.206297
-0.222118 -0.213162 -0.233519 -0.218457 -0.21727 -0.214543
-0.218602 -0.211205 -0.232111 -0.215199 -0.214061 -0.213372
-0.215067 -0.21154 -0.230239 -0.212391 -0.208564 -0.212164
-0.210487 -0.210856 -0.228362 -0.209266 -0.204372 -0.212134
-0.206078 -0.210265 -0.22641 -0.206028 -0.198917 -0.212156
-0.20032 -0.209374 -0.2253 -0.200612 -0.193847 -0.211289
-0.193713 -0.209436 -0.223994 -0.193697 -0.187779 -0.211123
-0.186114 -0.209677 -0.223689 -0.185865 -0.180883 -0.210921
-0.177693 -0.209487 -0.223739 -0.177156 -0.172616 -0.211039
-0.168402 -0.209595 -0.223719 -0.168014 -0.163571 -0.211101
-0.158647 -0.210251 -0.223888 -0.158741 -0.153959 -0.211667
-0.14861 -0.211417 -0.224038 -0.149815 -0.144065 -0.212413
-0.138839 -0.212956 -0.224721 -0.141507 -0.13407 -0.213432
-0.129463 -0.214418 -0.225837 -0.134091 -0.124297 -0.214699
-0.120969 -0.215882 -0.226785 -0.127711 -0.115279 -0.216185
-0.113471 -0.217252 -0.22783 -0.122052 -0.107256 -0.217594
-0.107009 -0.218638 -0.229032 -0.117065 -0.10047 -0.218715
-0.101911 -0.219638 -0.230527 -0.112768 -0.0952366 -0.219591
-0.0988441 -0.220571 -0.23214 -0.109121 -0.0915411 -0.220509
-0.0974389 -0.221376 -0.233288 -0.106743 -0.0893356 -0.221253
-0.0974191 -0.222034 -0.234515 -0.105541 -0.0889926 -0.221959
-0.0980729 -0.222953 -0.235388 -0.105658 -0.0903867 -0.22282
-0.0997903 -0.223967 -0.235683 -0.107374 -0.0932201 -0.223815
-0.103252 -0.224917 -0.236076 -0.110469 -0.0971855 -0.224578
-0.108176 -0.225726 -0.236634 -0.114949 -0.102456 -0.225045
-0.114409 -0.226314 -0.237297 -0.120474 -0.108816 -0.225467
-0.121857 -0.226466 -0.237658 -0.127115 -0.116359 -0.22561
-0.129999 -0.226722 -0.237681 -0.134125 -0.124306 -0.225639
-0.13824 -0.226814 -0.237734 -0.141843 -0.132787 -0.22571
-0.146628 -0.226679 -0.237596 -0.150504 -0.141643 -0.225695
-0.15482 -0.226631 -0.23735 -0.159169 -0.150258 -0.225637
-0.162871 -0.226692 -0.23712 -0.167365 -0.158525 -0.225467
-0.171111 -0.226169 -0.235982 -0.176519 -0.166875 -0.224687
-0.181201 -0.224876 -0.232023 -0.189551 -0.177533 -0.222913
-0.191575 -0.223953 -0.228918 -0.203114 -0.188886 -0.221608
-0.200396 -0.22269 -0.226261 -0.216406 -0.19942 -0.220095
-0.208073 -0.220545 -0.223847 -0.227793 -0.209148 -0.217612
-0.214505 -0.217962 -0.22145 -0.227994 -0.209567 -0.214492
-0.215029 -0.21391 -0.219268 -0.225967 -0.208268 -0.210967
-0.215576 -0.209521 -0.216387 -0.224911 -0.208412 -0.208486
-0.214839 -0.205404 -0.213662 -0.223038 -0.208115 -0.204117
-0.214922 -0.201104 -0.209774 -0.221943 -0.208055 -0.199287
-0.214561 -0.195419 -0.204169 -0.220611 -0.20821 -0.193796
-0.215245 -0.189115 -0.196874 -0.219441 -0.208199 -0.187193
-0.21583 -0.181509 -0.188851 -0.219615 -0.208447 -0.179707
-0.216249 -0.173052 -0.179877 -0.219802 -0.208954 -0.171341
-0.21671 -0.163906 -0.170526 -0.22025 -0.209445 -0.162375
-0.217526 -0.154226 -0.161035 -0.220621 -0.210653 -0.15283
-0.218603 -0.144549 -0.151965 -0.221521 -0.211966 -0.14314
-0.219852 -0.135003 -0.143456 -0.222371 -0.213499 -0.133225
-0.221262 -0.126055 -0.135588 -0.223017 -0.215103 -0.12379
-0.222789 -0.117863 -0.128609 -0.224066 -0.21642 -0.115038
-0.224236 -0.11036 -0.122554 -0.225301 -0.217876 -0.107182
-0.225294 -0.103832 -0.117321 -0.226768 -0.219239 -0.100734
-0.226199 -0.0985532 -0.112876 -0.228358 -0.220173 -0.0957247
-0.226917 -0.0946774 -0.109204 -0.229848 -0.221033 -0.0924945
-0.227457 -0.0922717 -0.107227 -0.231404 -0.221867 -0.0910064
-0.227888 -0.0912788 -0.106837 -0.232618 -0.222814 -0.0906827
-0.228208 -0.0917403 -0.107464 -0.233486 -0.223993 -0.0917522
-0.228994 -0.0937409 -0.109648 -0.234238 -0.224928 -0.0941278
-0.22974 -0.0971472 -0.113292 -0.234962 -0.225573 -0.0980024
-0.230431 -0.102228 -0.118075 -0.235468 -0.226201 -0.103173
-0.231017 -0.108562 -0.123732 -0.235942 -0.226489 -0.109323
-0.231333 -0.115866 -0.130704 -0.236457 -0.226854 -0.11637
-0.231351 -0.123838 -0.138248 -0.236702 -0.226974 -0.124367
-0.2313 -0.132222 -0.146506 -0.236972 -0.227251 -0.132856
-0.231302 -0.140885 -0.155041 -0.236993 -0.227251 -0.141606
-0.231409 -0.149676 -0.163449 -0.236905 -0.227251 -0.150146
-0.231251 -0.158047 -0.171531 -0.236837 -0.227196 -0.158368
-0.230495 -0.166758 -0.181167 -0.234931 -0.226297 -0.166778
-0.229086 -0.17707 -0.194806 -0.231531 -0.224955 -0.176996
-0.227925 -0.188358 -0.209234 -0.229527 -0.223667 -0.187866
-0.226888 -0.199205 -0.222204 -0.227427 -0.222126 -0.197588
-0.224455 -0.209099 -0.232943 -0.224762 -0.219891 -0.207056
-0.222703 -0.212397 -0.234639 -0.221647 -0.217263 -0.215646
-0.218902 -0.210688 -0.232497 -0.218053 -0.214142 -0.214853
-0.215666 -0.210928 -0.230497 -0.214903 -0.208531 -0.213715
-0.210696 -0.210495 -0.228097 -0.212178 -0.204388 -0.213715
-0.205942 -0.209828 -0.226501 -0.208758 -0.198814 -0.213902
-0.199983 -0.208761 -0.225639 -0.203278 -0.193712 -0.213028
-0.193265 -0.209 -0.224267 -0.196358 -0.187595 -0.212813
-0.185615 -0.209207 -0.224258 -0.188453 -0.180579 -0.212483
-0.177051 -0.209178 -0.224179 -0.179664 -0.172157 -0.212485
-0.167859 -0.209337 -0.224129 -0.170466 -0.162964 -0.212573
-0.158005 -0.209883 -0.224445 -0.161244 -0.153336 -0.212956
-0.147929 -0.210906 -0.224958 -0.152353 -0.14338 -0.213771
-0.137842 -0.212362 -0.225245 -0.143897 -0.133376 -0.214835
-0.12845 -0.21395 -0.225984 -0.136297 -0.123824 -0.216304
-0.119708 -0.215553 -0.227148 -0.129535 -0.114888 -0.217749
-0.112042 -0.216951 -0.228243 -0.123597 -0.10707 -0.219192
-0.105681 -0.218121 -0.229356 -0.118497 -0.100443 -0.220387
-0.101001 -0.219201 -0.230675 -0.114029 -0.0953152 -0.22131
-0.0982303 -0.220235 -0.231953 -0.110435 -0.0918603 -0.222025
-0.0970611 -0.221236 -0.233339 -0.108075 -0.0899277 -0.222604
-0.0971846 -0.222156 -0.234527 -0.106988 -0.0897918 -0.223118
-0.0980128 -0.223045 -0.23537 -0.107792 -0.0911353 -0.223811
-0.10013 -0.22397 -0.236037 -0.11002 -0.0938645 -0.224785
-0.104032 -0.224666 -0.236582 -0.113744 -0.097841 -0.225506
-0.109269 -0.225354 -0.237028 -0.118425 -0.103214 -0.226029
-0.115748 -0.225712 -0.237506 -0.124479 -0.109932 -0.226413
-0.123223 -0.225876 -0.23799 -0.131338 -0.117461 -0.226685
-0.131119 -0.225847 -0.238261 -0.138851 -0.125653 -0.226753
-0.139313 -0.225865 -0.238246 -0.14682 -0.134469 -0.226664
-0.147629 -0.225949 -0.238043 -0.15535 -0.14316 -0.226595
-0.155954 -0.225943 -0.23783 -0.163847 -0.151654 -0.22641
-0.164048 -0.225786 -0.237442 -0.171939 -0.159676 -0.226195
-0.172443 -0.224877 -0.235754 -0.181893 -0.168399 -0.22513
-0.182437 -0.223734 -0.231908 -0.195371 -0.179647 -0.223229
-0.191979 -0.222807 -0.229239 -0.2088 -0.190914 -0.222049
-0.200085 -0.221267 -0.226655 -0.222059 -0.201158 -0.220586
-0.207269 -0.219401 -0.224136 -0.226667 -0.209624 -0.218099
-0.213521 -0.21687 -0.221332 -0.224323 -0.209058 -0.215473
-0.215289 -0.213565 -0.218225 -0.223664 -0.207892 -0.212697
-0.215717 -0.208553 -0.215657 -0.22193 -0.208106 -0.209959
-0.215687 -0.204615 -0.213138 -0.219219 -0.208414 -0.205241
-0.215825 -0.199899 -0.209139 -0.218526 -0.208454 -0.199933
-0.21571 -0.194363 -0.203262 -0.216994 -0.208601 -0.194407
-0.216365 -0.18792 -0.195905 -0.216163 -0.208364 -0.187737
-0.217077 -0.180184 -0.187531 -0.216144 -0.208762 -0.180097
-0.217526 -0.171459 -0.178743 -0.216175 -0.209476 -0.171584
-0.217981 -0.162058 -0.169715 -0.216711 -0.210305 -0.162691
-0.218797 -0.152259 -0.160417 -0.216949 -0.211655 -0.153308
-0.219854 -0.142414 -0.151262 -0.217733 -0.213166 -0.143699
-0.221229 -0.132675 -0.1426 -0.218719 -0.214565 -0.133988
-0.222674 -0.123717 -0.134672 -0.219689 -0.215846 -0.12473
-0.223946 -0.115654 -0.127492 -0.221065 -0.216963 -0.116255
-0.224866 -0.108495 -0.121363 -0.222642 -0.217793 -0.108602
-0.225674 -0.102157 -0.116113 -0.223978 -0.219024 -0.102112
-0.226763 -0.0970321 -0.111852 -0.225664 -0.219874 -0.0969993
-0.227604 -0.0934191 -0.108789 -0.227223 -0.220948 -0.0935587
-0.22826 -0.0914566 -0.107308 -0.228617 -0.222102 -0.0919858
-0.22885 -0.0906161 -0.107133 -0.230002 -0.223107 -0.0917193
-0.229243 -0.0914426 -0.107719 -0.230935 -0.224167 -0.0928189
-0.229983 -0.093787 -0.109907 -0.231819 -0.224677 -0.0952019
-0.230861 -0.0974725 -0.113409 -0.2324 -0.225301 -0.0990324
-0.231667 -0.10258 -0.118224 -0.23312 -0.225757 -0.103981
-0.232069 -0.109089 -0.124313 -0.233616 -0.226227 -0.110123
-0.232173 -0.116394 -0.131504 -0.234251 -0.226521 -0.117496
-0.232101 -0.124443 -0.139217 -0.234864 -0.226632 -0.125938
-0.231922 -0.132733 -0.147688 -0.235084 -0.226695 -0.134836
-0.23195 -0.141338 -0.15627 -0.235202 -0.226727 -0.143541
-0.231843 -0.149954 -0.164698 -0.235223 -0.226646 -0.151992
-0.231826 -0.158222 -0.172713 -0.235181 -0.226407 -0.160066
-0.230962 -0.166728 -0.182135 -0.233587 -0.225563 -0.168459
-0.22945 -0.177515 -0.195713 -0.230236 -0.22406 -0.178742
-0.228365 -0.188455 -0.209318 -0.228494 -0.222844 -0.189296
-0.227091 -0.199065 -0.221528 -0.226416 -0.221278 -0.198682
-0.225 -0.208966 -0.232207 -0.223772 -0.219067 -0.207829
-0.22301 -0.212137 -0.233523 -0.22074 -0.216626 -0.216216
-0.218921 -0.210668 -0.231673 -0.217545 -0.213212 -0.215479
-0.215883 -0.210667 -0.229732 -0.214119 -0.207917 -0.214198
-0.210855 -0.210195 -0.227267 -0.211499 -0.203439 -0.214206
-0.205965 -0.209706 -0.225472 -0.207959 -0.198123 -0.214019
-0.199986 -0.20888 -0.224583 -0.202436 -0.192803 -0.21339
-0.193122 -0.209 -0.223208 -0.195293 -0.186507 -0.213394
-0.185431 -0.20898 -0.223217 -0.187067 -0.179324 -0.213036
-0.177047 -0.208911 -0.223295 -0.178219 -0.17108 -0.213014
-0.167905 -0.209079 -0.223345 -0.168932 -0.162045 -0.213104
-0.158103 -0.209705 -0.223643 -0.159641 -0.152305 -0.213442
-0.147916 -0.2106 -0.223901 -0.150659 -0.142176 -0.214231
-0.137914 -0.212149 -0.224465 -0.142369 -0.132111 -0.215519
-0.128422 -0.213807 -0.225285 -0.135017 -0.122569 -0.216782
-0.119817 -0.215364 -0.226321 -0.128541 -0.113795 -0.218181
-0.112239 -0.216693 -0.227534 -0.122671 -0.106033 -0.219668
-0.106008 -0.217852 -0.228845 -0.117725 -0.0995146 -0.220907
-0.101524 -0.218804 -0.230125 -0.11336 -0.0944297 -0.221693
-0.0989431 -0.219724 -0.2316 -0.109788 -0.0909128 -0.222408
-0.0978435 -0.220473 -0.233162 -0.107426 -0.0889979 -0.222737
-0.0980729 -0.220968 -0.234527 -0.106251 -0.0888825 -0.223115
-0.0988152 -0.221621 -0.235448 -0.106767 -0.0902562 -0.223576
-0.10077 -0.222444 -0.236233 -0.108716 -0.0930735 -0.224299
-0.104432 -0.222989 -0.236799 -0.112151 -0.0969197 -0.224935
-0.109621 -0.223661 -0.237111 -0.116767 -0.102101 -0.225414
-0.115722 -0.224262 -0.237597 -0.12261 -0.108623 -0.225895
-0.123074 -0.224496 -0.237983 -0.129341 -0.115952 -0.226191
-0.131139 -0.224646 -0.238154 -0.136748 -0.124041 -0.226394
-0.139394 -0.224518 -0.238246 -0.144607 -0.132773 -0.226305
-0.147748 -0.22445 -0.238256 -0.152979 -0.141698 -0.226146
-0.156054 -0.224407 -0.23806 -0.161413 -0.150308 -0.225735
-0.164179 -0.224484 -0.237705 -0.169486 -0.158394 -0.225408
-0.17266 -0.223663 -0.235897 -0.179617 -0.167072 -0.224272
-0.182849 -0.222526 -0.232136 -0.193261 -0.178283 -0.222594
-0.192751 -0.221838 -0.229573 -0.207111 -0.190052 -0.221597
-0.201175 -0.220466 -0.227077 -0.220463 -0.200864 -0.220151
-0.208286 -0.218674 -0.224699 -0.225651 -0.209507 -0.21826
-0.214454 -0.216132 -0.222162 -0.223393 -0.209029 -0.214644
-0.21657 -0.212854 -0.218756 -0.222558 -0.207799 -0.212688
-0.216951 -0.207788 -0.215982 -0.22109 -0.208248 -0.21004
-0.216944 -0.203959 -0.213822 -0.218238 -0.208464 -0.205873
-0.217441 -0.199308 -0.210054 -0.217518 -0.208465 -0.200922
-0.217392 -0.193954 -0.204332 -0.215901 -0.208725 -0.195427
-0.217909 -0.187599 -0.197146 -0.215033 -0.208497 -0.188758
-0.218715 -0.179968 -0.18891 -0.215155 -0.20886 -0.181142
-0.219168 -0.171459 -0.180239 -0.215078 -0.209485 -0.17249
-0.219603 -0.162233 -0.171096 -0.215627 -0.210336 -0.163359
-0.220527 -0.152626 -0.161752 -0.216115 -0.211533 -0.15379
-0.221497 -0.142803 -0.152513 -0.216713 -0.2131 -0.144044
-0.222871 -0.133338 -0.143715 -0.217817 -0.214324 -0.134176
-0.224261 -0.124449 -0.135835 -0.218694 -0.215581 -0.124765
-0.225506 -0.116347 -0.128577 -0.22007 -0.216906 -0.116248
-0.226623 -0.10898 -0.122293 -0.221636 -0.217776 -0.108487
-0.227385 -0.102587 -0.117068 -0.222904 -0.218835 -0.102043
-0.228185 -0.097115 -0.112625 -0.224511 -0.219739 -0.0966135
-0.229059 -0.0929133 -0.109182 -0.226233 -0.220885 -0.0929783
-0.229703 -0.0903527 -0.107415 -0.227569 -0.221824 -0.0911718
-0.230396 -0.0892619 -0.107112 -0.229024 -0.222731 -0.0907291
-0.230947 -0.0898648 -0.107525 -0.229951 -0.223705 -0.091524
-0.231581 -0.0919392 -0.109507 -0.230765 -0.224441 -0.0936722
-0.232421 -0.0951688 -0.112854 -0.23144 -0.225137 -0.0973333
-0.2334 -0.100057 -0.11741 -0.231915 -0.225631 -0.102195
-0.233833 -0.106191 -0.123144 -0.232454 -0.225922 -0.108104
-0.234006 -0.113327 -0.12994 -0.233128 -0.2263 -0.115244
-0.233862 -0.121151 -0.137421 -0.233597 -0.226401 -0.123504
-0.233557 -0.129397 -0.145628 -0.233821 -0.226455 -0.132148
-0.233426 -0.137844 -0.154348 -0.233933 -0.226512 -0.140871
-0.233388 -0.146299 -0.162836 -0.233911 -0.226437 -0.149351
-0.233247 -0.154677 -0.171129 -0.2338 -0.226348 -0.157627
-0.232627 -0.163169 -0.180111 -0.232505 -0.225677 -0.165829
-0.231062 -0.173477 -0.192967 -0.228926 -0.224208 -0.175679
-0.229959 -0.184782 -0.207354 -0.226932 -0.222801 -0.186198
-0.228667 -0.195712 -0.220162 -0.224999 -0.221192 -0.195597
-0.226673 -0.20574 -0.23205 -0.222456 -0.219195 -0.204655
-0.224566 -0.21056 -0.234388 -0.219299 -0.216667 -0.213032
-0.220987 -0.208432 -0.232847 -0.215993 -0.213631 -0.212088
-0.217847 -0.208388 -0.230764 -0.212358 -0.208678 -0.210591
-0.213281 -0.20784 -0.228848 -0.209664 -0.204463 -0.210409
-0.208353 -0.20719 -0.226819 -0.206474 -0.1993 -0.210532
-0.202499 -0.206446 -0.225567 -0.201146 -0.194257 -0.209855
-0.195814 -0.206685 -0.224448 -0.194245 -0.188036 -0.209755
-0.188425 -0.206973 -0.224202 -0.186219 -0.180933 -0.209406
-0.180085 -0.207062 -0.224202 -0.17747 -0.172388 -0.20943
-0.170964 -0.207082 -0.22436 -0.168479 -0.163159 -0.209654
-0.161188 -0.207679 -0.224638 -0.159264 -0.153541 -0.210172
-0.150934 -0.208801 -0.224961 -0.150498 -0.143568 -0.211077
-0.140525 -0.210092 -0.225423 -0.142318 -0.13369 -0.212435
-0.130717 -0.211349 -0.226352 -0.134869 -0.124048 -0.213974
-0.121651 -0.212693 -0.227616 -0.128257 -0.115293 -0.215514
-0.113647 -0.214223 -0.228753 -0.122338 -0.107418 -0.216935
-0.107156 -0.215544 -0.230104 -0.117276 -0.100657 -0.218267
-0.102323 -0.216678 -0.231427 -0.112879 -0.0952005 -0.219393
-0.0995332 -0.217669 -0.232876 -0.109225 -0.0912313 -0.220202
-0.0982496 -0.218441 -0.234185 -0.106744 -0.0889224 -0.220922
-0.0981769 -0.219193 -0.2357 -0.105436 -0.0885895 -0.22148
-0.0989687 -0.220094 -0.236501 -0.105383 -0.0898131 -0.222128
-0.101192 -0.221157 -0.237369 -0.106878 -0.0925738 -0.222943
-0.104851 -0.222093 -0.237765 -0.109946 -0.0964128 -0.223579
-0.110099 -0.222926 -0.238037 -0.114398 -0.101538 -0.224238
-0.11642 -0.223639 -0.238448 -0.120239 -0.107914 -0.224779
-0.123869 -0.224216 -0.23882 -0.126936 -0.115216 -0.225293
-0.131884 -0.224551 -0.239012 -0.134079 -0.123374 -0.225558
-0.140218 -0.224841 -0.239165 -0.141966 -0.132213 -0.225662
-0.148582 -0.22483 -0.239331 -0.1504 -0.141201 -0.225583
-0.156967 -0.225025 -0.239335 -0.158926 -0.149871 -0.225454
-0.165035 -0.224968 -0.239123 -0.167158 -0.158016 -0.225225
-0.173127 -0.224347 -0.237857 -0.176488 -0.166301 -0.224309
-0.182916 -0.223091 -0.234216 -0.189878 -0.177254 -0.2227
-0.192813 -0.22235 -0.231479 -0.20339 -0.188716 -0.221639
-0.201014 -0.221128 -0.229229 -0.216883 -0.199311 -0.220437
-0.208088 -0.219558 -0.226943 -0.225041 -0.209082 -0.21843
-0.214028 -0.216841 -0.22434 -0.224062 -0.211402 -0.215488
-0.21804 -0.213866 -0.220458 -0.222577 -0.209636 -0.212239
-0.218317 -0.208845 -0.217137 -0.221345 -0.209677 -0.210089
-0.21826 -0.204962 -0.215083 -0.217707 -0.209832 -0.20573
-0.218493 -0.200094 -0.211431 -0.216342 -0.209956 -0.200653
-0.218586 -0.194624 -0.205881 -0.214956 -0.210121 -0.19499
-0.218967 -0.188035 -0.198716 -0.213706 -0.209979 -0.188497
-0.219381 -0.180549 -0.190436 -0.213754 -0.209855 -0.18087
-0.219826 -0.172137 -0.181501 -0.213621 -0.210417 -0.172321
-0.220155 -0.162924 -0.172337 -0.21419 -0.210953 -0.163355
-0.220865 -0.153304 -0.162897 -0.214305 -0.21205 -0.153841
-0.22213 -0.143455 -0.153634 -0.214995 -0.213695 -0.144171
-0.223283 -0.133662 -0.144841 -0.215918 -0.215036 -0.134302
-0.22455 -0.124699 -0.136744 -0.217149 -0.216368 -0.125041
-0.225997 -0.11651 -0.129289 -0.218336 -0.217543 -0.116511
-0.226921 -0.109108 -0.122732 -0.220281 -0.218441 -0.108969
-0.227776 -0.102749 -0.117244 -0.221748 -0.219381 -0.102374
-0.228566 -0.0972171 -0.112773 -0.223324 -0.220287 -0.096953
-0.229438 -0.0932707 -0.109626 -0.224948 -0.221415 -0.0929561
-0.230139 -0.0907608 -0.108067 -0.226293 -0.222461 -0.091068
-0.230745 -0.0897563 -0.107953 -0.227783 -0.223424 -0.090625
-0.231399 -0.0903132 -0.108464 -0.228927 -0.224613 -0.0914408
-0.232219 -0.0923964 -0.110736 -0.229644 -0.225266 -0.0937164
-0.233113 -0.0958638 -0.114288 -0.230448 -0.22566 -0.0973294
-0.23365 -0.100969 -0.118982 -0.231048 -0.226111 -0.102209
-0.233929 -0.107272 -0.124991 -0.231868 -0.226575 -0.108242
-0.233992 -0.11458 -0.131968 -0.23258 -0.226803 -0.11565
-0.233951 -0.122397 -0.139655 -0.233085 -0.226909 -0.124123
-0.233764 -0.130648 -0.148204 -0.233437 -0.227019 -0.132867
-0.233734 -0.139212 -0.156905 -0.23361 -0.227116 -0.141534
-0.233769 -0.147846 -0.16533 -0.233779 -0.227061 -0.150113
-0.233656 -0.156247 -0.173427 -0.233884 -0.226863 -0.158204
-0.232599 -0.16513 -0.182846 -0.232143 -0.225995 -0.166775
-0.231319 -0.175634 -0.196682 -0.229 -0.224447 -0.176889
-0.230266 -0.186784 -0.211427 -0.227301 -0.223116 -0.187439
-0.228918 -0.197631 -0.224772 -0.225177 -0.22168 -0.19679
-0.22676 -0.207174 -0.234729 -0.222362 -0.219686 -0.205741
-0.225168 -0.209742 -0.236209 -0.219273 -0.217366 -0.213099
-0.221506 -0.207525 -0.233907 -0.215801 -0.214295 -0.210649
-0.218544 -0.208452 -0.231579 -0.211913 -0.209768 -0.209493
-0.213423 -0.207705 -0.229022 -0.209482 -0.20509 -0.20963
-0.208533 -0.207236 -0.227424 -0.205973 -0.199487 -0.210028
-0.202443 -0.206565 -0.226283 -0.200542 -0.194308 -0.209457
-0.195664 -0.206892 -0.224758 -0.193501 -0.188296 -0.209382
-0.188287 -0.207069 -0.224793 -0.18542 -0.181036 -0.208803
-0.179948 -0.20704 -0.224686 -0.176566 -0.172396 -0.208737
-0.170801 -0.206971 -0.224965 -0.167592 -0.163017 -0.208713
-0.160952 -0.207466 -0.225206 -0.158438 -0.153108 -0.209075
-0.15048 -0.208676 -0.225375 -0.149482 -0.142948 -0.210025
-0.140117 -0.209985 -0.225803 -0.141473 -0.132867 -0.211337
-0.130082 -0.211274 -0.226608 -0.134234 -0.123412 -0.212832
-0.120852 -0.21251 -0.227849 -0.127803 -0.114711 -0.21446
-0.112955 -0.213812 -0.228996 -0.122034 -0.107103 -0.215838
-0.106537 -0.215068 -0.230249 -0.117008 -0.100794 -0.217034
-0.10197 -0.216191 -0.231676 -0.112671 -0.0956148 -0.218026
-0.0992972 -0.21717 -0.232907 -0.109246 -0.0917883 -0.218793
-0.0983031 -0.218147 -0.234506 -0.106687 -0.0896523 -0.219582
-0.0980812 -0.218925 -0.23563 -0.105504 -0.0892552 -0.22037
-0.0991604 -0.220021 -0.236562 -0.105725 -0.0904757 -0.221091
-0.101564 -0.220895 -0.23709 -0.107385 -0.0932416 -0.222035
-0.10554 -0.221776 -0.237598 -0.110461 -0.0972182 -0.222861
-0.110826 -0.222559 -0.238152 -0.115006 -0.102558 -0.223459
-0.117103 -0.223292 -0.238474 -0.120576 -0.108937 -0.224092
-0.124697 -0.223823 -0.238822 -0.12727 -0.116465 -0.224411
-0.132856 -0.224303 -0.239102 -0.134379 -0.124521 -0.224698
-0.141419 -0.224531 -0.23915 -0.142369 -0.133091 -0.224755
-0.14999 -0.224373 -0.239328 -0.150894 -0.141862 -0.224808
-0.158251 -0.224276 -0.239406 -0.159374 -0.15056 -0.224724
-0.16631 -0.22408 -0.239435 -0.167688 -0.15883 -0.224642
-0.174661 -0.223123 -0.237746 -0.177843 -0.167624 -0.223524
-0.184911 -0.221859 -0.233873 -0.191591 -0.178998 -0.221935
-0.194729 -0.221173 -0.231466 -0.205213 -0.190352 -0.221043
-0.203102 -0.219788 -0.229445 -0.218733 -0.20052 -0.219837
-0.210334 -0.218006 -0.227163 -0.224332 -0.210108 -0.217536
-0.216415 -0.215281 -0.224212 -0.222395 -0.212536 -0.214414
-0.219574 -0.212128 -0.219994 -0.221342 -0.210735 -0.211573
-0.219552 -0.207048 -0.217009 -0.219072 -0.211182 -0.208869
-0.21971 -0.202827 -0.214908 -0.215391 -0.211697 -0.204347
-0.220279 -0.198039 -0.210955 -0.213965 -0.212626 -0.199147
-0.220393 -0.192387 -0.205174 -0.212407 -0.212701 -0.19345
-0.220842 -0.185811 -0.197661 -0.211233 -0.212778 -0.186942
-0.221186 -0.178382 -0.189023 -0.21145 -0.212518 -0.179177
-0.221016 -0.170039 -0.179893 -0.211638 -0.21298 -0.170734
-0.221474 -0.16083 -0.170568 -0.21213 -0.213366 -0.161558
-0.222191 -0.151336 -0.161532 -0.212151 -0.2143 -0.152105
-0.223435 -0.141608 -0.15255 -0.212854 -0.215756 -0.14231
-0.224489 -0.132094 -0.144126 -0.213617 -0.217349 -0.13241
-0.22611 -0.123354 -0.13613 -0.214686 -0.218864 -0.123167
-0.227234 -0.115442 -0.12877 -0.216342 -0.219801 -0.11489
-0.228077 -0.108403 -0.122192 -0.218012 -0.220441 -0.107356
-0.22884 -0.102471 -0.116714 -0.219933 -0.221212 -0.100978
-0.22942 -0.0974575 -0.112379 -0.221483 -0.221811 -0.0956385
-0.230173 -0.0934702 -0.109402 -0.22316 -0.222712 -0.0919034
-0.230767 -0.0908487 -0.108085 -0.224483 -0.223724 -0.0899906
-0.231347 -0.0897465 -0.108097 -0.226219 -0.224547 -0.0895497
-0.231848 -0.0903869 -0.108939 -0.227301 -0.225403 -0.0903576
-0.232495 -0.0925861 -0.111412 -0.228218 -0.226027 -0.0925796
-0.233229 -0.0962297 -0.114961 -0.229169 -0.226638 -0.0962547
-0.233591 -0.100911 -0.119707 -0.229969 -0.226972 -0.101279
-0.233818 -0.106968 -0.125664 -0.230709 -0.227254 -0.10744
-0.233892 -0.113966 -0.132747 -0.231433 -0.227505 -0.114833
-0.233948 -0.121686 -0.140546 -0.231948 -0.227723 -0.123146
-0.233826 -0.129757 -0.148804 -0.232394 -0.227875 -0.131756
-0.233812 -0.138167 -0.157369 -0.232611 -0.228062 -0.140387
-0.233943 -0.146764 -0.165746 -0.232656 -0.227949 -0.149018
-0.234085 -0.155169 -0.173625 -0.232549 -0.227958 -0.157117
-0.233509 -0.164225 -0.183181 -0.230835 -0.227133 -0.165654
-0.232272 -0.174924 -0.197192 -0.227966 -0.225549 -0.175878
-0.23116 -0.186189 -0.211656 -0.226225 -0.223995 -0.18634
-0.229729 -0.19735 -0.224014 -0.224185 -0.222385 -0.19609
-0.227506 -0.207505 -0.234254 -0.221294 -0.21992 -0.205981
-0.225464 -0.208673 -0.235301 -0.217951 -0.217104 -0.211304
-0.220765 -0.206858 -0.23316 -0.214766 -0.213152 -0.208586
-0.217407 -0.207666 -0.231098 -0.211664 -0.20906 -0.207907
-0.212537 -0.206775 -0.22901 -0.208597 -0.203766 -0.207578
-0.207763 -0.206409 -0.227635 -0.204359 -0.199031 -0.207487
-0.2017 -0.205687 -0.226101 -0.198525 -0.193787 -0.206931
-0.195017 -0.206591 -0.224951 -0.19122 -0.187616 -0.207161
-0.187113 -0.206882 -0.224991 -0.183166 -0.180099 -0.206927
-0.178759 -0.207132 -0.224803 -0.174342 -0.171461 -0.20712
-0.169121 -0.207281 -0.225226 -0.165076 -0.161949 -0.20742
-0.159004 -0.207976 -0.225728 -0.155963 -0.152071 -0.207922
-0.148662 -0.209136 -0.226106 -0.147359 -0.142084 -0.208921
-0.138383 -0.210413 -0.226724 -0.139485 -0.131973 -0.210377
-0.128461 -0.211834 -0.227709 -0.132526 -0.122301 -0.21193
-0.119499 -0.213217 -0.228712 -0.126421 -0.113487 -0.213521
-0.111871 -0.214618 -0.229625 -0.120842 -0.105708 -0.214996
-0.105756 -0.215917 -0.230903 -0.116148 -0.0993157 -0.216242
-0.101598 -0.217141 -0.231998 -0.112137 -0.094229 -0.217237
-0.0994752 -0.218159 -0.23327 -0.108598 -0.0909315 -0.218162
-0.0987448 -0.219329 -0.2345 -0.106266 -0.0891422 -0.218883
-0.0988254 -0.220183 -0.23558 -0.105287 -0.0892552 -0.219715
-0.100258 -0.221103 -0.236371 -0.105392 -0.0909642 -0.220544
-0.103052 -0.221787 -0.237177 -0.106938 -0.0942304 -0.221436
-0.107084 -0.222328 -0.237988 -0.109818 -0.0988472 -0.22207
-0.112544 -0.222864 -0.23855 -0.114145 -0.104568 -0.222605
-0.119092 -0.223193 -0.238915 -0.119668 -0.111281 -0.223156
-0.126715 -0.223647 -0.239394 -0.126521 -0.118818 -0.22361
-0.134781 -0.223755 -0.239822 -0.133813 -0.126893 -0.223801
-0.143105 -0.224007 -0.240026 -0.142171 -0.135385 -0.22413
-0.151249 -0.224164 -0.240315 -0.150786 -0.144042 -0.224306
-0.15937 -0.224601 -0.240354 -0.159167 -0.152446 -0.224376
-0.167189 -0.224819 -0.240704 -0.167303 -0.160583 -0.224131
-0.176286 -0.223706 -0.238225 -0.178337 -0.169952 -0.222825
-0.18746 -0.222644 -0.234342 -0.191729 -0.182003 -0.221593
-0.197536 -0.222078 -0.232309 -0.205559 -0.193582 -0.220766
-0.20517 -0.220766 -0.230257 -0.218976 -0.20388 -0.219197
-0.211335 -0.218941 -0.227534 -0.224231 -0.21354 -0.216877
-0.216786 -0.216118 -0.224798 -0.222554 -0.215943 -0.214171
-0.22219 -0.212837 -0.219896 -0.221699 -0.213818 -0.211628
-0.221465 -0.207808 -0.216044 -0.21996 -0.213559 -0.208718
-0.221049 -0.203635 -0.213627 -0.21674 -0.213448 -0.204265
-0.22126 -0.198609 -0.209936 -0.215455 -0.213495 -0.19911
-0.221006 -0.193092 -0.204382 -0.214273 -0.212966 -0.192968
-0.220991 -0.186413 -0.197184 -0.213408 -0.212695 -0.186198
-0.22128 -0.178679 -0.188966 -0.213244 -0.21224 -0.178242
-0.221262 -0.170109 -0.180338 -0.213082 -0.212519 -0.169598
-0.221566 -0.160865 -0.171335 -0.213771 -0.213035 -0.160188
-0.222268 -0.151337 -0.162232 -0.214317 -0.213629 -0.150756
-0.223266 -0.141894 -0.153108 -0.215215 -0.214799 -0.141131
-0.224261 -0.132661 -0.14446 -0.216342 -0.215956 -0.131591
-0.22529 -0.124196 -0.136364 -0.2178 -0.216942 -0.122444
-0.226218 -0.116572 -0.129169 -0.219396 -0.217732 -0.11419
-0.227005 -0.109692 -0.122835 -0.220888 -0.218445 -0.106706
-0.22798 -0.103549 -0.117522 -0.222722 -0.219448 -0.100288
-0.228705 -0.0981489 -0.113277 -0.224148 -0.220275 -0.0951362
-0.229484 -0.0939703 -0.11036 -0.225747 -0.221346 -0.0916601
-0.230255 -0.0914094 -0.109093 -0.227037 -0.222215 -0.0899758
-0.231237 -0.0902895 -0.109034 -0.22839 -0.223008 -0.0896005
-0.231885 -0.0911858 -0.110409 -0.229631 -0.224103 -0.0905812
-0.232486 -0.0935289 -0.113193 -0.230716 -0.224535 -0.0930759
-0.232999 -0.097326 -0.117037 -0.231874 -0.224912 -0.0970768
-0.233501 -0.102401 -0.121844 -0.232491 -0.225268 -0.102163
-0.233823 -0.108574 -0.128026 -0.233053 -0.225651 -0.108341
-0.234012 -0.115455 -0.135375 -0.233532 -0.226068 -0.115452
-0.234269 -0.123034 -0.143399 -0.234046 -0.226381 -0.123384
-0.234409 -0.131 -0.151456 -0.234276 -0.226519 -0.131866
-0.234425 -0.13963 -0.159693 -0.234603 -0.226591 -0.140739
-0.234351 -0.148429 -0.167814 -0.234792 -0.226521 -0.149328
-0.23431 -0.157001 -0.17549 -0.234715 -0.226237 -0.157472
-0.233418 -0.166256 -0.186175 -0.232482 -0.22486 -0.166505
-0.232195 -0.176727 -0.201365 -0.229841 -0.223043 -0.17712
-0.231095 -0.187191 -0.215933 -0.228009 -0.221573 -0.187582
-0.229539 -0.197503 -0.22847 -0.225758 -0.21998 -0.197445
-0.227333 -0.206632 -0.235122 -0.222923 -0.217482 -0.2074
-0.225307 -0.210522 -0.235368 -0.21926 -0.215183 -0.21213
-0.221343 -0.20867 -0.232425 -0.215335 -0.211976 -0.209359
-0.217311 -0.209925 -0.229897 -0.2116 -0.207753 -0.208942
-0.211834 -0.209555 -0.226846 -0.209166 -0.201809 -0.209161
-0.206752 -0.209373 -0.225391 -0.205294 -0.196333 -0.209749
-0.200803 -0.208549 -0.224692 -0.199543 -0.191192 -0.208844
-0.194281 -0.20904 -0.223394 -0.192105 -0.185337 -0.208701
-0.186701 -0.209202 -0.223255 -0.183754 -0.178117 -0.207827
-0.178171 -0.209133 -0.223378 -0.174924 -0.169418 -0.207763
-0.168494 -0.20914 -0.223678 -0.165824 -0.15957 -0.207807
-0.158227 -0.209715 -0.224401 -0.156842 -0.149225 -0.208396
-0.147838 -0.210936 -0.22484 -0.14826 -0.138534 -0.209303
-0.137687 -0.212304 -0.225437 -0.140387 -0.128211 -0.210639
-0.128216 -0.21356 -0.22649 -0.13335 -0.118419 -0.212133
-0.119689 -0.214782 -0.227542 -0.1272 -0.109532 -0.213715
-0.112522 -0.21581 -0.228645 -0.121884 -0.101948 -0.215135
-0.106849 -0.216854 -0.230141 -0.117135 -0.0957325 -0.216283
-0.102937 -0.217961 -0.231531 -0.113028 -0.0910213 -0.217204
-0.100944 -0.218909 -0.232814 -0.109743 -0.0880047 -0.21797
-0.100548 -0.219773 -0.234077 -0.107633 -0.0865358 -0.218729
-0.100898 -0.220794 -0.235038 -0.106962 -0.0869536 -0.219689
-0.102541 -0.221766 -0.235858 -0.10789 -0.0890954 -0.220687
-0.105315 -0.222461 -0.23657 -0.110176 -0.0926581 -0.221716
-0.10932 -0.223149 -0.237134 -0.113639 -0.0974893 -0.222506
-0.114687 -0.22374 -0.237654 -0.118195 -0.103262 -0.223106
-0.121461 -0.224105 -0.238203 -0.123931 -0.110329 -0.223687
-0.129145 -0.224317 -0.23867 -0.130612 -0.118024 -0.224112
-0.138733 -0.224484 -0.238957 -0.139448 -0.127834 -0.224452
-0.146653 -0.224839 -0.239202 -0.147765 -0.136513 -0.224714
-0.154568 -0.225079 -0.239342 -0.156142 -0.145072 -0.224835
-0.16258 -0.225434 -0.239294 -0.164334 -0.153423 -0.2248
-0.170312 -0.225297 -0.239454 -0.172231 -0.161303 -0.224409
-0.179262 -0.22408 -0.236272 -0.183959 -0.171279 -0.223049
-0.189991 -0.22334 -0.232543 -0.197082 -0.183884 -0.221956
-0.198331 -0.22278 -0.230575 -0.209969 -0.195308 -0.221124
-0.204741 -0.221251 -0.228318 -0.222731 -0.205899 -0.219271
-0.210268 -0.218692 -0.22532 -0.225479 -0.215854 -0.216689
-0.215532 -0.215941 -0.222123 -0.223309 -0.216322 -0.213717
-0.222131 -0.212197 -0.217271 -0.22182 -0.215115 -0.211083
-0.221827 -0.20677 -0.213578 -0.219309 -0.214882 -0.207898
-0.221947 -0.201881 -0.2113 -0.215542 -0.214971 -0.202982
-0.222343 -0.196566 -0.20724 -0.213484 -0.215216 -0.197186
-0.222275 -0.190673 -0.201273 -0.211564 -0.215038 -0.190556
-0.222241 -0.183775 -0.193752 -0.210928 -0.214954 -0.183358
-0.222638 -0.175945 -0.185041 -0.210445 -0.214467 -0.17535
-0.222727 -0.167427 -0.17583 -0.21058 -0.214304 -0.166677
-0.222815 -0.1583 -0.166371 -0.210962 -0.214538 -0.15751
-0.223479 -0.148826 -0.157319 -0.21124 -0.215337 -0.148062
-0.224501 -0.139366 -0.14868 -0.211679 -0.216766 -0.138487
-0.225612 -0.129911 -0.140429 -0.21263 -0.218296 -0.129003
-0.226915 -0.121219 -0.132638 -0.21387 -0.219612 -0.119955
-0.227771 -0.113591 -0.125685 -0.21536 -0.220604 -0.112002
-0.228732 -0.107069 -0.11953 -0.217123 -0.221248 -0.105071
-0.229488 -0.101531 -0.114437 -0.218798 -0.221929 -0.0992001
-0.230096 -0.096834 -0.110695 -0.220443 -0.222653 -0.0944742
-0.230893 -0.0931803 -0.108556 -0.221939 -0.223517 -0.0915722
-0.231594 -0.0909072 -0.107745 -0.223341 -0.224474 -0.0904159
-0.232381 -0.0904184 -0.108058 -0.224568 -0.225529 -0.0907515
-0.233124 -0.0917167 -0.109638 -0.225662 -0.226338 -0.0922224
-0.233936 -0.094431 -0.112765 -0.22672 -0.227155 -0.095126
-0.234306 -0.0985765 -0.116922 -0.227636 -0.227679 -0.0994719
-0.234637 -0.104118 -0.122189 -0.228402 -0.228189 -0.105054
-0.23495 -0.110873 -0.128792 -0.229108 -0.228457 -0.111795
-0.235086 -0.118334 -0.136437 -0.229642 -0.228503 -0.119177
-0.235319 -0.126472 -0.144621 -0.229955 -0.228744 -0.126973
-0.235471 -0.134946 -0.152794 -0.230125 -0.229014 -0.134993
-0.235472 -0.143429 -0.160975 -0.230268 -0.229111 -0.143465
-0.235519 -0.151966 -0.169055 -0.230445 -0.229185 -0.151962
-0.235315 -0.1603 -0.177159 -0.229856 -0.228856 -0.160272
-0.233857 -0.17031 -0.189948 -0.226707 -0.227388 -0.17003
-0.232523 -0.181498 -0.205893 -0.224612 -0.225941 -0.180502
-0.231369 -0.192594 -0.220222 -0.222993 -0.224349 -0.19028
-0.229497 -0.203333 -0.23293 -0.220564 -0.222342 -0.19988
-0.226933 -0.208235 -0.238132 -0.217363 -0.219685 -0.209149
-0.223073 -0.205762 -0.23761 -0.213896 -0.216309 -0.209145
-0.220031 -0.205524 -0.234831 -0.21068 -0.211527 -0.20758
-0.215325 -0.204874 -0.232737 -0.207759 -0.207287 -0.207138
-0.211074 -0.204655 -0.23152 -0.204642 -0.202531 -0.206928
-0.2058 -0.203712 -0.23064 -0.199794 -0.197882 -0.20659
-0.199667 -0.203669 -0.22913 -0.193187 -0.192303 -0.206177
-0.192431 -0.204287 -0.228643 -0.185617 -0.18583 -0.206242
-0.184213 -0.204649 -0.228335 -0.177242 -0.177662 -0.20645
-0.175086 -0.204879 -0.228119 -0.168361 -0.168459 -0.207041
-0.164952 -0.205521 -0.228336 -0.15918 -0.158538 -0.207765
-0.15462 -0.2066 -0.228693 -0.150313 -0.148345 -0.208693
-0.144373 -0.208081 -0.229028 -0.14198 -0.137805 -0.209819
-0.134698 -0.209573 -0.229573 -0.1345 -0.12771 -0.211144
-0.125939 -0.211225 -0.230572 -0.128012 -0.118227 -0.212598
-0.118129 -0.212705 -0.23142 -0.122533 -0.10971 -0.213899
-0.111567 -0.214226 -0.232214 -0.117579 -0.102232 -0.215284
-0.106586 -0.215383 -0.233341 -0.113448 -0.0963796 -0.216394
-0.102972 -0.216448 -0.234394 -0.109934 -0.0921543 -0.217439
-0.101265 -0.217349 -0.235633 -0.107196 -0.08972 -0.218263
-0.100876 -0.218131 -0.236743 -0.105447 -0.0891832 -0.219014
-0.101679 -0.218989 -0.237745 -0.104774 -0.0902618 -0.219667
-0.103905 -0.21981 -0.238442 -0.105249 -0.0928812 -0.220484
-0.107364 -0.22067 -0.238761 -0.107161 -0.0969242 -0.221329
-0.1119 -0.221394 -0.239089 -0.110575 -0.101901 -0.222065
-0.117673 -0.221922 -0.23961 -0.115395 -0.108073 -0.222846
-0.124478 -0.222432 -0.239864 -0.12122 -0.115187 -0.223443
-0.132032 -0.222889 -0.24018 -0.127757 -0.123117 -0.223834
-0.139957 -0.223321 -0.240421 -0.134962 -0.131799 -0.224045
-0.148179 -0.22347 -0.240564 -0.143161 -0.14071 -0.224196
-0.15639 -0.22373 -0.240824 -0.151541 -0.149233 -0.224202
-0.164378 -0.224045 -0.240917 -0.159851 -0.157459 -0.224269
-0.172218 -0.223643 -0.240486 -0.168458 -0.165505 -0.223844
-0.181728 -0.222622 -0.236887 -0.181139 -0.176041 -0.222428
-0.19226 -0.221991 -0.233708 -0.194408 -0.188445 -0.221459
-0.20017 -0.220955 -0.231844 -0.207441 -0.199262 -0.220685
-0.206994 -0.219163 -0.229493 -0.220526 -0.20911 -0.21879
-0.212823 -0.21641 -0.226529 -0.224208 -0.218555 -0.215744
-0.218347 -0.213552 -0.223256 -0.222455 -0.21883 -0.213073
-0.221022 -0.20961 -0.218571 -0.220849 -0.217495 -0.209883
-0.220922 -0.20444 -0.214717 -0.218401 -0.217118 -0.206349
-0.220897 -0.19965 -0.212052 -0.21461 -0.217276 -0.201225
-0.221157 -0.194313 -0.207672 -0.212674 -0.217435 -0.1953
-0.221246 -0.187985 -0.201482 -0.210634 -0.217418 -0.188667
-0.221676 -0.180867 -0.193679 -0.209731 -0.217276 -0.18143
-0.221978 -0.172988 -0.184781 -0.209547 -0.216987 -0.173313
-0.221714 -0.164307 -0.175303 -0.20991 -0.216748 -0.164559
-0.22179 -0.155112 -0.16564 -0.210419 -0.217225 -0.155347
-0.222275 -0.145571 -0.156235 -0.210859 -0.217875 -0.146027
-0.223243 -0.135766 -0.147515 -0.211435 -0.21906 -0.136431
-0.224434 -0.126435 -0.139552 -0.212488 -0.220422 -0.127092
-0.225738 -0.117949 -0.13216 -0.213732 -0.221927 -0.118119
-0.226907 -0.110535 -0.125499 -0.215093 -0.222978 -0.110069
-0.228071 -0.10414 -0.119632 -0.216616 -0.223823 -0.103132
-0.228807 -0.0986931 -0.114621 -0.218353 -0.224555 -0.0973132
-0.229552 -0.0944449 -0.110926 -0.220163 -0.225403 -0.0929249
-0.230326 -0.091202 -0.108823 -0.221715 -0.226113 -0.0901774
-0.231188 -0.0893982 -0.108139 -0.2233 -0.22699 -0.0892069
-0.231918 -0.0892106 -0.108495 -0.224491 -0.227661 -0.0893765
-0.23256 -0.0907141 -0.110622 -0.225868 -0.228435 -0.0908952
-0.233133 -0.0936757 -0.113946 -0.226986 -0.228972 -0.0939187
-0.233542 -0.0979937 -0.118342 -0.227949 -0.229462 -0.0983841
-0.233995 -0.103518 -0.123969 -0.22889 -0.229851 -0.103871
-0.234323 -0.110255 -0.130682 -0.229487 -0.230015 -0.11063
-0.234579 -0.117745 -0.138511 -0.230136 -0.230254 -0.117932
-0.234659 -0.125494 -0.146573 -0.230482 -0.230408 -0.125989
-0.234609 -0.133646 -0.154754 -0.230852 -0.230655 -0.134358
-0.234723 -0.142004 -0.16297 -0.2311 -0.230699 -0.143123
-0.234848 -0.15076 -0.170994 -0.231245 -0.230565 -0.151677
-0.23462 -0.159119 -0.179041 -0.230721 -0.230163 -0.159781
-0.233176 -0.169167 -0.191774 -0.227831 -0.228402 -0.169486
-0.232019 -0.179807 -0.207108 -0.225784 -0.226697 -0.180037
-0.23086 -0.190097 -0.220577 -0.224205 -0.224999 -0.19002
-0.22901 -0.200173 -0.233068 -0.22175 -0.223069 -0.200026
-0.227276 -0.208154 -0.237171 -0.218545 -0.220973 -0.209776
-0.223888 -0.213983 -0.236345 -0.214335 -0.218039 -0.210349
-0.219791 -0.213188 -0.233492 -0.210041 -0.213928 -0.208072
-0.214347 -0.215601 -0.231041 -0.20584 -0.210636 -0.207218
-0.209465 -0.216709 -0.227495 -0.202575 -0.20459 -0.207119
-0.20394 -0.218222 -0.225739 -0.197836 -0.198763 -0.20687
-0.197588 -0.217654 -0.224524 -0.191562 -0.192964 -0.2055
-0.190581 -0.217683 -0.223633 -0.1838 -0.186556 -0.20411
-0.183274 -0.217317 -0.222106 -0.175252 -0.178314 -0.202704
-0.174665 -0.216642 -0.221472 -0.166335 -0.169331 -0.202356
-0.164899 -0.216467 -0.221121 -0.157678 -0.15957 -0.202289
-0.154476 -0.217018 -0.220988 -0.149192 -0.149417 -0.202846
-0.14386 -0.217952 -0.220935 -0.141281 -0.139432 -0.203818
-0.13348 -0.219202 -0.221112 -0.134246 -0.129703 -0.205251
-0.123911 -0.220477 -0.221859 -0.127828 -0.12064 -0.206896
-0.11557 -0.22178 -0.222741 -0.122255 -0.112514 -0.208535
-0.108907 -0.222911 -0.223658 -0.117345 -0.10535 -0.210156
-0.10389 -0.223925 -0.225117 -0.113154 -0.0995558 -0.211611
-0.100677 -0.224934 -0.226093 -0.109539 -0.0952952 -0.212923
-0.0990614 -0.225961 -0.227277 -0.106635 -0.0927862 -0.214267
-0.0985304 -0.22709 -0.228643 -0.1049 -0.0920373 -0.21552
-0.0990864 -0.228144 -0.229929 -0.104389 -0.0930786 -0.216677
-0.101437 -0.228995 -0.230751 -0.105253 -0.0956377 -0.217825
-0.105605 -0.229992 -0.231587 -0.107425 -0.0996177 -0.218739
-0.110773 -0.230892 -0.232567 -0.111036 -0.104823 -0.219755
-0.116947 -0.231482 -0.233207 -0.115985 -0.110919 -0.220636
-0.124029 -0.231874 -0.233651 -0.122151 -0.118084 -0.221589
-0.13145 -0.232355 -0.234277 -0.128843 -0.126042 -0.222248
-0.139302 -0.232812 -0.23457 -0.136454 -0.134671 -0.222887
-0.147463 -0.233234 -0.234722 -0.14507 -0.143292 -0.223402
-0.155637 -0.233439 -0.234918 -0.153555 -0.15165 -0.223908
-0.16372 -0.233512 -0.23504 -0.161682 -0.159653 -0.224219
-0.171984 -0.232601 -0.234374 -0.170732 -0.167878 -0.223686
-0.182638 -0.231514 -0.230367 -0.183377 -0.178894 -0.222317
-0.193826 -0.230937 -0.227787 -0.196539 -0.190907 -0.221414
-0.202383 -0.23006 -0.225698 -0.209618 -0.20092 -0.220498
-0.209835 -0.228134 -0.223359 -0.222821 -0.209891 -0.218364
-0.212208 -0.22462 -0.221458 -0.232926 -0.214648 -0.215289
-0.212662 -0.21924 -0.219464 -0.240099 -0.214607 -0.210929
-0.213852 -0.213264 -0.217037 -0.244568 -0.215482 -0.20539
-0.212619 -0.207642 -0.213652 -0.244767 -0.21508 -0.199481
-0.210982 -0.203579 -0.208145 -0.243117 -0.212973 -0.194523
-0.21058 -0.199292 -0.201282 -0.2417 -0.211174 -0.190027
-0.209624 -0.193565 -0.194386 -0.239689 -0.210135 -0.184014
-0.20875 -0.186522 -0.18729 -0.238572 -0.209782 -0.176613
-0.208732 -0.178572 -0.179717 -0.237697 -0.209869 -0.168671
-0.208965 -0.169711 -0.171061 -0.236996 -0.210032 -0.160069
-0.209632 -0.160478 -0.161658 -0.236676 -0.210649 -0.15106
-0.210164 -0.151259 -0.152099 -0.236796 -0.211193 -0.142024
-0.21093 -0.142373 -0.143294 -0.237287 -0.211902 -0.133085
-0.211714 -0.13391 -0.135207 -0.23797 -0.212633 -0.124442
-0.212418 -0.125888 -0.128001 -0.238991 -0.213388 -0.116209
-0.213422 -0.118434 -0.122018 -0.239773 -0.21436 -0.108739
-0.214451 -0.111826 -0.117039 -0.240652 -0.215317 -0.102121
-0.215771 -0.106483 -0.113055 -0.241522 -0.216554 -0.096625
-0.216841 -0.102604 -0.109979 -0.242658 -0.217679 -0.0925048
-0.217661 -0.100022 -0.107789 -0.243902 -0.218739 -0.0901572
-0.218374 -0.0986253 -0.106905 -0.245036 -0.219647 -0.089573
-0.219102 -0.0989962 -0.106827 -0.24599 -0.220632 -0.0904645
-0.22 -0.100833 -0.108493 -0.246557 -0.221575 -0.0920491
-0.221355 -0.104023 -0.111653 -0.247054 -0.222524 -0.0948333
-0.222361 -0.108651 -0.116234 -0.247512 -0.223418 -0.0988669
-0.223016 -0.114449 -0.121708 -0.247996 -0.224177 -0.104382
-0.226292 -0.122659 -0.115706 -0.195731 -0.220616 -0.118055
-0.227347 -0.116275 -0.111007 -0.198033 -0.221768 -0.111696
-0.228348 -0.110664 -0.1073 -0.200422 -0.223017 -0.106272
-0.229523 -0.106184 -0.104648 -0.202514 -0.224552 -0.101904
-0.230883 -0.102943 -0.102751 -0.204341 -0.226081 -0.0990221
-0.232151 -0.101354 -0.10196 -0.206114 -0.227715 -0.0982161
-0.233305 -0.101552 -0.102206 -0.207822 -0.229305 -0.0987085
-0.23454 -0.103372 -0.103369 -0.209536 -0.230641 -0.100562
-0.235747 -0.106842 -0.106008 -0.210767 -0.231642 -0.103444
-0.236895 -0.112871 -0.110791 -0.212243 -0.232899 -0.108564
-0.237518 -0.119041 -0.116146 -0.213271 -0.233382 -0.114149
-0.238011 -0.126064 -0.122603 -0.214213 -0.234023 -0.120978
-0.238271 -0.133565 -0.12995 -0.215126 -0.234325 -0.128794
-0.238717 -0.141733 -0.137771 -0.215767 -0.234312 -0.137052
-0.238971 -0.150511 -0.145757 -0.216354 -0.234384 -0.145554
-0.238856 -0.159086 -0.153695 -0.216798 -0.234397 -0.154035
-0.238755 -0.167469 -0.161278 -0.216949 -0.234444 -0.16221
-0.237893 -0.175864 -0.171021 -0.215212 -0.233424 -0.170943
-0.236394 -0.185201 -0.186627 -0.212462 -0.231759 -0.18108
-0.235303 -0.194805 -0.20337 -0.210742 -0.230539 -0.191073
-0.233767 -0.204157 -0.217989 -0.208498 -0.228998 -0.200021
-0.231264 -0.212937 -0.230993 -0.206064 -0.226271 -0.201403
-0.227776 -0.220389 -0.23461 -0.203716 -0.222005 -0.200895
-0.222264 -0.224992 -0.233684 -0.201029 -0.219488 -0.198906
-0.217906 -0.226564 -0.232091 -0.1968 -0.216503 -0.196512
-0.213489 -0.226219 -0.231477 -0.192434 -0.213024 -0.194073
-0.209288 -0.225636 -0.229094 -0.188517 -0.20784 -0.193188
-0.203808 -0.224867 -0.226499 -0.183154 -0.201205 -0.192993
-0.197051 -0.224743 -0.22564 -0.176424 -0.193917 -0.193116
-0.189089 -0.224812 -0.225056 -0.168519 -0.186202 -0.19394
-0.180382 -0.22492 -0.224339 -0.15955 -0.177875 -0.194397
-0.171107 -0.225143 -0.22413 -0.150433 -0.169076 -0.19513
-0.161462 -0.225585 -0.224413 -0.14189 -0.159837 -0.196012
-0.151507 -0.225746 -0.224876 -0.134113 -0.149915 -0.197265
-0.141763 -0.226225 -0.225422 -0.127194 -0.139851 -0.198815
-0.132431 -0.227161 -0.226265 -0.121213 -0.130319 -0.200371
-0.123861 -0.228159 -0.227265 -0.116365 -0.121575 -0.202251
-0.116159 -0.229195 -0.227961 -0.112113 -0.113877 -0.204098
-0.109794 -0.230158 -0.228956 -0.108359 -0.107557 -0.205842
-0.105207 -0.230981 -0.230095 -0.10529 -0.102877 -0.207557
-0.102907 -0.231845 -0.231057 -0.102419 -0.100005 -0.209007
-0.102348 -0.232461 -0.232102 -0.100006 -0.0985888 -0.210116
-0.102796 -0.233112 -0.233038 -0.0986117 -0.0987695 -0.211237
-0.104853 -0.233707 -0.233937 -0.0980397 -0.100409 -0.212219
-0.107838 -0.234003 -0.234551 -0.0987236 -0.103577 -0.213331
-0.112151 -0.234549 -0.235116 -0.100885 -0.107951 -0.21412
-0.117559 -0.235073 -0.235484 -0.104548 -0.113195 -0.214877
-0.124319 -0.235755 -0.235772 -0.109593 -0.119628 -0.215666
-0.131998 -0.236281 -0.235903 -0.115925 -0.126928 -0.216446
-0.140235 -0.236501 -0.236027 -0.122601 -0.134464 -0.217089
-0.148427 -0.236309 -0.236207 -0.130029 -0.143124 -0.217487
-0.156716 -0.236209 -0.236213 -0.138001 -0.151774 -0.217511
-0.16474 -0.236258 -0.236394 -0.14575 -0.160144 -0.217557
-0.172692 -0.236103 -0.236525 -0.15355 -0.168068 -0.217227
-0.181757 -0.234836 -0.23393 -0.164591 -0.17669 -0.216045
-0.193345 -0.233413 -0.230409 -0.179021 -0.186715 -0.215107
-0.203582 -0.232794 -0.228228 -0.194631 -0.195971 -0.214517
-0.208023 -0.23264 -0.226261 -0.210176 -0.203226 -0.213175
-0.206772 -0.230855 -0.223902 -0.214128 -0.210474 -0.210387
-0.205711 -0.229692 -0.221988 -0.212528 -0.216424 -0.206783
-0.204552 -0.227234 -0.219016 -0.211666 -0.215543 -0.203396
-0.20377 -0.223824 -0.215133 -0.210433 -0.215324 -0.199978
-0.202679 -0.218835 -0.211837 -0.2083 -0.215239 -0.196121
-0.202608 -0.213116 -0.207556 -0.207425 -0.215561 -0.191584
-0.202589 -0.20659 -0.20184 -0.206292 -0.215166 -0.18571
-0.20311 -0.199148 -0.194453 -0.205666 -0.215581 -0.178515
-0.203515 -0.190918 -0.186079 -0.20584 -0.21618 -0.170299
-0.204135 -0.182173 -0.177227 -0.206399 -0.217049 -0.161336
-0.205076 -0.172888 -0.167804 -0.207325 -0.217798 -0.152173
-0.206234 -0.163245 -0.15848 -0.208113 -0.218625 -0.142857
-0.207691 -0.153642 -0.149406 -0.209427 -0.21999 -0.133324
-0.209107 -0.144293 -0.141105 -0.210855 -0.221427 -0.123891
-0.210787 -0.135428 -0.133748 -0.212004 -0.22303 -0.115033
-0.212689 -0.127371 -0.127574 -0.213558 -0.224884 -0.106964
-0.214555 -0.120317 -0.12228 -0.2153 -0.226607 -0.0997055
-0.216038 -0.114568 -0.117727 -0.217163 -0.228096 -0.0933401
-0.217245 -0.110238 -0.113597 -0.219266 -0.229488 -0.0881762
-0.218129 -0.107198 -0.110303 -0.221127 -0.230341 -0.084646
-0.218958 -0.105083 -0.108424 -0.223049 -0.231264 -0.0830078
-0.219598 -0.104188 -0.108228 -0.224798 -0.232206 -0.0828967
-0.220413 -0.104924 -0.10899 -0.226089 -0.233238 -0.0836613
-0.221496 -0.106915 -0.111329 -0.226907 -0.234275 -0.0857463
-0.222662 -0.110393 -0.114952 -0.227798 -0.235067 -0.0893756
-0.223664 -0.115222 -0.119788 -0.228472 -0.235941 -0.0942383
-0.224204 -0.121185 -0.125593 -0.229194 -0.236646 -0.100531
-0.224579 -0.128286 -0.132482 -0.230003 -0.236953 -0.108063
-0.224683 -0.136088 -0.140176 -0.230431 -0.237141 -0.116715
-0.225047 -0.144257 -0.148164 -0.230778 -0.23707 -0.125251
-0.225274 -0.15272 -0.156424 -0.230902 -0.237144 -0.133736
-0.22532 -0.161125 -0.164518 -0.23112 -0.237142 -0.142076
-0.225287 -0.169281 -0.172192 -0.231106 -0.237085 -0.15015
-0.224123 -0.177945 -0.182662 -0.228867 -0.235829 -0.159637
-0.222734 -0.187895 -0.197588 -0.226321 -0.234235 -0.170732
-0.221076 -0.194974 -0.211943 -0.224625 -0.232922 -0.181814
-0.218189 -0.194886 -0.224359 -0.222661 -0.230946 -0.192844
-0.215549 -0.19462 -0.230469 -0.220746 -0.226966 -0.203895
-0.213425 -0.192094 -0.231825 -0.21882 -0.222673 -0.212597
-0.211872 -0.189691 -0.23125 -0.215224 -0.21943 -0.217413
-0.209367 -0.188931 -0.230435 -0.211035 -0.216056 -0.215215
-0.204327 -0.188358 -0.22764 -0.207697 -0.21239 -0.214359
-0.197954 -0.187929 -0.224178 -0.203413 -0.207054 -0.215118
-0.19093 -0.187879 -0.223071 -0.197467 -0.20063 -0.21602
-0.183552 -0.188233 -0.222908 -0.190443 -0.194187 -0.21656
-0.175495 -0.18887 -0.221434 -0.182001 -0.186949 -0.216477
-0.167433 -0.190413 -0.220737 -0.172654 -0.178571 -0.216514
-0.158705 -0.19124 -0.221189 -0.163202 -0.169257 -0.216971
-0.149618 -0.191945 -0.221643 -0.15409 -0.159273 -0.217228
-0.139892 -0.193071 -0.222424 -0.145426 -0.148982 -0.217652
-0.130154 -0.19519 -0.223179 -0.137696 -0.139054 -0.218482
-0.120656 -0.19772 -0.223862 -0.130883 -0.129555 -0.219522
-0.112059 -0.199641 -0.224439 -0.125171 -0.120768 -0.221042
-0.104283 -0.201583 -0.225799 -0.120281 -0.112969 -0.222474
-0.0980611 -0.203587 -0.227269 -0.116017 -0.106694 -0.223794
-0.0940681 -0.205441 -0.22868 -0.112201 -0.102207 -0.224749
-0.0921051 -0.207127 -0.229945 -0.108861 -0.0993221 -0.225428
-0.0915581 -0.208544 -0.231235 -0.106415 -0.0979456 -0.226009
-0.091997 -0.209983 -0.2324 -0.105399 -0.0983176 -0.226779
-0.093559 -0.211611 -0.233329 -0.105411 -0.100426 -0.227669
-0.0961136 -0.213287 -0.234057 -0.106949 -0.10388 -0.228577
-0.100269 -0.215055 -0.234496 -0.109998 -0.108383 -0.229296
-0.105692 -0.216814 -0.234871 -0.114472 -0.113917 -0.229976
-0.112219 -0.218168 -0.235258 -0.120124 -0.120832 -0.230578
-0.119835 -0.219421 -0.2356 -0.126901 -0.128497 -0.231047
-0.127819 -0.22016 -0.235943 -0.13384 -0.136648 -0.231317
-0.136053 -0.220572 -0.236348 -0.14154 -0.145466 -0.231191
-0.144189 -0.220887 -0.236596 -0.14996 -0.154302 -0.230994
-0.152114 -0.221264 -0.236811 -0.158042 -0.162684 -0.230608
-0.159756 -0.221516 -0.237078 -0.166033 -0.170589 -0.229883
-0.168654 -0.220706 -0.23466 -0.177141 -0.179817 -0.228247
-0.179776 -0.219919 -0.231203 -0.190408 -0.191288 -0.226778
-0.189367 -0.219348 -0.229108 -0.203599 -0.202309 -0.225709
-0.196876 -0.218047 -0.226954 -0.217071 -0.209792 -0.223715
-0.203744 -0.214875 -0.225402 -0.228316 -0.210149 -0.220023
-0.210626 -0.209844 -0.22432 -0.232955 -0.210765 -0.216225
-0.216936 -0.204475 -0.2222 -0.23218 -0.210158 -0.212891
-0.216354 -0.199925 -0.218618 -0.230912 -0.208155 -0.209457
-0.216115 -0.196066 -0.21416 -0.229827 -0.205832 -0.205856
-0.215511 -0.192198 -0.209146 -0.227571 -0.204161 -0.201054
-0.214937 -0.18675 -0.203315 -0.226138 -0.203917 -0.194767
-0.214994 -0.179514 -0.196336 -0.224773 -0.204166 -0.187541
-0.216002 -0.171104 -0.188229 -0.223351 -0.204783 -0.179915
-0.217225 -0.162295 -0.179033 -0.223181 -0.205241 -0.171512
-0.218077 -0.153264 -0.16891 -0.223057 -0.206066 -0.162662
-0.218695 -0.144321 -0.159056 -0.223651 -0.206721 -0.15362
-0.219337 -0.135317 -0.149614 -0.224442 -0.207534 -0.144667
-0.220351 -0.12644 -0.141207 -0.225464 -0.208532 -0.135892
-0.221382 -0.117994 -0.133943 -0.226491 -0.209718 -0.127257
-0.222559 -0.110179 -0.128066 -0.227441 -0.211145 -0.119397
-0.224217 -0.103144 -0.123243 -0.228611 -0.212686 -0.112452
-0.225704 -0.097203 -0.119143 -0.22981 -0.214127 -0.106646
-0.226752 -0.0927734 -0.115383 -0.231284 -0.21544 -0.102316
-0.22778 -0.0896792 -0.112209 -0.232761 -0.216344 -0.09943
-0.228642 -0.0878246 -0.110533 -0.233936 -0.217006 -0.0982734
-0.229568 -0.0877975 -0.110143 -0.234974 -0.217634 -0.0983075
-0.230541 -0.0888997 -0.111068 -0.236 -0.218552 -0.0991107
-0.231445 -0.0914894 -0.113727 -0.236594 -0.219534 -0.101315
-0.232077 -0.0951392 -0.117427 -0.237245 -0.220366 -0.104985
-0.232775 -0.100195 -0.122147 -0.238128 -0.221047 -0.110413
-0.233101 -0.10634 -0.128013 -0.238664 -0.221512 -0.116774
-0.233487 -0.113607 -0.134839 -0.239018 -0.221785 -0.123998
-0.233784 -0.121609 -0.142673 -0.239333 -0.222033 -0.131665
-0.233906 -0.130265 -0.150773 -0.239583 -0.222306 -0.139711
-0.233961 -0.139002 -0.158907 -0.239867 -0.222454 -0.148095
-0.23399 -0.147339 -0.166709 -0.240059 -0.222417 -0.156567
-0.233866 -0.155379 -0.174161 -0.239848 -0.222252 -0.164646
-0.232974 -0.164846 -0.18534 -0.236802 -0.220743 -0.174083
-0.231794 -0.172093 -0.20002 -0.234339 -0.219107 -0.184852
-0.229582 -0.172621 -0.213552 -0.233067 -0.216452 -0.195612
-0.227051 -0.173895 -0.225284 -0.23192 -0.212537 -0.206046
-0.224816 -0.173468 -0.227731 -0.230537 -0.208142 -0.215426
-0.22389 -0.171428 -0.228335 -0.227953 -0.205225 -0.223768
-0.222904 -0.169701 -0.228132 -0.22422 -0.203077 -0.23102
-0.220556 -0.168509 -0.227323 -0.219797 -0.200753 -0.237689
-0.216163 -0.167771 -0.224155 -0.215986 -0.19563 -0.237401
-0.209073 -0.168276 -0.220225 -0.211976 -0.189763 -0.237594
-0.200067 -0.169594 -0.217123 -0.206501 -0.183711 -0.238527
-0.191319 -0.171178 -0.216389 -0.199333 -0.176781 -0.239098
-0.183372 -0.172168 -0.21585 -0.19097 -0.169745 -0.238898
-0.17545 -0.172942 -0.214569 -0.181437 -0.16221 -0.238083
-0.16741 -0.174103 -0.214672 -0.171539 -0.153601 -0.237208
-0.15851 -0.174692 -0.214975 -0.16194 -0.143981 -0.236872
-0.149131 -0.175936 -0.216179 -0.152962 -0.13367 -0.236822
-0.139576 -0.178315 -0.217442 -0.144864 -0.123737 -0.237002
-0.130552 -0.181686 -0.218096 -0.137762 -0.114491 -0.237322
-0.122334 -0.184775 -0.219098 -0.131449 -0.105704 -0.238086
-0.114952 -0.187335 -0.220417 -0.12612 -0.0981661 -0.239311
-0.109047 -0.189782 -0.221787 -0.12167 -0.0922009 -0.240417
-0.104764 -0.192275 -0.223265 -0.117829 -0.0878888 -0.241298
-0.102373 -0.195217 -0.224836 -0.114524 -0.085209 -0.242098
-0.101378 -0.197241 -0.226506 -0.11244 -0.0842945 -0.242871
-0.101699 -0.199259 -0.227801 -0.111474 -0.0850146 -0.243365
-0.103315 -0.20118 -0.228935 -0.111886 -0.0870756 -0.244048
-0.106294 -0.203228 -0.230068 -0.113772 -0.090392 -0.244657
-0.110403 -0.205714 -0.231383 -0.117057 -0.0948957 -0.244982
-0.116004 -0.207737 -0.232166 -0.121863 -0.100624 -0.245235
-0.122482 -0.209059 -0.23274 -0.127676 -0.107666 -0.245506
-0.129859 -0.210286 -0.233165 -0.134648 -0.115008 -0.24569
-0.13928 -0.211397 -0.233831 -0.143776 -0.124769 -0.246107
-0.147071 -0.212497 -0.234701 -0.152416 -0.133648 -0.246103
-0.155095 -0.214242 -0.234854 -0.1611 -0.14235 -0.245703
-0.16297 -0.215838 -0.23502 -0.169277 -0.150555 -0.24529
-0.170666 -0.216616 -0.235002 -0.177566 -0.158829 -0.244424
-0.179226 -0.216725 -0.231877 -0.189732 -0.170911 -0.24215
-0.187717 -0.21734 -0.229538 -0.202746 -0.185216 -0.240573
-0.194444 -0.2169 -0.228919 -0.215139 -0.18799 -0.238649
-0.19981 -0.214157 -0.228705 -0.222663 -0.190268 -0.235652
-0.203527 -0.211591 -0.228017 -0.223373 -0.191735 -0.233199
-0.206537 -0.20986 -0.225824 -0.221913 -0.191839 -0.2311
-0.211239 -0.207951 -0.222131 -0.221953 -0.191024 -0.229349
-0.218268 -0.20431 -0.216939 -0.221421 -0.189234 -0.22685
-0.226415 -0.199507 -0.21072 -0.220467 -0.187823 -0.222573
-0.234742 -0.192997 -0.205033 -0.219368 -0.186515 -0.216735
-0.243601 -0.185018 -0.19878 -0.217836 -0.185469 -0.209748
-0.244691 -0.17538 -0.192216 -0.215953 -0.184817 -0.201792
-0.245918 -0.166303 -0.184756 -0.212792 -0.18558 -0.192674
-0.247256 -0.157192 -0.176247 -0.210184 -0.18665 -0.182877
-0.248071 -0.148247 -0.166692 -0.209121 -0.187881 -0.173511
-0.248111 -0.138995 -0.156552 -0.208838 -0.188417 -0.164676
-0.248944 -0.128049 -0.144476 -0.208728 -0.188306 -0.154775
-0.249295 -0.11904 -0.1355 -0.20896 -0.188182 -0.146978
-0.249491 -0.110235 -0.128428 -0.209908 -0.188796 -0.139368
-0.249982 -0.102146 -0.123093 -0.211111 -0.189968 -0.132486
-0.250923 -0.095092 -0.118792 -0.212155 -0.191155 -0.126236
-0.25233 -0.0895234 -0.114879 -0.213341 -0.192381 -0.120922
-0.253295 -0.0854518 -0.111745 -0.215205 -0.193706 -0.116916
-0.254334 -0.0831363 -0.109885 -0.216757 -0.194552 -0.114527
-0.25539 -0.0820379 -0.109118 -0.218458 -0.195491 -0.113563
-0.256674 -0.0821795 -0.109308 -0.219958 -0.196622 -0.113888
-0.257947 -0.0836343 -0.111249 -0.221394 -0.197814 -0.115721
-0.259176 -0.0863941 -0.11477 -0.222701 -0.198996 -0.118946
-0.260363 -0.090483 -0.119124 -0.223868 -0.200157 -0.123846
-0.261223 -0.0960262 -0.124172 -0.22496 -0.201368 -0.129884
-0.261786 -0.102961 -0.130553 -0.226167 -0.202241 -0.136755
-0.261767 -0.110454 -0.137534 -0.227404 -0.202996 -0.144376
-0.26135 -0.118614 -0.145044 -0.228312 -0.203811 -0.152742
-0.261131 -0.127279 -0.153023 -0.229017 -0.204404 -0.16105
-0.26083 -0.13574 -0.161042 -0.229537 -0.20485 -0.169243
-0.26075 -0.144119 -0.168868 -0.229811 -0.205185 -0.177125
-0.260411 -0.152754 -0.177536 -0.228891 -0.204879 -0.18472
-0.259518 -0.163308 -0.190933 -0.225895 -0.203086 -0.193307
-0.258913 -0.175257 -0.206493 -0.224188 -0.201417 -0.201899
-0.257457 -0.189631 -0.222119 -0.222235 -0.198912 -0.205476
-0.254677 -0.20071 -0.233339 -0.220288 -0.194579 -0.205951
-0.250062 -0.208972 -0.243021 -0.218466 -0.190785 -0.206353
-0.243998 -0.215113 -0.25197 -0.216074 -0.186257 -0.205836
-0.238219 -0.220063 -0.255841 -0.213048 -0.182454 -0.204433
-0.233284 -0.223587 -0.256317 -0.208689 -0.179012 -0.201219
-0.229021 -0.222686 -0.255006 -0.203422 -0.175749 -0.197102
-0.223612 -0.22134 -0.252738 -0.197618 -0.170634 -0.193907
-0.217868 -0.220576 -0.249247 -0.191156 -0.163 -0.192162
-0.210384 -0.22025 -0.246309 -0.183849 -0.153872 -0.191924
-0.202174 -0.220683 -0.24447 -0.17566 -0.144457 -0.191715
-0.193442 -0.220969 -0.243334 -0.166567 -0.135828 -0.191816
-0.184571 -0.221163 -0.242658 -0.157148 -0.127243 -0.191821
-0.175978 -0.220646 -0.242465 -0.148044 -0.118631 -0.192225
-0.167238 -0.219976 -0.242719 -0.139421 -0.109755 -0.192719
-0.158525 -0.21977 -0.243109 -0.132016 -0.101019 -0.193693
-0.150341 -0.219819 -0.243644 -0.125902 -0.0924479 -0.195279
-0.142648 -0.22012 -0.244451 -0.120834 -0.0841145 -0.197217
-0.136593 -0.220578 -0.245158 -0.117036 -0.0770095 -0.199268
-0.132379 -0.221279 -0.245982 -0.113702 -0.0713927 -0.201396
-0.129914 -0.221405 -0.246784 -0.110767 -0.0677357 -0.203187
-0.12881 -0.22143 -0.24807 -0.108306 -0.0658282 -0.20504
-0.128586 -0.221575 -0.249145 -0.10678 -0.0661039 -0.206701
-0.129585 -0.221666 -0.249967 -0.106519 -0.0682202 -0.20815
-0.132619 -0.221684 -0.251264 -0.108443 -0.0723306 -0.209724
-0.136354 -0.221815 -0.252039 -0.111385 -0.0770202 -0.210616
-0.141375 -0.222118 -0.25274 -0.115698 -0.0828272 -0.211296
-0.147848 -0.222288 -0.253437 -0.121183 -0.0894189 -0.211947
-0.155329 -0.222278 -0.253788 -0.127669 -0.096809 -0.212668
-0.16325 -0.222194 -0.254226 -0.134696 -0.105052 -0.213367
-0.171405 -0.222456 -0.254239 -0.143026 -0.113414 -0.214022
-0.179536 -0.222524 -0.254071 -0.151149 -0.121719 -0.214818
-0.183795 -0.222279 -0.254226 -0.158905 -0.129822 -0.21537
-0.185758 -0.221024 -0.255153 -0.16593 -0.138084 -0.215057
-0.187729 -0.220285 -0.254472 -0.175319 -0.148867 -0.212765
-0.18912 -0.219948 -0.253671 -0.184614 -0.163727 -0.210589
-0.188923 -0.220863 -0.253236 -0.185276 -0.178199 -0.209785
-0.187242 -0.22132 -0.250955 -0.18674 -0.191232 -0.210061
-0.185519 -0.220613 -0.247675 -0.188744 -0.205333 -0.209871
-0.184105 -0.218884 -0.244159 -0.188807 -0.219761 -0.209074
-0.183215 -0.215572 -0.240513 -0.187872 -0.229047 -0.20668
-0.183572 -0.210442 -0.237957 -0.184861 -0.231681 -0.201374
-0.185251 -0.20471 -0.235006 -0.182219 -0.234313 -0.196773
-0.186091 -0.198332 -0.230456 -0.180789 -0.23638 -0.190888
-0.18625 -0.191808 -0.223908 -0.179552 -0.237254 -0.18494
-0.186841 -0.184754 -0.215534 -0.17774 -0.23769 -0.178097
-0.18811 -0.176974 -0.206053 -0.176997 -0.238772 -0.170135
-0.189195 -0.168528 -0.196488 -0.176788 -0.239698 -0.160917
-0.18995 -0.15967 -0.186904 -0.176531 -0.240587 -0.150964
-0.191601 -0.148694 -0.175443 -0.177599 -0.241935 -0.139016
-0.19332 -0.139306 -0.165945 -0.17877 -0.242944 -0.129324
-0.195335 -0.130118 -0.156548 -0.180515 -0.243879 -0.120196
-0.19681 -0.121466 -0.147536 -0.183006 -0.244659 -0.111782
-0.198098 -0.113449 -0.139472 -0.185513 -0.245348 -0.104243
-0.199216 -0.106179 -0.132534 -0.188182 -0.246081 -0.0975001
-0.200835 -0.0999462 -0.127093 -0.190836 -0.247137 -0.0913706
-0.202528 -0.0949586 -0.123497 -0.193181 -0.248433 -0.0863572
-0.204192 -0.091835 -0.121629 -0.195663 -0.24977 -0.0828836
-0.20617 -0.0900421 -0.121048 -0.198219 -0.250974 -0.0812235
-0.208096 -0.0897222 -0.121838 -0.200775 -0.251945 -0.081205
-0.209839 -0.0906944 -0.12362 -0.203102 -0.252571 -0.0823814
-0.211841 -0.0932677 -0.126527 -0.205451 -0.252895 -0.0846247
-0.213703 -0.0971249 -0.130497 -0.207592 -0.253082 -0.0883762
-0.214943 -0.101224 -0.13446 -0.208968 -0.253226 -0.0923231
-0.216456 -0.108767 -0.142358 -0.211004 -0.25331 -0.0996994
-0.217556 -0.115749 -0.149961 -0.212714 -0.253359 -0.107119
-0.218404 -0.123111 -0.157631 -0.213963 -0.253325 -0.115019
-0.219153 -0.130801 -0.165617 -0.215227 -0.253233 -0.123366
-0.219725 -0.137136 -0.172186 -0.215945 -0.253069 -0.130183
-0.22046 -0.145331 -0.180494 -0.216506 -0.2528 -0.138703
-0.221296 -0.153441 -0.188172 -0.217077 -0.252478 -0.146901
-0.220589 -0.162405 -0.199262 -0.215016 -0.250852 -0.156434
-0.219447 -0.171623 -0.214336 -0.213187 -0.249092 -0.167642
-0.218164 -0.180556 -0.228627 -0.212156 -0.247387 -0.179529
-0.217228 -0.190868 -0.243049 -0.209667 -0.244711 -0.193624
-0.214894 -0.197705 -0.252866 -0.206984 -0.241386 -0.205172
-0.212086 -0.20293 -0.259549 -0.203414 -0.237366 -0.214908
-0.208678 -0.207011 -0.259973 -0.198936 -0.23347 -0.222806
-0.205106 -0.21124 -0.257376 -0.193384 -0.229411 -0.221155
-0.199506 -0.210869 -0.254117 -0.188281 -0.223952 -0.218295
-0.191758 -0.210737 -0.24982 -0.184381 -0.218057 -0.217019
-0.185177 -0.211046 -0.245368 -0.179544 -0.210506 -0.217161
-0.177365 -0.21057 -0.242816 -0.172621 -0.203067 -0.216531
-0.168954 -0.210934 -0.240159 -0.164235 -0.196325 -0.215872
-0.160493 -0.211785 -0.238284 -0.154941 -0.189132 -0.21513
-0.153661 -0.212325 -0.237628 -0.147762 -0.182748 -0.21438
-0.144329 -0.2129 -0.237124 -0.139206 -0.173971 -0.213841
-0.134278 -0.213677 -0.236828 -0.131766 -0.164854 -0.213905
-0.124117 -0.214855 -0.237055 -0.125355 -0.155513 -0.214004
-0.114198 -0.216219 -0.237214 -0.120034 -0.14626 -0.214409
-0.10351 -0.218139 -0.238052 -0.114592 -0.136002 -0.215091
-0.0978426 -0.219332 -0.23875 -0.111284 -0.130103 -0.215617
-0.0924339 -0.220792 -0.23983 -0.107632 -0.123804 -0.216101
-0.0888621 -0.222227 -0.240834 -0.104428 -0.119177 -0.216516
-0.0872372 -0.223327 -0.241963 -0.101786 -0.11622 -0.217109
-0.0867694 -0.223833 -0.243125 -0.0996203 -0.114803 -0.217431
-0.0871652 -0.224536 -0.244214 -0.0984617 -0.115269 -0.217897
-0.088848 -0.225246 -0.245364 -0.0980781 -0.11743 -0.218499
-0.0922305 -0.225842 -0.246239 -0.0989558 -0.120908 -0.218778
-0.0966593 -0.226832 -0.246762 -0.101389 -0.125358 -0.219204
-0.102234 -0.227501 -0.247327 -0.105258 -0.130972 -0.219597
-0.108756 -0.228168 -0.247725 -0.110358 -0.137668 -0.220022
-0.116055 -0.228453 -0.248204 -0.116404 -0.145196 -0.220281
-0.123885 -0.228718 -0.248582 -0.122945 -0.153539 -0.220382
-0.133533 -0.228983 -0.248919 -0.131523 -0.164132 -0.220211
-0.13996 -0.229037 -0.249226 -0.137839 -0.171066 -0.219878
-0.147813 -0.229179 -0.24937 -0.145777 -0.179329 -0.219511
-0.155414 -0.228964 -0.249305 -0.153487 -0.18698 -0.219107
-0.164693 -0.228601 -0.246776 -0.165132 -0.196559 -0.217469
-0.175504 -0.228522 -0.244262 -0.177965 -0.207961 -0.215916
-0.184467 -0.22809 -0.241984 -0.191186 -0.217771 -0.214677
-0.192117 -0.226913 -0.24051 -0.204087 -0.219181 -0.212606
-0.199733 -0.222873 -0.23924 -0.207617 -0.219905 -0.208588
-0.20554 -0.219076 -0.236791 -0.205499 -0.218728 -0.206163
-0.210227 -0.215604 -0.233108 -0.20535 -0.217318 -0.203977
-0.210321 -0.21156 -0.229466 -0.204618 -0.21462 -0.20093
-0.210006 -0.208338 -0.226167 -0.202754 -0.213916 -0.197011
-0.209213 -0.202757 -0.220974 -0.201057 -0.214107 -0.190689
-0.209142 -0.195746 -0.214582 -0.199537 -0.214355 -0.183813
-0.210113 -0.187744 -0.206752 -0.198676 -0.21498 -0.176127
-0.211257 -0.179181 -0.198067 -0.198092 -0.215464 -0.167971
-0.212447 -0.170203 -0.188351 -0.197649 -0.216018 -0.159349
-0.213143 -0.160909 -0.178158 -0.198241 -0.21668 -0.150268
-0.213833 -0.151526 -0.167958 -0.199368 -0.217348 -0.141146
-0.21483 -0.142025 -0.158037 -0.200479 -0.218148 -0.131914
-0.215996 -0.132702 -0.148622 -0.20193 -0.219413 -0.12284
-0.217347 -0.123672 -0.140234 -0.203351 -0.220751 -0.114124
-0.219026 -0.115447 -0.133035 -0.204976 -0.222527 -0.106408
-0.220805 -0.108055 -0.126861 -0.206717 -0.224057 -0.0995328
-0.222501 -0.10216 -0.121458 -0.208488 -0.225346 -0.0938685
-0.223794 -0.0975799 -0.117488 -0.210419 -0.226596 -0.089478
-0.225035 -0.0940649 -0.114859 -0.212992 -0.227978 -0.0864149
-0.225954 -0.0925442 -0.114478 -0.214839 -0.229049 -0.0856214
-0.22659 -0.0924882 -0.114942 -0.216265 -0.230009 -0.0860322
-0.227305 -0.0935841 -0.117049 -0.217527 -0.230877 -0.0873831
-0.22842 -0.0961068 -0.120386 -0.218703 -0.2319 -0.0899134
-0.229455 -0.100005 -0.124944 -0.219801 -0.232859 -0.0935847
-0.230333 -0.105247 -0.130575 -0.220694 -0.233555 -0.0985975
-0.230892 -0.112007 -0.137329 -0.221641 -0.234168 -0.104968
-0.231158 -0.119689 -0.145219 -0.222641 -0.234582 -0.112486
-0.231472 -0.127785 -0.15321 -0.223142 -0.234724 -0.120662
-0.231693 -0.136419 -0.161374 -0.223615 -0.234818 -0.128994
-0.23185 -0.145207 -0.169721 -0.223883 -0.234925 -0.137418
-0.232056 -0.153819 -0.177858 -0.224194 -0.235021 -0.145552
-0.231884 -0.162213 -0.186049 -0.223827 -0.234715 -0.153847
-0.230815 -0.170706 -0.198525 -0.220858 -0.232918 -0.164706
-0.229619 -0.179219 -0.213204 -0.219306 -0.230753 -0.176774
-0.227927 -0.18752 -0.225889 -0.217969 -0.229015 -0.188745
-0.226492 -0.195015 -0.231009 -0.215631 -0.226897 -0.200726
-0.22552 -0.200162 -0.231872 -0.212293 -0.224559 -0.212071
-0.224811 -0.20493 -0.230232 -0.206768 -0.223383 -0.221846
-0.222154 -0.211662 -0.228213 -0.201519 -0.221011 -0.220835
-0.215836 -0.221794 -0.22301 -0.196562 -0.215682 -0.219551
-0.208187 -0.230422 -0.217654 -0.192589 -0.209833 -0.219079
-0.200568 -0.237481 -0.215173 -0.18814 -0.203078 -0.218204
-0.192808 -0.237105 -0.21328 -0.182151 -0.196807 -0.216441
-0.185148 -0.239559 -0.210929 -0.174503 -0.189174 -0.214352
-0.177572 -0.2443 -0.209423 -0.165509 -0.181018 -0.211815
-0.169267 -0.250567 -0.209041 -0.155979 -0.172809 -0.209296
-0.160195 -0.251942 -0.207597 -0.146997 -0.163714 -0.20613
-0.149019 -0.251987 -0.204783 -0.139185 -0.153318 -0.204382
-0.13919 -0.252472 -0.202089 -0.132784 -0.140566 -0.203885
-0.129231 -0.25256 -0.200584 -0.127569 -0.129331 -0.205305
-0.120647 -0.252377 -0.200232 -0.122852 -0.120287 -0.206083
-0.112969 -0.25256 -0.200093 -0.11816 -0.114132 -0.206753
-0.10722 -0.252865 -0.200153 -0.113708 -0.1098 -0.207025
-0.103256 -0.252629 -0.201126 -0.109782 -0.106634 -0.207188
-0.100876 -0.252083 -0.202722 -0.106279 -0.103841 -0.207542
-0.099921 -0.251717 -0.204243 -0.103552 -0.102241 -0.208164
-0.0999328 -0.251921 -0.205417 -0.102048 -0.101554 -0.209054
-0.101125 -0.252543 -0.206493 -0.102186 -0.102128 -0.210449
-0.103899 -0.253116 -0.207928 -0.103612 -0.104634 -0.211893
-0.107696 -0.253768 -0.208945 -0.106115 -0.108781 -0.213281
-0.112431 -0.254275 -0.210129 -0.10974 -0.114133 -0.214469
-0.118336 -0.254616 -0.211327 -0.114506 -0.120798 -0.215218
-0.125026 -0.254834 -0.212767 -0.120204 -0.128315 -0.215769
-0.132873 -0.254901 -0.214052 -0.126433 -0.136179 -0.216142
-0.14106 -0.254729 -0.215019 -0.133342 -0.14413 -0.216667
0.188332 -0.254488 -0.21612 -0.143346 -0.15378 -0.217323
-0.158394 -0.254409 -0.216685 -0.151615 -0.161487 -0.218004
-0.165744 -0.253894 -0.217329 -0.159338 -0.168894 -0.218643
-0.173474 -0.252738 -0.216186 -0.169461 -0.177108 -0.218054
-0.183067 -0.251828 -0.212444 -0.183232 -0.187211 -0.216499
-0.19227 -0.251145 -0.211015 -0.197748 -0.189428 -0.215943
-0.200045 -0.249227 -0.21067 -0.205884 -0.190396 -0.214932
-0.206357 -0.247061 -0.209957 -0.206027 -0.190645 -0.213728
-0.212747 -0.244828 -0.207019 -0.206499 -0.190148 -0.212828
-0.220375 -0.242217 -0.203393 -0.207692 -0.188924 -0.211024
-0.228176 -0.239052 -0.199435 -0.207439 -0.187422 -0.207662
-0.234386 -0.235027 -0.195008 -0.206627 -0.187052 -0.202704
-0.240646 -0.22929 -0.190247 -0.205418 -0.186674 -0.19659
-0.241774 -0.222162 -0.184616 -0.203839 -0.186252 -0.18949
-0.242401 -0.21506 -0.177721 -0.202033 -0.186884 -0.181161
-0.243328 -0.207334 -0.169968 -0.202832 -0.188058 -0.171726
-0.243806 -0.198821 -0.161421 -0.213192 -0.189722 -0.161632
-0.244952 -0.189385 -0.152804 -0.225872 -0.19174 -0.151066
-0.245712 -0.180118 -0.143911 -0.226048 -0.192705 -0.141667
-0.244401 -0.170936 -0.134966 -0.223993 -0.192031 -0.133272
-0.244188 -0.161771 -0.12599 -0.223625 -0.191974 -0.125285
-0.243521 -0.153083 -0.119275 -0.222919 -0.191484 -0.117627
-0.242378 -0.14507 -0.11406 -0.222763 -0.191338 -0.110409
-0.240923 -0.137754 -0.110126 -0.222937 -0.191842 -0.103656
-0.240314 -0.131744 -0.10738 -0.222659 -0.192515 0.0967459
-0.240124 -0.126301 -0.105356 -0.222921 -0.194034 -0.0917742
-0.240049 -0.123801 -0.104226 -0.223498 -0.195438 -0.088064
-0.239768 -0.123061 -0.103127 -0.224504 -0.196865 -0.0860728
-0.239723 -0.123491 -0.102384 -0.22567 -0.198183 -0.0861177
-0.239666 -0.124882 -0.102739 -0.22662 -0.199497 -0.0874416
-0.239735 -0.127168 -0.104084 -0.227367 -0.201262 -0.0897619
-0.240014 -0.130512 -0.106456 -0.228355 -0.203055 -0.0934003
-0.240275 -0.135074 -0.109956 -0.229294 -0.204833 -0.0984743
-0.24026 -0.141031 -0.114925 -0.230315 -0.206271 -0.104791
-0.240568 -0.148141 -0.120836 -0.231297 -0.207468 -0.111937
-0.240632 -0.156361 -0.127342 -0.232341 -0.208254 -0.119653
-0.24026 -0.16508 -0.134568 -0.23339 -0.209098 -0.127588
-0.239781 -0.171598 -0.142339 -0.234432 -0.209871 -0.135673
-0.238373 -0.174054 -0.149601 -0.235983 -0.209935 -0.144316
-0.238093 -0.176983 -0.156445 -0.237316 -0.208951 -0.152663
-0.236538 -0.17971 -0.16794 -0.236352 -0.206368 -0.162089
-0.235288 -0.181754 -0.186003 -0.235362 -0.203416 -0.173206
-0.234128 -0.182489 -0.205017 -0.235229 -0.201635 -0.183871
-0.233054 -0.182988 -0.219854 -0.234572 -0.200043 -0.194031
-0.232359 -0.182391 -0.224613 -0.233285 -0.19843 -0.20255
-0.231819 -0.178768 -0.224818 -0.229855 -0.197865 -0.210902
-0.230323 -0.176775 -0.225685 -0.22541 -0.19701 -0.217867
-0.226881 -0.175167 -0.225104 -0.220943 -0.193679 -0.225965
-0.221291 -0.174284 -0.222621 -0.216487 -0.188165 -0.227246
-0.213871 -0.175035 -0.219744 -0.211371 -0.180205 -0.228062
-0.205202 -0.176093 -0.217538 -0.204891 -0.173524 -0.229598
-0.196126 -0.177781 -0.217434 -0.197004 -0.16597 -0.230664
-0.187651 -0.178958 -0.217642 -0.188192 -0.158654 -0.231226
-0.179368 -0.179555 -0.217791 -0.178404 -0.150546 -0.230962
-0.170936 -0.180198 -0.21857 -0.168321 -0.141554 -0.230493
-0.161862 -0.180873 -0.219733 -0.158494 -0.131529 -0.230404
-0.152338 -0.181703 -0.22078 -0.149406 -0.120725 -0.230828
-0.142628 -0.183244 -0.22184 -0.141107 -0.110126 -0.231611
-0.133211 -0.185666 -0.222815 -0.134226 -0.0997751 -0.232548
-0.124558 -0.188316 -0.223788 -0.128285 -0.0907217 -0.234156
-0.117186 -0.190486 -0.224729 -0.123293 -0.0831667 -0.235959
-0.11156 -0.192458 -0.226135 -0.118909 -0.0775636 -0.23753
-0.107665 -0.194302 -0.227746 -0.115165 -0.0741642 -0.238649
-0.105674 -0.195772 -0.228758 -0.111887 -0.0725595 -0.23953
-0.105116 -0.19694 -0.229892 -0.109618 -0.0726141 -0.240406
-0.105323 -0.198122 -0.231466 -0.108837 -0.0739681 -0.241187
-0.106977 -0.199376 -0.232529 -0.110031 -0.076615 -0.241846
-0.110618 -0.200631 -0.233612 -0.113136 -0.0812779 -0.242488
-0.115285 -0.201914 -0.23445 -0.116937 -0.0864229 -0.242942
-0.121045 -0.202996 -0.235256 -0.12216 -0.0925126 -0.243097
-0.127957 -0.203793 -0.236114 -0.128344 -0.0994687 -0.243203
-0.135608 -0.204575 -0.236578 -0.135304 -0.107156 -0.243182
-0.143477 -0.20526 -0.236904 -0.142571 -0.115445 -0.243042
-0.151581 -0.205841 -0.237305 -0.150859 -0.123949 -0.242916
-0.159781 -0.20651 -0.237612 -0.159345 -0.132192 -0.242496
-0.16796 -0.206853 -0.237699 -0.167559 -0.140271 -0.242188
-0.176293 -0.206588 -0.236773 -0.176665 -0.148781 -0.241093
-0.18632 -0.205862 -0.232943 -0.188973 -0.161625 -0.239502
-0.196112 -0.20553 -0.230494 -0.201508 -0.176338 -0.238216
-0.202766 -0.204709 -0.228297 -0.208365 -0.190602 -0.237024
-0.206933 -0.204327 -0.225449 -0.209305 -0.204058 -0.235325
-0.210142 -0.203187 -0.220777 -0.208227 -0.216505 -0.233198
-0.210315 -0.20123 -0.215984 -0.206789 -0.229699 -0.230789
-0.209437 -0.197525 -0.212328 -0.203279 -0.231727 -0.226641
-0.20981 -0.192344 -0.210698 -0.198663 -0.233214 -0.220295
-0.210047 -0.185672 -0.208569 -0.19553 -0.234583 -0.21447
-0.210341 -0.179285 -0.203894 -0.194176 -0.234907 -0.209337
-0.2103 -0.172658 -0.196769 -0.191645 -0.234126 -0.203952
-0.211365 -0.165412 -0.188081 -0.190494 -0.233602 -0.197129
-0.211882 -0.157412 -0.179225 -0.190328 -0.233661 -0.189182
-0.211866 -0.148586 -0.170325 -0.190549 -0.233942 -0.180189
-0.212291 -0.139321 -0.161472 -0.191254 -0.234156 -0.170763
-0.213369 -0.12964 -0.152702 -0.191666 -0.23456 -0.161458
-0.215017 -0.120087 -0.144434 -0.193029 -0.235372 -0.15238
-0.216386 -0.110948 -0.136888 -0.194245 -0.235867 -0.143525
-0.217536 -0.10215 -0.129937 -0.195949 -0.236621 -0.135311
-0.218843 -0.09395 -0.123994 -0.198045 -0.23729 -0.128126
-0.220103 -0.0870748 -0.119015 -0.199763 -0.237804 -0.121819
-0.221159 -0.0813561 -0.11502 -0.20193 -0.238379 -0.116676
-0.222129 -0.0767768 -0.111841 -0.204097 -0.238807 -0.112822
-0.222876 -0.0738629 -0.109854 -0.206253 -0.239197 -0.110373
-0.223696 -0.0727475 -0.109411 -0.208573 -0.239252 -0.109648
-0.224574 -0.0735122 -0.109635 -0.210341 -0.239213 -0.110059
-0.225805 -0.0761255 -0.111783 -0.212426 -0.239249 -0.111887
-0.226795 -0.0795208 -0.115231 -0.213975 -0.239311 -0.114904
-0.227496 -0.0840248 -0.119553 -0.215602 -0.239247 -0.119389
-0.22785 -0.0895731 -0.125005 -0.216645 -0.239102 -0.125129
-0.228489 -0.0962778 -0.131551 -0.217735 -0.238845 -0.132058
-0.229242 -0.103755 -0.139197 -0.218736 -0.238518 -0.139683
-0.22993 -0.111995 -0.14716 -0.219266 -0.238284 -0.147506
-0.230387 -0.12033 -0.155156 -0.219816 -0.237964 -0.155616
-0.230816 -0.128634 -0.163233 -0.220355 -0.237655 -0.164086
-0.230921 -0.13672 -0.170947 -0.220751 -0.237324 -0.172456
-0.230561 -0.145255 -0.180582 -0.219445 -0.235927 -0.181312
-0.229525 -0.155234 -0.195741 -0.216874 -0.233933 -0.191504
-0.228392 -0.165669 -0.212315 -0.215497 -0.232093 -0.201347
-0.227423 -0.176261 -0.22546 -0.213723 -0.230359 -0.210252
-0.226757 -0.185631 -0.228772 -0.210803 -0.228406 -0.219118
-0.225689 -0.193469 -0.231408 -0.20679 -0.226789 -0.226444
-0.223825 -0.202342 -0.231913 -0.201464 -0.225331 -0.227828
-0.219931 -0.212201 -0.230135 -0.196732 -0.221111 -0.22571
-0.214155 -0.216214 -0.226669 -0.192581 -0.216965 -0.223647
-0.205278 -0.216489 -0.222716 -0.189115 -0.210576 -0.222548
-0.20026 -0.216735 -0.219543 -0.185081 -0.203151 -0.221299
-0.193704 -0.21508 -0.216335 -0.178577 -0.196107 -0.220412
-0.186861 -0.215066 -0.213246 -0.17056 -0.188917 -0.218545
-0.176752 -0.215547 -0.211314 -0.160225 -0.179574 -0.216918
-0.167643 -0.215479 -0.21065 -0.151446 -0.170752 -0.215715
-0.157671 -0.21534 -0.210379 -0.14297 -0.161452 -0.21479
-0.147632 -0.215533 -0.21049 -0.135406 -0.151711 -0.214431
-0.137632 -0.216138 -0.210909 -0.128793 -0.142201 -0.214385
-0.127979 -0.216868 -0.211635 -0.122933 -0.1327 -0.214721
-0.119016 -0.217797 -0.21305 -0.117907 -0.123797 -0.215216
-0.110969 -0.218821 -0.214635 -0.113607 -0.11618 -0.215847
-0.104042 -0.219977 -0.215939 -0.109692 -0.109735 -0.2165
-0.0990208 -0.221264 -0.217356 -0.10645 -0.104739 -0.217242
-0.0961618 -0.22255 -0.218721 -0.103753 -0.101485 -0.218209
-0.0949608 -0.223273 -0.220379 -0.101635 -0.100037 -0.219196
-0.0949653 -0.223946 -0.22185 -0.100238 -0.100716 -0.220275
-0.0964601 -0.224697 -0.223079 -0.10003 -0.102867 -0.22137
-0.0997325 -0.225814 -0.22437 -0.10135 -0.106575 -0.22248
-0.104129 -0.226976 -0.225254 -0.103906 -0.110979 -0.223509
-0.109802 -0.228065 -0.226119 -0.107626 -0.11632 -0.224358
-0.116298 -0.228872 -0.226793 -0.112669 -0.122539 -0.225372
-0.123857 -0.229434 -0.227673 -0.118711 -0.129491 -0.226017
-0.131941 -0.229627 -0.228291 -0.125111 -0.137286 -0.226205
-0.141571 -0.229734 -0.229296 -0.133179 -0.147696 -0.22615
-0.14977 -0.229808 -0.230177 -0.140709 -0.156158 -0.226019
-0.157771 -0.229739 -0.230668 -0.148846 -0.164344 -0.225762
-0.16542 -0.22972 -0.230839 -0.156834 -0.171173 -0.225172
-0.174055 -0.228965 -0.228862 -0.169121 -0.175794 -0.22284
-0.183884 -0.227988 -0.227822 -0.182806 -0.180644 -0.221276
-0.192001 -0.225923 -0.228478 -0.198063 -0.182553 -0.220132
-0.197989 -0.22286 -0.228457 -0.21047 -0.184039 -0.218579
-0.203063 -0.219387 -0.227544 -0.212942 -0.184832 -0.217396
-0.207717 -0.216781 -0.224593 -0.215419 -0.183766 -0.216696
-0.215154 -0.214533 -0.219741 -0.217578 -0.182779 -0.215252
-0.222901 -0.211321 -0.21497 -0.21754 -0.181042 -0.211828
-0.224274 -0.206879 -0.211112 -0.219042 -0.181308 -0.206751
-0.22545 -0.200301 -0.206869 -0.223779 -0.183114 -0.200017
-0.227764 -0.193014 -0.201355 -0.230299 -0.185576 -0.191546
-0.229264 -0.1852 -0.193819 -0.233463 -0.188535 -0.182371
-0.229287 -0.177876 -0.184238 -0.230899 -0.189124 -0.17393
-0.229018 -0.170002 -0.172917 -0.227725 -0.188201 -0.166152
-0.229697 -0.161629 -0.160952 -0.225019 -0.188083 -0.15769
-0.229377 -0.152768 -0.150728 -0.222909 -0.187843 -0.148947
-0.227939 -0.143625 -0.14192 -0.221764 -0.18793 -0.139721
-0.22685 -0.134628 -0.133978 -0.221132 -0.188271 -0.13109
-0.226456 -0.125828 -0.127344 -0.220675 -0.188185 -0.1231
-0.226397 -0.118081 -0.121708 -0.220906 -0.188278 -0.115635
-0.225819 -0.111522 -0.117242 -0.221736 -0.18875 -0.108763
-0.225408 -0.106078 -0.113726 -0.222803 -0.189555 -0.102846
-0.225761 -0.101974 -0.110899 -0.224191 -0.190174 -0.0982545
-0.226045 -0.099097 -0.1086 -0.225538 -0.190917 -0.095317
-0.226445 -0.0972412 -0.107387 -0.227267 -0.192036 -0.0939238
-0.227036 -0.0967118 -0.107155 -0.229385 -0.193791 -0.09395
-0.227888 -0.0978609 -0.108466 -0.230753 -0.195319 -0.0958543
-0.229409 -0.10055 -0.111092 -0.232015 -0.196786 -0.0989962
-0.230656 -0.104819 -0.114913 -0.233578 -0.19853 -0.103127
-0.231536 -0.110167 -0.119963 -0.23473 -0.20024 -0.108135
-0.232429 -0.116576 -0.125701 -0.235908 -0.202158 -0.114459
-0.233121 -0.124001 -0.132626 -0.236992 -0.203781 -0.121978
-0.233697 -0.132453 -0.140205 -0.237944 -0.205105 -0.13001
-0.233647 -0.141303 -0.148105 -0.239041 -0.206222 -0.138631
-0.233837 -0.149931 -0.155937 -0.239556 -0.207031 -0.147069
-0.234037 -0.15811 -0.163554 -0.240142 -0.207861 -0.155083
-0.234223 -0.166019 -0.170862 -0.240248 -0.208467 -0.162561
-0.232946 -0.175681 -0.18258 -0.236968 -0.207501 -0.171752
-0.231708 -0.187093 -0.197876 -0.234492 -0.206162 -0.182184
-0.230385 -0.198604 -0.211678 -0.232808 -0.204567 -0.191994
-0.228087 -0.211026 -0.226038 -0.230206 -0.201818 -0.203647
-0.22595 -0.218537 -0.229319 -0.227057 -0.198947 -0.212933
-0.224011 -0.224104 -0.229566 -0.222588 -0.197377 -0.220216
-0.222046 -0.227058 -0.228152 -0.21681 -0.195896 -0.223691
-0.216864 -0.226514 -0.226068 -0.211393 -0.191028 -0.221298
-0.210978 -0.226866 -0.221718 -0.207814 -0.18522 -0.220555
-0.204005 -0.226342 -0.217767 -0.204192 -0.177902 -0.221321
-0.197357 -0.225976 -0.217044 -0.198923 -0.170507 -0.221863
-0.19008 -0.225272 -0.215597 -0.191866 -0.164072 -0.221215
-0.18282 -0.225011 -0.214705 -0.183531 -0.157062 -0.22012
-0.175074 -0.225025 -0.214953 -0.17438 -0.149121 -0.219357
-0.166188 -0.224403 -0.215411 -0.165165 -0.139623 -0.218793
-0.156466 -0.223988 -0.216135 -0.156395 -0.129117 -0.218613
-0.146353 -0.224376 -0.216681 -0.148325 -0.118231 -0.219131
-0.136323 -0.225403 -0.217322 -0.140885 -0.107477 -0.22012
-0.126925 -0.226461 -0.218184 -0.134297 -0.0970184 -0.221355
-0.118717 -0.227255 -0.2194 -0.128422 -0.0878309 -0.222805
-0.11205 -0.227845 -0.220719 -0.123168 -0.0804253 -0.223848
-0.107041 -0.228357 -0.222176 -0.11846 -0.0751944 -0.224472
-0.104067 -0.228357 -0.224118 -0.114202 -0.0717524 -0.22494
-0.102755 -0.228307 -0.226076 -0.11099 -0.0699442 -0.224987
-0.102583 -0.228231 -0.227581 -0.109258 -0.0699758 -0.22524
-0.103542 -0.22826 -0.229274 -0.10989 -0.0721915 -0.2256
-0.105793 -0.228356 -0.230574 -0.112143 -0.0753736 -0.226324
-0.109448 -0.228764 -0.23166 -0.115537 -0.0798618 -0.227057
-0.11419 -0.229179 -0.232439 -0.12031 -0.0854882 -0.227735
-0.120099 -0.229432 -0.233137 -0.126317 -0.0920759 -0.228404
-0.127316 -0.229351 -0.233904 -0.133184 -0.0995837 -0.228941
-0.135059 -0.229312 -0.234618 -0.140474 -0.107451 -0.229611
-0.143167 -0.229356 -0.235139 -0.148095 -0.116081 -0.230155
-0.151284 -0.229382 -0.235458 -0.156856 -0.124668 -0.230546
-0.159461 -0.229549 -0.235721 -0.165588 -0.133007 -0.230783
-0.167476 -0.229198 -0.236032 -0.173513 -0.140858 -0.230832
-0.175181 -0.228511 -0.235242 -0.176832 -0.149234 -0.230271
-0.182413 -0.227996 -0.231526 -0.18032 -0.160659 -0.229382
-0.182968 -0.227662 -0.22932 -0.180967 -0.173932 -0.229397
-0.183266 -0.228099 -0.227867 -0.180943 -0.187363 -0.228978
-0.183488 -0.227445 -0.226425 -0.181027 -0.201235 -0.22776
-0.184438 -0.225508 -0.225605 -0.180545 -0.206811 -0.225824
-0.186382 -0.221997 -0.224415 -0.179355 -0.209643 -0.223004
-0.187723 -0.217561 -0.222185 -0.177749 -0.212123 -0.220277
-0.188553 -0.212563 -0.218343 -0.177711 -0.213865 -0.216131
-0.189598 -0.207197 -0.212741 -0.177638 -0.214749 -0.211183
-0.190868 -0.199943 -0.203972 -0.177571 -0.215539 -0.203524
-0.192055 -0.192889 -0.195872 -0.178065 -0.216767 -0.195917
-0.193461 -0.184865 -0.187628 -0.178484 -0.218795 -0.186977
-0.195341 -0.176055 -0.179084 -0.178783 -0.221096 -0.177305
-0.19814 -0.166643 -0.17017 -0.179081 -0.223578 -0.167449
-0.201423 -0.156933 -0.161007 -0.179319 -0.226206 -0.157804
-0.204904 -0.147435 -0.151668 -0.179959 -0.228638 -0.148478
-0.208022 -0.138261 -0.142668 -0.181495 -0.231066 -0.13952
-0.210285 -0.129794 -0.134183 -0.183786 -0.233176 -0.130837
-0.212184 -0.122058 -0.126621 -0.186652 -0.234681 -0.123006
-0.213588 -0.115192 -0.120113 -0.189187 -0.235994 -0.116143
-0.214967 -0.10893 -0.114929 -0.192049 -0.237389 -0.110094
-0.21642 -0.103723 -0.110977 -0.194564 -0.238926 -0.1049
-0.218081 -0.0999691 -0.108398 -0.197012 -0.240602 -0.100647
-0.219889 -0.0976431 -0.106963 -0.199297 -0.241958 -0.0983555
-0.221763 -0.0966232 -0.106899 -0.201436 -0.243437 -0.097655
-0.223516 -0.097243 -0.107509 -0.203316 -0.244708 -0.0982698
-0.225093 -0.0993285 -0.109783 -0.205175 -0.245896 -0.100306
-0.226794 -0.103779 -0.113707 -0.207098 -0.246519 -0.104594
-0.227954 -0.108895 -0.118225 -0.208677 -0.246939 -0.109616
-0.229023 -0.115145 -0.124283 -0.209832 -0.247262 -0.115698
-0.229555 -0.122219 -0.131509 -0.210996 -0.247485 -0.122976
-0.230098 -0.129832 -0.139486 -0.212098 -0.247536 -0.131167
-0.230403 -0.137752 -0.147671 -0.212662 -0.247372 -0.139856
-0.230816 -0.146042 -0.155919 -0.213116 -0.247072 -0.148545
-0.231053 -0.154467 -0.164013 -0.213397 -0.246718 -0.156958
-0.231227 -0.162742 -0.171676 -0.21343 -0.246385 -0.164902
-0.230294 -0.171206 -0.182436 -0.210997 -0.244951 -0.173946
-0.229233 -0.180516 -0.197966 -0.208414 -0.243197 -0.184893
-0.228226 -0.189343 -0.212897 -0.206881 -0.241515 -0.195642
-0.227113 -0.197688 -0.218084 -0.204177 -0.239966 -0.205996
-0.226375 -0.204211 -0.21993 -0.200538 -0.238357 -0.215949
-0.225457 -0.210681 -0.219222 -0.194955 -0.237469 -0.224901
-0.222719 -0.219375 -0.217866 -0.189502 -0.235603 -0.222781
-0.217528 -0.230332 -0.214692 -0.185418 -0.2319 -0.221011
-0.210656 -0.241346 -0.210278 -0.181738 -0.227063 -0.220237
-0.20399 -0.24499 -0.207282 -0.177856 -0.220452 -0.219578
-0.196548 -0.244469 -0.204911 -0.17382 -0.213817 -0.218076
-0.191104 -0.243678 -0.201995 -0.167781 -0.206075 -0.216429
-0.184045 -0.242921 -0.199485 -0.159674 -0.197608 -0.215694
-0.17621 -0.24236 -0.198259 -0.151637 -0.189113 -0.214732
-0.166861 -0.241889 -0.197489 -0.143795 -0.18006 -0.214009
-0.156886 -0.242132 -0.196829 -0.136392 -0.170937 -0.213711
-0.146352 -0.242707 -0.196468 -0.129742 -0.161505 -0.214044
-0.133946 -0.243282 -0.197222 -0.122715 -0.150537 -0.214815
-0.124447 -0.243731 -0.198223 -0.11754 -0.142004 -0.215742
-0.115894 -0.244365 -0.199556 -0.112911 -0.134025 -0.216489
-0.109044 -0.245259 -0.201109 -0.1089 -0.126996 -0.217167
-0.103981 -0.245999 -0.202966 -0.105607 -0.12112 -0.217809
-0.100586 -0.24659 -0.204646 -0.102761 -0.116506 -0.218645
-0.0984638 -0.247193 -0.2063 -0.100503 -0.113412 -0.219399
-0.0978161 -0.247846 -0.208024 -0.099083 -0.112134 -0.220361
-0.0980787 -0.248381 -0.209391 -0.098373 -0.112524 -0.221317
-0.0997784 -0.24899 -0.210416 -0.0983137 -0.114656 -0.222373
-0.103269 -0.249531 -0.211515 -0.0992433 -0.118052 -0.223336
-0.108051 -0.24989 -0.21287 -0.101558 -0.122532 -0.223999
-0.114045 -0.250166 -0.213783 -0.105385 -0.128245 -0.22461
-0.120986 -0.250514 -0.214354 -0.110448 -0.134859 -0.225266
-0.128596 -0.250795 -0.214955 -0.116624 -0.14266 -0.225828
-0.136381 -0.250902 -0.215529 -0.123477 -0.151198 -0.226328
-0.144426 -0.250995 -0.21589 -0.131195 -0.1598 -0.226571
-0.152693 -0.251147 -0.216149 -0.13931 -0.168208 -0.226822
-0.160688 -0.251172 -0.216162 -0.147188 -0.176279 -0.227195
-0.168322 -0.250712 -0.216341 -0.154765 -0.18394 -0.227394
-0.17674 -0.249475 -0.21353 -0.167978 -0.192766 -0.225689
-0.18622 -0.248497 -0.210512 -0.183994 -0.20275 -0.224504
-0.195404 -0.247703 -0.207786 -0.199329 -0.212201 -0.223652
-0.202059 -0.246985 -0.204582 -0.20115 -0.21909 -0.222654
-0.20852 -0.244997 -0.200128 -0.207087 -0.225857 -0.220863
-0.212752 -0.2417 -0.196026 -0.21419 -0.229947 -0.218459
-0.212646 -0.237077 -0.193561 -0.218393 -0.230114 -0.214125
-0.21285 -0.231322 -0.192218 -0.2222 -0.231075 -0.208465
-0.212787 -0.224823 -0.189364 -0.220596 -0.231744 -0.201762
-0.212014 -0.219355 -0.183429 -0.216299 -0.230289 -0.196257
-0.212111 -0.213613 -0.175558 -0.213793 -0.228702 -0.190537
-0.21164 -0.207156 -0.16723 -0.211178 -0.228031 -0.183597
-0.210355 -0.199563 -0.158845 -0.209197 -0.227035 -0.175462
-0.209658 -0.190929 -0.150389 -0.208345 -0.226283 -0.166664
-0.209407 -0.181818 -0.142231 -0.207236 -0.225708 -0.157579
-0.209533 -0.172569 -0.134536 -0.206301 -0.225338 -0.148413
-0.209763 -0.163531 -0.127539 -0.206069 -0.225281 -0.139181
-0.210205 -0.154853 -0.121449 -0.206735 -0.225384 -0.130192
-0.210753 -0.147094 -0.116213 -0.207737 -0.22545 -0.122039
-0.211443 -0.140138 -0.111674 -0.209001 -0.225744 -0.114636
-0.212297 -0.134216 -0.108288 -0.21061 -0.226101 -0.108248
-0.214448 -0.129256 -0.105427 -0.212297 -0.226609 -0.103362
-0.219342 -0.125676 -0.10295 -0.214104 -0.22735 -0.0997485
-0.225725 -0.123128 -0.101087 -0.215841 -0.227699 -0.097757
-0.232941 -0.121698 -0.0996269 -0.217296 -0.227991 -0.0974281
-0.242106 -0.121604 -0.0992792 -0.218432 -0.228642 -0.0980309
-0.242502 -0.12235 -0.10027 -0.218455 -0.229527 -0.0998073
-0.243764 -0.125389 -0.103404 -0.218589 -0.231385 -0.102173
-0.24477 -0.129526 -0.10779 -0.218654 -0.232824 -0.106007
-0.245882 -0.135526 -0.112486 -0.218976 -0.233968 -0.111438
-0.246479 -0.142853 -0.117882 -0.219763 -0.234079 -0.118672
-0.246596 -0.151482 -0.123592 -0.220029 -0.233091 -0.126897
-0.246194 -0.160521 -0.129971 -0.220888 -0.232404 -0.135441
-0.245183 -0.169118 -0.137063 -0.221325 -0.232004 -0.143887
-0.244458 -0.176885 -0.145105 -0.221196 -0.232157 -0.152398
-0.244188 -0.184375 -0.153262 -0.220697 -0.232488 -0.160517
-0.243856 -0.19153 -0.162325 -0.219027 -0.232183 -0.168786
-0.242789 -0.19878 -0.176618 -0.215403 -0.230487 -0.178672
-0.241653 -0.20614 -0.19276 -0.212743 -0.229426 -0.188854
-0.240096 -0.213588 -0.207242 -0.210137 -0.228834 -0.198036
-0.237825 -0.22088 -0.220519 -0.207164 -0.22807 -0.207231
-0.234432 -0.226668 -0.230971 -0.203944 -0.226453 -0.210073
-0.229943 -0.230238 -0.232466 -0.200789 -0.223485 -0.209242
-0.224685 -0.232881 -0.23023 -0.196837 -0.22239 -0.207859
-0.220061 -0.236776 -0.228256 -0.192503 -0.219587 -0.205644
-0.215006 -0.239145 -0.22768 -0.187821 -0.215599 -0.20232
-0.209151 -0.237306 -0.225281 -0.182954 -0.209171 -0.19967
-0.203703 -0.235876 -0.222918 -0.178125 -0.200523 -0.198761
-0.194586 -0.234847 -0.221109 -0.170717 -0.188826 -0.199285
-0.185976 -0.234958 -0.219455 -0.163022 -0.179081 -0.199657
-0.176884 -0.23536 -0.218541 -0.154861 -0.169372 -0.200162
-0.167631 -0.235859 -0.218437 -0.146712 -0.159616 -0.201185
-0.158691 -0.236439 -0.218322 -0.139176 -0.150131 -0.202212
-0.149665 -0.236981 -0.218626 -0.132087 -0.140558 -0.203381
-0.140888 -0.237451 -0.219382 -0.125695 -0.131107 -0.204875
-0.132738 -0.237978 -0.220153 -0.120399 -0.122221 -0.206876
-0.125141 -0.238605 -0.221104 -0.115914 -0.114039 -0.20892
-0.118677 -0.239226 -0.222278 -0.11213 -0.107332 -0.210707
-0.113708 -0.239843 -0.223525 -0.108704 -0.102537 -0.212512
-0.11058 -0.24037 -0.224913 -0.105825 -0.0992932 -0.21402
-0.109421 -0.240727 -0.226279 -0.103527 -0.0979179 -0.215186
-0.109618 -0.241188 -0.22727 -0.101821 -0.0981502 -0.216484
-0.110912 -0.241744 -0.228251 -0.1016 -0.099892 -0.217708
-0.113381 -0.242311 -0.228962 -0.102979 -0.102985 -0.218904
-0.117279 -0.242991 -0.22957 -0.105503 -0.107295 -0.220151
-0.12233 -0.243542 -0.230063 -0.108945 -0.112591 -0.221098
-0.128793 -0.243974 -0.230473 -0.113923 -0.119004 -0.221956
-0.136248 -0.243936 -0.230897 -0.119886 -0.126529 -0.22277
-0.144383 -0.243732 -0.231195 -0.126515 -0.134668 -0.223444
-0.152685 -0.243551 -0.231415 -0.133881 -0.143271 -0.224059
-0.161135 -0.24359 -0.231351 -0.142044 -0.151859 -0.224535
-0.164051 -0.243441 -0.231651 -0.150309 -0.160078 -0.224809
-0.166321 -0.242958 -0.232917 -0.157961 -0.168208 -0.224326
-0.169281 -0.24138 -0.233115 -0.171211 -0.178097 -0.221852
-0.171829 -0.240169 -0.232032 -0.188783 -0.187483 -0.219867
-0.17267 -0.239749 -0.231822 -0.20805 -0.195793 -0.218441
-0.173792 -0.239205 -0.231566 -0.225745 -0.202625 -0.216499
-0.174453 -0.237775 -0.230196 -0.239272 -0.209005 -0.214081
-0.174085 -0.235439 -0.227914 -0.243889 -0.214946 -0.210711
-0.172479 -0.233291 -0.224458 -0.244148 -0.217979 -0.207908
-0.170772 -0.230453 -0.220169 -0.243376 -0.21723 -0.204171
-0.170421 -0.226632 -0.215632 -0.241313 -0.216577 -0.200356
-0.170741 -0.221893 -0.210261 -0.238363 -0.216614 -0.195581
-0.171513 -0.216082 -0.203421 -0.236171 -0.217065 -0.189505
-0.173195 -0.209339 -0.194958 -0.234277 -0.217159 -0.182455
-0.174739 -0.201957 -0.185622 -0.232377 -0.21715 -0.174526
-0.17644 -0.194138 -0.17578 -0.231265 -0.217458 -0.166034
-0.178098 -0.185631 -0.165608 -0.230787 -0.217912 -0.157168
-0.179336 -0.176889 -0.155862 -0.230832 -0.21846 -0.148185
-0.180508 -0.167647 -0.14644 -0.231264 -0.219082 -0.139202
-0.182062 -0.158275 -0.137821 -0.232139 -0.219811 -0.130591
-0.183581 -0.149152 -0.130443 -0.233246 -0.220733 -0.122454
-0.185368 -0.140491 -0.124184 -0.234441 -0.222262 -0.115022
-0.187228 -0.132848 -0.119105 -0.235524 -0.224137 -0.108248
-0.189225 -0.126611 -0.115023 -0.236677 -0.226245 -0.102377
-0.191524 -0.121601 -0.111467 -0.238158 -0.22841 -0.0977923
-0.193594 -0.117782 -0.108438 -0.239905 -0.230597 -0.0946261
-0.19502 -0.116557 -0.107417 -0.241524 -0.23235 -0.0939322
-0.196138 -0.116493 -0.107207 -0.243128 -0.233797 -0.0944161
-0.197433 -0.11803 -0.108618 -0.244216 -0.234946 -0.0963856
-0.198941 -0.120665 -0.111356 -0.245437 -0.236009 -0.099469
-0.200064 -0.124636 -0.115369 -0.246596 -0.236787 -0.103466
-0.201132 -0.129848 -0.12037 -0.247354 -0.23737 -0.108532
-0.202097 -0.136529 -0.126511 -0.248213 -0.237934 -0.114594
-0.202756 -0.144274 -0.13374 -0.248882 -0.238355 -0.121579
-0.203206 -0.152559 -0.141663 -0.249307 -0.23868 -0.129471
-0.203604 -0.160921 -0.149689 -0.249574 -0.238824 -0.137616
-0.20366 -0.168972 -0.157599 -0.249774 -0.239019 -0.146158
-0.203865 -0.176938 -0.16553 -0.249798 -0.239151 -0.154652
-0.203906 -0.184534 -0.173077 -0.249381 -0.239114 -0.162715
-0.203113 -0.192688 -0.183953 -0.246251 -0.237704 -0.172905
-0.201842 -0.203035 -0.199778 -0.243252 -0.236277 -0.187765
-0.201193 -0.202921 -0.201885 -0.241213 -0.23519 -0.199745
-0.200376 -0.201102 -0.202102 -0.238265 -0.23421 -0.210933
-0.200068 -0.199557 -0.20274 -0.234739 -0.23247 -0.220572
-0.197883 -0.199184 -0.201981 -0.232109 -0.22918 -0.21985
-0.193983 -0.19943 -0.199411 -0.230729 -0.226072 -0.22089
-0.189235 -0.19964 -0.197965 -0.229352 -0.222396 -0.221785
-0.183433 -0.200271 -0.197338 -0.22617 -0.217838 -0.222386
-0.177731 -0.200537 -0.197449 -0.22084 -0.212652 -0.222485
-0.17176 -0.200649 -0.197342 -0.214068 -0.206403 -0.222288
-0.164744 -0.201534 -0.197837 -0.206182 -0.199209 -0.222392
-0.154523 -0.202467 -0.198722 -0.19597 -0.18877 -0.222691
-0.144825 -0.203172 -0.199756 -0.187118 -0.178745 -0.223183
-0.134461 -0.204458 -0.200796 -0.178354 -0.168803 -0.223919
-0.123974 -0.206447 -0.201671 -0.169056 -0.158511 -0.22476
-0.113368 -0.208585 -0.202845 -0.159812 -0.14844 -0.225947
-0.102896 -0.210398 -0.204106 -0.151117 -0.138867 -0.227153
-0.0933112 -0.211883 -0.205909 -0.142988 -0.130155 -0.228157
-0.0848559 -0.213277 -0.207685 -0.135646 -0.122697 -0.228979
-0.0779596 -0.214798 -0.209684 -0.129208 -0.116426 -0.22949
-0.0728181 -0.216442 -0.211738 -0.123825 -0.111255 -0.229871
-0.069632 -0.217816 -0.213655 -0.119838 -0.10746 -0.230163
-0.0682338 -0.219152 -0.21539 -0.117461 -0.104743 -0.230599
-0.0682959 -0.220511 -0.217237 -0.11637 -0.104101 -0.2312
-0.0692491 -0.221653 -0.218649 -0.117201 -0.105124 -0.23173
-0.0719065 -0.222954 -0.219747 -0.11937 -0.107907 -0.232232
-0.0763732 -0.22444 -0.221158 -0.123416 -0.111895 -0.232566
-0.0820519 -0.22596 -0.22203 -0.128646 -0.116848 -0.232658
-0.0886338 -0.227086 -0.222753 -0.134978 -0.122699 -0.232863
-0.0975308 -0.228315 -0.223876 -0.143734 -0.131182 -0.23308
-0.10554 -0.229201 -0.22436 -0.151847 -0.139287 -0.232975
-0.11362 -0.230095 -0.22484 -0.160317 -0.148067 -0.232786
-0.121823 -0.230978 -0.225123 -0.16895 -0.156746 -0.232656
-0.12995 -0.231669 -0.225447 -0.17745 -0.165171 -0.232372
-0.13797 -0.232081 -0.225791 -0.185508 -0.173345 -0.232142
-0.14612 -0.231531 -0.225221 -0.194774 -0.181544 -0.23123
-0.155987 -0.230277 -0.221948 -0.208666 -0.191799 -0.229064
-0.166246 -0.229577 -0.219755 -0.222673 -0.202438 -0.227777
-0.175221 -0.229104 -0.217914 -0.235863 -0.211502 -0.226366
-0.183257 -0.227305 -0.215608 -0.243948 -0.219581 -0.223802
-0.190071 -0.225352 -0.212802 -0.24482 -0.227874 -0.220949
-0.197358 -0.223099 -0.208004 -0.24377 -0.235092 -0.218179
-0.205249 -0.220071 -0.202674 -0.242346 -0.234566 -0.215181
-0.212793 -0.215732 -0.198412 -0.239309 -0.233825 -0.210514
-0.220322 -0.210051 -0.194807 -0.234746 -0.233387 -0.205637
-0.228075 -0.203281 -0.190573 -0.232068 -0.233144 -0.200977
-0.234777 -0.196133 -0.184367 -0.229452 -0.230989 -0.195414
-0.241116 -0.188734 -0.175908 -0.226617 -0.228335 -0.188617
-0.240884 -0.180269 -0.166744 -0.225075 -0.225521 -0.180616
-0.240184 -0.17203 -0.158067 -0.221887 -0.223182 -0.171245
-0.240002 -0.162862 -0.150008 -0.21976 -0.222333 -0.161075
-0.239568 -0.152088 -0.140789 -0.218766 -0.22146 -0.14886
-0.239604 -0.142677 -0.133457 -0.217743 -0.220973 -0.139958
-0.240463 -0.133777 -0.126527 -0.217216 -0.220687 -0.131994
-0.240764 -0.125581 -0.120269 -0.217309 -0.22071 -0.124493
-0.24077 -0.118419 -0.115128 -0.218338 -0.221109 -0.118254
-0.240706 -0.11254 -0.110799 -0.219915 -0.221201 -0.113073
-0.240945 -0.107623 -0.10731 -0.220825 -0.221582 -0.109136
-0.241622 -0.104052 -0.104714 -0.222126 -0.222318 -0.105654
-0.242023 -0.101676 -0.103652 -0.2234 -0.223273 -0.103147
-0.242573 -0.100736 -0.103859 -0.224826 -0.22403 -0.102426
-0.243142 -0.101533 -0.104721 -0.226259 -0.224982 -0.1028
-0.243687 -0.103727 -0.106281 -0.227722 -0.225785 -0.104952
-0.244086 -0.107157 -0.109431 -0.228949 -0.226449 -0.108864
-0.243939 -0.11186 -0.113654 -0.230619 -0.227161 -0.114261
-0.243615 -0.117726 -0.118883 -0.232094 -0.2278 -0.120893
-0.243543 -0.12469 -0.125446 -0.233116 -0.228309 -0.128835
-0.243793 -0.132351 -0.13314 -0.234073 -0.228595 -0.137218
-0.24402 -0.140883 -0.141238 -0.234827 -0.229045 -0.145312
-0.243605 -0.149688 -0.149242 -0.235731 -0.229342 -0.153061
-0.242848 -0.16044 -0.158582 -0.236577 -0.229447 -0.162758
-0.242309 -0.16891 -0.165933 -0.237054 -0.229211 -0.170869
-0.241213 -0.17765 -0.175747 -0.234791 -0.227787 -0.179896
-0.239912 -0.186892 -0.189553 -0.231808 -0.226317 -0.190443
-0.238446 -0.195744 -0.203735 -0.229586 -0.225154 -0.196036
-0.236161 -0.204303 -0.2165 -0.227671 -0.22242 -0.196597
-0.23225 -0.211279 -0.223255 -0.225874 -0.220199 -0.19785
-0.228956 -0.215853 -0.224981 -0.223458 -0.218055 -0.197009
-0.225966 -0.219667 -0.224487 -0.219553 -0.216918 -0.194593
-0.222985 -0.221873 -0.224934 -0.215458 -0.214897 -0.191533
-0.218877 -0.225643 -0.223935 -0.2109 -0.21084 -0.188839
-0.213932 -0.228131 -0.221097 -0.206201 -0.204339 -0.188425
-0.207282 -0.230771 -0.219094 -0.200853 -0.196632 -0.188648
-0.199401 -0.233113 -0.218124 -0.194278 -0.188589 -0.189307
-0.190904 -0.23556 -0.21672 -0.186385 -0.180227 -0.189933
-0.182448 -0.236956 -0.215404 -0.177685 -0.171636 -0.189649
-0.17388 -0.237061 -0.214705 -0.168431 -0.162582 -0.189615
-0.165134 -0.237001 -0.214314 -0.159257 -0.15312 -0.189667
-0.156029 -0.236849 -0.214128 -0.150668 -0.143277 -0.190256
-0.146835 -0.237112 -0.214032 -0.142952 -0.133413 -0.191747
-0.137763 -0.237996 -0.214161 -0.136146 -0.124061 -0.193631
-0.129339 -0.239227 -0.214423 -0.13016 -0.11588 -0.196047
-0.120903 -0.240645 -0.215126 -0.124397 -0.107692 -0.198904
-0.115605 -0.241666 -0.216226 -0.120138 -0.102601 -0.201075
-0.112013 -0.242641 -0.217536 -0.116469 -0.0990353 -0.202945
-0.110078 -0.243426 -0.219009 -0.113424 -0.096892 -0.204596
-0.109494 -0.244126 -0.220487 -0.111562 -0.096062 -0.20613
-0.110031 -0.24507 -0.221724 -0.110785 -0.096808 -0.207836
-0.111634 -0.246076 -0.22272 -0.111604 -0.0984092 -0.209699
-0.114668 -0.247234 -0.223544 -0.113864 -0.101367 -0.211484
-0.119112 -0.248143 -0.224162 -0.117368 -0.105545 -0.213198
-0.124749 -0.248787 -0.224928 -0.122409 -0.111208 -0.214557
-0.131321 -0.249289 -0.225753 -0.128547 -0.118238 -0.215724
-0.138973 -0.249535 -0.226455 -0.135431 -0.125951 -0.21665
-0.147588 -0.249637 -0.226948 -0.143049 -0.134301 -0.217319
-0.156303 -0.249393 -0.227319 -0.151431 -0.14264 -0.217896
-0.164866 -0.249118 -0.227592 -0.160105 -0.150877 -0.218467
-0.173045 -0.248859 -0.227831 -0.168705 -0.159182 -0.218827
-0.182615 -0.248168 -0.227727 -0.178913 -0.168757 -0.218482
-0.191815 -0.246234 -0.224546 -0.192808 -0.177566 -0.216648
-0.201316 -0.244898 -0.221802 -0.208071 -0.186693 -0.215529
-0.204114 -0.243694 -0.220045 -0.222863 -0.194398 -0.214391
-0.203861 -0.240785 -0.218652 -0.23199 -0.202303 -0.212264
-0.203483 -0.238689 -0.217635 -0.236112 -0.205316 -0.208541
-0.203279 -0.235062 -0.216471 -0.239042 -0.206044 -0.203794
-0.203301 -0.231277 -0.213877 -0.240632 -0.205787 -0.200597
-0.202343 -0.227545 -0.210583 -0.240401 -0.205869 -0.197274
-0.201548 -0.223644 -0.206077 -0.240006 -0.205386 -0.193802
-0.201182 -0.21896 -0.200176 -0.238126 -0.205094 -0.189121
-0.201207 -0.21318 -0.19297 -0.237032 -0.205242 -0.182686
-0.20125 -0.206236 -0.185053 -0.236602 -0.205791 -0.175123
-0.201269 -0.198291 -0.176248 -0.236457 -0.206316 -0.166757
-0.201796 -0.189644 -0.166321 -0.236202 -0.20679 -0.158146
-0.202619 -0.180528 -0.156535 -0.236036 -0.207504 -0.149209
-0.203442 -0.171359 -0.147536 -0.236167 -0.208729 -0.139897
-0.204249 -0.162352 -0.139322 -0.2368 -0.210174 -0.130527
-0.205396 -0.153537 -0.131885 -0.237428 -0.211738 -0.121501
-0.206606 -0.145359 -0.125189 -0.238154 -0.213614 -0.113043
-0.208062 -0.136493 -0.118331 -0.239266 -0.215699 -0.103955
-0.209066 -0.130013 -0.113471 -0.240283 -0.217513 -0.0973285
-0.209987 -0.124891 -0.109408 -0.241472 -0.219229 -0.092056
-0.210841 -0.121072 -0.106092 -0.242634 -0.220714 -0.0884532
-0.211651 -0.118526 -0.104133 -0.2437 -0.222161 -0.0865594
-0.212234 -0.117468 -0.10338 -0.24473 -0.223494 -0.0863133
-0.213022 -0.117736 -0.103798 -0.245464 -0.224711 -0.0870295
-0.213752 -0.119601 -0.105787 -0.246192 -0.226182 -0.0889574
-0.214434 -0.123102 -0.109132 -0.246712 -0.227294 -0.0921961
-0.215182 -0.127894 -0.113543 -0.247155 -0.22815 -0.096981
-0.215433 -0.133967 -0.118954 -0.247807 -0.228837 -0.103109
-0.215453 -0.141074 -0.125557 -0.248293 -0.229244 -0.110587
-0.215455 -0.148837 -0.132908 -0.248817 -0.229263 -0.118998
-0.215448 -0.157157 -0.141027 -0.249068 -0.229092 -0.127452
-0.215287 -0.165978 -0.14939 -0.249188 -0.229027 -0.136104
-0.215266 -0.174698 -0.157549 -0.249285 -0.228898 -0.144697
-0.215062 -0.184777 -0.166972 -0.249116 -0.228663 -0.154704
-0.213938 -0.19082 -0.176208 -0.247359 -0.228194 -0.163519
-0.212507 -0.196102 -0.182583 -0.244316 -0.227219 -0.174685
-0.21249 -0.198876 -0.183977 -0.24209 -0.227277 -0.185647
-0.213463 -0.200396 -0.185131 -0.239071 -0.227109 -0.196728
-0.2135 -0.202288 -0.186809 -0.23604 -0.226945 -0.207825
-0.211763 -0.203939 -0.186201 -0.233119 -0.225428 -0.215332
-0.208626 -0.205639 -0.184752 -0.230604 -0.222325 -0.222149
-0.204025 -0.206716 -0.183214 -0.228833 -0.218076 -0.227364
-0.198345 -0.207234 -0.181491 -0.22609 -0.213066 -0.230751
-0.192189 -0.207823 -0.180325 -0.222228 -0.207433 -0.23135
-0.185653 -0.20803 -0.179744 -0.216674 -0.201151 -0.231841
-0.17861 -0.207966 -0.179 -0.209632 -0.193951 -0.231941
-0.170776 -0.208528 -0.179004 -0.201642 -0.185801 -0.232473
-0.16201 -0.209408 -0.179181 -0.193048 -0.176395 -0.233047
-0.152737 -0.210337 -0.179588 -0.18409 -0.166341 -0.233909
-0.143066 -0.211673 -0.180715 -0.174881 -0.155934 -0.234898
-0.132865 -0.213133 -0.18219 -0.165632 -0.14549 -0.235933
-0.122997 -0.214632 -0.18394 -0.156546 -0.135637 -0.237042
-0.113584 -0.216339 -0.185733 -0.147634 -0.126534 -0.238197
-0.104578 -0.218147 -0.187706 -0.139636 -0.11826 -0.239506
-0.0962885 -0.219853 -0.190022 -0.132855 -0.110849 -0.240794
-0.0896475 -0.221345 -0.192231 -0.12703 -0.104403 -0.241803
-0.0843365 -0.22319 -0.19514 -0.121361 -0.0986084 -0.242929
-0.0819428 -0.224678 -0.197462 -0.118056 -0.0955407 -0.243667
-0.0812355 -0.226206 -0.199574 -0.116079 -0.0939349 -0.244249
-0.0816295 -0.227656 -0.201414 -0.116004 -0.0938872 -0.244945
-0.0833748 -0.228927 -0.203015 -0.117769 -0.0956763 -0.245654
-0.0866826 -0.230193 -0.204536 -0.121139 -0.0989264 -0.246144
-0.0914777 -0.231381 -0.205755 -0.125893 -0.103354 -0.246404
-0.0972663 -0.232158 -0.20685 -0.131699 -0.109033 -0.246605
-0.104024 -0.232834 -0.207733 -0.138306 -0.115894 -0.246732
-0.111499 -0.233437 -0.208564 -0.145961 -0.123703 -0.246663
-0.119532 -0.233894 -0.20919 -0.154163 -0.132111 -0.246308
-0.127787 -0.234336 -0.209606 -0.162668 -0.140837 -0.245705
-0.136373 -0.234876 -0.20972 -0.171474 -0.149528 -0.245334
-0.144849 -0.23522 -0.209846 -0.180068 -0.158024 -0.244908
-0.152803 -0.235072 -0.21009 -0.188395 -0.166064 -0.244218
-0.161321 -0.233879 -0.207911 -0.200489 -0.174889 -0.242594
-0.170706 -0.232739 -0.20468 -0.21275 -0.184857 -0.241105
-0.178968 -0.232635 -0.202262 -0.220916 -0.193851 -0.240521
-0.187015 -0.232508 -0.19927 -0.227455 -0.202353 -0.239653
-0.19567 -0.231227 -0.195556 -0.229831 -0.211545 -0.238187
-0.204214 -0.229728 -0.191391 -0.229127 -0.220727 -0.236182
-0.213231 -0.227222 -0.186564 -0.227519 -0.226377 -0.23371
-0.222598 -0.223335 -0.182376 -0.224946 -0.225951 -0.229753
-0.231582 -0.218101 -0.178708 -0.221188 -0.225575 -0.225467
-0.239836 -0.211871 -0.175016 -0.217413 -0.225258 -0.220284
-0.24559 -0.205232 -0.170117 -0.21466 -0.224174 -0.214853
-0.247245 -0.19747 -0.162201 -0.211047 -0.221101 -0.206729
-0.247032 -0.19106 -0.154404 -0.208209 -0.219593 -0.198597
-0.24686 -0.184015 -0.146558 -0.206057 -0.218747 -0.189754
-0.246576 -0.176016 -0.138838 -0.204119 -0.217808 -0.180702
-0.246709 -0.16699 -0.131508 -0.202875 -0.217606 -0.17163
-0.246872 -0.157602 -0.12483 -0.202439 -0.217431 -0.162689
-0.247294 -0.148092 -0.118873 -0.20236 -0.217749 -0.154117
-0.247496 -0.138886 -0.11345 -0.203237 -0.218573 -0.145893
-0.247798 -0.130543 -0.10913 -0.204306 -0.219406 -0.138612
-0.248429 -0.123172 -0.105303 -0.20559 -0.220272 -0.132246
-0.249093 -0.117342 -0.102325 -0.207112 -0.221576 -0.12667
-0.249582 -0.112712 -0.100168 -0.208496 -0.222781 -0.122141
-0.25023 -0.109319 -0.0982729 -0.210154 -0.224038 -0.118913
-0.250924 -0.107367 -0.0966559 -0.211933 -0.225212 -0.117269
-0.25153 -0.107104 -0.0963054 -0.213618 -0.226147 -0.117342
-0.252 -0.108152 -0.096475 -0.215161 -0.227042 -0.118496
-0.252441 -0.110616 -0.0980775 -0.216342 -0.228075 -0.1213
-0.252911 -0.114302 -0.101015 -0.217399 -0.229174 -0.12556
-0.253224 -0.119372 -0.105299 -0.218576 -0.230049 -0.131125
-0.253356 -0.125957 -0.110713 -0.219496 -0.230558 -0.137865
-0.253422 -0.133997 -0.117007 -0.220534 -0.230892 -0.145241
-0.253059 -0.143007 -0.12418 -0.221364 -0.230987 -0.153192
-0.252221 -0.15244 -0.131905 -0.222232 -0.230935 -0.161433
-0.251457 -0.161169 -0.139866 -0.222959 -0.230864 -0.16998
-0.250502 -0.16756 -0.149103 -0.223656 -0.23064 -0.179755
-0.249554 -0.172561 -0.156976 -0.223719 -0.230016 -0.185752
-0.247584 -0.177576 -0.169615 -0.221591 -0.228204 -0.191205
-0.245781 -0.181735 -0.186048 -0.220156 -0.226749 -0.196269
-0.244118 -0.184676 -0.202745 -0.219106 -0.22521 -0.199203
-0.242561 -0.185828 -0.210907 -0.218228 -0.223152 -0.201117
-0.241224 -0.184211 -0.214199 -0.216699 -0.221437 -0.201168
-0.239802 -0.182638 -0.214832 -0.213349 -0.220253 -0.199605
-0.237255 -0.182389 -0.215833 -0.210136 -0.218486 -0.1984
-0.233051 -0.18224 -0.214435 -0.207133 -0.214503 -0.198032
-0.227743 -0.182651 -0.21297 -0.203327 -0.208806 -0.198853
-0.221356 -0.183737 -0.212769 -0.198148 -0.202217 -0.20007
-0.21402 -0.185036 -0.212028 -0.191533 -0.194904 -0.201481
-0.205895 -0.187515 -0.21213 -0.18349 -0.186998 -0.203103
-0.197602 -0.189279 -0.211964 -0.174672 -0.178378 -0.204622
-0.18886 -0.191006 -0.211864 -0.165123 -0.169064 -0.206228
-0.179654 -0.193165 -0.21256 -0.155606 -0.159231 -0.207923
-0.170209 -0.194925 -0.213364 -0.14666 -0.149241 -0.209738
-0.16085 -0.196949 -0.214427 -0.138446 -0.139334 -0.211671
-0.151793 -0.199286 -0.215343 -0.131301 -0.129924 -0.213832
-0.14334 -0.201986 -0.216343 -0.125269 -0.121185 -0.216355
-0.135769 -0.204336 -0.217422 -0.120303 -0.113108 -0.219044
-0.129097 -0.206501 -0.218647 -0.115973 -0.106257 -0.221565
-0.123813 -0.208811 -0.220215 -0.112231 -0.101133 -0.22393
-0.120218 -0.210972 -0.221653 -0.108884 -0.0976143 -0.225957
-0.118521 -0.213341 -0.222978 -0.105471 -0.0954693 -0.228118
-0.118623 -0.215337 -0.223881 -0.10381 -0.0951631 -0.22993
-0.119602 -0.217166 -0.224703 -0.103449 -0.0962842 -0.231679
-0.121837 -0.219008 -0.22525 -0.104525 -0.0989922 -0.233518
-0.125538 -0.220885 -0.225519 -0.106815 -0.102956 -0.235072
-0.13049 -0.222344 -0.225652 -0.110629 -0.108412 -0.236402
-0.136618 -0.223695 -0.225863 -0.115946 -0.115164 -0.237394
-0.143941 -0.224533 -0.226041 -0.121942 -0.122508 -0.238138
-0.152347 -0.22536 -0.226256 -0.1288 -0.130659 -0.238597
-0.160818 -0.225884 -0.226372 -0.13645 -0.139001 -0.238957
-0.169351 -0.226233 -0.22619 -0.14465 -0.147661 -0.239252
-0.177725 -0.22637 -0.226154 -0.153018 -0.156227 -0.239399
-0.185858 -0.226186 -0.226072 -0.161213 -0.164514 -0.239245
-0.194016 -0.225206 -0.224433 -0.17195 -0.173143 -0.238118
-0.202533 -0.223875 -0.220973 -0.187698 -0.183272 -0.236796
-0.210059 -0.222889 -0.218487 -0.204311 -0.193555 -0.235851
-0.21578 -0.221921 -0.216004 -0.216042 -0.202328 -0.23492
-0.220307 -0.220539 -0.212904 -0.223602 -0.210728 -0.23311
-0.222075 -0.218326 -0.208961 -0.22733 -0.219803 -0.230787
-0.225614 -0.215516 -0.204264 -0.227085 -0.228458 -0.228104
-0.229975 -0.212356 -0.199178 -0.225449 -0.232975 -0.224501
-0.234451 -0.208068 -0.194651 -0.223042 -0.232673 -0.2197
-0.2342 -0.201953 -0.191151 -0.219048 -0.231874 -0.215468
-0.233951 -0.194345 -0.186515 -0.213416 -0.232081 -0.208147
-0.233525 -0.188048 -0.181316 -0.210985 -0.231717 -0.201481
-0.233164 -0.181708 -0.173938 -0.208353 -0.230446 -0.194152
-0.232848 -0.17454 -0.164918 -0.206822 -0.229318 -0.186215
-0.232595 -0.166617 -0.155157 -0.206393 -0.228628 -0.177503
-0.232061 -0.157873 -0.146132 -0.206337 -0.228141 -0.168647
-0.231621 -0.148386 -0.1378 -0.206896 -0.227902 -0.159495
-0.231839 -0.138575 -0.130571 -0.207342 -0.228258 -0.150515
-0.232389 -0.129036 -0.124305 -0.208153 -0.22901 -0.141753
-0.232965 -0.120042 -0.119001 -0.209336 -0.230083 -0.133429
-0.233823 -0.11241 -0.114383 -0.210835 -0.231117 -0.125801
-0.234556 -0.106241 -0.110239 -0.212559 -0.231753 -0.119201
-0.235333 -0.101897 -0.106523 -0.214178 -0.232348 -0.113722
-0.235954 -0.099132 -0.103832 -0.216025 -0.23298 -0.109719
-0.236637 -0.0976349 -0.102321 -0.21783 -0.233695 -0.107378
-0.237218 -0.0972981 -0.102005 -0.219682 -0.23429 -0.106902
-0.237889 -0.0984713 -0.102853 -0.221011 -0.235018 -0.107722
-0.238774 -0.100973 -0.105265 -0.221968 -0.235727 -0.109874
-0.239586 -0.104846 -0.109106 -0.223147 -0.236224 -0.113434
-0.240153 -0.110257 -0.113963 -0.224136 -0.236591 -0.118409
-0.240359 -0.116903 -0.11966 -0.225338 -0.236902 -0.124785
-0.240491 -0.125867 -0.127908 -0.226438 -0.236984 -0.133851
-0.240308 -0.133681 -0.135472 -0.227015 -0.236778 -0.142376
-0.240062 -0.141688 -0.143408 -0.227629 -0.236467 -0.151064
-0.239852 -0.149876 -0.151521 -0.227991 -0.236045 -0.159899
-0.239568 -0.157883 -0.159508 -0.228303 -0.23568 -0.168735
-0.23929 -0.16563 -0.167276 -0.228101 -0.235188 -0.177022
-0.237711 -0.172805 -0.178714 -0.225194 -0.234017 -0.185718
-0.236136 -0.178898 -0.193618 -0.222606 -0.232768 -0.192217
-0.234447 -0.184091 -0.20852 -0.221113 -0.230888 -0.196503
-0.231931 -0.187914 -0.222761 -0.219905 -0.228168 -0.200098
-0.228954 -0.190051 -0.233042 -0.218384 -0.224425 -0.202786
-0.225694 -0.190061 -0.235663 -0.216265 -0.221122 -0.203091
-0.223172 -0.188737 -0.235059 -0.212695 -0.219038 -0.201272
-0.220449 -0.188297 -0.235383 -0.209326 -0.216995 -0.199996
-0.216467 -0.188222 -0.233897 -0.205684 -0.213053 -0.198518
-0.21122 -0.188294 -0.231551 -0.201404 -0.2073 -0.198546
-0.204495 -0.189305 -0.230001 -0.196139 -0.200304 -0.19897
-0.196693 -0.191484 -0.229855 -0.189296 -0.192797 -0.200894
-0.188258 -0.193336 -0.229607 -0.181369 -0.184771 -0.20232
-0.179682 -0.194613 -0.229066 -0.172235 -0.176335 -0.20342
-0.170929 -0.195901 -0.22928 -0.162702 -0.167316 -0.204476
-0.160022 -0.197602 -0.229799 -0.151583 -0.155869 -0.205594
-0.150635 -0.199059 -0.23036 -0.143076 -0.145831 -0.206946
-0.14135 -0.200911 -0.230952 -0.135425 -0.136064 -0.208764
-0.132286 -0.20309 -0.231522 -0.128976 -0.126766 -0.210764
-0.124103 -0.205583 -0.232119 -0.123464 -0.118466 -0.212947
-0.116824 -0.208023 -0.232809 -0.118887 -0.111572 -0.215145
-0.111091 -0.210079 -0.233644 -0.114765 -0.106192 -0.217169
-0.107268 -0.211792 -0.234759 -0.111076 -0.102518 -0.218985
-0.105418 -0.213179 -0.236006 -0.10791 -0.100475 -0.220423
-0.104916 -0.214608 -0.237005 -0.105694 -0.0999023 -0.221526
-0.105711 -0.215987 -0.237618 -0.104753 -0.100576 -0.222884
-0.107505 -0.217462 -0.238025 -0.105332 -0.102493 -0.224354
-0.110898 -0.218836 -0.238273 -0.107529 -0.105951 -0.225703
-0.115545 -0.2201 -0.238704 -0.11123 -0.11048 -0.226919
-0.12148 -0.221139 -0.239148 -0.116153 -0.116571 -0.22773
-0.128498 -0.221954 -0.23926 -0.122177 -0.12402 -0.228435
-0.136454 -0.222618 -0.239354 -0.128922 -0.131956 -0.228872
-0.144915 -0.223182 -0.239359 -0.136017 -0.140117 -0.229342
-0.153528 -0.223398 -0.239297 -0.144092 -0.148429 -0.229879
-0.161874 -0.22342 -0.23916 -0.152409 -0.156818 -0.230159
-0.170006 -0.22348 -0.238752 -0.160911 -0.165111 -0.230292
-0.177936 -0.223176 -0.238195 -0.169632 -0.17318 -0.229967
-0.187062 -0.22168 -0.234383 -0.183276 -0.182751 -0.228217
-0.196946 -0.220442 -0.231258 -0.198425 -0.193455 -0.227234
-0.205196 -0.219339 -0.228795 -0.210542 -0.202887 -0.226262
-0.212323 -0.218075 -0.22625 -0.218168 -0.208153 -0.224581
-0.217874 -0.214635 -0.223485 -0.221837 -0.208692 -0.221128
-0.221131 -0.210205 -0.221606 -0.221221 -0.208826 -0.218484
-0.223355 -0.205532 -0.219507 -0.21962 -0.208957 -0.215256
-0.224823 -0.201514 -0.216007 -0.218823 -0.20839 -0.211931
-0.224829 -0.197532 -0.211968 -0.217273 -0.207181 -0.20793
-0.224791 -0.193186 -0.20684 -0.215646 -0.206905 -0.202629
-0.22475 -0.187457 -0.200434 -0.214648 -0.206821 -0.195937
-0.225019 -0.180367 -0.192825 -0.214142 -0.207175 -0.1883
-0.225496 -0.172236 -0.184162 -0.213879 -0.207574 -0.179825
-0.226155 -0.163588 -0.174794 -0.213947 -0.208007 -0.170859
-0.226919 -0.154453 -0.165034 -0.214362 -0.208596 -0.161518
-0.227739 -0.14501 -0.155398 -0.215138 -0.209341 -0.152089
-0.228588 -0.135743 -0.146273 -0.216137 -0.210262 -0.142671
-0.22971 -0.126678 -0.137776 -0.216985 -0.211429 -0.133402
-0.231338 -0.118255 -0.130392 -0.218179 -0.212575 -0.12454
-0.233324 -0.110823 -0.124075 -0.21955 -0.213771 -0.116524
-0.234971 -0.104189 -0.118752 -0.221146 -0.214918 -0.109754
-0.236107 -0.0986752 -0.114122 -0.222739 -0.215741 -0.104397
-0.236768 -0.094337 -0.110717 -0.22395 -0.216669 -0.100403
-0.237699 -0.0913589 -0.109095 -0.225321 -0.217897 -0.0973948
-0.238467 -0.0906185 -0.108916 -0.226304 -0.218817 -0.0966836
-0.239189 -0.0914429 -0.110001 -0.22734 -0.219796 -0.0973439
-0.239784 -0.0935998 -0.112578 -0.228247 -0.220507 -0.0997408
-0.240302 -0.0972035 -0.11608 -0.229233 -0.220881 -0.103648
-0.240779 -0.102135 -0.120801 -0.229892 -0.221299 -0.108662
-0.241177 -0.108355 -0.126803 -0.230244 -0.22161 -0.11458
-0.241501 -0.115619 -0.134232 -0.230522 -0.221927 -0.121556
-0.24165 -0.123926 -0.142476 -0.230827 -0.222279 -0.129332
-0.241586 -0.132289 -0.150625 -0.231128 -0.222468 -0.137632
-0.241465 -0.140896 -0.158753 -0.231472 -0.222361 -0.146504
-0.241046 -0.14942 -0.166823 -0.231633 -0.222208 -0.155414
-0.240751 -0.157755 -0.174559 -0.231657 -0.222089 -0.16388
-0.240212 -0.166132 -0.183364 -0.230398 -0.221428 -0.17215
-0.238744 -0.17614 -0.196439 -0.227002 -0.219692 -0.181344
-0.237563 -0.18458 -0.210989 -0.224823 -0.218139 -0.190699
-0.235807 -0.190064 -0.22405 -0.222867 -0.216252 -0.198798
-0.233574 -0.19444 -0.234775 -0.2207 -0.213314 -0.204432
-0.229492 -0.19761 -0.242909 -0.218496 -0.208388 -0.20912
-0.225264 -0.197162 -0.246776 -0.215822 -0.203697 -0.211495
-0.220844 -0.196706 -0.248869 -0.212554 -0.199329 -0.212235
-0.216517 -0.195968 -0.248828 -0.20866 -0.194437 -0.211194
-0.211572 -0.194425 -0.247299 -0.204033 -0.18925 -0.20939
-0.205943 -0.192944 -0.245194 -0.198748 -0.183828 -0.207797
-0.199091 -0.192474 -0.242985 -0.192509 -0.177687 -0.207052
-0.191181 -0.192739 -0.241386 -0.185147 -0.170129 -0.207009
-0.182455 -0.193165 -0.240066 -0.176754 -0.161927 -0.20711
-0.173386 -0.193587 -0.239102 -0.167607 -0.153192 -0.207452
-0.164028 -0.194418 -0.238898 -0.158263 -0.144138 -0.207732
-0.154527 -0.195346 -0.238777 -0.149183 -0.134933 -0.208151
-0.145298 -0.196427 -0.238989 -0.140744 -0.12546 -0.208941
-0.136302 -0.197624 -0.239543 -0.133454 -0.116174 -0.209993
-0.127944 -0.199168 -0.24021 -0.127165 -0.107431 -0.2113
-0.120593 -0.200755 -0.240883 -0.121754 -0.0996881 -0.212928
-0.114613 -0.202377 -0.241705 -0.117265 -0.0931815 -0.214551
-0.110006 -0.204154 -0.242445 -0.113557 -0.0883951 -0.216025
-0.107274 -0.2056 -0.243333 -0.110426 -0.0853828 -0.217348
-0.106104 -0.206952 -0.244446 -0.107803 -0.0839057 -0.218467
-0.106269 -0.208231 -0.245529 -0.106571 -0.0843046 -0.219535
-0.107966 -0.209463 -0.246259 -0.106655 -0.0861917 -0.220498
-0.110962 -0.210639 -0.24686 -0.108206 -0.0895935 -0.221428
-0.116154 -0.211922 -0.247478 -0.112211 -0.095414 -0.222665
-0.121777 -0.21282 -0.248049 -0.117321 -0.101463 -0.223529
-0.128388 -0.213497 -0.248418 -0.12342 -0.108456 -0.224265
-0.135823 -0.214052 -0.248856 -0.130356 -0.11645 -0.224783
-0.143822 -0.214506 -0.249097 -0.137904 -0.124792 -0.22511
-0.152312 -0.214885 -0.249436 -0.145881 -0.133122 -0.225342
-0.16061 -0.214958 -0.249687 -0.154073 -0.141459 -0.225628
-0.168783 -0.215103 -0.249539 -0.162348 -0.149606 -0.225974
-0.176666 -0.214987 -0.249612 -0.170227 -0.157489 -0.226181
-0.18509 -0.213805 -0.247409 -0.181115 -0.166874 -0.224978
-0.195012 -0.212722 -0.244037 -0.194653 -0.179285 -0.223748
-0.203063 -0.21187 -0.241908 -0.204864 -0.191187 -0.222902
-0.208191 -0.210521 -0.239913 -0.212571 -0.201849 -0.221635
-0.211437 -0.208751 -0.237121 -0.217427 -0.21177 -0.219475
-0.213229 -0.206433 -0.234026 -0.219467 -0.218703 -0.216686
-0.214482 -0.202765 -0.230663 -0.21806 -0.222609 -0.213547
-0.215121 -0.19847 -0.227509 -0.215212 -0.223225 -0.209636
-0.215781 -0.193564 -0.224144 -0.212859 -0.224351 -0.205194
-0.215686 -0.188162 -0.219778 -0.210028 -0.224394 -0.200294
-0.215573 -0.182576 -0.213701 -0.20751 -0.224213 -0.194388
-0.215641 -0.174801 -0.204595 -0.205289 -0.223605 -0.185788
-0.215669 -0.167414 -0.196047 -0.203906 -0.22326 -0.177618
-0.215593 -0.159121 -0.186907 -0.203241 -0.223004 -0.16876
-0.21581 -0.150223 -0.177294 -0.202952 -0.222828 -0.159419
-0.216182 -0.140756 -0.16766 -0.203138 -0.222821 -0.150138
-0.216552 -0.131283 -0.158322 -0.203722 -0.222901 -0.140771
-0.217071 -0.122008 -0.14929 -0.204397 -0.223489 -0.131717
-0.217713 -0.113241 -0.141005 -0.205492 -0.224309 -0.123232
-0.218512 -0.105159 -0.133598 -0.206663 -0.225024 -0.115622
-0.219507 -0.0979122 -0.127208 -0.208346 -0.225766 -0.108855
-0.220331 -0.0918837 -0.121853 -0.210238 -0.226523 -0.102934
-0.221015 -0.087193 -0.117875 -0.212356 -0.227234 -0.0983609
-0.221752 -0.0839516 -0.115473 -0.214184 -0.227854 -0.0951668
-0.222773 -0.0820767 -0.114847 -0.215914 -0.228682 -0.0937525
-0.22373 -0.0820841 -0.115501 -0.217755 -0.22962 -0.0938908
-0.22449 -0.0836654 -0.117607 -0.219699 -0.230296 -0.0948287
-0.225309 -0.0864945 -0.121112 -0.221084 -0.230783 -0.0973401
-0.226313 -0.0906121 -0.125738 -0.222373 -0.231286 -0.101175
-0.227314 -0.0959353 -0.131369 -0.223542 -0.231798 -0.106387
-0.228006 -0.103853 -0.139719 -0.224815 -0.232237 -0.114008
-0.228651 -0.111415 -0.147577 -0.225922 -0.232418 -0.121463
-0.229275 -0.119725 -0.155798 -0.226731 -0.232264 -0.12951
-0.229648 -0.128228 -0.164189 -0.227222 -0.232102 -0.137948
-0.229837 -0.136777 -0.172623 -0.22771 -0.232061 -0.146632
-0.229966 -0.145001 -0.180756 -0.227973 -0.23203 -0.155062
-0.229999 -0.152995 -0.189214 -0.227336 -0.231915 -0.163436
-0.228603 -0.162897 -0.20193 -0.224333 -0.230487 -0.173154
-0.22739 -0.174239 -0.215273 -0.222264 -0.229283 -0.183784
-0.226439 -0.184688 -0.224251 -0.220306 -0.228203 -0.193154
-0.225205 -0.190632 -0.230289 -0.217912 -0.226959 -0.200147
-0.22301 -0.196024 -0.234256 -0.215027 -0.224219 -0.20479
-0.219824 -0.199437 -0.234875 -0.212323 -0.221355 -0.20682
-0.216044 -0.201243 -0.233089 -0.209656 -0.2171 -0.2061
-0.211286 -0.201435 -0.231312 -0.206549 -0.212502 -0.205747
-0.206172 -0.201208 -0.229645 -0.203033 -0.207329 -0.204961
-0.200505 -0.200624 -0.227779 -0.19801 -0.201687 -0.20482
-0.192669 -0.200299 -0.226443 -0.190046 -0.193741 -0.204539
-0.184831 -0.200786 -0.225542 -0.182336 -0.186241 -0.204337
-0.175851 -0.201213 -0.224812 -0.173722 -0.177898 -0.204186
-0.16625 -0.201752 -0.22447 -0.164721 -0.16895 -0.204476
-0.156115 -0.202523 -0.224246 -0.155718 -0.159494 -0.205122
-0.145951 -0.20384 -0.224299 -0.147135 -0.149617 -0.206165
-0.136086 -0.205451 -0.224566 -0.139287 -0.139699 -0.207443
-0.127004 -0.207185 -0.225086 -0.132175 -0.129949 -0.20868
-0.118804 -0.208692 -0.225943 -0.126047 -0.121107 -0.210005
-0.11144 -0.210556 -0.226788 -0.120602 -0.113063 -0.211402
-0.104931 -0.212404 -0.227855 -0.115987 -0.106138 -0.212689
-0.0997118 -0.21394 -0.22895 -0.112087 -0.100877 -0.213935
-0.0963256 -0.21509 -0.229879 -0.10876 -0.0972157 -0.215076
-0.0947805 -0.216277 -0.231159 -0.105961 -0.0952463 -0.216072
-0.0947917 -0.217888 -0.232198 -0.104214 -0.0949722 -0.216962
-0.0961018 -0.219357 -0.232889 -0.103822 -0.0960892 -0.21805
-0.0991302 -0.220929 -0.233434 -0.10505 -0.0988264 -0.219336
-0.103043 -0.222195 -0.233877 -0.107616 -0.102894 -0.220708
-0.108229 -0.223273 -0.23411 -0.111311 -0.108046 -0.221842
-0.114323 -0.22427 -0.234501 -0.116334 -0.114521 -0.222664
-0.121387 -0.225147 -0.234922 -0.122615 -0.12222 -0.223316
-0.131104 -0.226014 -0.235252 -0.130917 -0.131833 -0.223789
-0.139536 -0.226354 -0.23528 -0.138421 -0.139983 -0.224144
-0.147842 -0.226598 -0.235403 -0.146633 -0.148179 -0.224469
-0.155899 -0.226825 -0.235414 -0.155206 -0.156474 -0.224701
-0.163716 -0.226938 -0.235533 -0.163291 -0.164398 -0.224733
-0.171781 -0.226171 -0.233797 -0.173446 -0.173155 -0.223718
-0.181802 -0.224983 -0.230133 -0.187632 -0.184587 -0.22204
-0.191097 -0.224142 -0.228008 -0.201785 -0.193365 -0.22127
-0.19667 -0.222755 -0.226543 -0.212209 -0.199883 -0.22008
-0.200605 -0.22047 -0.224987 -0.217415 -0.20594 -0.21806
-0.203543 -0.217461 -0.22327 -0.220471 -0.209484 -0.215436
-0.206373 -0.21386 -0.220635 -0.220396 -0.209162 -0.212765
-0.208092 -0.210064 -0.217309 -0.219613 -0.208504 -0.209798
-0.209688 -0.205921 -0.21378 -0.217746 -0.208214 -0.206003
-0.210778 -0.201247 -0.209245 -0.216493 -0.20793 -0.20128
-0.212148 -0.19565 -0.20352 -0.214718 -0.207778 -0.195258
-0.212899 -0.188881 -0.196509 -0.212657 -0.207791 -0.1883
-0.213383 -0.181384 -0.188479 -0.211539 -0.207994 -0.180319
-0.213966 -0.173172 -0.179632 -0.2116 -0.208633 -0.171607
-0.21478 -0.164312 -0.170392 -0.211079 -0.209232 -0.162505
-0.215426 -0.153387 -0.158884 -0.210686 -0.209874 -0.151371
-0.215972 -0.14432 -0.149483 -0.210687 -0.210486 -0.142109
-0.216639 -0.135257 -0.140747 -0.211262 -0.211138 -0.132905
-0.217155 -0.126709 -0.132956 -0.212392 -0.211827 -0.124183
-0.217551 -0.11874 -0.12627 -0.213757 -0.212533 -0.116297
-0.218114 -0.111638 -0.120408 -0.215231 -0.213318 -0.109307
-0.218896 -0.10546 -0.11564 -0.2165 -0.214379 -0.103233
-0.219788 -0.10031 -0.11204 -0.217842 -0.215479 -0.0981671
-0.220893 -0.0966678 -0.109534 -0.219604 -0.21684 -0.0943433
-0.22177 -0.0945205 -0.10811 -0.22129 -0.217849 -0.09268
-0.22253 -0.0937852 -0.107658 -0.223309 -0.218702 -0.0925401
-0.223342 -0.0948802 -0.108313 -0.224926 -0.219659 -0.0936929
-0.22406 -0.0973051 -0.110798 -0.226258 -0.220426 -0.096083
-0.225072 -0.101182 -0.114564 -0.227546 -0.221342 -0.0997853
-0.225714 -0.106183 -0.119345 -0.228664 -0.222264 -0.104669
-0.226038 -0.112374 -0.125489 -0.22988 -0.223141 -0.110734
-0.226346 -0.119415 -0.132628 -0.230857 -0.223638 -0.118158
-0.226546 -0.12707 -0.140535 -0.23144 -0.223955 -0.126627
-0.226857 -0.135203 -0.14889 -0.231859 -0.224176 -0.135241
-0.227126 -0.145478 -0.158893 -0.232277 -0.224591 -0.145383
-0.22723 -0.153937 -0.166839 -0.232418 -0.224578 -0.153591
-0.227181 -0.162211 -0.174293 -0.232248 -0.224538 -0.161419
-0.225718 -0.172222 -0.18571 -0.229112 -0.222982 -0.170695
-0.224349 -0.184104 -0.200423 -0.226678 -0.221357 -0.181676
-0.223165 -0.195146 -0.21242 -0.225048 -0.220028 -0.191509
-0.221026 -0.197006 -0.220209 -0.223293 -0.218076 -0.195454
-0.21782 -0.1978 -0.226515 -0.221434 -0.214162 -0.199878
-0.214279 -0.197959 -0.229482 -0.220058 -0.210052 -0.204177
-0.210961 -0.197203 -0.229147 -0.218016 -0.205903 -0.204126
-0.207967 -0.196054 -0.22918 -0.215272 -0.20276 -0.202431
-0.204182 -0.195519 -0.228822 -0.211352 -0.199781 -0.200588
-0.199404 -0.195329 -0.227406 -0.206396 -0.19517 -0.199738
-0.192754 -0.195493 -0.226389 -0.20032 -0.189034 -0.199914
-0.184861 -0.1969 -0.226079 -0.19332 -0.181594 -0.200895
-0.175792 -0.198429 -0.225679 -0.185264 -0.173093 -0.20215
-0.166481 -0.199966 -0.225821 -0.176104 -0.164028 -0.203115
-0.157262 -0.201421 -0.226081 -0.166415 -0.154739 -0.204313
-0.147999 -0.202643 -0.226554 -0.156579 -0.145127 -0.205778
-0.138845 -0.203723 -0.227768 -0.147163 -0.135311 -0.207893
-0.127709 -0.205102 -0.229093 -0.136885 -0.123501 -0.210639
-0.118483 -0.20644 -0.229925 -0.129941 -0.114212 -0.212627
-0.109701 -0.208162 -0.230384 -0.124064 -0.105738 -0.214596
-0.102087 -0.209813 -0.230978 -0.119479 -0.0982545 -0.216366
-0.0967583 -0.211174 -0.231883 -0.115624 -0.0926085 -0.217885
-0.0938174 -0.212524 -0.233186 -0.112112 -0.0887326 -0.218941
-0.0927935 -0.213775 -0.234327 -0.109152 -0.0866771 -0.219718
-0.0932202 -0.214996 -0.235622 -0.107215 -0.0862895 -0.220335
-0.0944099 -0.216164 -0.236491 -0.10648 -0.087526 -0.220722
-0.0965788 -0.217238 -0.237122 -0.107094 -0.0900961 -0.22134
-0.100049 -0.218508 -0.237662 -0.109251 -0.0940226 -0.221892
-0.104999 -0.219743 -0.238124 -0.113267 -0.0990352 -0.222394
-0.110756 -0.220602 -0.238555 -0.118585 -0.10502 -0.222891
-0.117714 -0.221248 -0.239068 -0.125085 -0.11207 -0.223356
-0.125538 -0.221697 -0.239267 -0.132468 -0.119839 -0.2239
-0.133521 -0.222113 -0.239445 -0.140361 -0.128398 -0.224101
-0.141533 -0.222153 -0.239696 -0.148556 -0.137385 -0.223965
-0.149604 -0.222256 -0.23988 -0.156708 -0.145975 -0.224098
-0.15755 -0.222325 -0.240098 -0.164527 -0.154325 -0.223958
-0.165438 -0.221933 -0.239927 -0.172787 -0.162389 -0.22328
-0.17512 -0.220434 -0.236543 -0.185867 -0.173119 -0.22153
-0.186027 -0.2196 -0.233522 -0.199737 -0.185535 -0.220392
-0.19656 -0.218139 -0.231259 -0.214582 -0.196796 -0.218988
-0.202552 -0.216128 -0.229436 -0.218312 -0.20312 -0.217016
-0.205984 -0.214101 -0.226973 -0.217487 -0.208304 -0.214939
-0.209083 -0.211186 -0.22382 -0.216885 -0.210576 -0.212867
-0.212355 -0.20757 -0.220417 -0.215582 -0.210271 -0.210234
-0.215336 -0.20323 -0.21747 -0.213183 -0.210323 -0.206476
-0.216611 -0.198462 -0.213687 -0.210758 -0.210482 -0.201731
-0.217447 -0.193065 -0.20845 -0.208612 -0.210496 -0.195961
-0.217852 -0.186717 -0.201646 -0.206447 -0.210323 -0.18924
-0.218491 -0.179464 -0.193409 -0.205008 -0.210158 -0.181502
-0.219372 -0.171304 -0.184517 -0.204311 -0.21033 -0.173022
-0.219969 -0.162565 -0.175087 -0.203952 -0.210428 -0.163952
-0.220466 -0.15335 -0.165381 -0.203881 -0.210735 -0.154575
-0.220915 -0.143849 -0.155847 -0.204115 -0.21142 -0.145035
-0.221567 -0.134413 -0.14685 -0.204722 -0.212098 -0.13552
-0.222474 -0.125278 -0.138453 -0.20551 -0.213241 -0.126336
-0.22337 -0.116851 -0.131002 -0.206803 -0.214559 -0.117799
-0.224409 -0.109244 -0.124537 -0.208135 -0.215765 -0.109891
-0.225441 -0.102416 -0.119004 -0.209766 -0.217017 -0.103048
-0.226326 -0.0967755 -0.114361 -0.211456 -0.218251 -0.0974778
-0.227417 -0.0917139 -0.110279 -0.213497 -0.219552 -0.0927981
-0.228237 -0.0891373 -0.108692 -0.215116 -0.220795 -0.0906221
-0.229273 -0.0880057 -0.108686 -0.21678 -0.222008 -0.0899425
-0.230259 -0.0885984 -0.109585 -0.21843 -0.223026 -0.0903402
-0.231118 -0.0906888 -0.111938 -0.220072 -0.223931 -0.0923436
-0.231769 -0.0943187 -0.115456 -0.221312 -0.224595 -0.0959218
-0.232292 -0.0991408 -0.120149 -0.222578 -0.225334 -0.100817
-0.232806 -0.105199 -0.125999 -0.223663 -0.225845 -0.106637
-0.233223 -0.112224 -0.133192 -0.224599 -0.226475 -0.113622
-0.233513 -0.119948 -0.141153 -0.225305 -0.226769 -0.121186
-0.233702 -0.128172 -0.149196 -0.226033 -0.227259 -0.129661
-0.233632 -0.136696 -0.15741 -0.226597 -0.22736 -0.138204
-0.233553 -0.145262 -0.165616 -0.227045 -0.227467 -0.146993
-0.233638 -0.153712 -0.173559 -0.227043 -0.227496 -0.155273
-0.233367 -0.162072 -0.182577 -0.225876 -0.227177 -0.163542
-0.231997 -0.172307 -0.196454 -0.222801 -0.225682 -0.173477
-0.230698 -0.183329 -0.211434 -0.220859 -0.224077 -0.18415
-0.229368 -0.194302 -0.221531 -0.218668 -0.222675 -0.193928
-0.228423 -0.204186 -0.228534 -0.215692 -0.220913 -0.20266
-0.225653 -0.204164 -0.232215 -0.212542 -0.218639 -0.204003
-0.221264 -0.204839 -0.232702 -0.209897 -0.214636 -0.204724
-0.217139 -0.204657 -0.231071 -0.207724 -0.209807 -0.205467
-0.211647 -0.203515 -0.2292 -0.203737 -0.203248 -0.204949
-0.206579 -0.202465 -0.227798 -0.199282 -0.198442 -0.203681
-0.201069 -0.201551 -0.226563 -0.193189 -0.192846 -0.20513
-0.1945 -0.200868 -0.225949 -0.186042 -0.185946 -0.204915
-0.186596 -0.200877 -0.225229 -0.178222 -0.177981 -0.204817
-0.177595 -0.201293 -0.224113 -0.169886 -0.169366 -0.204972
-0.167956 -0.202021 -0.22354 -0.161142 -0.159885 -0.205809
-0.158005 -0.202876 -0.223247 -0.152529 -0.150301 -0.206665
-0.14828 -0.204035 -0.223192 -0.14434 -0.140849 -0.207886
-0.138718 -0.205451 -0.223246 -0.136683 -0.131376 -0.209092
-0.129677 -0.206738 -0.223609 -0.129931 -0.122287 -0.210426
-0.121552 -0.208051 -0.224258 -0.124069 -0.113899 -0.211655
-0.114588 -0.209522 -0.225091 -0.119032 -0.106276 -0.212874
-0.108726 -0.210934 -0.226126 -0.114532 -0.0997237 -0.214034
-0.104173 -0.212266 -0.227045 -0.110891 -0.0945726 -0.215207
-0.101619 -0.213497 -0.228059 -0.108154 -0.0913848 -0.216319
-0.100856 -0.214564 -0.229426 -0.10601 -0.0897852 -0.217251
-0.100938 -0.215623 -0.230415 -0.104459 -0.0900347 -0.218071
-0.102405 -0.216651 -0.231295 -0.10398 -0.0916936 -0.219066
-0.105238 -0.217658 -0.232103 -0.105219 -0.0948545 -0.220259
-0.109129 -0.218743 -0.232717 -0.10774 -0.0993389 -0.221262
-0.114174 -0.219814 -0.233167 -0.111594 -0.104753 -0.222466
-0.120251 -0.220746 -0.233713 -0.116822 -0.112577 -0.223685
-0.128927 -0.2217 -0.234208 -0.124431 -0.1204 -0.22449
-0.136877 -0.222387 -0.234658 -0.131343 -0.128769 -0.225281
-0.145207 -0.222944 -0.234979 -0.139305 -0.137298 -0.225967
-0.153432 -0.223195 -0.235176 -0.147592 -0.145818 -0.226551
-0.161497 -0.223456 -0.235452 -0.156093 -0.154185 -0.227081
-0.169254 -0.223383 -0.235796 -0.163956 -0.162048 -0.227251
-0.177598 -0.222266 -0.233696 -0.175331 -0.171613 -0.225931
-0.18756 -0.221253 -0.230188 -0.189856 -0.184063 -0.224498
-0.196097 -0.220364 -0.22797 -0.204306 -0.195651 -0.223683
-0.202522 -0.218654 -0.226136 -0.218109 -0.202762 -0.222665
-0.206297 -0.215593 -0.224322 -0.225004 -0.208622 -0.220015
-0.209123 -0.212111 -0.223048 -0.225231 -0.212468 -0.217171
-0.211075 -0.207888 -0.22016 -0.224988 -0.212655 -0.214181
-0.212858 -0.203504 -0.216519 -0.224631 -0.212335 -0.210757
-0.212856 -0.19881 -0.21287 -0.222792 -0.211786 -0.206732
-0.213648 -0.194157 -0.207817 -0.221169 -0.21171 -0.201625
-0.214309 -0.188322 -0.20154 -0.219513 -0.211335 -0.195407
-0.214634 -0.181429 -0.194108 -0.218405 -0.211117 -0.188111
-0.214971 -0.173822 -0.185796 -0.21756 -0.210889 -0.179827
-0.215302 -0.16559 -0.176766 -0.216642 -0.211053 -0.170916
-0.215699 -0.156883 -0.167275 -0.216234 -0.211401 -0.16153
-0.216341 -0.146119 -0.156092 -0.215925 -0.212151 -0.150165
-0.217172 -0.13726 -0.147292 -0.216243 -0.213029 -0.140627
-0.217982 -0.128397 -0.139055 -0.216991 -0.213983 -0.131483
-0.218654 -0.120072 -0.131697 -0.218177 -0.214951 -0.123136
-0.21924 -0.112559 -0.125134 -0.219566 -0.215678 -0.115679
-0.219764 -0.106084 -0.119788 -0.220946 -0.216815 -0.109117
-0.22046 -0.100451 -0.115533 -0.222095 -0.217895 -0.103456
-0.221362 -0.0956137 -0.112104 -0.223288 -0.219114 -0.0988802
-0.222462 -0.0920248 -0.109646 -0.224598 -0.220262 -0.0958066
-0.223391 -0.0899125 -0.1086 -0.225821 -0.221218 -0.0946348
-0.224428 -0.0897112 -0.10826 -0.227386 -0.221929 -0.0946783
-0.225237 -0.0910023 -0.109242 -0.228676 -0.222525 -0.0962681
-0.226094 -0.0940834 -0.111905 -0.229643 -0.222962 -0.0992728
-0.226808 -0.0981281 -0.115915 -0.230717 -0.223356 -0.103604
-0.227534 -0.103413 -0.121018 -0.231784 -0.223706 -0.109067
-0.228019 -0.109734 -0.127276 -0.232576 -0.223849 -0.115395
-0.22835 -0.118405 -0.136034 -0.233428 -0.224159 -0.124326
-0.228578 -0.126074 -0.143869 -0.234008 -0.224464 -0.132408
-0.228762 -0.134319 -0.152049 -0.234504 -0.224675 -0.140944
-0.228843 -0.142892 -0.160266 -0.234925 -0.224756 -0.149429
-0.229034 -0.151601 -0.168092 -0.234998 -0.224739 -0.157617
-0.228988 -0.160178 -0.176239 -0.234459 -0.224572 -0.165434
-0.227542 -0.170709 -0.188853 -0.231335 -0.223287 -0.174716
-0.225898 -0.182544 -0.203806 -0.229359 -0.221969 -0.185045
-0.224712 -0.193987 -0.215356 -0.227693 -0.220319 -0.194631
-0.223698 -0.203719 -0.223251 -0.224946 -0.218558 -0.203925
-0.221314 -0.205971 -0.228191 -0.22173 -0.216192 -0.207406
-0.218132 -0.205937 -0.229273 -0.218829 -0.212616 -0.208867
-0.213587 -0.205441 -0.227621 -0.216269 -0.209061 -0.20978
-0.209433 -0.204839 -0.225442 -0.213236 -0.204231 -0.209499
-0.204302 -0.20403 -0.224337 -0.209653 -0.199126 -0.208599
-0.198737 -0.203699 -0.223017 -0.204611 -0.19376 -0.207788
-0.192503 -0.203509 -0.222078 -0.197942 -0.187535 -0.207396
-0.185342 -0.20379 -0.222026 -0.19029 -0.179963 -0.207222
-0.177021 -0.204212 -0.221575 -0.181884 -0.171527 -0.20701
-0.167769 -0.204891 -0.221278 -0.17292 -0.162137 -0.207047
-0.157758 -0.205734 -0.221332 -0.163705 -0.152414 -0.207451
-0.147384 -0.206922 -0.221704 -0.154528 -0.142436 -0.208132
-0.1351 -0.208424 -0.222408 -0.144218 -0.130769 -0.209578
-0.125338 -0.209812 -0.223236 -0.136565 -0.121303 -0.21108
-0.116551 -0.211174 -0.224075 -0.129898 -0.112432 -0.212488
-0.108835 -0.212572 -0.225054 -0.124114 -0.104677 -0.213604
-0.102327 -0.213646 -0.226441 -0.11893 -0.0980051 -0.214648
-0.0973305 -0.214577 -0.227573 -0.114609 -0.0931366 -0.215542
-0.0942594 -0.215411 -0.228752 -0.110973 -0.0898113 -0.216484
-0.0932326 -0.216192 -0.230008 -0.108442 -0.0879173 -0.217327
-0.0932632 -0.217327 -0.231122 -0.107413 -0.0875993 -0.218187
-0.0944913 -0.218631 -0.23189 -0.107812 -0.088838 -0.21925
-0.0974695 -0.219899 -0.232488 -0.109711 -0.0916998 -0.220541
-0.101442 -0.220695 -0.233042 -0.112805 -0.0960069 -0.221885
-0.106683 -0.221648 -0.233484 -0.117044 -0.101387 -0.222915
-0.112968 -0.222318 -0.233986 -0.12242 -0.108094 -0.223688
-0.135302 -0.223918 -0.235183 -0.142274 -0.129984 -0.225071
-0.14374 -0.223991 -0.235299 -0.150578 -0.138138 -0.225562
-0.151784 -0.223885 -0.235125 -0.158935 -0.146348 -0.225953
-0.15968 -0.223859 -0.235257 -0.167173 -0.154536 -0.226244
-0.167276 -0.223419 -0.234964 -0.175535 -0.162549 -0.225932
-0.176616 -0.222289 -0.231479 -0.188316 -0.173395 -0.224222
-0.187236 -0.221529 -0.228421 -0.201705 -0.185774 -0.223381
-0.196326 -0.220493 -0.226207 -0.214456 -0.195852 -0.222597
-0.204322 -0.218394 -0.223893 -0.220986 -0.203418 -0.220561
-0.209003 -0.215797 -0.221795 -0.223136 -0.208951 -0.217739
-0.213004 -0.21191 -0.219609 -0.223867 -0.21157 -0.214801
-0.216304 -0.207255 -0.216311 -0.223552 -0.212045 -0.211495
-0.217303 -0.20222 -0.213441 -0.222133 -0.211901 -0.207672
-0.217303 -0.197201 -0.209532 -0.220455 -0.211645 -0.203308
-0.217207 -0.192072 -0.204317 -0.220227 -0.21126 -0.197905
-0.21693 -0.18625 -0.19758 -0.219662 -0.210946 -0.191151
-0.216737 -0.179438 -0.189722 -0.218546 -0.210734 -0.183777
-0.216602 -0.171685 -0.180803 -0.217536 -0.210402 -0.175594
-0.216862 -0.16136 -0.169376 -0.217206 -0.210443 -0.164823
-0.216976 -0.152261 -0.159873 -0.217066 -0.210833 -0.15543
-0.217363 -0.142957 -0.150792 -0.2174 -0.211643 -0.145714
-0.218121 -0.133636 -0.142247 -0.217621 -0.212773 -0.136148
-0.219141 -0.124765 -0.134302 -0.21857 -0.213896 -0.126786
-0.220153 -0.116821 -0.127205 -0.219588 -0.214851 -0.118138
-0.220799 -0.109869 -0.121115 -0.220829 -0.215691 -0.110375
-0.221596 -0.103787 -0.115974 -0.222435 -0.216468 -0.103614
-0.222466 -0.0987191 -0.111685 -0.223694 -0.217198 -0.0979918
-0.223311 -0.0945006 -0.108484 -0.225256 -0.21823 -0.0939181
-0.224138 -0.0915661 -0.106512 -0.226497 -0.21924 -0.0916944
-0.225011 -0.0898604 -0.106199 -0.227877 -0.220292 -0.0912161
-0.225918 -0.0899608 -0.10654 -0.229146 -0.221468 -0.0918527
-0.226843 -0.0918702 -0.108533 -0.229845 -0.222427 -0.0940222
-0.227883 -0.0950417 -0.111763 -0.230782 -0.223214 -0.0976079
-0.228691 -0.0995775 -0.116117 -0.231759 -0.223924 -0.102618
-0.229132 -0.105277 -0.121663 -0.23253 -0.224349 -0.108657
-0.229362 -0.112184 -0.128309 -0.233268 -0.224624 -0.115998
-0.22974 -0.119621 -0.136083 -0.233848 -0.224918 -0.12419
-0.230142 -0.12778 -0.144341 -0.234254 -0.225046 -0.132491
-0.230193 -0.136119 -0.152518 -0.234585 -0.225226 -0.141017
-0.230159 -0.14484 -0.160756 -0.234795 -0.225283 -0.149426
-0.230122 -0.153313 -0.168665 -0.234817 -0.22536 -0.157737
-0.229387 -0.163898 -0.179746 -0.233001 -0.224784 -0.167926
-0.227687 -0.174661 -0.194237 -0.230073 -0.223629 -0.17814
-0.226315 -0.185765 -0.208795 -0.22848 -0.222301 -0.1884
-0.224929 -0.196794 -0.219241 -0.226341 -0.220969 -0.197719
-0.22305 -0.202603 -0.226268 -0.223424 -0.218883 -0.200287
-0.219325 -0.202469 -0.229847 -0.220804 -0.214983 -0.201694
-0.215609 -0.202765 -0.230015 -0.218702 -0.211418 -0.202832
-0.211544 -0.201663 -0.229117 -0.216177 -0.207319 -0.20521
-0.20831 -0.19963 -0.228825 -0.21242 -0.203041 -0.205948
-0.204094 -0.19877 -0.227575 -0.207543 -0.198263 -0.204649
-0.198185 -0.198652 -0.225388 -0.201832 -0.192807 -0.20369
-0.190707 -0.199105 -0.223754 -0.195083 -0.185479 -0.203758
-0.182219 -0.200399 -0.223389 -0.187495 -0.177057 -0.204469
-0.173048 -0.201456 -0.223097 -0.179013 -0.168114 -0.20512
-0.163834 -0.202119 -0.222492 -0.169852 -0.159183 -0.205575
-0.154407 -0.202762 -0.222513 -0.160428 -0.149707 -0.206145
-0.144947 -0.203191 -0.22292 -0.151347 -0.140027 -0.2068
-0.135374 -0.203918 -0.223467 -0.142943 -0.130242 -0.207649
-0.124445 -0.205559 -0.224468 -0.134169 -0.119062 -0.209075
-0.116278 -0.207476 -0.22513 -0.128137 -0.110588 -0.210501
-0.109258 -0.209106 -0.225857 -0.122907 -0.10283 -0.212047
-0.103498 -0.210699 -0.22673 -0.118506 -0.0966305 -0.213578
-0.0996439 -0.212344 -0.227718 -0.11514 -0.0920778 -0.215097
-0.0973286 -0.213745 -0.229063 -0.112258 -0.0893238 -0.216408
-0.0967046 -0.214997 -0.230238 -0.10989 -0.088068 -0.217642
-0.096909 -0.216146 -0.231346 -0.108735 -0.0883378 -0.219167
-0.0981882 -0.217238 -0.232328 -0.109112 -0.0903825 -0.220437
-0.100839 -0.218302 -0.233007 -0.111153 -0.0937128 -0.221719
-0.104795 -0.219402 -0.233863 -0.114218 -0.098294 -0.222875
-0.11 -0.220376 -0.234673 -0.118724 -0.103817 -0.223834
-0.11658 -0.221246 -0.235162 -0.124602 -0.110451 -0.22465
-0.124231 -0.222078 -0.235876 -0.131402 -0.117979 -0.225304
-0.132121 -0.222599 -0.236322 -0.138647 -0.126051 -0.226031
-0.140143 -0.223018 -0.236593 -0.146678 -0.134804 -0.226698
-0.148219 -0.223361 -0.236876 -0.155049 -0.143433 -0.227146
-0.156201 -0.223736 -0.237114 -0.163211 -0.151863 -0.227413
-0.164003 -0.223867 -0.23752 -0.171116 -0.159713 -0.227546
-0.17275 -0.222727 -0.235079 -0.18217 -0.168979 -0.226436
-0.183613 -0.221623 -0.231691 -0.196073 -0.181025 -0.225305
-0.194842 -0.220749 -0.229378 -0.211938 -0.194491 -0.224152
-0.201481 -0.219443 -0.227276 -0.223443 -0.203289 -0.222541
-0.205612 -0.217071 -0.224894 -0.225292 -0.20967 -0.21971
-0.208432 -0.21383 -0.222705 -0.224946 -0.213287 -0.216637
-0.211608 -0.209988 -0.219331 -0.225266 -0.214402 -0.213439
-0.213371 -0.205526 -0.216 -0.223948 -0.214955 -0.209442
-0.213808 -0.200587 -0.212599 -0.223115 -0.215086 -0.205004
-0.214095 -0.195322 -0.207999 -0.222148 -0.215144 -0.199739
-0.214227 -0.189433 -0.201438 -0.221585 -0.214717 -0.193482
-0.21462 -0.182719 -0.193431 -0.220819 -0.214513 -0.186158
-0.214389 -0.175131 -0.184576 -0.219053 -0.214 -0.178027
-0.214252 -0.166909 -0.175284 -0.21786 -0.213491 -0.169176
-0.214114 -0.158098 -0.165956 -0.217205 -0.213432 -0.15982
-0.214239 -0.148955 -0.156717 -0.216796 -0.213619 -0.150307
-0.214704 -0.139565 -0.148188 -0.216466 -0.213988 -0.140994
-0.215625 -0.13042 -0.140034 -0.216673 -0.214825 -0.131936
-0.216331 -0.121829 -0.132658 -0.21741 -0.215752 -0.123349
-0.216937 -0.114029 -0.12594 -0.218814 -0.216432 -0.115798
-0.217384 -0.107028 -0.120061 -0.220176 -0.217008 -0.109201
-0.218105 -0.101227 -0.115168 -0.221613 -0.217644 -0.103627
-0.219051 -0.0955139 -0.110805 -0.223008 -0.218594 -0.0981918
-0.219938 -0.0923222 -0.108853 -0.224446 -0.219768 -0.0951051
-0.220959 -0.0903698 -0.108137 -0.22602 -0.220878 -0.0939647
-0.221891 -0.0899805 -0.108036 -0.227576 -0.221796 -0.094101
-0.222711 -0.0913028 -0.109682 -0.229074 -0.222559 -0.0959457
-0.223557 -0.0944204 -0.112694 -0.23018 -0.223124 -0.0992246
-0.22449 -0.0989457 -0.116762 -0.231544 -0.223551 -0.103413
-0.225065 -0.104584 -0.121952 -0.23261 -0.223893 -0.108653
-0.22543 -0.111364 -0.128592 -0.233736 -0.224218 -0.115146
-0.225796 -0.118776 -0.136088 -0.234829 -0.224677 -0.122702
-0.226192 -0.126476 -0.144178 -0.235568 -0.224856 -0.130997
-0.226447 -0.134655 -0.152525 -0.235926 -0.225117 -0.139581
-0.226785 -0.143089 -0.160807 -0.236412 -0.225269 -0.148097
-0.227086 -0.151529 -0.16876 -0.236579 -0.225437 -0.15636
-0.226969 -0.159753 -0.176826 -0.236096 -0.225518 -0.164318
-0.225362 -0.169897 -0.18945 -0.233055 -0.224427 -0.174343
-0.224056 -0.18122 -0.20432 -0.231134 -0.223012 -0.185387
-0.223001 -0.19244 -0.214793 -0.229614 -0.221617 -0.195471
-0.222018 -0.20084 -0.218776 -0.226246 -0.219951 -0.205002
-0.21943 -0.199425 -0.218024 -0.223086 -0.218219 -0.205749
-0.216676 -0.201721 -0.21697 -0.220494 -0.215598 -0.205791
-0.212929 -0.20267 -0.215519 -0.218542 -0.211704 -0.205948
-0.208349 -0.203541 -0.214143 -0.215882 -0.207234 -0.206205
-0.203106 -0.20389 -0.213018 -0.211816 -0.202518 -0.205601
-0.197391 -0.20402 -0.211625 -0.206112 -0.196875 -0.204901
-0.191008 -0.204078 -0.210514 -0.199171 -0.189854 -0.204495
-0.183502 -0.204497 -0.210101 -0.191424 -0.1818 -0.204449
-0.174822 -0.205 -0.209723 -0.182954 -0.172776 -0.204589
-0.1654 -0.205686 -0.209663 -0.173901 -0.162926 -0.204864
-0.155444 -0.206594 -0.209847 -0.164582 -0.152944 -0.205652
-0.145219 -0.207798 -0.21013 -0.155308 -0.142815 -0.206588
-0.134907 -0.209217 -0.210597 -0.14652 -0.132749 -0.207943
-0.125206 -0.210592 -0.211505 -0.138583 -0.123016 -0.209454
-0.116574 -0.211982 -0.2128 -0.131612 -0.113885 -0.210938
-0.108907 -0.213165 -0.214005 -0.125609 -0.10584 -0.212324
-0.10246 -0.214365 -0.215614 -0.120325 -0.0989241 -0.213727
-0.0971449 -0.215543 -0.217134 -0.115764 -0.0936001 -0.215064
-0.0929878 -0.217261 -0.218915 -0.111298 -0.0894163 -0.216693
-0.0918223 -0.218598 -0.22065 -0.108834 -0.0875484 -0.218094
-0.0918178 -0.220238 -0.221841 -0.107659 -0.0874794 -0.219424
-0.0931893 -0.221908 -0.222775 -0.108123 -0.0887467 -0.220882
-0.0960491 -0.223559 -0.223589 -0.110289 -0.0918432 -0.222602
-0.0998908 -0.224727 -0.224433 -0.113657 -0.0964092 -0.223971
-0.105052 -0.225799 -0.225035 -0.118032 -0.102015 -0.225059
-0.111407 -0.226849 -0.225967 -0.123673 -0.108693 -0.225864
-0.118688 -0.227697 -0.226338 -0.130327 -0.116254 -0.2266
-0.126991 -0.228359 -0.226795 -0.137573 -0.124485 -0.22706
-0.135496 -0.228863 -0.227409 -0.14592 -0.132745 -0.227382
-0.143932 -0.22908 -0.227816 -0.15467 -0.141181 -0.227854
-0.152062 -0.229442 -0.22812 -0.162882 -0.149594 -0.228036
-0.15976 -0.229706 -0.228332 -0.170896 -0.157691 -0.227885
-0.168087 -0.228868 -0.226501 -0.18112 -0.166354 -0.226945
-0.178904 -0.227696 -0.222723 -0.195234 -0.177329 -0.22542
-0.189877 -0.226931 -0.21995 -0.209774 -0.188476 -0.224544
-0.199143 -0.225778 -0.217759 -0.223299 -0.198061 -0.223383
-0.204469 -0.223813 -0.215261 -0.229449 -0.205646 -0.221116
-0.206475 -0.220898 -0.213132 -0.228863 -0.20753 -0.218103
-0.207414 -0.217097 -0.210814 -0.227104 -0.20868 -0.215323
-0.208139 -0.212929 -0.208742 -0.224843 -0.209503 -0.211721
-0.207727 -0.2091 -0.206154 -0.223248 -0.211034 -0.207113
-0.208008 -0.204683 -0.202096 -0.22237 -0.211343 -0.202535
-0.208229 -0.198018 -0.194578 -0.220857 -0.211184 -0.196002
-0.208274 -0.191238 -0.187028 -0.220443 -0.211319 -0.189246
-0.208382 -0.183502 -0.178587 -0.220366 -0.212125 -0.181496
-0.208729 -0.174976 -0.169443 -0.220087 -0.213179 -0.172968
-0.209368 -0.165799 -0.160307 -0.219991 -0.214392 -0.16388
-0.21041 -0.156144 -0.151644 -0.219992 -0.21589 -0.15432
-0.211828 -0.146502 -0.143439 -0.220298 -0.217256 -0.144686
-0.213303 -0.137353 -0.135825 -0.220788 -0.219059 -0.135284
-0.214829 -0.128814 -0.129091 -0.221307 -0.220712 -0.126514
-0.21668 -0.121203 -0.123127 -0.22204 -0.222094 -0.118464
-0.2181 -0.114437 -0.118035 -0.222906 -0.223529 -0.111323
-0.219323 -0.108745 -0.113727 -0.223955 -0.224939 -0.105113
-0.220393 -0.104063 -0.110233 -0.225204 -0.226278 -0.100142
-0.221447 -0.100256 -0.107117 -0.226275 -0.22735 -0.0968217
-0.222534 -0.0976846 -0.10494 -0.227152 -0.228265 -0.0950951
-0.223398 -0.0966196 -0.104531 -0.228273 -0.229267 -0.0948583
-0.22429 -0.097206 -0.105043 -0.229046 -0.23018 -0.0957831
-0.225529 -0.0995973 -0.107002 -0.229654 -0.230868 -0.0979984
-0.22659 -0.10332 -0.110309 -0.230131 -0.231432 -0.101315
-0.227304 -0.108312 -0.114799 -0.230917 -0.232037 -0.106237
-0.227936 -0.115568 -0.121444 -0.23188 -0.232517 -0.113913
-0.228295 -0.122737 -0.128106 -0.232681 -0.232681 -0.121707
-0.228489 -0.130438 -0.135854 -0.2331 -0.232833 -0.130215
-0.228992 -0.138798 -0.143967 -0.23336 -0.232695 -0.138814
-0.22914 -0.1473 -0.151884 -0.233598 -0.232698 -0.147203
-0.229126 -0.155974 -0.159627 -0.23416 -0.232587 -0.155495
-0.229081 -0.164263 -0.167021 -0.234202 -0.232279 -0.163415
-0.228232 -0.172895 -0.177318 -0.231956 -0.230809 -0.172596
-0.226908 -0.182369 -0.192337 -0.229362 -0.228803 -0.183378
-0.225631 -0.191456 -0.207293 -0.227776 -0.227175 -0.194091
-0.224273 -0.200193 -0.21683 -0.225315 -0.226025 -0.204376
-0.223197 -0.206913 -0.218916 -0.222186 -0.224024 -0.21199
-0.221099 -0.209888 -0.220416 -0.218606 -0.22177 -0.211158
-0.217075 -0.211939 -0.222811 -0.215157 -0.218979 -0.21036
-0.211603 -0.213426 -0.22126 -0.212113 -0.214946 -0.211007
-0.206193 -0.21322 -0.2188 -0.208615 -0.209243 -0.211599
-0.200449 -0.211647 -0.217228 -0.204204 -0.203681 -0.211351
-0.194308 -0.211026 -0.215803 -0.198185 -0.198637 -0.20996
-0.187362 -0.211258 -0.213038 -0.190955 -0.192194 -0.208786
-0.177699 -0.212089 -0.210676 -0.181138 -0.182212 -0.208305
-0.168429 -0.21163 -0.209088 -0.172662 -0.173062 -0.207841
-0.158756 -0.211405 -0.206427 -0.163647 -0.163198 -0.207729
-0.148628 -0.21156 -0.20497 -0.154773 -0.153085 -0.208084
-0.138587 -0.212205 -0.203403 -0.14657 -0.143144 -0.20842
-0.128894 -0.212477 -0.201859 -0.138768 -0.133749 -0.208998
-0.119992 -0.21286 -0.201292 -0.131732 -0.125044 -0.209595
-0.112106 -0.213061 -0.201079 -0.125453 -0.117498 -0.209869
-0.105428 -0.213384 -0.201091 -0.119977 -0.110777 -0.210118
-0.099909 -0.213686 -0.201257 -0.115346 -0.105231 -0.210344
-0.0959409 -0.214165 -0.20239 -0.111542 -0.100904 -0.210726
-0.0939598 -0.214449 -0.204003 -0.108633 -0.0979697 -0.210902
-0.0936443 -0.214679 -0.205817 -0.106888 -0.0968191 -0.210938
-0.0946482 -0.21521 -0.207906 -0.106206 -0.0974551 -0.210974
-0.0967526 -0.215847 -0.209754 -0.10705 -0.0996851 -0.211375
-0.100006 -0.216482 -0.211239 -0.109481 -0.103331 -0.211937
-0.10451 -0.217648 -0.212928 -0.113419 -0.107949 -0.212643
-0.110058 -0.218649 -0.214383 -0.118623 -0.113629 -0.21337
-0.11678 -0.219725 -0.215816 -0.125017 -0.120406 -0.214233
-0.125915 -0.221006 -0.217715 -0.133529 -0.12949 -0.215484
-0.133845 -0.221553 -0.219297 -0.14119 -0.137991 -0.216238
-0.141981 -0.222523 -0.220283 -0.149528 -0.14678 -0.216942
-0.149984 -0.223413 -0.22108 -0.157963 -0.155127 -0.217779
-0.158002 -0.224312 -0.221793 -0.16619 -0.162986 -0.218606
-0.165935 -0.224607 -0.221503 -0.174709 -0.170694 -0.219106
-0.176541 -0.223424 -0.216915 -0.18854 -0.180765 -0.218279
-0.188752 -0.222895 -0.213454 -0.203051 -0.192373 -0.218172
-0.196982 -0.222355 -0.211787 -0.216655 -0.198307 -0.217634
-0.199199 -0.219636 -0.21134 -0.222732 -0.199253 -0.215335
-0.200293 -0.216081 -0.211428 -0.223074 -0.200991 -0.212549
-0.201498 -0.2131 -0.210098 -0.228122 -0.202403 -0.209419
-0.202335 -0.209866 -0.207369 -0.233444 -0.203697 -0.20634
-0.20186 -0.207664 -0.203094 -0.233367 -0.204224 -0.203028
-0.201168 -0.203935 -0.197284 -0.233576 -0.203747 -0.198654
-0.201116 -0.198594 -0.19097 -0.23314 -0.204025 -0.192978
-0.201255 -0.191388 -0.184678 -0.232193 -0.204495 -0.186032
-0.201664 -0.182968 -0.177507 -0.23165 -0.205288 -0.177987
-0.202862 -0.171932 -0.167469 -0.231249 -0.20679 -0.167441
-0.204009 -0.162403 -0.158412 -0.230945 -0.207779 -0.158144
-0.205275 -0.153125 -0.149464 -0.231082 -0.208952 -0.148646
-0.206415 -0.143978 -0.140708 -0.231516 -0.209943 -0.138916
-0.207334 -0.134993 -0.132927 -0.232256 -0.210844 -0.129375
-0.208241 -0.12638 -0.126299 -0.233214 -0.211766 -0.120312
-0.209319 -0.118312 -0.120825 -0.234067 -0.212503 -0.111855
-0.21035 -0.110722 -0.116061 -0.235019 -0.213407 -0.104359
-0.211307 -0.103875 -0.112342 -0.23596 -0.214486 -0.0975454
-0.212417 -0.0979435 -0.109373 -0.236784 -0.215344 -0.0921573
-0.213285 -0.0934487 -0.106611 -0.237468 -0.216435 -0.088501
-0.214255 -0.0908746 -0.104576 -0.238366 -0.217547 -0.0866339
-0.215073 -0.0898855 -0.103229 -0.23927 -0.218382 -0.0861738
-0.215852 -0.0906484 -0.103418 -0.239976 -0.219057 -0.0867738
-0.216783 -0.0929473 -0.10421 -0.240683 -0.21964 -0.0885577
-0.217619 -0.0966098 -0.106541 -0.241177 -0.219986 -0.0912702
-0.218336 -0.101516 -0.109963 -0.241916 -0.220366 -0.0956489
-0.218612 -0.107339 -0.114557 -0.242415 -0.2206 -0.101448
-0.218943 -0.11398 -0.120281 -0.24296 -0.220845 -0.108464
-0.219175 -0.121095 -0.127013 -0.243322 -0.221063 -0.116485
-0.219673 -0.130507 -0.136214 -0.24358 -0.221558 -0.126291
-0.219891 -0.138855 -0.144096 -0.243631 -0.221706 -0.134527
-0.220237 -0.147571 -0.151834 -0.243797 -0.221931 -0.142884
-0.220298 -0.156159 -0.159175 -0.24401 -0.221721 -0.151036
-0.219557 -0.165232 -0.168323 -0.242297 -0.22053 -0.16022
-0.218174 -0.175498 -0.182225 -0.239158 -0.218437 -0.171979
-0.216922 -0.186241 -0.196995 -0.237501 -0.216707 -0.1849
-0.215237 -0.196734 -0.209978 -0.235556 -0.214842 -0.1974
-0.212989 -0.204358 -0.21813 -0.233128 -0.211917 -0.205072
-0.209524 -0.204382 -0.220646 -0.230665 -0.208038 -0.205971
-0.204985 -0.204172 -0.22114 -0.228014 -0.20451 -0.206591
-0.201088 -0.204495 -0.220217 -0.225184 -0.201257 -0.20734
-0.197433 -0.202983 -0.219161 -0.221616 -0.197504 -0.206602
-0.192798 -0.201859 -0.21784 -0.217283 -0.193232 -0.20547
-0.187096 -0.201386 -0.216247 -0.21168 -0.187386 -0.205114
-0.180302 -0.20167 -0.215338 -0.204915 -0.180685 -0.205261
-0.172341 -0.202315 -0.215308 -0.197245 -0.173102 -0.20571
-0.163648 -0.202836 -0.215069 -0.188844 -0.164553 -0.206295
-0.15434 -0.203556 -0.215411 -0.17982 -0.155434 -0.207158
-0.144586 -0.204747 -0.215769 -0.170402 -0.146011 -0.208188
-0.134411 -0.206251 -0.216424 -0.160869 -0.136021 -0.2095
-0.12251 -0.207991 -0.217926 -0.150048 -0.124048 -0.211545
-0.113148 -0.209469 -0.21921 -0.141855 -0.114479 -0.21328
-0.104555 -0.210939 -0.220579 -0.134669 -0.105676 -0.214827
-0.0971824 -0.212541 -0.22203 -0.128407 -0.0978992 -0.216578
-0.0917047 -0.214063 -0.223505 -0.123113 -0.0915133 -0.218726
-0.0878602 -0.215336 -0.225285 -0.118536 -0.0865836 -0.220861
-0.0856691 -0.216455 -0.227177 -0.11496 -0.0837375 -0.221873
-0.0850384 -0.217153 -0.229102 -0.113013 -0.0826703 -0.222564
-0.0854281 -0.217884 -0.230723 -0.112316 -0.0831722 -0.223076
-0.0873642 -0.21867 -0.232202 -0.113071 -0.0854729 -0.223801
-0.0908183 -0.219573 -0.233574 -0.115417 -0.0890981 -0.224364
-0.0953498 -0.220521 -0.23465 -0.119146 -0.094254 -0.224878
-0.100912 -0.221386 -0.235714 -0.124394 -0.100358 -0.225316
-0.107211 -0.222077 -0.236447 -0.130825 -0.107239 -0.225914
-0.114263 -0.222778 -0.236934 -0.138277 -0.11477 -0.226379
-0.121725 -0.223337 -0.237365 -0.146031 -0.123152 -0.226598
-0.129784 -0.22357 -0.237906 -0.154305 -0.131901 -0.226697
-0.138093 -0.223904 -0.238175 -0.162638 -0.140606 -0.226549
-0.146375 -0.224161 -0.238416 -0.170756 -0.148882 -0.226338
-0.154231 -0.224151 -0.238613 -0.178809 -0.156766 -0.226126
-0.163108 -0.223003 -0.236183 -0.190067 -0.16604 -0.224771
-0.174237 -0.22188 -0.232952 -0.203733 -0.178106 -0.223564
-0.184598 -0.22104 -0.231135 -0.217046 -0.190279 -0.222697
-0.193375 -0.220015 -0.228871 -0.22244 -0.201016 -0.221118
-0.202212 -0.218553 -0.225307 -0.221405 -0.205231 -0.218525
-0.209144 -0.216142 -0.222621 -0.219454 -0.205092 -0.216173
-0.211069 -0.21167 -0.220627 -0.217028 -0.206591 -0.213451
-0.213436 -0.207061 -0.218518 -0.21589 -0.208056 -0.20953
-0.214631 -0.201962 -0.215051 -0.217214 -0.210159 -0.204812
-0.214737 -0.197023 -0.209901 -0.216451 -0.211579 -0.199466
-0.214571 -0.191608 -0.20294 -0.214239 -0.211125 -0.193101
-0.214527 -0.184791 -0.194754 -0.212041 -0.21057 -0.185883
-0.21457 -0.176696 -0.186389 -0.210508 -0.210161 -0.17807
-0.214714 -0.167691 -0.177902 -0.209296 -0.210025 -0.169966
-0.215141 -0.158371 -0.169042 -0.208612 -0.210204 -0.161159
-0.216178 -0.148975 -0.159781 -0.208287 -0.210743 -0.152116
-0.217032 -0.139646 -0.15062 -0.208272 -0.211387 -0.143005
-0.217615 -0.130916 -0.14211 -0.208673 -0.212149 -0.13404
-0.218265 -0.122832 -0.134341 -0.209687 -0.212828 -0.125452
-0.218928 -0.115705 -0.127423 -0.210965 -0.213411 -0.117417
-0.219747 -0.109217 -0.121698 -0.212384 -0.214311 -0.110212
-0.220669 -0.103529 -0.116878 -0.213926 -0.215271 -0.104014
-0.221814 -0.0983617 -0.113058 -0.215277 -0.217241 -0.0991336
-0.222889 -0.0943935 -0.11034 -0.216761 -0.219882 -0.0960147
-0.223922 -0.0914894 -0.109289 -0.21866 -0.221455 -0.0943763
-0.224968 -0.0910293 -0.109513 -0.22052 -0.222876 -0.094841
-0.225734 -0.0921967 -0.111215 -0.221944 -0.224042 -0.0962239
-0.226656 -0.0950521 -0.114376 -0.223389 -0.225133 -0.0991473
-0.227254 -0.0993018 -0.118674 -0.224593 -0.226008 -0.103373
-0.227785 -0.104871 -0.124101 -0.22579 -0.226748 -0.109041
-0.228174 -0.111518 -0.130524 -0.227061 -0.22719 -0.115737
-0.228396 -0.118823 -0.138308 -0.2282 -0.227542 -0.123324
-0.228668 -0.126738 -0.146337 -0.228967 -0.227752 -0.131128
-0.22889 -0.135101 -0.154239 -0.229441 -0.227962 -0.139257
-0.228866 -0.143596 -0.162276 -0.229778 -0.228087 -0.147422
-0.228938 -0.152167 -0.170283 -0.230047 -0.228276 -0.155533
-0.228741 -0.160521 -0.178421 -0.229797 -0.228093 -0.163669
-0.22744 -0.170366 -0.191137 -0.226417 -0.226225 -0.173671
-0.226257 -0.180452 -0.206854 -0.224439 -0.224252 -0.184814
-0.224407 -0.186381 -0.219104 -0.222727 -0.2227 -0.195289
-0.223079 -0.193923 -0.223293 -0.220543 -0.220553 -0.201055
-0.222003 -0.201772 -0.224404 -0.218302 -0.217534 -0.202501
-0.218709 -0.206714 -0.225861 -0.215225 -0.216822 -0.202394
-0.214516 -0.207509 -0.224876 -0.212133 -0.214491 -0.203251
-0.210187 -0.209261 -0.223652 -0.209089 -0.210261 -0.203647
-0.205642 -0.210157 -0.222994 -0.205216 -0.204864 -0.204113
-0.199816 -0.210387 -0.222194 -0.199672 -0.198809 -0.20507
-0.192978 -0.211119 -0.221217 -0.192738 -0.191642 -0.205109
-0.18518 -0.21207 -0.220809 -0.184836 -0.183878 -0.204834
-0.17645 -0.212939 -0.220538 -0.176212 -0.175203 -0.204905
-0.167042 -0.213509 -0.220398 -0.167077 -0.165791 -0.205253
-0.157027 -0.214342 -0.220614 -0.157784 -0.15611 -0.205976
-0.146708 -0.215494 -0.22085 -0.148933 -0.146146 -0.207344
-0.136538 -0.216947 -0.22135 -0.140869 -0.136072 -0.209214
-0.127143 -0.218432 -0.222074 -0.13365 -0.126575 -0.210975
-0.118605 -0.219915 -0.223201 -0.127473 -0.117502 -0.212471
-0.111364 -0.221204 -0.22448 -0.121935 -0.109519 -0.213891
-0.105368 -0.222349 -0.225935 -0.117233 -0.102649 -0.21519
-0.100566 -0.223421 -0.227419 -0.113185 -0.09708 -0.216121
-0.0971681 -0.224155 -0.228974 -0.109676 -0.0932741 -0.21705
-0.0953403 -0.224996 -0.230653 -0.106255 -0.0907442 -0.218138
-0.0951042 -0.225607 -0.231801 -0.104775 -0.0905909 -0.219199
-0.0960808 -0.226415 -0.232753 -0.104697 -0.0922196 -0.220275
-0.0983606 -0.227168 -0.233626 -0.106114 -0.095437 -0.221676
-0.102118 -0.22794 -0.234627 -0.108787 -0.100163 -0.222857
-0.107025 -0.228667 -0.23561 -0.112829 -0.106088 -0.223749
-0.113127 -0.229051 -0.236248 -0.117953 -0.112712 -0.224474
-0.120524 -0.22934 -0.236939 -0.124248 -0.120312 -0.224939
-0.128549 -0.229373 -0.237401 -0.131281 -0.128556 -0.225158
-0.136967 -0.229476 -0.237883 -0.138782 -0.136865 -0.225356
-0.145234 -0.229374 -0.23844 -0.147134 -0.145343 -0.225484
-0.153366 -0.229244 -0.238687 -0.155918 -0.153609 -0.225562
-0.161187 -0.22907 -0.239294 -0.164216 -0.161569 -0.225572
-0.169528 -0.227909 -0.237973 -0.174461 -0.170024 -0.224365
-0.180018 -0.226499 -0.234491 -0.18711 -0.181265 -0.222706
-0.190228 -0.226276 -0.231865 -0.188788 -0.192405 -0.221841
-0.198128 -0.226469 -0.228709 -0.188965 -0.200003 -0.221497
-0.206431 -0.225833 -0.2247 -0.189448 -0.204971 -0.220294
-0.209969 -0.223666 -0.221816 -0.187233 -0.208653 -0.21845
-0.211675 -0.21997 -0.220418 -0.183641 -0.2106 -0.215885
-0.214041 -0.215784 -0.219221 -0.180541 -0.212685 -0.212006
-0.215446 -0.211411 -0.216631 -0.178657 -0.214061 -0.207597
-0.216742 -0.205535 -0.210384 -0.176681 -0.21453 -0.201747
-0.21803 -0.199736 -0.203104 -0.17521 -0.214308 -0.195699
-0.218665 -0.19268 -0.19485 -0.175162 -0.215021 -0.188466
-0.21881 -0.184639 -0.186601 -0.175197 -0.2159 -0.180026
-0.219196 -0.175631 -0.178495 -0.175231 -0.217421 -0.171005
-0.220442 -0.165941 -0.169964 -0.175146 -0.219634 -0.161753
-0.22178 -0.156252 -0.160974 -0.175406 -0.223653 -0.152328
-0.223232 -0.146902 -0.152006 -0.175763 -0.225409 -0.14273
-0.224585 -0.137709 -0.143587 -0.176462 -0.226869 -0.133833
-0.225745 -0.128929 -0.135867 -0.177857 -0.228253 -0.125323
-0.22686 -0.12133 -0.129218 -0.179562 -0.229576 -0.117533
-0.227654 -0.114678 -0.123302 -0.181088 -0.230965 -0.110493
-0.228595 -0.108906 -0.118429 -0.183112 -0.23235 -0.104454
-0.229704 -0.104231 -0.114562 -0.185157 -0.233529 -0.0995295
-0.230665 -0.101202 -0.111744 -0.187296 -0.234537 -0.0958619
-0.231749 -0.0995133 -0.110306 -0.189465 -0.235682 -0.0936754
-0.233071 -0.0988095 -0.110438 -0.191399 -0.236884 -0.0932559
-0.23461 -0.0994955 -0.111626 -0.193165 -0.238328 -0.0938719
-0.235917 -0.10128 -0.11408 -0.194408 -0.239615 -0.0961441
-0.237298 -0.105138 -0.118186 -0.196549 -0.240834 -0.100732
-0.237934 -0.109978 -0.122792 -0.198263 -0.241492 -0.10613
-0.23853 -0.116022 -0.128745 -0.199834 -0.241987 -0.112626
-0.239056 -0.123001 -0.135742 -0.201277 -0.242255 -0.119736
-0.239445 -0.130865 -0.143624 -0.202314 -0.242473 -0.127424
-0.239876 -0.139144 -0.151682 -0.20317 -0.242797 -0.135088
-0.240085 -0.147588 -0.159864 -0.204112 -0.243124 -0.143273
-0.240231 -0.15583 -0.167952 -0.20476 -0.243107 -0.15159
-0.240294 -0.163954 -0.175481 -0.205122 -0.243047 -0.159684
-0.239309 -0.172175 -0.186528 -0.202993 -0.241562 -0.168781
-0.238216 -0.17784 -0.202581 -0.20072 -0.239863 -0.179375
-0.236528 -0.178418 -0.217749 -0.200128 -0.237824 -0.183808
-0.233833 -0.18069 -0.229341 -0.199978 -0.233096 -0.185512
-0.229821 -0.181915 -0.235794 -0.200539 -0.229293 -0.188109
-0.226423 -0.181534 -0.240265 -0.199692 -0.224847 -0.18902
-0.222726 -0.181427 -0.243857 -0.196818 -0.221511 -0.188482
-0.219266 -0.181621 -0.245395 -0.192232 -0.219312 -0.187749
-0.215661 -0.181032 -0.245703 -0.187354 -0.216075 -0.187229
-0.209879 -0.181346 -0.244985 -0.180346 -0.210541 -0.186947
-0.203776 -0.182408 -0.243808 -0.173544 -0.204284 -0.187424
-0.196118 -0.184741 -0.243544 -0.16557 -0.197016 -0.18855
-0.187529 -0.187179 -0.243415 -0.157081 -0.188516 -0.190052
-0.178465 -0.189313 -0.243107 -0.148485 -0.17935 -0.191491
-0.169053 -0.191223 -0.243282 -0.139823 -0.170107 -0.193022
-0.15959 -0.19399 -0.243459 -0.131934 -0.160765 -0.194377
-0.150397 -0.198093 -0.243975 -0.124782 -0.151601 -0.195534
-0.141616 -0.204319 -0.244632 -0.118254 -0.142563 -0.196796
-0.133106 -0.211362 -0.245397 -0.112718 -0.13412 -0.197861
-0.124995 -0.215564 -0.246043 -0.108253 -0.126359 -0.198809
-0.117163 -0.217421 -0.245927 -0.105215 -0.118955 -0.200435
-0.112159 -0.21937 -0.245624 -0.103426 -0.111697 -0.202307
-0.108004 -0.220404 -0.245832 -0.101631 -0.10677 -0.204545
-0.105883 -0.221599 -0.246366 -0.0997182 -0.104331 -0.206018
-0.105018 -0.222731 -0.246386 -0.0979965 -0.104116 -0.207026
-0.105959 -0.224209 -0.246367 -0.0960735 -0.105889 -0.207733
-0.108136 -0.225067 -0.246562 -0.0950407 -0.108689 -0.208459
-0.111696 -0.225487 -0.246583 -0.0958495 -0.112679 -0.209108
-0.117026 -0.226172 -0.246138 -0.0984233 -0.118662 -0.209963
-0.12256 -0.226935 -0.245702 -0.101866 -0.124648 -0.210931
-0.128995 -0.227649 -0.245164 -0.107093 -0.131776 -0.211838
-0.136533 -0.2284 -0.244928 -0.113009 -0.13986 -0.212544
-0.144827 -0.228901 -0.24483 -0.119419 -0.148092 -0.213058
-0.15342 -0.228905 -0.244464 -0.126415 -0.156285 -0.21321
-0.161745 -0.228535 -0.244289 -0.133614 -0.164638 -0.213331
-0.169752 -0.228314 -0.24422 -0.140773 -0.172829 -0.213255
-0.177566 -0.227659 -0.243735 -0.148215 -0.180915 -0.21263
-0.187366 -0.226465 -0.240231 -0.159922 -0.191199 -0.211194
-0.198037 -0.22565 -0.237515 -0.172744 -0.202194 -0.210198
-0.20641 -0.224292 -0.23581 -0.186158 -0.205928 -0.209072
-0.213059 -0.2214 -0.234343 -0.199225 -0.209458 -0.206956
-0.216181 -0.217523 -0.233327 -0.203101 -0.211516 -0.20427
-0.216799 -0.213839 -0.231553 -0.202039 -0.211478 -0.202026
-0.217003 -0.210282 -0.228266 -0.201336 -0.210829 -0.199693
-0.216624 -0.207283 -0.224669 -0.200149 -0.21007 -0.196218
-0.215575 -0.203509 -0.220288 -0.19831 -0.209971 -0.191375
-0.214963 -0.197961 -0.214929 -0.197211 -0.210608 -0.185409
-0.215183 -0.190988 -0.208288 -0.196156 -0.210861 -0.178532
-0.216047 -0.183206 -0.200517 -0.195541 -0.211905 -0.170645
-0.216696 -0.173222 -0.189929 -0.194671 -0.213164 -0.160415
-0.217343 -0.164488 -0.180204 -0.194427 -0.214397 -0.151405
-0.217965 -0.155475 -0.17016 -0.194814 -0.215629 -0.141958
-0.218709 -0.146431 -0.160093 -0.195997 -0.216942 -0.132237
-0.219283 -0.13749 -0.150166 -0.197619 -0.218115 -0.12266
-0.219894 -0.128876 -0.141124 -0.198974 -0.219217 -0.113656
-0.220633 -0.120751 -0.133131 -0.200618 -0.220367 -0.105203
-0.221435 -0.113261 -0.126698 -0.202217 -0.221671 -0.0974631
-0.222454 -0.106419 -0.121154 -0.204097 -0.223246 -0.0906156
-0.223663 -0.100846 -0.116799 -0.206244 -0.224666 -0.0851766
-0.224834 -0.0965925 -0.113736 -0.208102 -0.22592 -0.0814906
-0.225953 -0.0939686 -0.11218 -0.209973 -0.227061 -0.0795871
-0.226844 -0.0926547 -0.111734 -0.211909 -0.228254 -0.0792085
-0.227621 -0.0929915 -0.112799 -0.213599 -0.229443 -0.0796311
-0.22831 -0.0948328 -0.115278 -0.215545 -0.230386 -0.0816271
-0.228827 -0.0981249 -0.118847 -0.217391 -0.230801 -0.0849274
-0.229232 -0.10272 -0.123343 -0.218805 -0.231167 -0.0896037
-0.229674 -0.1083 -0.129049 -0.220162 -0.231598 -0.0952469
-0.230059 -0.114916 -0.135976 -0.221219 -0.231892 -0.102114
-0.230282 -0.122249 -0.143796 -0.222258 -0.232246 -0.109616
-0.230568 -0.129975 -0.151842 -0.223127 -0.232661 -0.117705
-0.230843 -0.138418 -0.16007 -0.223828 -0.233027 -0.126092
-0.230965 -0.147035 -0.168324 -0.224129 -0.233097 -0.134516
-0.231073 -0.157301 -0.177527 -0.224367 -0.23323 -0.144285
-0.230284 -0.166201 -0.187263 -0.222988 -0.232451 -0.15295
-0.228634 -0.176047 -0.202168 -0.220677 -0.231079 -0.163364
-0.227164 -0.185999 -0.217446 -0.219448 -0.229616 -0.174156
-0.225576 -0.196067 -0.229744 -0.217431 -0.228067 -0.184803
-0.224067 -0.204759 -0.23534 -0.214566 -0.226035 -0.195822
-0.222225 -0.207093 -0.239431 -0.210671 -0.224227 -0.205273
-0.218351 -0.205537 -0.24079 -0.206848 -0.22168 -0.205666
-0.214228 -0.2063 -0.241057 -0.203959 -0.215405 -0.205159
-0.207589 -0.205619 -0.238102 -0.201489 -0.209859 -0.20586
-0.201154 -0.204243 -0.235708 -0.19723 -0.203084 -0.206057
-0.194753 -0.202863 -0.234653 -0.191043 -0.197202 -0.204569
-0.189179 -0.201964 -0.233687 -0.183432 -0.191249 -0.203371
-0.182663 -0.200896 -0.23338 -0.174964 -0.184249 -0.202214
-0.174922 -0.200318 -0.23268 -0.166014 -0.176045 -0.201805
-0.165826 -0.200477 -0.232083 -0.157258 -0.166846 -0.201755
-0.155897 -0.20116 -0.231739 -0.148822 -0.156994 -0.202408
-0.145471 -0.202628 -0.231826 -0.14121 -0.14706 -0.203846
-0.135219 -0.204412 -0.232175 -0.134239 -0.137538 -0.20549
-0.125604 -0.206039 -0.232802 -0.127964 -0.128385 -0.206846
-0.117091 -0.207491 -0.233928 -0.122219 -0.120311 -0.207938
-0.110168 -0.208796 -0.234967 -0.116933 -0.113285 -0.208894
-0.104849 -0.210067 -0.236177 -0.112423 -0.107077 -0.209905
-0.100852 -0.211385 -0.237634 -0.108719 -0.102103 -0.211102
-0.0983426 -0.212568 -0.238926 -0.105927 -0.098441 -0.212289
-0.0970881 -0.213803 -0.239706 -0.104423 -0.0963226 -0.213451
-0.096973 -0.215105 -0.240561 -0.103332 -0.0962754 -0.215175
-0.098148 -0.216281 -0.241572 -0.103138 -0.0983189 -0.216554
-0.100446 -0.217304 -0.243142 -0.10428 -0.102029 -0.217959
-0.104505 -0.218027 -0.243971 -0.10667 -0.106947 -0.21893
-0.110021 -0.218656 -0.244288 -0.110079 -0.11298 -0.219195
-0.116815 -0.219056 -0.244622 -0.114976 -0.119785 -0.219394
-0.124493 -0.219204 -0.244882 -0.121024 -0.127164 -0.219455
-0.132798 -0.21907 -0.245159 -0.127995 -0.134748 -0.219628
-0.140963 -0.218842 -0.245282 -0.135638 -0.142536 -0.219863
-0.148983 -0.218746 -0.245316 -0.143937 -0.150853 -0.219711
-0.156682 -0.218766 -0.245196 -0.15187 -0.158941 -0.219426
-0.164332 -0.218459 -0.245211 -0.159704 -0.166699 -0.218865
-0.173267 -0.217407 -0.242295 -0.16974 -0.175906 -0.217773
-0.185227 -0.216547 -0.238427 -0.181139 -0.187725 -0.216569
-0.195999 -0.215607 -0.235947 -0.192696 -0.198917 -0.215668
-0.204418 -0.213722 -0.233883 -0.204317 -0.208338 -0.213947
-0.211247 -0.210694 -0.231361 -0.215227 -0.212805 -0.210917
-0.216205 -0.20623 -0.229548 -0.220235 -0.214709 -0.207049
-0.220425 -0.201017 -0.226977 -0.219344 -0.214308 -0.203286
-0.221675 -0.195886 -0.223735 -0.217041 -0.212956 -0.199521
-0.2218 -0.191541 -0.219792 -0.215686 -0.211491 -0.19552
-0.220949 -0.186326 -0.214289 -0.212633 -0.209465 -0.189415
-0.220704 -0.180779 -0.208626 -0.210338 -0.209275 -0.182915
-0.221746 -0.173688 -0.201635 -0.20902 -0.209465 -0.1754
-0.222991 -0.165684 -0.193586 -0.207931 -0.209582 -0.167349
-0.223987 -0.157172 -0.184327 -0.207505 -0.209573 -0.158853
-0.224706 -0.148223 -0.174436 -0.207415 -0.209667 -0.150022
-0.225294 -0.139193 -0.164358 -0.20758 -0.210004 -0.140895
-0.225973 -0.130319 -0.154794 -0.208369 -0.210539 -0.131613
-0.226581 -0.121405 -0.145965 -0.209052 -0.211225 -0.122309
-0.227331 -0.112923 -0.138043 -0.209957 -0.212312 -0.113495
-0.228309 -0.104991 -0.131333 -0.211183 -0.213522 -0.105649
-0.229385 -0.0978971 -0.125688 -0.212531 -0.214648 -0.0990449
-0.230172 -0.0918001 -0.120882 -0.214245 -0.215847 -0.0935409
-0.230752 -0.0869893 -0.116816 -0.216131 -0.216856 -0.0895014
-0.231312 -0.0838571 -0.114386 -0.217865 -0.217751 -0.0869933
-0.231858 -0.0820798 -0.113579 -0.219453 -0.218705 -0.0859005
-0.232341 -0.082171 -0.113699 -0.221071 -0.219513 -0.0861878
-0.232841 -0.0837153 -0.11556 -0.222732 -0.220348 -0.0875377
-0.233337 -0.0864348 -0.118683 -0.224227 -0.221375 -0.0900375
-0.23372 -0.0904962 -0.122667 -0.225471 -0.222145 -0.0936457
-0.234185 -0.0968876 -0.129018 -0.226807 -0.222862 -0.0997407
-0.234372 -0.103582 -0.135423 -0.227825 -0.223455 -0.106149
-0.234456 -0.11089 -0.143126 -0.22872 -0.224115 -0.113572
-0.234692 -0.118978 -0.151075 -0.229394 -0.224593 -0.121472
-0.234902 -0.127234 -0.159284 -0.229911 -0.225165 -0.129611
-0.23506 -0.135824 -0.167439 -0.230352 -0.225508 -0.137899
-0.235197 -0.144381 -0.175306 -0.230682 -0.225739 -0.146072
-0.234997 -0.15302 -0.18342 -0.230401 -0.225663 -0.154105
-0.233303 -0.163655 -0.196121 -0.227927 -0.224554 -0.163577
-0.231825 -0.175523 -0.211397 -0.226232 -0.223085 -0.173539
-0.230471 -0.187457 -0.224684 -0.22478 -0.221832 -0.1828
-0.228955 -0.198757 -0.233234 -0.22241 -0.220085 -0.192188
-0.226906 -0.207997 -0.237723 -0.219194 -0.218382 -0.200558
-0.224547 -0.210002 -0.239938 -0.21497 -0.216746 -0.207578
-0.220038 -0.209258 -0.239355 -0.210461 -0.213781 -0.214189
-0.216832 -0.209121 -0.236561 -0.206814 -0.207844 -0.213369
-0.21084 -0.208564 -0.233183 -0.203085 -0.200435 -0.213979
-0.204107 -0.208122 -0.230677 -0.198311 -0.194099 -0.213746
-0.197311 -0.207376 -0.228901 -0.191767 -0.187324 -0.213185
-0.190407 -0.206339 -0.227549 -0.183911 -0.180994 -0.211989
-0.182744 -0.205681 -0.226364 -0.175156 -0.17387 -0.211123
-0.172596 -0.204774 -0.226293 -0.164056 -0.163947 -0.210437
-0.163409 -0.203912 -0.226221 -0.155162 -0.154126 -0.210188
-0.153748 -0.203777 -0.226381 -0.146702 -0.144007 -0.210493
-0.143797 -0.204616 -0.226685 -0.13909 -0.134168 -0.211276
-0.134246 -0.205975 -0.227177 -0.132353 -0.124711 -0.212346
-0.125108 -0.207305 -0.228015 -0.126454 -0.11599 -0.213572
-0.116984 -0.208838 -0.229359 -0.121392 -0.108217 -0.2147
-0.11029 -0.210237 -0.230628 -0.11693 -0.101714 -0.215696
-0.105589 -0.211611 -0.231836 -0.113008 -0.0965099 -0.216508
-0.103174 -0.212695 -0.233117 -0.109627 -0.0925224 -0.217344
-0.102289 -0.213909 -0.234539 -0.106974 -0.0900375 -0.218075
-0.102405 -0.214949 -0.235792 -0.105668 -0.0890617 -0.219002
-0.103373 -0.216102 -0.236676 -0.105511 -0.0901064 -0.220215
-0.105446 -0.217374 -0.237316 -0.106778 -0.0926029 -0.221668
-0.10874 -0.218693 -0.237741 -0.10939 -0.0965216 -0.222757
-0.113556 -0.219939 -0.238248 -0.113346 -0.101592 -0.223658
-0.119639 -0.220495 -0.238847 -0.118214 -0.107606 -0.224398
-0.12717 -0.220978 -0.2395 -0.124241 -0.114814 -0.22509
-0.135048 -0.221353 -0.239719 -0.130931 -0.122483 -0.225586
-0.142894 -0.221586 -0.240103 -0.138232 -0.130838 -0.225992
-0.15222 -0.221868 -0.24023 -0.147906 -0.141105 -0.226398
-0.159799 -0.222078 -0.240377 -0.155965 -0.149275 -0.226534
-0.167278 -0.22189 -0.240167 -0.163918 -0.157004 -0.226454
-0.175574 -0.221263 -0.2384 -0.173179 -0.165674 -0.225746
-0.186437 -0.220563 -0.234637 -0.184488 -0.177599 -0.224704
-0.196796 -0.219921 -0.232396 -0.195708 -0.189933 -0.223918
-0.204484 -0.218655 -0.230007 -0.206969 -0.200323 -0.222625
-0.210193 -0.216668 -0.227578 -0.218231 -0.209876 -0.220142
-0.212196 -0.212865 -0.225727 -0.226472 -0.215355 -0.216662
-0.21381 -0.20842 -0.222659 -0.226451 -0.218629 -0.212943
-0.214271 -0.204129 -0.219404 -0.224282 -0.219567 -0.208597
-0.214246 -0.199864 -0.21523 -0.222952 -0.218599 -0.204297
-0.213539 -0.195265 -0.210972 -0.220573 -0.217524 -0.199698
-0.212434 -0.189367 -0.205582 -0.217589 -0.21668 -0.193917
-0.21238 -0.182276 -0.19868 -0.216197 -0.216499 -0.186805
-0.212392 -0.17414 -0.190501 -0.214393 -0.216551 -0.178804
-0.212419 -0.165639 -0.181515 -0.213556 -0.217808 -0.170178
-0.212382 -0.15685 -0.171872 -0.213188 -0.21819 -0.161023
-0.212456 -0.148048 -0.162151 -0.213174 -0.219755 -0.151661
-0.212711 -0.138842 -0.152622 -0.213311 -0.220261 -0.142259
-0.213302 -0.129546 -0.144254 -0.213487 -0.221129 -0.133128
-0.214229 -0.120413 -0.136794 -0.213799 -0.222245 -0.124299
-0.215313 -0.112016 -0.130148 -0.214215 -0.22337 -0.116117
-0.216431 -0.104374 -0.124213 -0.214952 -0.224682 -0.108658
-0.217581 -0.0983291 -0.118816 -0.216167 -0.225572 -0.102359
-0.218898 -0.0930648 -0.113264 -0.217811 -0.226266 -0.0963275
-0.219794 -0.0899156 -0.109994 -0.219483 -0.226719 -0.0928759
-0.220774 -0.0880644 -0.108401 -0.220918 -0.227098 -0.0910432
-0.221784 -0.0873179 -0.108123 -0.222033 -0.22763 -0.0910556
-0.223013 -0.0880279 -0.109135 -0.223175 -0.228511 -0.0920526
-0.224415 -0.0901867 -0.112 -0.224077 -0.229737 -0.0944255
-0.225298 -0.0937527 -0.115924 -0.225169 -0.230705 -0.0982074
-0.226144 -0.0986079 -0.12057 -0.226105 -0.231485 -0.103298
-0.226761 -0.104678 -0.126454 -0.227099 -0.231978 -0.109606
-0.22785 -0.111866 -0.133365 -0.228118 -0.232013 -0.117014
-0.228324 -0.119587 -0.14116 -0.228783 -0.231898 -0.124996
-0.228733 -0.127854 -0.149291 -0.229263 -0.232156 -0.132897
-0.229149 -0.136229 -0.157798 -0.229516 -0.232264 -0.140862
-0.229493 -0.144758 -0.166032 -0.229858 -0.23235 -0.149055
-0.229664 -0.152831 -0.173868 -0.229861 -0.232326 -0.157189
-0.228909 -0.16149 -0.184668 -0.227949 -0.231284 -0.166662
-0.227697 -0.171171 -0.20053 -0.225778 -0.22951 -0.177446
-0.22642 -0.18071 -0.215715 -0.224291 -0.227877 -0.187928
-0.224944 -0.190517 -0.226779 -0.222145 -0.22621 -0.198184
-0.223656 -0.198558 -0.231066 -0.21928 -0.224442 -0.207833
-0.222374 -0.204988 -0.231924 -0.214971 -0.223236 -0.214144
-0.220045 -0.212324 -0.23133 -0.210136 -0.221139 -0.211566
-0.21491 -0.212146 -0.229628 -0.206047 -0.217958 -0.210437
-0.207856 -0.213096 -0.22727 -0.202827 -0.211481 -0.210372
-0.20107 -0.213022 -0.225072 -0.199017 -0.203426 -0.210941
-0.193117 -0.211111 -0.222935 -0.191828 -0.19512 -0.210464
-0.186355 -0.210652 -0.220721 -0.183918 -0.188725 -0.208807
-0.17895 -0.210698 -0.219392 -0.175287 -0.181497 -0.207358
-0.170538 -0.210316 -0.218495 -0.166279 -0.173299 -0.205952
-0.161156 -0.209413 -0.218251 -0.157164 -0.163761 -0.20507
-0.151141 -0.209078 -0.21876 -0.148598 -0.153884 -0.204525
-0.141023 -0.209305 -0.219139 -0.140556 -0.143678 -0.204276
-0.131304 -0.210051 -0.219867 -0.133207 -0.133578 -0.20456
-0.122266 -0.210796 -0.221013 -0.126911 -0.123807 -0.205176
-0.114059 -0.211447 -0.222206 -0.121665 -0.114909 -0.206141
-0.10682 -0.212367 -0.223554 -0.117006 -0.10695 -0.207038
-0.101137 -0.213634 -0.225088 -0.113049 -0.100483 -0.208186
-0.0973736 -0.21499 -0.226879 -0.109681 -0.0959013 -0.209218
-0.0954626 -0.216321 -0.22856 -0.106827 -0.0931905 -0.210331
-0.094925 -0.217716 -0.229627 -0.105126 -0.092068 -0.211601
-0.0952676 -0.218909 -0.230886 -0.104543 -0.0930917 -0.213078
-0.0970789 -0.220039 -0.23227 -0.104967 -0.0958348 -0.214871
-0.100126 -0.22116 -0.233374 -0.106676 -0.0999776 -0.216236
-0.104971 -0.222137 -0.234461 -0.109804 -0.105334 -0.217204
-0.110734 -0.223033 -0.235248 -0.114104 -0.111364 -0.218097
-0.117648 -0.223852 -0.23562 -0.119412 -0.118372 -0.219041
-0.125225 -0.224516 -0.23596 -0.12599 -0.125653 -0.220098
-0.133044 -0.225026 -0.236548 -0.13342 -0.133599 -0.221108
-0.14241 -0.225587 -0.236927 -0.143296 -0.143685 -0.221919
-0.150202 -0.226082 -0.237016 -0.151308 -0.152265 -0.222382
-0.157974 -0.226204 -0.23707 -0.159162 -0.160454 -0.222569
-0.166258 -0.22544 -0.236164 -0.16787 -0.168826 -0.22218
-0.177538 -0.224463 -0.232817 -0.179393 -0.179866 -0.22131
-0.189957 -0.223959 -0.230507 -0.191377 -0.191784 -0.220691
-0.199475 -0.223026 -0.228446 -0.203873 -0.201659 -0.219897
-0.206483 -0.220792 -0.226403 -0.216426 -0.206039 -0.217682
-0.209706 -0.216819 -0.225012 -0.226363 -0.208694 -0.214225
-0.211771 -0.211826 -0.223399 -0.226445 -0.209984 -0.210684
-0.211875 -0.207367 -0.221314 -0.225003 -0.210305 -0.206578
-0.211619 -0.203831 -0.21709 -0.225026 -0.209407 -0.202629
-0.210926 -0.200148 -0.212289 -0.223789 -0.206803 -0.198661
-0.210558 -0.194963 -0.20647 -0.221609 -0.205827 -0.193094
-0.210203 -0.188273 -0.199989 -0.220474 -0.206408 -0.186053
-0.210412 -0.180507 -0.192734 -0.219354 -0.207368 -0.178236
-0.210988 -0.172057 -0.184234 -0.218141 -0.208241 -0.169713
-0.211864 -0.163119 -0.175079 -0.217515 -0.209176 -0.16068
-0.212906 -0.15402 -0.165569 -0.21722 -0.210517 -0.151386
-0.213533 -0.144969 -0.156101 -0.21752 -0.211955 -0.141805
-0.214665 -0.135973 -0.147303 -0.218245 -0.213223 -0.132588
-0.216158 -0.125672 -0.137707 -0.21923 -0.214394 -0.121782
-0.217489 -0.117826 -0.130831 -0.220201 -0.215459 -0.113573
-0.218883 -0.110653 -0.124944 -0.221293 -0.216749 -0.105918
-0.220219 -0.104279 -0.119832 -0.222443 -0.218001 -0.0992207
-0.221454 -0.0986768 -0.115404 -0.223868 -0.219303 -0.0938732
-0.222355 -0.0942694 -0.111684 -0.225236 -0.220607 -0.0900208
-0.222955 -0.0914674 -0.10922 -0.226911 -0.221522 -0.0878965
-0.223505 -0.0900933 -0.108072 -0.228255 -0.222238 -0.0873654
-0.224279 -0.0903946 -0.108104 -0.229206 -0.223082 -0.0877283
-0.224967 -0.0922513 -0.109943 -0.230202 -0.224055 -0.0893553
-0.2258 -0.0954452 -0.113399 -0.231104 -0.225098 -0.0922382
-0.226381 -0.0998988 -0.117962 -0.231966 -0.225856 -0.0967223
-0.226844 -0.105497 -0.12347 -0.23275 -0.226336 -0.102701
-0.227146 -0.112213 -0.129886 -0.233454 -0.226659 -0.109695
-0.227295 -0.119814 -0.13712 -0.234031 -0.226823 -0.117316
-0.227277 -0.127748 -0.145033 -0.234388 -0.227183 -0.125302
-0.227554 -0.137702 -0.154555 -0.234649 -0.227527 -0.135088
-0.227732 -0.146239 -0.162635 -0.234694 -0.227751 -0.143356
-0.227887 -0.15461 -0.170225 -0.234651 -0.227774 -0.151378
-0.227172 -0.163441 -0.179662 -0.233164 -0.226844 -0.160199
-0.22595 -0.173548 -0.194014 -0.230505 -0.224565 -0.170621
-0.224703 -0.183648 -0.209241 -0.228946 -0.222709 -0.181317
-0.223185 -0.194047 -0.222152 -0.227123 -0.221209 -0.191746
-0.221322 -0.203482 -0.228814 -0.224336 -0.219094 -0.202344
-0.219588 -0.210769 -0.232417 -0.22055 -0.217169 -0.211377
-0.217634 -0.217666 -0.233078 -0.215734 -0.215113 -0.217736
-0.214174 -0.225557 -0.231615 -0.210569 -0.211491 -0.215376
-0.208884 -0.234353 -0.229072 -0.205511 -0.207223 -0.213998
-0.202014 -0.240873 -0.225471 -0.200591 -0.201576 -0.213073
-0.193544 -0.240283 -0.222684 -0.195994 -0.194675 -0.212308
-0.185828 -0.239087 -0.220911 -0.190398 -0.186828 -0.210635
-0.177789 -0.237189 -0.219247 -0.182948 -0.178467 -0.20978
-0.170534 -0.235951 -0.218082 -0.174428 -0.170623 -0.208461
-0.162505 -0.234211 -0.21653 -0.165452 -0.162571 -0.206049
-0.154187 -0.233247 -0.216023 -0.156172 -0.153881 -0.204243
-0.142936 -0.231827 -0.215674 -0.145745 -0.142736 -0.203051
-0.132963 -0.231401 -0.215645 -0.138253 -0.133243 -0.203282
-0.123161 -0.231586 -0.215907 -0.131931 -0.123412 -0.204565
-0.114093 -0.232077 -0.216384 -0.126508 -0.11448 -0.206157
-0.106942 -0.232606 -0.21775 -0.121776 -0.106682 -0.207761
-0.101765 -0.233022 -0.219809 -0.117442 -0.100887 -0.20914
-0.0983516 -0.233407 -0.221823 -0.113655 -0.0970461 -0.21
-0.096359 -0.233801 -0.223966 -0.110369 -0.0944822 -0.210809
-0.0954992 -0.234283 -0.225554 -0.108097 -0.0931639 -0.211627
-0.0957725 -0.235293 -0.226664 -0.10716 -0.0933033 -0.212774
-0.0974438 -0.236382 -0.228004 -0.108073 -0.0944994 -0.214314
-0.100377 -0.23735 -0.229034 -0.110339 -0.0971117 -0.216043
-0.104331 -0.238037 -0.23031 -0.113777 -0.101385 -0.217677
-0.109579 -0.238559 -0.23132 -0.118349 -0.106916 -0.218832
-0.115839 -0.238822 -0.232206 -0.123709 -0.113496 -0.219642
-0.123232 -0.238919 -0.232862 -0.12965 -0.120973 -0.220306
-0.131129 -0.23887 -0.233598 -0.136322 -0.128949 -0.221074
-0.140797 -0.238743 -0.234109 -0.145742 -0.13842 -0.221797
-0.148556 -0.238639 -0.234229 -0.154528 -0.146468 -0.222358
-0.156027 -0.238857 -0.234151 -0.162619 -0.154341 -0.222842
-0.163249 -0.238499 -0.234323 -0.170576 -0.161944 -0.222871
-0.172757 -0.23726 -0.231695 -0.181514 -0.171492 -0.222029
-0.18486 -0.23635 -0.228731 -0.193458 -0.18264 -0.221321
-0.19401 -0.235367 -0.226201 -0.205626 -0.192334 -0.220571
-0.196802 -0.23362 -0.224021 -0.217531 -0.200446 -0.21903
-0.197227 -0.230497 -0.22299 -0.228414 -0.208477 -0.216026
-0.198342 -0.226285 -0.221645 -0.23803 -0.212143 -0.211972
-0.200159 -0.221142 -0.219638 -0.245394 -0.213664 -0.207044
-0.200574 -0.216078 -0.216507 -0.246924 -0.213993 -0.201988
-0.198535 -0.211805 -0.211313 -0.245406 -0.212566 -0.197671
-0.19655 -0.207254 -0.204708 -0.244826 -0.210207 -0.19318
-0.195796 -0.201303 -0.197769 -0.241626 -0.207969 -0.187266
-0.195639 -0.194017 -0.190964 -0.2388 -0.207518 -0.179605
-0.195837 -0.185996 -0.183635 -0.236658 -0.207811 -0.170889
-0.196133 -0.177326 -0.175336 -0.234188 -0.208069 -0.161863
-0.197028 -0.168243 -0.166066 -0.233154 -0.208632 -0.152984
-0.197969 -0.159296 -0.156616 -0.232162 -0.21012 -0.14411
-0.198281 -0.15085 -0.146468 -0.231808 -0.213177 -0.135213
-0.19849 -0.14274 -0.137467 -0.232054 -0.215182 -0.126244
-0.199093 -0.133144 -0.129118 -0.232054 -0.216026 -0.116249
-0.199997 -0.125496 -0.123687 -0.232515 -0.217606 -0.108408
-0.201564 -0.118512 -0.119262 -0.232596 -0.21961 -0.101741
-0.20312 -0.112892 -0.115334 -0.233026 -0.221673 -0.0964872
-0.204481 -0.108806 -0.111851 -0.233814 -0.223575 -0.0925763
-0.205777 -0.106166 -0.108981 -0.235 -0.224844 -0.0901153
-0.206851 -0.104861 -0.107286 -0.236354 -0.225937 -0.0891296
-0.207963 -0.104851 -0.106717 -0.237593 -0.227017 -0.0893585
-0.209348 -0.10642 -0.107774 -0.238331 -0.228329 -0.0907364
-0.210942 -0.109096 -0.110676 -0.239083 -0.229849 -0.0934069
-0.212296 -0.112864 -0.114764 -0.239643 -0.2313 -0.097529
-0.213656 -0.11789 -0.119786 -0.240266 -0.232374 -0.102852
-0.21469 -0.124273 -0.125772 -0.241067 -0.233453 -0.109383
-0.215247 -0.13179 -0.132654 -0.241872 -0.23403 -0.116795
-0.215517 -0.140053 -0.140147 -0.242551 -0.234261 -0.124909
-0.215693 -0.14866 -0.148016 -0.242955 -0.234356 -0.133173
-0.215953 -0.157363 -0.156198 -0.243115 -0.234513 -0.141485
-0.216378 -0.165638 -0.164336 -0.243121 -0.234699 -0.149523
-0.21646 -0.173653 -0.172605 -0.242318 -0.234767 -0.157509
-0.215463 -0.182451 -0.185651 -0.23943 -0.233592 -0.167922
-0.213953 -0.193313 -0.203975 -0.237079 -0.23198 -0.181798
-0.212264 -0.202477 -0.217122 -0.235133 -0.230575 -0.192913
-0.210415 -0.210908 -0.221408 -0.232337 -0.22884 -0.203923
-0.209207 -0.217452 -0.223489 -0.228497 -0.227499 -0.213233
-0.207437 -0.215738 -0.222936 -0.223575 -0.226194 -0.221248
-0.203937 -0.215085 -0.223047 -0.219018 -0.222823 -0.225563
-0.198802 -0.214977 -0.219145 -0.215248 -0.214999 -0.225285
-0.192283 -0.214351 -0.215454 -0.211746 -0.2089 -0.226425
-0.185265 -0.213582 -0.213048 -0.207269 -0.201971 -0.226303
-0.178532 -0.212445 -0.210609 -0.201049 -0.195191 -0.224832
-0.171312 -0.211768 -0.208977 -0.193489 -0.188191 -0.223555
-0.163688 -0.211349 -0.208024 -0.185145 -0.180419 -0.222626
-0.155122 -0.210942 -0.208076 -0.176391 -0.171304 -0.221609
-0.145981 -0.210542 -0.208657 -0.16753 -0.161103 -0.221219
-0.136199 -0.210599 -0.20951 -0.158767 -0.150783 -0.220986
-0.126093 -0.211087 -0.209943 -0.150275 -0.14055 -0.220971
-0.115939 -0.211987 -0.210629 -0.142348 -0.130937 -0.221336
-0.106269 -0.21298 -0.211901 -0.135342 -0.122101 -0.222002
-0.0973201 -0.213895 -0.21354 -0.129161 -0.114383 -0.222863
-0.0900171 -0.214888 -0.215224 -0.123904 -0.107846 -0.223656
-0.0849965 -0.216104 -0.216962 -0.119407 -0.102747 -0.224476
-0.081914 -0.217387 -0.218659 -0.115739 -0.0990316 -0.225257
-0.080682 -0.218302 -0.220681 -0.113315 -0.0968471 -0.225969
-0.0807755 -0.219103 -0.222337 -0.112257 -0.0966743 -0.226742
-0.0820519 -0.220302 -0.224029 -0.112377 -0.0980729 -0.227535
-0.0853962 -0.222052 -0.225748 -0.114668 -0.101876 -0.228258
-0.0899835 -0.2235 -0.22658 -0.11824 -0.106388 -0.228869
-0.0958637 -0.224772 -0.227562 -0.123184 -0.111784 -0.229359
-0.102543 -0.225827 -0.228476 -0.129213 -0.118459 -0.230011
-0.110113 -0.226739 -0.22901 -0.136488 -0.126021 -0.230492
-0.117951 -0.227553 -0.229549 -0.144344 -0.134063 -0.230851
-0.125863 -0.227981 -0.230036 -0.152314 -0.142126 -0.231124
-0.133755 -0.228245 -0.230368 -0.160432 -0.150403 -0.2312
-0.141546 -0.228463 -0.230476 -0.16848 -0.158769 -0.230944
-0.149126 -0.228739 -0.230475 -0.176042 -0.166699 -0.230495
-0.157589 -0.227949 -0.228628 -0.185832 -0.175045 -0.229369
-0.169294 -0.227001 -0.224849 -0.19847 -0.185564 -0.228043
-0.178004 -0.226338 -0.222389 -0.207168 -0.195728 -0.227088
-0.179554 -0.225151 -0.221 -0.208361 -0.202568 -0.225826
-0.18416 -0.224771 -0.218882 -0.208016 -0.205503 -0.223105
-0.187729 -0.223236 -0.217056 -0.207918 -0.207389 -0.220397
-0.19183 -0.220063 -0.214921 -0.206454 -0.208123 -0.218688
-0.194507 -0.216207 -0.212502 -0.205136 -0.20864 -0.216014
-0.19732 -0.210718 -0.208233 -0.202798 -0.208979 -0.211027
-0.198032 -0.204833 -0.203068 -0.201496 -0.209131 -0.205485
-0.199241 -0.198514 -0.196422 -0.199869 -0.209001 -0.198735
-0.201014 -0.191007 -0.188644 -0.199099 -0.209323 -0.191007
-0.202532 -0.18247 -0.180149 -0.198098 -0.210369 -0.182672
-0.204012 -0.173088 -0.171144 -0.196899 -0.211263 -0.173823
-0.206789 -0.163261 -0.161622 -0.195915 -0.21268 -0.164339
-0.208717 -0.153191 -0.152271 -0.195262 -0.214147 -0.154817
-0.210538 -0.143553 -0.143432 -0.194715 -0.215771 -0.145332
-0.212472 -0.134363 -0.135201 -0.194666 -0.21734 -0.136111
-0.214258 -0.125981 -0.127836 -0.194995 -0.218642 -0.127483
-0.215884 -0.118474 -0.121294 -0.196122 -0.219927 -0.119415
-0.217335 -0.111774 -0.115934 -0.197402 -0.221256 -0.112416
-0.218659 -0.106178 -0.111561 -0.199147 -0.222401 -0.106488
-0.219805 -0.101352 -0.107944 -0.201187 -0.223681 -0.101823
-0.220842 -0.0975869 -0.105154 -0.202801 -0.225084 -0.0984372
-0.222085 -0.0950935 -0.103626 -0.205043 -0.226981 -0.0966114
-0.223473 -0.0947493 -0.103491 -0.206483 -0.22842 -0.0965395
-0.224761 -0.0959888 -0.104883 -0.207921 -0.229967 -0.097512
-0.226375 -0.098667 -0.107702 -0.209441 -0.231618 -0.0999413
-0.227426 -0.102852 -0.111492 -0.210817 -0.232972 -0.104087
-0.228208 -0.10818 -0.116288 -0.212136 -0.233688 -0.109598
-0.22889 -0.114732 -0.122195 -0.213569 -0.234123 -0.116194
-0.229246 -0.12248 -0.129022 -0.214898 -0.234411 -0.123566
-0.229445 -0.130488 -0.136654 -0.215963 -0.23476 -0.13132
-0.229663 -0.138735 -0.14476 -0.216943 -0.235224 -0.139684
-0.229706 -0.146818 -0.152869 -0.217544 -0.23554 -0.148093
-0.229802 -0.15504 -0.160838 -0.217992 -0.235903 -0.156605
-0.229742 -0.163012 -0.168488 -0.21802 -0.236031 -0.164598
-0.228143 -0.172273 -0.180943 -0.215322 -0.234771 -0.17386
-0.226776 -0.182558 -0.197975 -0.213425 -0.233233 -0.183714
-0.225981 -0.191256 -0.206832 -0.211571 -0.232057 -0.192367
-0.225426 -0.189151 -0.209698 -0.209167 -0.231825 -0.200746
-0.224617 -0.188962 -0.218106 -0.205991 -0.229994 -0.20987
-0.221876 -0.189388 -0.226484 -0.202908 -0.226069 -0.219367
-0.218855 -0.189064 -0.230004 -0.200567 -0.220206 -0.229281
-0.215211 -0.187335 -0.229498 -0.197117 -0.214206 -0.238538
-0.210604 -0.185263 -0.228596 -0.19286 -0.208305 -0.238305
-0.204132 -0.184172 -0.226429 -0.188 -0.202709 -0.23646
-0.196175 -0.183248 -0.223149 -0.182241 -0.19659 -0.235401
-0.186564 -0.182224 -0.22043 -0.173564 -0.187779 -0.235097
-0.177941 -0.181728 -0.218188 -0.165231 -0.179976 -0.234058
-0.169198 -0.18222 -0.215662 -0.156186 -0.171186 -0.23355
-0.160103 -0.18313 -0.214127 -0.147369 -0.161723 -0.232692
-0.150758 -0.183986 -0.213156 -0.139179 -0.151819 -0.232329
-0.141472 -0.184919 -0.213249 -0.131699 -0.142101 -0.231874
-0.13254 -0.186249 -0.213655 -0.124954 -0.13328 -0.231368
-0.123882 -0.187622 -0.214449 -0.119204 -0.125312 -0.231022
-0.11591 -0.189085 -0.215871 -0.114581 -0.118089 -0.23074
-0.108714 -0.190062 -0.217408 -0.110854 -0.112182 -0.230461
-0.102857 -0.191267 -0.218796 -0.107865 -0.107594 -0.23013
-0.0987869 -0.192377 -0.22022 -0.105635 -0.10431 -0.229932
-0.0970671 -0.193712 -0.221899 -0.103809 -0.102007 -0.230168
-0.0966447 -0.195041 -0.223708 -0.102244 -0.101312 -0.230332
-0.0976212 -0.196438 -0.22495 -0.101656 -0.10192 -0.230512
-0.0998209 -0.197844 -0.225927 -0.10212 -0.103792 -0.231409
-0.103425 -0.199311 -0.226841 -0.103722 -0.107443 -0.232465
-0.107997 -0.200895 -0.22742 -0.106681 -0.112457 -0.233423
-0.113549 -0.202469 -0.228407 -0.110822 -0.118184 -0.233844
-0.120218 -0.20386 -0.229355 -0.116221 -0.125205 -0.234321
-0.127678 -0.205282 -0.229799 -0.122469 -0.133123 -0.23444
-0.135616 -0.206825 -0.230016 -0.12918 -0.141046 -0.234376
-0.145438 -0.207817 -0.231361 -0.137704 -0.145529 -0.233998
-0.153975 -0.207429 -0.233497 -0.144642 -0.148107 -0.233403
-0.160465 -0.206563 -0.235568 -0.149866 -0.150233 -0.233065
-0.169897 -0.205395 -0.237077 -0.160657 -0.154051 -0.232292
-0.179972 -0.203725 -0.235934 -0.17658 -0.158116 -0.23092
-0.189844 -0.20291 -0.236018 -0.194595 -0.160396 -0.230694
-0.196878 -0.201719 -0.235957 -0.203529 -0.161778 -0.230336
-0.201065 -0.20066 -0.234297 -0.20477 -0.162921 -0.230155
-0.200942 -0.199574 -0.231416 -0.206507 -0.164025 -0.229374
-0.202516 -0.198797 -0.228906 -0.206681 -0.166533 -0.227076
-0.202697 -0.19609 -0.22591 -0.206291 -0.170169 -0.223085
-0.202884 -0.192017 -0.221911 -0.206073 -0.176839 -0.217847
-0.203292 -0.186612 -0.216403 -0.205972 -0.183114 -0.211937
-0.20391 -0.18004 -0.209272 -0.205814 -0.190532 -0.20558
-0.204597 -0.172655 -0.200759 -0.205456 -0.196228 -0.198256
-0.205173 -0.164216 -0.191917 -0.205347 -0.200367 -0.189781
-0.205197 -0.154751 -0.182567 -0.205156 -0.20337 -0.180761
-0.206002 -0.144528 -0.173026 -0.204077 -0.205096 -0.17131
-0.20787 -0.13393 -0.16354 -0.202962 -0.206902 -0.161904
-0.209944 -0.123959 -0.154072 -0.202183 -0.208655 -0.152356
-0.211884 -0.114545 -0.145032 -0.202006 -0.210422 -0.143156
-0.213561 -0.105952 -0.13673 -0.202147 -0.21208 -0.134213
-0.215753 -0.0966002 -0.12817 -0.202856 -0.214283 -0.124211
-0.217522 -0.0896912 -0.122541 -0.204182 -0.215672 -0.116838
-0.219064 -0.0836419 -0.118236 -0.205351 -0.217156 -0.110678
-0.220724 -0.0785934 -0.114944 -0.206854 -0.218563 -0.105783
-0.222644 -0.0747436 -0.112266 -0.208315 -0.219838 -0.102591
-0.224496 -0.0724376 -0.110605 -0.209813 -0.221107 -0.100871
-0.226011 -0.0716005 -0.110249 -0.211272 -0.222414 -0.100544
-0.227587 -0.0721941 -0.110678 -0.212789 -0.223701 -0.101354
-0.229287 -0.0742952 -0.112629 -0.213859 -0.224769 -0.103731
-0.230762 -0.0779898 -0.116199 -0.21494 -0.225977 -0.107322
-0.23197 -0.082786 -0.120904 -0.216299 -0.227084 -0.112117
-0.232913 -0.0887513 -0.126637 -0.217616 -0.227795 -0.118182
-0.233688 -0.0957379 -0.133151 -0.218821 -0.228055 -0.125335
-0.234137 -0.103511 -0.140294 -0.220042 -0.228152 -0.133233
-0.234658 -0.111639 -0.147655 -0.221027 -0.228087 -0.14129
-0.23495 -0.11974 -0.155318 -0.221636 -0.228149 -0.149341
-0.235214 -0.127807 -0.162968 -0.22206 -0.228144 -0.157232
-0.235555 -0.135753 -0.17044 -0.222164 -0.228143 -0.164961
-0.235435 -0.144257 -0.179956 -0.220542 -0.226417 -0.173773
-0.234738 -0.154023 -0.194631 -0.218047 -0.223692 -0.184897
-0.233663 -0.16423 -0.209597 -0.216988 -0.221248 -0.193092
-0.231763 -0.174821 -0.213632 -0.215799 -0.217612 -0.194578
-0.229669 -0.183359 -0.213585 -0.214069 -0.215526 -0.195118
-0.227737 -0.190848 -0.212887 -0.212112 -0.213985 -0.194549
-0.224818 -0.199624 -0.213161 -0.209199 -0.213734 -0.192927
-0.22047 -0.210809 -0.211864 -0.205028 -0.211517 -0.190517
-0.216253 -0.216796 -0.210643 -0.201254 -0.207407 -0.18883
-0.209492 -0.217227 -0.20874 -0.197205 -0.201489 -0.187894
-0.20331 -0.21846 -0.206122 -0.191515 -0.193882 -0.187485
-0.195309 -0.218882 -0.204251 -0.184474 -0.18483 -0.188259
-0.18705 -0.219822 -0.203096 -0.176121 -0.175645 -0.189425
-0.17753 -0.220748 -0.200978 -0.166793 -0.167482 -0.189983
-0.167911 -0.222204 -0.200138 -0.157274 -0.158787 -0.191051
-0.158285 -0.223266 -0.199948 -0.148233 -0.149616 -0.192205
-0.148557 -0.223835 -0.199831 -0.13975 -0.140094 -0.19358
-0.139066 -0.22453 -0.20019 -0.132177 -0.130525 -0.1949
-0.130419 -0.22522 -0.201071 -0.125522 -0.121356 -0.196543
-0.122601 -0.225863 -0.202396 -0.119705 -0.112658 -0.197736
-0.115785 -0.226329 -0.204328 -0.114609 -0.105055 -0.198833
-0.110372 -0.227017 -0.206421 -0.110286 -0.098644 -0.200205
-0.105793 -0.227974 -0.208202 -0.107085 -0.0935734 -0.201529
-0.102875 -0.229069 -0.209575 -0.104525 -0.0901013 -0.203024
-0.101624 -0.230007 -0.211151 -0.102485 -0.0885321 -0.204813
-0.101835 -0.2311 -0.212904 -0.10133 -0.0889074 -0.206757
-0.103322 -0.232066 -0.214288 -0.101357 -0.0910877 -0.208578
-0.106012 -0.233195 -0.21556 -0.102734 -0.0949936 -0.210482
-0.109933 -0.234123 -0.216767 -0.105478 -0.100148 -0.212266
-0.115054 -0.23485 -0.217948 -0.109376 -0.106432 -0.213929
-0.121427 -0.235383 -0.219323 -0.114243 -0.113357 -0.215131
-0.128767 -0.235973 -0.220586 -0.120263 -0.121148 -0.216207
-0.138523 -0.236388 -0.221347 -0.128348 -0.131173 -0.217374
-0.146735 -0.23659 -0.222037 -0.136083 -0.139394 -0.218316
-0.154719 -0.236639 -0.222567 -0.144421 -0.14772 -0.219239
-0.162544 -0.236726 -0.222773 -0.152427 -0.15589 -0.220074
-0.170046 -0.236748 -0.223049 -0.160335 -0.163804 -0.220377
-0.179131 -0.235682 -0.21965 -0.172848 -0.174018 -0.219075
-0.18985 -0.234921 -0.216262 -0.18731 -0.186488 -0.218193
-0.198598 -0.234099 -0.214582 -0.201544 -0.193646 -0.217452
-0.205755 -0.232091 -0.213843 -0.215014 -0.195093 -0.215065
-0.206286 -0.227509 -0.214011 -0.222636 -0.196348 -0.211848
-0.207351 -0.222936 -0.213736 -0.223284 -0.197901 -0.208461
-0.207419 -0.219369 -0.211041 -0.222257 -0.197288 -0.205559
-0.207837 -0.216347 -0.20685 -0.222723 -0.196364 -0.202805
-0.207512 -0.212958 -0.202071 -0.221749 -0.196207 -0.198644
-0.207568 -0.207883 -0.196334 -0.22112 -0.196529 -0.193199
-0.207917 -0.201343 -0.189438 -0.220572 -0.196921 -0.186665
-0.208918 -0.193621 -0.181717 -0.220382 -0.198205 -0.179163
-0.209898 -0.185247 -0.172964 -0.220514 -0.19945 -0.170767
-0.211087 -0.176332 -0.163591 -0.2207 -0.200777 -0.161769
-0.212677 -0.16543 -0.152251 -0.221317 -0.202483 -0.150615
-0.214009 -0.156455 -0.143276 -0.222118 -0.203889 -0.141021
-0.215334 -0.147494 -0.134874 -0.223186 -0.205374 -0.131169
-0.216444 -0.138822 -0.127684 -0.224302 -0.206758 -0.121761
-0.217523 -0.130484 -0.12167 -0.225587 -0.208365 -0.113123
-0.218702 -0.122556 -0.116856 -0.226833 -0.210189 -0.105518
-0.219708 -0.115618 -0.113108 -0.227943 -0.211874 -0.0991168
-0.220656 -0.109793 -0.11006 -0.229188 -0.213656 -0.0939322
-0.221657 -0.105329 -0.107372 -0.230478 -0.215025 -0.0901424
-0.22219 -0.102394 -0.10522 -0.231778 -0.216073 -0.0878131
-0.222779 -0.100911 -0.103938 -0.23289 -0.217001 -0.0869926
-0.223338 -0.100838 -0.103739 -0.233843 -0.217947 -0.0871877
-0.22377 -0.102248 -0.104516 -0.234485 -0.219021 -0.0887796
-0.224499 -0.105107 -0.106994 -0.234946 -0.21997 -0.0916257
-0.225163 -0.109214 -0.110727 -0.235538 -0.220823 -0.0959793
-0.225477 -0.114661 -0.115279 -0.236084 -0.221511 -0.101654
-0.22564 -0.121395 -0.120893 -0.236602 -0.221884 -0.108378
-0.225627 -0.128916 -0.127351 -0.237017 -0.222001 -0.116039
-0.22545 -0.137215 -0.134697 -0.237441 -0.222164 -0.12417
-0.225206 -0.145974 -0.142341 -0.237671 -0.222105 -0.132546
-0.224933 -0.15485 -0.150078 -0.238051 -0.222124 -0.140896
-0.224727 -0.163586 -0.157682 -0.238263 -0.222115 -0.14901
-0.224299 -0.171905 -0.165324 -0.2377 -0.221824 -0.156986
-0.222959 -0.181246 -0.178036 -0.234646 -0.220073 -0.167307
-0.221863 -0.191317 -0.193734 -0.232631 -0.218392 -0.178794
-0.220295 -0.201143 -0.210857 -0.230347 -0.21638 -0.191869
-0.217937 -0.211673 -0.218162 -0.227554 -0.214059 -0.202607
-0.216995 -0.217809 -0.219377 -0.224078 -0.212364 -0.212542
-0.215511 -0.2236 -0.217545 -0.218622 -0.211998 -0.215273
-0.21195 -0.229212 -0.216239 -0.213868 -0.209039 -0.213164
-0.205082 -0.228885 -0.21235 -0.210195 -0.205483 -0.21243
-0.199276 -0.229341 -0.207859 -0.207242 -0.197804 -0.21291
-0.193354 -0.22856 -0.206153 -0.202985 -0.189947 -0.21301
-0.187488 -0.227589 -0.204514 -0.19661 -0.182814 -0.212607
-0.180733 -0.226962 -0.203077 -0.188555 -0.175494 -0.21136
-0.172911 -0.226669 -0.202907 -0.179761 -0.167547 -0.210384
-0.163994 -0.225917 -0.202948 -0.170965 -0.158998 -0.209589
-0.154131 -0.225752 -0.203375 -0.162118 -0.14942 -0.209298
-0.143633 -0.225993 -0.204007 -0.153567 -0.13933 -0.209656
-0.132962 -0.226823 -0.204981 -0.145569 -0.1292 -0.210486
-0.122748 -0.22755 -0.206028 -0.138279 -0.119704 -0.211781
-0.113449 -0.228521 -0.207356 -0.131527 -0.111195 -0.213145
-0.105065 -0.229308 -0.209086 -0.125758 -0.103978 -0.214467
-0.0982224 -0.230002 -0.210805 -0.120799 -0.0978028 -0.215777
-0.0930733 -0.230762 -0.212644 -0.116441 -0.0927384 -0.216889
-0.089672 -0.231499 -0.214233 -0.112744 -0.0891649 -0.2179
-0.0884247 -0.232324 -0.216021 -0.110062 -0.0870521 -0.218972
-0.0883 -0.232989 -0.218069 -0.108839 -0.086772 -0.219957
-0.0904745 -0.233651 -0.219966 -0.109532 -0.0883795 -0.221104
-0.0940395 -0.234403 -0.221393 -0.111692 -0.0916378 -0.222096
-0.0987483 -0.234991 -0.222764 -0.114961 -0.0963293 -0.222892
-0.104306 -0.235459 -0.223766 -0.119666 -0.101948 -0.223832
-0.110944 -0.235623 -0.225059 -0.12574 -0.108616 -0.224732
-0.118182 -0.235724 -0.225914 -0.132622 -0.116036 -0.225456
-0.125718 -0.236138 -0.226434 -0.140064 -0.124191 -0.226017
-0.133729 -0.236649 -0.226817 -0.148608 -0.132682 -0.226773
-0.141846 -0.236835 -0.227176 -0.157247 -0.140945 -0.227395
-0.149998 -0.236875 -0.227269 -0.165507 -0.148942 -0.227981
-0.157983 -0.236484 -0.227706 -0.173304 -0.156774 -0.228196
-0.16631 -0.235511 -0.226439 -0.182949 -0.165383 -0.227131
-0.176897 -0.234373 -0.223106 -0.196219 -0.176795 -0.225569
-0.186917 -0.233456 -0.221117 -0.209959 -0.188107 -0.224627
-0.195364 -0.23216 -0.219056 -0.22331 -0.197712 -0.223231
-0.20278 -0.229823 -0.21648 -0.232175 -0.202554 -0.220904
-0.209633 -0.226647 -0.214945 -0.231698 -0.20282 -0.217691
-0.216985 -0.222462 -0.211965 -0.22949 -0.201868 -0.215333
-0.218128 -0.216682 -0.207203 -0.22817 -0.20103 -0.212225
-0.218128 -0.212116 -0.204363 -0.22544 -0.200417 -0.207806
-0.218451 -0.207286 -0.200109 -0.222845 -0.200378 -0.201904
-0.218687 -0.201769 -0.194244 -0.221665 -0.20046 -0.195193
-0.219123 -0.195149 -0.186547 -0.220662 -0.200596 -0.187942
-0.219805 -0.187517 -0.177829 -0.22022 -0.200593 -0.180208
-0.220416 -0.179175 -0.168407 -0.220108 -0.200785 -0.171706
-0.221066 -0.170137 -0.158941 -0.22019 -0.201583 -0.162603
-0.22162 -0.160707 -0.149878 -0.2205 -0.202714 -0.1532
-0.222655 -0.151399 -0.141716 -0.220969 -0.204454 -0.144082
-0.224146 -0.142291 -0.134532 -0.221704 -0.206333 -0.135086
-0.225633 -0.133896 -0.127884 -0.222637 -0.208272 -0.126508
-0.226706 -0.126319 -0.122183 -0.223694 -0.210208 -0.118321
-0.227841 -0.119583 -0.117088 -0.224981 -0.211776 -0.11126
-0.228861 -0.11386 -0.112592 -0.226565 -0.213238 -0.105554
-0.229831 -0.109551 -0.109139 -0.227667 -0.214525 -0.101196
-0.230641 -0.106381 -0.10642 -0.229074 -0.215843 -0.0984214
-0.231406 -0.104354 -0.104909 -0.230502 -0.21729 -0.0972413
-0.232106 -0.103596 -0.104881 -0.231913 -0.218769 -0.0977497
-0.232682 -0.104989 -0.105587 -0.23289 -0.219701 -0.0993562
-0.233349 -0.107871 -0.107318 -0.233574 -0.220633 -0.101795
-0.233804 -0.112068 -0.110484 -0.234261 -0.221667 -0.10532
-0.234203 -0.117391 -0.115022 -0.234796 -0.222392 -0.11011
-0.234362 -0.123629 -0.120713 -0.235272 -0.223042 -0.116136
-0.234411 -0.130791 -0.127446 -0.235791 -0.223631 -0.12334
-0.23432 -0.13878 -0.135011 -0.236169 -0.223885 -0.131355
-0.234295 -0.147238 -0.143006 -0.236491 -0.224102 -0.13978
-0.23395 -0.156076 -0.15099 -0.236824 -0.224163 -0.148224
-0.233527 -0.164748 -0.158971 -0.23709 -0.224219 -0.156592
-0.233114 -0.172932 -0.166586 -0.236835 -0.22404 -0.164587
-0.231759 -0.181814 -0.178141 -0.233817 -0.222637 -0.174053
-0.230386 -0.191765 -0.1932 -0.231327 -0.221265 -0.184863
-0.22901 -0.201357 -0.207222 -0.229272 -0.220009 -0.195141
-0.227102 -0.210555 -0.220145 -0.226792 -0.218165 -0.20488
-0.2247 -0.21829 -0.228686 -0.223772 -0.21517 -0.214317
-0.222144 -0.224099 -0.22977 -0.219971 -0.212671 -0.218326
-0.21903 -0.229934 -0.227485 -0.215499 -0.210034 -0.215669
-0.215108 -0.235754 -0.225538 -0.210491 -0.20764 -0.213421
-0.208915 -0.235591 -0.222292 -0.20604 -0.20294 -0.211878
-0.202423 -0.235252 -0.219186 -0.202036 -0.196447 -0.21143
-0.195732 -0.23431 -0.216469 -0.197319 -0.18862 -0.211083
-0.188937 -0.233632 -0.215665 -0.190556 -0.18081 -0.211314
-0.181577 -0.23299 -0.214477 -0.182675 -0.173273 -0.210345
-0.172031 -0.232866 -0.213496 -0.172078 -0.163441 -0.209235
-0.163106 -0.232391 -0.213624 -0.162801 -0.154443 -0.208869
-0.153538 -0.231707 -0.213694 -0.154085 -0.144633 -0.209234
-0.143652 -0.231428 -0.214196 -0.146009 -0.134799 -0.210204
-0.133908 -0.231879 -0.214889 -0.138837 -0.125327 -0.211414
-0.125176 -0.232818 -0.215499 -0.132531 -0.116329 -0.213116
-0.117309 -0.233573 -0.216499 -0.126997 -0.108264 -0.214858
-0.110812 -0.234014 -0.217918 -0.122205 -0.101452 -0.216322
-0.105628 -0.234479 -0.219405 -0.117974 -0.0961895 -0.217433
-0.102238 -0.235054 -0.220952 -0.114008 -0.0923025 -0.218124
-0.100721 -0.235432 -0.222317 -0.110939 -0.0899948 -0.218887
-0.100612 -0.235824 -0.2238 -0.109082 -0.0889409 -0.219716
-0.101432 -0.236271 -0.225281 -0.109237 -0.0898516 -0.220677
-0.103171 -0.236843 -0.226319 -0.110932 -0.0922518 -0.221991
-0.106262 -0.237503 -0.226961 -0.113905 -0.0962387 -0.223208
-0.110741 -0.238216 -0.227685 -0.117976 -0.101362 -0.224237
-0.116616 -0.238726 -0.22831 -0.123468 -0.10744 -0.225123
-0.125284 -0.239107 -0.229118 -0.13119 -0.115988 -0.225986
-0.133419 -0.239325 -0.229592 -0.138352 -0.123643 -0.226314
-0.141577 -0.23928 -0.230024 -0.145997 -0.13188 -0.226834
-0.149743 -0.239208 -0.230315 -0.154206 -0.140408 -0.227242
-0.157716 -0.239121 -0.23047 -0.162752 -0.148788 -0.227443
-0.165421 -0.238984 -0.230656 -0.170695 -0.156794 -0.227568
-0.173318 -0.238017 -0.229901 -0.180055 -0.1649 -0.227007
-0.183682 -0.236402 -0.226661 -0.193536 -0.174551 -0.225824
-0.194346 -0.235364 -0.224249 -0.207691 -0.184385 -0.225204
-0.202847 -0.234192 -0.222132 -0.222414 -0.192062 -0.224187
-0.210162 -0.232325 -0.219613 -0.236573 -0.19927 -0.222114
-0.216529 -0.229356 -0.216591 -0.243994 -0.206151 -0.219211
-0.222976 -0.226003 -0.212521 -0.243801 -0.211975 -0.216456
-0.229541 -0.222308 -0.207105 -0.241923 -0.210543 -0.213293
-0.232513 -0.217937 -0.201599 -0.24001 -0.20914 -0.209501
-0.231714 -0.211821 -0.197849 -0.235671 -0.208 -0.204858
-0.231865 -0.206187 -0.194029 -0.231546 -0.208016 -0.198609
-0.231224 -0.198989 -0.187551 -0.228982 -0.2075 -0.189795
-0.230925 -0.192467 -0.180034 -0.227676 -0.207029 -0.182212
-0.230552 -0.185051 -0.170941 -0.226799 -0.205991 -0.174163
-0.230258 -0.176794 -0.161202 -0.226337 -0.205192 -0.165699
-0.229548 -0.167773 -0.15185 -0.226521 -0.205213 -0.156557
-0.229198 -0.158393 -0.143407 -0.227224 -0.205959 -0.147285
-0.229669 -0.148818 -0.135994 -0.227372 -0.207255 -0.138215
-0.230835 -0.139484 -0.129292 -0.227844 -0.209073 -0.129152
-0.231845 -0.131055 -0.123305 -0.228644 -0.210961 -0.120493
-0.232742 -0.123805 -0.117942 -0.229819 -0.2128 -0.112604
-0.233621 -0.118242 -0.112963 -0.231349 -0.214203 -0.106241
-0.234437 -0.113682 -0.108695 -0.232627 -0.215166 -0.101172
-0.235032 -0.110358 -0.105339 -0.233951 -0.21628 -0.0974934
-0.235496 -0.107953 -0.103588 -0.235111 -0.217397 -0.0952479
-0.236116 -0.10657 -0.103439 -0.236118 -0.218727 -0.0948252
-0.236742 -0.106713 -0.104344 -0.237192 -0.220091 -0.0956022
-0.237356 -0.108508 -0.106492 -0.237862 -0.221314 -0.0979774
-0.237851 -0.111675 -0.109802 -0.238827 -0.222248 -0.101756
-0.237922 -0.116376 -0.114145 -0.239706 -0.223039 -0.106903
-0.237916 -0.122247 -0.119687 -0.240178 -0.223502 -0.113136
-0.237832 -0.129446 -0.126385 -0.240679 -0.223988 -0.120037
-0.237496 -0.139113 -0.135682 -0.241251 -0.224478 -0.129219
-0.237202 -0.147787 -0.143792 -0.241702 -0.224703 -0.137152
-0.236832 -0.15649 -0.152024 -0.241887 -0.224843 -0.145502
-0.236594 -0.165223 -0.160134 -0.242115 -0.224989 -0.154197
-0.236312 -0.173422 -0.167904 -0.24187 -0.225089 -0.162525
-0.234993 -0.182454 -0.178361 -0.239296 -0.224329 -0.17117
-0.2335 -0.192985 -0.192667 -0.236353 -0.223602 -0.180715
-0.231913 -0.203457 -0.206812 -0.233954 -0.222681 -0.189774
-0.229819 -0.204527 -0.219266 -0.231527 -0.221116 -0.198143
-0.226117 -0.205027 -0.230596 -0.229533 -0.217302 -0.206744
-0.223113 -0.204657 -0.241209 -0.227041 -0.211731 -0.213529
-0.218649 -0.203282 -0.251382 -0.223632 -0.205652 -0.219799
-0.214512 -0.201445 -0.254341 -0.220043 -0.200194 -0.225146
-0.21111 -0.197991 -0.253834 -0.215322 -0.195306 -0.226219
-0.206942 -0.194555 -0.251592 -0.20994 -0.19079 -0.223143
-0.200807 -0.193026 -0.248725 -0.204859 -0.186643 -0.221019
-0.193138 -0.19246 -0.244898 -0.198941 -0.180176 -0.220751
-0.184699 -0.191626 -0.242982 -0.191979 -0.17197 -0.221442
-0.175953 -0.191637 -0.24137 -0.184 -0.163449 -0.222407
-0.167132 -0.192422 -0.240175 -0.175196 -0.155134 -0.222778
-0.158587 -0.193684 -0.239663 -0.165863 -0.14642 -0.22209
-0.150122 -0.194674 -0.23955 -0.156622 -0.137172 -0.221784
-0.140184 -0.195463 -0.240149 -0.146319 -0.126342 -0.221961
-0.131796 -0.196523 -0.240432 -0.138804 -0.117943 -0.222417
-0.123781 -0.198183 -0.24067 -0.132382 -0.110119 -0.223402
-0.116455 -0.199982 -0.241362 -0.127294 -0.103087 -0.224626
-0.110284 -0.201478 -0.242109 -0.123451 -0.0972549 -0.226264
-0.106114 -0.202787 -0.243208 -0.120225 -0.0932798 -0.227801
-0.104006 -0.204086 -0.244507 -0.117478 -0.0908743 -0.228747
-0.103595 -0.205192 -0.24552 -0.115793 -0.0900872 -0.229376
-0.104439 -0.206198 -0.246362 -0.115271 -0.0906212 -0.230057
-0.10621 -0.207069 -0.246905 -0.116409 -0.0924104 -0.23089
-0.108913 -0.208084 -0.247372 -0.118751 -0.0956417 -0.231764
-0.112766 -0.209342 -0.247656 -0.12237 -0.0999862 -0.232513
-0.117891 -0.210564 -0.247846 -0.127514 -0.105658 -0.233013
-0.124323 -0.211542 -0.248202 -0.133673 -0.112508 -0.233338
-0.131779 -0.212396 -0.248312 -0.140694 -0.119902 -0.233601
-0.13969 -0.212878 -0.248215 -0.148042 -0.127813 -0.233704
-0.14797 -0.213171 -0.248421 -0.155747 -0.136282 -0.233811
-0.156201 -0.213412 -0.248447 -0.163962 -0.144778 -0.233682
-0.165882 -0.213575 -0.248067 -0.173695 -0.154508 -0.233257
-0.173871 -0.213334 -0.247518 -0.182003 -0.162538 -0.232349
-0.183482 -0.211808 -0.244365 -0.194347 -0.172475 -0.231084
-0.194292 -0.210957 -0.241497 -0.206967 -0.183977 -0.230095
-0.203016 -0.210036 -0.239243 -0.219358 -0.194601 -0.228899
-0.210065 -0.20831 -0.236978 -0.231281 -0.20426 -0.226736
-0.21603 -0.20555 -0.234208 -0.234431 -0.213283 -0.223485
-0.218519 -0.202992 -0.230445 -0.234449 -0.221211 -0.220641
-0.218138 -0.199238 -0.225405 -0.233135 -0.229242 -0.217226
-0.216962 -0.195453 -0.220976 -0.230632 -0.23044 -0.212266
-0.215928 -0.190937 -0.217982 -0.227201 -0.230963 -0.206014
-0.216015 -0.18559 -0.214299 -0.223614 -0.231397 -0.200295
-0.216167 -0.179337 -0.208746 -0.22049 -0.231694 -0.194737
-0.216402 -0.172339 -0.201378 -0.218762 -0.231308 -0.188361
-0.216304 -0.164696 -0.19297 -0.217523 -0.230285 -0.180998
-0.216017 -0.156731 -0.183816 -0.217316 -0.229781 -0.172844
-0.215518 -0.148025 -0.1743 -0.217356 -0.22929 -0.164074
-0.215332 -0.138954 -0.164901 -0.217783 -0.228948 -0.155114
-0.215574 -0.129342 -0.156037 -0.218516 -0.229015 -0.146291
-0.216453 -0.119943 -0.147471 -0.219115 -0.229393 -0.137516
-0.217355 -0.110874 -0.13957 -0.220219 -0.230032 -0.129121
-0.218479 -0.100945 -0.130975 -0.221459 -0.230707 -0.119737
-0.219675 -0.0939655 -0.124663 -0.222856 -0.231409 -0.113241
-0.220425 -0.0884194 -0.119617 -0.224683 -0.231803 -0.107919
-0.221056 -0.08459 -0.116205 -0.226394 -0.232148 -0.103826
-0.221705 -0.0823707 -0.114472 -0.228258 -0.232375 -0.100898
-0.222327 -0.0816716 -0.11445 -0.22968 -0.232747 -0.0998826
-0.223096 -0.0822916 -0.115501 -0.231138 -0.233158 -0.100401
-0.223572 -0.0838809 -0.11791 -0.232535 -0.23353 -0.102038
-0.224141 -0.0867241 -0.121463 -0.23369 -0.233931 -0.104829
-0.22494 -0.0909796 -0.126038 -0.234739 -0.23441 -0.108965
-0.225697 -0.0966059 -0.131785 -0.23549 -0.234512 -0.11438
-0.226083 -0.103309 -0.138729 -0.236252 -0.23451 -0.120918
-0.226274 -0.110979 -0.14651 -0.237145 -0.234216 -0.128453
-0.226382 -0.119118 -0.154546 -0.237813 -0.233921 -0.136521
-0.22648 -0.127444 -0.162784 -0.238271 -0.233513 -0.145154
-0.226364 -0.135717 -0.171187 -0.23866 -0.233403 -0.153913
-0.226179 -0.143895 -0.179384 -0.238943 -0.233055 -0.162521
-0.225482 -0.153694 -0.189838 -0.237968 -0.232371 -0.172623
-0.22378 -0.163797 -0.20284 -0.235077 -0.230912 -0.182587
-0.222742 -0.174513 -0.210507 -0.23312 -0.229825 -0.192498
-0.222845 -0.184351 -0.214638 -0.230543 -0.22951 -0.200365
-0.222544 -0.195424 -0.222377 -0.226824 -0.22922 -0.208856
-0.22122 -0.207362 -0.229216 -0.222988 -0.227972 -0.217183
-0.218636 -0.214082 -0.228732 -0.21835 -0.225432 -0.224963
-0.213448 -0.213297 -0.22544 -0.214454 -0.221175 -0.226081
-0.208154 -0.214187 -0.222182 -0.211303 -0.213514 -0.225572
-0.200763 -0.213319 -0.219443 -0.207999 -0.206437 -0.22563
-0.194412 -0.212017 -0.216861 -0.203328 -0.199924 -0.224586
-0.187346 -0.210401 -0.214891 -0.197019 -0.194174 -0.22254
-0.179793 -0.209974 -0.212873 -0.189433 -0.187356 -0.220973
-0.171598 -0.209625 -0.211421 -0.181065 -0.179072 -0.219858
-0.162472 -0.209174 -0.211204 -0.172505 -0.169726 -0.219222
-0.152892 -0.209113 -0.211219 -0.163651 -0.160094 -0.218972
-0.143074 -0.209476 -0.211451 -0.154814 -0.150527 -0.218816
-0.133367 -0.210424 -0.211972 -0.146621 -0.141 -0.218887
-0.124004 -0.21153 -0.212826 -0.139054 -0.131631 -0.219317
-0.115576 -0.212289 -0.214116 -0.13226 -0.122861 -0.220017
-0.108052 -0.213241 -0.215622 -0.126384 -0.114957 -0.220896
-0.101479 -0.214674 -0.217256 -0.121409 -0.108059 -0.221745
-0.0963492 -0.215881 -0.218856 -0.117122 -0.102508 -0.222509
-0.0931282 -0.21719 -0.220771 -0.112953 -0.097962 -0.223319
-0.0923836 -0.218416 -0.222478 -0.110626 -0.0959475 -0.224039
-0.0925452 -0.219591 -0.223988 -0.109608 -0.0958386 -0.224988
-0.0939218 -0.220843 -0.225138 -0.110387 -0.0972006 -0.225934
-0.0966268 -0.222045 -0.225817 -0.112539 -0.10029 -0.227176
-0.100596 -0.223279 -0.226723 -0.115803 -0.104659 -0.227987
-0.105835 -0.224283 -0.227755 -0.120133 -0.110115 -0.228676
-0.112126 -0.224992 -0.228602 -0.125644 -0.116687 -0.229202
-0.119666 -0.225492 -0.229147 -0.13228 -0.124307 -0.229502
-0.127598 -0.225968 -0.229705 -0.139343 -0.132299 -0.229555
-0.135796 -0.22617 -0.23012 -0.147128 -0.140679 -0.229605
-0.14392 -0.226408 -0.230379 -0.155919 -0.149256 -0.229605
-0.151798 -0.22666 -0.230542 -0.164663 -0.157605 -0.229723
-0.159547 -0.226639 -0.230712 -0.17291 -0.165612 -0.229491
-0.162814 -0.225367 -0.229525 -0.18308 -0.172006 -0.228281
-0.166852 -0.223807 -0.227378 -0.195451 -0.177128 -0.225366
-0.169306 -0.222186 -0.227716 -0.209595 -0.181495 -0.223471
-0.171464 -0.220019 -0.229037 -0.226898 -0.184818 -0.220507
-0.173485 -0.217163 -0.228157 -0.239596 -0.187813 -0.217417
-0.174365 -0.215319 -0.225851 -0.24219 -0.189271 -0.215059
-0.173228 -0.214302 -0.221569 -0.242979 -0.188664 -0.213932
-0.173559 -0.211601 -0.215495 -0.243835 -0.188821 -0.211449
-0.173688 -0.208378 -0.212798 -0.242698 -0.189101 -0.208417
-0.174786 -0.201401 -0.207331 -0.241722 -0.190761 -0.201941
-0.175874 -0.194445 -0.200753 -0.240923 -0.192256 -0.195524
-0.177694 -0.186667 -0.192875 -0.240625 -0.193855 -0.188277
-0.17953 -0.178416 -0.18392 -0.240578 -0.195409 -0.180439
-0.181228 -0.169819 -0.174097 -0.240584 -0.196826 -0.17175
-0.182707 -0.160908 -0.164018 -0.240887 -0.198141 -0.1626
-0.184452 -0.151772 -0.154104 -0.241211 -0.199691 -0.153178
-0.186583 -0.142317 -0.144979 -0.241615 -0.201485 -0.143651
-0.188995 -0.132982 -0.13672 -0.24202 -0.203753 -0.134275
-0.191415 -0.12402 -0.129372 -0.242528 -0.206164 -0.125365
-0.193717 -0.115732 -0.122903 -0.243102 -0.208701 -0.117373
-0.196085 -0.108174 -0.117408 -0.243765 -0.211251 -0.110323
-0.198271 -0.102076 -0.112653 -0.244582 -0.213653 -0.104546
-0.199995 -0.0972646 -0.108698 -0.245419 -0.215745 -0.100054
-0.201407 -0.0940366 -0.105608 -0.246291 -0.217592 -0.0973969
-0.202657 -0.0921779 -0.104203 -0.247085 -0.219381 -0.0963339
-0.204069 -0.0915789 -0.104422 -0.247565 -0.221707 -0.0965991
-0.205584 -0.0923547 -0.105599 -0.247477 -0.224058 -0.0977414
-0.207158 -0.0946735 -0.108404 -0.247426 -0.226707 -0.100316
-0.208084 -0.098594 -0.112296 -0.247353 -0.229717 -0.10438
-0.208754 -0.105293 -0.11773 -0.247374 -0.233729 -0.111343
-0.208751 -0.112398 -0.123681 -0.247327 -0.236998 -0.118445
-0.208443 -0.119973 -0.130776 -0.246784 -0.237199 -0.126384
-0.208628 -0.12759 -0.139323 -0.246099 -0.236894 -0.134685
-0.20901 -0.135224 -0.147825 -0.244872 -0.23676 -0.143283
-0.20943 -0.14356 -0.156073 -0.243933 -0.236811 -0.151782
-0.209583 -0.152575 -0.163873 -0.242906 -0.236638 -0.160209
-0.209615 -0.161589 -0.171133 -0.241925 -0.235917 -0.168314
-0.208819 -0.171169 -0.181732 -0.238542 -0.233394 -0.178987
-0.207902 -0.181075 -0.195655 -0.236152 -0.230671 -0.19158
-0.206888 -0.190417 -0.20715 -0.234325 -0.228259 -0.201013
-0.205732 -0.198266 -0.2082 -0.232476 -0.224832 -0.200698
-0.203105 -0.204367 -0.208921 -0.230672 -0.223391 -0.200554
-0.200166 -0.210741 -0.209903 -0.227984 -0.221801 -0.200125
-0.19656 -0.217783 -0.209724 -0.225396 -0.221224 -0.198788
-0.192438 -0.223929 -0.209331 -0.221941 -0.218852 -0.197164
-0.187661 -0.228331 -0.208499 -0.218168 -0.215517 -0.196009
-0.181983 -0.229705 -0.206456 -0.213615 -0.210331 -0.194709
-0.175409 -0.230717 -0.204233 -0.207888 -0.203053 -0.194177
-0.167689 -0.232052 -0.202764 -0.20067 -0.194185 -0.194531
-0.158997 -0.234821 -0.202294 -0.192417 -0.186813 -0.194616
-0.149207 -0.23631 -0.201377 -0.183246 -0.180964 -0.194108
-0.139058 -0.237446 -0.199853 -0.173878 -0.17447 -0.19349
-0.127454 -0.238588 -0.198149 -0.162769 -0.163807 -0.193517
-0.117883 -0.238953 -0.197858 -0.153658 -0.153714 -0.194352
-0.108622 -0.239163 -0.198328 -0.14524 -0.143612 -0.19496
-0.0999357 -0.23932 -0.199296 -0.137687 -0.134421 -0.195452
-0.0922038 -0.239669 -0.200916 -0.131331 -0.12659 -0.195722
-0.0855439 -0.239726 -0.202636 -0.125365 -0.119878 -0.196231
-0.0800827 -0.240001 -0.20436 -0.120613 -0.114228 -0.197206
-0.0761913 -0.240387 -0.2062 -0.117311 -0.109819 -0.198319
-0.0741999 -0.241144 -0.207816 -0.115498 -0.107052 -0.199608
-0.0737105 -0.24221 -0.209431 -0.114587 -0.105748 -0.200963
-0.0746616 -0.243182 -0.211006 -0.114465 -0.106297 -0.202487
-0.0770621 -0.243923 -0.212512 -0.115809 -0.108375 -0.203887
-0.0808558 -0.244629 -0.214123 -0.118381 -0.112051 -0.205217
-0.0858755 -0.245434 -0.215585 -0.1223 -0.117077 -0.206316
-0.0919816 -0.245996 -0.21661 -0.127521 -0.122881 -0.207452
-0.0990229 -0.246551 -0.217449 -0.134288 -0.129816 -0.208622
-0.106569 -0.247056 -0.218162 -0.141944 -0.137722 -0.209757
-0.114609 -0.247666 -0.218885 -0.15214 -0.147553 -0.210963
-0.124651 -0.247821 -0.219505 -0.160824 -0.155789 -0.211885
-0.133026 -0.24794 -0.219969 -0.169265 -0.16393 -0.212679
-0.141314 -0.247981 -0.22022 -0.177472 -0.171872 -0.213311
-0.149818 -0.247432 -0.219327 -0.187109 -0.17884 -0.21287
-0.161268 -0.245972 -0.215552 -0.201529 -0.18382 -0.211016
-0.174003 -0.244604 -0.213701 -0.216893 -0.188324 -0.2101
-0.185085 -0.24334 -0.21286 -0.229659 -0.191458 -0.20925
-0.187397 -0.241031 -0.212392 -0.238879 -0.194061 -0.207673
-0.18865 -0.238253 -0.21148 -0.240204 -0.194809 -0.205012
-0.18972 -0.23626 -0.209359 -0.242181 -0.195094 -0.202274
-0.190306 -0.234025 -0.206167 -0.245373 -0.195288 -0.198644
-0.190786 -0.230345 -0.202704 -0.249573 -0.195462 -0.194416
-0.191395 -0.225223 -0.19768 -0.249758 -0.195736 -0.18973
-0.191231 -0.219129 -0.191467 -0.248542 -0.195887 -0.184362
-0.191462 -0.21216 -0.184013 -0.247604 -0.195592 -0.178181
-0.192423 -0.2046 -0.175499 -0.246423 -0.195652 -0.170728
-0.192975 -0.196575 -0.166319 -0.245819 -0.195903 -0.162213
-0.193232 -0.18794 -0.157012 -0.245569 -0.196493 -0.153072
-0.193564 -0.178839 -0.14821 -0.245734 -0.197538 -0.143723
-0.194491 -0.169466 -0.139945 -0.245861 -0.198417 -0.134462
-0.195471 -0.160125 -0.132592 -0.246151 -0.199681 -0.125379
-0.19636 -0.15123 -0.126125 -0.246564 -0.200928 -0.11658
-0.197661 -0.141298 -0.119494 -0.247429 -0.20271 -0.107006
-0.198854 -0.134134 -0.11482 -0.248318 -0.20435 -0.0997169
-0.199843 -0.128001 -0.110727 -0.249411 -0.206088 -0.0933506
-0.200758 -0.122886 -0.107025 -0.250409 -0.207854 -0.0885673
-0.201625 -0.118926 -0.104175 -0.25148 -0.209599 -0.0851658
-0.202214 -0.116365 -0.102054 -0.25281 -0.211005 -0.0835854
-0.202683 -0.115291 -0.101407 -0.253835 -0.212224 -0.083565
-0.203126 -0.116039 -0.101354 -0.254874 -0.213325 -0.0843574
-0.203504 -0.118131 -0.102747 -0.255656 -0.2143 -0.0864165
-0.203958 -0.121647 -0.105747 -0.256382 -0.215062 -0.0899549
-0.204341 -0.126383 -0.109901 -0.256963 -0.215746 -0.0947721
-0.204618 -0.132382 -0.11524 -0.257475 -0.216069 -0.100759
-0.204728 -0.139802 -0.121708 -0.257788 -0.216371 -0.107681
-0.204666 -0.148104 -0.128955 -0.258121 -0.216631 -0.115316
-0.204567 -0.156803 -0.136654 -0.258495 -0.21676 -0.123367
-0.204147 -0.165801 -0.144668 -0.258605 -0.216832 -0.131829
-0.203937 -0.174641 -0.152671 -0.258564 -0.216866 -0.140524
-0.203811 -0.183088 -0.160394 -0.258326 -0.216949 -0.14885
-0.203011 -0.19183 -0.169652 -0.256217 -0.216044 -0.157933
-0.201568 -0.201459 -0.183071 -0.253042 -0.214386 -0.169808
-0.199874 -0.207044 -0.196498 -0.250947 -0.213267 -0.182347
-0.196758 -0.207608 -0.209387 -0.24853 -0.210091 -0.196837
-0.194369 -0.207515 -0.211599 -0.247188 -0.206353 -0.202699
-0.193243 -0.205509 -0.211387 -0.245116 -0.203221 -0.208354
-0.191807 -0.203674 -0.212298 -0.241494 -0.201638 -0.213488
-0.189125 -0.202787 -0.211843 -0.238076 -0.199761 -0.213664
-0.184799 -0.203342 -0.209986 -0.234621 -0.196258 -0.215529
-0.178722 -0.205703 -0.208315 -0.230398 -0.191698 -0.218771
-0.171638 -0.2067 -0.207371 -0.224925 -0.184903 -0.219862
-0.16334 -0.209256 -0.20659 -0.218434 -0.177579 -0.219997
-0.154949 -0.21065 -0.205033 -0.210896 -0.169123 -0.219644
-0.145575 -0.210466 -0.203967 -0.20248 -0.159725 -0.219469
-0.136577 -0.210515 -0.203344 -0.193692 -0.149676 -0.219467
-0.127031 -0.210544 -0.203191 -0.184251 -0.139489 -0.21942
-0.11754 -0.211312 -0.20346 -0.174731 -0.129586 -0.219655
-0.108034 -0.212209 -0.203976 -0.165532 -0.119936 -0.220115
-0.0988021 -0.213158 -0.204881 -0.156699 -0.110885 -0.220746
-0.0902337 -0.214172 -0.20616 -0.148488 -0.102235 -0.221725
-0.082675 -0.215073 -0.207826 -0.141367 -0.0947762 -0.22275
-0.0766999 -0.215996 -0.209419 -0.135562 -0.0886486 -0.2237
-0.0721118 -0.217435 -0.211307 -0.130011 -0.0835977 -0.224732
-0.0704061 -0.218739 -0.213102 -0.126971 -0.0810646 -0.225762
-0.0702514 -0.219974 -0.215126 -0.12564 -0.0802377 -0.226738
-0.0712109 -0.221252 -0.216797 -0.126128 -0.0812021 -0.227576
-0.0735571 -0.222294 -0.218155 -0.127957 -0.0837986 -0.22858
-0.0772546 -0.223422 -0.219432 -0.131229 -0.0878893 -0.22946
-0.0821056 -0.224655 -0.220698 -0.13608 -0.0931852 -0.230293
-0.0879801 -0.225584 -0.221853 -0.142099 -0.0994151 -0.231046
-0.0949107 -0.226543 -0.222922 -0.14923 -0.106563 -0.231644
-0.102549 -0.227223 -0.223848 -0.157408 -0.11433 -0.232263
-0.110661 -0.22766 -0.224453 -0.165733 -0.122969 -0.232859
-0.1188 -0.228387 -0.224901 -0.17443 -0.131833 -0.233434
-0.127104 -0.228932 -0.225262 -0.18336 -0.140442 -0.233588
-0.135354 -0.229214 -0.225744 -0.191814 -0.148818 -0.233501
-0.143273 -0.229361 -0.226098 -0.198961 -0.156669 -0.233152
-0.153043 -0.227885 -0.223678 -0.2101 -0.165995 -0.231756
-0.164389 -0.227266 -0.2209 -0.217757 -0.176723 -0.230957
-0.17451 -0.227747 -0.218742 -0.22238 -0.186694 -0.230658
-0.186771 -0.227331 -0.215327 -0.226266 -0.192821 -0.229832
-0.197982 -0.225517 -0.213157 -0.224028 -0.194135 -0.227542
-0.208875 -0.221763 -0.211323 -0.221139 -0.194775 -0.225888
-0.219186 -0.21696 -0.209315 -0.21898 -0.19562 -0.223267
-0.228358 -0.212128 -0.20653 -0.217905 -0.195341 -0.220166
-0.231299 -0.207198 -0.202076 -0.216499 -0.193972 -0.215948
-0.23191 -0.201933 -0.196584 -0.214273 -0.193008 -0.210144
-0.232723 -0.196341 -0.190235 -0.211909 -0.192731 -0.203082
-0.233478 -0.189699 -0.182813 -0.210886 -0.193506 -0.195199
-0.234055 -0.181842 -0.174413 -0.210188 -0.193794 -0.18694
-0.235065 -0.173131 -0.165119 -0.209865 -0.194133 -0.178334
-0.236208 -0.164043 -0.155481 -0.210384 -0.194684 -0.169388
-0.237232 -0.154543 -0.146193 -0.211102 -0.195626 -0.16045
-0.238176 -0.145046 -0.137617 -0.212175 -0.196815 -0.151536
-0.238829 -0.135926 -0.130134 -0.213001 -0.198334 -0.142918
-0.239734 -0.12703 -0.12353 -0.215366 -0.199916 -0.134794
-0.240645 -0.118897 -0.118268 -0.219259 -0.20165 -0.127301
-0.241179 -0.112059 -0.113626 -0.220259 -0.20361 -0.120741
-0.241564 -0.106467 -0.109689 -0.22119 -0.205072 -0.115545
-0.241983 -0.102318 -0.106379 -0.222625 -0.206424 -0.111437
-0.242352 -0.0994829 -0.104104 -0.223462 -0.207511 -0.108838
-0.242619 -0.0978291 -0.103552 -0.225139 -0.20903 -0.107635
-0.242919 -0.0982288 -0.103841 -0.226377 -0.210046 -0.10822
-0.243229 -0.099938 -0.105283 -0.227686 -0.21099 -0.109985
-0.243632 -0.103536 -0.107964 -0.228386 -0.211586 -0.112933
-0.244025 -0.108399 -0.111973 -0.229173 -0.212257 -0.116981
-0.244046 -0.114474 -0.117254 -0.23028 -0.213057 -0.122217
-0.243524 -0.121382 -0.123757 -0.23125 -0.213729 -0.128797
-0.243011 -0.129018 -0.13091 -0.232138 -0.214104 -0.136734
-0.242544 -0.13712 -0.138888 -0.232966 -0.214334 -0.145466
-0.242128 -0.145838 -0.147078 -0.233715 -0.214345 -0.154046
-0.241504 -0.154803 -0.155451 -0.2344 -0.214273 -0.162404
-0.240807 -0.163494 -0.163425 -0.234788 -0.214236 -0.169877
-0.239934 -0.170143 -0.172248 -0.233959 -0.213539 -0.176936
-0.2385 -0.176443 -0.184906 -0.231449 -0.211607 -0.185037
-0.236973 -0.182334 -0.198975 -0.230283 -0.209665 -0.191949
-0.234654 -0.186491 -0.212477 -0.229322 -0.207249 -0.19579
-0.231785 -0.189474 -0.226066 -0.229155 -0.203849 -0.200099
-0.228717 -0.192713 -0.232022 -0.228189 -0.199926 -0.204
-0.226593 -0.193543 -0.23386 -0.225563 -0.197529 -0.205151
-0.224429 -0.193854 -0.234299 -0.221245 -0.196812 -0.202774
-0.220865 -0.193014 -0.233701 -0.216825 -0.194584 -0.200545
-0.216207 -0.192042 -0.231199 -0.213059 -0.18971 -0.20153
-0.210358 -0.191527 -0.228548 -0.208829 -0.182602 -0.202847
-0.201439 -0.192179 -0.227255 -0.201983 -0.173122 -0.204404
-0.1934 -0.193308 -0.226515 -0.195022 -0.165316 -0.205596
-0.185175 -0.194136 -0.225753 -0.186435 -0.157156 -0.206332
-0.17663 -0.194923 -0.225281 -0.176865 -0.148384 -0.207282
-0.167652 -0.195825 -0.225456 -0.16698 -0.138958 -0.208188
-0.158371 -0.196499 -0.225863 -0.157512 -0.129089 -0.209353
-0.148991 -0.197594 -0.226462 -0.148663 -0.119141 -0.210916
-0.139866 -0.199504 -0.22719 -0.140903 -0.109638 -0.212745
-0.131441 -0.201609 -0.227686 -0.134424 -0.101046 -0.214679
-0.124229 -0.203424 -0.228469 -0.128588 -0.0933997 -0.216761
-0.118381 -0.204997 -0.22961 -0.123561 -0.0871097 -0.2186
-0.113931 -0.206222 -0.230715 -0.119032 -0.0825005 -0.220107
-0.111189 -0.207367 -0.232109 -0.115118 -0.0795552 -0.221409
-0.109906 -0.208313 -0.233339 -0.112099 -0.0780542 -0.222508
-0.10959 -0.20933 -0.234563 -0.110236 -0.0781913 -0.223667
-0.11067 -0.210614 -0.235521 -0.110412 -0.079922 -0.225534
-0.113088 -0.211906 -0.236055 -0.112311 -0.0830635 -0.227677
-0.116972 -0.21309 -0.236544 -0.115696 -0.0873518 -0.229471
-0.122239 -0.213997 -0.237074 -0.120522 -0.0931083 -0.231047
-0.128438 -0.214626 -0.237454 -0.126426 -0.099749 -0.23253
-0.135329 -0.215298 -0.237752 -0.133269 -0.107443 -0.233912
-0.143151 -0.215752 -0.237901 -0.14054 -0.115846 -0.234972
-0.153433 -0.21629 -0.237744 -0.150753 -0.126054 -0.235086
-0.161894 -0.216509 -0.237474 -0.159409 -0.134618 -0.235231
-0.170254 -0.216729 -0.23741 -0.167927 -0.143004 -0.235365
-0.178403 -0.216245 -0.237391 -0.176017 -0.151232 -0.235035
-0.186992 -0.21486 -0.235103 -0.187145 -0.161076 -0.23341
-0.196165 -0.213929 -0.231804 -0.198395 -0.172992 -0.232103
-0.203469 -0.213226 -0.229562 -0.205574 -0.184453 -0.231577
-0.206398 -0.212823 -0.22701 -0.2125 -0.195168 -0.230949
-0.205976 -0.210676 -0.224383 -0.217218 -0.206782 -0.229086
-0.205903 -0.208941 -0.22269 -0.216179 -0.208833 -0.225765
-0.206028 -0.205312 -0.221735 -0.214148 -0.210633 -0.220929
-0.206138 -0.20118 -0.219715 -0.212687 -0.211676 -0.217057
-0.20609 -0.196985 -0.216081 -0.211074 -0.212608 -0.213634
-0.20634 -0.192348 -0.210696 -0.209965 -0.212413 -0.209748
-0.206709 -0.186827 -0.204058 -0.209332 -0.212405 -0.204596
-0.206906 -0.180251 -0.196395 -0.209346 -0.21246 -0.197896
-0.207585 -0.17266 -0.188094 -0.209632 -0.213033 -0.190146
-0.208391 -0.164239 -0.179346 -0.210199 -0.213781 -0.18148
-0.209485 -0.155081 -0.170159 -0.210297 -0.214573 -0.172436
-0.211138 -0.145444 -0.160726 -0.211028 -0.215701 -0.163006
-0.213014 -0.135965 -0.151558 -0.211855 -0.217137 -0.153754
-0.214732 -0.12666 -0.142879 -0.212932 -0.218634 -0.144406
-0.216219 -0.118179 -0.134833 -0.21476 -0.220242 -0.135461
-0.217584 -0.110206 -0.127643 -0.216403 -0.221664 -0.127048
-0.219322 -0.101751 -0.120095 -0.218578 -0.223111 -0.118293
-0.220487 -0.0958725 -0.115024 -0.220277 -0.224213 -0.112059
-0.221732 -0.0914498 -0.111256 -0.221911 -0.22536 -0.10688
-0.223022 -0.0885481 -0.109095 -0.223579 -0.226462 -0.10357
-0.224442 -0.0872685 -0.10849 -0.225194 -0.227483 -0.101974
-0.225561 -0.0875019 -0.108926 -0.226854 -0.228529 -0.101956
-0.226564 -0.0891639 -0.110727 -0.228227 -0.229311 -0.103467
-0.227507 -0.0921116 -0.113695 -0.229215 -0.229714 -0.106297
-0.228531 -0.0965349 -0.117829 -0.230036 -0.230264 -0.110421
-0.22934 -0.102156 -0.123184 -0.230721 -0.230769 -0.115627
-0.22995 -0.108816 -0.129796 -0.23151 -0.231092 -0.122005
-0.230441 -0.116415 -0.137549 -0.232063 -0.231059 -0.129829
-0.230766 -0.124264 -0.145488 -0.23242 -0.23073 -0.138031
-0.230842 -0.132668 -0.153712 -0.232633 -0.23043 -0.146952
-0.230738 -0.141224 -0.162049 -0.23293 -0.229923 -0.155937
-0.230431 -0.15118 -0.1718 -0.233169 -0.22919 -0.166748
-0.229914 -0.159372 -0.180065 -0.232467 -0.228377 -0.174641
-0.228069 -0.169182 -0.192173 -0.229597 -0.226545 -0.181001
-0.22641 -0.180248 -0.206535 -0.227519 -0.224912 -0.187373
-0.224157 -0.185931 -0.219845 -0.225824 -0.222826 -0.190751
-0.221077 -0.190961 -0.228807 -0.224244 -0.219544 -0.194831
-0.218503 -0.194825 -0.231302 -0.222442 -0.216835 -0.19959
-0.216999 -0.196615 -0.230684 -0.218453 -0.215615 -0.202299
-0.215158 -0.196889 -0.231314 -0.213308 -0.213997 -0.204075
-0.21158 -0.195903 -0.230055 -0.209128 -0.210744 -0.20456
-0.206835 -0.196028 -0.226365 -0.20624 -0.205212 -0.205606
-0.200796 -0.196272 -0.223433 -0.203013 -0.198211 -0.206629
-0.193506 -0.196421 -0.221862 -0.197895 -0.191194 -0.207947
-0.185576 -0.196981 -0.219637 -0.191019 -0.184182 -0.209022
-0.177388 -0.197727 -0.218061 -0.182734 -0.176142 -0.20987
-0.168972 -0.198372 -0.217192 -0.173693 -0.167765 -0.210803
-0.159901 -0.199473 -0.216609 -0.163966 -0.158543 -0.21142
-0.150578 -0.200081 -0.216709 -0.154504 -0.148717 -0.212349
-0.141276 -0.201044 -0.217412 -0.145607 -0.138863 -0.213719
-0.132294 -0.202229 -0.218032 -0.137552 -0.129088 -0.214614
-0.123749 -0.203648 -0.218626 -0.130797 -0.120073 -0.215485
-0.115831 -0.20526 -0.219456 -0.125014 -0.11192 -0.216634
-0.107781 -0.207121 -0.220545 -0.119445 -0.103914 -0.218119
-0.102381 -0.208346 -0.221746 -0.115248 -0.0988678 -0.219299
-0.0989455 -0.2093 -0.223207 -0.111645 -0.0954699 -0.220413
-0.0975215 -0.210178 -0.224754 -0.108884 -0.0938084 -0.221024
-0.0972733 -0.211213 -0.226309 -0.107212 -0.0937939 -0.221758
-0.0982419 -0.212465 -0.227539 -0.10677 -0.0949356 -0.222556
-0.100651 -0.213562 -0.228589 -0.108325 -0.0974324 -0.223419
-0.104528 -0.214696 -0.229674 -0.111491 -0.101459 -0.224308
-0.109396 -0.215929 -0.23044 -0.116018 -0.106582 -0.224964
-0.115442 -0.21706 -0.2312 -0.121741 -0.113054 -0.22573
-0.122262 -0.218035 -0.231696 -0.128927 -0.120648 -0.226459
-0.129974 -0.218745 -0.232094 -0.136272 -0.128565 -0.227035
-0.138483 -0.219424 -0.232602 -0.144509 -0.136937 -0.22752
-0.147022 -0.219893 -0.232855 -0.153077 -0.145479 -0.228115
-0.155534 -0.220538 -0.232887 -0.161555 -0.154021 -0.228506
-0.163676 -0.221181 -0.233215 -0.169783 -0.162307 -0.22864
-0.171817 -0.221091 -0.23249 -0.179359 -0.170696 -0.227844
-0.181278 -0.21983 -0.228999 -0.193289 -0.181497 -0.226056
-0.190677 -0.218885 -0.22652 -0.202605 -0.192674 -0.225338
-0.198109 -0.218462 -0.224199 -0.212287 -0.202681 -0.224969
-0.205313 -0.217186 -0.220702 -0.215791 -0.212615 -0.223708
-0.21403 -0.21534 -0.216291 -0.214062 -0.216575 -0.22203
-0.222385 -0.211676 -0.212778 -0.211739 -0.216693 -0.219214
-0.224882 -0.206063 -0.210082 -0.208479 -0.217117 -0.216368
-0.225062 -0.199904 -0.208122 -0.205438 -0.218365 -0.212215
-0.225933 -0.194463 -0.204784 -0.202243 -0.218905 -0.207476
-0.226501 -0.18918 -0.199203 -0.199403 -0.219242 -0.201842
-0.22702 -0.183299 -0.191822 -0.197943 -0.219375 -0.195177
-0.227383 -0.176151 -0.183239 -0.196328 -0.219536 -0.187862
-0.227878 -0.168103 -0.174181 -0.195823 -0.219762 -0.17973
-0.22835 -0.15936 -0.164965 -0.195675 -0.220294 -0.170946
-0.228906 -0.150229 -0.155729 -0.195777 -0.220895 -0.16177
-0.22945 -0.140713 -0.146775 -0.196281 -0.221743 -0.152288
-0.23015 -0.131226 -0.138217 -0.1973 -0.222445 -0.142669
-0.231112 -0.122377 -0.130595 -0.198683 -0.223272 -0.133402
-0.232138 -0.114345 -0.12403 -0.200157 -0.224172 -0.124545
-0.232847 -0.107493 -0.118386 -0.201708 -0.224999 -0.116392
-0.23384 -0.101535 -0.113833 -0.203678 -0.225984 -0.109193
-0.234689 -0.0969485 -0.110342 -0.205342 -0.226835 -0.103426
-0.235397 -0.09363 -0.107545 -0.20751 -0.227656 -0.0992824
-0.236251 -0.0914324 -0.105906 -0.209458 -0.228337 -0.0968811
-0.237033 -0.0905799 -0.105694 -0.211069 -0.229044 -0.096373
-0.237796 -0.0918149 -0.106737 -0.213043 -0.229809 -0.0973609
-0.238658 -0.0943087 -0.109181 -0.214401 -0.23027 -0.0996561
-0.23932 -0.0982446 -0.112974 -0.215633 -0.23069 -0.103395
-0.23982 -0.103295 -0.117894 -0.216777 -0.230877 -0.108539
-0.240072 -0.109422 -0.123918 -0.217878 -0.230928 -0.114893
-0.240065 -0.116558 -0.130939 -0.219133 -0.23102 -0.122266
-0.239935 -0.124174 -0.138721 -0.220747 -0.2308 -0.130424
-0.239622 -0.132352 -0.146988 -0.222109 -0.230296 -0.138799
-0.239264 -0.140763 -0.15531 -0.223383 -0.22978 -0.147554
-0.23867 -0.149217 -0.16352 -0.224062 -0.229189 -0.156257
-0.238105 -0.157394 -0.171358 -0.224533 -0.228604 -0.164679
-0.236895 -0.166032 -0.182135 -0.221857 -0.226786 -0.173582
-0.235459 -0.174393 -0.196882 -0.218942 -0.224718 -0.182002
-0.233094 -0.179416 -0.210748 -0.217872 -0.222405 -0.184947
-0.229736 -0.185345 -0.222521 -0.216709 -0.219187 -0.187244
-0.225158 -0.189383 -0.234281 -0.216525 -0.214311 -0.190388
-0.22012 -0.190632 -0.243368 -0.215634 -0.209247 -0.193954
-0.215699 -0.192123 -0.248767 -0.213395 -0.205033 -0.197091
-0.21224 -0.192993 -0.250736 -0.209984 -0.20167 -0.197067
-0.209234 -0.193172 -0.252014 -0.205583 -0.198466 -0.195709
-0.204582 -0.192383 -0.251619 -0.200817 -0.194447 -0.193571
-0.19856 -0.192992 -0.248824 -0.195485 -0.18894 -0.193438
-0.191388 -0.193283 -0.245585 -0.188895 -0.181935 -0.196458
-0.184079 -0.19338 -0.243923 -0.1811 -0.174075 -0.201644
-0.176301 -0.19402 -0.242071 -0.172587 -0.16612 -0.201829
-0.166036 -0.196284 -0.239953 -0.161424 -0.156325 -0.201007
-0.157325 -0.199317 -0.238881 -0.152097 -0.147632 -0.200409
-0.148597 -0.202132 -0.237945 -0.143216 -0.138756 -0.200158
-0.139774 -0.202244 -0.236698 -0.13532 -0.129694 -0.200104
-0.131608 -0.203575 -0.235527 -0.128962 -0.120623 -0.201044
-0.123948 -0.204941 -0.234903 -0.124018 -0.11186 -0.202776
-0.117257 -0.206703 -0.234795 -0.119764 -0.104217 -0.204595
-0.111953 -0.208411 -0.235151 -0.115946 -0.0986021 -0.20605
-0.108171 -0.209936 -0.235547 -0.112331 -0.0950526 -0.207644
-0.106059 -0.211056 -0.236178 -0.108736 -0.0931512 -0.209124
-0.105317 -0.212143 -0.237021 -0.105981 -0.0929124 -0.21043
-0.105554 -0.213218 -0.237918 -0.104264 -0.0938651 -0.211885
-0.107123 -0.214626 -0.238477 -0.104276 -0.0962105 -0.213552
-0.11024 -0.216354 -0.238902 -0.106103 -0.0998486 -0.215305
-0.114573 -0.217899 -0.239286 -0.109401 -0.104393 -0.216985
-0.120326 -0.219003 -0.23994 -0.114275 -0.110216 -0.218466
-0.127162 -0.219904 -0.240526 -0.120017 -0.117096 -0.21982
-0.135074 -0.220808 -0.240969 -0.126782 -0.125446 -0.220912
-0.143231 -0.221585 -0.241408 -0.134162 -0.134134 -0.221825
-0.151506 -0.222282 -0.241619 -0.142215 -0.142511 -0.222543
-0.159698 -0.222789 -0.241696 -0.150382 -0.150709 -0.223025
-0.167915 -0.223303 -0.241561 -0.158294 -0.158789 -0.223431
-0.175758 -0.223326 -0.241799 -0.16616 -0.166484 -0.223698
-0.186703 -0.221775 -0.23824 -0.181453 -0.178591 -0.222216
-0.196558 -0.220652 -0.235372 -0.193683 -0.190162 -0.221461
-0.202803 -0.219958 -0.233547 -0.19979 -0.199123 -0.221069
-0.207109 -0.219106 -0.231377 -0.205351 -0.204124 -0.219662
-0.20968 -0.216534 -0.229393 -0.209901 -0.20968 -0.217598
-0.214302 -0.213532 -0.227568 -0.210574 -0.215083 -0.214866
-0.217602 -0.209576 -0.225098 -0.211158 -0.215348 -0.211836
-0.217762 -0.204383 -0.222333 -0.211923 -0.215574 -0.207856
-0.218379 -0.199002 -0.218748 -0.212648 -0.216293 -0.203213
-0.21868 -0.193714 -0.213579 -0.210541 -0.216606 -0.197684
-0.218911 -0.188065 -0.20638 -0.20665 -0.215832 -0.191372
-0.220102 -0.181253 -0.197656 -0.204548 -0.215754 -0.184148
-0.220785 -0.174022 -0.188378 -0.202082 -0.216081 -0.175974
-0.221116 -0.166516 -0.178901 -0.199958 -0.215792 -0.16655
-0.221283 -0.158222 -0.169281 -0.198734 -0.216234 -0.157222
-0.221429 -0.149769 -0.159781 -0.197316 -0.216753 -0.147842
-0.221716 -0.14113 -0.150476 -0.196346 -0.217124 -0.138587
-0.222171 -0.132536 -0.141651 -0.196031 -0.217449 -0.129525
-0.222464 -0.124278 -0.133923 -0.196093 -0.217822 -0.120852
-0.222663 -0.11675 -0.127215 -0.196978 -0.21837 -0.112873
-0.223015 -0.1101 -0.12166 -0.198486 -0.219078 -0.106099
-0.223404 -0.104524 -0.117049 -0.200412 -0.219538 -0.100892
-0.223848 -0.0992654 -0.113019 -0.20281 -0.220065 -0.0963968
-0.224419 -0.0961573 -0.111558 -0.2049 -0.220787 -0.0942114
-0.225129 -0.0943296 -0.111386 -0.206693 -0.221419 -0.0937028
-0.226036 -0.0940893 -0.112408 -0.208892 -0.222432 -0.0940393
-0.226861 -0.0954634 -0.114988 -0.210909 -0.223291 -0.0958422
-0.227698 -0.098437 -0.118571 -0.213253 -0.224404 -0.0993168
-0.228565 -0.102805 -0.123303 -0.215152 -0.225256 -0.104164
-0.229384 -0.108376 -0.129224 -0.216818 -0.226141 -0.110142
-0.230254 -0.115129 -0.136277 -0.218169 -0.226942 -0.116864
-0.230879 -0.122623 -0.144235 -0.21955 -0.227474 -0.124203
-0.231424 -0.130745 -0.152283 -0.220819 -0.22819 -0.131618
-0.231629 -0.139249 -0.160367 -0.222096 -0.228716 -0.139697
-0.231844 -0.147836 -0.168531 -0.22305 -0.229159 -0.148087
-0.232081 -0.155535 -0.17638 -0.223717 -0.229357 -0.156454
-0.231449 -0.161216 -0.185328 -0.223271 -0.228973 -0.164772
-0.230147 -0.168374 -0.199308 -0.220753 -0.227041 -0.173226
-0.228792 -0.174235 -0.211208 -0.220242 -0.224524 -0.180112
-0.227743 -0.176688 -0.218483 -0.219718 -0.222969 -0.184756
-0.226826 -0.176495 -0.22345 -0.218559 -0.221323 -0.189373
-0.224952 -0.176072 -0.231315 -0.217665 -0.219437 -0.195071
-0.222464 -0.175386 -0.233313 -0.215917 -0.218007 -0.199317
-0.219741 -0.174197 -0.232346 -0.213069 -0.215012 -0.198747
-0.214924 -0.17413 -0.232323 -0.208497 -0.210369 -0.198331
-0.20921 -0.174206 -0.230872 -0.203338 -0.205317 -0.198469
-0.202618 -0.174263 -0.229899 -0.197138 -0.198783 -0.198711
-0.195013 -0.174678 -0.229681 -0.190234 -0.191506 -0.199183
-0.186363 -0.175718 -0.229671 -0.181946 -0.183415 -0.199854
-0.177313 -0.176826 -0.229636 -0.172598 -0.174375 -0.200322
-0.167721 -0.178235 -0.229807 -0.163201 -0.164784 -0.201054
-0.157662 -0.179495 -0.230022 -0.154014 -0.154743 -0.202106
-0.147602 -0.181338 -0.230391 -0.145507 -0.144863 -0.203403
-0.137758 -0.183444 -0.230858 -0.137822 -0.135274 -0.204821
-0.128557 -0.185438 -0.231655 -0.131173 -0.12613 -0.206468
-0.120325 -0.187204 -0.232475 -0.125275 -0.117689 -0.208305
-0.112966 -0.189465 -0.233295 -0.120268 -0.110227 -0.210085
-0.106879 -0.191729 -0.234353 -0.116133 -0.10374 -0.212189
-0.101987 -0.193468 -0.235543 -0.112389 -0.0986282 -0.214532
-0.0988853 -0.195098 -0.236822 -0.109082 -0.0952337 -0.215995
-0.0975919 -0.197034 -0.23808 -0.106318 -0.0934022 -0.217349
-0.0973284 -0.198807 -0.239187 -0.104487 -0.0935042 -0.218585
-0.0986307 -0.200553 -0.2406 -0.103894 -0.0950061 -0.219722
-0.101543 -0.202366 -0.241746 -0.104909 -0.0977962 -0.22129
-0.105842 -0.20423 -0.242768 -0.107051 -0.101878 -0.223695
-0.111083 -0.205726 -0.243112 -0.110448 -0.106921 -0.226472
-0.117388 -0.206863 -0.243673 -0.115835 -0.112974 -0.230449
-0.124379 -0.20776 -0.244045 -0.12229 -0.120341 -0.231901
-0.131787 -0.209162 -0.243714 -0.129499 -0.12821 -0.23231
-0.139781 -0.2105 -0.243581 -0.137759 -0.136933 -0.232747
-0.149856 -0.211321 -0.243395 -0.148072 -0.147161 -0.233389
-0.158276 -0.21159 -0.243363 -0.156008 -0.155692 -0.233336
-0.166454 -0.211623 -0.243309 -0.16332 -0.163874 -0.232661
-0.175701 -0.210291 -0.240551 -0.173539 -0.173498 -0.230961
-0.186807 -0.209007 -0.236814 -0.187078 -0.185476 -0.229498
-0.196377 -0.208368 -0.235201 -0.197781 -0.193591 -0.228194
-0.202439 -0.20776 -0.233877 -0.201637 -0.19985 -0.226633
-0.204533 -0.207209 -0.231381 -0.203059 -0.20738 -0.224483
-0.208539 -0.206256 -0.228444 -0.202967 -0.213399 -0.222365
-0.212256 -0.203672 -0.224685 -0.201879 -0.217562 -0.220042
-0.212675 -0.200059 -0.220834 -0.200983 -0.221345 -0.216752
-0.214621 -0.195243 -0.217874 -0.199254 -0.221761 -0.211789
-0.216164 -0.189014 -0.214034 -0.200009 -0.221999 -0.206354
-0.217519 -0.181611 -0.208656 -0.20457 -0.221794 -0.200625
-0.220966 -0.173926 -0.20171 -0.206494 -0.221699 -0.193987
-0.221625 -0.165405 -0.193613 -0.210358 -0.220692 -0.186551
-0.22045 -0.156994 -0.183945 -0.208317 -0.219226 -0.178354
-0.219457 -0.148416 -0.173729 -0.20363 -0.217935 -0.169533
-0.218903 -0.139157 -0.163947 -0.201165 -0.216753 -0.160559
-0.218417 -0.12985 -0.155008 -0.198646 -0.215945 -0.151678
-0.218345 -0.118852 -0.145091 -0.19641 -0.214996 -0.141765
-0.218696 -0.110399 -0.136947 -0.194946 -0.214497 -0.133826
-0.218908 -0.102653 -0.129536 -0.194673 -0.213989 -0.126541
-0.218976 -0.0959942 -0.12339 -0.194788 -0.213329 -0.119851
-0.21893 -0.0902869 -0.118307 -0.19568 -0.213045 -0.113929
-0.218756 -0.0856301 -0.114449 -0.197434 -0.212799 -0.109191
-0.218929 -0.0822599 -0.112543 -0.199244 -0.212712 -0.105837
-0.219411 -0.080646 -0.112022 -0.201542 -0.212835 -0.104446
-0.219914 -0.08086 -0.112937 -0.204047 -0.213012 -0.104366
-0.220528 -0.0827234 -0.115392 -0.206419 -0.213389 -0.105753
-0.221635 -0.0859582 -0.119333 -0.209014 -0.213804 -0.108482
-0.223344 -0.0902021 -0.12397 -0.211687 -0.214308 -0.112432
-0.225662 -0.0955664 -0.129512 -0.214294 -0.214869 -0.117596
-0.227961 -0.1019 -0.135924 -0.21684 -0.21536 -0.123848
-0.230852 -0.10882 -0.143178 -0.219129 -0.215918 -0.130995
-0.231554 -0.115959 -0.151136 -0.221107 -0.21667 -0.138852
-0.232367 -0.12343 -0.15959 -0.222576 -0.217972 -0.146865
-0.233304 -0.131225 -0.167965 -0.223816 -0.218908 -0.153888
-0.234249 -0.13931 -0.17577 -0.225212 -0.219811 -0.158916
-0.234615 -0.149664 -0.185205 -0.226326 -0.220423 -0.164855
-0.232826 -0.160575 -0.196851 -0.22403 -0.219483 -0.171672
-0.231589 -0.172944 -0.20931 -0.223021 -0.218805 -0.178721
-0.231421 -0.178043 -0.218728 -0.221819 -0.218491 -0.184808
-0.231028 -0.179081 -0.223171 -0.220808 -0.217831 -0.188678
-0.229701 -0.18044 -0.229612 -0.220008 -0.216182 -0.191902
-0.227339 -0.179864 -0.231658 -0.218557 -0.213099 -0.197123
-0.224459 -0.179979 -0.231992 -0.21593 -0.209731 -0.201082
-0.22083 -0.179679 -0.232126 -0.211887 -0.206065 -0.206008
-0.21638 -0.179692 -0.232245 -0.206669 -0.201186 -0.207242
-0.210207 -0.18017 -0.23173 -0.200976 -0.194343 -0.207048
-0.202461 -0.180777 -0.230951 -0.194097 -0.18724 -0.20737
-0.193572 -0.181813 -0.230765 -0.186253 -0.178933 -0.208274
-0.18379 -0.182837 -0.230671 -0.177534 -0.170089 -0.209088
-0.174031 -0.183962 -0.230556 -0.168122 -0.160519 -0.21016
-0.163915 -0.185481 -0.230776 -0.158518 -0.150473 -0.211209
-0.153979 -0.187232 -0.231028 -0.149215 -0.139975 -0.212307
-0.144378 -0.188939 -0.231662 -0.140606 -0.129317 -0.213284
-0.135104 -0.190859 -0.2322 -0.132959 -0.119125 -0.214437
-0.124701 -0.193377 -0.232729 -0.12511 -0.107833 -0.215741
-0.116784 -0.195558 -0.233166 -0.119696 -0.0993703 -0.21697
-0.109922 -0.197884 -0.23374 -0.114993 -0.0924839 -0.218304
-0.104283 -0.199944 -0.234854 -0.111178 -0.087237 -0.219466
-0.101058 -0.201352 -0.236127 -0.108017 -0.0839533 -0.220358
-0.0999828 -0.202606 -0.237303 -0.1052 -0.0823479 -0.220902
-0.099946 -0.204041 -0.238402 -0.103167 -0.0821571 -0.221512
-0.101042 -0.20562 -0.239077 -0.103025 -0.0833511 -0.222357
-0.103244 -0.206893 -0.239721 -0.104401 -0.0862291 -0.223461
-0.106604 -0.208327 -0.240284 -0.1068 -0.090429 -0.224345
-0.111485 -0.20935 -0.240939 -0.110379 -0.0957884 -0.224904
-0.117677 -0.210224 -0.241827 -0.115447 -0.102288 -0.225274
-0.125145 -0.210838 -0.24227 -0.121486 -0.109635 -0.22563
-0.133178 -0.211332 -0.242725 -0.128273 -0.117459 -0.225797
-0.141326 -0.211678 -0.243066 -0.135621 -0.125628 -0.226121
-0.149295 -0.21188 -0.243397 -0.143699 -0.134166 -0.226305
-0.157257 -0.212214 -0.243743 -0.151876 -0.14259 -0.226393
-0.165162 -0.212421 -0.243993 -0.159606 -0.150671 -0.226156
-0.173024 -0.212012 -0.24391 -0.167839 -0.158742 -0.225567
-0.184053 -0.210542 -0.239769 -0.182858 -0.173119 -0.223316
-0.193288 -0.209617 -0.237596 -0.196234 -0.183373 -0.222187
-0.200353 -0.207897 -0.236242 -0.206931 -0.191819 -0.220463
-0.205432 -0.205032 -0.234959 -0.213504 -0.199462 -0.219053
-0.20935 -0.202052 -0.233367 -0.218912 -0.205797 -0.216501
-0.212334 -0.198552 -0.229853 -0.220373 -0.209265 -0.214094
-0.215221 -0.194364 -0.226434 -0.219238 -0.207885 -0.210931
-0.220253 -0.190013 -0.222816 -0.217614 -0.207548 -0.207655
-0.224459 -0.185043 -0.218433 -0.215351 -0.206549 -0.203702
-0.224335 -0.178983 -0.213118 -0.214147 -0.206366 -0.198262
-0.224411 -0.172813 -0.206901 -0.213071 -0.20688 -0.191431
-0.224346 -0.165585 -0.199206 -0.211551 -0.207606 -0.183537
-0.22373 -0.157754 -0.190376 -0.210392 -0.208082 -0.175131
-0.223637 -0.149465 -0.180406 -0.210554 -0.208157 -0.166188
-0.22378 -0.139683 -0.169111 -0.213369 0.0790321 -0.159601
-0.223671 -0.131708 -0.160124 -0.21269 -0.207715 -0.147319
-0.222512 -0.122924 -0.15033 -0.213829 -0.206445 -0.138309
-0.221662 -0.114605 -0.141356 -0.214542 -0.205062 -0.129743
-0.221528 -0.106677 -0.133759 -0.21539 -0.204098 -0.121927
-0.221434 -0.0993552 -0.127752 -0.216862 -0.203802 -0.114856
-0.221905 -0.0927401 -0.122637 -0.218065 -0.204322 -0.108641
-0.222667 -0.0874947 -0.118284 -0.219828 -0.205327 -0.103243
-0.22367 -0.083851 -0.114974 -0.221229 -0.206286 -0.0991778
-0.225332 -0.0815013 -0.112855 -0.22371 -0.207729 -0.0962867
-0.226348 -0.0809833 -0.1127 -0.225632 -0.209126 -0.0955895
-0.227321 -0.0820995 -0.113803 -0.227638 -0.210523 -0.0960818
-0.228441 -0.0842306 -0.116387 -0.229467 -0.212024 -0.0982725
-0.229912 -0.0877061 -0.120371 -0.230841 -0.21326 -0.101583
-0.231497 -0.0924421 -0.125333 -0.232156 -0.214745 -0.106212
-0.232807 -0.0983524 -0.131786 -0.233153 -0.216317 -0.111887
-0.233871 -0.105052 -0.139253 -0.234278 -0.217928 -0.11887
-0.234729 -0.112507 -0.14715 -0.235447 -0.219262 -0.126968
-0.235377 -0.120471 -0.155082 -0.236238 -0.22035 -0.135884
-0.235828 -0.128776 -0.163284 -0.236839 -0.22148 -0.144551
-0.23619 -0.137018 -0.171403 -0.237412 -0.22219 -0.152864
-0.236363 -0.145092 -0.179251 -0.237782 -0.223044 -0.1608
-0.235614 -0.153546 -0.188692 -0.236394 -0.22287 -0.169153
-0.234179 -0.16415 -0.202041 -0.233447 -0.22139 -0.177823
-0.232863 -0.175828 -0.214844 -0.232788 -0.219664 -0.18208
-0.231227 -0.187195 -0.220524 -0.23135 -0.218333 -0.184427
-0.228623 -0.193955 -0.227666 -0.229992 -0.216986 -0.184265
-0.224557 -0.198594 -0.231751 -0.229013 -0.214488 -0.184047
-0.220986 -0.201455 -0.231594 -0.226893 -0.212192 -0.183168
-0.217259 -0.203255 -0.231106 -0.223529 -0.208944 -0.1821
-0.213503 -0.205113 -0.230473 -0.219203 -0.204498 -0.180436
-0.208426 -0.206826 -0.229562 -0.213694 -0.199024 -0.179369
-0.20213 -0.207318 -0.228155 -0.206952 -0.191829 -0.179138
-0.194657 -0.208469 -0.227936 -0.199369 -0.183925 -0.179657
-0.186081 -0.20956 -0.227752 -0.191013 -0.175096 -0.180226
-0.177035 -0.210916 -0.227288 -0.181816 -0.165836 -0.181399
-0.167524 -0.212267 -0.226905 -0.17213 -0.156033 -0.182662
-0.157932 -0.213798 -0.226925 -0.162255 -0.145988 -0.184139
-0.148208 -0.214784 -0.227035 -0.152543 -0.135697 -0.185861
-0.138928 -0.216252 -0.227288 -0.143695 -0.125615 -0.187809
-0.130236 -0.217792 -0.22773 -0.135757 -0.116079 -0.189905
-0.122242 -0.219478 -0.228278 -0.128877 -0.107318 -0.192263
-0.115227 -0.221103 -0.228922 -0.123133 -0.0996792 -0.194808
-0.109207 -0.222185 -0.229731 -0.118192 -0.0938001 -0.197367
-0.104656 -0.223056 -0.230991 -0.113849 -0.0895231 -0.199888
-0.102135 -0.223473 -0.232288 -0.110535 -0.0870844 -0.202554
-0.101186 -0.224249 -0.233611 -0.108497 -0.0861185 -0.205714
-0.101797 -0.224932 -0.234757 -0.107892 -0.0866902 -0.210491
-0.104009 -0.225111 -0.235537 -0.109014 -0.0886226 -0.216141
-0.107256 -0.22532 -0.235956 -0.111863 -0.0917072 -0.218794
-0.111304 -0.225996 -0.236329 -0.116458 -0.0959015 -0.220457
-0.116407 -0.226817 -0.236504 -0.122089 -0.101457 -0.222708
-0.122688 -0.22734 -0.236338 -0.129033 -0.108184 -0.22426
-0.13015 -0.227465 -0.236567 -0.13605 -0.116017 -0.225473
-0.138434 -0.227382 -0.236769 -0.143631 -0.124279 -0.225982
-0.147144 -0.226812 -0.236816 -0.152033 -0.132972 -0.226442
-0.155638 -0.226325 -0.236598 -0.160322 -0.141575 -0.226788
-0.163879 -0.225641 -0.236709 -0.168517 -0.149938 -0.226966
-0.171646 -0.224624 -0.236647 -0.176668 -0.157893 -0.22694
-0.181006 -0.222789 -0.233115 -0.18901 -0.167383 -0.225773
-0.192117 -0.221576 -0.229484 -0.194686 -0.178561 -0.225183
-0.199672 -0.221296 -0.226656 -0.195931 -0.18778 -0.225591
-0.205115 -0.220775 -0.223732 -0.20123 -0.195897 -0.225135
-0.209992 -0.218982 -0.220889 -0.203892 -0.202585 -0.223295
-0.210208 -0.215416 -0.219127 -0.203039 -0.205818 -0.220877
-0.211137 -0.21022 -0.217901 -0.200657 -0.211903 -0.216067
-0.210707 -0.206123 -0.21552 -0.199428 -0.214957 -0.211251
-0.210165 -0.201843 -0.211254 -0.19628 -0.214267 -0.20633
-0.210344 -0.196636 -0.205426 -0.194064 -0.213818 -0.20095
-0.210411 -0.190239 -0.19865 -0.192714 -0.213566 -0.194173
-0.210794 -0.182838 -0.191017 -0.191119 -0.213688 -0.186196
-0.21097 -0.174522 -0.18261 -0.189668 -0.21397 -0.177364
-0.211352 -0.165672 -0.173716 -0.188787 -0.21459 -0.167814
-0.21203 -0.156296 -0.16445 -0.187885 -0.215242 -0.158223
-0.212982 -0.146747 -0.15517 -0.18778 -0.215929 -0.148547
-0.214084 -0.137358 -0.146309 -0.18783 -0.216616 -0.139031
-0.215166 -0.128554 -0.138066 -0.188127 -0.217443 -0.12987
-0.216246 -0.120441 -0.130724 -0.189352 -0.218105 -0.121323
-0.217429 -0.113354 -0.124517 -0.19384 -0.218798 -0.11375
-0.21845 -0.107103 -0.119317 -0.203803 -0.219442 -0.106999
-0.218852 -0.102316 -0.114966 -0.206444 -0.219415 -0.101662
-0.219033 -0.0987592 -0.111193 -0.20754 -0.219099 -0.097913
-0.219603 -0.09602 -0.108567 -0.210234 -0.219038 -0.0955705
-0.220319 -0.0941863 -0.107891 -0.211277 -0.218957 -0.0946154
-0.221204 -0.093596 -0.108585 -0.213604 -0.220143 -0.0949136
-0.222035 -0.0950733 -0.110741 -0.215097 -0.221502 -0.0961929
-0.223222 -0.0982096 -0.114241 -0.216593 -0.222414 -0.0990812
-0.224543 -0.10308 -0.118419 -0.218092 -0.223226 -0.103727
-0.225569 -0.109341 -0.123972 -0.219444 -0.223824 -0.10962
-0.226179 -0.116547 -0.130625 -0.221496 -0.224501 -0.116622
-0.226548 -0.124475 -0.138088 -0.223418 -0.224945 -0.124742
-0.227009 -0.132692 -0.146152 -0.224799 -0.225291 -0.133733
-0.227528 -0.141217 -0.154558 -0.226016 -0.22554 -0.142656
-0.228091 -0.149534 -0.162818 -0.226763 -0.225844 -0.151124
-0.22854 -0.15729 -0.170669 -0.227435 -0.226243 -0.159021
-0.228445 -0.165417 -0.17948 -0.226976 -0.226224 -0.167309
-0.227021 -0.175179 -0.193815 -0.223627 -0.224913 -0.17814
-0.226025 -0.184219 -0.208194 -0.222378 -0.223736 -0.188962
-0.224506 -0.186315 -0.216855 -0.220821 -0.22251 -0.193417
-0.222171 -0.187556 -0.223006 -0.219447 -0.219089 -0.198423
-0.220089 -0.1879 -0.228835 -0.218762 -0.214992 -0.202483
-0.217056 -0.187825 -0.235048 -0.217543 -0.210391 -0.206694
-0.213833 -0.187476 -0.236275 -0.214202 -0.207111 -0.210475
-0.210556 -0.186286 -0.235835 -0.209759 -0.20365 -0.210107
-0.205903 -0.185674 -0.234829 -0.20457 -0.198946 -0.208932
-0.199611 -0.185942 -0.233397 -0.198742 -0.193861 -0.20905
-0.191828 -0.186464 -0.232065 -0.191828 -0.186985 -0.209467
-0.183213 -0.186966 -0.232123 -0.183933 -0.17898 -0.210571
-0.174219 -0.187676 -0.232119 -0.175008 -0.170644 -0.211447
-0.165011 -0.188865 -0.232391 -0.165183 -0.161765 -0.211798
-0.155701 -0.190128 -0.232688 -0.155302 -0.152177 -0.21224
-0.14644 -0.191165 -0.233166 -0.146216 -0.142138 -0.212748
-0.135217 -0.192563 -0.234442 -0.13658 -0.130141 -0.213604
-0.126207 -0.194205 -0.235739 -0.129613 -0.120491 -0.214729
-0.117384 -0.196235 -0.236578 -0.123785 -0.111665 -0.216129
-0.109878 -0.198156 -0.237587 -0.11901 -0.103648 -0.217564
-0.103589 -0.199871 -0.238851 -0.115111 -0.0970363 -0.218822
-0.0988963 -0.201126 -0.240529 -0.111442 -0.0922987 -0.219735
-0.0958159 -0.202148 -0.242109 -0.108074 -0.0892377 -0.220572
-0.0945766 -0.202722 -0.242916 -0.105293 -0.0878962 -0.221501
-0.0946354 -0.203794 -0.243932 -0.103451 -0.0882474 -0.221881
-0.095939 -0.20577 -0.244407 -0.103177 -0.0901678 -0.222154
-0.0983391 -0.207975 -0.244521 -0.104394 -0.0935226 -0.222541
-0.102501 -0.210957 -0.244787 -0.10727 -0.0979313 -0.222751
-0.10755 -0.213061 -0.244829 -0.11159 -0.103455 -0.222794
-0.113719 -0.215456 -0.245092 -0.117469 -0.10991 -0.222754
-0.120732 -0.21752 -0.245119 -0.124189 -0.117333 -0.222824
-0.128348 -0.219287 -0.245102 -0.131118 -0.125476 -0.222783
-0.136314 -0.219878 -0.244904 -0.13949 -0.13424 -0.222522
-0.144294 -0.220306 -0.244323 -0.147937 -0.142862 -0.222102
-0.152677 -0.221035 -0.243632 -0.156288 -0.15099 -0.221517
-0.162304 -0.220773 -0.242875 -0.165741 -0.160162 -0.220962
-0.171322 -0.219357 -0.240275 -0.176149 -0.169399 -0.219537
-0.182451 -0.218141 -0.236674 -0.188649 -0.179954 -0.217783
-0.192504 -0.217411 -0.23497 -0.190142 -0.183781 -0.21642
-0.196989 -0.216331 -0.233315 -0.190661 -0.186715 -0.2156
-0.199672 -0.214166 -0.231945 -0.191449 -0.191133 -0.214358
-0.2049 -0.211921 -0.230801 -0.190974 -0.197186 -0.212741
-0.209736 -0.209523 -0.228348 -0.191091 -0.200729 -0.211037
-0.213778 -0.206728 -0.22466 -0.190661 -0.203681 -0.208118
-0.216522 -0.202477 -0.221024 -0.18936 -0.203607 -0.203688
-0.216366 -0.196265 -0.216568 -0.18747 -0.20396 -0.197891
-0.216999 -0.189623 -0.210933 -0.185013 -0.204727 -0.190749
-0.217307 -0.182022 -0.203979 -0.183362 -0.205931 -0.182848
-0.218309 -0.173806 -0.195786 -0.181449 -0.207292 -0.174716
-0.219826 -0.165036 -0.186494 -0.179034 -0.208408 -0.165978
-0.221334 -0.155835 -0.176548 -0.178197 -0.209882 -0.156536
-0.222305 -0.146681 -0.166588 -0.177742 -0.211356 -0.146917
-0.223173 -0.137286 -0.156662 -0.177092 -0.212424 -0.137406
-0.224793 -0.126371 -0.144915 -0.177254 -0.213807 -0.126353
-0.225953 -0.117681 -0.136372 -0.177819 -0.21497 -0.117712
-0.226879 -0.109657 -0.129119 -0.179216 -0.216589 -0.109895
-0.227718 -0.102477 -0.122998 -0.180645 -0.217609 -0.103044
-0.228547 -0.0961131 -0.117783 -0.182104 -0.218637 -0.0974073
-0.229294 -0.091074 -0.113804 -0.184593 -0.219609 -0.0927982
-0.229867 -0.0877348 -0.111361 -0.187494 -0.220639 -0.0898599
-0.230309 -0.0861186 -0.110461 -0.190256 -0.221287 -0.0885897
-0.230717 -0.0858524 -0.11062 -0.192825 -0.222177 -0.0887703
-0.23134 -0.0870638 -0.112428 -0.195294 -0.223158 -0.0898339
-0.232059 -0.0895001 -0.115853 -0.197561 -0.223963 -0.0920553
-0.232751 -0.0933274 -0.120187 -0.199903 -0.225021 -0.0957546
-0.233449 -0.0985009 -0.125374 -0.20232 -0.225934 -0.100947
-0.233949 -0.104875 -0.131685 -0.204469 -0.226616 -0.107446
-0.234369 -0.111971 -0.139081 -0.206593 -0.227124 -0.115098
-0.234798 -0.121456 -0.148798 -0.208518 -0.227785 -0.124774
-0.235117 -0.129732 -0.157071 -0.210217 -0.228332 -0.132865
-0.23545 -0.138414 -0.16541 -0.211549 -0.228746 -0.141328
-0.235758 -0.147047 -0.173401 -0.212584 -0.228989 -0.149603
-0.235659 -0.155718 -0.181784 -0.212998 -0.229168 -0.157699
-0.233853 -0.166229 -0.195964 -0.209897 -0.227704 -0.16729
-0.232691 -0.177838 -0.213215 -0.208323 -0.226254 -0.177801
-0.232044 -0.188877 -0.222456 -0.206522 -0.2253 -0.186771
-0.231943 -0.198797 -0.229864 -0.203439 -0.225061 -0.195117
-0.231306 -0.204866 -0.234125 -0.199222 -0.225035 -0.203308
-0.229103 -0.203805 -0.233952 -0.194756 -0.223352 -0.206714
-0.226105 -0.204479 -0.232194 -0.191902 -0.218414 -0.206033
-0.220668 -0.20477 -0.229433 -0.190713 -0.212913 -0.206926
-0.214798 -0.205193 -0.228276 -0.187829 -0.206943 -0.208244
-0.20874 -0.204437 -0.228038 -0.182884 -0.201025 -0.208383
-0.201973 -0.204199 -0.232803 -0.176255 -0.194623 -0.208433
-0.193988 -0.204453 -0.235915 -0.168303 -0.186976 -0.208604
-0.185956 -0.202854 -0.234197 -0.159402 -0.17905 -0.208043
-0.177324 -0.201661 -0.233476 -0.150099 -0.16988 -0.20736
-0.167763 -0.201551 -0.233627 -0.141579 -0.160423 -0.206977
-0.157855 -0.201486 -0.232442 -0.134631 -0.150535 -0.2067
-0.147506 -0.201579 -0.232583 -0.128105 -0.140048 -0.206786
-0.137587 -0.201944 -0.233108 -0.122604 -0.129918 -0.207141
-0.128218 -0.202696 -0.233505 -0.117604 -0.121069 -0.207434
-0.120007 -0.203917 -0.234442 -0.112915 -0.113279 -0.207774
-0.113348 -0.205004 -0.235312 -0.109025 -0.106108 -0.208354
-0.108267 -0.206021 -0.23633 -0.106024 -0.100054 -0.209067
-0.1049 -0.207104 -0.237452 -0.10358 -0.0956637 -0.210087
-0.103316 -0.20836 -0.238482 -0.101613 -0.0928911 -0.211061
-0.102757 -0.209386 -0.239835 -0.099879 -0.0917365 -0.211947
-0.103921 -0.210182 -0.241112 -0.0987775 -0.0927567 -0.213088
-0.106384 -0.210791 -0.242281 -0.098504 -0.0954159 -0.213932
-0.110088 -0.211377 -0.243249 -0.0996002 -0.0994859 -0.214503
-0.114742 -0.211793 -0.244147 -0.102121 -0.104679 -0.214912
-0.120713 -0.212253 -0.24523 -0.106 -0.110773 -0.215384
-0.127704 -0.212394 -0.245907 -0.111152 -0.117828 -0.215938
-0.135478 -0.212493 -0.246527 -0.117353 -0.125653 -0.216166
-0.143191 -0.212925 -0.247065 -0.124344 -0.133864 -0.216487
-0.151154 -0.213012 -0.247177 -0.132136 -0.142312 -0.216857
-0.15903 -0.21312 -0.247433 -0.140042 -0.15067 -0.217114
-0.16668 -0.21315 -0.247619 -0.147761 -0.158816 -0.217382
-0.17476 -0.212489 -0.246675 -0.156532 -0.167303 -0.216799
-0.185319 -0.211157 -0.243052 -0.168984 -0.17931 -0.215587
-0.195018 -0.210104 -0.240822 -0.182099 -0.189663 -0.214982
-0.200369 -0.208204 -0.240073 -0.195058 -0.197286 -0.213295
-0.205045 -0.20524 -0.239756 -0.208594 -0.204594 -0.210732
-0.209002 -0.20082 -0.238295 -0.221339 -0.210711 -0.207308
-0.210463 -0.196835 -0.235561 -0.222582 -0.21364 -0.203868
-0.21193 -0.193933 -0.231509 -0.220725 -0.213985 -0.201244
-0.214728 -0.190742 -0.225824 -0.220925 -0.21217 -0.198433
-0.214762 -0.186526 -0.220989 -0.218219 -0.20993 -0.193945
-0.216131 -0.180235 -0.214467 -0.214116 -0.209828 -0.186122
-0.217134 -0.173537 -0.208494 -0.211427 -0.209971 -0.178115
-0.218212 -0.165855 -0.201166 -0.209812 -0.210387 -0.169816
-0.218368 -0.157719 -0.191966 -0.208534 -0.209998 -0.161498
-0.218838 -0.149522 -0.181759 -0.206864 -0.209352 -0.15259
-0.218721 -0.140876 -0.171575 -0.20668 -0.208734 -0.143311
-0.218249 -0.13195 -0.161809 -0.207072 -0.208478 -0.133873
-0.218372 -0.123085 -0.152647 -0.207925 -0.208641 -0.124722
-0.218885 -0.114591 -0.144601 -0.208844 -0.208958 -0.116512
-0.219469 -0.106551 -0.137333 -0.209786 -0.209669 -0.108714
-0.22004 -0.0991308 -0.13132 -0.211379 -0.210931 -0.101452
-0.220629 -0.0925797 -0.126234 -0.212879 -0.212057 -0.0951171
-0.221639 -0.0870248 -0.12179 -0.214477 -0.213495 -0.0901872
-0.222825 -0.0830224 -0.118592 -0.216169 -0.214691 -0.0864525
-0.22388 -0.0807757 -0.117014 -0.217968 -0.215759 -0.0840988
-0.224965 -0.0801718 -0.116563 -0.219799 -0.216815 -0.0833874
-0.22614 -0.0810227 -0.117239 -0.221637 -0.217885 -0.0838566
-0.227432 -0.0831785 -0.119655 -0.223214 -0.218926 -0.0858065
-0.228887 -0.0869487 -0.124139 -0.224865 -0.220246 -0.0900913
-0.229931 -0.0914851 -0.12876 -0.22605 -0.221576 -0.0949683
-0.230786 -0.0973066 -0.134724 -0.227189 -0.222651 -0.101129
-0.231548 -0.104218 -0.141962 -0.228242 -0.223345 -0.108551
-0.232019 -0.112135 -0.149915 -0.229236 -0.223669 -0.116494
-0.232369 -0.120495 -0.15778 -0.230318 -0.223889 -0.124551
-0.232452 -0.128881 -0.165845 -0.231153 -0.224091 -0.132807
-0.232518 -0.137285 -0.17398 -0.231518 -0.224216 -0.141164
-0.232738 -0.145213 -0.181874 -0.231752 -0.224495 -0.149148
-0.231765 -0.154175 -0.192921 -0.229658 -0.223586 -0.158141
-0.230615 -0.164999 -0.204734 -0.22725 -0.222235 -0.168906
-0.230493 -0.175819 -0.213224 -0.225522 -0.221771 -0.179085
-0.23069 -0.186392 -0.218414 -0.222586 -0.221583 -0.189645
-0.229297 -0.187364 -0.223024 -0.219522 -0.220897 -0.198077
-0.226555 -0.190995 -0.224157 -0.216965 -0.216313 -0.19795
-0.222314 -0.193628 -0.22163 -0.215922 -0.210458 -0.199394
-0.217629 -0.194805 -0.220221 -0.214066 -0.20476 -0.201006
-0.212724 -0.195178 -0.218804 -0.210526 -0.20006 -0.200188
-0.207455 -0.195105 -0.217033 -0.204956 -0.196103 -0.198725
-0.201549 -0.195756 -0.215719 -0.198309 -0.190652 -0.197805
-0.194429 -0.195646 -0.215125 -0.190758 -0.183698 -0.197293
-0.185884 -0.195881 -0.214924 -0.182614 -0.175429 -0.197455
-0.176597 -0.196587 -0.214671 -0.17387 -0.166189 -0.197927
-0.166504 -0.197501 -0.214615 -0.164759 -0.156689 -0.198561
-0.155991 -0.198747 -0.214696 -0.155622 -0.146889 -0.199485
-0.145486 -0.20002 -0.215176 -0.146976 -0.136774 -0.200702
-0.133492 -0.201535 -0.216582 -0.137373 -0.124973 -0.202229
-0.124407 -0.202799 -0.217774 -0.130401 -0.115628 -0.203593
-0.11663 -0.204357 -0.219135 -0.124253 -0.1069 -0.205234
-0.109879 -0.206 -0.220302 -0.119171 -0.0991195 -0.207145
-0.104064 -0.207459 -0.221657 -0.115036 -0.0926545 -0.20944
-0.0997424 -0.208695 -0.223254 -0.11161 -0.0880273 -0.211972
-0.0974499 -0.209724 -0.225004 -0.108441 -0.0856407 -0.215705
-0.0968421 -0.210548 -0.226993 -0.106026 -0.0849949 -0.220939
-0.0979876 -0.211677 -0.228506 -0.104636 -0.0860569 -0.223352
-0.100143 -0.213281 -0.229106 -0.105095 -0.0875291 -0.224508
-0.10307 -0.214975 -0.229223 -0.107257 -0.0914272 -0.226325
-0.107249 -0.216522 -0.229546 -0.111083 -0.0961536 -0.228431
-0.112555 -0.217419 -0.230452 -0.116094 -0.102569 -0.229954
-0.119016 -0.218269 -0.230758 -0.121746 -0.110099 -0.230836
-0.126384 -0.219055 -0.231269 -0.127943 -0.118633 -0.231299
-0.134594 -0.219627 -0.231717 -0.134755 -0.127138 -0.231492
-0.143124 -0.219919 -0.231921 -0.14238 -0.135334 -0.231775
-0.151547 -0.220134 -0.232376 -0.150819 -0.143366 -0.231923
-0.161095 -0.22038 -0.232414 -0.160865 -0.152806 -0.232029
-0.168905 -0.220063 -0.231957 -0.169244 -0.160591 -0.23175
-0.179101 -0.218394 -0.228017 -0.181949 -0.170837 -0.230431
-0.190878 -0.217646 -0.224782 -0.195239 -0.182964 -0.229593
-0.199404 -0.217217 -0.223195 -0.205972 -0.189315 -0.228538
-0.205729 -0.215871 -0.221686 -0.215146 -0.193848 -0.226251
-0.209257 -0.212042 -0.220728 -0.224634 -0.198552 -0.223317
-0.212387 -0.207172 -0.219342 -0.230399 -0.202149 -0.219334
-0.214038 -0.202663 -0.217141 -0.230374 -0.20348 -0.215071
-0.213435 -0.199154 -0.213078 -0.229738 -0.204281 -0.210869
-0.212193 -0.195602 -0.208198 -0.228815 -0.206926 -0.206636
-0.210553 -0.191325 -0.202933 -0.226085 -0.207421 -0.201139
-0.210263 -0.184829 -0.197162 -0.223174 -0.207776 -0.194965
-0.21078 -0.176636 -0.19081 -0.220325 -0.208443 -0.187812
-0.211395 -0.167701 -0.183372 -0.218161 -0.209535 -0.179811
-0.212117 -0.15872 -0.17411 -0.216688 -0.21063 -0.171377
-0.212937 -0.149892 -0.163922 -0.215399 -0.21234 -0.162742
-0.213664 -0.139392 -0.151009 -0.215224 -0.215529 -0.152001
-0.213592 -0.13083 -0.141244 -0.215685 -0.217689 -0.142887
-0.213559 -0.122098 -0.13313 -0.215803 -0.218503 -0.134146
-0.214023 -0.113286 -0.12702 -0.216077 -0.219247 -0.125702
-0.215139 -0.104837 -0.122524 -0.216273 -0.22045 -0.118308
-0.216535 -0.0973204 -0.118152 -0.216578 -0.221958 -0.111899
-0.217821 -0.0915532 -0.114198 -0.217485 -0.223299 -0.106608
-0.218792 -0.087787 -0.11054 -0.218477 -0.224193 -0.102468
-0.219755 -0.0858081 -0.107415 -0.219936 -0.224878 -0.0996574
-0.220542 -0.0849678 -0.106149 -0.221449 -0.225423 -0.0986357
-0.221402 -0.0853361 -0.106194 -0.222758 -0.22607 -0.0989686
-0.222479 -0.0867718 -0.107875 -0.223918 -0.226867 -0.100281
-0.223811 -0.0896008 -0.110933 -0.224815 -0.227728 -0.103046
-0.225211 -0.0938025 -0.115448 -0.225527 -0.228438 -0.107131
-0.226689 -0.0992731 -0.120972 -0.226296 -0.229397 -0.112588
-0.227789 -0.105891 -0.127336 -0.227189 -0.230175 -0.119026
-0.228479 -0.11348 -0.134222 -0.228088 -0.230858 -0.126794
-0.229101 -0.121559 -0.142001 -0.228966 -0.231087 -0.135337
-0.229714 -0.130231 -0.149968 -0.22948 -0.231164 -0.143945
-0.230166 -0.138859 -0.157857 -0.23003 -0.231227 -0.152307
-0.230393 -0.149065 -0.167031 -0.230578 -0.231329 -0.16188
-0.230342 -0.15726 -0.175702 -0.229807 -0.230624 -0.170268
-0.229314 -0.166637 -0.189645 -0.226955 -0.228687 -0.180956
-0.228006 -0.175956 -0.204932 -0.225212 -0.226597 -0.187277
-0.225228 -0.177547 -0.212827 -0.224192 -0.223381 -0.187478
-0.222033 -0.17916 -0.218207 -0.223682 -0.220528 -0.189406
-0.21916 -0.179537 -0.225804 -0.222685 -0.21636 -0.190187
-0.216014 -0.179379 -0.228305 -0.221071 -0.212561 -0.190499
-0.213027 -0.17849 -0.228073 -0.218392 -0.210062 -0.189295
-0.210032 -0.17762 -0.228478 -0.214332 -0.206953 -0.187809
-0.20583 -0.177582 -0.228622 -0.209151 -0.202622 -0.186467
-0.199651 -0.178032 -0.227384 -0.202923 -0.196557 -0.186449
-0.192256 -0.179538 -0.227015 -0.195942 -0.188991 -0.187282
-0.183456 -0.181908 -0.227948 -0.188046 -0.180549 -0.188976
-0.174028 -0.183878 -0.227683 -0.17931 -0.171558 -0.19041
-0.164498 -0.185965 -0.22767 -0.169487 -0.162342 -0.191819
-0.154881 -0.188161 -0.228086 -0.159707 -0.153015 -0.193505
-0.14523 -0.190084 -0.22865 -0.150092 -0.143177 -0.195034
-0.135938 -0.191717 -0.229739 -0.141354 -0.133665 -0.196593
-0.126973 -0.193578 -0.231108 -0.133518 -0.124349 -0.198213
-0.118456 -0.196052 -0.231775 -0.127037 -0.115367 -0.199987
-0.110581 -0.198644 -0.232363 -0.121619 -0.106996 -0.20204
-0.102252 -0.201368 -0.233526 -0.116538 -0.0989394 -0.20478
-0.0969629 -0.203478 -0.234537 -0.112869 -0.094304 -0.206757
-0.093998 -0.205689 -0.23573 -0.109339 -0.0917163 -0.208602
-0.092956 -0.207687 -0.236868 -0.106583 -0.0906547 -0.210231
-0.093155 -0.209561 -0.237491 -0.105006 -0.0912834 -0.211858
-0.0946054 -0.211472 -0.237997 -0.104529 -0.0932941 -0.213444
-0.0975117 -0.213058 -0.238617 -0.105819 -0.0968506 -0.21518
-0.101327 -0.214517 -0.239022 -0.108195 -0.101866 -0.216739
-0.106576 -0.215883 -0.23934 -0.112123 -0.107887 -0.218186
-0.112849 -0.217247 -0.239684 -0.117489 -0.114799 -0.219208
-0.120138 -0.218409 -0.239804 -0.123882 -0.122467 -0.220078
-0.128246 -0.219309 -0.240024 -0.130755 -0.130403 -0.220575
-0.136803 -0.21995 -0.240065 -0.138318 -0.138547 -0.220989
-0.145301 -0.220296 -0.240169 -0.146664 -0.146596 -0.221278
-0.153493 -0.220655 -0.240134 -0.154922 -0.154686 -0.22143
-0.161187 -0.220522 -0.24007 -0.162875 -0.16258 -0.221388
-0.169488 -0.219784 -0.238176 -0.172741 -0.171429 -0.220262
-0.180268 -0.218872 -0.234172 -0.185168 -0.183114 -0.218734
-0.190891 -0.21798 -0.232349 -0.197183 -0.18898 -0.217719
-0.201401 -0.215119 -0.232208 -0.211063 -0.192883 -0.215586
-0.208981 -0.211467 -0.231489 -0.213975 -0.198457 -0.212397
-0.215374 -0.208398 -0.22966 -0.215617 -0.204261 -0.209742
-0.216757 -0.204608 -0.225914 -0.216844 -0.208646 -0.207402
-0.217031 -0.200956 -0.222763 -0.215443 -0.210148 -0.203415
-0.216544 -0.196688 -0.219192 -0.213477 -0.209202 -0.198258
-0.217486 -0.191625 -0.214918 -0.210425 -0.208879 -0.192934
-0.218942 -0.185411 -0.208898 -0.206591 -0.209045 -0.187101
-0.221249 -0.177993 -0.200878 -0.203228 -0.209284 -0.180139
-0.22464 -0.169988 -0.191656 -0.20059 -0.209341 -0.172442
-0.228683 -0.161544 -0.181653 -0.1987 -0.209341 -0.163943
-0.230248 -0.152467 -0.171101 -0.197355 -0.20892 -0.154941
-0.229542 -0.143041 -0.16143 -0.196204 -0.208453 -0.145595
-0.229926 -0.134044 -0.152733 -0.195096 -0.208433 -0.136009
-0.230269 -0.12523 -0.144747 -0.194109 -0.209095 -0.126607
-0.230231 -0.117468 -0.13781 -0.193454 -0.209278 -0.117585
-0.229919 -0.110075 -0.131527 -0.193297 -0.209775 -0.108963
-0.229795 -0.103461 -0.125875 -0.194086 -0.209995 -0.101761
-0.229924 -0.0977158 -0.120857 -0.194651 -0.210006 -0.0960063
-0.230266 -0.0926475 -0.116802 -0.195649 -0.210226 -0.091779
-0.230262 -0.0890194 -0.114197 -0.197452 -0.210964 -0.0890375
-0.230278 -0.087042 -0.113028 -0.199433 -0.211635 -0.0878719
-0.230372 -0.0866691 -0.112984 -0.201607 -0.21253 -0.0885359
-0.23085 -0.0879941 -0.11447 -0.203234 -0.213521 -0.0899853
-0.23146 -0.0906185 -0.117546 -0.205045 -0.214875 -0.0920993
-0.232064 -0.0943892 -0.121419 -0.206752 -0.216045 -0.0954502
-0.232651 -0.0995008 -0.126148 -0.208447 -0.217048 -0.100234
-0.23303 -0.105687 -0.131871 -0.210173 -0.21774 -0.106466
-0.233463 -0.112713 -0.138682 -0.212017 -0.218426 -0.113711
-0.233723 -0.120284 -0.146121 -0.213692 -0.219202 -0.121818
-0.233804 -0.128316 -0.154228 -0.215084 -0.219704 -0.130219
-0.234072 -0.136547 -0.162191 -0.216402 -0.220224 -0.138569
-0.234256 -0.144873 -0.170084 -0.21735 -0.220964 -0.146756
-0.234466 -0.152933 -0.177651 -0.2178 -0.221405 -0.154601
-0.233077 -0.162964 -0.190688 -0.215361 -0.220751 -0.163396
-0.231727 -0.174775 -0.208266 -0.21369 -0.219755 -0.17283
-0.230451 -0.186576 -0.222339 -0.21315 -0.218569 -0.18106
-0.229921 -0.1979 -0.229623 -0.211336 -0.218021 -0.188987
-0.228774 -0.203979 -0.233689 -0.208426 -0.217669 -0.1964
-0.226074 -0.204165 -0.234625 -0.204857 -0.21605 -0.203272
-0.224407 -0.209839 -0.233918 -0.200727 -0.21264 -0.209732
-0.220406 -0.211334 -0.233784 -0.196146 -0.208041 -0.216276
-0.214967 -0.216751 -0.235845 -0.191266 -0.201659 -0.218268
-0.205556 -0.217528 -0.240337 -0.185696 -0.191845 -0.222514
-0.19732 -0.21651 -0.23808 -0.179329 -0.183436 -0.22817
-0.189947 -0.212898 -0.234334 -0.171065 -0.174661 -0.229469
-0.182394 -0.209338 -0.231419 -0.161853 -0.166545 -0.227368
-0.173492 -0.207295 -0.227078 -0.153153 -0.15819 -0.223995
-0.16371 -0.205422 -0.223157 -0.144815 -0.149186 -0.222129
-0.153593 -0.203306 -0.221691 -0.137522 -0.139144 -0.221049
-0.143679 -0.201957 -0.220523 -0.131191 -0.129348 -0.220751
-0.134493 -0.201155 -0.219521 -0.125226 -0.120611 -0.2205
-0.126382 -0.201123 -0.219224 -0.119966 -0.112493 -0.220365
-0.11938 -0.20128 -0.219725 -0.115126 -0.105237 -0.22045
-0.113307 -0.201586 -0.22107 -0.110965 -0.0987544 -0.220521
-0.108017 -0.202328 -0.222306 -0.10755 -0.0932178 -0.220919
-0.103914 -0.203596 -0.223698 -0.10491 -0.0891387 -0.221456
-0.102007 -0.20527 -0.2252 -0.102616 -0.0868407 -0.22209
-0.101456 -0.206728 -0.226742 -0.100902 -0.0862663 -0.223239
-0.102523 -0.208006 -0.228767 -0.100152 -0.0872586 -0.224589
-0.105106 -0.209418 -0.230188 -0.100658 -0.0897928 -0.226031
-0.109036 -0.211173 -0.231081 -0.102489 -0.0937627 -0.227281
-0.11396 -0.212797 -0.232033 -0.105673 -0.0986738 -0.22885
-0.119813 -0.213941 -0.233282 -0.109627 -0.10438 -0.230397
-0.126531 -0.214779 -0.234485 -0.114878 -0.111143 -0.231702
-0.133895 -0.215416 -0.235514 -0.120916 -0.11887 -0.232485
-0.142695 -0.216117 -0.236318 -0.128527 -0.128743 -0.233259
-0.150188 -0.21686 -0.236903 -0.135586 -0.136854 -0.233896
-0.157802 -0.217518 -0.237261 -0.143495 -0.144698 -0.23431
-0.165389 -0.217971 -0.23747 -0.15124 -0.152172 -0.234716
-0.173113 -0.217689 -0.23687 -0.160114 -0.160053 -0.234383
-0.182776 -0.216755 -0.233312 -0.173137 -0.171412 -0.23274
-0.190453 -0.216218 -0.231193 -0.187084 -0.180268 -0.231628
-0.193007 -0.214128 -0.231006 -0.200794 -0.18652 -0.230152
-0.196422 -0.211838 -0.230368 -0.204216 -0.193128 -0.22765
-0.197767 -0.209908 -0.228915 -0.204032 -0.198298 -0.225111
-0.198319 -0.207289 -0.225441 -0.205065 -0.202177 -0.223251
-0.197745 -0.204521 -0.221804 -0.204487 -0.205619 -0.220409
-0.196479 -0.200823 -0.217853 -0.202908 -0.208303 -0.216437
-0.196254 -0.19535 -0.213735 -0.201959 -0.209037 -0.211001
-0.196817 -0.188151 -0.208333 -0.19977 -0.210091 -0.204669
-0.198284 -0.180262 -0.201615 -0.197836 -0.212114 -0.197343
-0.200556 -0.170381 -0.191468 -0.196637 -0.215363 -0.187601
-0.201598 -0.161817 -0.181583 -0.19561 -0.21827 -0.178914
-0.202687 -0.152956 -0.171427 -0.19523 -0.219618 -0.169471
-0.204047 -0.14356 -0.161655 -0.194731 -0.220785 -0.160015
-0.205194 -0.134044 -0.152354 -0.194719 -0.222135 -0.150536
-0.206144 -0.124933 -0.144227 -0.194879 -0.223844 -0.141483
-0.20776 -0.116063 -0.136788 -0.195424 -0.22539 -0.132917
-0.209306 -0.108144 -0.130114 -0.196333 -0.226921 -0.125061
-0.210367 -0.101118 -0.124432 -0.197816 -0.228373 -0.117905
-0.21146 -0.0951952 -0.119397 -0.200002 -0.229082 -0.111966
-0.212645 -0.0906895 -0.114856 -0.201987 -0.229512 -0.107178
-0.213384 -0.0873722 -0.111353 -0.20433 -0.229765 -0.103362
-0.213998 -0.0850704 -0.109306 -0.206633 -0.229905 -0.100965
-0.214671 -0.0838628 -0.108591 -0.209057 -0.230195 -0.100408
-0.21552 -0.0841589 -0.108957 -0.211034 -0.23053 -0.100931
-0.216475 -0.0858153 -0.111122 -0.212801 -0.231157 -0.102773
-0.217856 -0.0889362 -0.114634 -0.214252 -0.231843 -0.10602
-0.219206 -0.0932603 -0.119451 -0.21585 -0.232539 -0.110487
-0.220316 -0.0987408 -0.125347 -0.217355 -0.232926 -0.11624
-0.221136 -0.105616 -0.131995 -0.218957 -0.233242 -0.123292
-0.221887 -0.114774 -0.141048 -0.220719 -0.2335 -0.133092
-0.222448 -0.122873 -0.149089 -0.221772 -0.233372 -0.1415
-0.223137 -0.131088 -0.157165 -0.222604 -0.233402 -0.149808
-0.223885 -0.139371 -0.16511 -0.223496 -0.233421 -0.157873
-0.224644 -0.14747 -0.172737 -0.223967 -0.23359 -0.16569
-0.22388 -0.156715 -0.183737 -0.221956 -0.232618 -0.174732
-0.222578 -0.167479 -0.200061 -0.219662 -0.231129 -0.185022
-0.221698 -0.178215 -0.215546 -0.218734 -0.229646 -0.194585
-0.221305 -0.188925 -0.222533 -0.216439 -0.228247 -0.203751
-0.22055 -0.198357 -0.224637 -0.213268 -0.227075 -0.211373
-0.219384 -0.207683 -0.225238 -0.209397 -0.226473 -0.209932
-0.215999 -0.214798 -0.224386 -0.205528 -0.224278 -0.207748
-0.211315 -0.222948 -0.222196 -0.201941 -0.220992 -0.206337
-0.204949 -0.22981 -0.21999 -0.197542 -0.21451 -0.205441
-0.19748 -0.229596 -0.218895 -0.193306 -0.208051 -0.204836
-0.191502 -0.22948 -0.217525 -0.187542 -0.200667 -0.203618
-0.184008 -0.228913 -0.216525 -0.179955 -0.192524 -0.203093
-0.176288 -0.228452 -0.216669 -0.171557 -0.183889 -0.202194
-0.167388 -0.22831 -0.216645 -0.162295 -0.175054 -0.201272
-0.157585 -0.228665 -0.21705 -0.153032 -0.165415 -0.200817
-0.147128 -0.229073 -0.218329 -0.144449 -0.154982 -0.200558
-0.135999 -0.229748 -0.221667 -0.136782 -0.144285 -0.201225
-0.125368 -0.23065 -0.223062 -0.129886 -0.1336 -0.202163
-0.115526 -0.231344 -0.223534 -0.123683 -0.124172 -0.203113
-0.107381 -0.23167 -0.224696 -0.118103 -0.116345 -0.203706
-0.100867 -0.232124 -0.225952 -0.113203 -0.109839 -0.203865
-0.0956943 -0.232583 -0.226677 -0.109308 -0.104345 -0.204386
-0.0924142 -0.232778 -0.228309 -0.106164 -0.100614 -0.205067
-0.090614 -0.233064 -0.22945 -0.103974 -0.0984392 -0.205498
-0.0901417 -0.233339 -0.230928 -0.102394 -0.0982689 -0.206017
-0.0910519 -0.233349 -0.232224 -0.101876 -0.0996845 -0.20647
-0.0934279 -0.233085 -0.233368 -0.102937 -0.10264 -0.206765
-0.0972307 -0.232913 -0.234326 -0.105103 -0.10694 -0.206992
-0.10248 -0.232749 -0.235071 -0.108303 -0.111986 -0.207221
-0.108503 -0.232521 -0.235369 -0.112873 -0.117817 -0.207947
-0.115453 -0.232427 -0.235698 -0.118895 -0.124477 -0.208805
-0.122892 -0.232314 -0.236078 -0.125814 -0.131533 -0.209498
-0.13036 -0.232147 -0.236258 -0.132867 -0.13912 -0.210167
-0.138076 -0.231907 -0.236755 -0.140328 -0.147269 -0.210721
-0.145779 -0.231466 -0.237797 -0.148027 -0.155449 -0.211107
-0.153297 -0.231026 -0.239158 -0.155472 -0.16327 -0.21142
-0.160683 -0.230145 -0.240953 -0.163404 -0.170974 -0.211443
-0.17061 -0.229024 -0.239884 -0.175229 -0.181057 -0.21032
-0.182336 -0.22812 -0.237053 -0.18711 -0.190544 -0.20971
-0.188708 -0.226242 -0.235065 -0.198745 -0.199327 -0.20901
-0.191434 -0.222952 -0.233973 -0.207535 -0.207308 -0.206948
-0.195523 -0.220034 -0.233433 -0.211926 -0.211853 -0.203394
-0.20057 -0.217123 -0.231869 -0.215878 -0.212979 -0.199456
-0.201627 -0.212754 -0.228767 -0.217328 -0.212511 -0.195637
-0.20307 -0.208134 -0.22368 -0.216134 -0.211894 -0.191193
-0.203945 -0.204072 -0.217893 -0.215582 -0.210585 -0.187337
-0.204585 -0.199131 -0.211179 -0.213523 -0.209932 -0.181694
-0.205351 -0.192672 -0.203978 -0.211709 -0.210182 -0.174457
-0.206926 -0.185071 -0.196015 -0.211044 -0.210787 -0.166302
-0.208348 -0.177025 -0.187013 -0.210358 -0.211317 -0.157541
-0.210135 -0.168354 -0.176963 -0.210033 -0.211885 -0.148476
-0.212077 -0.15946 -0.166595 -0.21044 -0.212412 -0.139184
-0.21367 -0.15026 -0.156486 -0.210962 -0.212792 -0.129819
-0.21536 -0.140921 -0.147086 -0.211751 -0.213614 -0.120456
-0.217288 -0.131897 -0.138848 -0.212592 -0.214724 -0.11159
-0.21909 -0.123591 -0.13179 -0.213498 -0.216219 -0.103142
-0.220829 -0.11636 -0.126048 -0.214552 -0.217613 -0.0952302
-0.222559 -0.110241 -0.120944 -0.21566 -0.219012 -0.0882848
-0.223756 -0.105178 -0.116361 -0.217367 -0.220091 -0.0827026
-0.224567 -0.101167 -0.112495 -0.218748 -0.220827 -0.078694
-0.22521 -0.0986357 -0.11027 -0.220436 -0.221463 -0.0764932
-0.225708 -0.0974174 -0.109546 -0.221996 -0.221908 -0.0760045
-0.226382 -0.0978443 -0.109831 -0.223504 -0.222388 -0.0762849
-0.227331 -0.0999837 -0.112507 -0.224836 -0.223318 -0.07853
-0.228011 -0.10295 -0.11631 -0.225893 -0.224079 -0.0820502
-0.228569 -0.107292 -0.120892 -0.226616 -0.224855 -0.0868279
-0.229462 -0.112673 -0.126656 -0.22721 -0.22553 -0.0928066
-0.230875 -0.119562 -0.133473 -0.227929 -0.226068 -0.0996994
-0.23201 -0.127492 -0.141395 -0.228506 -0.226416 -0.107536
-0.23285 -0.13618 -0.149204 -0.229056 -0.226575 -0.115621
-0.233362 -0.144841 -0.157103 -0.229581 -0.22678 -0.124067
-0.23422 -0.153256 -0.164938 -0.229818 -0.226766 -0.132581
-0.235418 -0.158907 -0.172332 -0.229929 -0.226772 -0.140806
-0.235899 -0.161242 -0.181594 -0.22888 -0.225423 -0.149613
-0.233929 -0.164229 -0.196846 -0.22691 -0.222217 -0.160108
-0.231289 -0.164866 -0.210259 -0.226034 -0.218838 -0.17028
-0.230124 -0.165122 -0.21696 -0.225146 -0.21638 -0.179496
-0.229739 -0.164161 -0.223891 -0.223743 -0.214578 -0.187994
-0.228801 -0.163557 -0.232124 -0.221444 -0.212709 -0.196232
-0.226715 -0.163545 -0.235103 -0.218511 -0.210579 -0.204188
-0.223806 -0.162277 -0.233872 -0.215426 -0.206158 -0.206879
-0.218729 -0.162635 -0.235883 -0.211729 -0.199854 -0.207325
-0.211935 -0.164544 -0.234092 -0.20682 -0.194937 -0.207861
-0.204378 -0.165145 -0.231381 -0.200398 -0.188823 -0.207959
-0.196489 -0.165515 -0.230685 -0.192687 -0.182564 -0.207767
-0.188341 -0.166552 -0.229201 -0.184215 -0.175841 -0.20687
-0.178405 -0.168173 -0.22727 -0.172856 -0.16589 -0.206162
-0.169446 -0.169653 -0.227047 -0.163406 -0.156544 -0.206187
-0.159647 -0.171473 -0.227368 -0.154033 -0.146814 -0.206546
-0.149628 -0.173473 -0.228196 -0.144994 -0.137235 -0.206827
-0.139813 -0.17562 -0.22905 -0.136921 -0.127822 -0.207295
-0.130455 -0.177875 -0.229709 -0.130055 -0.119055 -0.208327
-0.121507 -0.180675 -0.230667 -0.124272 -0.110649 -0.209777
-0.113523 -0.183297 -0.231603 -0.119713 -0.10311 -0.211451
-0.106815 -0.185554 -0.232819 -0.115479 -0.0969971 -0.213227
-0.101854 -0.187732 -0.234201 -0.111823 -0.0928935 -0.21497
-0.0988385 -0.189846 -0.235871 -0.108687 -0.0906002 -0.216345
-0.0979247 -0.192017 -0.237224 -0.106379 -0.0896915 -0.217389
-0.0982814 -0.193881 -0.23827 -0.105068 -0.0902404 -0.218445
-0.100008 -0.196103 -0.239268 -0.105025 -0.0921715 -0.219666
-0.103016 -0.198339 -0.239922 -0.106588 -0.0953988 -0.220904
-0.107302 -0.200451 -0.24026 -0.109616 -0.0998244 -0.221991
-0.11265 -0.202563 -0.240768 -0.113971 -0.105211 -0.222928
-0.119037 -0.204664 -0.240954 -0.119385 -0.111622 -0.223687
-0.126146 -0.20649 -0.241145 -0.125659 -0.11898 -0.22408
-0.134056 -0.207787 -0.241378 -0.132517 -0.126726 -0.224273
-0.142343 -0.209023 -0.241507 -0.139777 -0.134652 -0.224484
-0.150619 -0.21005 -0.241638 -0.147543 -0.142601 -0.224651
-0.158792 -0.210924 -0.241515 -0.155447 -0.150422 -0.224583
-0.166506 -0.211542 -0.241343 -0.163218 -0.158082 -0.224105
-0.177213 -0.211648 -0.237921 -0.175379 -0.171102 -0.222102
-0.187733 -0.211838 -0.235513 -0.186087 -0.183463 -0.220684
-0.195808 -0.211499 -0.23529 -0.196465 -0.18823 -0.21908
-0.201769 -0.208845 -0.23555 -0.207071 -0.192392 -0.216743
-0.203013 -0.2038 -0.235762 -0.217533 -0.198935 -0.214061
-0.203597 -0.199614 -0.234018 -0.218961 -0.204355 -0.210716
-0.202138 -0.196996 -0.230558 -0.218625 -0.206513 -0.208068
-0.201059 -0.194677 -0.224997 -0.219579 -0.209188 -0.205173
-0.199162 -0.191118 -0.219683 -0.218346 -0.21007 -0.201448
-0.198654 -0.185445 -0.214598 -0.216028 -0.209963 -0.196
-0.199014 -0.177522 -0.208915 -0.213572 -0.210826 -0.18957
-0.199775 -0.168926 -0.202419 -0.212341 -0.212697 -0.181932
-0.200783 -0.160065 -0.194192 -0.211642 -0.214383 -0.173873
-0.201784 -0.151179 -0.184292 -0.210756 -0.215564 -0.165316
-0.202694 -0.142282 -0.173764 -0.210878 -0.216376 -0.156212
-0.203542 -0.13331 -0.163318 -0.211621 -0.217163 -0.146743
-0.204667 -0.12438 -0.153064 -0.212969 -0.217872 -0.137049
-0.205975 -0.115553 -0.144555 -0.214119 -0.218841 -0.127795
-0.207806 -0.106731 -0.137464 -0.215409 -0.21988 -0.119018
-0.210033 -0.0982409 -0.13159 -0.216511 -0.221233 -0.110954
-0.21192 -0.0904818 -0.126833 -0.217807 -0.222896 -0.104015
-0.21364 -0.0840774 -0.122648 -0.219353 -0.224548 -0.0982317
-0.215183 -0.0781696 -0.118028 -0.221435 -0.225864 -0.0932144
-0.216212 -0.0751706 -0.114837 -0.223546 -0.22659 -0.0905636
-0.217122 -0.0736917 -0.113329 -0.225349 -0.226964 -0.0895278
-0.218321 -0.0737537 -0.11312 -0.227071 -0.227425 -0.0892138
-0.219833 -0.0753218 -0.114626 -0.22835 -0.228046 -0.0902422
-0.221169 -0.0782513 -0.11799 -0.229658 -0.22846 -0.0927287
-0.222097 -0.0824998 -0.122644 -0.230713 -0.229011 -0.0968289
-0.222986 -0.0878773 -0.128201 -0.2317 -0.22932 -0.102244
-0.223976 -0.0942673 -0.134458 -0.232491 -0.229657 -0.108759
-0.224976 -0.101864 -0.141751 -0.233306 -0.229953 -0.116019
-0.225571 -0.109936 -0.14946 -0.233868 -0.230102 -0.124013
-0.226194 -0.118435 -0.157277 -0.234533 -0.230192 -0.13239
-0.226313 -0.126914 -0.164835 -0.235068 -0.230041 -0.140916
-0.226509 -0.135239 -0.172264 -0.235572 -0.229792 -0.149033
-0.226642 -0.143485 -0.179983 -0.23546 -0.229196 -0.157332
-0.225924 -0.152579 -0.19224 -0.232787 -0.22687 -0.168173
-0.225123 -0.16228 -0.207089 -0.231081 -0.224241 -0.180468
-0.22385 -0.172077 -0.219809 -0.229415 -0.222051 -0.192835
-0.222176 -0.18116 -0.228391 -0.227213 -0.219752 -0.204851
-0.221065 -0.187937 -0.230629 -0.224314 -0.216596 -0.214233
-0.21882 -0.194807 -0.230441 -0.220808 -0.213289 -0.212495
-0.214922 -0.202519 -0.2296 -0.217372 -0.210294 -0.211159
-0.209622 -0.210616 -0.226923 -0.213201 -0.206188 -0.209888
-0.203837 -0.218753 -0.224343 -0.208667 -0.201159 -0.208612
-0.197981 -0.225111 -0.222774 -0.203671 -0.196288 -0.207066
-0.190488 -0.223941 -0.220435 -0.197352 -0.190207 -0.205059
-0.181755 -0.224212 -0.217225 -0.188299 -0.180765 -0.202678
-0.172589 -0.223917 -0.214795 -0.179973 -0.171675 -0.202092
-0.163622 -0.224058 -0.214496 -0.17102 -0.162203 -0.201427
-0.15366 -0.224111 -0.214004 -0.161594 -0.153326 -0.200703
-0.143636 -0.224903 -0.213717 -0.152266 -0.144356 -0.200403
-0.133528 -0.225609 -0.214074 -0.143558 -0.135588 -0.200446
-0.123709 -0.226017 -0.21433 -0.135971 -0.126535 -0.201129
-0.114513 -0.226483 -0.215139 -0.129425 -0.118584 -0.20208
-0.105994 -0.226983 -0.216738 -0.123809 -0.111315 -0.203164
-0.098913 -0.227758 -0.217868 -0.119066 -0.104991 -0.204424
-0.0935989 -0.228341 -0.219544 -0.115083 -0.100144 -0.205655
-0.0899213 -0.228864 -0.221012 -0.111965 -0.0969099 -0.206264
-0.0887327 -0.229218 -0.222814 -0.109512 -0.0950793 -0.206701
-0.0888616 -0.229566 -0.225073 -0.107869 -0.0944001 -0.207072
-0.0903192 -0.229852 -0.22846 -0.107502 -0.0951532 -0.207632
-0.0926549 -0.230018 -0.232614 -0.108875 -0.0970822 -0.208319
-0.0963793 -0.229904 -0.232612 -0.111359 -0.100928 -0.208775
-0.101411 -0.22962 -0.232234 -0.115047 -0.106163 -0.208972
-0.107835 -0.229222 -0.232935 -0.120025 -0.112519 -0.208689
-0.116863 -0.229004 -0.232702 -0.127699 -0.121625 -0.208142
-0.125359 -0.228678 -0.233016 -0.134751 -0.129429 -0.207898
-0.133944 -0.228223 -0.233335 -0.142991 -0.137186 -0.207874
-0.142019 -0.227919 -0.233028 -0.151322 -0.145172 -0.207965
-0.149846 -0.227674 -0.233029 -0.159471 -0.153113 -0.207984
-0.157379 -0.227326 -0.233346 -0.167336 -0.157983 -0.207954
-0.165838 -0.225932 -0.232462 -0.175863 -0.161399 -0.206269
-0.177539 -0.224034 -0.230059 -0.186375 -0.16678 -0.204697
-0.188945 -0.221914 -0.230234 -0.197889 -0.169162 -0.203931
-0.197793 -0.219041 -0.231471 -0.21122 -0.169489 -0.203186
-0.20538 -0.215044 -0.230739 -0.222514 -0.170007 -0.201963
-0.211909 -0.211476 -0.229186 -0.224836 -0.169477 -0.200998
-0.212765 -0.207946 -0.225988 -0.231221 -0.168271 -0.199366
-0.21486 -0.204344 -0.2219 -0.233104 -0.168518 -0.195787
-0.214517 -0.201526 -0.218427 -0.231215 -0.169291 -0.190456
-0.213991 -0.197376 -0.213369 -0.231214 -0.17058 -0.184154
-0.214185 -0.191919 -0.206901 -0.230097 -0.170833 -0.177685
-0.215747 -0.185191 -0.198887 -0.22862 -0.170904 -0.170511
-0.219501 -0.177599 -0.189441 -0.227588 -0.171344 -0.162803
-0.221053 -0.169143 -0.179321 -0.227047 -0.171775 -0.154239
-0.2225 -0.158483 -0.167065 -0.226906 -0.172865 -0.143078
-0.223477 -0.149379 -0.156961 -0.227065 -0.173765 -0.133391
-0.224504 -0.140201 -0.147364 -0.227412 -0.174588 -0.123561
-0.225605 -0.13123 -0.13858 -0.228017 -0.175403 -0.114052
-0.226568 -0.122735 -0.130969 -0.228932 -0.176441 -0.104835
-0.227102 -0.114749 -0.124573 -0.229787 -0.177975 -0.0963003
-0.227813 -0.10746 -0.119129 -0.230747 -0.179692 -0.0885844
-0.228899 -0.100975 -0.114883 -0.231721 -0.181636 -0.0820965
-0.229868 -0.095731 -0.111364 -0.23284 -0.183766 -0.0770317
-0.230453 -0.0918591 -0.108424 -0.234063 -0.185962 -0.0736745
-0.234717 -0.0960805 -0.113482 -0.238237 -0.195663 -0.0779362
-0.235195 -0.101275 -0.118312 -0.23897 -0.197961 -0.082953
-0.23527 -0.107757 -0.123924 -0.239818 -0.200953 -0.0894049
-0.235096 -0.11514 -0.130218 -0.240653 -0.204569 -0.0969728
-0.234524 -0.123553 -0.137077 -0.241261 -0.208505 -0.104929
-0.233488 -0.132363 -0.144492 -0.241692 -0.211763 -0.11295
-0.232579 -0.140752 -0.152429 -0.241798 -0.216266 -0.12067
-0.231641 -0.148767 -0.160659 -0.241516 -0.218333 -0.128525
-0.231351 -0.156463 -0.168502 -0.240974 -0.220381 -0.136042
-0.230534 -0.164301 -0.178427 -0.238747 -0.221048 -0.145606
-0.228663 -0.173419 -0.193942 -0.235497 -0.219759 -0.157866
-0.226622 -0.182922 -0.20968 -0.233683 -0.218061 -0.17121
-0.224174 -0.192631 -0.220523 -0.231299 -0.216364 -0.18458
-0.222605 -0.200535 -0.223167 -0.227948 -0.214996 -0.197945
-0.221463 -0.205773 -0.223659 -0.223272 -0.213948 -0.20587
-0.219402 -0.212003 -0.222763 -0.2191 -0.209914 -0.202522
-0.214776 -0.215011 -0.220807 -0.214925 -0.207556 -0.201121
-0.207684 -0.216281 -0.217496 -0.21232 -0.201047 -0.201204
-0.202115 -0.21837 -0.216821 -0.20905 -0.194137 -0.201079
-0.195874 -0.217009 -0.215884 -0.204023 -0.187643 -0.199988
-0.189982 -0.21678 -0.213942 -0.197214 -0.180694 -0.198626
-0.18292 -0.216594 -0.212862 -0.18963 -0.172834 -0.197648
-0.175133 -0.216506 -0.21247 -0.18122 -0.16387 -0.197417
-0.16607 -0.216113 -0.212531 -0.172341 -0.154536 -0.197253
-0.154599 -0.215804 -0.213141 -0.161393 -0.142584 -0.197367
-0.144648 -0.215695 -0.213838 -0.15256 -0.132652 -0.197936
-0.134754 -0.215707 -0.214819 -0.144248 -0.123068 -0.199206
-0.125282 -0.215955 -0.21596 -0.136716 -0.113919 -0.200905
-0.116589 -0.21635 -0.217255 -0.130519 -0.105704 -0.202804
-0.109132 -0.216859 -0.218604 -0.12523 -0.0983345 -0.204921
-0.103324 -0.217525 -0.22024 -0.120809 -0.0925792 -0.207085
-0.0990901 -0.217951 -0.221914 -0.116964 -0.0883865 -0.209015
-0.0968744 -0.218258 -0.223648 -0.113952 -0.0856498 -0.210515
-0.0960619 -0.218783 -0.225513 -0.111623 -0.0842468 -0.211807
-0.0969487 -0.219484 -0.227065 -0.110576 -0.0843127 -0.213022
-0.0990681 -0.220143 -0.228224 -0.111343 -0.0856309 -0.214492
-0.102438 -0.221071 -0.229423 -0.113498 -0.0885281 -0.216128
-0.106662 -0.221875 -0.230473 -0.116973 -0.0929824 -0.217816
-0.111962 -0.222505 -0.23144 -0.121928 -0.0987123 -0.219443
-0.118229 -0.222919 -0.232365 -0.127889 -0.105317 -0.220622
-0.125379 -0.223113 -0.233561 -0.134497 -0.112847 -0.221569
-0.133431 -0.223205 -0.234233 -0.141703 -0.121095 -0.222234
-0.141814 -0.223333 -0.234614 -0.149827 -0.129453 -0.222906
-0.150038 -0.22331 -0.235007 -0.15846 -0.137515 -0.223768
-0.15776 -0.223005 -0.23535 -0.167003 -0.145538 -0.224518
-0.165249 -0.222645 -0.235686 -0.175154 -0.153215 -0.225009
-0.174082 -0.221363 -0.233247 -0.185778 -0.161725 -0.224261
-0.185953 -0.219873 -0.230124 -0.198 -0.167594 -0.223383
-0.197209 -0.218063 -0.229448 -0.20941 -0.170986 -0.222889
-0.204808 -0.214797 -0.229694 -0.221796 -0.17286 -0.221921
-0.205805 -0.208522 -0.229029 -0.229146 -0.17736 -0.219102
-0.206654 -0.205786 -0.227321 -0.228428 -0.179659 -0.216729
-0.206938 -0.203697 -0.223561 -0.228487 -0.180418 -0.214004
-0.206701 -0.201547 -0.219223 -0.228456 -0.182211 -0.210491
-0.205495 -0.198391 -0.214317 -0.227109 -0.186883 -0.205607
-0.205416 -0.193428 -0.208248 -0.226457 -0.191731 -0.199756
-0.205406 -0.186755 -0.200885 -0.225529 -0.199038 -0.192828
-0.204745 -0.179074 -0.193065 -0.224465 -0.204086 -0.184735
-0.204797 -0.170335 -0.184817 -0.22348 -0.209102 -0.175726
-0.205357 -0.160918 -0.175958 -0.221211 -0.210615 -0.166545
-0.20648 -0.150943 -0.167074 -0.219021 -0.212594 -0.156812
-0.208238 -0.14106 -0.157884 -0.217257 -0.214876 -0.147089
-0.210132 -0.1318 -0.149172 -0.21576 -0.216744 -0.137521
-0.211672 -0.123309 -0.140215 -0.215595 -0.218157 -0.128398
-0.212829 -0.115976 -0.132075 -0.215496 -0.219122 -0.120012
-0.213799 -0.109223 -0.125091 -0.216323 -0.220022 -0.112528
-0.214473 -0.10318 -0.119897 -0.217304 -0.220999 -0.105804
-0.215279 -0.0974126 -0.115841 -0.218252 -0.222472 -0.0999548
-0.216121 -0.0924155 -0.112821 -0.21901 -0.224505 -0.0954079
-0.21731 -0.0890484 -0.111157 -0.219628 -0.226632 -0.0925884
-0.219038 -0.0871159 -0.111115 -0.22059 -0.228812 -0.0915083
-0.220161 -0.087772 -0.111499 -0.221578 -0.230514 -0.0917205
-0.221419 -0.0900594 -0.112948 -0.222638 -0.231622 -0.0932252
-0.222368 -0.0937176 -0.115566 -0.223531 -0.232174 -0.0962188
-0.223132 -0.0985276 -0.119061 -0.224773 -0.232548 -0.100465
-0.223551 -0.104114 -0.124002 -0.225589 -0.232597 -0.105708
-0.224129 -0.110567 -0.129964 -0.226406 -0.232852 -0.11199
-0.224597 -0.117771 -0.137104 -0.227191 -0.232883 -0.119313
-0.224873 -0.125685 -0.144767 -0.227824 -0.233072 -0.127255
-0.224784 -0.133717 -0.152508 -0.228401 -0.233217 -0.135465
-0.224716 -0.142045 -0.16021 -0.228946 -0.233177 -0.143964
-0.22463 -0.150382 -0.167605 -0.229303 -0.232722 -0.152186
-0.224496 -0.158526 -0.175305 -0.228655 -0.232139 -0.160016
-0.222788 -0.168279 -0.186074 -0.225758 -0.230317 -0.169364
-0.221294 -0.178753 -0.204243 -0.224014 -0.228392 -0.179441
-0.219817 -0.188944 -0.217794 -0.222335 -0.226522 -0.189312
-0.218331 -0.198613 -0.227493 -0.219725 -0.224717 -0.199107
-0.216695 -0.206758 -0.230072 -0.216198 -0.222686 -0.208734
-0.214904 -0.213544 -0.229896 -0.211647 -0.221903 -0.216526
-0.212819 -0.213593 -0.227895 -0.206197 -0.220339 -0.223842
-0.208656 -0.213234 -0.225472 -0.200984 -0.216152 -0.228918
-0.203426 -0.213509 -0.220882 -0.19719 -0.207693 -0.231295
-0.19664 -0.212705 -0.217026 -0.193313 -0.200307 -0.233738
-0.189196 -0.211861 -0.214508 -0.188031 -0.191617 -0.2337
-0.181349 -0.210935 -0.213011 -0.180745 -0.184207 -0.232831
-0.173267 -0.209702 -0.211501 -0.172359 -0.177145 -0.231388
-0.163119 -0.208924 -0.21058 -0.161603 -0.168148 -0.229891
-0.154164 -0.208573 -0.209833 -0.153005 -0.159188 -0.229145
-0.144696 -0.208833 -0.209515 -0.144845 -0.149478 -0.229282
-0.134936 -0.209436 -0.209929 -0.137577 -0.139495 -0.229997
-0.125228 -0.210744 -0.210721 -0.131165 -0.129882 -0.230657
-0.116138 -0.21263 -0.211582 -0.125444 -0.121582 -0.231291
-0.108244 -0.214726 -0.212557 -0.120367 -0.114532 -0.231937
-0.101679 -0.216257 -0.213971 -0.116007 -0.108184 -0.232656
-0.0967016 -0.217347 -0.215649 -0.112001 -0.103172 -0.233726
-0.0931006 -0.218205 -0.217698 -0.108769 -0.0996613 -0.234578
-0.0911684 -0.219133 -0.219487 -0.106314 -0.0978284 -0.235155
-0.0906752 -0.220045 -0.220939 -0.104547 -0.0974328 -0.235883
-0.0912021 -0.221331 -0.222616 -0.10396 -0.0984274 -0.236435
-0.093481 -0.222524 -0.22391 -0.104918 -0.100627 -0.237078
-0.0975719 -0.223958 -0.224845 -0.107286 -0.104293 -0.237925
-0.102703 -0.225327 -0.225711 -0.111015 -0.109209 -0.23846
-0.108779 -0.226523 -0.226421 -0.116149 -0.115357 -0.238988
-0.115825 -0.227359 -0.227289 -0.122261 -0.122576 -0.239562
-0.123248 -0.228134 -0.227807 -0.12894 -0.130714 -0.239891
-0.130826 -0.22893 -0.228214 -0.136176 -0.139524 -0.240059
-0.140341 -0.229706 -0.228514 -0.146152 -0.149825 -0.240117
-0.148437 -0.230215 -0.228823 -0.154356 -0.158026 -0.240032
-0.156209 -0.230262 -0.229155 -0.162267 -0.165883 -0.239823
-0.164622 -0.229494 -0.227802 -0.172238 -0.174088 -0.238619
-0.172519 -0.228318 -0.22507 -0.185703 -0.17883 -0.236882
-0.174479 -0.226524 -0.225077 -0.198932 -0.181688 -0.23517
-0.176765 -0.224404 -0.22581 -0.214219 -0.183798 -0.233139
-0.179301 -0.221513 -0.225812 -0.227535 -0.185753 -0.230217
-0.181651 -0.219067 -0.224382 -0.230837 -0.186322 -0.22766
-0.18277 -0.216868 -0.2204 -0.233481 -0.185053 -0.225946
-0.184964 -0.214501 -0.214976 -0.235916 -0.184547 -0.223485
-0.185146 -0.210434 -0.210822 -0.235614 -0.183723 -0.219957
-0.185976 -0.205166 -0.206239 -0.235276 -0.184431 -0.214785
-0.186947 -0.198613 -0.200569 -0.23468 -0.185399 -0.208398
-0.188016 -0.191164 -0.193472 -0.234563 -0.186818 -0.201068
-0.189606 -0.18292 -0.185145 -0.234543 -0.188352 -0.193051
-0.191399 -0.174235 -0.175827 -0.234632 -0.189367 -0.184588
-0.193264 -0.165117 -0.165949 -0.23679 -0.190755 -0.175767
-0.195248 -0.155831 -0.156249 -0.242594 -0.192507 -0.166462
-0.197027 -0.144949 -0.145221 -0.245242 -0.194121 -0.155165
-0.198503 -0.1363 -0.136479 -0.246017 -0.195064 -0.146364
-0.199812 -0.128016 -0.128667 -0.24661 -0.195472 -0.13833
-0.201249 -0.120486 -0.122257 -0.247414 -0.195923 -0.130796
-0.202437 -0.113655 -0.117477 -0.248082 -0.19645 -0.124035
-0.203932 -0.10776 -0.113799 -0.248629 -0.197677 -0.118356
-0.20587 -0.103029 -0.11135 -0.24928 -0.199347 -0.113882
-0.207715 -0.0997694 -0.109268 -0.249752 -0.201104 -0.110848
-0.209654 -0.0981186 -0.107894 -0.250406 -0.203089 -0.10929
-0.211313 -0.0976836 -0.107552 -0.251161 -0.204837 -0.109379
-0.212987 -0.0989331 -0.108156 -0.251729 -0.206574 -0.110492
-0.214549 -0.101268 -0.109673 -0.252418 -0.208229 -0.112722
-0.21592 -0.104806 -0.112445 -0.253009 -0.209598 -0.116332
-0.216966 -0.109568 -0.116594 -0.253558 -0.211047 -0.121389
-0.218014 -0.115381 -0.122047 -0.25394 -0.212183 -0.127616
-0.219156 -0.122066 -0.128678 -0.254207 -0.213044 -0.134536
-0.220053 -0.129764 -0.135944 -0.254422 -0.213975 -0.141925
-0.22065 -0.137972 -0.143569 -0.254687 -0.214626 -0.149616
-0.220997 -0.146694 -0.151421 -0.254962 -0.214997 -0.157922
-0.221202 -0.15545 -0.158979 -0.255271 -0.215174 -0.166393
-0.22124 -0.163796 -0.166456 -0.255236 -0.215405 -0.174645
-0.220303 -0.172866 -0.176581 -0.252632 -0.21415 -0.183649
-0.218907 -0.185397 -0.193974 -0.249099 -0.211829 -0.195995
-0.217603 -0.195543 -0.207952 -0.247178 -0.210197 -0.205511
-0.215872 -0.205065 -0.220332 -0.244734 -0.208057 -0.214215
-0.213552 -0.213112 -0.229857 -0.242038 -0.204879 -0.215794
-0.209339 -0.217913 -0.236147 -0.238973 -0.200385 -0.215562
-0.203957 -0.217676 -0.236017 -0.235625 -0.196793 -0.214896
-0.199463 -0.218004 -0.234274 -0.23197 -0.192768 -0.213503
-0.195434 -0.217832 -0.233829 -0.227782 -0.18905 -0.211356
-0.191054 -0.218451 -0.232591 -0.222905 -0.184825 -0.209451
-0.18569 -0.219603 -0.231127 -0.217368 -0.179188 -0.208245
-0.178534 -0.221949 -0.230436 -0.210683 -0.172245 -0.207301
-0.170072 -0.222758 -0.229829 -0.202985 -0.164151 -0.206852
-0.160599 -0.223616 -0.229532 -0.194622 -0.154887 -0.206509
-0.151334 -0.224552 -0.22943 -0.185715 -0.144933 -0.20657
-0.141863 -0.225116 -0.229711 -0.176618 -0.134894 -0.206862
-0.132299 -0.22569 -0.230312 -0.167362 -0.125134 -0.207083
-0.122814 -0.226218 -0.230986 -0.158341 -0.115899 -0.207622
-0.113877 -0.226651 -0.231932 -0.149999 -0.107252 -0.208345
-0.103996 -0.22734 -0.232947 -0.141165 -0.0979187 -0.209543
-0.0969417 -0.228012 -0.234193 -0.135039 -0.0912862 -0.210833
-0.0915954 -0.228396 -0.235132 -0.130351 -0.0856936 -0.212073
-0.0883331 -0.228727 -0.236446 -0.126527 -0.081811 -0.213252
-0.0871281 -0.229279 -0.237509 -0.124078 -0.0795261 -0.214354
-0.0871457 -0.229928 -0.238565 -0.123276 -0.0790289 -0.215335
-0.0885679 -0.230513 -0.239527 -0.1245 -0.0801031 -0.21638
-0.0911288 -0.231209 -0.240261 -0.126846 -0.0826999 -0.217325
-0.0947421 -0.231951 -0.240895 -0.130414 -0.0866082 -0.218105
-0.0994572 -0.232458 -0.241502 -0.135453 -0.0915912 -0.218785
-0.105015 -0.232929 -0.241995 -0.141339 -0.0976278 -0.219232
-0.111581 -0.233278 -0.242633 -0.148212 -0.104563 -0.219562
-0.119143 -0.233497 -0.24298 -0.155663 -0.11239 -0.22006
-0.12728 -0.233584 -0.243229 -0.16369 -0.120641 -0.220533
-0.135666 -0.233635 -0.243278 -0.172416 -0.129011 -0.220949
-0.143758 -0.233485 -0.243216 -0.180949 -0.137334 -0.221257
-0.151723 -0.233106 -0.243345 -0.188849 -0.145427 -0.221467
-0.159475 -0.232193 -0.243219 -0.196708 -0.153406 -0.221049
-0.171073 -0.230406 -0.239747 -0.210353 -0.166644 -0.218685
-0.181633 -0.229132 -0.237393 -0.222198 -0.179073 -0.217287
-0.190345 -0.227504 -0.235691 -0.233262 -0.190626 -0.216128
-0.197284 -0.225433 -0.233247 -0.238076 -0.201234 -0.21401
-0.203038 -0.223085 -0.230199 -0.237735 -0.21168 -0.211672
-0.209782 -0.220054 -0.225353 -0.236513 -0.221271 -0.209246
-0.217087 -0.216373 -0.219399 -0.235033 -0.231156 -0.207263
-0.221582 -0.212016 -0.213564 -0.231771 -0.23516 -0.203728
-0.220933 -0.206232 -0.209216 -0.226836 -0.235332 -0.197582
-0.220881 -0.199428 -0.206236 -0.221035 -0.23604 -0.191151
-0.220403 -0.192373 -0.201521 -0.216486 -0.236342 -0.183455
-0.219834 -0.185735 -0.194755 -0.212671 -0.235694 -0.176385
-0.21968 -0.178998 -0.186207 -0.208955 -0.234624 -0.168665
-0.219636 -0.17211 -0.17664 -0.207132 -0.234185 -0.160409
-0.219129 -0.16462 -0.166709 -0.206335 -0.233346 -0.151686
-0.218292 -0.156478 -0.157027 -0.206336 -0.232788 -0.142796
-0.218004 -0.148005 -0.147975 -0.206715 -0.232162 -0.133739
-0.218442 -0.139426 -0.139926 -0.207255 -0.23215 -0.124761
-0.219316 -0.129769 -0.131671 -0.208586 -0.232937 -0.114517
-0.220026 -0.122517 -0.12583 -0.209994 -0.233956 -0.106852
-0.220927 -0.116504 -0.120792 -0.211663 -0.234734 -0.100331
-0.221907 -0.111376 -0.116222 -0.213543 -0.235512 -0.0953586
-0.222998 -0.107309 -0.112798 -0.215721 -0.236331 -0.0915923
-0.223866 -0.104562 -0.111079 -0.217882 -0.236944 -0.0893565
-0.224919 -0.103235 -0.110817 -0.219762 -0.237707 -0.0887337
-0.225991 -0.103484 -0.111991 -0.221532 -0.238491 -0.0890659
-0.226899 -0.105304 -0.114745 -0.223457 -0.239311 -0.0908549
-0.227558 -0.108262 -0.118585 -0.225181 -0.240009 -0.094463
-0.227914 -0.112377 -0.123496 -0.227025 -0.240683 -0.0995504
-0.228138 -0.117777 -0.129506 -0.228572 -0.240953 -0.10581
-0.228537 -0.124202 -0.136793 -0.229954 -0.241136 -0.113045
-0.228496 -0.131555 -0.144705 -0.231283 -0.241036 -0.120817
-0.228219 -0.139732 -0.152635 -0.232394 -0.24093 -0.128689
-0.228002 -0.148368 -0.160714 -0.233377 -0.240795 -0.136713
-0.227845 -0.156795 -0.168861 -0.233915 -0.240496 -0.144893
-0.227816 -0.166599 -0.178327 -0.234411 -0.240285 -0.154554
-0.226889 -0.174809 -0.187824 -0.232745 -0.239527 -0.162978
-0.225505 -0.184204 -0.201215 -0.229656 -0.238331 -0.173256
-0.224204 -0.193499 -0.215161 -0.227487 -0.237033 -0.184131
-0.222728 -0.202211 -0.226609 -0.225191 -0.235312 -0.194412
-0.221562 -0.209593 -0.229058 -0.222244 -0.233244 -0.204182
-0.219892 -0.209405 -0.228949 -0.219041 -0.232177 -0.203875
-0.215933 -0.209 -0.227267 -0.215608 -0.229161 -0.202322
-0.212082 -0.20951 -0.224923 -0.212719 -0.225331 -0.202322
-0.206986 -0.209416 -0.222515 -0.210094 -0.219581 -0.202731
-0.202209 -0.209189 -0.221745 -0.206079 -0.214342 -0.202862
-0.196379 -0.209108 -0.220455 -0.200196 -0.208735 -0.202698
-0.189798 -0.209696 -0.219514 -0.192829 -0.202016 -0.202291
-0.182079 -0.210199 -0.219533 -0.184613 -0.194077 -0.202078
-0.17328 -0.210399 -0.219569 -0.175975 -0.185194 -0.202237
-0.163545 -0.210739 -0.219886 -0.167045 -0.175565 -0.202594
-0.153323 -0.211572 -0.220169 -0.158039 -0.16545 -0.203307
-0.142906 -0.21296 -0.220485 -0.149397 -0.155185 -0.204476
-0.132718 -0.214629 -0.221171 -0.141436 -0.145102 -0.205915
-0.123288 -0.216218 -0.221979 -0.134231 -0.135409 -0.20736
-0.114816 -0.218113 -0.223118 -0.126758 -0.125091 -0.209109
-0.10621 -0.219487 -0.224325 -0.121348 -0.117697 -0.210519
-0.100137 -0.220774 -0.225587 -0.116591 -0.111733 -0.21164
-0.0958793 -0.221659 -0.22711 -0.112411 -0.107259 -0.21261
-0.0936676 -0.222696 -0.228468 -0.108937 -0.104413 -0.213364
-0.0929705 -0.223732 -0.229646 -0.106814 -0.103015 -0.214117
-0.0931985 -0.22496 -0.230703 -0.106119 -0.103348 -0.215065
-0.0946971 -0.225957 -0.231612 -0.106984 -0.105024 -0.216123
-0.0978231 -0.226738 -0.232442 -0.10929 -0.108283 -0.217182
-0.102108 -0.227601 -0.233255 -0.112936 -0.112613 -0.21797
-0.107776 -0.228345 -0.23377 -0.117424 -0.118414 -0.218539
-0.114429 -0.228924 -0.234275 -0.123201 -0.125398 -0.219108
-0.122038 -0.229492 -0.234639 -0.129991 -0.13285 -0.219619
-0.130035 -0.229894 -0.234858 -0.137356 -0.140861 -0.220167
-0.138042 -0.230178 -0.235136 -0.145526 -0.149413 -0.220458
-0.146109 -0.230412 -0.235277 -0.154277 -0.158222 -0.220644
-0.154302 -0.230788 -0.235187 -0.162526 -0.166554 -0.22055
-0.162159 -0.230991 -0.235334 -0.170439 -0.174598 -0.220374
-0.170566 -0.230009 -0.23295 -0.181645 -0.183285 -0.219
-0.176391 -0.228624 -0.229889 -0.195438 -0.19332 -0.217476
-0.18443 -0.2273 -0.228915 -0.211264 -0.196246 -0.214893
-0.190689 -0.224931 -0.229238 -0.221606 -0.197804 -0.212306
-0.195945 -0.221594 -0.228742 -0.223688 -0.198158 -0.210444
-0.200403 -0.219455 -0.226311 -0.223064 -0.196575 -0.209224
-0.207401 -0.217338 -0.222533 -0.224635 -0.194375 -0.208251
-0.208051 -0.214093 -0.218701 -0.223536 -0.192321 -0.205358
-0.209629 -0.210323 -0.214322 -0.221862 -0.192852 -0.199912
-0.210398 -0.204461 -0.209493 -0.220201 -0.193595 -0.193046
-0.21227 -0.19765 -0.203392 -0.218908 -0.194622 -0.18578
-0.213925 -0.189792 -0.195511 -0.218605 -0.195398 -0.178321
-0.215846 -0.181617 -0.186385 -0.217728 -0.19608 -0.170309
-0.216816 -0.172951 -0.176585 -0.217462 -0.196744 -0.161857
-0.217225 -0.163948 -0.166522 -0.217558 -0.197362 -0.15294
-0.217489 -0.154639 -0.156676 -0.218331 -0.19831 -0.143723
-0.218099 -0.145101 -0.147417 -0.218871 -0.199515 -0.134612
-0.218982 -0.135822 -0.139014 -0.219458 -0.201088 -0.125595
-0.22027 -0.126966 -0.13178 -0.220486 -0.202936 -0.117077
-0.221581 -0.11732 -0.124393 -0.221614 -0.205327 -0.107629
-0.22293 -0.110434 -0.1191 -0.222737 -0.207286 -0.100617
-0.22452 -0.104692 -0.114274 -0.22382 -0.209071 -0.09481
-0.225747 -0.100454 -0.110378 -0.225142 -0.210846 -0.0904679
-0.226639 -0.0977413 -0.107702 -0.226575 -0.212396 -0.0877292
-0.227467 -0.0964467 -0.106385 -0.228043 -0.213806 -0.0868687
-0.228281 -0.0970197 -0.106265 -0.229505 -0.215207 -0.0873398
-0.229187 -0.0989602 -0.107823 -0.230465 -0.216561 -0.0889945
-0.230189 -0.1022 -0.111028 -0.231196 -0.217838 -0.0916999
-0.231108 -0.10651 -0.115414 -0.232059 -0.219237 -0.0960892
-0.231686 -0.111957 -0.120815 -0.232761 -0.220372 -0.101832
-0.23206 -0.118578 -0.127282 -0.233551 -0.221354 -0.108687
-0.232184 -0.126012 -0.134583 -0.234089 -0.221839 -0.116691
-0.232458 -0.134479 -0.142671 -0.23458 -0.222097 -0.124859
-0.232342 -0.14496 -0.152484 -0.235002 -0.222359 -0.134825
-0.232123 -0.153705 -0.160776 -0.235375 -0.222605 -0.143309
-0.231825 -0.16206 -0.168761 -0.235368 -0.222822 -0.151659
-0.230914 -0.170441 -0.177648 -0.234349 -0.222507 -0.160185
-0.22907 -0.18052 -0.190902 -0.231247 -0.221024 -0.170347
-0.227545 -0.191381 -0.200744 -0.229293 -0.219891 -0.180933
-0.227189 -0.201351 -0.202672 -0.226691 -0.219923 -0.190119
-0.227304 -0.20711 -0.20338 -0.222882 -0.220292 -0.199007
-0.225856 -0.206314 -0.203929 -0.218928 -0.219515 -0.20859
-0.223664 -0.207303 -0.202502 -0.215887 -0.215589 -0.210719
-0.21943 -0.208218 -0.199192 -0.214968 -0.209041 -0.212429
-0.213934 -0.208947 -0.197964 -0.213028 -0.204187 -0.214894
-0.207976 -0.209724 -0.198409 -0.208977 -0.198066 -0.215146
-0.202324 -0.210182 -0.203343 -0.203017 -0.192786 -0.214914
-0.196249 -0.210349 -0.204331 -0.195757 -0.186615 -0.21494
-0.190592 -0.210028 -0.203161 -0.187667 -0.179333 -0.214812
-0.183969 -0.210418 -0.203303 -0.178737 -0.170428 -0.215056
-0.175863 -0.210584 -0.202922 -0.169837 -0.160441 -0.215512
-0.16758 -0.210697 -0.203082 -0.161023 -0.150004 -0.216318
-0.15654 -0.211551 -0.203316 -0.150378 -0.137613 -0.21683
-0.146908 -0.212973 -0.203857 -0.142104 -0.127814 -0.217219
-0.137469 -0.213847 -0.205223 -0.134469 -0.118592 -0.218082
-0.128173 -0.214442 -0.206687 -0.128111 -0.110159 -0.218639
-0.119551 -0.215067 -0.208593 -0.122158 -0.102912 -0.219195
-0.111969 -0.215711 -0.210464 -0.117217 -0.0967234 -0.219681
-0.105995 -0.216326 -0.212445 -0.113156 -0.0917501 -0.220166
-0.102533 -0.216898 -0.214633 -0.110166 -0.0879651 -0.220944
-0.101061 -0.217611 -0.216686 -0.108268 -0.0858718 -0.221631
-0.100928 -0.218565 -0.218461 -0.107564 -0.085727 -0.222343
-0.101897 -0.219476 -0.219986 -0.108219 -0.0873453 -0.223416
-0.104455 -0.220427 -0.221339 -0.110321 -0.0904492 -0.224398
-0.108306 -0.221554 -0.222429 -0.113742 -0.0947782 -0.225091
-0.113403 -0.222441 -0.223465 -0.118276 -0.100174 -0.225784
-0.119745 -0.223192 -0.224359 -0.12392 -0.106702 -0.226428
-0.126991 -0.223812 -0.225299 -0.130614 -0.113975 -0.226793
-0.134963 -0.224136 -0.226088 -0.138019 -0.121782 -0.227066
-0.142805 -0.224431 -0.226728 -0.145856 -0.130446 -0.227426
-0.147407 -0.224534 -0.227211 -0.154325 -0.139208 -0.227513
-0.152723 -0.224469 -0.228162 -0.162432 -0.147879 -0.227124
-0.15869 -0.224761 -0.2289 -0.170318 -0.155789 -0.226547
-0.164163 -0.223658 -0.227409 -0.184334 -0.166677 -0.22501
-0.169858 -0.222805 -0.224928 -0.2004 -0.179091 -0.223308
-0.174535 -0.222258 -0.223308 -0.21675 -0.190808 -0.22201
-0.178043 -0.221406 -0.221692 -0.225121 -0.200898 -0.220547
-0.176103 -0.220435 -0.219595 -0.225401 -0.210522 -0.2187
-0.174463 -0.218898 -0.216342 -0.22527 -0.212832 -0.216299
-0.175108 -0.21589 -0.213262 -0.224265 -0.213714 -0.213648
-0.175311 -0.212099 -0.211121 -0.221831 -0.21495 -0.21061
-0.176159 -0.207466 -0.207862 -0.220631 -0.216604 -0.206552
-0.17737 -0.202111 -0.202799 -0.219592 -0.21715 -0.20175
-0.178045 -0.195891 -0.196031 -0.218585 -0.217353 -0.195664
-0.179041 -0.188794 -0.187897 -0.218672 -0.217869 -0.188455
-0.179741 -0.180732 -0.17896 -0.21918 -0.218471 -0.180181
-0.180791 -0.171831 -0.169778 -0.219625 -0.21957 -0.171249
-0.182418 -0.162322 -0.160772 -0.220414 -0.220377 -0.161911
-0.184082 -0.152569 -0.151665 -0.220933 -0.221713 -0.152319
-0.186011 -0.142883 -0.143029 -0.222089 -0.223236 -0.142711
-0.188095 -0.133472 -0.135344 -0.222926 -0.224822 -0.133449
-0.190088 -0.124764 -0.128428 -0.224007 -0.226358 -0.124432
-0.192331 -0.116903 -0.122484 -0.225506 -0.228086 -0.116248
-0.194222 -0.11003 -0.117428 -0.227126 -0.229419 -0.108781
-0.196296 -0.103194 -0.112193 -0.228726 -0.231174 -0.101182
-0.197937 -0.0988396 -0.108675 -0.23039 -0.23223 -0.0963766
-0.19948 -0.0957177 -0.105618 -0.231939 -0.233096 -0.0933563
-0.200659 -0.0938935 -0.104158 -0.233503 -0.233849 -0.0920422
-0.202105 -0.0932845 -0.103903 -0.234818 -0.234701 -0.0921613
-0.203526 -0.0941167 -0.105 -0.235698 -0.235443 -0.0934313
-0.205138 -0.0965419 -0.1075 -0.236242 -0.236138 -0.0959641
-0.206755 -0.100431 -0.111194 -0.236893 -0.236824 -0.100038
-0.207652 -0.105643 -0.115935 -0.237517 -0.237273 -0.105421
-0.208264 -0.111975 -0.121831 -0.238229 -0.237487 -0.11227
-0.208596 -0.11907 -0.128576 -0.238629 -0.237466 -0.120183
-0.208972 -0.126699 -0.135912 -0.238871 -0.237298 -0.128815
-0.209216 -0.13492 -0.144007 -0.239089 -0.237127 -0.137522
-0.209297 -0.143348 -0.152257 -0.239132 -0.236971 -0.146135
-0.209371 -0.15188 -0.160315 -0.238992 -0.236793 -0.154567
-0.209379 -0.160178 -0.168096 -0.238514 -0.236393 -0.162784
-0.20754 -0.169877 -0.179779 -0.235219 -0.235107 -0.172512
-0.205643 -0.183568 -0.198319 -0.232282 -0.23335 -0.186146
-0.20402 -0.19489 -0.212647 -0.230227 -0.231592 -0.196884
-0.202245 -0.205867 -0.225436 -0.22756 -0.229414 -0.206327
-0.199039 -0.215515 -0.235761 -0.224699 -0.225616 -0.206249
-0.193255 -0.220408 -0.244461 -0.222162 -0.220945 -0.205371
-0.185172 -0.219542 -0.247689 -0.219616 -0.216103 -0.204713
-0.179787 -0.219361 -0.248645 -0.216686 -0.210709 -0.20348
-0.175407 -0.21803 -0.251578 -0.212613 -0.205311 -0.200654
-0.17247 -0.217355 -0.254643 -0.207909 -0.200179 -0.198033
-0.167743 -0.216512 -0.253847 -0.202189 -0.194232 -0.196045
-0.16063 -0.216015 -0.252494 -0.195145 -0.187615 -0.194686
-0.151719 -0.216196 -0.251373 -0.18737 -0.180374 -0.193657
-0.142312 -0.216113 -0.249223 -0.178667 -0.172486 -0.193419
-0.132672 -0.216235 -0.248208 -0.169343 -0.164149 -0.192894
-0.123413 -0.216461 -0.247617 -0.159967 -0.155546 -0.192512
-0.114485 -0.216551 -0.247801 -0.15088 -0.146678 -0.192288
-0.105906 -0.21641 -0.248227 -0.14233 -0.137459 -0.192378
-0.0976647 -0.21659 -0.248711 -0.13488 -0.128894 -0.192671
-0.0901124 -0.217133 -0.249513 -0.128884 -0.120954 -0.193143
-0.0835879 -0.21768 -0.250364 -0.123868 -0.113804 -0.194021
-0.0784272 -0.218094 -0.251462 -0.119885 -0.10823 -0.195052
-0.0749986 -0.218687 -0.253008 -0.116104 -0.103929 -0.19595
-0.0743539 -0.219229 -0.254176 -0.11414 -0.101985 -0.196492
-0.0746662 -0.219793 -0.255237 -0.11293 -0.101727 -0.197084
-0.0762306 -0.220211 -0.25642 -0.11309 -0.102794 -0.197688
-0.078928 -0.220757 -0.257216 -0.114674 -0.105373 -0.198508
-0.082971 -0.22131 -0.257816 -0.117587 -0.109204 -0.199163
-0.0883367 -0.22199 -0.25843 -0.1221 -0.114204 -0.199424
-0.09485 -0.222598 -0.259045 -0.127651 -0.120252 -0.199802
-0.102163 -0.223015 -0.259638 -0.134152 -0.12712 -0.199996
-0.11006 -0.223228 -0.260096 -0.141294 -0.1351 -0.200362
-0.11837 -0.223579 -0.260315 -0.149498 -0.143544 -0.20053
-0.126595 -0.223614 -0.260271 -0.158095 -0.151971 -0.200715
-0.134552 -0.223506 -0.259942 -0.166274 -0.160129 -0.20119
-0.14208 -0.223761 -0.259773 -0.174187 -0.168076 -0.201538
-0.150138 -0.223358 -0.258723 -0.182852 -0.176349 -0.200762
-0.16151 -0.222125 -0.255132 -0.194548 -0.18682 -0.199174
-0.174522 -0.221411 -0.252604 -0.206431 -0.198418 -0.198186
-0.188039 -0.220536 -0.250176 -0.211717 -0.204861 -0.196709
-0.197603 -0.21906 -0.248402 -0.210581 -0.204715 -0.194541
-0.207491 -0.216414 -0.245885 -0.209883 -0.204635 -0.192775
-0.217919 -0.212837 -0.243212 -0.208842 -0.204166 -0.190951
-0.22688 -0.209157 -0.239287 -0.207647 -0.203223 -0.18893
-0.227459 -0.204412 -0.235219 -0.205728 -0.202751 -0.185085
-0.227868 -0.200137 -0.231035 -0.203865 -0.203452 -0.17913
-0.227733 -0.194597 -0.225553 -0.202609 -0.204243 -0.172006
-0.227823 -0.188188 -0.219111 -0.201697 -0.204679 -0.164996
-0.228111 -0.180496 -0.211196 -0.20129 -0.204698 -0.157357
-0.228691 -0.171955 -0.202395 -0.201076 -0.205074 -0.149038
-0.228699 -0.162735 -0.193219 -0.201625 -0.205732 -0.140031
-0.228816 -0.153311 -0.183882 -0.202446 -0.206651 -0.130618
-0.229303 -0.143825 -0.174516 -0.203649 -0.207442 -0.121174
-0.23004 -0.134562 -0.165139 -0.204747 -0.208289 -0.111823
-0.230747 -0.125648 -0.156074 -0.206517 -0.209519 -0.102656
-0.231467 -0.117321 -0.147729 -0.208472 -0.210767 -0.0939734
-0.232144 -0.109712 -0.140503 -0.21015 -0.211984 -0.0861272
-0.233156 -0.102816 -0.134415 -0.212061 -0.213214 -0.0793933
-0.233965 -0.0971911 -0.129697 -0.214031 -0.214397 -0.0740861
-0.234854 -0.0920725 -0.1265 -0.216653 -0.216006 -0.0699825
-0.235538 -0.0897308 -0.125553 -0.218688 -0.217307 -0.0688255
-0.236116 -0.0888617 -0.125526 -0.220435 -0.21857 -0.0691685
-0.236501 -0.0897644 -0.127659 -0.222306 -0.219682 -0.0704909
-0.236831 -0.0920649 -0.130526 -0.223893 -0.220537 -0.0729343
-0.237048 -0.0958089 -0.134614 -0.22572 -0.221369 -0.0765263
-0.237219 -0.100706 -0.139714 -0.226911 -0.222096 -0.0813087
-0.237217 -0.106728 -0.146027 -0.22792 -0.22267 -0.0872753
-0.237116 -0.113595 -0.153575 -0.22914 -0.223109 -0.0943174
-0.236969 -0.121177 -0.161412 -0.229932 -0.223365 -0.101945
-0.236698 -0.129495 -0.169652 -0.230726 -0.223646 -0.110086
-0.236349 -0.138024 -0.177859 -0.231326 -0.22373 -0.11835
-0.235908 -0.146808 -0.186247 -0.231752 -0.223738 -0.12671
-0.235421 -0.155376 -0.194225 -0.232059 -0.223809 -0.134768
-0.234203 -0.164086 -0.203604 -0.230532 -0.222806 -0.143713
-0.232563 -0.174406 -0.216692 -0.227679 -0.221106 -0.15509
-0.23098 -0.184893 -0.22974 -0.225923 -0.219464 -0.167331
-0.229145 -0.195122 -0.236838 -0.223834 -0.217865 -0.179254
-0.227667 -0.203613 -0.239347 -0.220853 -0.216587 -0.190677
-0.226479 -0.206148 -0.23948 -0.216885 -0.215513 -0.201742
-0.223744 -0.204347 -0.238555 -0.212466 -0.213622 -0.206639
-0.220063 -0.20498 -0.235656 -0.2095 -0.20753 -0.205898
-0.213983 -0.205342 -0.231585 -0.206857 -0.201822 -0.207725
-0.206616 -0.205313 -0.229046 -0.202378 -0.193809 -0.209569
-0.200437 -0.204669 -0.227385 -0.196521 -0.18868 -0.20958
-0.194002 -0.204396 -0.225749 -0.18896 -0.182547 -0.209756
-0.186739 -0.20465 -0.224955 -0.180511 -0.175388 -0.209576
-0.178444 -0.204472 -0.224688 -0.171517 -0.167063 -0.209162
-0.169463 -0.204199 -0.225201 -0.162286 -0.157081 -0.209429
-0.159924 -0.204096 -0.225684 -0.153389 -0.14684 -0.209539
-0.150169 -0.204795 -0.226008 -0.145086 -0.136398 -0.209834
-0.140514 -0.205912 -0.226489 -0.137493 -0.126218 -0.21029
-0.131105 -0.2069 -0.227446 -0.130896 -0.116835 -0.211015
-0.122594 -0.207896 -0.228686 -0.125242 -0.107997 -0.212351
-0.114904 -0.208861 -0.22986 -0.12045 -0.100376 -0.213618
-0.108849 -0.209716 -0.231081 -0.116067 -0.0944909 -0.214698
-0.104833 -0.21066 -0.23234 -0.112254 -0.0900753 -0.215734
-0.10246 -0.211732 -0.233805 -0.109196 -0.0872471 -0.216769
-0.101875 -0.212704 -0.23522 -0.107321 -0.0860787 -0.217734
-0.102668 -0.21403 -0.236354 -0.106557 -0.0871264 -0.218945
-0.104396 -0.215313 -0.237105 -0.107559 -0.0896619 -0.219854
-0.107594 -0.216267 -0.237953 -0.109849 -0.093403 -0.220753
-0.112073 -0.217342 -0.238785 -0.113468 -0.0983089 -0.221419
-0.117838 -0.218075 -0.239193 -0.118062 -0.104512 -0.222041
-0.124809 -0.218565 -0.239808 -0.123903 -0.11156 -0.222413
-0.132429 -0.218985 -0.240283 -0.130744 -0.119335 -0.222821
-0.140153 -0.219247 -0.240598 -0.138048 -0.127774 -0.223101
-0.148124 -0.219486 -0.240953 -0.146272 -0.136513 -0.223262
-0.156153 -0.219492 -0.241153 -0.154695 -0.144961 -0.223269
-0.164181 -0.219803 -0.241281 -0.162847 -0.153091 -0.223262
-0.172062 -0.219602 -0.241473 -0.17061 -0.160788 -0.222669
-0.181524 -0.218134 -0.238321 -0.182204 -0.17101 -0.221079
-0.192705 -0.217082 -0.234748 -0.194744 -0.183555 -0.219825
-0.201448 -0.216408 -0.232679 -0.207324 -0.195088 -0.218644
-0.208221 -0.214781 -0.230643 -0.219715 -0.205725 -0.217019
-0.213081 -0.212788 -0.227868 -0.220987 -0.212434 -0.214293
-0.212287 -0.209746 -0.225683 -0.218215 -0.211516 -0.211045
-0.213307 -0.205711 -0.222561 -0.217321 -0.212111 -0.208296
-0.213564 -0.201414 -0.220301 -0.214761 -0.212574 -0.204287
-0.213702 -0.197453 -0.21707 -0.213002 -0.21385 -0.200201
-0.214327 -0.192437 -0.211795 -0.212075 -0.214238 -0.195469
-0.214724 -0.186342 -0.204755 -0.210796 -0.214379 -0.189422
-0.215126 -0.179198 -0.196638 -0.211113 -0.214602 -0.1822
-0.215136 -0.171167 -0.187802 -0.211418 -0.214786 -0.173932
-0.215545 -0.162348 -0.178694 -0.211583 -0.215413 -0.165034
-0.216325 -0.1529 -0.169228 -0.211915 -0.216372 -0.155557
-0.217369 -0.143161 -0.160019 -0.212524 -0.217553 -0.145848
-0.218452 -0.13351 -0.150919 -0.213477 -0.21896 -0.136191
-0.219521 -0.124292 -0.142232 -0.21466 -0.220194 -0.126974
-0.220645 -0.114241 -0.132638 -0.216371 -0.221247 -0.11671
-0.221559 -0.106735 -0.125672 -0.218185 -0.221968 -0.108866
-0.222063 -0.100092 -0.11976 -0.21989 -0.222677 -0.101944
-0.222706 -0.0945237 -0.114972 -0.221655 -0.223267 -0.0962013
-0.223384 -0.0900802 -0.111498 -0.223356 -0.223971 -0.0918659
-0.224 -0.0869849 -0.109627 -0.224902 -0.224625 -0.0891692
-0.224562 -0.0853156 -0.109285 -0.226198 -0.225384 -0.0882269
-0.22523 -0.0852645 -0.10987 -0.227659 -0.226728 -0.0884094
-0.225607 -0.0866228 -0.112083 -0.22869 -0.227967 -0.0902216
-0.226224 -0.0895731 -0.115507 -0.229928 -0.229316 -0.0934614
-0.226512 -0.0940241 -0.119774 -0.230873 -0.231229 -0.0980632
-0.226481 -0.0997509 -0.125215 -0.231541 -0.232433 -0.103787
-0.226404 -0.106608 -0.131995 -0.232141 -0.233082 -0.11057
-0.226575 -0.114014 -0.139907 -0.232571 -0.233502 -0.118086
-0.226595 -0.12168 -0.148152 -0.232694 -0.233927 -0.126467
-0.226378 -0.129945 -0.156551 -0.232918 -0.234104 -0.134975
-0.226104 -0.138672 -0.164696 -0.233241 -0.234036 -0.143897
-0.225998 -0.147483 -0.172677 -0.233335 -0.233713 -0.152518
-0.225483 -0.156257 -0.18082 -0.232696 -0.233124 -0.160727
-0.223548 -0.169048 -0.196603 -0.228828 -0.231052 -0.172409
-0.222394 -0.180474 -0.211715 -0.226543 -0.229318 -0.182728
-0.221019 -0.191513 -0.225112 -0.224451 -0.227413 -0.192403
-0.219247 -0.201895 -0.237512 -0.221836 -0.225152 -0.202104
-0.21648 -0.208636 -0.247134 -0.218786 -0.221815 -0.210626
-0.211445 -0.206877 -0.249668 -0.215592 -0.217243 -0.209427
-0.205867 -0.206784 -0.248626 -0.212593 -0.211949 -0.20861
-0.200851 -0.205416 -0.245663 -0.208963 -0.206375 -0.20771
-0.196815 -0.204422 -0.244985 -0.204994 -0.2022 -0.206612
-0.192122 -0.203354 -0.243447 -0.200009 -0.197643 -0.205054
-0.186028 -0.202927 -0.24138 -0.193263 -0.191866 -0.20451
-0.178644 -0.203284 -0.240807 -0.185669 -0.184487 -0.204172
-0.16999 -0.20366 -0.240251 -0.177301 -0.176281 -0.204504
-0.160668 -0.20392 -0.240008 -0.168256 -0.167343 -0.20481
-0.150815 -0.20445 -0.240225 -0.159056 -0.15825 -0.205337
-0.140861 -0.205155 -0.240422 -0.150197 -0.14905 -0.206088
-0.130811 -0.206202 -0.241057 -0.141998 -0.139439 -0.207041
-0.119246 -0.207537 -0.241788 -0.133322 -0.128169 -0.208557
-0.110686 -0.208934 -0.242406 -0.12717 -0.119306 -0.209685
-0.103314 -0.210491 -0.243314 -0.121797 -0.111519 -0.21083
-0.097283 -0.212067 -0.244188 -0.117292 -0.104725 -0.211974
-0.0928751 -0.213482 -0.245098 -0.113371 -0.0996785 -0.213119
-0.0902409 -0.214447 -0.24602 -0.110054 -0.0965948 -0.214057
-0.089144 -0.215156 -0.246823 -0.107713 -0.0951147 -0.214834
-0.0896128 -0.216018 -0.248175 -0.106353 -0.0955327 -0.215668
-0.0914325 -0.216966 -0.248772 -0.106758 -0.0973711 -0.216296
-0.094661 -0.217614 -0.249236 -0.108489 -0.100725 -0.216938
-0.0991045 -0.218341 -0.249605 -0.111669 -0.105238 -0.21755
-0.104557 -0.218921 -0.249969 -0.116017 -0.110949 -0.21823
-0.110875 -0.219362 -0.250406 -0.121689 -0.117503 -0.218754
-0.118152 -0.219776 -0.250545 -0.128298 -0.125059 -0.219062
-0.126138 -0.220177 -0.250759 -0.135345 -0.133458 -0.219104
-0.134685 -0.220305 -0.250776 -0.143392 -0.141839 -0.219211
-0.143098 -0.220282 -0.250863 -0.151859 -0.150199 -0.2194
-0.151309 -0.220502 -0.25077 -0.160079 -0.158522 -0.219432
-0.159042 -0.220619 -0.250561 -0.168115 -0.166454 -0.219169
-0.167228 -0.219965 -0.248744 -0.177729 -0.174967 -0.218203
-0.178147 -0.218695 -0.245233 -0.190037 -0.186062 -0.216857
-0.190971 -0.217724 -0.242431 -0.204285 -0.199464 -0.215868
-0.199915 -0.216542 -0.24018 -0.215993 -0.20901 -0.214097
-0.207752 -0.214368 -0.23765 -0.221458 -0.218179 -0.211416
-0.214447 -0.21175 -0.234136 -0.219812 -0.225104 -0.208479
-0.222117 -0.208264 -0.229284 -0.217715 -0.223143 -0.205578
-0.22586 -0.203792 -0.22488 -0.215889 -0.222395 -0.202355
-0.225657 -0.198032 -0.222078 -0.211852 -0.222134 -0.197639
-0.22651 -0.192414 -0.218398 -0.208594 -0.222485 -0.192282
-0.226899 -0.186546 -0.21319 -0.206374 -0.222262 -0.185937
-0.226926 -0.180242 -0.206063 -0.205032 -0.22195 -0.178997
-0.226965 -0.172925 -0.197635 -0.203962 -0.221243 -0.171266
-0.226945 -0.164734 -0.188421 -0.203676 -0.220428 -0.162951
-0.226636 -0.15576 -0.178949 -0.20389 -0.220102 -0.153958
-0.226583 -0.146446 -0.169857 -0.204676 -0.220507 -0.144742
-0.226986 -0.137057 -0.160805 -0.205334 -0.221056 -0.135496
-0.22766 -0.127721 -0.151974 -0.206298 -0.222 -0.126314
-0.228288 -0.118922 -0.14354 -0.207694 -0.222973 -0.117422
-0.228954 -0.110957 -0.135587 -0.209223 -0.223913 -0.109181
-0.229719 -0.10362 -0.128683 -0.210844 -0.224653 -0.101994
-0.230696 -0.0963469 -0.121909 -0.212954 -0.225567 -0.0946297
-0.231368 -0.0916182 -0.117889 -0.214811 -0.226271 -0.0899492
-0.23184 -0.0882031 -0.115639 -0.216544 -0.227006 -0.0868188
-0.232355 -0.0861285 -0.115052 -0.218417 -0.227727 -0.0856071
-0.232967 -0.0856836 -0.115472 -0.220072 -0.228417 -0.085814
-0.233198 -0.0868703 -0.117391 -0.221813 -0.229123 -0.0874061
-0.233468 -0.0895411 -0.120779 -0.223115 -0.229516 -0.0900568
-0.233913 -0.0934416 -0.125101 -0.224394 -0.230033 -0.0939804
-0.234318 -0.0986066 -0.130577 -0.225469 -0.230634 -0.099063
-0.234271 -0.10497 -0.1373 -0.226708 -0.230902 -0.105313
-0.234164 -0.112307 -0.145 -0.227935 -0.231032 -0.112777
-0.234023 -0.120238 -0.1531 -0.228976 -0.230784 -0.121005
-0.23386 -0.128694 -0.161424 -0.2296 -0.230463 -0.129432
-0.233705 -0.137255 -0.16988 -0.23011 -0.230388 -0.137769
-0.233449 -0.145671 -0.178142 -0.230562 -0.230418 -0.14584
-0.233357 -0.153871 -0.186139 -0.230606 -0.230495 -0.153617
-0.231785 -0.165337 -0.200587 -0.22734 -0.228932 -0.16523
-0.23053 -0.176233 -0.215148 -0.225099 -0.22728 -0.175987
-0.22903 -0.187144 -0.227943 -0.223412 -0.225804 -0.186064
-0.227232 -0.197642 -0.235566 -0.221082 -0.224145 -0.195962
-0.225167 -0.197328 -0.236723 -0.218379 -0.222249 -0.20539
-0.222256 -0.195739 -0.234676 -0.2149 -0.219913 -0.209892
-0.220135 -0.195696 -0.233091 -0.211692 -0.214764 -0.208476
-0.215119 -0.195714 -0.231101 -0.208816 -0.209714 -0.209167
-0.209908 -0.195401 -0.228194 -0.20519 -0.204082 -0.209679
-0.203948 -0.195217 -0.227066 -0.200002 -0.19873 -0.209756
-0.19761 -0.195375 -0.226427 -0.19314 -0.193116 -0.209458
-0.190518 -0.195938 -0.225737 -0.185187 -0.186433 -0.209087
-0.182568 -0.196341 -0.225988 -0.176462 -0.178325 -0.209194
-0.17352 -0.196482 -0.226088 -0.167454 -0.169327 -0.209352
-0.16342 -0.1971 -0.226401 -0.158262 -0.159508 -0.209604
-0.152785 -0.198614 -0.226604 -0.149481 -0.149343 -0.210214
-0.141964 -0.200243 -0.226921 -0.141504 -0.138993 -0.211178
-0.131789 -0.201931 -0.227721 -0.134159 -0.128895 -0.212501
-0.122352 -0.203805 -0.228483 -0.127642 -0.119553 -0.21401
-0.114207 -0.20565 -0.229491 -0.122044 -0.111317 -0.215442
-0.107283 -0.207201 -0.230424 -0.11715 -0.104118 -0.216757
-0.102318 -0.208847 -0.231428 -0.112876 -0.0984319 -0.217945
-0.0992064 -0.210315 -0.232759 -0.109305 -0.09431 -0.218903
-0.0977766 -0.211606 -0.233956 -0.106419 -0.0919741 -0.21957
-0.0976601 -0.213598 -0.23516 -0.1046 -0.0915426 -0.220912
-0.0987523 -0.214792 -0.2362 -0.104387 -0.0932491 -0.221951
-0.100854 -0.216196 -0.23701 -0.105565 -0.0965171 -0.222883
-0.104615 -0.217331 -0.237769 -0.10815 -0.101051 -0.223686
-0.109735 -0.218047 -0.238538 -0.111992 -0.106358 -0.224189
-0.116097 -0.219013 -0.239129 -0.117049 -0.112614 -0.224734
-0.123475 -0.219653 -0.239631 -0.123204 -0.119705 -0.225298
-0.1314 -0.219949 -0.24009 -0.129975 -0.127328 -0.225657
-0.139606 -0.220057 -0.240568 -0.137432 -0.135659 -0.225873
-0.147721 -0.220119 -0.241086 -0.145786 -0.144332 -0.225835
-0.155791 -0.220459 -0.241355 -0.154078 -0.152753 -0.225711
-0.163674 -0.22069 -0.241688 -0.162137 -0.160698 -0.225338
-0.17167 -0.220149 -0.240728 -0.171284 -0.168981 -0.224547
-0.181728 -0.219156 -0.237147 -0.183407 -0.180371 -0.223019
-0.191818 -0.218467 -0.234748 -0.196004 -0.192844 -0.222047
-0.19916 -0.217322 -0.2326 -0.208349 -0.204011 -0.220888
-0.205154 -0.215732 -0.23025 -0.216939 -0.21386 -0.218626
-0.210303 -0.213127 -0.228173 -0.215712 -0.214266 -0.215587
-0.216384 -0.209491 -0.224787 -0.21319 -0.213371 -0.213068
-0.220378 -0.205024 -0.221049 -0.212823 -0.21316 -0.210227
-0.219828 -0.199902 -0.218481 -0.210227 -0.212846 -0.206613
-0.22042 -0.195185 -0.214588 -0.20807 -0.213017 -0.201692
-0.220505 -0.188487 -0.208035 -0.206071 -0.212995 -0.194232
-0.220598 -0.181946 -0.200993 -0.20575 -0.213407 -0.18709
-0.220945 -0.174426 -0.192718 -0.205261 -0.213449 -0.17929
-0.221174 -0.165876 -0.183611 -0.205402 -0.213493 -0.170885
-0.221533 -0.156742 -0.174094 -0.205884 -0.214001 -0.161925
-0.222171 -0.147416 -0.164538 -0.206585 -0.214837 -0.152549
-0.222966 -0.137866 -0.155353 -0.207317 -0.216053 -0.142981
-0.224211 -0.128415 -0.146725 -0.208368 -0.217477 -0.133575
-0.225235 -0.119537 -0.13863 -0.209685 -0.219016 -0.124611
-0.226442 -0.111422 -0.131295 -0.210911 -0.220666 -0.116208
-0.227779 -0.103895 -0.125123 -0.212625 -0.222189 -0.108975
-0.228835 -0.0972884 -0.119952 -0.214235 -0.223177 -0.102924
-0.229774 -0.0920086 -0.115329 -0.215873 -0.224198 -0.0978895
-0.230377 -0.0881544 -0.112163 -0.217886 -0.224988 -0.094282
-0.230954 -0.0856824 -0.110542 -0.219681 -0.225638 -0.0925362
-0.231499 -0.0845509 -0.110305 -0.221299 -0.226501 -0.0921649
-0.231999 -0.0850789 -0.111583 -0.222758 -0.227382 -0.0927593
-0.232588 -0.0869762 -0.114233 -0.223844 -0.228094 -0.0949126
-0.233324 -0.0912069 -0.118894 -0.224987 -0.228869 -0.0991434
-0.23379 -0.0962227 -0.123676 -0.225828 -0.229527 -0.103874
-0.233999 -0.102483 -0.129494 -0.226814 -0.229895 -0.109819
-0.234224 -0.109611 -0.136427 -0.227527 -0.23006 -0.116848
-0.234397 -0.117417 -0.143929 -0.228128 -0.23018 -0.124685
-0.234479 -0.12562 -0.151888 -0.228623 -0.23021 -0.132821
-0.234447 -0.134173 -0.16012 -0.22901 -0.230351 -0.141225
-0.234376 -0.142776 -0.168251 -0.229253 -0.230194 -0.149571
-0.234467 -0.151303 -0.175975 -0.229181 -0.230073 -0.157666
-0.233409 -0.160548 -0.186621 -0.227113 -0.228958 -0.166478
-0.231921 -0.171244 -0.201811 -0.224983 -0.227285 -0.176438
-0.230572 -0.18206 -0.2165 -0.223396 -0.225791 -0.186098
-0.229059 -0.193164 -0.229316 -0.22123 -0.224059 -0.195257
-0.227031 -0.202745 -0.236755 -0.218349 -0.2216 -0.204573
-0.224454 -0.200962 -0.236928 -0.214938 -0.219309 -0.211314
-0.221047 -0.200027 -0.234209 -0.212063 -0.215522 -0.209932
-0.217597 -0.199871 -0.232203 -0.208578 -0.210387 -0.209079
-0.212383 -0.199817 -0.229792 -0.205321 -0.205574 -0.209075
-0.207135 -0.199325 -0.227857 -0.200854 -0.200008 -0.208828
-0.201122 -0.19898 -0.22691 -0.194746 -0.194654 -0.20862
-0.19432 -0.19931 -0.226155 -0.187195 -0.188533 -0.208383
-0.186684 -0.199666 -0.226265 -0.178851 -0.181275 -0.207887
-0.176214 -0.199645 -0.226259 -0.167935 -0.170863 -0.207826
-0.166452 -0.199977 -0.226707 -0.158814 -0.161453 -0.207989
-0.156092 -0.201262 -0.226888 -0.150062 -0.151474 -0.208517
-0.145363 -0.203065 -0.227333 -0.14196 -0.141195 -0.209485
-0.135096 -0.204985 -0.227904 -0.134655 -0.130934 -0.210866
-0.125671 -0.206837 -0.228832 -0.128147 -0.121299 -0.212372
-0.117606 -0.208492 -0.229701 -0.122528 -0.112584 -0.213862
-0.110836 -0.210167 -0.230607 -0.117344 -0.10496 -0.21524
-0.10546 -0.211768 -0.232043 -0.112981 -0.0988451 -0.216507
-0.10172 -0.213128 -0.233349 -0.109278 -0.0943899 -0.217623
-0.0999025 -0.214278 -0.234668 -0.106035 -0.0914594 -0.2184
-0.0993985 -0.215716 -0.235939 -0.103948 -0.09011 -0.219262
-0.0997382 -0.217302 -0.236894 -0.103169 -0.0905168 -0.220106
-0.101154 -0.218427 -0.237556 -0.10366 -0.0927109 -0.221295
-0.103987 -0.219786 -0.237996 -0.105441 -0.0964564 -0.222422
-0.108219 -0.220677 -0.238593 -0.108516 -0.101777 -0.223186
-0.113733 -0.221545 -0.239228 -0.112896 -0.108023 -0.223801
-0.120415 -0.222085 -0.239638 -0.118395 -0.115051 -0.224236
-0.128028 -0.222644 -0.240009 -0.124859 -0.122856 -0.224654
-0.136229 -0.222898 -0.240242 -0.131989 -0.131072 -0.224873
-0.144481 -0.222976 -0.240563 -0.140028 -0.13962 -0.225023
-0.152654 -0.22305 -0.240698 -0.148385 -0.148124 -0.225086
-0.160619 -0.223248 -0.240814 -0.156772 -0.156319 -0.224973
-0.168311 -0.222983 -0.24067 -0.164842 -0.164251 -0.224672
-0.177588 -0.222166 -0.237498 -0.176248 -0.174608 -0.223228
-0.188173 -0.221536 -0.234606 -0.188437 -0.187455 -0.222057
-0.196649 -0.220536 -0.232514 -0.200906 -0.199278 -0.220976
-0.203228 -0.219108 -0.230102 -0.213211 -0.210194 -0.219292
-0.208823 -0.216522 -0.228011 -0.219262 -0.214202 -0.216339
-0.214759 -0.212809 -0.22599 -0.217288 -0.213908 -0.213087
-0.220475 -0.208249 -0.222271 -0.215195 -0.212856 -0.210483
-0.219923 -0.20327 -0.218782 -0.214034 -0.212098 -0.207132
-0.219987 -0.198919 -0.215409 -0.21145 -0.21142 -0.202635
-0.219681 -0.193763 -0.210653 -0.209207 -0.211643 -0.196723
-0.219681 -0.187662 -0.204516 -0.207923 -0.211883 -0.1899
-0.22011 -0.180295 -0.196797 -0.207207 -0.212313 -0.182558
-0.220843 -0.172255 -0.18822 -0.206606 -0.21254 -0.174521
-0.221172 -0.16355 -0.178681 -0.206625 -0.212917 -0.165822
-0.221749 -0.154453 -0.168768 -0.206875 -0.213561 -0.156562
-0.222394 -0.145295 -0.15921 -0.207579 -0.214512 -0.147171
-0.223455 -0.135778 -0.149821 -0.208007 -0.215753 -0.137565
-0.224545 -0.126533 -0.141266 -0.20909 -0.217318 -0.128278
-0.225923 -0.117706 -0.13326 -0.210142 -0.218949 -0.119275
-0.227308 -0.109765 -0.126522 -0.211566 -0.22054 -0.111141
-0.228468 -0.102666 -0.12083 -0.213002 -0.221903 -0.104175
-0.229639 -0.096576 -0.1159 -0.214826 -0.222891 -0.0984353
-0.230361 -0.0920456 -0.111849 -0.216537 -0.223726 -0.0940764
-0.230962 -0.0888856 -0.109442 -0.218306 -0.224356 -0.0914505
-0.2316 -0.0871395 -0.108478 -0.220189 -0.224893 -0.0903378
-0.232102 -0.087024 -0.108698 -0.221871 -0.225474 -0.0906753
-0.232536 -0.0882726 -0.110107 -0.223394 -0.225996 -0.092095
-0.233189 -0.0910542 -0.113266 -0.224423 -0.226483 -0.0946737
-0.233792 -0.0951279 -0.117272 -0.22551 -0.227172 -0.0985601
-0.23425 -0.100484 -0.122401 -0.226471 -0.227578 -0.103631
-0.234504 -0.106934 -0.128779 -0.227182 -0.228007 -0.109966
-0.234641 -0.114281 -0.136248 -0.228106 -0.228185 -0.117543
-0.235013 -0.124034 -0.145851 -0.228689 -0.228191 -0.127166
-0.235096 -0.130849 -0.152401 -0.229058 -0.228308 -0.133619
-0.235166 -0.139504 -0.160761 -0.229308 -0.228378 -0.142015
-0.235266 -0.149651 -0.170492 -0.22944 -0.228521 -0.151918
-0.235023 -0.158107 -0.179606 -0.228478 -0.228133 -0.1604
-0.233675 -0.168055 -0.193297 -0.225837 -0.226699 -0.170374
-0.232475 -0.179 -0.209472 -0.224257 -0.22528 -0.18095
-0.231083 -0.190043 -0.22347 -0.222495 -0.223685 -0.190813
-0.22921 -0.200909 -0.235815 -0.220049 -0.221662 -0.200831
-0.227639 -0.20563 -0.237603 -0.217414 -0.219683 -0.208218
-0.22385 -0.202727 -0.23642 -0.213441 -0.216924 -0.211024
-0.221698 -0.203041 -0.234037 -0.211099 -0.212526 -0.209711
-0.216843 -0.202664 -0.23199 -0.207788 -0.207888 -0.209076
-0.211854 -0.202632 -0.229533 -0.204321 -0.202368 -0.209405
-0.206198 -0.201874 -0.228143 -0.199162 -0.196936 -0.209095
-0.198767 -0.201774 -0.226919 -0.190813 -0.189878 -0.208579
-0.191553 -0.201923 -0.227084 -0.1827 -0.183034 -0.208095
-0.183289 -0.201711 -0.227211 -0.17385 -0.174913 -0.207803
-0.174005 -0.20161 -0.227274 -0.16455 -0.165768 -0.207785
-0.163783 -0.20223 -0.227628 -0.155546 -0.155905 -0.208045
-0.153097 -0.203703 -0.227869 -0.146963 -0.145638 -0.20889
-0.142242 -0.205461 -0.228365 -0.139031 -0.135095 -0.210009
-0.132496 -0.207214 -0.229113 -0.132025 -0.125062 -0.211346
-0.123771 -0.208888 -0.229993 -0.125755 -0.115621 -0.21282
-0.11656 -0.210557 -0.231056 -0.120173 -0.107432 -0.21411
-0.110699 -0.212014 -0.232265 -0.115358 -0.100531 -0.215388
-0.106298 -0.21335 -0.23348 -0.111168 -0.0950638 -0.216522
-0.103521 -0.214548 -0.234864 -0.107772 -0.0913505 -0.217392
-0.102414 -0.215542 -0.236089 -0.105182 -0.089084 -0.218163
-0.102288 -0.216447 -0.237225 -0.10387 -0.0884484 -0.219181
-0.103276 -0.218215 -0.238129 -0.103742 -0.0895108 -0.220247
-0.10529 -0.219381 -0.2386 -0.10461 -0.0921817 -0.221279
-0.108587 -0.220247 -0.239012 -0.106695 -0.0963335 -0.222109
-0.113168 -0.220891 -0.239765 -0.110211 -0.10164 -0.222757
-0.11905 -0.22153 -0.240374 -0.114998 -0.10798 -0.22338
-0.125893 -0.221975 -0.240572 -0.12074 -0.115549 -0.223843
-0.133567 -0.22234 -0.240855 -0.127501 -0.123708 -0.224159
-0.141164 -0.222609 -0.241083 -0.13494 -0.132461 -0.224315
-0.149071 -0.222664 -0.241196 -0.143362 -0.141178 -0.224415
-0.1571 -0.222818 -0.241355 -0.151756 -0.149699 -0.224209
-0.164991 -0.222954 -0.24136 -0.159767 -0.157669 -0.224126
-0.172951 -0.222491 -0.240219 -0.168663 -0.166054 -0.223405
-0.182815 -0.221673 -0.23667 -0.18053 -0.17781 -0.221849
-0.192339 -0.22109 -0.234142 -0.192692 -0.190633 -0.220888
-0.199461 -0.219957 -0.231761 -0.205045 -0.202076 -0.219765
-0.205237 -0.218168 -0.229472 -0.217023 -0.212664 -0.217624
-0.21044 -0.215158 -0.227599 -0.219953 -0.213769 -0.214404
-0.216217 -0.211122 -0.225063 -0.217432 -0.213109 -0.211328
-0.222228 -0.206328 -0.221061 -0.216113 -0.212242 -0.208275
-0.22185 -0.201462 -0.217476 -0.214807 -0.21114 -0.204831
-0.221846 -0.196792 -0.213306 -0.212416 -0.209935 -0.199933
-0.221832 -0.191532 -0.208331 -0.210038 -0.20992 -0.19351
-0.221924 -0.18491 -0.201982 -0.208694 -0.210164 -0.186134
-0.222544 -0.177183 -0.194105 -0.207593 -0.210848 -0.178219
-0.22335 -0.168794 -0.185328 -0.206968 -0.211175 -0.169832
-0.224003 -0.159851 -0.175906 -0.207017 -0.211441 -0.161185
-0.224547 -0.15062 -0.165968 -0.207305 -0.211935 -0.152089
-0.225067 -0.141299 -0.156241 -0.208014 -0.212889 -0.142846
-0.225867 -0.132004 -0.147214 -0.208534 -0.214135 -0.13346
-0.226941 -0.122889 -0.138976 -0.209585 -0.215714 -0.124272
-0.228093 -0.114429 -0.131645 -0.210759 -0.217239 -0.115601
-0.229268 -0.106663 -0.125131 -0.212129 -0.218822 -0.107674
-0.230298 -0.0999228 -0.119522 -0.213829 -0.220136 -0.100915
-0.231286 -0.0945931 -0.114684 -0.215378 -0.22123 -0.0956484
-0.232018 -0.0904769 -0.11128 -0.217155 -0.221995 -0.0917721
-0.232634 -0.0877948 -0.109621 -0.219048 -0.22272 -0.0898165
-0.2332 -0.0865407 -0.109416 -0.221003 -0.223365 -0.0894188
-0.233679 -0.0870197 -0.110243 -0.222391 -0.224129 -0.0899936
-0.234196 -0.0889439 -0.112806 -0.223559 -0.224895 -0.0918749
-0.234935 -0.0920972 -0.116508 -0.224585 -0.225744 -0.0950937
-0.235379 -0.0966358 -0.121062 -0.225767 -0.226253 -0.0995442
-0.235655 -0.102459 -0.126629 -0.226783 -0.22664 -0.105278
-0.235958 -0.109228 -0.133123 -0.227735 -0.226775 -0.112028
-0.236191 -0.116996 -0.140571 -0.22831 -0.226849 -0.119593
-0.236296 -0.125009 -0.148461 -0.228719 -0.227096 -0.12762
-0.23635 -0.133418 -0.15675 -0.229244 -0.227216 -0.135892
-0.236419 -0.142133 -0.164956 -0.229764 -0.227158 -0.144392
-0.236422 -0.150563 -0.172813 -0.229964 -0.226973 -0.15272
-0.235521 -0.159607 -0.182456 -0.228633 -0.226206 -0.16146
-0.233888 -0.170115 -0.197112 -0.226097 -0.224407 -0.17119
-0.232465 -0.181262 -0.213168 -0.224452 -0.22283 -0.181024
-0.231116 -0.192408 -0.227117 -0.222744 -0.221155 -0.190248
-0.229338 -0.202844 -0.238441 -0.220315 -0.218991 -0.199689
-0.227828 -0.205186 -0.239629 -0.217052 -0.216642 -0.207784
-0.22423 -0.203185 -0.237602 -0.213463 -0.214341 -0.212098
-0.221652 -0.20314 -0.23509 -0.209737 -0.209271 -0.210457
-0.2162 -0.202969 -0.232842 -0.206735 -0.203672 -0.210404
-0.210678 -0.202777 -0.229823 -0.202788 -0.197922 -0.21058
-0.204551 -0.202336 -0.228511 -0.197086 -0.192246 -0.210259
-0.198151 -0.202349 -0.228029 -0.189974 -0.186364 -0.209678
-0.190989 -0.202313 -0.227556 -0.181793 -0.179617 -0.208863
-0.182839 -0.202309 -0.227372 -0.172779 -0.171558 -0.208347
-0.173576 -0.202392 -0.227507 -0.163477 -0.16258 -0.208263
-0.163447 -0.20289 -0.227672 -0.154389 -0.152718 -0.208391
-0.152678 -0.204093 -0.227986 -0.145835 -0.142685 -0.209124
-0.141876 -0.205797 -0.228484 -0.138001 -0.132596 -0.210136
-0.131679 -0.207506 -0.229082 -0.131178 -0.122925 -0.211456
-0.122607 -0.209038 -0.229794 -0.125173 -0.113926 -0.212957
-0.114792 -0.210588 -0.230697 -0.119675 -0.105706 -0.214243
-0.108637 -0.212245 -0.23202 -0.114825 -0.0989637 -0.215472
-0.103956 -0.213444 -0.233277 -0.110714 -0.0935272 -0.2167
-0.101003 -0.21437 -0.234505 -0.107249 -0.089782 -0.217604
-0.099503 -0.215544 -0.235557 -0.104694 -0.0877127 -0.218623
-0.0990327 -0.216887 -0.236794 -0.103364 -0.0874441 -0.219771
-0.100077 -0.218134 -0.237755 -0.102927 -0.08869 -0.220867
-0.102923 -0.219395 -0.238484 -0.104082 -0.0915939 -0.22209
-0.106871 -0.220461 -0.239026 -0.106518 -0.0962102 -0.223089
-0.111983 -0.221407 -0.239499 -0.110255 -0.102004 -0.223875
-0.117951 -0.222066 -0.24023 -0.115239 -0.108513 -0.224501
-0.126509 -0.222653 -0.240821 -0.122478 -0.11755 -0.225118
-0.13435 -0.223182 -0.240969 -0.129431 -0.125825 -0.225509
-0.14277 -0.223562 -0.241095 -0.137509 -0.134351 -0.22584
-0.151122 -0.223793 -0.24127 -0.145718 -0.142596 -0.226003
-0.15957 -0.22388 -0.241414 -0.154037 -0.150812 -0.226217
-0.167505 -0.223806 -0.24153 -0.161992 -0.158648 -0.225992
-0.176498 -0.22313 -0.239236 -0.172137 -0.168361 -0.224893
-0.187131 -0.222552 -0.236481 -0.183971 -0.181178 -0.223649
-0.196602 -0.221864 -0.234024 -0.196176 -0.193632 -0.222746
-0.203615 -0.220444 -0.231686 -0.2084 -0.204487 -0.22138
-0.209525 -0.218367 -0.229673 -0.219769 -0.213262 -0.218856
-0.215224 -0.214826 -0.227535 -0.221772 -0.213332 -0.215431
-0.221205 -0.210552 -0.22441 -0.219289 -0.212452 -0.212497
-0.223917 -0.205571 -0.220315 -0.217665 -0.211339 -0.209064
-0.222942 -0.200659 -0.21686 -0.216131 -0.210338 -0.205089
-0.222944 -0.195865 -0.212512 -0.213511 -0.209728 -0.199636
-0.222467 -0.190028 -0.207026 -0.21159 -0.20996 -0.192847
-0.222767 -0.183004 -0.200007 -0.21055 -0.21012 -0.185528
-0.22342 -0.175126 -0.191644 -0.209327 -0.210628 -0.177652
-0.223877 -0.166554 -0.18225 -0.209009 -0.210963 -0.16913
-0.224195 -0.15763 -0.172462 -0.208845 -0.211483 -0.160155
-0.224794 -0.148421 -0.162562 -0.209399 -0.212215 -0.150902
-0.225457 -0.139104 -0.15299 -0.210004 -0.213346 -0.141479
-0.226342 -0.129782 -0.144163 -0.210654 -0.214663 -0.132104
-0.227537 -0.120811 -0.136149 -0.21151 -0.216254 -0.12292
-0.228862 -0.112687 -0.12925 -0.212586 -0.217899 -0.114291
-0.230185 -0.10534 -0.123047 -0.213949 -0.219361 -0.106657
-0.231297 -0.0992521 -0.117761 -0.215349 -0.22063 -0.100279
-0.232204 -0.0943502 -0.113474 -0.216977 -0.221821 -0.0954362
-0.232839 -0.0907294 -0.11037 -0.218761 -0.222587 -0.0921708
-0.233399 -0.0885584 -0.108831 -0.220632 -0.223281 -0.0906537
-0.233912 -0.0876635 -0.10873 -0.222071 -0.224082 -0.0908262
-0.234474 -0.0884534 -0.109765 -0.223391 -0.224957 -0.0917533
-0.235192 -0.0905909 -0.11252 -0.224392 -0.225829 -0.0939062
-0.235715 -0.0940785 -0.116359 -0.225384 -0.226479 -0.0973632
-0.236118 -0.0989185 -0.121076 -0.226405 -0.227153 -0.102186
-0.236508 -0.10511 -0.127135 -0.227082 -0.227483 -0.108371
-0.236817 -0.112149 -0.134181 -0.227859 -0.227838 -0.115599
-0.236988 -0.11997 -0.142177 -0.228345 -0.227881 -0.123391
-0.237025 -0.128144 -0.150147 -0.22882 -0.22797 -0.131406
-0.236995 -0.136634 -0.158381 -0.229251 -0.227988 -0.139933
-0.236969 -0.145092 -0.166428 -0.229434 -0.227879 -0.148301
-0.236854 -0.153471 -0.174174 -0.229414 -0.227855 -0.156459
-0.23566 -0.162645 -0.185069 -0.227481 -0.226856 -0.165397
-0.234073 -0.172784 -0.20059 -0.225297 -0.225213 -0.174953
-0.232653 -0.183093 -0.215944 -0.223638 -0.223609 -0.1841
-0.231083 -0.193822 -0.229433 -0.221582 -0.221991 -0.193144
-0.229294 -0.203522 -0.240076 -0.218916 -0.219533 -0.202144
-0.22719 -0.203503 -0.240406 -0.215595 -0.217005 -0.209758
-0.223205 -0.202091 -0.238162 -0.21221 -0.21384 -0.212122
-0.220103 -0.201818 -0.235762 -0.208334 -0.207971 -0.210644
-0.21469 -0.201504 -0.233382 -0.205021 -0.202919 -0.210228
-0.209139 -0.200965 -0.230473 -0.200531 -0.197063 -0.210106
-0.202851 -0.200205 -0.229382 -0.194578 -0.191343 -0.209754
-0.196317 -0.200287 -0.228967 -0.187196 -0.185246 -0.209308
-0.188644 -0.200315 -0.228564 -0.178763 -0.178 -0.208464
-0.180243 -0.200315 -0.228651 -0.169538 -0.169563 -0.208215
-0.170932 -0.200359 -0.228853 -0.160377 -0.160505 -0.208211
-0.160692 -0.20111 -0.229054 -0.151342 -0.150733 -0.208497
-0.149977 -0.202543 -0.229329 -0.142994 -0.140792 -0.209363
-0.139274 -0.204211 -0.229935 -0.135639 -0.130932 -0.210459
-0.129045 -0.206036 -0.230421 -0.129047 -0.121342 -0.212013
-0.119921 -0.208032 -0.231355 -0.123262 -0.112445 -0.213588
-0.112866 -0.209643 -0.232198 -0.118035 -0.104721 -0.214951
-0.107364 -0.211115 -0.233277 -0.113501 -0.0982743 -0.216207
-0.103425 -0.212291 -0.234575 -0.109698 -0.0932398 -0.217395
-0.101108 -0.213373 -0.235725 -0.106504 -0.089993 -0.2184
-0.100243 -0.214405 -0.23694 -0.104297 -0.0883909 -0.219494
-0.100244 -0.215339 -0.238123 -0.103318 -0.0885824 -0.220583
-0.101982 -0.216668 -0.239049 -0.103143 -0.0902408 -0.22146
-0.10533 -0.2177 -0.239819 -0.104571 -0.0933291 -0.222418
-0.110849 -0.218494 -0.240525 -0.108021 -0.0990319 -0.223039
-0.116577 -0.21925 -0.241125 -0.112504 -0.105142 -0.223921
-0.123237 -0.219751 -0.241683 -0.118027 -0.112225 -0.224653
-0.1304 -0.220111 -0.242236 -0.12455 -0.120153 -0.224907
-0.138105 -0.220321 -0.242677 -0.131576 -0.128795 -0.224994
-0.146159 -0.220511 -0.242997 -0.139454 -0.137562 -0.224921
-0.154448 -0.220689 -0.24326 -0.147538 -0.145887 -0.224803
-0.162626 -0.220641 -0.243516 -0.155644 -0.153881 -0.22493
-0.170318 -0.220322 -0.243469 -0.163714 -0.1615 -0.224634
-0.179442 -0.219634 -0.241109 -0.174281 -0.171948 -0.223336
-0.189863 -0.219166 -0.238832 -0.185219 -0.185245 -0.222017
-0.197914 -0.218115 -0.236379 -0.196316 -0.197435 -0.221002
-0.204506 -0.216619 -0.233979 -0.207532 -0.208392 -0.219508
-0.21015 -0.214189 -0.232185 -0.217196 -0.217591 -0.216765
-0.21579 -0.210316 -0.229769 -0.21855 -0.217398 -0.213322
-0.221669 -0.205749 -0.226406 -0.216128 -0.216882 -0.209819
-0.225121 -0.200518 -0.222332 -0.214483 -0.215689 -0.206067
-0.224184 -0.195282 -0.218549 -0.212969 -0.214546 -0.202022
-0.223955 -0.1904 -0.213727 -0.210344 -0.213532 -0.196275
-0.223388 -0.184457 -0.207819 -0.207833 -0.213662 -0.189222
-0.223922 -0.177227 -0.200437 -0.20661 -0.213967 -0.181459
-0.224464 -0.169144 -0.191749 -0.20516 -0.214475 -0.173127
-0.225209 -0.160491 -0.182214 -0.204773 -0.214908 -0.164509
-0.22552 -0.151427 -0.172 -0.204834 -0.215468 -0.155472
-0.2259 -0.142183 -0.161805 -0.205429 -0.216061 -0.1464
-0.226172 -0.132702 -0.151804 -0.206214 -0.216853 -0.137106
-0.226845 -0.123439 -0.142617 -0.207249 -0.217903 -0.127922
-0.227651 -0.1148 -0.134666 -0.2084 -0.219145 -0.119039
-0.228555 -0.106707 -0.127777 -0.209823 -0.220186 -0.110663
-0.229603 -0.0994704 -0.121908 -0.211393 -0.221512 -0.103343
-0.230606 -0.093348 -0.117008 -0.212861 -0.222423 -0.0972472
-0.231405 -0.0888128 -0.113054 -0.214611 -0.223213 -0.0926189
-0.232102 -0.085575 -0.110627 -0.216406 -0.224034 -0.0897973
-0.232746 -0.0837628 -0.109667 -0.218193 -0.224879 -0.0886114
-0.233384 -0.0833879 -0.109877 -0.219534 -0.225641 -0.0887301
-0.234041 -0.0843391 -0.11145 -0.220747 -0.226461 -0.0899339
-0.234979 -0.0868968 -0.114666 -0.221969 -0.227112 -0.0925087
-0.235595 -0.0908336 -0.118888 -0.223083 -0.227616 -0.0963065
-0.235958 -0.0962227 -0.124031 -0.224261 -0.228117 -0.101434
-0.236161 -0.102853 -0.130311 -0.225165 -0.228345 -0.107845
-0.236495 -0.110088 -0.137592 -0.225945 -0.22849 -0.115391
-0.236763 -0.117982 -0.145806 -0.226446 -0.228547 -0.123456
-0.236791 -0.126314 -0.154168 -0.226903 -0.228689 -0.131757
-0.237028 -0.134726 -0.162286 -0.227483 -0.228838 -0.140195
-0.237015 -0.143262 -0.170474 -0.227831 -0.228944 -0.148631
-0.236862 -0.1517 -0.178648 -0.227549 -0.228749 -0.156825
-0.235319 -0.161785 -0.191692 -0.225167 -0.227503 -0.16602
-0.233682 -0.172657 -0.208096 -0.223422 -0.22619 -0.175614
-0.232304 -0.183857 -0.222903 -0.221751 -0.224579 -0.184518
-0.230993 -0.195411 -0.235937 -0.219687 -0.222777 -0.193718
-0.228973 -0.20457 -0.243018 -0.216822 -0.220348 -0.202141
-0.226373 -0.20311 -0.242118 -0.213627 -0.218232 -0.20892
-0.222904 -0.202129 -0.239264 -0.2098 -0.214534 -0.210324
-0.218889 -0.202038 -0.237369 -0.206213 -0.207999 -0.209269
-0.212963 -0.201703 -0.234199 -0.202621 -0.202823 -0.208708
-0.207001 -0.201031 -0.231525 -0.197516 -0.196656 -0.208572
-0.20067 -0.200558 -0.23082 -0.19096 -0.190705 -0.208071
-0.194013 -0.200535 -0.230124 -0.183198 -0.184327 -0.207211
-0.186161 -0.200717 -0.229426 -0.17437 -0.17654 -0.206762
-0.177591 -0.200829 -0.229287 -0.165167 -0.167703 -0.206762
-0.168246 -0.200943 -0.229413 -0.155952 -0.158004 -0.20692
-0.15819 -0.20176 -0.229638 -0.147053 -0.147854 -0.207552
-0.147959 -0.203165 -0.230082 -0.13896 -0.137853 -0.20857
-0.138114 -0.204772 -0.230509 -0.131725 -0.128236 -0.209708
-0.129096 -0.206287 -0.231136 -0.125446 -0.119342 -0.211264
-0.12097 -0.208044 -0.232081 -0.120076 -0.111577 -0.212985
-0.114039 -0.209913 -0.233231 -0.115562 -0.104942 -0.214257
-0.108571 -0.21145 -0.234234 -0.111685 -0.0994504 -0.215199
-0.105209 -0.212823 -0.235527 -0.108267 -0.0951444 -0.216281
-0.103529 -0.215848 -0.237944 -0.10357 -0.0908991 -0.218459
-0.104274 -0.21722 -0.238616 -0.103112 -0.0919192 -0.219513
-0.105952 -0.218668 -0.239063 -0.103836 -0.0944418 -0.220912
-0.108651 -0.219796 -0.239299 -0.105936 -0.0983503 -0.22202
-0.113083 -0.22097 -0.239585 -0.109344 -0.10333 -0.222842
-0.119208 -0.221933 -0.239917 -0.113762 -0.109422 -0.223574
-0.126536 -0.222616 -0.240048 -0.119333 -0.116574 -0.224342
-0.13445 -0.223078 -0.240177 -0.125724 -0.124027 -0.224908
-0.142458 -0.223274 -0.240195 -0.132706 -0.132184 -0.225338
-0.150411 -0.223536 -0.240135 -0.140573 -0.140579 -0.225623
-0.158073 -0.223793 -0.240538 -0.148553 -0.149014 -0.225527
-0.165638 -0.224136 -0.240388 -0.156646 -0.156977 -0.22538
-0.173634 -0.223916 -0.239383 -0.165095 -0.165434 -0.224724
-0.183662 -0.223375 -0.236668 -0.175213 -0.177691 -0.223184
-0.193507 -0.222978 -0.234721 -0.185022 -0.19109 -0.222064
-0.200556 -0.221947 -0.232552 -0.194939 -0.202553 -0.220798
-0.206157 -0.220006 -0.230296 -0.205233 -0.213068 -0.218848
-0.212469 -0.216056 -0.228071 -0.214544 -0.214353 -0.214847
-0.217251 -0.211927 -0.2261 -0.21747 -0.214711 -0.211859
-0.222916 -0.206026 -0.22356 -0.216158 -0.214887 -0.208207
-0.22456 -0.200799 -0.219187 -0.214202 -0.212497 -0.203922
-0.223834 -0.194901 -0.214219 -0.213375 -0.210823 -0.199453
-0.223264 -0.189881 -0.208764 -0.209861 -0.209839 -0.192986
-0.222724 -0.183302 -0.202308 -0.207749 -0.210346 -0.18523
-0.223485 -0.175563 -0.194509 -0.206218 -0.211491 -0.176997
-0.224704 -0.166928 -0.185497 -0.204502 -0.212267 -0.168445
-0.225778 -0.157948 -0.175546 -0.204072 -0.212879 -0.159543
-0.226412 -0.148909 -0.164983 -0.204238 -0.213582 -0.150586
-0.226656 -0.139808 -0.154498 -0.205295 -0.214368 -0.141472
-0.226884 -0.130653 -0.145082 -0.206381 -0.214885 -0.132472
-0.227342 -0.121965 -0.137065 -0.207359 -0.215748 -0.123671
-0.228194 -0.113772 -0.130652 -0.208564 -0.217144 -0.115168
-0.229187 -0.106069 -0.125503 -0.209821 -0.218692 -0.107424
-0.230365 -0.0994509 -0.121152 -0.21106 -0.220243 -0.101013
-0.231445 -0.0940454 -0.117181 -0.212654 -0.221694 -0.0958921
-0.232184 -0.0899462 -0.113734 -0.214218 -0.222492 -0.0922189
-0.232918 -0.0875642 -0.111791 -0.215955 -0.223357 -0.0902787
-0.233605 -0.0866216 -0.111157 -0.217658 -0.224242 -0.0898398
-0.23416 -0.0873496 -0.112056 -0.218979 -0.225097 -0.0902659
-0.235022 -0.0894257 -0.114592 -0.220073 -0.225974 -0.0921555
-0.23554 -0.0928044 -0.118291 -0.220993 -0.226845 -0.0954271
-0.236292 -0.0974879 -0.122614 -0.221891 -0.227763 -0.0998418
-0.236586 -0.103326 -0.127911 -0.222816 -0.22832 -0.105592
-0.236878 -0.110108 -0.134387 -0.223633 -0.228553 -0.112476
-0.237021 -0.117677 -0.14146 -0.224415 -0.228596 -0.119997
-0.23713 -0.125812 -0.148856 -0.224902 -0.228718 -0.127957
-0.236939 -0.134111 -0.15659 -0.225209 -0.228989 -0.13607
-0.237071 -0.14248 -0.164439 -0.225481 -0.229219 -0.144405
-0.23717 -0.15078 -0.17222 -0.225453 -0.229305 -0.152402
-0.236511 -0.15941 -0.181809 -0.224096 -0.228839 -0.160777
-0.235066 -0.169176 -0.196628 -0.221839 -0.227672 -0.170075
-0.233634 -0.179271 -0.212085 -0.220376 -0.225999 -0.179234
-0.232259 -0.189996 -0.225259 -0.218632 -0.224309 -0.188361
-0.230606 -0.199728 -0.236976 -0.216062 -0.22205 -0.197721
-0.227938 -0.202937 -0.243248 -0.212878 -0.219243 -0.20599
-0.224265 -0.200855 -0.242008 -0.209809 -0.215848 -0.211364
-0.220762 -0.200134 -0.239144 -0.206288 -0.210096 -0.210262
-0.215515 -0.199318 -0.237041 -0.202583 -0.204415 -0.209084
-0.210179 -0.198568 -0.234562 -0.198153 -0.199324 -0.207749
-0.204208 -0.197607 -0.232618 -0.192216 -0.193519 -0.207175
-0.19794 -0.197343 -0.231862 -0.184981 -0.187554 -0.206343
-0.190387 -0.19753 -0.231019 -0.176785 -0.180533 -0.205708
-0.181979 -0.197711 -0.230353 -0.167799 -0.172429 -0.205416
-0.172765 -0.197823 -0.230329 -0.158427 -0.163232 -0.205455
-0.162929 -0.198577 -0.230574 -0.149481 -0.153555 -0.205651
-0.152712 -0.200013 -0.230956 -0.141002 -0.143859 -0.206255
-0.142542 -0.201631 -0.231323 -0.133475 -0.134389 -0.207319
-0.132766 -0.203158 -0.23188 -0.126899 -0.125261 -0.208559
-0.12367 -0.204818 -0.232685 -0.121332 -0.116555 -0.21023
-0.115753 -0.206588 -0.233783 -0.116566 -0.108996 -0.211687
-0.109707 -0.208488 -0.234685 -0.112128 -0.102656 -0.212636
-0.10578 -0.210208 -0.23588 -0.108283 -0.0972513 -0.214131
-0.103597 -0.211542 -0.23705 -0.105435 -0.0933847 -0.215411
-0.10297 -0.212738 -0.237849 -0.103422 -0.0909898 -0.216551
-0.103219 -0.214394 -0.238714 -0.102288 -0.0904184 -0.218083
-0.104178 -0.216219 -0.23912 -0.10189 -0.0916018 -0.219631
-0.106248 -0.217487 -0.239218 -0.102808 -0.0943625 -0.220925
-0.109595 -0.21877 -0.23956 -0.104842 -0.0986272 -0.22215
-0.11442 -0.219812 -0.23981 -0.108036 -0.104023 -0.222965
-0.120836 -0.220582 -0.240089 -0.112496 -0.110406 -0.223636
-0.128169 -0.221056 -0.240354 -0.117996 -0.117782 -0.224282
-0.136123 -0.221411 -0.240468 -0.124462 -0.125675 -0.224588
-0.144059 -0.221771 -0.24052 -0.131434 -0.133835 -0.224878
-0.152018 -0.222056 -0.240765 -0.139288 -0.142261 -0.224923
-0.15966 -0.22238 -0.240671 -0.147375 -0.15049 -0.225021
-0.1672 -0.222742 -0.240628 -0.155519 -0.158357 -0.224881
-0.175382 -0.222287 -0.238999 -0.164753 -0.167297 -0.223989
-0.185888 -0.221778 -0.236295 -0.175258 -0.179793 -0.222833
-0.195362 -0.221273 -0.234284 -0.185927 -0.192355 -0.221865
-0.202202 -0.22003 -0.231722 -0.196787 -0.203276 -0.220617
-0.207916 -0.218112 -0.229592 -0.207479 -0.213324 -0.218213
-0.213142 -0.214792 -0.227454 -0.215498 -0.21442 -0.215087
-0.218824 -0.209721 -0.224545 -0.218136 -0.214194 -0.211129
-0.218777 -0.203829 -0.222481 -0.216323 -0.214145 -0.207489
-0.217629 -0.199026 -0.219125 -0.214609 -0.212912 -0.203144
-0.217323 -0.194322 -0.214449 -0.213656 -0.211744 -0.198309
-0.216692 -0.189045 -0.208688 -0.210997 -0.210708 -0.192027
-0.21673 -0.18213 -0.201677 -0.209735 -0.210942 -0.184645
-0.217461 -0.174182 -0.193564 -0.20849 -0.211564 -0.176433
-0.218339 -0.165368 -0.184624 -0.207312 -0.212655 -0.167734
-0.219481 -0.156142 -0.175164 -0.207129 -0.213843 -0.158671
-0.220539 -0.146742 -0.165429 -0.207102 -0.214902 -0.149376
-0.221514 -0.137247 -0.155497 -0.208125 -0.216112 -0.140224
-0.22233 -0.128236 -0.146177 -0.209197 -0.21725 -0.131264
-0.223216 -0.119507 -0.137673 -0.210392 -0.218177 -0.122459
-0.224128 -0.111401 -0.130512 -0.211891 -0.219217 -0.114058
-0.225009 -0.103851 -0.124486 -0.21319 -0.220362 -0.106211
-0.226047 -0.0970125 -0.119738 -0.214577 -0.221624 -0.0996568
-0.227136 -0.0915272 -0.115872 -0.216074 -0.222996 -0.0944707
-0.228232 -0.0875642 -0.113183 -0.217617 -0.224296 -0.0909748
-0.229062 -0.0852931 -0.111992 -0.219433 -0.225228 -0.0892401
-0.229773 -0.0843798 -0.111618 -0.220768 -0.226001 -0.0889615
-0.230498 -0.0850128 -0.112567 -0.222229 -0.226832 -0.0897053
-0.231285 -0.0870395 -0.114949 -0.223319 -0.22752 -0.0917156
-0.231992 -0.0906206 -0.118553 -0.224545 -0.227879 -0.0950671
-0.232428 -0.0953768 -0.122826 -0.225662 -0.228114 -0.0996787
-0.232736 -0.101418 -0.12817 -0.226603 -0.228251 -0.105408
-0.233003 -0.108378 -0.134732 -0.227288 -0.228404 -0.112086
-0.233248 -0.115821 -0.142054 -0.228005 -0.228581 -0.119624
-0.23333 -0.123745 -0.149864 -0.228376 -0.22874 -0.127781
-0.233521 -0.132074 -0.157823 -0.228812 -0.228869 -0.136135
-0.233514 -0.140771 -0.165699 -0.229042 -0.228835 -0.144426
-0.233486 -0.149206 -0.173226 -0.229188 -0.228824 -0.152433
-0.232459 -0.158415 -0.183695 -0.227582 -0.227869 -0.161249
-0.230883 -0.168476 -0.198952 -0.225633 -0.226085 -0.170917
-0.229519 -0.178701 -0.214393 -0.224296 -0.224461 -0.180526
-0.228093 -0.1897 -0.227484 -0.222395 -0.222682 -0.190366
-0.226325 -0.199078 -0.235196 -0.219736 -0.220344 -0.200226
-0.224779 -0.205912 -0.235412 -0.216462 -0.218434 -0.20862
-0.222898 -0.206723 -0.233654 -0.212105 -0.216683 -0.212263
-0.218119 -0.206436 -0.231841 -0.208133 -0.212091 -0.210707
-0.212972 -0.206724 -0.227396 -0.204932 -0.206414 -0.209829
-0.205974 -0.206341 -0.223167 -0.200718 -0.199074 -0.21076
-0.199632 -0.206058 -0.221772 -0.19456 -0.19237 -0.210483
-0.193097 -0.205948 -0.22027 -0.186988 -0.186358 -0.20908
-0.186316 -0.205785 -0.219789 -0.178144 -0.179571 -0.208207
-0.178465 -0.205325 -0.220162 -0.168881 -0.17163 -0.207362
-0.169416 -0.204975 -0.22016 -0.159537 -0.162362 -0.206756
-0.159439 -0.205334 -0.220438 -0.150471 -0.15197 -0.206794
-0.148881 -0.206516 -0.220941 -0.142183 -0.141293 -0.207583
-0.138325 -0.208318 -0.221336 -0.13468 -0.13114 -0.208545
-0.128474 -0.210206 -0.222136 -0.1281 -0.121676 -0.209836
-0.119568 -0.211815 -0.223153 -0.122182 -0.113258 -0.211215
-0.111912 -0.213127 -0.224346 -0.117302 -0.106408 -0.212448
-0.105738 -0.214709 -0.22601 -0.112785 -0.101037 -0.213635
-0.101709 -0.216491 -0.227693 -0.108859 -0.0971227 -0.214579
-0.0993347 -0.217507 -0.229403 -0.10575 -0.0941123 -0.215501
-0.0985834 -0.218422 -0.230516 -0.103661 -0.0922571 -0.216898
-0.0988481 -0.220206 -0.231652 -0.103182 -0.0918605 -0.218583
-0.099504 -0.221856 -0.232486 -0.103408 -0.0931721 -0.220232
-0.101455 -0.222975 -0.233042 -0.104892 -0.0963852 -0.22187
-0.104817 -0.223957 -0.2339 -0.107508 -0.101084 -0.223104
-0.109833 -0.224757 -0.234463 -0.111421 -0.106944 -0.224181
-0.116335 -0.225404 -0.235473 -0.116115 -0.113492 -0.224623
-0.124123 -0.226109 -0.236154 -0.122017 -0.120844 -0.225305
-0.132495 -0.226809 -0.236525 -0.128474 -0.128526 -0.225742
-0.140845 -0.227059 -0.236993 -0.135819 -0.136288 -0.225926
-0.14893 -0.227243 -0.237276 -0.143795 -0.144212 -0.226175
-0.156647 -0.227417 -0.237519 -0.152039 -0.15208 -0.22623
-0.164055 -0.227617 -0.237517 -0.159934 -0.159571 -0.226036
-0.172572 -0.227315 -0.2361 -0.169448 -0.169327 -0.224961
-0.18354 -0.226943 -0.233888 -0.17961 -0.182378 -0.22379
-0.192751 -0.226343 -0.231616 -0.189653 -0.194252 -0.2227
-0.199851 -0.225148 -0.229294 -0.200091 -0.204478 -0.221269
-0.205811 -0.223023 -0.227458 -0.210279 -0.211464 -0.21896
-0.211511 -0.219281 -0.225028 -0.217846 -0.211429 -0.215496
-0.217762 -0.214004 -0.222488 -0.221015 -0.211858 -0.211605
-0.218564 -0.208325 -0.220004 -0.219311 -0.211612 -0.207605
-0.217268 -0.203214 -0.215839 -0.21726 -0.210078 -0.20342
-0.216791 -0.198267 -0.210823 -0.215814 -0.209058 -0.198243
-0.216065 -0.191208 -0.203582 -0.212427 -0.208422 -0.190225
-0.216333 -0.183729 -0.195841 -0.211296 -0.20887 -0.182536
-0.216925 -0.17726 -0.189121 -0.20978 -0.209299 -0.175911
-0.21808 -0.16653 -0.177903 -0.208987 -0.210409 -0.165467
-0.218883 -0.157353 -0.168032 -0.208734 -0.211232 -0.15652
-0.219634 -0.149812 -0.159988 -0.208865 -0.212172 -0.149059
-0.220743 -0.138742 -0.148478 -0.209655 -0.213483 -0.138042
-0.221653 -0.129658 -0.139615 -0.210477 -0.214827 -0.128944
-0.222534 -0.121177 -0.131986 -0.211583 -0.216217 -0.120093
-0.22357 -0.113408 -0.125259 -0.21296 -0.217456 -0.111943
-0.224693 -0.106434 -0.119838 -0.214181 -0.218716 -0.104526
-0.225775 -0.100356 -0.115324 -0.215679 -0.220014 -0.0983802
-0.22683 -0.0954881 -0.111974 -0.217441 -0.221217 -0.0938561
-0.227683 -0.0920931 -0.109597 -0.219068 -0.22224 -0.0908861
-0.228405 -0.0901843 -0.108486 -0.220819 -0.223139 -0.0897941
-0.228999 -0.0898855 -0.108456 -0.222231 -0.223906 -0.0898379
-0.229664 -0.0911814 -0.109595 -0.223719 -0.224597 -0.0911096
-0.230589 -0.0937677 -0.112344 -0.224872 -0.225417 -0.0936087
-0.231178 -0.0976794 -0.116112 -0.225923 -0.226008 -0.0973428
-0.231736 -0.10285 -0.12084 -0.226863 -0.226544 -0.102394
-0.232194 -0.109017 -0.126655 -0.227538 -0.22675 -0.108645
-0.232598 -0.11633 -0.133599 -0.228373 -0.22688 -0.115875
-0.232807 -0.124258 -0.141177 -0.229119 -0.22698 -0.123763
-0.232802 -0.132451 -0.148903 -0.229669 -0.227054 -0.131959
-0.232853 -0.140794 -0.156738 -0.230037 -0.227188 -0.140305
-0.232825 -0.149183 -0.164517 -0.230306 -0.227162 -0.148507
-0.232847 -0.157379 -0.172138 -0.230275 -0.227218 -0.156452
-0.231693 -0.166161 -0.184048 -0.228065 -0.226084 -0.165613
-0.230107 -0.17535 -0.199766 -0.226334 -0.224298 -0.175108
-0.228491 -0.184681 -0.214557 -0.224905 -0.222593 -0.184634
-0.227111 -0.194366 -0.227334 -0.222776 -0.22089 -0.19434
-0.225294 -0.202308 -0.234145 -0.219909 -0.218221 -0.203644
-0.223774 -0.20814 -0.234132 -0.216673 -0.216618 -0.211257
-0.221465 -0.207499 -0.232372 -0.211976 -0.21456 -0.211997
-0.216093 -0.207789 -0.2303 -0.207959 -0.209261 -0.21065
-0.210564 -0.207614 -0.225663 -0.204614 -0.203512 -0.209706
-0.203835 -0.206885 -0.222264 -0.199703 -0.195993 -0.210202
-0.197241 -0.206382 -0.221315 -0.193145 -0.189783 -0.209316
-0.190473 -0.206085 -0.219755 -0.185127 -0.183597 -0.207717
-0.183159 -0.20562 -0.219254 -0.175962 -0.176441 -0.206802
-0.174855 -0.204925 -0.219323 -0.166605 -0.168008 -0.206054
-0.165256 -0.204733 -0.218874 -0.157445 -0.158412 -0.205847
-0.154957 -0.205318 -0.219024 -0.148759 -0.148055 -0.206241
-0.144092 -0.206325 -0.219476 -0.140599 -0.13735 -0.207343
-0.133584 -0.207751 -0.21991 -0.133281 -0.127404 -0.208658
-0.123911 -0.209379 -0.220826 -0.126813 -0.118375 -0.209926
-0.115611 -0.210802 -0.222126 -0.121293 -0.110454 -0.211173
-0.108874 -0.21224 -0.223829 -0.116342 -0.103738 -0.21228
-0.103622 -0.21333 -0.225477 -0.112023 -0.0979043 -0.213202
-0.100037 -0.214663 -0.226983 -0.108334 -0.093375 -0.21427
-0.0977004 -0.216136 -0.228572 -0.105432 -0.0900817 -0.215612
-0.0967828 -0.217487 -0.229991 -0.103724 -0.0890126 -0.217156
-0.0968963 -0.218996 -0.231144 -0.103162 -0.0900929 -0.218802
-0.0985707 -0.220594 -0.232241 -0.103934 -0.0923837 -0.22038
-0.102243 -0.221839 -0.23317 -0.105798 -0.0961482 -0.221435
-0.107553 -0.223143 -0.234156 -0.109048 -0.100867 -0.222717
-0.113889 -0.224068 -0.235007 -0.113324 -0.10685 -0.223905
-0.12096 -0.224647 -0.235319 -0.118666 -0.113821 -0.224795
-0.128338 -0.224944 -0.236068 -0.124924 -0.121524 -0.225635
-0.13581 -0.225344 -0.236749 -0.131866 -0.129876 -0.226157
-0.143467 -0.225659 -0.237272 -0.140024 -0.138276 -0.226363
-0.151188 -0.226114 -0.237634 -0.148201 -0.14657 -0.226317
-0.158971 -0.226504 -0.237753 -0.156194 -0.154344 -0.226454
-0.166701 -0.226349 -0.237362 -0.164191 -0.162106 -0.226128
-0.176502 -0.225756 -0.235163 -0.174392 -0.173389 -0.224854
-0.186932 -0.225521 -0.233233 -0.184569 -0.186697 -0.223777
-0.19474 -0.22468 -0.230779 -0.195208 -0.198212 -0.222516
-0.201024 -0.223327 -0.228688 -0.206133 -0.208341 -0.220814
-0.20636 -0.220337 -0.226724 -0.215645 -0.212732 -0.21806
-0.212184 -0.21606 -0.224094 -0.221911 -0.212931 -0.214318
-0.218074 -0.210628 -0.221621 -0.220896 -0.21314 -0.210441
-0.216807 -0.205303 -0.21837 -0.218457 -0.211537 -0.206595
-0.216194 -0.200603 -0.213833 -0.217615 -0.210571 -0.202237
-0.215285 -0.195452 -0.208984 -0.21471 -0.209102 -0.196428
-0.215021 -0.189148 -0.202711 -0.212528 -0.209205 -0.189233
-0.215582 -0.181488 -0.195053 -0.2113 -0.209724 -0.181427
-0.216532 -0.173033 -0.186196 -0.209446 -0.21029 -0.173034
-0.217794 -0.164077 -0.176599 -0.209119 -0.211446 -0.164357
-0.218791 -0.15495 -0.166447 -0.208976 -0.212356 -0.155341
-0.219561 -0.145616 -0.155992 -0.209346 -0.213463 -0.146119
-0.220473 -0.136474 -0.146461 -0.210162 -0.214557 -0.136928
-0.22148 -0.127484 -0.137652 -0.211075 -0.215939 -0.127734
-0.222315 -0.118913 -0.130013 -0.212323 -0.217466 -0.11889
-0.223498 -0.111165 -0.123572 -0.213568 -0.218812 -0.110825
-0.22478 -0.104009 -0.118367 -0.214863 -0.220205 -0.103645
-0.226068 -0.0981179 -0.114162 -0.216363 -0.221676 -0.0976848
-0.22732 -0.0934278 -0.110982 -0.218034 -0.222676 -0.0932112
-0.228385 -0.0901927 -0.108689 -0.219834 -0.223825 -0.090573
-0.229286 -0.0885308 -0.10778 -0.221585 -0.224593 -0.0896614
-0.230123 -0.0886295 -0.10781 -0.22309 -0.225312 -0.0899075
-0.230764 -0.0901461 -0.109361 -0.224561 -0.226031 -0.0914474
-0.231587 -0.0931189 -0.11237 -0.2258 -0.22662 -0.0941942
-0.232219 -0.0972574 -0.116312 -0.226702 -0.227307 -0.0981847
-0.232782 -0.102436 -0.121435 -0.227543 -0.228034 -0.103343
-0.233288 -0.10874 -0.12754 -0.228208 -0.228575 -0.109688
-0.233598 -0.115996 -0.134769 -0.228958 -0.228999 -0.117
-0.233721 -0.12526 -0.143885 -0.229643 -0.229233 -0.126604
-0.233781 -0.133732 -0.151756 -0.230131 -0.229406 -0.134917
-0.233555 -0.142406 -0.159619 -0.230588 -0.229409 -0.143294
-0.233544 -0.1509 -0.167354 -0.230727 -0.229258 -0.151349
-0.233118 -0.159338 -0.17602 -0.22994 -0.228747 -0.159493
-0.231739 -0.168395 -0.189599 -0.227771 -0.227398 -0.168796
-0.230164 -0.177988 -0.205105 -0.22637 -0.22554 -0.178392
-0.228549 -0.187794 -0.218154 -0.224751 -0.223619 -0.188195
-0.226897 -0.197454 -0.229313 -0.222384 -0.221592 -0.198516
-0.22486 -0.205069 -0.233439 -0.219392 -0.218805 -0.207771
-0.222771 -0.20995 -0.232986 -0.215848 -0.216616 -0.214396
-0.219322 -0.208096 -0.23046 -0.211599 -0.213491 -0.212687
-0.21374 -0.208615 -0.227527 -0.207671 -0.207788 -0.211454
-0.207604 -0.208056 -0.223086 -0.203965 -0.201299 -0.211146
-0.201122 -0.20739 -0.22077 -0.19855 -0.19432 -0.211258
-0.19465 -0.206874 -0.219516 -0.191416 -0.188238 -0.209748
-0.188 -0.206886 -0.217337 -0.183099 -0.181725 -0.208631
-0.180366 -0.206836 -0.217028 -0.17404 -0.174203 -0.207936
-0.1716 -0.206634 -0.216844 -0.16472 -0.165353 -0.207524
-0.161824 -0.206702 -0.216711 -0.155381 -0.155586 -0.20743
-0.151495 -0.207351 -0.217277 -0.146512 -0.145437 -0.207884
-0.141092 -0.208564 -0.217815 -0.138501 -0.135937 -0.208805
-0.130981 -0.210159 -0.218632 -0.131485 -0.126774 -0.209879
-0.12139 -0.211476 -0.219494 -0.125396 -0.117819 -0.211248
-0.113128 -0.212946 -0.220559 -0.12012 -0.109687 -0.212478
-0.106636 -0.21457 -0.222043 -0.115355 -0.102811 -0.213747
-0.102071 -0.21594 -0.22403 -0.111221 -0.0970769 -0.214956
-0.0990774 -0.21701 -0.225509 -0.10766 -0.0928897 -0.215923
-0.097567 -0.218232 -0.226815 -0.104991 -0.0903572 -0.217161
-0.0972304 -0.219394 -0.228398 -0.103561 -0.0901299 -0.218585
-0.097667 -0.220701 -0.229568 -0.103282 -0.0914969 -0.219873
-0.0997213 -0.222086 -0.230447 -0.104348 -0.0942388 -0.221177
-0.10379 -0.223255 -0.231446 -0.106667 -0.098339 -0.222331
-0.109092 -0.224133 -0.232038 -0.110318 -0.103466 -0.223335
-0.115371 -0.225094 -0.232533 -0.1152 -0.109741 -0.224501
-0.122498 -0.225601 -0.233127 -0.121048 -0.117103 -0.225577
-0.130421 -0.22556 -0.233223 -0.127729 -0.125122 -0.225985
-0.138272 -0.225909 -0.233804 -0.13468 -0.133772 -0.226505
-0.146244 -0.226217 -0.234553 -0.142936 -0.142526 -0.226484
-0.154242 -0.22659 -0.234802 -0.151081 -0.15076 -0.226503
-0.161968 -0.226519 -0.234849 -0.158836 -0.158387 -0.226367
-0.16993 -0.226111 -0.234185 -0.16735 -0.166705 -0.225877
-0.180116 -0.2256 -0.231876 -0.177511 -0.178953 -0.224392
-0.18981 -0.225247 -0.22995 -0.187775 -0.191633 -0.223349
-0.196804 -0.224323 -0.227467 -0.198505 -0.202164 -0.221996
-0.20246 -0.222973 -0.225578 -0.209321 -0.211054 -0.219974
-0.207914 -0.219547 -0.223823 -0.218038 -0.211774 -0.216943
-0.214284 -0.214555 -0.221406 -0.22189 -0.212314 -0.213194
-0.217198 -0.208938 -0.218989 -0.220188 -0.212188 -0.209329
-0.215654 -0.20385 -0.21519 -0.218339 -0.210879 -0.205286
-0.215277 -0.199298 -0.210294 -0.21756 -0.209903 -0.200562
-0.214443 -0.193863 -0.204384 -0.214329 -0.209027 -0.194267
-0.214821 -0.186936 -0.197151 -0.213148 -0.20952 -0.186969
-0.215701 -0.179065 -0.189214 -0.211354 -0.210194 -0.178921
-0.216711 -0.170426 -0.180178 -0.210429 -0.211229 -0.170434
-0.217949 -0.161337 -0.170458 -0.210173 -0.212349 -0.161596
-0.218935 -0.152031 -0.160226 -0.210321 -0.213519 -0.152467
-0.219782 -0.142731 -0.150358 -0.210884 -0.214557 -0.143232
-0.220854 -0.133506 -0.141259 -0.211759 -0.21579 -0.134071
-0.221695 -0.124863 -0.133102 -0.212936 -0.217232 -0.125032
-0.222551 -0.116599 -0.126109 -0.213991 -0.218624 -0.116346
-0.22381 -0.109017 -0.120252 -0.215339 -0.219927 -0.10843
-0.225203 -0.102074 -0.115655 -0.216719 -0.221347 -0.101581
-0.226385 -0.0963171 -0.112101 -0.218257 -0.222495 -0.0960034
-0.227514 -0.0922166 -0.10933 -0.219768 -0.223598 -0.0920668
-0.228485 -0.0896287 -0.107548 -0.221479 -0.224667 -0.0901888
-0.229314 -0.0885229 -0.107212 -0.222869 -0.225461 -0.0897187
-0.230179 -0.0891116 -0.107612 -0.224187 -0.22643 -0.0903517
-0.230924 -0.091091 -0.109368 -0.225292 -0.227331 -0.0922213
-0.231928 -0.094391 -0.112535 -0.226158 -0.227952 -0.0953782
-0.232688 -0.0989879 -0.116577 -0.227025 -0.228684 -0.0997957
-0.23327 -0.104565 -0.121589 -0.227566 -0.229234 -0.105336
-0.233682 -0.111275 -0.127867 -0.228178 -0.2299 -0.111983
-0.233917 -0.118834 -0.135001 -0.228744 -0.230192 -0.119567
-0.234144 -0.126744 -0.142636 -0.229145 -0.230457 -0.127693
-0.234186 -0.135254 -0.150479 -0.229547 -0.230546 -0.136126
-0.234148 -0.143814 -0.158354 -0.229784 -0.23054 -0.144452
-0.234063 -0.152311 -0.165941 -0.229907 -0.230609 -0.152552
-0.233327 -0.160796 -0.175565 -0.228653 -0.229837 -0.161132
-0.231796 -0.169985 -0.190191 -0.226542 -0.228119 -0.170637
-0.230349 -0.179 -0.205494 -0.225145 -0.226269 -0.180006
-0.228854 -0.188661 -0.21925 -0.223338 -0.224647 -0.189539
-0.227058 -0.19753 -0.231306 -0.22072 -0.222549 -0.199277
-0.225057 -0.204424 -0.234377 -0.217575 -0.219969 -0.207755
-0.223002 -0.207931 -0.233606 -0.213769 -0.217842 -0.213136
-0.219138 -0.206367 -0.231161 -0.209416 -0.213983 -0.211144
-0.213821 -0.206923 -0.22792 -0.205522 -0.208496 -0.209972
-0.207494 -0.205909 -0.22342 -0.201851 -0.201924 -0.209781
-0.201174 -0.205006 -0.221558 -0.196235 -0.195076 -0.209651
-0.194416 -0.204355 -0.220365 -0.18901 -0.189114 -0.208135
-0.187418 -0.204247 -0.218913 -0.180543 -0.182714 -0.206755
-0.17945 -0.204076 -0.218396 -0.171422 -0.175075 -0.205923
-0.170653 -0.203896 -0.218086 -0.162283 -0.16608 -0.205739
-0.16067 -0.204205 -0.217935 -0.153423 -0.156177 -0.205869
-0.150236 -0.205271 -0.218256 -0.144889 -0.145897 -0.206683
-0.139787 -0.206596 -0.218753 -0.136995 -0.136057 -0.207793
-0.130018 -0.208231 -0.219622 -0.130031 -0.127015 -0.208947
-0.120861 -0.209562 -0.220695 -0.123895 -0.11878 -0.210321
-0.113005 -0.210978 -0.221732 -0.11871 -0.111556 -0.211821
-0.106415 -0.21263 -0.223655 -0.114211 -0.104995 -0.213238
-0.10185 -0.213961 -0.22523 -0.110396 -0.0996967 -0.214313
-0.0991865 -0.215395 -0.226813 -0.107018 -0.0954808 -0.215258
-0.0978204 -0.216944 -0.228575 -0.104533 -0.0927151 -0.216648
-0.097805 -0.218172 -0.230021 -0.103429 -0.0923624 -0.218016
-0.0985494 -0.219593 -0.230886 -0.103031 -0.0939849 -0.219482
-0.100301 -0.221162 -0.23165 -0.104261 -0.0970409 -0.221165
-0.104025 -0.222248 -0.23238 -0.10676 -0.101389 -0.222248
-0.109376 -0.223494 -0.232848 -0.110491 -0.106371 -0.223261
-0.115929 -0.224522 -0.233554 -0.115374 -0.112562 -0.224296
-0.123588 -0.224956 -0.233981 -0.12119 -0.119861 -0.225273
-0.131664 -0.225138 -0.234167 -0.12766 -0.127368 -0.225843
-0.139707 -0.225552 -0.234535 -0.134699 -0.135589 -0.226166
-0.147539 -0.225739 -0.23525 -0.142596 -0.143981 -0.226089
-0.155458 -0.225858 -0.235884 -0.150675 -0.152238 -0.225971
-0.163097 -0.225868 -0.236072 -0.15847 -0.159984 -0.225578
-0.171462 -0.22553 -0.234782 -0.167615 -0.169012 -0.224518
-0.182112 -0.225074 -0.232532 -0.177668 -0.18154 -0.223304
-0.191522 -0.224597 -0.230612 -0.187894 -0.193674 -0.222237
-0.198056 -0.223694 -0.228237 -0.198229 -0.203941 -0.220839
-0.203656 -0.221624 -0.226368 -0.208908 -0.212267 -0.218695
-0.209034 -0.21813 -0.22443 -0.216876 -0.212763 -0.215699
-0.215598 -0.213127 -0.221942 -0.220021 -0.213197 -0.211872
-0.217516 -0.207438 -0.219407 -0.217891 -0.21294 -0.208
-0.216427 -0.202271 -0.215555 -0.215884 -0.211709 -0.203965
-0.216132 -0.197529 -0.210622 -0.214732 -0.210624 -0.198991
-0.215557 -0.192045 -0.204597 -0.211681 -0.209854 -0.19259
-0.215833 -0.183772 -0.195619 -0.21021 -0.210324 -0.183646
-0.216696 -0.17568 -0.187236 -0.20824 -0.210801 -0.175551
-0.217733 -0.166805 -0.178167 -0.207289 -0.211398 -0.166992
-0.218896 -0.157534 -0.168155 -0.207014 -0.212571 -0.157966
-0.219684 -0.148233 -0.157896 -0.207012 -0.213751 -0.148722
-0.220513 -0.138831 -0.148305 -0.20759 -0.215163 -0.139637
-0.221567 -0.129724 -0.139471 -0.208577 -0.216416 -0.130586
-0.222449 -0.121198 -0.131535 -0.209686 -0.217597 -0.121804
-0.223273 -0.113162 -0.124682 -0.210882 -0.218742 -0.113283
-0.22444 -0.105955 -0.119418 -0.212423 -0.220089 -0.10571
-0.225318 -0.0994173 -0.115037 -0.2137 -0.221073 -0.0993167
-0.22639 -0.0942473 -0.111607 -0.215114 -0.22215 -0.0944047
-0.227444 -0.090385 -0.109075 -0.216795 -0.223431 -0.0909672
-0.228244 -0.0880903 -0.107851 -0.218513 -0.224227 -0.0893642
-0.229036 -0.0874994 -0.107606 -0.219993 -0.225114 -0.0891047
-0.229913 -0.08832 -0.108408 -0.221244 -0.226037 -0.0898543
-0.230868 -0.0905446 -0.110856 -0.222249 -0.226945 -0.092005
-0.231667 -0.0945359 -0.114599 -0.223272 -0.227868 -0.0955931
-0.23236 -0.0995482 -0.119148 -0.22425 -0.228407 -0.100419
-0.232808 -0.105787 -0.124576 -0.225141 -0.228932 -0.106476
-0.233066 -0.112945 -0.131124 -0.225893 -0.229124 -0.113492
-0.233313 -0.120541 -0.138288 -0.226562 -0.229225 -0.121159
-0.233502 -0.128618 -0.145934 -0.227002 -0.229536 -0.129196
-0.233493 -0.136914 -0.154002 -0.227409 -0.229765 -0.137453
-0.233692 -0.145367 -0.161772 -0.227715 -0.229898 -0.145808
-0.233595 -0.153568 -0.169406 -0.227718 -0.230028 -0.153864
-0.232789 -0.162273 -0.180148 -0.226009 -0.228987 -0.162729
-0.231316 -0.17132 -0.195469 -0.224115 -0.227596 -0.172231
-0.22977 -0.180466 -0.210809 -0.222554 -0.225827 -0.181717
-0.228323 -0.190038 -0.223993 -0.220592 -0.224131 -0.191384
-0.226302 -0.198217 -0.234806 -0.218161 -0.221779 -0.201239
-0.224631 -0.204395 -0.234876 -0.214867 -0.219685 -0.209525
-0.222239 -0.205686 -0.233504 -0.210601 -0.217375 -0.211832
-0.217397 -0.20539 -0.231143 -0.206312 -0.212417 -0.209852
-0.212028 -0.20539 -0.227286 -0.202748 -0.206967 -0.20879
-0.205362 -0.204236 -0.22336 -0.198299 -0.199805 -0.209042
-0.199006 -0.203605 -0.22204 -0.191986 -0.193292 -0.208328
-0.191989 -0.203488 -0.220739 -0.183962 -0.187488 -0.206749
-0.184807 -0.20331 -0.219808 -0.17548 -0.180749 -0.205794
-0.17664 -0.202847 -0.219692 -0.166234 -0.172482 -0.205242
-0.167204 -0.20275 -0.219174 -0.157107 -0.163117 -0.205172
-0.156825 -0.203454 -0.218965 -0.14838 -0.153046 -0.205609
-0.146141 -0.2049 -0.219277 -0.140239 -0.142317 -0.206774
-0.135833 -0.206498 -0.219741 -0.132887 -0.13234 -0.208214
-0.126361 -0.207925 -0.22088 -0.126215 -0.123337 -0.209603
-0.1181 -0.209379 -0.22179 -0.120606 -0.115574 -0.211045
-0.110903 -0.210908 -0.223526 -0.115621 -0.108611 -0.212306
-0.105155 -0.212342 -0.225117 -0.111317 -0.102874 -0.213585
-0.101529 -0.213703 -0.226767 -0.107733 -0.0981806 -0.214728
-0.0993502 -0.214934 -0.228411 -0.104845 -0.0943655 -0.215991
-0.0984777 -0.216529 -0.229803 -0.103118 -0.0921429 -0.217458
-0.0983903 -0.217964 -0.230758 -0.102481 -0.0922329 -0.219143
-0.0992962 -0.219311 -0.231658 -0.102408 -0.0938932 -0.220737
-0.101761 -0.220742 -0.232098 -0.103806 -0.0969991 -0.2223
-0.106181 -0.221827 -0.232826 -0.106352 -0.101546 -0.223517
-0.112002 -0.222715 -0.233414 -0.110102 -0.10703 -0.224322
-0.119137 -0.223767 -0.233817 -0.114999 -0.113665 -0.225361
-0.126868 -0.224251 -0.234528 -0.120952 -0.120974 -0.226228
-0.134685 -0.224549 -0.234565 -0.127694 -0.128874 -0.226618
-0.142573 -0.225003 -0.234798 -0.135315 -0.137199 -0.22693
-0.150277 -0.225335 -0.235097 -0.143383 -0.145561 -0.226999
-0.157883 -0.225663 -0.235145 -0.151483 -0.153747 -0.227098
-0.165395 -0.225911 -0.234956 -0.159392 -0.161501 -0.226978
-0.174802 -0.225242 -0.232392 -0.16969 -0.171916 -0.225868
-0.185888 -0.224882 -0.230011 -0.18025 -0.184704 -0.224856
-0.194631 -0.224276 -0.227535 -0.191186 -0.19597 -0.224003
-0.201461 -0.22299 -0.225059 -0.202791 -0.205825 -0.22256
-0.207604 -0.220472 -0.223296 -0.212786 -0.211184 -0.219881
-0.213759 -0.216441 -0.221501 -0.219631 -0.211572 -0.216511
-0.216267 -0.21061 -0.219008 -0.220268 -0.212 -0.212476
-0.21587 -0.205194 -0.216389 -0.218312 -0.211337 -0.208175
-0.215111 -0.200686 -0.212293 -0.217188 -0.210153 -0.203686
-0.214598 -0.196013 -0.206915 -0.215344 -0.20884 -0.198472
-0.214178 -0.189947 -0.199984 -0.213096 -0.208231 -0.191751
-0.214542 -0.182602 -0.192497 -0.212008 -0.208925 -0.184154
-0.215385 -0.174248 -0.184305 -0.210783 -0.209747 -0.175829
-0.216489 -0.165048 -0.175277 -0.210161 -0.210878 -0.166961
-0.217906 -0.155654 -0.165729 -0.210079 -0.212245 -0.157751
-0.219197 -0.14623 -0.156157 -0.210337 -0.213419 -0.148297
-0.220305 -0.136793 -0.147114 -0.21126 -0.21507 -0.13914
-0.221442 -0.127989 -0.138581 -0.212365 -0.21635 -0.130206
-0.222525 -0.119584 -0.131128 -0.213499 -0.21736 -0.12151
-0.223579 -0.111627 -0.124752 -0.214983 -0.218536 -0.113229
-0.224662 -0.10433 -0.119619 -0.216506 -0.220063 -0.10597
-0.225815 -0.097875 -0.115322 -0.218101 -0.221244 -0.100011
-0.227003 -0.0927983 -0.111959 -0.219616 -0.222654 -0.095498
-0.228172 -0.089295 -0.109315 -0.221144 -0.223581 -0.0924955
-0.229037 -0.0873376 -0.107858 -0.222696 -0.224434 -0.0909536
-0.229909 -0.0870923 -0.107672 -0.224195 -0.225375 -0.0906786
-0.230583 -0.0882526 -0.1085 -0.225455 -0.226219 -0.0916516
-0.231487 -0.0909261 -0.111063 -0.226379 -0.226906 -0.0941352
-0.232481 -0.0959326 -0.11574 -0.227338 -0.227799 -0.0988006
-0.233371 -0.101253 -0.120685 -0.228179 -0.228471 -0.104055
-0.233729 -0.107714 -0.126641 -0.228751 -0.228933 -0.110265
-0.234171 -0.115066 -0.133533 -0.229365 -0.229351 -0.117584
-0.234258 -0.122837 -0.140875 -0.229948 -0.229442 -0.125643
-0.234345 -0.131271 -0.148703 -0.230405 -0.229504 -0.13393
-0.234304 -0.139851 -0.156562 -0.230695 -0.229494 -0.142283
-0.234208 -0.148358 -0.16405 -0.230862 -0.22949 -0.150332
-0.233888 -0.156638 -0.172016 -0.230352 -0.229234 -0.158328
-0.232651 -0.165306 -0.184674 -0.228165 -0.227839 -0.1677
-0.231181 -0.174319 -0.200195 -0.226827 -0.226054 -0.17727
-0.229658 -0.183599 -0.21416 -0.225301 -0.22434 -0.18693
-0.227953 -0.193078 -0.226541 -0.222996 -0.222558 -0.196873
-0.225714 -0.200916 -0.234146 -0.220133 -0.219956 -0.20615
-0.223815 -0.206838 -0.233911 -0.216697 -0.217891 -0.213555
-0.221074 -0.208633 -0.231932 -0.212223 -0.215382 -0.212677
-0.215402 -0.208419 -0.229304 -0.207682 -0.210203 -0.210902
-0.209575 -0.208285 -0.2248 -0.204128 -0.204369 -0.21001
-0.202878 -0.207425 -0.22142 -0.199256 -0.196851 -0.210108
-0.196352 -0.206858 -0.220587 -0.192581 -0.190256 -0.20908
-0.189517 -0.206291 -0.218917 -0.184583 -0.184064 -0.207505
-0.181838 -0.205954 -0.217646 -0.175606 -0.177031 -0.206711
-0.173481 -0.205425 -0.217789 -0.166213 -0.168777 -0.206003
-0.163953 -0.204985 -0.217874 -0.156941 -0.159325 -0.205768
-0.15361 -0.20543 -0.218168 -0.148197 -0.149124 -0.206049
-0.142773 -0.206618 -0.21853 -0.140245 -0.138635 -0.207013
-0.132055 -0.208206 -0.218979 -0.132898 -0.128464 -0.208438
-0.121916 -0.209943 -0.219847 -0.126515 -0.11928 -0.21007
-0.113215 -0.211357 -0.220904 -0.121056 -0.111347 -0.211634
-0.106164 -0.212969 -0.222179 -0.116215 -0.104481 -0.213036
-0.101481 -0.214393 -0.224134 -0.111938 -0.0989691 -0.214332
-0.0985249 -0.215408 -0.225838 -0.108154 -0.0946837 -0.215607
-0.096984 -0.21671 -0.227201 -0.105125 -0.0918169 -0.216867
-0.0968449 -0.21795 -0.228836 -0.103548 -0.0910225 -0.218242
-0.0973165 -0.219189 -0.230146 -0.102949 -0.0921862 -0.219959
-0.0991064 -0.220833 -0.230999 -0.10387 -0.0948295 -0.221613
-0.102573 -0.222222 -0.231649 -0.106155 -0.0987501 -0.223297
-0.107581 -0.223388 -0.232083 -0.109785 -0.103581 -0.224356
-0.113766 -0.224702 -0.23239 -0.114321 -0.109265 -0.225544
-0.120932 -0.225302 -0.233213 -0.119793 -0.116216 -0.226628
-0.128788 -0.225367 -0.233677 -0.126154 -0.123667 -0.227248
-0.136735 -0.225663 -0.234053 -0.132711 -0.131952 -0.227589
-0.14459 -0.226083 -0.234514 -0.140332 -0.140552 -0.227621
-0.152441 -0.226259 -0.234897 -0.14864 -0.148787 -0.22756
-0.160267 -0.226273 -0.234815 -0.156712 -0.156662 -0.227774
-0.16794 -0.226093 -0.234561 -0.164804 -0.164435 -0.227497
-0.177786 -0.22548 -0.232243 -0.17503 -0.175803 -0.22618
-0.1882 -0.225128 -0.230118 -0.184957 -0.188703 -0.225107
-0.195967 -0.224297 -0.227622 -0.195356 -0.199403 -0.224066
-0.202165 -0.222845 -0.22533 -0.206113 -0.208534 -0.222344
-0.207779 -0.219775 -0.223666 -0.215341 -0.212028 -0.219665
-0.214057 -0.215428 -0.221368 -0.221754 -0.212636 -0.215954
-0.215811 -0.209574 -0.218958 -0.220706 -0.21279 -0.211917
-0.214872 -0.204115 -0.215895 -0.218358 -0.21198 -0.207493
-0.214122 -0.199396 -0.211163 -0.217345 -0.211061 -0.20282
-0.213349 -0.194354 -0.205423 -0.214978 -0.209609 -0.197097
-0.213277 -0.187848 -0.198227 -0.212826 -0.209641 -0.190027
-0.21376 -0.18025 -0.190378 -0.211395 -0.210345 -0.18211
-0.214545 -0.171717 -0.181933 -0.210064 -0.211124 -0.173533
-0.215678 -0.162511 -0.172583 -0.209627 -0.212384 -0.164608
-0.21692 -0.153312 -0.162829 -0.209552 -0.213269 -0.155398
-0.218014 -0.143954 -0.152982 -0.209877 -0.214331 -0.146132
-0.21912 -0.134774 -0.144036 -0.210592 -0.215624 -0.137066
-0.220199 -0.12586 -0.135976 -0.211474 -0.216972 -0.128129
-0.221379 -0.117593 -0.128794 -0.212677 -0.218191 -0.119568
-0.222415 -0.109981 -0.122572 -0.213908 -0.219709 -0.11171
-0.223707 -0.102983 -0.117308 -0.215278 -0.220917 -0.104878
-0.224865 -0.0969919 -0.112946 -0.216964 -0.222099 -0.0992165
-0.225809 -0.0924806 -0.10945 -0.218506 -0.223051 -0.0949862
-0.226804 -0.0894772 -0.107093 -0.220327 -0.22385 -0.0923732
-0.227509 -0.0879523 -0.106402 -0.221875 -0.224535 -0.0914131
-0.228302 -0.0881096 -0.106689 -0.223286 -0.225381 -0.0914113
-0.229222 -0.0895646 -0.108514 -0.22438 -0.226231 -0.092905
-0.23019 -0.0926877 -0.111626 -0.225417 -0.227116 -0.0958809
-0.231044 -0.0969813 -0.115722 -0.226272 -0.227814 -0.0999688
-0.231844 -0.102501 -0.120641 -0.227011 -0.22843 -0.105292
-0.232353 -0.109043 -0.126564 -0.227586 -0.22896 -0.111701
-0.232848 -0.116371 -0.133402 -0.22819 -0.229371 -0.118966
-0.23301 -0.124307 -0.14087 -0.228726 -0.229604 -0.127003
-0.233147 -0.13256 -0.148626 -0.229068 -0.229822 -0.135276
-0.233144 -0.141155 -0.156564 -0.229406 -0.229818 -0.143693
-0.232998 -0.151298 -0.165773 -0.229524 -0.229811 -0.15343
-0.232472 -0.159727 -0.175524 -0.228271 -0.229035 -0.161952
-0.231013 -0.168772 -0.190293 -0.226217 -0.227637 -0.171349
-0.229428 -0.177992 -0.206598 -0.224817 -0.225937 -0.180914
-0.227812 -0.187688 -0.220645 -0.223039 -0.224246 -0.190571
-0.226218 -0.196823 -0.232686 -0.220421 -0.222212 -0.200512
-0.224451 -0.203637 -0.234429 -0.217368 -0.219974 -0.208931
-0.222535 -0.207658 -0.233656 -0.213392 -0.218045 -0.213256
-0.218434 -0.206632 -0.230848 -0.209062 -0.21428 -0.211008
-0.212847 -0.207636 -0.227116 -0.205308 -0.208999 -0.209819
-0.206561 -0.207308 -0.222426 -0.201709 -0.201868 -0.210042
-0.200116 -0.20691 -0.220599 -0.19606 -0.194397 -0.210044
-0.193409 -0.206453 -0.219174 -0.188725 -0.188242 -0.20854
-0.186566 -0.206356 -0.217394 -0.180199 -0.181901 -0.207318
-0.178862 -0.206261 -0.21726 -0.171028 -0.174362 -0.206834
-0.17009 -0.206056 -0.217201 -0.161749 -0.165344 -0.206478
-0.16017 -0.206214 -0.216956 -0.152671 -0.155479 -0.206613
-0.149721 -0.207276 -0.217311 -0.14431 -0.145293 -0.207126
-0.139098 -0.208809 -0.21769 -0.136442 -0.135403 -0.208189
-0.12876 -0.210473 -0.218568 -0.129479 -0.12614 -0.209366
-0.119198 -0.212197 -0.219614 -0.123547 -0.117637 -0.210861
-0.110998 -0.21367 -0.220745 -0.118468 -0.110089 -0.212182
-0.104427 -0.215406 -0.22196 -0.113959 -0.103455 -0.213438
-0.100041 -0.21664 -0.223992 -0.109969 -0.0980322 -0.214894
-0.0972273 -0.217719 -0.225635 -0.106555 -0.093826 -0.215992
-0.0959845 -0.219047 -0.226982 -0.104003 -0.0916014 -0.217363
-0.0958972 -0.220348 -0.228592 -0.10261 -0.0916094 -0.218909
-0.0966533 -0.221595 -0.229802 -0.10226 -0.0934276 -0.220115
-0.0990071 -0.223285 -0.230655 -0.103408 -0.0964084 -0.221697
-0.10287 -0.22464 -0.231442 -0.105861 -0.100687 -0.223092
-0.107986 -0.225583 -0.231626 -0.10951 -0.105762 -0.22397
-0.114182 -0.226869 -0.23215 -0.114346 -0.112081 -0.225291
-0.121409 -0.227472 -0.232546 -0.120278 -0.11935 -0.226138
-0.129372 -0.227764 -0.232627 -0.126674 -0.127405 -0.226586
-0.137391 -0.228283 -0.233182 -0.133604 -0.135938 -0.227026
-0.14538 -0.228872 -0.233656 -0.141716 -0.144385 -0.226981
-0.153442 -0.229436 -0.233687 -0.149954 -0.152421 -0.226955
-0.161159 -0.229698 -0.23351 -0.157913 -0.159885 -0.226932
-0.169572 -0.229453 -0.232056 -0.167242 -0.168585 -0.226129
-0.179843 -0.229095 -0.22945 -0.177151 -0.181344 -0.224843
-0.189305 -0.228651 -0.227159 -0.187226 -0.193874 -0.22368
-0.196485 -0.227665 -0.224698 -0.197271 -0.204292 -0.222243
-0.202778 -0.225985 -0.222802 -0.207469 -0.208894 -0.220062
-0.209306 -0.222282 -0.221563 -0.215264 -0.210053 -0.21708
-0.215994 -0.216855 -0.219198 -0.221103 -0.21048 -0.213654
-0.216373 -0.210626 -0.21697 -0.220232 -0.210328 -0.209511
-0.215708 -0.205394 -0.21362 -0.218829 -0.209687 -0.205439
-0.215313 -0.200733 -0.208248 -0.217706 -0.207994 -0.200379
-0.21488 -0.19538 -0.201807 -0.215787 -0.207654 -0.194189
-0.214853 -0.188743 -0.194576 -0.213919 -0.207688 -0.186838
-0.21551 -0.18091 -0.186595 -0.212494 -0.208506 -0.178795
-0.216555 -0.1721 -0.177833 -0.211658 -0.209411 -0.170226
-0.217886 -0.162894 -0.168333 -0.211248 -0.210726 -0.161231
-0.218842 -0.153568 -0.158473 -0.211585 -0.212051 -0.152056
-0.21997 -0.144396 -0.14906 -0.211912 -0.21341 -0.142907
-0.221014 -0.135322 -0.140246 -0.212766 -0.214745 -0.133721
-0.221899 -0.126754 -0.13251 -0.214027 -0.216279 -0.124583
-0.222958 -0.118614 -0.125787 -0.215139 -0.217706 -0.116058
-0.224241 -0.111132 -0.120356 -0.2166 -0.218991 -0.10835
-0.225353 -0.104334 -0.11594 -0.217994 -0.220411 -0.101807
-0.226448 -0.0988707 -0.112576 -0.219547 -0.22149 -0.0967129
-0.227416 -0.0948642 -0.109923 -0.221231 -0.222869 -0.0931637
-0.228256 -0.0923306 -0.108137 -0.222649 -0.223823 -0.0912939
-0.229092 -0.0912521 -0.107616 -0.224045 -0.224903 -0.0909045
-0.229956 -0.0916672 -0.107874 -0.225186 -0.226008 -0.0913408
-0.230804 -0.0934518 -0.109655 -0.22605 -0.227191 -0.093264
-0.231675 -0.0969921 -0.112837 -0.226814 -0.228102 -0.096374
-0.232454 -0.101705 -0.116699 -0.227721 -0.228758 -0.100862
-0.232827 -0.10766 -0.121668 -0.228386 -0.229066 -0.106625
-0.23312 -0.114649 -0.127698 -0.229074 -0.229355 -0.11346
-0.233258 -0.122453 -0.134776 -0.22977 -0.229494 -0.121093
-0.233317 -0.130519 -0.142149 -0.230214 -0.229462 -0.129183
-0.233159 -0.138935 -0.149992 -0.230528 -0.229638 -0.13744
-0.233057 -0.147448 -0.157925 -0.23075 -0.229621 -0.145738
-0.233084 -0.155772 -0.165542 -0.230696 -0.229607 -0.15375
-0.232437 -0.164156 -0.175103 -0.229319 -0.228776 -0.162263
-0.231046 -0.173156 -0.189891 -0.227329 -0.227221 -0.171685
-0.229486 -0.181935 -0.205381 -0.226025 -0.22521 -0.181089
-0.227842 -0.191459 -0.218924 -0.224091 -0.223425 -0.190705
-0.226208 -0.200111 -0.230739 -0.221504 -0.221248 -0.200593
-0.22425 -0.206696 -0.233296 -0.218358 -0.218824 -0.209223
-0.222331 -0.210182 -0.232715 -0.214463 -0.216578 -0.213408
-0.218283 -0.208847 -0.229893 -0.210019 -0.212713 -0.21132
-0.212663 -0.209045 -0.226622 -0.206062 -0.20751 -0.21024
-0.20637 -0.208141 -0.222537 -0.202306 -0.200549 -0.210295
-0.199895 -0.207307 -0.220661 -0.196466 -0.193831 -0.210065
-0.192988 -0.206762 -0.219313 -0.188972 -0.187649 -0.208246
-0.185893 -0.206587 -0.218083 -0.18048 -0.18113 -0.206849
-0.177773 -0.206424 -0.217608 -0.171261 -0.173293 -0.206012
-0.168524 -0.20615 -0.217238 -0.161943 -0.164156 -0.205689
-0.15818 -0.206403 -0.217384 -0.153028 -0.154268 -0.205979
-0.147183 -0.207397 -0.217856 -0.144738 -0.143851 -0.206674
-0.136076 -0.208797 -0.218352 -0.136902 -0.133956 -0.207811
-0.125747 -0.210458 -0.219216 -0.130035 -0.124486 -0.209085
-0.116732 -0.211952 -0.22048 -0.123921 -0.115637 -0.210394
-0.109553 -0.213124 -0.222042 -0.118559 -0.107798 -0.211617
-0.104162 -0.214622 -0.223976 -0.11374 -0.101011 -0.21301
-0.10002 -0.2158 -0.225604 -0.109825 -0.0958275 -0.214111
-0.0971201 -0.217148 -0.227165 -0.106573 -0.0924849 -0.215253
-0.0958952 -0.218642 -0.228732 -0.10418 -0.0911768 -0.216946
-0.0955254 -0.21971 -0.230313 -0.103248 -0.0916262 -0.21842
-0.0966565 -0.221213 -0.2312 -0.103541 -0.093196 -0.219822
-0.0997856 -0.222979 -0.231923 -0.104897 -0.0962555 -0.221722
-0.104186 -0.223991 -0.232828 -0.107643 -0.100474 -0.222834
-0.109563 -0.224849 -0.232997 -0.111544 -0.106088 -0.223806
-0.11615 -0.225909 -0.23377 -0.116355 -0.112919 -0.225213
-0.123547 -0.226103 -0.234491 -0.122243 -0.120614 -0.225967
-0.131341 -0.226438 -0.23501 -0.128741 -0.12901 -0.226116
-0.13939 -0.227148 -0.235549 -0.136515 -0.137754 -0.226276
-0.147453 -0.227485 -0.235945 -0.144826 -0.146116 -0.226195
-0.155246 -0.227887 -0.236151 -0.152798 -0.153823 -0.226109
-0.164474 -0.227942 -0.236175 -0.162244 -0.162644 -0.225995
-0.173729 -0.227123 -0.234171 -0.172175 -0.172968 -0.224887
-0.184623 -0.226633 -0.231962 -0.182088 -0.186145 -0.22379
-0.193785 -0.225858 -0.229499 -0.192054 -0.197658 -0.222855
-0.200533 -0.224495 -0.226995 -0.202338 -0.207351 -0.221332
-0.206633 -0.222228 -0.225442 -0.211979 -0.212388 -0.218803
-0.212904 -0.218172 -0.223346 -0.218956 -0.212865 -0.215279
-0.218531 -0.212621 -0.220911 -0.220572 -0.213072 -0.21149
-0.217444 -0.206614 -0.218363 -0.218223 -0.212651 -0.207301
-0.216509 -0.201968 -0.214078 -0.216538 -0.21154 -0.202822
-0.215952 -0.197103 -0.20872 -0.214889 -0.210278 -0.197512
-0.215503 -0.191359 -0.20209 -0.212448 -0.209734 -0.190887
-0.215648 -0.184165 -0.19432 -0.210951 -0.21012 -0.183305
-0.216399 -0.176105 -0.185969 -0.209411 -0.210804 -0.175042
-0.217189 -0.167256 -0.176908 -0.208685 -0.21184 -0.166252
-0.218293 -0.158033 -0.167284 -0.208291 -0.212802 -0.157112
-0.219342 -0.148604 -0.157481 -0.208512 -0.213699 -0.147814
-0.220422 -0.139436 -0.148291 -0.209008 -0.214775 -0.138712
-0.221463 -0.130502 -0.139659 -0.209811 -0.216113 -0.129706
-0.222289 -0.122085 -0.131903 -0.210939 -0.217325 -0.120934
-0.223484 -0.114284 -0.125149 -0.212299 -0.218511 -0.112603
-0.224409 -0.107115 -0.119557 -0.213556 -0.219673 -0.105176
-0.225308 -0.100811 -0.115066 -0.214958 -0.220731 -0.0990178
-0.226298 -0.0957106 -0.111567 -0.216518 -0.221803 -0.0943458
-0.226935 -0.0922266 -0.108857 -0.218296 -0.222883 -0.0911948
-0.227605 -0.0901186 -0.10753 -0.220001 -0.223662 -0.0897695
-0.228217 -0.0896302 -0.10736 -0.221343 -0.224419 -0.0896025
-0.229038 -0.0905377 -0.10844 -0.222633 -0.225534 -0.0905561
-0.229985 -0.0931199 -0.111184 -0.223464 -0.226295 -0.0929035
-0.231031 -0.0971684 -0.114898 -0.224616 -0.227032 -0.096593
-0.231689 -0.102347 -0.119465 -0.225507 -0.227731 -0.101603
-0.23237 -0.108665 -0.125119 -0.226259 -0.228027 -0.107682
-0.232966 -0.115914 -0.131912 -0.226853 -0.228326 -0.114745
-0.233205 -0.123709 -0.139232 -0.227493 -0.2286 -0.122595
-0.233362 -0.131726 -0.147038 -0.228025 -0.228911 -0.130832
-0.233327 -0.140321 -0.155042 -0.228426 -0.228897 -0.139328
-0.233401 -0.148753 -0.162792 -0.228757 -0.228874 -0.147671
-0.233411 -0.156964 -0.170421 -0.228601 -0.228953 -0.155593
-0.232393 -0.165585 -0.182395 -0.226571 -0.227743 -0.164592
-0.231061 -0.17462 -0.198396 -0.224934 -0.226033 -0.174091
-0.229523 -0.183736 -0.213204 -0.223465 -0.224319 -0.18348
-0.228045 -0.193351 -0.225941 -0.221279 -0.222686 -0.19313
-0.22606 -0.201352 -0.233753 -0.218694 -0.220338 -0.202573
-0.224605 -0.207421 -0.233707 -0.215372 -0.218506 -0.210417
-0.222147 -0.207867 -0.231958 -0.211046 -0.216087 -0.210549
-0.216711 -0.207772 -0.229336 -0.20689 -0.210995 -0.209002
-0.211162 -0.207626 -0.22494 -0.203458 -0.205628 -0.20813
-0.204548 -0.206791 -0.221863 -0.198724 -0.198268 -0.208581
-0.198117 -0.206146 -0.221052 -0.19216 -0.192046 -0.207611
-0.191242 -0.205794 -0.219634 -0.184103 -0.186058 -0.205943
-0.183789 -0.205472 -0.218501 -0.175265 -0.179015 -0.204851
-0.175424 -0.205239 -0.218222 -0.166172 -0.170698 -0.204309
-0.165795 -0.205096 -0.218239 -0.156976 -0.161012 -0.204342
-0.15552 -0.205636 -0.218398 -0.148327 -0.150702 -0.204689
-0.144789 -0.206725 -0.218803 -0.140014 -0.140185 -0.205678
-0.134488 -0.208217 -0.219471 -0.132583 -0.130552 -0.206906
-0.124962 -0.209692 -0.220382 -0.126215 -0.121605 -0.208228
-0.116366 -0.211178 -0.221344 -0.120633 -0.113551 -0.209693
-0.108898 -0.212675 -0.222963 -0.11585 -0.106441 -0.211034
-0.10364 -0.213895 -0.224571 -0.111532 -0.100754 -0.212306
-0.100432 -0.215133 -0.22595 -0.107905 -0.0959117 -0.213339
-0.0985565 -0.216581 -0.227611 -0.104945 -0.092456 -0.214638
-0.0979067 -0.217955 -0.22884 -0.103397 -0.090684 -0.216175
-0.0981344 -0.219357 -0.22995 -0.102759 -0.0909426 -0.217655
-0.099397 -0.220791 -0.230713 -0.102926 -0.0928325 -0.21938
-0.102226 -0.222041 -0.231497 -0.10458 -0.0962675 -0.220804
-0.107045 -0.22317 -0.232034 -0.107354 -0.100916 -0.221751
-0.112969 -0.224285 -0.232678 -0.111333 -0.106548 -0.222943
-0.119808 -0.225021 -0.233477 -0.116526 -0.113329 -0.224008
-0.127422 -0.225435 -0.23385 -0.122605 -0.12081 -0.224724
-0.13513 -0.225863 -0.233913 -0.12941 -0.128972 -0.225184
-0.142922 -0.226323 -0.234404 -0.137261 -0.137551 -0.225383
-0.150845 -0.226438 -0.234694 -0.145383 -0.145959 -0.225427
-0.158623 -0.226578 -0.234754 -0.153317 -0.154059 -0.225552
-0.166078 -0.226615 -0.234843 -0.161171 -0.161721 -0.225293
-0.175389 -0.22604 -0.23247 -0.171629 -0.172142 -0.224057
-0.185863 -0.225594 -0.230162 -0.182554 -0.185006 -0.223001
-0.193993 -0.224836 -0.227745 -0.19379 -0.196487 -0.222138
-0.200447 -0.223625 -0.225247 -0.205287 -0.206441 -0.220654
-0.206268 -0.221132 -0.223603 -0.21561 -0.212313 -0.218087
-0.212359 -0.216982 -0.221659 -0.222425 -0.212646 -0.214404
-0.217402 -0.211597 -0.219002 -0.221469 -0.212747 -0.21065
-0.215956 -0.205994 -0.216002 -0.21904 -0.211492 -0.206601
-0.215515 -0.201514 -0.211662 -0.218351 -0.210837 -0.202133
-0.214634 -0.196361 -0.206477 -0.216214 -0.209393 -0.19649
-0.214498 -0.190104 -0.199889 -0.213889 -0.209455 -0.189467
-0.21508 -0.182506 -0.192479 -0.212463 -0.209975 -0.181676
-0.216074 -0.173962 -0.183937 -0.21102 -0.210876 -0.1732
-0.217588 -0.164835 -0.174793 -0.210795 -0.21229 -0.164248
-0.219031 -0.155573 -0.165066 -0.210771 -0.213624 -0.15506
-0.219834 -0.146253 -0.155163 -0.211435 -0.214785 -0.14583
-0.220695 -0.136993 -0.145752 -0.212286 -0.215711 -0.136734
-0.221709 -0.128082 -0.137253 -0.21318 -0.216939 -0.127857
-0.222961 -0.119754 -0.129899 -0.214557 -0.218321 -0.119106
-0.224158 -0.11181 -0.123965 -0.215919 -0.219745 -0.110781
-0.225575 -0.10453 -0.118663 -0.217289 -0.221398 -0.103459
-0.226878 -0.0983751 -0.114457 -0.218786 -0.22277 -0.0975773
-0.228078 -0.0936573 -0.111239 -0.220163 -0.2241 -0.0931279
-0.229279 -0.0902004 -0.108523 -0.221727 -0.225285 -0.0902204
-0.230137 -0.0885241 -0.107314 -0.223514 -0.226537 -0.0890566
-0.23076 -0.0884383 -0.107178 -0.224811 -0.227363 -0.0891866
-0.231524 -0.0898417 -0.108197 -0.226033 -0.228308 -0.0906178
-0.232288 -0.0926848 -0.110948 -0.227037 -0.229125 -0.0932178
-0.233431 -0.0977179 -0.115523 -0.227909 -0.230114 -0.0979366
-0.234074 -0.103185 -0.12041 -0.228759 -0.230891 -0.103169
-0.234591 -0.109716 -0.126293 -0.229342 -0.231282 -0.109528
-0.234984 -0.117164 -0.133265 -0.23001 -0.231599 -0.116735
-0.235118 -0.125177 -0.140767 -0.230549 -0.231667 -0.124898
-0.23529 -0.133585 -0.148603 -0.23093 -0.231853 -0.13326
-0.235334 -0.142005 -0.156437 -0.23112 -0.231941 -0.141577
-0.235328 -0.150326 -0.164205 -0.231217 -0.232011 -0.149602
-0.235068 -0.158573 -0.172993 -0.230274 -0.231811 -0.157965
-0.23395 -0.16746 -0.186459 -0.228127 -0.230529 -0.167437
-0.232555 -0.176579 -0.201836 -0.226848 -0.228737 -0.177198
-0.231225 -0.18625 -0.215061 -0.225227 -0.227105 -0.187164
-0.229495 -0.195732 -0.2268 -0.222771 -0.225091 -0.197457
-0.227008 -0.203732 -0.234634 -0.219692 -0.222524 -0.206754
-0.224662 -0.209792 -0.234145 -0.216137 -0.220324 -0.213864
-0.221277 -0.208266 -0.231438 -0.211729 -0.216937 -0.212594
-0.215523 -0.208601 -0.228453 -0.207441 -0.211014 -0.211025
-0.2096 -0.207698 -0.22421 -0.203673 -0.204959 -0.210225
-0.203255 -0.206609 -0.221417 -0.198353 -0.197921 -0.210401
-0.196439 -0.205938 -0.220393 -0.19131 -0.191453 -0.208982
-0.189384 -0.205479 -0.218829 -0.183158 -0.185113 -0.207384
-0.181633 -0.205172 -0.217891 -0.174176 -0.177528 -0.206534
-0.173117 -0.204807 -0.217833 -0.164867 -0.168777 -0.206148
-0.163303 -0.204735 -0.217698 -0.15572 -0.158993 -0.20629
-0.153033 -0.205542 -0.21796 -0.147067 -0.148958 -0.206825
-0.14263 -0.206934 -0.21845 -0.138975 -0.138876 -0.207945
-0.132685 -0.208459 -0.219015 -0.13167 -0.12966 -0.209187
-0.123677 -0.209824 -0.220053 -0.125371 -0.12124 -0.210698
-0.115669 -0.211204 -0.221209 -0.119949 -0.113884 -0.212376
-0.108826 -0.212612 -0.222711 -0.115462 -0.107455 -0.213852
-0.103909 -0.213993 -0.224582 -0.11165 -0.102173 -0.21527
-0.101216 -0.215405 -0.226149 -0.108221 -0.0979784 -0.216344
-0.0999156 -0.216993 -0.22764 -0.105558 -0.0951352 -0.217619
-0.0996166 -0.218652 -0.229047 -0.104202 -0.0940268 -0.219024
-0.0999972 -0.219862 -0.230179 -0.103804 -0.0950498 -0.220531
-0.101528 -0.22137 -0.230667 -0.105026 -0.0976926 -0.222196
-0.104828 -0.222976 -0.231391 -0.10763 -0.101814 -0.22356
-0.109953 -0.224535 -0.231838 -0.111348 -0.106955 -0.224362
-0.116404 -0.225555 -0.232323 -0.116106 -0.112977 -0.2253
-0.124003 -0.225894 -0.232779 -0.122001 -0.119947 -0.226232
-0.132014 -0.226329 -0.233447 -0.128286 -0.127504 -0.22694
-0.14 -0.226607 -0.233797 -0.135344 -0.13598 -0.227251
-0.147668 -0.226793 -0.234071 -0.143228 -0.144394 -0.227282
-0.155445 -0.227134 -0.234114 -0.151272 -0.152495 -0.227346
-0.163034 -0.227208 -0.234042 -0.159308 -0.160176 -0.227284
-0.170903 -0.226925 -0.232928 -0.167829 -0.168387 -0.226703
-0.181284 -0.226342 -0.230245 -0.177698 -0.18018 -0.225473
-0.191542 -0.226067 -0.228064 -0.187484 -0.192161 -0.224679
-0.19895 -0.225033 -0.225221 -0.197545 -0.202193 -0.223574
-0.204861 -0.22335 -0.222916 -0.207988 -0.210236 -0.22142
-0.210624 -0.220196 -0.221445 -0.216287 -0.211177 -0.218431
-0.215551 -0.215171 -0.219031 -0.222099 -0.211763 -0.214777
-0.215844 -0.209035 -0.216954 -0.220628 -0.21202 -0.210604
-0.214949 -0.20406 -0.213925 -0.21832 -0.211509 -0.206215
-0.214395 -0.199228 -0.208918 -0.217416 -0.209886 -0.201258
-0.213891 -0.194077 -0.202428 -0.215319 -0.208733 -0.195276
-0.213794 -0.187396 -0.194828 -0.21355 -0.208605 -0.188042
-0.21429 -0.179629 -0.18697 -0.212549 -0.209406 -0.179992
-0.214841 -0.170792 -0.17845 -0.211374 -0.210303 -0.171309
-0.216244 -0.161502 -0.169341 -0.211049 -0.21139 -0.16234
-0.217709 -0.152194 -0.159971 -0.211 -0.212747 -0.15305
-0.218867 -0.142692 -0.150513 -0.211458 -0.213972 -0.14376
-0.220111 -0.13362 -0.141677 -0.212287 -0.215383 -0.134721
-0.221259 -0.1249 -0.133721 -0.213459 -0.216583 -0.125853
-0.222233 -0.116853 -0.126718 -0.21465 -0.217663 -0.117325
-0.223277 -0.109321 -0.120951 -0.216078 -0.218934 -0.109565
-0.224374 -0.102593 -0.116213 -0.217605 -0.220208 -0.102972
-0.22528 -0.0970128 -0.112617 -0.219126 -0.221261 -0.0977507
-0.226229 -0.092685 -0.109731 -0.22071 -0.222523 -0.0940477
-0.227083 -0.0899658 -0.107742 -0.222265 -0.223502 -0.0918675
-0.227818 -0.0887247 -0.107326 -0.223643 -0.224439 -0.0911764
-0.228624 -0.0891671 -0.10755 -0.224816 -0.225642 -0.0916658
-0.229381 -0.0910109 -0.109102 -0.22574 -0.226639 -0.0934216
-0.230485 -0.0945255 -0.11222 -0.226618 -0.227591 -0.0965303
-0.231298 -0.099058 -0.116371 -0.227276 -0.228363 -0.100804
-0.232238 -0.104982 -0.121372 -0.227812 -0.228747 -0.10627
-0.23272 -0.111815 -0.12762 -0.228443 -0.229202 -0.112633
-0.23299 -0.11932 -0.134475 -0.229062 -0.229395 -0.120097
-0.233061 -0.127372 -0.142093 -0.229508 -0.229554 -0.12838
-0.233063 -0.135757 -0.15002 -0.229952 -0.229532 -0.136974
-0.233052 -0.144342 -0.158007 -0.230128 -0.229526 -0.145384
-0.23287 -0.152671 -0.165567 -0.230226 -0.229604 -0.1534
-0.232275 -0.160953 -0.175317 -0.228914 -0.228836 -0.162065
-0.23096 -0.16963 -0.189983 -0.226825 -0.227286 -0.171514
-0.229436 -0.178386 -0.205552 -0.225488 -0.225506 -0.180878
-0.227752 -0.187707 -0.219177 -0.223615 -0.223881 -0.190483
-0.22608 -0.196382 -0.231032 -0.221061 -0.221704 -0.200275
-0.224303 -0.202931 -0.233129 -0.217888 -0.219533 -0.208609
-0.222399 -0.208036 -0.232699 -0.213884 -0.217383 -0.213119
-0.218671 -0.207006 -0.230103 -0.209517 -0.213825 -0.210832
-0.21278 -0.207389 -0.226694 -0.205474 -0.2087 -0.209389
-0.206691 -0.20662 -0.222283 -0.201751 -0.201736 -0.209484
-0.200246 -0.205728 -0.220485 -0.196067 -0.194785 -0.209261
-0.19346 -0.204946 -0.218904 -0.188687 -0.188766 -0.207455
-0.186488 -0.204768 -0.217226 -0.180179 -0.182243 -0.206098
-0.178611 -0.204464 -0.217302 -0.171112 -0.174547 -0.205328
-0.169687 -0.203897 -0.217039 -0.161904 -0.165536 -0.204922
-0.159439 -0.204312 -0.216928 -0.152937 -0.155607 -0.205164
-0.148593 -0.205403 -0.217308 -0.144518 -0.145215 -0.205913
-0.137502 -0.206845 -0.217469 -0.136736 -0.135051 -0.207342
-0.127151 -0.208639 -0.218509 -0.129759 -0.125665 -0.208753
-0.117782 -0.210104 -0.21979 -0.123809 -0.117049 -0.210237
-0.110204 -0.211537 -0.221038 -0.118493 -0.109519 -0.211634
-0.104452 -0.213127 -0.222673 -0.113634 -0.103096 -0.212855
-0.10078 -0.21446 -0.224525 -0.109686 -0.097613 -0.214191
-0.0983977 -0.215652 -0.22631 -0.106421 -0.093611 -0.215744
-0.0971235 -0.217065 -0.227767 -0.104305 -0.091016 -0.217197
-0.0969324 -0.218759 -0.229006 -0.10334 -0.090582 -0.218897
-0.0979938 -0.220184 -0.229982 -0.103202 -0.0916362 -0.220503
-0.10083 -0.221335 -0.230819 -0.104413 -0.094233 -0.222187
-0.105285 -0.222789 -0.231815 -0.106853 -0.0983424 -0.223519
-0.110609 -0.223964 -0.23235 -0.110466 -0.103697 -0.224664
-0.116978 -0.224721 -0.232968 -0.11526 -0.109965 -0.225645
-0.124235 -0.225279 -0.233497 -0.121207 -0.117318 -0.226515
-0.131807 -0.22558 -0.23392 -0.127798 -0.12527 -0.227202
-0.139583 -0.225932 -0.234215 -0.135156 -0.133917 -0.227422
-0.147338 -0.2263 -0.234319 -0.143187 -0.142628 -0.227763
-0.15509 -0.226523 -0.234329 -0.151421 -0.150787 -0.227919
-0.162646 -0.226715 -0.234244 -0.159488 -0.158566 -0.227956
-0.171553 -0.226278 -0.232188 -0.169249 -0.168351 -0.227098
-0.182497 -0.225776 -0.229654 -0.179783 -0.181151 -0.226023
-0.192158 -0.225238 -0.227227 -0.190535 -0.193577 -0.225109
-0.198968 -0.224121 -0.224659 -0.20165 -0.204147 -0.22385
-0.204967 -0.222148 -0.222655 -0.212153 -0.211996 -0.221297
-0.210854 -0.218258 -0.221053 -0.2197 -0.212373 -0.217875
-0.215008 -0.212922 -0.218648 -0.22235 -0.212818 -0.214186
-0.214646 -0.207063 -0.216466 -0.220538 -0.212285 -0.209953
-0.21351 -0.202487 -0.212641 -0.219027 -0.21123 -0.205654
-0.212892 -0.197897 -0.2076 -0.21796 -0.209521 -0.200758
-0.212371 -0.192364 -0.201235 -0.215363 -0.208531 -0.194424
-0.212559 -0.18524 -0.19407 -0.213931 -0.208925 -0.186962
-0.213631 -0.177077 -0.186256 -0.212598 -0.2101 -0.1788
-0.214612 -0.168098 -0.177734 -0.211861 -0.211435 -0.170153
-0.216144 -0.158939 -0.168286 -0.211689 -0.212802 -0.161167
-0.217484 -0.149665 -0.158178 -0.211892 -0.214019 -0.15197
-0.218782 -0.140539 -0.14832 -0.212554 -0.215085 -0.142777
-0.219943 -0.131641 -0.139151 -0.213259 -0.216403 -0.133589
-0.221241 -0.122944 -0.131283 -0.214248 -0.217811 -0.124466
-0.222568 -0.114668 -0.124514 -0.21546 -0.219282 -0.115947
-0.223863 -0.106996 -0.118941 -0.216844 -0.220818 -0.108387
-0.225038 -0.100416 -0.11434 -0.218242 -0.222067 -0.102138
-0.225984 -0.0951034 -0.11053 -0.219771 -0.223218 -0.0971465
-0.22696 -0.0912062 -0.107566 -0.221403 -0.224362 -0.0937177
-0.227584 -0.0888311 -0.106182 -0.222886 -0.225293 -0.0917856
-0.228296 -0.0879586 -0.106238 -0.224132 -0.22636 -0.0913863
-0.229103 -0.0887741 -0.106996 -0.225273 -0.227394 -0.0920657
-0.230246 -0.0910396 -0.109206 -0.226003 -0.228106 -0.0940628
-0.231271 -0.0947583 -0.112806 -0.22685 -0.228773 -0.0973382
-0.232041 -0.0996432 -0.117229 -0.227503 -0.229411 -0.10177
-0.232672 -0.105537 -0.122568 -0.228081 -0.229946 -0.107484
-0.233068 -0.1127 -0.128911 -0.228613 -0.230313 -0.114578
-0.233304 -0.120271 -0.136176 -0.229145 -0.230351 -0.122615
-0.233422 -0.128387 -0.143996 -0.229581 -0.230441 -0.1308
-0.233251 -0.136789 -0.151782 -0.229915 -0.23044 -0.139247
-0.233097 -0.145326 -0.159555 -0.230096 -0.230502 -0.147539
-0.23302 -0.153593 -0.167064 -0.229997 -0.230437 -0.155568
-0.232235 -0.162189 -0.177605 -0.228211 -0.229415 -0.164244
-0.230633 -0.171299 -0.192872 -0.226387 -0.227926 -0.17358
-0.228956 -0.18042 -0.207829 -0.225021 -0.226137 -0.182829
-0.227249 -0.19004 -0.220788 -0.223055 -0.224348 -0.192302
-0.225661 -0.198664 -0.231839 -0.220348 -0.222014 -0.201818
-0.223594 -0.20523 -0.233058 -0.216858 -0.219807 -0.209834
-0.22126 -0.207767 -0.232302 -0.212991 -0.217687 -0.212186
-0.216601 -0.206632 -0.229246 -0.208736 -0.213155 -0.210132
-0.211166 -0.20673 -0.225513 -0.204812 -0.207939 -0.208698
-0.204774 -0.205791 -0.221624 -0.200741 -0.201053 -0.208948
-0.198558 -0.204852 -0.220243 -0.194677 -0.194336 -0.208421
-0.19185 -0.204391 -0.218336 -0.187255 -0.188131 -0.206846
-0.18459 -0.204325 -0.217029 -0.178628 -0.181302 -0.205869
-0.176585 -0.204235 -0.217182 -0.169506 -0.173313 -0.205295
-0.1674 -0.20386 -0.216739 -0.160265 -0.164036 -0.205107
-0.15735 -0.204333 -0.216745 -0.15126 -0.154125 -0.205324
-0.146996 -0.205424 -0.217312 -0.142845 -0.143787 -0.205987
-0.136611 -0.206879 -0.217832 -0.135083 -0.134106 -0.207185
-0.126807 -0.208374 -0.218848 -0.128373 -0.124967 -0.20865
-0.117873 -0.20982 -0.219926 -0.122617 -0.116654 -0.210158
-0.110206 -0.211363 -0.221176 -0.11776 -0.109356 -0.21168
-0.10441 -0.212827 -0.222696 -0.113255 -0.103276 -0.213192
-0.100797 -0.214036 -0.224598 -0.109409 -0.0983064 -0.214287
-0.0989514 -0.215564 -0.226107 -0.106345 -0.0946721 -0.215415
-0.0983516 -0.216919 -0.227622 -0.104132 -0.0925696 -0.217089
-0.0985986 -0.21847 -0.228683 -0.103518 -0.0921665 -0.218656
-0.0994061 -0.219982 -0.229359 -0.103724 -0.0934566 -0.220181
-0.101464 -0.221464 -0.229964 -0.105246 -0.0965347 -0.22197
-0.105178 -0.222602 -0.230681 -0.107975 -0.100871 -0.223081
-0.110645 -0.223913 -0.230978 -0.111929 -0.106385 -0.224082
-0.117243 -0.224965 -0.231614 -0.116556 -0.112881 -0.225092
-0.124781 -0.225234 -0.232144 -0.122666 -0.120317 -0.22565
-0.132789 -0.225731 -0.232152 -0.12938 -0.127979 -0.226246
-0.140743 -0.226049 -0.232642 -0.1368 -0.13638 -0.226737
-0.148577 -0.226319 -0.232788 -0.144781 -0.14488 -0.226754
-0.156227 -0.22658 -0.232831 -0.152977 -0.153006 -0.226978
-0.16358 -0.226679 -0.232698 -0.160801 -0.160685 -0.226871
-0.172275 -0.226314 -0.230327 -0.170392 -0.170248 -0.22582
-0.183276 -0.225802 -0.227606 -0.180716 -0.183027 -0.224645
-0.192549 -0.225302 -0.225421 -0.191153 -0.194674 -0.223799
-0.199547 -0.224259 -0.222857 -0.201922 -0.204688 -0.222428
-0.205538 -0.22208 -0.220807 -0.212118 -0.21023 -0.219778
-0.211887 -0.21793 -0.218856 -0.219475 -0.210823 -0.216294
-0.214918 -0.212445 -0.217052 -0.22147 -0.211142 -0.212591
-0.215136 -0.206666 -0.21492 -0.217659 -0.210951 -0.208301
-0.21518 -0.201746 -0.210984 -0.215191 -0.210986 -0.203518
-0.21608 -0.196768 -0.206029 -0.213298 -0.211047 -0.198115
-0.216849 -0.190764 -0.199668 -0.209865 -0.211501 -0.191679
-0.218223 -0.18354 -0.191998 -0.207639 -0.213281 -0.184248
-0.219882 -0.17554 -0.183486 -0.205566 -0.215311 -0.176114
-0.2214 -0.166878 -0.174186 -0.204291 -0.217038 -0.167577
-0.223011 -0.157866 -0.163995 -0.203901 -0.218511 -0.158577
-0.224294 -0.148598 -0.153624 -0.204006 -0.219911 -0.149213
-0.22555 -0.139524 -0.144301 -0.204747 -0.22102 -0.140309
-0.226751 -0.130543 -0.136175 -0.205409 -0.222435 -0.131243
-0.227731 -0.121936 -0.129209 -0.206324 -0.223889 -0.122398
-0.229072 -0.112299 -0.122422 -0.207932 -0.225566 -0.112504
-0.2302 -0.104818 -0.117958 -0.209371 -0.226995 -0.105265
-0.2313 -0.0984877 -0.114521 -0.210788 -0.228157 -0.0993862
-0.232059 -0.0939682 -0.112028 -0.212435 -0.229229 -0.0949364
-0.232758 -0.0908477 -0.110252 -0.213849 -0.230019 -0.0920933
-0.233407 -0.0891649 -0.109356 -0.215365 -0.230681 -0.0907615
-0.233842 -0.088995 -0.109275 -0.216548 -0.231221 -0.0908455
-0.234279 -0.0903058 -0.110555 -0.217865 -0.231837 -0.0921585
-0.234879 -0.0929038 -0.113213 -0.21869 -0.232598 -0.0945771
-0.235342 -0.096804 -0.116917 -0.219418 -0.23325 -0.0981792
-0.235693 -0.102033 -0.121293 -0.220182 -0.233709 -0.10336
-0.235865 -0.108167 -0.126503 -0.220807 -0.233921 -0.10977
-0.235947 -0.115352 -0.132807 -0.221553 -0.233793 -0.116901
-0.235889 -0.123236 -0.139644 -0.221998 -0.233639 -0.124636
-0.235856 -0.131448 -0.146949 -0.222333 -0.233392 -0.132566
-0.235931 -0.140001 -0.15441 -0.222568 -0.233298 -0.140733
-0.235757 -0.148355 -0.161882 -0.222738 -0.233282 -0.148835
-0.235571 -0.15646 -0.169716 -0.222175 -0.233091 -0.15702
-0.234393 -0.164767 -0.182381 -0.219637 -0.231723 -0.166552
-0.233074 -0.173471 -0.198557 -0.21779 -0.229801 -0.176489
-0.231501 -0.182258 -0.213106 -0.216228 -0.228266 -0.186455
-0.22973 -0.191201 -0.226084 -0.214062 -0.226484 -0.197134
-0.227412 -0.198281 -0.234802 -0.211146 -0.224045 -0.206908
-0.225319 -0.201056 -0.233899 -0.207724 -0.221957 -0.207322
-0.220237 -0.200182 -0.231554 -0.204671 -0.21677 -0.206177
-0.214953 -0.200065 -0.228623 -0.20114 -0.212252 -0.20527
-0.209457 -0.199025 -0.226077 -0.197504 -0.20601 -0.204782
-0.204084 -0.197919 -0.22446 -0.192231 -0.200589 -0.203701
-0.198252 -0.197524 -0.222691 -0.185222 -0.195203 -0.202459
-0.191622 -0.197673 -0.222569 -0.17727 -0.188778 -0.201534
-0.183992 -0.197453 -0.222238 -0.168664 -0.181067 -0.200964
-0.175162 -0.19737 -0.221792 -0.159623 -0.172128 -0.200989
-0.165338 -0.197995 -0.221949 -0.150784 -0.162585 -0.20125
-0.154811 -0.199093 -0.221944 -0.142285 -0.152416 -0.202049
-0.143892 -0.200597 -0.222189 -0.134461 -0.142103 -0.20341
-0.133588 -0.202113 -0.223008 -0.127606 -0.131898 -0.204916
-0.124132 -0.203404 -0.223981 -0.121499 -0.122465 -0.206477
-0.116256 -0.205 -0.224928 -0.116136 -0.11372 -0.208069
-0.109995 -0.206633 -0.226064 -0.111485 -0.106425 -0.209715
-0.105113 -0.20808 -0.227562 -0.107746 -0.0999706 -0.211265
-0.101762 -0.20968 -0.228712 -0.104718 -0.0950037 -0.212838
-0.0997218 -0.211318 -0.229852 -0.102433 -0.0919852 -0.214633
-0.0991429 -0.21294 -0.230713 -0.100752 -0.0904273 -0.216371
-0.0996571 -0.214484 -0.231547 -0.0997505 -0.0907246 -0.217719
-0.101608 -0.215929 -0.232295 -0.0996716 -0.0929464 -0.219256
-0.105114 -0.217284 -0.232948 -0.101138 -0.0965874 -0.220758
-0.109661 -0.218617 -0.233561 -0.103835 -0.101787 -0.221937
-0.115388 -0.219665 -0.233847 -0.107463 -0.107934 -0.222805
-0.121909 -0.220697 -0.234204 -0.11235 -0.114908 -0.223728
-0.129389 -0.221535 -0.234672 -0.118467 -0.122632 -0.224465
-0.13722 -0.222175 -0.234765 -0.125062 -0.130967 -0.224955
-0.145257 -0.222773 -0.235054 -0.132485 -0.139733 -0.225503
-0.153156 -0.22312 -0.235261 -0.140195 -0.148268 -0.2258
-0.160812 -0.223446 -0.235252 -0.148014 -0.156685 -0.226092
-0.168493 -0.223402 -0.234549 -0.156241 -0.164857 -0.226143
-0.178782 -0.222466 -0.231554 -0.166796 -0.175829 -0.225326
-0.189901 -0.221965 -0.229573 -0.177396 -0.187987 -0.224669
-0.198334 -0.221012 -0.227222 -0.189025 -0.198128 -0.223807
-0.205149 -0.219459 -0.224701 -0.200799 -0.206807 -0.222113
-0.211513 -0.217169 -0.222813 -0.210686 -0.213789 -0.219268
-0.215231 -0.213097 -0.220307 -0.217367 -0.212969 -0.215936
-0.215968 -0.20751 -0.218028 -0.219106 -0.213154 -0.21153
-0.215922 -0.202446 -0.21576 -0.217211 -0.213244 -0.206598
-0.214178 -0.197855 -0.211752 -0.215605 -0.211702 -0.201574
-0.213766 -0.193007 -0.206097 -0.214726 -0.210487 -0.196323
-0.213254 -0.186727 -0.198961 -0.212106 -0.209308 -0.189666
-0.213442 -0.179169 -0.191201 -0.211261 -0.209731 -0.181941
-0.21385 -0.170639 -0.18312 -0.210137 -0.210471 -0.173505
-0.214952 -0.161424 -0.174462 -0.209426 -0.211678 -0.164403
-0.216359 -0.152055 -0.165305 -0.209463 -0.212948 -0.154963
-0.217929 -0.142572 -0.155773 -0.210015 -0.214194 -0.145513
-0.219478 -0.133259 -0.146514 -0.211037 -0.215447 -0.136322
-0.220712 -0.124409 -0.138039 -0.212021 -0.216468 -0.127464
-0.221948 -0.116092 -0.130315 -0.213176 -0.217504 -0.119014
-0.223129 -0.108157 -0.123627 -0.214806 -0.218574 -0.111062
-0.224079 -0.101151 -0.11808 -0.216256 -0.219881 -0.104056
-0.224888 -0.0948834 -0.113433 -0.217815 -0.220933 -0.0981627
-0.225783 -0.0899309 -0.109796 -0.219267 -0.221987 -0.093706
-0.226507 -0.0865797 -0.107259 -0.22071 -0.222848 -0.0906305
-0.227303 -0.084698 -0.106296 -0.222327 -0.223842 -0.0891393
-0.227959 -0.0844522 -0.10652 -0.223655 -0.224737 -0.0891166
-0.228593 -0.0858017 -0.10788 -0.224732 -0.225587 -0.0903652
-0.229549 -0.0885167 -0.11066 -0.225548 -0.226273 -0.092903
-0.230488 -0.0923877 -0.114742 -0.226296 -0.226941 -0.0967008
-0.231387 -0.0976248 -0.119492 -0.227062 -0.227513 -0.101559
-0.232031 -0.105436 -0.12661 -0.227915 -0.228155 -0.109014
-0.232299 -0.112873 -0.133597 -0.228429 -0.228548 -0.116448
-0.232462 -0.120778 -0.141238 -0.228998 -0.228836 -0.124715
-0.232632 -0.129219 -0.14916 -0.22938 -0.228796 -0.133158
-0.232718 -0.137825 -0.157043 -0.229755 -0.228828 -0.141574
-0.232777 -0.146362 -0.164662 -0.22985 -0.228859 -0.149576
-0.23248 -0.154743 -0.17341 -0.228934 -0.22856 -0.157807
-0.231426 -0.16379 -0.187311 -0.226756 -0.227176 -0.167177
-0.230049 -0.173142 -0.202868 -0.225565 -0.225392 -0.177161
-0.228351 -0.183171 -0.215936 -0.224034 -0.223616 -0.187598
-0.226562 -0.193003 -0.227481 -0.221759 -0.221449 -0.19846
-0.224565 -0.200529 -0.231956 -0.218863 -0.218686 -0.208255
-0.222454 -0.206357 -0.231395 -0.215492 -0.216368 -0.2134
-0.219019 -0.207752 -0.228942 -0.211145 -0.213018 -0.211871
-0.212432 -0.20762 -0.225961 -0.206821 -0.208657 -0.210091
-0.20633 -0.20715 -0.221603 -0.202953 -0.201955 -0.210078
-0.19959 -0.206222 -0.219316 -0.197444 -0.19476 -0.210173
-0.193065 -0.205908 -0.217386 -0.190367 -0.188475 -0.208659
-0.186079 -0.20624 -0.215568 -0.182177 -0.182255 -0.207549
-0.178377 -0.206403 -0.215244 -0.173141 -0.174586 -0.206942
-0.16978 -0.206049 -0.215171 -0.163689 -0.165998 -0.206608
-0.160058 -0.206146 -0.215255 -0.154424 -0.156454 -0.206763
-0.14951 -0.207115 -0.215599 -0.145696 -0.146435 -0.207335
-0.138569 -0.208529 -0.216104 -0.13769 -0.13635 -0.208617
-0.128019 -0.209961 -0.216912 -0.130687 -0.126675 -0.210445
-0.11842 -0.211544 -0.218259 -0.124527 -0.117992 -0.212066
-0.110404 -0.212807 -0.219444 -0.119135 -0.110059 -0.213614
-0.104532 -0.214331 -0.220926 -0.114237 -0.103474 -0.214928
-0.100637 -0.215665 -0.222636 -0.110137 -0.0978404 -0.216317
-0.0979244 -0.216995 -0.224445 -0.106868 -0.0935778 -0.217974
-0.0964287 -0.218263 -0.226062 -0.104484 -0.0908758 -0.21934
-0.0959562 -0.219786 -0.22724 -0.103197 -0.0897876 -0.220826
-0.0969797 -0.221113 -0.228217 -0.102811 -0.0906419 -0.222197
-0.099948 -0.222338 -0.229248 -0.103563 -0.0927892 -0.223608
-0.104239 -0.223649 -0.230369 -0.105684 -0.096545 -0.224821
-0.109553 -0.224574 -0.231105 -0.109096 -0.101815 -0.225962
-0.11542 -0.225276 -0.231514 -0.113654 -0.107881 -0.226794
-0.122218 -0.225965 -0.231815 -0.119486 -0.114843 -0.227865
-0.129348 -0.226414 -0.232224 -0.12599 -0.122787 -0.228503
-0.136813 -0.226637 -0.232271 -0.133085 -0.131201 -0.228955
-0.14452 -0.227089 -0.232472 -0.14086 -0.139461 -0.229405
-0.152423 -0.227253 -0.232429 -0.14871 -0.147744 -0.229577
-0.160124 -0.227304 -0.232278 -0.156654 -0.155641 -0.229744
-0.167983 -0.226986 -0.231215 -0.165149 -0.163962 -0.229119
-0.178429 -0.226359 -0.228615 -0.175444 -0.175766 -0.227921
-0.188724 -0.225963 -0.226514 -0.18585 -0.188205 -0.227073
-0.196372 -0.224918 -0.223923 -0.196637 -0.198616 -0.226051
-0.20256 -0.223296 -0.221507 -0.207638 -0.208093 -0.223913
-0.208245 -0.22007 -0.219512 -0.216321 -0.210827 -0.220933
-0.213143 -0.215287 -0.21717 -0.222155 -0.211211 -0.217066
-0.213626 -0.209075 -0.215295 -0.221663 -0.211606 -0.212904
-0.212938 -0.203774 -0.212407 -0.219109 -0.210918 -0.20823
-0.212018 -0.1991 -0.207491 -0.218356 -0.209462 -0.203354
-0.211412 -0.194022 -0.201272 -0.21642 -0.207911 -0.19745
-0.211064 -0.187389 -0.193814 -0.214053 -0.207088 -0.190331
-0.211469 -0.179544 -0.185858 -0.21321 -0.207919 -0.182292
-0.212151 -0.170755 -0.177476 -0.211827 -0.209126 -0.17379
-0.213557 -0.161292 -0.168547 -0.211352 -0.210418 -0.164715
-0.214996 -0.151883 -0.15907 -0.211189 -0.211768 -0.155424
-0.216173 -0.142614 -0.149587 -0.211538 -0.213467 -0.146119
-0.217651 -0.133562 -0.140653 -0.21234 -0.214825 -0.137064
-0.219099 -0.124945 -0.132765 -0.21301 -0.216019 -0.128357
-0.220571 -0.116853 -0.125694 -0.214167 -0.217428 -0.119951
-0.222007 -0.109461 -0.119842 -0.215534 -0.218925 -0.112113
-0.223363 -0.102794 -0.114891 -0.216926 -0.220347 -0.105539
-0.224364 -0.0971784 -0.110828 -0.218565 -0.221551 -0.100211
-0.225291 -0.0930105 -0.107372 -0.220176 -0.222629 -0.0963258
-0.225938 -0.0900698 -0.105072 -0.221816 -0.223707 -0.0939544
-0.226668 -0.0887903 -0.104287 -0.223325 -0.22449 -0.093057
-0.227491 -0.0891356 -0.104419 -0.224634 -0.225566 -0.0934523
-0.228143 -0.0910665 -0.106079 -0.225661 -0.226399 -0.0951394
-0.229273 -0.0942401 -0.109438 -0.226442 -0.2271 -0.0980447
-0.230519 -0.0985768 -0.113629 -0.227138 -0.227952 -0.102172
-0.231515 -0.104197 -0.118974 -0.227751 -0.228635 -0.10743
-0.232276 -0.11095 -0.125311 -0.228235 -0.229204 -0.113979
-0.23271 -0.118379 -0.132382 -0.228815 -0.229608 -0.121674
-0.232725 -0.126468 -0.13999 -0.229273 -0.229923 -0.130035
-0.232686 -0.13496 -0.14788 -0.229789 -0.229906 -0.138688
-0.232624 -0.143522 -0.155746 -0.230138 -0.22987 -0.147137
-0.232604 -0.151899 -0.163124 -0.230117 -0.229985 -0.155088
-0.231952 -0.160292 -0.172987 -0.22874 -0.229279 -0.163451
-0.230536 -0.169222 -0.187919 -0.226713 -0.228038 -0.172414
-0.229069 -0.178271 -0.204431 -0.225433 -0.226346 -0.181668
-0.227427 -0.188008 -0.218479 -0.223656 -0.224732 -0.191145
-0.225794 -0.197001 -0.230696 -0.221164 -0.222406 -0.201212
-0.223711 -0.203626 -0.233329 -0.21783 -0.219863 -0.209735
-0.221546 -0.207654 -0.232819 -0.214043 -0.217969 -0.212487
-0.217483 -0.206176 -0.230167 -0.209913 -0.214214 -0.210173
-0.21181 -0.206295 -0.226854 -0.205751 -0.209296 -0.208357
-0.205652 -0.205281 -0.222617 -0.201921 -0.202606 -0.208436
-0.19957 -0.204439 -0.221233 -0.196312 -0.19611 -0.208139
-0.193029 -0.203788 -0.219886 -0.189155 -0.1901 -0.206398
-0.185957 -0.203728 -0.218648 -0.180781 -0.183448 -0.204933
-0.177716 -0.203536 -0.218248 -0.171793 -0.175467 -0.204077
-0.168795 -0.203314 -0.218258 -0.162562 -0.166282 -0.203689
-0.158548 -0.203644 -0.218448 -0.153506 -0.156242 -0.203896
-0.148294 -0.204736 -0.218985 -0.145007 -0.145961 -0.204554
-0.137751 -0.20603 -0.219501 -0.13701 -0.1357 -0.205819
-0.12795 -0.207618 -0.220325 -0.129965 -0.126346 -0.207345
-0.119204 -0.20897 -0.221476 -0.123803 -0.117817 -0.209012
-0.111522 -0.210345 -0.222823 -0.11859 -0.110453 -0.210545
-0.105028 -0.2117 -0.224447 -0.114187 -0.104007 -0.211983
-0.100499 -0.21262 -0.226455 -0.110413 -0.0986368 -0.213365
-0.098044 -0.213818 -0.227875 -0.106974 -0.0944244 -0.214276
-0.0972723 -0.215409 -0.229504 -0.104314 -0.0916417 -0.215482
-0.0974966 -0.216702 -0.230952 -0.103132 -0.0906023 -0.216916
-0.0983373 -0.217886 -0.231686 -0.102948 -0.0916444 -0.218144
-0.100086 -0.219445 -0.232236 -0.104103 -0.0945111 -0.219822
-0.103319 -0.220948 -0.232799 -0.106543 -0.098955 -0.221209
-0.108539 -0.222434 -0.233121 -0.110216 -0.104504 -0.222022
-0.114987 -0.223315 -0.23352 -0.1149 -0.1108 -0.222959
-0.122654 -0.223896 -0.233967 -0.120702 -0.118051 -0.223966
-0.130609 -0.224129 -0.233996 -0.127186 -0.125852 -0.224437
-0.138513 -0.224651 -0.234047 -0.134342 -0.134136 -0.224856
-0.14624 -0.225134 -0.234354 -0.142263 -0.14268 -0.224965
-0.153887 -0.225353 -0.2346 -0.150398 -0.150871 -0.22516
-0.161456 -0.225393 -0.234738 -0.158323 -0.158518 -0.224893
-0.169608 -0.225037 -0.233361 -0.167259 -0.167387 -0.224094
-0.180333 -0.22463 -0.23092 -0.176985 -0.180133 -0.22276
-0.190226 -0.224287 -0.229052 -0.187237 -0.192344 -0.221754
-0.197243 -0.223343 -0.22658 -0.197823 -0.202494 -0.220405
-0.203455 -0.221351 -0.22449 -0.208244 -0.211544 -0.217937
-0.209412 -0.217976 -0.222597 -0.216075 -0.212694 -0.214782
-0.216022 -0.213041 -0.219783 -0.219728 -0.212979 -0.210956
-0.216469 -0.207193 -0.21751 -0.218218 -0.212986 -0.207064
-0.215397 -0.20202 -0.214095 -0.215815 -0.211777 -0.202533
-0.21504 -0.19719 -0.209137 -0.21475 -0.21094 -0.197781
-0.214497 -0.191742 -0.202974 -0.211991 -0.209995 -0.191626
-0.214482 -0.184909 -0.19555 -0.210309 -0.21005 -0.18437
-0.215096 -0.177017 -0.187199 -0.209007 -0.210843 -0.176356
-0.215853 -0.168324 -0.178257 -0.208113 -0.211626 -0.167738
-0.216992 -0.15906 -0.168759 -0.207947 -0.212355 -0.15873
-0.218065 -0.149536 -0.158841 -0.208118 -0.213482 -0.14941
-0.219105 -0.140075 -0.149398 -0.208756 -0.214667 -0.140119
-0.220301 -0.130716 -0.140737 -0.209608 -0.21592 -0.131071
-0.221437 -0.122094 -0.133351 -0.210738 -0.217327 -0.122203
-0.222413 -0.113738 -0.126564 -0.212185 -0.21856 -0.113542
-0.22335 -0.106062 -0.121138 -0.213484 -0.219775 -0.105916
-0.224357 -0.0992342 -0.116735 -0.215134 -0.221191 -0.0994832
-0.225308 -0.0936573 -0.113449 -0.216527 -0.222262 -0.0944122
-0.226135 -0.0895694 -0.110918 -0.21822 -0.223449 -0.0906623
-0.226735 -0.0872417 -0.10957 -0.219993 -0.224209 -0.0887447
-0.227307 -0.08627 -0.109308 -0.221532 -0.224714 -0.088143
-0.227755 -0.0870475 -0.109631 -0.223119 -0.225348 -0.088679
-0.228291 -0.0888802 -0.111727 -0.224246 -0.226112 -0.0904852
-0.22892 -0.0921476 -0.115049 -0.225047 -0.226661 -0.0935052
-0.229624 -0.0968301 -0.119418 -0.225978 -0.227226 -0.0978314
-0.230253 -0.10273 -0.124511 -0.22672 -0.227937 -0.103481
-0.230653 -0.109539 -0.130568 -0.227432 -0.228565 -0.110149
-0.231004 -0.116947 -0.137333 -0.228065 -0.228855 -0.11775
-0.231271 -0.125052 -0.144529 -0.22855 -0.228899 -0.125838
-0.23139 -0.13357 -0.15184 -0.229121 -0.228929 -0.134075
-0.231428 -0.142054 -0.159222 -0.229408 -0.229043 -0.142336
-0.231421 -0.150491 -0.166569 -0.22954 -0.228993 -0.15036
-0.230854 -0.158669 -0.176027 -0.228407 -0.228519 -0.15898
-0.229486 -0.167414 -0.190684 -0.226408 -0.227063 -0.168413
-0.227801 -0.176115 -0.206275 -0.225157 -0.225289 -0.178285
-0.226387 -0.185223 -0.219733 -0.223534 -0.223511 -0.188555
-0.224603 -0.1931 -0.23135 -0.221164 -0.221333 -0.198985
-0.22275 -0.199129 -0.232704 -0.218111 -0.219208 -0.207968
-0.220796 -0.204158 -0.232417 -0.214159 -0.217361 -0.21254
-0.217558 -0.206087 -0.230179 -0.209381 -0.214009 -0.210599
-0.211047 -0.205868 -0.226742 -0.205125 -0.209492 -0.208892
-0.204834 -0.205559 -0.222163 -0.201409 -0.202626 -0.209096
-0.197924 -0.204546 -0.220251 -0.195609 -0.195179 -0.209031
-0.191379 -0.203786 -0.218567 -0.188474 -0.189201 -0.207545
-0.184259 -0.203549 -0.216372 -0.180071 -0.182515 -0.206448
-0.176427 -0.20332 -0.21625 -0.1709 -0.1747 -0.205846
-0.167586 -0.202664 -0.216448 -0.161584 -0.165582 -0.20538
-0.157711 -0.202769 -0.216648 -0.152304 -0.155661 -0.205569
-0.146908 -0.203683 -0.217159 -0.143924 -0.145198 -0.206206
-0.135941 -0.20527 -0.217472 -0.136197 -0.135047 -0.207346
-0.125299 -0.206732 -0.218366 -0.12932 -0.125163 -0.208922
-0.115781 -0.208055 -0.219587 -0.123529 -0.116129 -0.210736
-0.107574 -0.209333 -0.220856 -0.118244 -0.108069 -0.212319
-0.101643 -0.210934 -0.222354 -0.11348 -0.101298 -0.213708
-0.0975113 -0.212314 -0.224164 -0.10934 -0.0956976 -0.215466
-0.0949933 -0.213486 -0.225727 -0.106064 -0.091619 -0.216711
-0.0938599 -0.214923 -0.226991 -0.103605 -0.0892463 -0.218013
-0.0939176 -0.21666 -0.228231 -0.102269 -0.0890476 -0.220085
-0.094549 -0.218101 -0.229274 -0.101953 -0.0904176 -0.2216
-0.0969421 -0.219581 -0.229821 -0.103138 -0.0929977 -0.223114
-0.10122 -0.221007 -0.230656 -0.105234 -0.0970196 -0.224647
-0.106738 -0.222095 -0.231138 -0.108517 -0.102236 -0.225586
-0.113384 -0.223275 -0.231934 -0.113102 -0.108756 -0.226393
-0.120759 -0.223833 -0.232704 -0.118517 -0.116263 -0.227374
-0.128444 -0.224172 -0.23275 -0.125142 -0.124309 -0.227804
-0.136012 -0.224745 -0.232944 -0.132144 -0.132951 -0.228231
-0.143613 -0.225198 -0.233043 -0.140462 -0.141396 -0.228624
-0.151362 -0.225564 -0.232767 -0.14886 -0.149643 -0.228922
-0.15891 -0.225847 -0.232512 -0.156751 -0.157357 -0.229343
-0.167429 -0.22536 -0.231107 -0.165584 -0.166145 -0.228729
-0.178813 -0.224554 -0.228478 -0.17552 -0.178407 -0.227633
-0.189919 -0.224137 -0.226508 -0.185483 -0.190388 -0.226848
-0.198072 -0.223222 -0.224042 -0.196061 -0.200167 -0.225775
-0.205203 -0.221277 -0.221567 -0.206763 -0.208765 -0.223579
-0.21157 -0.218012 -0.219306 -0.21498 -0.211594 -0.220573
-0.212342 -0.213062 -0.21705 -0.220184 -0.211333 -0.216443
-0.213977 -0.207251 -0.215439 -0.220234 -0.212416 -0.2116
-0.212859 -0.202162 -0.213069 -0.218296 -0.212109 -0.206446
-0.212163 -0.197864 -0.208079 -0.217326 -0.210888 -0.201602
-0.211383 -0.192662 -0.201428 -0.21552 -0.209557 -0.196013
-0.211064 -0.186077 -0.193731 -0.213734 -0.208782 -0.18916
-0.211297 -0.178244 -0.185696 -0.212979 -0.209473 -0.1812
-0.211892 -0.169572 -0.17757 -0.211793 -0.210315 -0.172748
-0.213358 -0.160146 -0.168683 -0.211172 -0.211558 -0.163726
-0.215056 -0.150584 -0.159672 -0.211095 -0.213171 -0.154254
-0.216592 -0.141042 -0.150559 -0.211387 -0.214725 -0.1449
-0.218221 -0.131977 -0.14166 -0.212318 -0.216223 -0.135836
-0.219638 -0.123293 -0.133528 -0.213312 -0.217329 -0.127014
-0.221032 -0.115278 -0.126554 -0.214587 -0.218374 -0.118722
-0.222231 -0.107696 -0.120606 -0.215967 -0.21969 -0.111121
-0.223284 -0.10092 -0.115838 -0.217461 -0.220969 -0.104581
-0.224158 -0.0949842 -0.111759 -0.218845 -0.222101 -0.099495
-0.225069 -0.0905999 -0.108684 -0.220288 -0.223235 -0.095533
-0.225689 -0.087828 -0.106246 -0.22181 -0.224149 -0.0930475
-0.226531 -0.0864825 -0.105384 -0.223205 -0.225096 -0.0922341
-0.227218 -0.086917 -0.105212 -0.224526 -0.226145 -0.0926269
-0.227755 -0.0887084 -0.106881 -0.225506 -0.226993 -0.0942745
-0.228659 -0.091944 -0.10994 -0.226112 -0.22784 -0.0972436
-0.229588 -0.0965067 -0.113972 -0.226801 -0.228426 -0.101488
-0.230577 -0.102228 -0.119191 -0.22724 -0.228838 -0.106783
-0.231308 -0.108906 -0.125569 -0.227808 -0.228953 -0.112973
-0.231599 -0.116509 -0.132645 -0.228452 -0.229186 -0.120453
-0.231619 -0.12461 -0.14035 -0.228823 -0.229392 -0.128758
-0.231568 -0.133004 -0.148343 -0.229228 -0.229425 -0.137436
-0.231641 -0.14139 -0.156099 -0.229466 -0.229298 -0.145829
-0.231567 -0.149656 -0.16342 -0.229462 -0.229249 -0.153824
-0.231162 -0.157766 -0.172017 -0.228464 -0.228797 -0.161977
-0.229671 -0.166434 -0.185772 -0.226348 -0.227339 -0.171208
-0.228172 -0.175239 -0.201576 -0.224943 -0.225558 -0.180646
-0.226614 -0.184481 -0.215278 -0.223354 -0.223938 -0.190337
-0.224778 -0.193121 -0.227599 -0.220859 -0.221929 -0.20044
-0.222803 -0.199632 -0.232278 -0.217807 -0.219559 -0.209425
-0.220764 -0.204812 -0.231975 -0.214196 -0.217776 -0.212288
-0.217086 -0.205967 -0.229432 -0.210038 -0.214045 -0.209946
-0.210654 -0.205956 -0.22652 -0.205815 -0.209827 -0.208489
-0.204634 -0.205539 -0.222133 -0.202206 -0.202672 -0.208396
-0.198124 -0.204554 -0.220075 -0.196719 -0.195773 -0.208245
-0.191787 -0.203904 -0.218357 -0.189633 -0.189559 -0.206621
-0.184794 -0.204007 -0.216607 -0.181355 -0.18316 -0.205463
-0.176914 -0.204063 -0.21628 -0.172277 -0.175472 -0.20475
-0.168011 -0.203711 -0.21595 -0.162875 -0.166791 -0.204406
-0.158182 -0.203697 -0.215822 -0.153554 -0.157238 -0.204593
-0.147483 -0.204571 -0.216205 -0.145068 -0.147366 -0.205281
-0.13653 -0.205879 -0.216497 -0.137158 -0.137422 -0.206556
-0.125831 -0.207182 -0.217325 -0.13025 -0.127741 -0.208195
-0.116333 -0.208745 -0.218663 -0.124161 -0.118696 -0.209786
-0.108423 -0.209822 -0.220057 -0.118894 -0.110478 -0.21121
-0.102852 -0.211183 -0.221372 -0.11401 -0.10368 -0.212497
-0.0991177 -0.212512 -0.223081 -0.10984 -0.0979083 -0.214096
-0.0965421 -0.213495 -0.224955 -0.106445 -0.0937098 -0.215479
-0.0954062 -0.214795 -0.226587 -0.104149 -0.0910077 -0.216845
-0.0950258 -0.216461 -0.227652 -0.10287 -0.08999 -0.218551
-0.0963126 -0.218082 -0.228547 -0.102477 -0.0907308 -0.21995
-0.0992519 -0.219454 -0.229503 -0.103308 -0.0929551 -0.221454
-0.103624 -0.220776 -0.230353 -0.105473 -0.0966704 -0.223138
-0.10884 -0.221655 -0.230949 -0.108699 -0.101784 -0.224475
-0.115013 -0.222653 -0.23142 -0.113382 -0.107982 -0.22539
-0.121995 -0.223534 -0.231669 -0.11905 -0.115119 -0.226297
-0.129494 -0.224056 -0.232152 -0.125547 -0.122917 -0.227161
-0.137354 -0.224481 -0.232327 -0.132651 -0.13101 -0.22756
-0.145276 -0.224918 -0.23236 -0.140545 -0.139537 -0.22811
-0.153181 -0.225112 -0.232603 -0.148571 -0.147946 -0.228382
-0.160598 -0.225242 -0.232352 -0.15657 -0.156005 -0.22862
-0.168877 -0.224856 -0.230525 -0.165929 -0.165076 -0.228192
-0.179928 -0.223974 -0.227708 -0.176667 -0.177112 -0.227158
-0.190863 -0.223611 -0.225687 -0.187596 -0.189155 -0.226472
-0.198821 -0.222547 -0.223165 -0.198656 -0.199027 -0.225501
-0.205639 -0.220631 -0.220773 -0.209735 -0.208182 -0.223248
-0.211401 -0.217253 -0.218646 -0.218043 -0.21174 -0.220267
-0.211906 -0.212241 -0.216475 -0.222136 -0.211401 -0.216096
-0.213152 -0.206714 -0.214666 -0.221439 -0.212486 -0.211363
-0.211575 -0.201794 -0.21178 -0.219472 -0.211158 -0.206387
-0.211131 -0.197664 -0.20704 -0.218969 -0.210052 -0.201759
-0.210542 -0.192262 -0.200731 -0.216723 -0.208617 -0.195987
-0.210535 -0.185453 -0.193353 -0.21484 -0.208422 -0.188856
-0.211275 -0.177478 -0.185525 -0.213932 -0.209546 -0.180766
-0.212431 -0.168743 -0.177264 -0.212725 -0.210897 -0.172075
-0.214011 -0.159278 -0.168238 -0.212456 -0.21261 -0.162905
-0.215911 -0.149786 -0.158939 -0.212411 -0.214121 -0.153412
-0.217669 -0.140298 -0.149555 -0.212854 -0.215726 -0.144116
-0.219094 -0.131204 -0.140522 -0.213692 -0.217195 -0.135093
-0.22039 -0.122477 -0.1326 -0.214588 -0.218347 -0.126323
-0.221657 -0.11446 -0.125918 -0.21604 -0.219538 -0.117992
-0.222638 -0.106927 -0.120053 -0.217526 -0.220917 -0.110538
-0.223573 -0.0999009 -0.115163 -0.219167 -0.221917 -0.104083
-0.224526 -0.0941823 -0.111426 -0.220428 -0.22311 -0.0989721
-0.225542 -0.0899005 -0.108402 -0.221858 -0.224276 -0.0950455
-0.226606 -0.0871095 -0.106619 -0.223273 -0.225284 -0.0924889
-0.227541 -0.0859158 -0.106258 -0.224628 -0.226504 -0.0916055
-0.228214 -0.0864705 -0.106576 -0.225781 -0.227595 -0.091967
-0.2292 -0.0884746 -0.108328 -0.226638 -0.228456 -0.0937784
-0.230168 -0.0918456 -0.111546 -0.227397 -0.229137 -0.096864
-0.230998 -0.0965021 -0.115551 -0.228097 -0.2298 -0.101192
-0.231596 -0.102263 -0.120389 -0.228861 -0.230221 -0.106661
-0.23182 -0.109108 -0.126309 -0.229447 -0.230629 -0.113311
-0.231947 -0.116552 -0.133162 -0.230063 -0.230851 -0.121022
-0.232021 -0.124474 -0.140787 -0.230453 -0.23082 -0.129024
-0.232029 -0.13292 -0.148536 -0.230742 -0.230863 -0.137398
-0.23211 -0.141393 -0.156409 -0.230902 -0.230901 -0.145621
-0.232204 -0.149798 -0.163904 -0.230879 -0.230868 -0.1535
-0.231707 -0.158335 -0.173538 -0.229504 -0.230315 -0.162134
-0.230446 -0.167641 -0.187735 -0.22754 -0.228848 -0.171793
-0.229049 -0.177067 -0.202648 -0.226324 -0.227145 -0.181773
-0.227315 -0.187106 -0.215654 -0.224703 -0.22544 -0.192244
-0.2255 -0.196046 -0.227203 -0.22212 -0.223191 -0.202882
-0.223202 -0.202943 -0.232401 -0.218949 -0.220267 -0.212182
-0.220764 -0.208562 -0.231727 -0.215358 -0.218233 -0.214105
-0.216736 -0.213829 -0.229391 -0.210922 -0.213797 -0.21208
-0.210862 -0.213345 -0.226665 -0.206315 -0.20988 -0.210156
-0.204161 -0.213283 -0.222653 -0.202297 -0.203198 -0.209482
-0.197565 -0.212823 -0.219786 -0.196784 -0.195996 -0.209117
-0.190535 -0.212201 -0.218257 -0.189763 -0.189084 -0.20793
-0.18309 -0.212336 -0.215595 -0.18167 -0.181632 -0.207115
-0.174985 -0.212831 -0.213868 -0.172591 -0.173297 -0.206781
-0.166297 -0.212737 -0.212963 -0.163201 -0.164346 -0.206722
-0.156933 -0.212508 -0.212512 -0.153863 -0.154665 -0.20711
-0.147097 -0.212614 -0.212698 -0.14489 -0.145025 -0.207776
-0.134784 -0.21359 -0.213072 -0.135282 -0.133823 -0.209042
-0.12514 -0.214838 -0.213553 -0.12844 -0.124983 -0.210709
-0.115966 -0.216174 -0.214372 -0.122514 -0.117037 -0.212499
-0.108048 -0.217673 -0.21558 -0.117598 -0.110028 -0.214391
-0.102781 -0.218535 -0.216786 -0.11429 -0.105028 -0.215833
-0.0972936 -0.219643 -0.218589 -0.110026 -0.099158 -0.217612
-0.0949489 -0.220483 -0.22002 -0.106814 -0.0957183 -0.218951
-0.0943805 -0.221266 -0.221724 -0.104339 -0.0936792 -0.220443
-0.094771 -0.221979 -0.223261 -0.103178 -0.0933475 -0.221989
-0.0961994 -0.222846 -0.224514 -0.103063 -0.0948083 -0.223631
-0.0993272 -0.223962 -0.22543 -0.104378 -0.0977595 -0.225002
-0.104184 -0.22544 -0.226154 -0.106992 -0.102417 -0.226242
-0.110239 -0.226633 -0.226755 -0.111139 -0.108054 -0.227313
-0.117387 -0.227481 -0.227341 -0.116299 -0.114473 -0.228745
-0.125243 -0.227852 -0.228003 -0.122695 -0.12191 -0.230022
-0.133283 -0.228376 -0.228242 -0.129733 -0.129877 -0.230746
-0.141207 -0.228817 -0.228441 -0.137431 -0.137978 -0.231288
-0.149028 -0.228972 -0.228746 -0.145488 -0.146119 -0.231794
-0.156708 -0.229047 -0.229059 -0.153416 -0.154103 -0.232061
-0.164065 -0.229131 -0.229053 -0.161112 -0.161831 -0.232084
-0.173052 -0.228608 -0.227257 -0.170683 -0.170979 -0.231572
-0.184533 -0.227872 -0.225044 -0.181699 -0.182292 -0.230783
-0.19446 -0.227301 -0.222965 -0.192602 -0.192242 -0.230084
-0.201851 -0.225989 -0.220203 -0.204053 -0.200155 -0.228614
-0.206691 -0.223506 -0.21821 -0.214768 -0.207905 -0.226151
-0.206494 -0.219575 -0.216092 -0.222525 -0.213047 -0.223307
-0.207628 -0.215291 -0.214449 -0.225883 -0.213738 -0.218436
-0.207596 -0.210712 -0.212681 -0.22498 -0.213966 -0.213016
-0.206037 -0.206243 -0.208688 -0.223473 -0.212236 -0.207988
-0.205171 -0.201276 -0.202746 -0.222837 -0.211211 -0.20325
-0.204575 -0.195072 -0.195837 -0.220578 -0.210148 -0.197034
-0.204795 -0.187757 -0.187987 -0.219127 -0.210119 -0.189606
-0.205637 -0.179552 -0.179877 -0.217896 -0.210902 -0.181322
-0.20688 -0.170576 -0.170921 -0.216712 -0.212156 -0.172464
-0.208644 -0.16101 -0.161661 -0.21651 -0.213656 -0.163024
-0.21041 -0.151412 -0.152201 -0.216617 -0.215099 -0.153473
-0.212176 -0.141845 -0.143336 -0.217194 -0.216408 -0.144078
-0.213612 -0.132574 -0.13536 -0.218094 -0.217629 -0.135112
-0.215167 -0.123758 -0.128746 -0.219302 -0.218982 -0.126694
-0.216724 -0.115776 -0.123205 -0.220603 -0.220326 -0.119034
-0.218106 -0.108652 -0.118441 -0.221871 -0.221658 -0.112231
-0.219784 -0.102498 -0.11448 -0.223143 -0.223357 -0.106228
-0.221085 -0.0974675 -0.111351 -0.224533 -0.224742 -0.101458
-0.22224 -0.0937172 -0.108326 -0.225793 -0.226112 -0.0980102
-0.223231 -0.0916876 -0.105858 -0.227185 -0.227467 -0.0964731
-0.224054 -0.0910255 -0.105433 -0.228324 -0.228382 -0.0965479
-0.225161 -0.091786 -0.105776 -0.229439 -0.229207 -0.0977081
-0.22623 -0.0939744 -0.107727 -0.230089 -0.230148 -0.0998172
-0.227174 -0.097698 -0.111348 -0.230825 -0.231046 -0.102944
-0.227924 -0.102564 -0.11599 -0.231566 -0.231976 -0.107606
-0.228519 -0.108808 -0.12146 -0.232169 -0.232773 -0.113823
-0.228914 -0.115954 -0.127867 -0.232528 -0.233272 -0.121261
-0.229352 -0.123815 -0.135126 -0.232787 -0.233511 -0.129186
-0.229722 -0.132154 -0.142619 -0.233048 -0.233666 -0.137218
-0.230002 -0.140845 -0.150117 -0.233208 -0.2338 -0.145369
-0.230333 -0.149452 -0.15752 -0.233308 -0.233693 -0.153455
-0.230226 -0.157642 -0.164637 -0.233225 -0.233517 -0.161272
-0.229025 -0.166454 -0.176151 -0.230932 -0.232378 -0.170649
-0.22739 -0.175548 -0.191618 -0.228981 -0.230514 -0.18026
-0.225932 -0.184715 -0.206628 -0.227647 -0.22882 -0.189894
-0.22437 -0.194447 -0.219806 -0.225568 -0.227044 -0.200007
-0.222288 -0.202737 -0.230953 -0.222559 -0.224623 -0.209372
-0.219976 -0.209154 -0.232346 -0.218677 -0.222048 -0.213763
-0.216634 -0.215318 -0.23101 -0.215277 -0.218696 -0.211538
-0.211783 -0.22068 -0.228116 -0.210716 -0.215158 -0.209663
-0.205737 -0.220187 -0.225494 -0.206482 -0.210347 -0.208471
-0.199539 -0.219878 -0.222408 -0.202232 -0.20334 -0.207418
-0.192534 -0.218543 -0.219937 -0.196283 -0.196278 -0.206257
-0.185807 -0.21762 -0.218647 -0.188917 -0.188951 -0.205556
-0.178253 -0.217199 -0.216699 -0.180591 -0.18162 -0.204383
-0.169703 -0.217235 -0.214968 -0.171508 -0.17349 -0.20379
-0.1607 -0.216865 -0.214892 -0.162099 -0.16453 -0.20364
-0.150844 -0.216312 -0.214922 -0.152964 -0.154943 -0.203769
-0.140699 -0.216291 -0.21498 -0.144339 -0.145128 -0.204226
-0.130499 -0.216848 -0.215462 -0.13649 -0.13526 -0.205434
-0.120615 -0.217569 -0.21618 -0.129759 -0.125871 -0.207092
-0.111739 -0.218536 -0.217235 -0.123845 -0.116959 -0.208724
-0.104033 -0.219403 -0.21847 -0.11876 -0.10907 -0.210387
-0.0982605 -0.220633 -0.219824 -0.114435 -0.102583 -0.211871
-0.0944645 -0.221636 -0.221036 -0.11056 -0.0975716 -0.213265
-0.0926414 -0.222399 -0.222632 -0.10728 -0.0943641 -0.21505
-0.0923583 -0.223224 -0.224545 -0.105159 -0.0930017 -0.216598
-0.0928203 -0.223959 -0.225695 -0.104322 -0.0934651 -0.218039
-0.094585 -0.224978 -0.226653 -0.104806 -0.0955279 -0.219788
-0.0980706 -0.225887 -0.227274 -0.106747 -0.0992686 -0.221384
-0.103267 -0.226961 -0.228046 -0.109872 -0.104275 -0.223004
-0.10937 -0.227743 -0.228822 -0.114368 -0.110225 -0.224108
-0.116366 -0.228458 -0.229596 -0.119912 -0.117082 -0.225203
-0.124151 -0.229046 -0.230178 -0.126482 -0.124866 -0.22605
-0.132194 -0.229544 -0.230418 -0.133679 -0.133036 -0.226636
-0.140021 -0.229818 -0.230653 -0.141508 -0.14126 -0.227322
-0.147841 -0.230047 -0.2309 -0.149663 -0.14954 -0.227925
-0.155434 -0.230297 -0.231028 -0.157692 -0.157597 -0.228338
-0.162733 -0.230279 -0.230699 -0.16565 -0.165425 -0.228562
-0.172484 -0.229253 -0.228037 -0.175812 -0.175132 -0.227918
-0.184575 -0.228393 -0.225479 -0.186253 -0.186476 -0.227311
-0.194854 -0.227587 -0.223243 -0.197094 -0.195995 -0.22655
-0.202535 -0.225992 -0.220514 -0.20807 -0.203589 -0.225012
-0.202754 -0.222928 -0.218848 -0.217839 -0.211131 -0.222521
-0.203722 -0.2191 -0.216988 -0.225187 -0.217556 -0.218863
-0.204706 -0.215062 -0.215841 -0.231065 -0.218151 -0.213319
-0.204474 -0.210765 -0.213823 -0.231733 -0.218585 -0.207234
-0.202453 -0.206202 -0.209484 -0.230227 -0.216899 -0.202084
-0.200923 -0.201093 -0.202816 -0.229737 -0.215378 -0.197368
-0.199674 -0.194841 -0.195604 -0.228285 -0.213946 -0.191468
-0.199634 -0.187397 -0.188113 -0.225899 -0.213473 -0.184027
-0.200202 -0.179228 -0.180105 -0.224735 -0.214061 -0.175612
-0.201142 -0.170394 -0.171343 -0.223489 -0.214872 -0.166668
-0.202666 -0.160879 -0.16219 -0.222766 -0.215988 -0.157404
-0.204262 -0.151358 -0.15286 -0.222718 -0.216792 -0.148116
-0.205728 -0.141884 -0.143866 -0.223011 -0.217945 -0.138872
-0.207202 -0.132869 -0.135758 -0.223757 -0.219094 -0.129987
-0.208528 -0.124347 -0.128956 -0.224777 -0.220265 -0.121752
-0.209713 -0.116677 -0.123087 -0.225681 -0.221353 -0.114077
-0.211059 -0.109867 -0.118228 -0.22684 -0.222602 -0.107117
-0.212255 -0.103983 -0.114498 -0.228173 -0.223753 -0.101194
-0.213378 -0.0995943 -0.111391 -0.229324 -0.224743 -0.096611
-0.214648 -0.0964548 -0.108599 -0.230504 -0.225837 -0.0933565
-0.216177 -0.0939863 -0.106135 -0.232541 -0.227363 -0.0919748
-0.217202 -0.0945107 -0.10626 -0.233583 -0.228315 -0.0925939
-0.21831 -0.0964798 -0.107554 -0.234361 -0.229383 -0.0945596
-0.219548 -0.0997754 -0.110267 -0.234755 -0.230148 -0.0977422
-0.220753 -0.10434 -0.114429 -0.235262 -0.231008 -0.102144
-0.22156 -0.110003 -0.119658 -0.235941 -0.231749 -0.107737
-0.221914 -0.116671 -0.125873 -0.236473 -0.232254 -0.114357
-0.222313 -0.124102 -0.132874 -0.236881 -0.232806 -0.122453
-0.222582 -0.132 -0.140661 -0.237163 -0.232971 -0.130859
-0.222804 -0.140333 -0.148618 -0.237348 -0.233045 -0.139423
-0.222966 -0.148771 -0.156365 -0.237532 -0.23311 -0.147644
-0.223133 -0.157201 -0.16395 -0.237562 -0.233167 -0.155641
-0.222376 -0.165693 -0.173389 -0.23605 -0.232453 -0.16437
-0.220781 -0.174719 -0.188001 -0.233777 -0.230981 -0.174071
-0.21938 -0.183487 -0.203533 -0.232257 -0.229221 -0.183979
-0.217735 -0.193068 -0.217146 -0.230277 -0.227683 -0.193975
-0.215725 -0.201781 -0.229091 -0.227529 -0.225511 -0.203858
-0.213897 -0.208315 -0.230288 -0.224096 -0.223568 -0.212183
-0.211864 -0.213835 -0.229701 -0.219879 -0.221936 -0.217214
-0.208892 -0.219986 -0.227666 -0.21502 -0.219304 -0.214885
-0.203169 -0.220117 -0.224648 -0.210464 -0.214965 -0.21337
-0.19579 -0.22037 -0.219828 -0.20673 -0.208302 -0.213315
-0.189242 -0.219535 -0.217133 -0.202005 -0.199846 -0.212914
-0.182665 -0.218 -0.215802 -0.195309 -0.193049 -0.211993
-0.175609 -0.217062 -0.213289 -0.187275 -0.186356 -0.210277
-0.168096 -0.216887 -0.212327 -0.178482 -0.178843 -0.209209
-0.159465 -0.216209 -0.212165 -0.169468 -0.170362 -0.20819
-0.149937 -0.215756 -0.211906 -0.160283 -0.160944 -0.207654
-0.13975 -0.215733 -0.212292 -0.151427 -0.151115 -0.207801
-0.129234 -0.216585 -0.212922 -0.143277 -0.14151 -0.208408
-0.118997 -0.217826 -0.213498 -0.135927 -0.131805 -0.209521
-0.109414 -0.219063 -0.214761 -0.129488 -0.123134 -0.211039
-0.100943 -0.220114 -0.21647 -0.123907 -0.115414 -0.212389
-0.0941879 -0.22091 -0.2178 -0.119108 -0.108826 -0.213645
-0.0893426 -0.221778 -0.219424 -0.114759 -0.103445 -0.214967
-0.0865825 -0.222425 -0.2213 -0.111023 -0.0993496 -0.216129
-0.085342 -0.223415 -0.223146 -0.108487 -0.0967236 -0.217398
-0.0853426 -0.224395 -0.224845 -0.107132 -0.0960503 -0.218764
-0.0862193 -0.225562 -0.226122 -0.107143 -0.0970575 -0.219962
-0.088998 -0.226965 -0.227152 -0.109024 -0.0996652 -0.221255
-0.0936289 -0.228132 -0.228049 -0.111995 -0.103882 -0.222403
-0.0996772 -0.228987 -0.229127 -0.11597 -0.10925 -0.223415
-0.106509 -0.22928 -0.230341 -0.121141 -0.115474 -0.224337
-0.113878 -0.229386 -0.231368 -0.127615 -0.122745 -0.224975
-0.121508 -0.229852 -0.231929 -0.134506 -0.130817 -0.225258
-0.129134 -0.230187 -0.232373 -0.142193 -0.139053 -0.225637
-0.136763 -0.230298 -0.232898 -0.150408 -0.147057 -0.225912
-0.14442 -0.230405 -0.233276 -0.158631 -0.154958 -0.226176
-0.152064 -0.230414 -0.233408 -0.166659 -0.162674 -0.226196
-0.160689 -0.229795 -0.231899 -0.175983 -0.171173 -0.22559
-0.17232 -0.22912 -0.228982 -0.186587 -0.182408 -0.224608
-0.18402 -0.228614 -0.226681 -0.197422 -0.193478 -0.224065
-0.19344 -0.22743 -0.224086 -0.208244 -0.202611 -0.223019
-0.201669 -0.225026 -0.221787 -0.218942 -0.210902 -0.220704
-0.203128 -0.221799 -0.21994 -0.227014 -0.217058 -0.217426
-0.204256 -0.216742 -0.217841 -0.230114 -0.217166 -0.21323
-0.205389 -0.212141 -0.215895 -0.229312 -0.217622 -0.20804
-0.20384 -0.207714 -0.212614 -0.228028 -0.216289 -0.202764
-0.202993 -0.203741 -0.207515 -0.227709 -0.215453 -0.198321
-0.202178 -0.198274 -0.200801 -0.225544 -0.213975 -0.193143
-0.201975 -0.191597 -0.193439 -0.22366 -0.213863 -0.186502
-0.202413 -0.183808 -0.185915 -0.222431 -0.21408 -0.178882
-0.203236 -0.175224 -0.177687 -0.221122 -0.215076 -0.170442
-0.204338 -0.166049 -0.168808 -0.220656 -0.216196 -0.161419
-0.205801 -0.15657 -0.159348 -0.22045 -0.217203 -0.152095
-0.207298 -0.14733 -0.150102 -0.220697 -0.218366 -0.142864
-0.208922 -0.138373 -0.141642 -0.221163 -0.219517 -0.133731
-0.21038 -0.129729 -0.134142 -0.222035 -0.220661 -0.124921
-0.211687 -0.12168 -0.127536 -0.223083 -0.221681 -0.116664
-0.212806 -0.114583 -0.122033 -0.224398 -0.222765 -0.109323
-0.213923 -0.10814 -0.117068 -0.225689 -0.223687 -0.103
-0.215113 -0.102945 -0.113051 -0.226773 -0.224756 -0.0977725
-0.216102 -0.0986434 -0.109816 -0.22804 -0.225893 -0.0937264
-0.217039 -0.0955917 -0.107194 -0.229073 -0.227062 -0.0911229
-0.218019 -0.0940678 -0.106301 -0.230253 -0.228102 -0.0903747
-0.219024 -0.0944798 -0.106259 -0.231451 -0.229116 -0.0907852
-0.220028 -0.096245 -0.107685 -0.232264 -0.229953 -0.0924262
-0.221308 -0.0995352 -0.110651 -0.232763 -0.230642 -0.0952156
-0.2222 -0.103913 -0.11497 -0.233446 -0.231565 -0.0992602
-0.222789 -0.109479 -0.120317 -0.234031 -0.232566 -0.104753
-0.223322 -0.116001 -0.126498 -0.234528 -0.233166 -0.111701
-0.223702 -0.123228 -0.133717 -0.23511 -0.23353 -0.119595
-0.223952 -0.131331 -0.141431 -0.235384 -0.233729 -0.127704
-0.224154 -0.139765 -0.149083 -0.235718 -0.234 -0.13598
-0.224211 -0.148331 -0.156899 -0.235958 -0.234173 -0.1442
-0.224138 -0.156652 -0.16453 -0.236256 -0.234177 -0.152275
-0.223605 -0.165126 -0.17321 -0.235399 -0.23377 -0.160653
-0.221834 -0.174462 -0.186606 -0.232825 -0.232314 -0.170566
-0.220179 -0.183715 -0.202039 -0.231045 -0.230561 -0.180749
-0.218507 -0.193472 -0.216081 -0.229233 -0.228747 -0.190767
-0.216678 -0.202776 -0.228047 -0.226666 -0.226761 -0.201013
-0.215076 -0.209688 -0.229454 -0.223351 -0.224817 -0.209781
-0.213188 -0.215738 -0.228832 -0.218967 -0.223491 -0.216828
-0.210888 -0.218275 -0.227151 -0.214036 -0.221487 -0.215709
-0.204532 -0.218724 -0.224124 -0.20977 -0.216039 -0.214259
-0.198355 -0.219108 -0.218744 -0.206146 -0.209685 -0.214505
-0.191574 -0.218193 -0.215968 -0.20163 -0.201636 -0.215027
-0.185281 -0.21705 -0.214599 -0.195113 -0.195395 -0.214205
-0.178284 -0.216507 -0.211631 -0.18707 -0.189129 -0.21247
-0.170987 -0.216515 -0.210435 -0.178199 -0.181905 -0.211363
-0.162358 -0.215944 -0.210759 -0.16924 -0.173394 -0.210696
-0.152936 -0.21495 -0.210759 -0.160023 -0.164023 -0.210201
-0.142683 -0.214644 -0.211044 -0.151141 -0.154194 -0.210213
-0.132041 -0.215176 -0.211614 -0.142948 -0.144317 -0.210638
-0.121638 -0.216218 -0.212441 -0.135639 -0.134264 -0.211652
-0.111957 -0.217158 -0.213587 -0.129261 -0.124712 -0.212895
-0.103627 -0.218344 -0.21527 -0.12362 -0.115954 -0.213996
-0.0973395 -0.219559 -0.216731 -0.118589 -0.108574 -0.214851
-0.0931905 -0.220823 -0.218374 -0.11422 -0.102742 -0.215596
-0.0906759 -0.222046 -0.220316 -0.110637 -0.0985281 -0.216628
-0.0893793 -0.223252 -0.222178 -0.108155 -0.0958702 -0.217769
-0.0892993 -0.224263 -0.223606 -0.106951 -0.094885 -0.219108
-0.0902205 -0.225559 -0.224712 -0.106964 -0.0957212 -0.220489
-0.0927022 -0.226925 -0.225923 -0.108498 -0.0983926 -0.221694
-0.0968898 -0.22826 -0.227153 -0.111277 -0.102494 -0.222814
-0.102175 -0.229242 -0.228198 -0.115067 -0.107748 -0.223803
-0.108527 -0.230061 -0.229035 -0.120197 -0.114102 -0.224663
-0.115581 -0.230722 -0.229948 -0.126405 -0.121388 -0.225553
-0.122949 -0.231251 -0.230158 -0.133203 -0.129331 -0.226166
-0.13055 -0.231732 -0.230536 -0.140836 -0.137719 -0.226742
-0.13819 -0.232116 -0.23072 -0.149032 -0.146204 -0.227176
-0.145936 -0.232495 -0.230704 -0.15725 -0.154571 -0.227541
-0.153441 -0.232584 -0.230813 -0.16516 -0.162648 -0.22766
-0.161346 -0.231993 -0.229759 -0.173983 -0.170985 -0.227246
-0.172351 -0.231108 -0.22598 -0.185049 -0.182001 -0.226048
-0.183929 -0.230587 -0.223528 -0.196109 -0.193629 -0.225199
-0.193274 -0.229241 -0.221182 -0.207678 -0.203176 -0.224219
-0.201153 -0.227214 -0.218626 -0.219106 -0.211021 -0.222031
-0.201487 -0.223604 -0.217372 -0.22791 -0.211866 -0.218577
-0.203263 -0.218396 -0.215922 -0.232412 -0.212688 -0.214254
-0.204237 -0.213599 -0.213993 -0.23165 -0.213193 -0.209437
-0.202666 -0.209372 -0.210292 -0.230279 -0.21176 -0.204481
-0.202347 -0.205321 -0.204664 -0.229895 -0.210203 -0.200232
-0.201521 -0.20007 -0.197988 -0.227873 -0.208734 -0.194839
-0.201087 -0.193356 -0.190814 -0.226452 -0.2084 -0.188042
-0.201434 -0.185524 -0.183414 -0.225344 -0.208782 -0.180386
-0.202149 -0.176878 -0.175199 -0.224377 -0.20984 -0.171969
-0.203348 -0.167677 -0.166186 -0.223903 -0.211042 -0.16304
-0.204852 -0.158331 -0.156905 -0.223675 -0.212265 -0.153806
-0.206219 -0.14917 -0.14781 -0.224008 -0.213427 -0.144578
-0.207803 -0.140307 -0.139203 -0.224561 -0.214711 -0.135432
-0.209343 -0.131913 -0.131433 -0.225432 -0.215946 -0.126454
-0.210507 -0.123985 -0.124631 -0.226568 -0.217096 -0.118106
-0.211761 -0.11665 -0.119075 -0.227791 -0.218328 -0.110496
-0.213204 -0.110125 -0.114234 -0.228989 -0.219662 -0.103994
-0.214492 -0.104769 -0.110505 -0.23022 -0.221159 -0.0986167
-0.215815 -0.100459 -0.107352 -0.231223 -0.222748 -0.094697
-0.217004 -0.0976284 -0.105227 -0.232489 -0.224223 -0.0924466
-0.218295 -0.0961134 -0.104321 -0.233952 -0.22581 -0.0918853
-0.21948 -0.0969111 -0.104513 -0.234855 -0.226944 -0.0926573
-0.220304 -0.0986244 -0.10605 -0.235444 -0.227661 -0.0942308
-0.221724 -0.10267 -0.110048 -0.236095 -0.228561 -0.0980197
-0.222649 -0.107495 -0.114552 -0.236718 -0.229566 -0.102617
-0.223174 -0.113411 -0.12019 -0.237257 -0.230509 -0.108662
-0.223492 -0.120153 -0.126748 -0.237793 -0.231196 -0.116024
-0.223953 -0.127741 -0.13424 -0.238051 -0.231626 -0.124271
-0.224259 -0.135982 -0.142016 -0.238307 -0.231867 -0.132681
-0.224218 -0.144689 -0.149701 -0.238563 -0.232088 -0.141103
-0.224229 -0.153447 -0.157512 -0.238749 -0.232264 -0.149337
-0.22433 -0.161911 -0.164948 -0.238852 -0.232361 -0.157217
-0.223215 -0.17106 -0.175415 -0.236619 -0.231304 -0.166274
-0.221422 -0.181292 -0.190619 -0.234044 -0.229567 -0.176679
-0.21994 -0.191472 -0.206055 -0.23244 -0.227775 -0.187261
-0.218439 -0.201464 -0.219576 -0.230278 -0.226112 -0.197736
-0.216917 -0.208647 -0.225528 -0.227988 -0.224383 -0.20613
-0.214842 -0.216673 -0.226857 -0.223636 -0.22243 -0.216784
-0.212675 -0.222097 -0.225201 -0.218608 -0.220893 -0.218205
-0.208232 -0.222145 -0.222885 -0.214058 -0.216382 -0.216345
-0.20157 -0.222543 -0.218747 -0.210496 -0.211473 -0.215982
-0.1967 -0.222285 -0.215445 -0.207734 -0.203689 -0.216448
-0.189703 -0.221011 -0.213345 -0.202468 -0.197896 -0.216181
-0.183242 -0.21972 -0.211479 -0.195812 -0.19197 -0.214714
-0.176756 -0.219678 -0.20986 -0.187671 -0.185469 -0.213466
-0.169001 -0.219332 -0.209701 -0.179003 -0.177719 -0.212536
-0.16004 -0.218756 -0.209628 -0.170125 -0.168896 -0.211647
-0.150238 -0.218407 -0.210094 -0.160982 -0.159129 -0.211262
-0.139894 -0.218707 -0.210401 -0.15237 -0.14915 -0.211291
-0.129482 -0.219725 -0.21094 -0.144205 -0.138927 -0.211816
-0.119345 -0.220841 -0.211983 -0.13687 -0.128984 -0.212836
-0.110199 -0.221815 -0.213665 -0.13018 -0.119821 -0.213858
-0.102242 -0.222729 -0.215411 -0.124353 -0.11177 -0.214971
-0.0954971 -0.223477 -0.216802 -0.119246 -0.10527 -0.216006
-0.0905843 -0.224516 -0.21854 -0.114877 -0.100026 -0.217235
-0.0879697 -0.225522 -0.220543 -0.111289 -0.0962475 -0.218033
-0.0872485 -0.226411 -0.222411 -0.108974 -0.0941824 -0.218551
-0.0876019 -0.227635 -0.224023 -0.107822 -0.0937095 -0.219295
-0.0893277 -0.228627 -0.225572 -0.108398 -0.095053 -0.220297
-0.0923862 -0.229282 -0.226618 -0.110427 -0.0979772 -0.221426
-0.0964752 -0.230213 -0.227377 -0.113655 -0.10241 -0.2224
-0.101779 -0.230998 -0.228367 -0.117857 -0.107937 -0.223181
-0.108301 -0.231648 -0.2291 -0.123363 -0.114378 -0.223685
-0.115728 -0.232126 -0.229596 -0.129949 -0.121728 -0.224331
-0.125308 -0.232391 -0.230316 -0.13862 -0.131157 -0.224882
-0.133467 -0.23248 -0.230525 -0.146816 -0.139452 -0.225154
-0.14149 -0.23254 -0.230632 -0.155122 -0.148078 -0.225411
-0.14938 -0.232691 -0.230591 -0.163376 -0.15636 -0.2255
-0.157054 -0.232461 -0.230475 -0.171372 -0.164405 -0.225108
-0.166042 -0.231672 -0.227875 -0.181877 -0.173477 -0.22398
-0.177557 -0.230982 -0.224253 -0.194099 -0.184863 -0.222892
-0.187767 -0.230492 -0.221963 -0.206338 -0.195483 -0.222051
-0.196033 -0.22911 -0.219401 -0.218713 -0.204386 -0.220687
-0.200248 -0.226462 -0.217158 -0.230203 -0.207702 -0.218031
-0.200187 -0.221726 -0.216123 -0.234285 -0.208484 -0.213587
-0.201724 -0.217185 -0.214549 -0.232966 -0.208907 -0.209808
-0.200766 -0.212987 -0.211484 -0.231759 -0.208044 -0.205546
-0.200376 -0.209521 -0.207278 -0.231542 -0.207143 -0.201639
-0.199783 -0.204961 -0.201855 -0.229535 -0.205797 -0.197097
-0.199497 -0.19891 -0.195405 -0.228289 -0.205336 -0.190997
-0.199742 -0.191627 -0.188449 -0.227625 -0.205655 -0.183722
-0.200685 -0.183394 -0.180531 -0.226748 -0.206703 -0.175607
-0.201486 -0.174576 -0.171787 -0.226609 -0.207796 -0.16708
-0.202923 -0.165271 -0.162309 -0.226393 -0.208967 -0.157884
-0.204498 -0.155935 -0.152822 -0.226626 -0.210429 -0.148487
-0.205998 -0.146802 -0.143973 -0.227223 -0.211911 -0.139146
-0.207679 -0.13789 -0.135647 -0.227825 -0.213297 -0.12984
-0.209208 -0.129448 -0.128218 -0.228839 -0.214801 -0.120872
-0.210719 -0.121649 -0.121968 -0.229976 -0.216347 -0.112672
-0.212173 -0.114765 -0.116625 -0.231171 -0.217784 -0.105372
-0.213706 -0.108461 -0.11222 -0.232216 -0.219292 -0.0991717
-0.215055 -0.103348 -0.108601 -0.233307 -0.220966 -0.094406
-0.216423 -0.0995347 -0.105713 -0.234438 -0.222566 -0.0912408
-0.217603 -0.097275 -0.104076 -0.235474 -0.223858 -0.0898382
-0.218617 -0.0965482 -0.103684 -0.236665 -0.224954 -0.0898451
-0.219647 -0.0976086 -0.104346 -0.237343 -0.225997 -0.0908767
-0.220872 -0.100238 -0.106806 -0.2379 -0.226891 -0.0933192
-0.221687 -0.104019 -0.110469 -0.238708 -0.227545 -0.0971455
-0.222349 -0.109147 -0.115219 -0.239089 -0.228136 -0.102315
-0.22267 -0.115342 -0.121103 -0.239737 -0.228704 -0.108753
-0.222914 -0.122494 -0.127856 -0.240229 -0.228821 -0.116259
-0.223118 -0.130192 -0.13521 -0.240544 -0.229082 -0.124261
-0.223137 -0.138424 -0.143079 -0.240721 -0.229207 -0.132513
-0.223088 -0.147047 -0.151039 -0.240721 -0.229306 -0.14095
-0.223163 -0.155703 -0.158915 -0.240657 -0.22932 -0.149225
-0.223141 -0.164192 -0.166555 -0.240392 -0.229276 -0.157171
-0.222148 -0.17304 -0.176877 -0.238061 -0.227941 -0.166294
-0.220515 -0.18295 -0.19158 -0.235613 -0.22599 -0.177101
-0.21904 -0.192587 -0.205825 -0.233795 -0.22433 -0.188084
-0.217558 -0.202295 -0.218316 -0.231561 -0.222599 -0.198974
-0.215649 -0.210812 -0.222809 -0.228614 -0.220403 -0.210074
-0.213795 -0.216947 -0.223555 -0.224513 -0.218385 -0.218972
-0.211082 -0.221486 -0.221231 -0.219586 -0.216138 -0.216854
-0.205822 -0.221149 -0.219171 -0.215212 -0.212239 -0.215653
-0.199427 -0.221301 -0.215269 -0.212174 -0.206488 -0.215608
-0.192632 -0.220496 -0.211383 -0.208273 -0.199064 -0.216325
-0.186367 -0.219576 -0.209962 -0.202635 -0.192607 -0.215432
-0.179892 -0.218983 -0.208111 -0.195325 -0.18644 -0.214154
-0.173228 -0.218821 -0.207109 -0.186946 -0.179081 -0.213105
-0.165178 -0.218426 -0.206867 -0.178153 -0.170794 -0.212389
-0.155987 -0.217909 -0.207122 -0.169094 -0.161539 -0.212012
-0.145976 -0.217722 -0.207764 -0.160076 -0.151761 -0.211955
-0.135596 -0.218121 -0.208338 -0.151415 -0.141637 -0.212254
-0.125371 -0.218905 -0.209097 -0.143267 -0.131574 -0.213159
-0.116047 -0.219909 -0.210329 -0.135933 -0.122032 -0.214245
-0.107847 -0.220958 -0.212066 -0.129423 -0.113035 -0.215271
-0.100912 -0.22202 -0.213838 -0.123929 -0.10541 -0.216208
-0.0952216 -0.223123 -0.21565 -0.119116 -0.0991765 -0.21708
-0.0909351 -0.224077 -0.217387 -0.114979 -0.0946259 -0.2179
-0.0885354 -0.225116 -0.219236 -0.111688 -0.0917531 -0.218875
-0.0876184 -0.226034 -0.221013 -0.109923 -0.0903051 -0.219825
-0.0883158 -0.227455 -0.222144 -0.109465 -0.0905891 -0.220982
-0.0903143 -0.228716 -0.2232 -0.110616 -0.0924517 -0.222178
-0.0936949 -0.229795 -0.224447 -0.113104 -0.0961638 -0.223402
-0.0980616 -0.230628 -0.225563 -0.116594 -0.101228 -0.224523
-0.103751 -0.231297 -0.226346 -0.121437 -0.107417 -0.225182
-0.110437 -0.231857 -0.227108 -0.127155 -0.114554 -0.225461
-0.118059 -0.232398 -0.227781 -0.13392 -0.122444 -0.225778
-0.126187 -0.232856 -0.228148 -0.14146 -0.130678 -0.225977
-0.134485 -0.232965 -0.228435 -0.150173 -0.138895 -0.226212
-0.142661 -0.23327 -0.228659 -0.159173 -0.147243 -0.226573
-0.150458 -0.233541 -0.228517 -0.167708 -0.155373 -0.226857
-0.157857 -0.233415 -0.228142 -0.175851 -0.163485 -0.226627
-0.167476 -0.232409 -0.224899 -0.187122 -0.173467 -0.225405
-0.179385 -0.231527 -0.221256 -0.198968 -0.18557 -0.224515
-0.189776 -0.230647 -0.219084 -0.210849 -0.19614 -0.223655
-0.198321 -0.229058 -0.216757 -0.222727 -0.203561 -0.221825
-0.198706 -0.225556 -0.215989 -0.232902 -0.20443 -0.217936
-0.200249 -0.22086 -0.214877 -0.233062 -0.205667 -0.213653
-0.200428 -0.216524 -0.212945 -0.230946 -0.205548 -0.209769
-0.199846 -0.213127 -0.20949 -0.230621 -0.204918 -0.206054
-0.199527 -0.209557 -0.20491 -0.229612 -0.20395 -0.20253
-0.199268 -0.204659 -0.199161 -0.227886 -0.203256 -0.197669
-0.19925 -0.198301 -0.192789 -0.227132 -0.203363 -0.191251
-0.199966 -0.190795 -0.185619 -0.22635 -0.204231 -0.18387
-0.201154 -0.182349 -0.177427 -0.22599 -0.205309 -0.175651
-0.202501 -0.173505 -0.168436 -0.225877 -0.206226 -0.166749
-0.203882 -0.164342 -0.158947 -0.225874 -0.207637 -0.157496
-0.205438 -0.155054 -0.149587 -0.226426 -0.209249 -0.148116
-0.207182 -0.14608 -0.14112 -0.226779 -0.210873 -0.138822
-0.208849 -0.137262 -0.133334 -0.227595 -0.212419 -0.129498
-0.210581 -0.128757 -0.12621 -0.228515 -0.21435 -0.120653
-0.212691 -0.119479 -0.119086 -0.230087 -0.216314 -0.111281
-0.21406 -0.112495 -0.114003 -0.231258 -0.217855 -0.104578
-0.215304 -0.106848 -0.109929 -0.232708 -0.219334 -0.0991168
-0.216406 -0.102439 -0.106446 -0.234156 -0.220495 -0.0950941
-0.217449 -0.0994243 -0.104183 -0.235238 -0.221718 -0.0928526
-0.218595 -0.0978561 -0.103189 -0.236467 -0.222942 -0.0921578
-0.21966 -0.097818 -0.103175 -0.237341 -0.224214 -0.0923571
-0.220718 -0.0992391 -0.104509 -0.237963 -0.225588 -0.0939686
-0.221975 -0.102345 -0.107424 -0.238646 -0.226541 -0.0969955
-0.222666 -0.106854 -0.111124 -0.239288 -0.227157 -0.101396
-0.223206 -0.112629 -0.116025 -0.239991 -0.227789 -0.107102
-0.223363 -0.119371 -0.122062 -0.240587 -0.228099 -0.113956
-0.223418 -0.126925 -0.129082 -0.240888 -0.228377 -0.122
-0.223503 -0.13489 -0.13709 -0.241097 -0.228669 -0.130367
-0.223803 -0.143389 -0.145426 -0.241092 -0.228931 -0.138814
-0.223967 -0.151997 -0.153495 -0.241024 -0.229068 -0.146986
-0.224169 -0.160769 -0.161245 -0.240929 -0.229153 -0.15529
-0.224009 -0.169219 -0.169032 -0.240109 -0.228931 -0.163284
-0.222605 -0.178916 -0.181305 -0.236984 -0.227357 -0.173247
-0.221274 -0.189154 -0.196331 -0.234932 -0.225739 -0.183987
-0.220006 -0.199195 -0.210069 -0.233122 -0.224085 -0.194257
-0.218034 -0.208981 -0.221511 -0.230462 -0.222206 -0.204661
-0.216466 -0.216934 -0.222932 -0.226922 -0.219946 -0.214279
-0.214132 -0.221784 -0.223283 -0.222148 -0.218417 -0.216578
-0.21004 -0.220832 -0.221111 -0.217885 -0.214591 -0.214523
-0.20443 -0.221208 -0.218272 -0.214457 -0.210327 -0.214302
-0.198071 -0.2207 -0.214552 -0.211536 -0.20334 -0.21473
-0.192108 -0.219881 -0.212264 -0.2071 -0.19667 -0.214482
-0.185916 -0.218816 -0.210258 -0.200732 -0.190544 -0.213248
-0.179211 -0.218816 -0.209007 -0.193082 -0.183908 -0.212693
-0.171356 -0.218396 -0.208704 -0.184727 -0.176053 -0.211686
-0.162535 -0.218192 -0.208677 -0.175819 -0.167364 -0.211327
-0.152884 -0.218012 -0.209222 -0.166643 -0.157891 -0.211199
-0.142724 -0.218264 -0.20972 -0.157668 -0.147918 -0.21129
-0.132523 -0.219055 -0.210455 -0.149191 -0.13784 -0.211855
-0.122566 -0.219914 -0.211644 -0.141166 -0.127874 -0.21262
-0.113476 -0.220839 -0.213333 -0.13391 -0.118672 -0.213385
-0.105299 -0.221648 -0.2149 -0.127505 -0.110579 -0.214238
-0.0982476 -0.222638 -0.21667 -0.12208 -0.10351 -0.21529
-0.0928922 -0.223514 -0.21847 -0.117333 -0.0977046 -0.216317
-0.0893453 -0.224368 -0.220227 -0.113581 -0.0935894 -0.217357
-0.087791 -0.225173 -0.221965 -0.110963 -0.0910461 -0.21822
-0.0876634 -0.226206 -0.223627 -0.10937 -0.0904843 -0.218965
-0.0889039 -0.227283 -0.225072 -0.109596 -0.0914986 -0.219756
-0.091731 -0.228141 -0.22615 -0.11135 -0.0940777 -0.220663
-0.0955845 -0.229017 -0.226961 -0.114346 -0.098138 -0.221549
-0.100491 -0.229888 -0.227503 -0.118499 -0.103332 -0.222651
-0.106528 -0.230483 -0.228146 -0.124065 -0.109418 -0.223314
-0.113355 -0.230961 -0.228892 -0.130623 -0.116772 -0.223858
-0.121114 -0.231104 -0.229259 -0.137868 -0.124907 -0.224173
-0.129427 -0.231241 -0.229547 -0.145354 -0.133592 -0.224368
-0.137892 -0.231374 -0.229777 -0.153843 -0.142221 -0.224477
-0.146166 -0.231348 -0.22973 -0.162578 -0.150675 -0.224496
-0.154192 -0.231311 -0.229858 -0.171009 -0.158732 -0.224481
-0.162312 -0.230662 -0.228705 -0.18033 -0.167102 -0.223601
-0.172907 -0.229472 -0.224737 -0.193613 -0.178039 -0.222052
-0.184207 -0.228736 -0.222061 -0.207104 -0.189876 -0.221276
-0.193474 -0.227529 -0.220013 -0.220387 -0.200278 -0.220283
-0.19935 -0.225374 -0.218157 -0.232523 -0.203298 -0.217789
-0.198862 -0.220999 -0.217173 -0.232457 -0.204394 -0.213803
-0.200191 -0.216936 -0.215518 -0.229422 -0.204379 -0.210885
-0.200565 -0.213316 -0.2127 -0.229806 -0.204333 -0.207886
-0.199947 -0.210364 -0.209316 -0.228988 -0.203309 -0.20457
-0.199809 -0.206505 -0.204673 -0.227453 -0.202779 -0.200511
-0.199932 -0.201069 -0.198946 -0.226589 -0.202713 -0.194812
-0.200212 -0.194306 -0.192141 -0.225574 -0.203288 -0.18798
-0.201307 -0.186335 -0.184306 -0.225451 -0.204857 -0.180131
-0.202619 -0.177575 -0.175599 -0.225388 -0.206154 -0.171574
-0.203993 -0.168508 -0.166084 -0.225108 -0.207507 -0.162522
-0.205507 -0.159351 -0.156364 -0.225373 -0.20895 -0.153103
-0.207032 -0.150053 -0.147112 -0.225861 -0.210508 -0.143505
-0.208607 -0.140829 -0.138344 -0.226503 -0.211964 -0.133875
-0.210316 -0.132094 -0.13054 -0.227617 -0.213532 -0.124541
-0.211779 -0.123845 -0.123795 -0.228587 -0.21505 -0.115934
-0.213181 -0.116441 -0.118171 -0.229688 -0.216486 -0.108257
-0.214703 -0.109676 -0.113461 -0.230739 -0.218277 -0.101469
-0.215882 -0.103839 -0.109676 -0.232142 -0.220007 -0.0960065
-0.21691 -0.0994619 -0.106472 -0.233383 -0.221278 -0.092116
-0.217943 -0.0967255 -0.104147 -0.234524 -0.222494 -0.0899584
-0.218935 -0.0956545 -0.103249 -0.235727 -0.22348 -0.089309
-0.21997 -0.0960663 -0.103341 -0.236462 -0.224409 -0.089577
-0.220942 -0.0979465 -0.105231 -0.236996 -0.22533 -0.0913089
-0.221982 -0.10133 -0.108384 -0.237515 -0.226245 -0.094491
-0.222593 -0.105947 -0.112573 -0.238229 -0.226967 -0.0993523
-0.222878 -0.111846 -0.117892 -0.238625 -0.227314 -0.105389
-0.223072 -0.11882 -0.124161 -0.239247 -0.227297 -0.112563
-0.223075 -0.126638 -0.131375 -0.239531 -0.227102 -0.120249
-0.223061 -0.134898 -0.139013 -0.239813 -0.227047 -0.128451
-0.222922 -0.143532 -0.147311 -0.239875 -0.22699 -0.136979
-0.222768 -0.152157 -0.155483 -0.239717 -0.227135 -0.145512
-0.222822 -0.160513 -0.163397 -0.239548 -0.227165 -0.153805
-0.222429 -0.169016 -0.172236 -0.238195 -0.22659 -0.162322
-0.220921 -0.178784 -0.185405 -0.235055 -0.224873 -0.172956
-0.2194 -0.191446 -0.202982 -0.232637 -0.223002 -0.186572
-0.217897 -0.201828 -0.215565 -0.23047 -0.221502 -0.197212
-0.216069 -0.211189 -0.220262 -0.227586 -0.219387 -0.208151
-0.214356 -0.218206 -0.221378 -0.223666 -0.217317 -0.216235
-0.211634 -0.217864 -0.220041 -0.218944 -0.214936 -0.213936
-0.206181 -0.218376 -0.218118 -0.215357 -0.211076 -0.213522
-0.200562 -0.218338 -0.214616 -0.213149 -0.205348 -0.213741
-0.194458 -0.217194 -0.211785 -0.209895 -0.198536 -0.21433
-0.188616 -0.216181 -0.210342 -0.204679 -0.19251 -0.213124
-0.182483 -0.215714 -0.208865 -0.197642 -0.186543 -0.212344
-0.175681 -0.215547 -0.208473 -0.189703 -0.179507 -0.211607
-0.167424 -0.215394 -0.2084 -0.181271 -0.171219 -0.211248
-0.158136 -0.215209 -0.20861 -0.172297 -0.162085 -0.211179
-0.148166 -0.215474 -0.209108 -0.163228 -0.152332 -0.211247
-0.137989 -0.216002 -0.209987 -0.154234 -0.142303 -0.211608
-0.127785 -0.216978 -0.211184 -0.145768 -0.132334 -0.212219
-0.118174 -0.21788 -0.21277 -0.137898 -0.12281 -0.213031
-0.109433 -0.218945 -0.214427 -0.130931 -0.114006 -0.213977
-0.101595 -0.219992 -0.216023 -0.125031 -0.106107 -0.214969
-0.0950337 -0.221145 -0.217764 -0.119902 -0.0992924 -0.216233
-0.0902653 -0.222156 -0.219461 -0.115678 -0.0939699 -0.21738
-0.0881031 -0.2228 -0.220968 -0.112891 -0.0910267 -0.218121
-0.0871022 -0.223868 -0.223083 -0.110095 -0.0886946 -0.219067
-0.0873276 -0.224788 -0.224849 -0.108884 -0.0884691 -0.219679
-0.0890264 -0.225649 -0.226091 -0.109492 -0.0898353 -0.220424
-0.0919281 -0.226271 -0.227361 -0.111562 -0.0928529 -0.221195
-0.0959346 -0.226737 -0.228643 -0.114752 -0.0972295 -0.221738
-0.10125 -0.227126 -0.229822 -0.119185 -0.10286 -0.222056
-0.107683 -0.227246 -0.230746 -0.124821 -0.109581 -0.222103
-0.115023 -0.227434 -0.231525 -0.131554 -0.117281 -0.222261
-0.12284 -0.227669 -0.23187 -0.13894 -0.125162 -0.222418
-0.130852 -0.227718 -0.232145 -0.147543 -0.133267 -0.222727
-0.138917 -0.228075 -0.232104 -0.156447 -0.141972 -0.223001
-0.146735 -0.22835 -0.231934 -0.164983 -0.150502 -0.223123
-0.154746 -0.228382 -0.231575 -0.173217 -0.158752 -0.223073
-0.163421 -0.227791 -0.229742 -0.183001 -0.167619 -0.222033
-0.174799 -0.226627 -0.225675 -0.195764 -0.179339 -0.220633
-0.186199 -0.225726 -0.222635 -0.211488 -0.193722 -0.219532
-0.195422 -0.224816 -0.220981 -0.221548 -0.201406 -0.218489
-0.20295 -0.221921 -0.21889 -0.229717 -0.202305 -0.214651
-0.202692 -0.217221 -0.217847 -0.227974 -0.20282 -0.211607
-0.203772 -0.213253 -0.215699 -0.226365 -0.20309 -0.208799
-0.2039 -0.210001 -0.212938 -0.226387 -0.202468 -0.205794
-0.203964 -0.207043 -0.209407 -0.22481 -0.201574 -0.202401
-0.204071 -0.202688 -0.204459 -0.223897 -0.20123 -0.197708
-0.204409 -0.196765 -0.198139 -0.222771 -0.20112 -0.191597
-0.205126 -0.189434 -0.190932 -0.222207 -0.201953 -0.184274
-0.206035 -0.181113 -0.182808 -0.222381 -0.203228 -0.176144
-0.207036 -0.172211 -0.173558 -0.222098 -0.204498 -0.167314
-0.208255 -0.162915 -0.163936 -0.222047 -0.205764 -0.15803
-0.209735 -0.153493 -0.154274 -0.222445 -0.207069 -0.148521
-0.211194 -0.144121 -0.145114 -0.223232 -0.208735 -0.138816
-0.212486 -0.134868 -0.136528 -0.224121 -0.210061 -0.129258
-0.213856 -0.126191 -0.128854 -0.225065 -0.211364 -0.120109
-0.215308 -0.11818 -0.122328 -0.226338 -0.212691 -0.111736
-0.216555 -0.110948 -0.117082 -0.227739 -0.21398 -0.104316
-0.217732 -0.10448 -0.112624 -0.228972 -0.21549 -0.0981658
-0.218919 -0.0990658 -0.109059 -0.230201 -0.217026 -0.0934116
-0.22004 -0.0951496 -0.106312 -0.231441 -0.218307 -0.0903385
-0.22105 -0.0930843 -0.104721 -0.232651 -0.219557 -0.0889633
-0.221826 -0.0924245 -0.104576 -0.234016 -0.220597 -0.0887467
-0.222537 -0.093209 -0.105372 -0.235107 -0.22166 -0.0898713
-0.22314 -0.0957761 -0.107667 -0.236042 -0.222555 -0.0923813
-0.223557 -0.0997017 -0.111331 -0.23702 -0.223133 -0.0963433
-0.223796 -0.104943 -0.116014 -0.237834 -0.223399 -0.101599
-0.224022 -0.111392 -0.121819 -0.23867 -0.223557 -0.107799
-0.223819 -0.118753 -0.128664 -0.239368 -0.223683 -0.115021
-0.223632 -0.12668 -0.13627 -0.239786 -0.22368 -0.123023
-0.223367 -0.134893 -0.144313 -0.240065 -0.22386 -0.131601
-0.223198 -0.14351 -0.152799 -0.240278 -0.223975 -0.14036
-0.223185 -0.152152 -0.160954 -0.240426 -0.223918 -0.14879
-0.223231 -0.160641 -0.168685 -0.240329 -0.223809 -0.156899
-0.222046 -0.17004 -0.179143 -0.237767 -0.222336 -0.165958
-0.220429 -0.181449 -0.193628 -0.234958 -0.220577 -0.176891
-0.218978 -0.193242 -0.208058 -0.233042 -0.219202 -0.188141
-0.21727 -0.204679 -0.220424 -0.230808 -0.217505 -0.198941
-0.215639 -0.214352 -0.224579 -0.227908 -0.214974 -0.20991
-0.213858 -0.219209 -0.224255 -0.224204 -0.212859 -0.218017
-0.210524 -0.217469 -0.221604 -0.219951 -0.210419 -0.216286
-0.206321 -0.218496 -0.219574 -0.216728 -0.206073 -0.215593
-0.19992 -0.218236 -0.216191 -0.214279 -0.20028 -0.21624
-0.194746 -0.217752 -0.214373 -0.210619 -0.193684 -0.216815
-0.188862 -0.216943 -0.213819 -0.204882 -0.187947 -0.215958
-0.182827 -0.216744 -0.212869 -0.197569 -0.182011 -0.215368
-0.175582 -0.216553 -0.213153 -0.189432 -0.17509 -0.214855
-0.167197 -0.21643 -0.213277 -0.180745 -0.166877 -0.214517
-0.157733 -0.216402 -0.213631 -0.171785 -0.157511 -0.214607
-0.147663 -0.216852 -0.214249 -0.162843 -0.147669 -0.215085
-0.137261 -0.217638 -0.214638 -0.154029 -0.137425 -0.215876
-0.126769 -0.218835 -0.215505 -0.145552 -0.127276 -0.216938
-0.117089 -0.219878 -0.216724 -0.1379 -0.117919 -0.218203
-0.108305 -0.220843 -0.218119 -0.131117 -0.109257 -0.219399
-0.100535 -0.221617 -0.219727 -0.125162 -0.102036 -0.220414
-0.0944947 -0.222417 -0.221263 -0.11981 -0.0957849 -0.221112
-0.0905926 -0.2231 -0.222956 -0.115397 -0.0911329 -0.22154
-0.0887161 -0.223714 -0.224912 -0.112146 -0.088004 -0.22181
-0.0884207 -0.224208 -0.226725 -0.110208 -0.0863917 -0.222034
-0.0891888 -0.224683 -0.228078 -0.109663 -0.0867335 -0.222369
-0.0907352 -0.225292 -0.229201 -0.110822 -0.0887386 -0.222886
-0.0941925 -0.225875 -0.230228 -0.114111 -0.0930812 -0.223857
-0.0989059 -0.226247 -0.231074 -0.11827 -0.0980888 -0.224464
-0.104705 -0.226709 -0.231668 -0.123778 -0.104111 -0.224953
-0.111537 -0.226901 -0.23247 -0.130192 -0.111248 -0.225369
-0.119565 -0.227111 -0.232856 -0.137525 -0.119084 -0.225737
-0.127834 -0.227336 -0.233241 -0.145445 -0.127316 -0.226073
-0.136142 -0.227442 -0.233371 -0.154022 -0.135954 -0.226325
-0.144345 -0.227724 -0.233389 -0.16252 -0.144474 -0.226404
-0.152278 -0.22817 -0.233282 -0.170722 -0.152727 -0.226264
-0.160031 -0.228136 -0.233231 -0.178725 -0.160552 -0.225818
-0.169317 -0.226826 -0.230079 -0.190723 -0.170307 -0.224376
-0.18044 -0.225851 -0.22668 -0.203846 -0.182443 -0.223311
-0.18993 -0.225028 -0.224542 -0.216954 -0.193698 -0.222298
-0.197982 -0.22358 -0.222245 -0.229432 -0.204022 -0.220539
-0.204682 -0.221517 -0.219927 -0.23113 -0.209051 -0.217939
-0.211054 -0.218356 -0.217195 -0.228708 -0.207529 -0.214868
-0.212743 -0.214051 -0.213816 -0.227831 -0.207284 -0.213125
-0.213307 -0.209114 -0.211282 -0.224948 -0.20735 -0.209461
-0.213894 -0.204635 -0.208371 -0.222405 -0.207603 -0.204782
-0.214414 -0.200017 -0.203652 -0.221237 -0.207532 -0.199266
-0.214413 -0.194332 -0.19696 -0.219898 -0.207325 -0.192932
-0.214948 -0.187404 -0.189102 -0.219525 -0.207112 -0.18586
-0.21536 -0.179435 -0.180393 -0.219338 -0.207015 -0.177733
-0.215657 -0.17064 -0.171345 -0.219387 -0.207441 -0.168945
-0.216201 -0.161331 -0.162035 -0.219892 -0.208261 -0.159538
-0.217077 -0.151762 -0.152937 -0.220249 -0.209441 -0.150076
-0.218299 -0.142324 -0.144358 -0.220879 -0.210746 -0.140521
-0.219648 -0.133075 -0.136302 -0.22153 -0.212278 -0.131017
-0.221031 -0.124576 -0.128986 -0.222637 -0.214044 -0.121772
-0.222335 -0.117077 -0.122656 -0.22386 -0.215411 -0.113496
-0.223536 -0.110446 -0.117144 -0.225165 -0.216604 -0.106353
-0.224571 -0.104711 -0.112539 -0.22664 -0.21794 -0.100489
-0.225394 -0.099965 -0.108664 -0.22821 -0.219044 -0.0961112
-0.226183 -0.0963285 -0.105896 -0.229257 -0.220206 -0.093412
-0.227045 -0.0941958 -0.10489 -0.230674 -0.221529 -0.0923773
-0.228091 -0.0936448 -0.105136 -0.231752 -0.222587 -0.0925687
-0.228776 -0.0947183 -0.1065 -0.232583 -0.223823 -0.0941662
-0.229512 -0.0976263 -0.109052 -0.233442 -0.224743 -0.0973205
-0.230007 -0.102055 -0.113 -0.234376 -0.225297 -0.101854
-0.230384 -0.107629 -0.117997 -0.235152 -0.225638 -0.107604
-0.230616 -0.114303 -0.12429 -0.235541 -0.226058 -0.114226
-0.230863 -0.121737 -0.131657 -0.235853 -0.226535 -0.12146
-0.230974 -0.129644 -0.13966 -0.235992 -0.226848 -0.129116
-0.231083 -0.137984 -0.147753 -0.236252 -0.227037 -0.13729
-0.231061 -0.146707 -0.156001 -0.236429 -0.227071 -0.146016
-0.230979 -0.155511 -0.163912 -0.236451 -0.226956 -0.154574
-0.230706 -0.163926 -0.171626 -0.236208 -0.226763 -0.162796
-0.229275 -0.173492 -0.183129 -0.233071 -0.225188 -0.172202
-0.227712 -0.18448 -0.198033 -0.23042 -0.223543 -0.182788
-0.226397 -0.195361 -0.211807 -0.228362 -0.222257 -0.192726
-0.22469 -0.205883 -0.224181 -0.225931 -0.220224 -0.202162
-0.222312 -0.214696 -0.231066 -0.222932 -0.217454 -0.211719
-0.219719 -0.213022 -0.230888 -0.219524 -0.21484 -0.214947
-0.215125 -0.21213 -0.228314 -0.216375 -0.210326 -0.213249
-0.211221 -0.211615 -0.22667 -0.212971 -0.206319 -0.212624
-0.206058 -0.211184 -0.224463 -0.209921 -0.201146 -0.212664
-0.200948 -0.210379 -0.222792 -0.205654 -0.195787 -0.212255
-0.194744 -0.210121 -0.221689 -0.199609 -0.190088 -0.211861
-0.187896 -0.21055 -0.221128 -0.192343 -0.183381 -0.211894
-0.180071 -0.210718 -0.220933 -0.184018 -0.175736 -0.211728
-0.171452 -0.210783 -0.220888 -0.175061 -0.167143 -0.211944
-0.162046 -0.211203 -0.221243 -0.165979 -0.158023 -0.212197
-0.152034 -0.21184 -0.221819 -0.156872 -0.148329 -0.212729
-0.141724 -0.212765 -0.222523 -0.148233 -0.138399 -0.213731
-0.131686 -0.214102 -0.223333 -0.140277 -0.128632 -0.214962
-0.122255 -0.215487 -0.224173 -0.133102 -0.119275 -0.216281
-0.114005 -0.217125 -0.225105 -0.12694 -0.110777 -0.217803
-0.106989 -0.218418 -0.226025 -0.121481 -0.103144 -0.219299
-0.101548 -0.219678 -0.22725 -0.116865 -0.0971051 -0.22052
-0.0976974 -0.220709 -0.228451 -0.112875 -0.0926735 -0.22151
-0.0959077 -0.221529 -0.229772 -0.10969 -0.0900952 -0.22241
-0.0954513 -0.222301 -0.231074 -0.107667 -0.0890354 -0.22313
-0.0963915 -0.223272 -0.232044 -0.107359 -0.0898678 -0.223785
-0.0987023 -0.224197 -0.232767 -0.108625 -0.0920146 -0.224687
-0.102164 -0.225334 -0.233258 -0.111476 -0.0956089 -0.225677
-0.106981 -0.225995 -0.23371 -0.115579 -0.100588 -0.226394
-0.112769 -0.226477 -0.234229 -0.121011 -0.106611 -0.227108
-0.119585 -0.22675 -0.234606 -0.127217 -0.113776 -0.227374
-0.127301 -0.227066 -0.235049 -0.13413 -0.122054 -0.227611
-0.135597 -0.227337 -0.235346 -0.141673 -0.13047 -0.22787
-0.144101 -0.227493 -0.235455 -0.150207 -0.138947 -0.227994
-0.15245 -0.227489 -0.235627 -0.158965 -0.147376 -0.228132
-0.160703 -0.227596 -0.235487 -0.167403 -0.155867 -0.228138
-0.168738 -0.227318 -0.235188 -0.175813 -0.164091 -0.227704
-0.178124 -0.225653 -0.231987 -0.188655 -0.174284 -0.226002
-0.188502 -0.224477 -0.229132 -0.203106 -0.185829 -0.22478
-0.197369 -0.223409 -0.227424 -0.217566 -0.196237 -0.223712
-0.204956 -0.221583 -0.225201 -0.230012 -0.205921 -0.222055
-0.211363 -0.219693 -0.222469 -0.231004 -0.212055 -0.219583
-0.213956 -0.216966 -0.219319 -0.228603 -0.210347 -0.216816
-0.214265 -0.211964 -0.215938 -0.227299 -0.210349 -0.214439
-0.214379 -0.207831 -0.213586 -0.224399 -0.210838 -0.210324
-0.214566 -0.203416 -0.210338 -0.222325 -0.211275 -0.205626
-0.215071 -0.198499 -0.205283 -0.221201 -0.211138 -0.200351
-0.215228 -0.192477 -0.198306 -0.219895 -0.210832 -0.194103
-0.215431 -0.185484 -0.190107 -0.219928 -0.210754 -0.186822
-0.215407 -0.177349 -0.181255 -0.219891 -0.210955 -0.178551
-0.215604 -0.168331 -0.172177 -0.219966 -0.211513 -0.169661
-0.216429 -0.158592 -0.163004 -0.220178 -0.212472 -0.160139
-0.217587 -0.148593 -0.153887 -0.220784 -0.213957 -0.150417
-0.219129 -0.138743 -0.145201 -0.221493 -0.215517 -0.140559
-0.220556 -0.129546 -0.137107 -0.222386 -0.217106 -0.130991
-0.222133 -0.121064 -0.129788 -0.223671 -0.218566 -0.121964
-0.223714 -0.113568 -0.123251 -0.22521 -0.220143 -0.113793
-0.22506 -0.106985 -0.117723 -0.227077 -0.221755 -0.106777
-0.226224 -0.10135 -0.113055 -0.228883 -0.223131 -0.101048
-0.227669 -0.0970986 -0.109353 -0.230757 -0.224547 -0.0970021
-0.228954 -0.0942056 -0.106969 -0.23244 -0.226127 -0.0945321
-0.230247 -0.0927785 -0.10632 -0.234463 -0.227768 -0.093926
-0.23156 -0.0930388 -0.106874 -0.236462 -0.229597 -0.0941804
-0.232968 -0.0948168 -0.108368 -0.238159 -0.231095 -0.0959758
-0.234389 -0.0981771 -0.111045 -0.239812 -0.232312 -0.0991384
-0.235735 -0.102893 -0.115183 -0.241299 -0.233521 -0.103553
-0.236915 -0.110112 -0.121835 -0.243138 -0.234925 -0.110296
-0.237548 -0.117183 -0.12864 -0.24469 -0.235769 -0.117274
-0.23804 -0.124734 -0.136298 -0.245949 -0.236563 -0.125472
-0.238511 -0.132777 -0.144786 -0.247096 -0.237084 -0.13433
-0.238872 -0.141352 -0.153532 -0.248151 -0.237597 -0.142994
-0.239112 -0.150181 -0.162355 -0.24892 -0.237965 -0.151576
-0.239126 -0.159069 -0.170919 -0.249446 -0.238171 -0.159852
-0.238651 -0.167869 -0.180696 -0.248788 -0.237888 -0.168264
-0.236742 -0.178291 -0.195539 -0.244735 -0.236238 -0.178458
-0.235679 -0.190102 -0.212742 -0.242155 -0.234785 -0.189521
-0.234989 -0.202385 -0.230284 -0.240047 -0.233805 -0.200596
-0.23359 -0.214398 -0.245028 -0.237758 -0.232532 -0.211619
-0.232791 -0.224916 -0.248047 -0.234657 -0.231253 -0.221888
-0.231977 -0.223401 -0.246942 -0.230752 -0.230349 -0.227759
-0.229854 -0.223193 -0.243959 -0.228119 -0.227929 -0.226336
-0.227276 -0.223789 -0.240156 -0.22767 -0.225081 -0.225941
-0.224464 -0.224149 -0.236578 -0.228451 -0.223051 -0.227174
-0.223098 -0.223912 -0.234453 -0.229503 -0.220596 -0.228277
-0.222706 -0.223964 -0.233814 -0.23004 -0.219951 -0.229073
-0.222606 -0.22385 -0.233805 -0.230576 -0.22016 -0.229399
-0.22305 -0.224183 -0.234159 -0.230896 -0.220844 -0.229618
-0.223905 -0.225105 -0.23453 -0.231413 -0.2214 -0.229825
-0.224502 -0.226135 -0.234852 -0.232124 -0.221487 -0.230459
-0.224513 -0.227081 -0.234835 -0.233151 -0.221599 -0.231377
-0.224461 -0.22804 -0.234701 -0.234126 -0.221547 -0.232381
-0.224496 -0.228762 -0.234731 -0.23493 -0.221671 -0.233214
-0.224607 -0.229188 -0.234919 -0.235577 -0.221985 -0.2337
-0.224941 -0.229489 -0.235184 -0.235872 -0.222218 -0.233907
-0.225346 -0.229926 -0.23535 -0.236062 -0.222482 -0.233948
-0.225616 -0.230272 -0.235496 -0.236238 -0.222587 -0.233822
-0.225798 -0.230523 -0.235496 -0.236467 -0.222573 -0.23381
-0.22587 -0.230684 -0.235476 -0.236502 -0.2225 -0.233863
-0.225925 -0.230666 -0.235505 -0.236617 -0.2225 -0.233889
-0.226091 -0.23058 -0.235553 -0.236726 -0.222604 -0.233915
-0.226312 -0.230519 -0.23567 -0.236671 -0.222695 -0.2338
-0.226603 -0.230437 -0.235795 -0.236615 -0.222799 -0.233608
-0.226949 -0.230356 -0.236057 -0.236488 -0.223006 -0.233338
-0.227364 -0.23023 -0.236373 -0.23635 -0.223285 -0.23308
-0.227762 -0.230081 -0.23666 -0.236155 -0.22381 -0.232911
-0.228159 -0.22982 -0.236919 -0.235917 -0.224217 -0.232637
-0.228554 -0.229625 -0.237251 -0.235759 -0.224694 -0.232401
-0.228911 -0.229407 -0.237702 -0.235617 -0.225227 -0.232163
-0.229214 -0.22921 -0.238051 -0.235326 -0.225514 -0.231884
-0.229605 -0.228945 -0.238377 -0.235225 -0.225857 -0.231644
-0.229712 -0.228879 -0.238517 -0.235099 -0.226086 -0.231484
-0.229766 -0.228879 -0.238656 -0.235081 -0.226256 -0.231363
-0.229836 -0.228723 -0.238727 -0.235044 -0.226328 -0.231338
-0.229872 -0.228657 -0.238702 -0.23511 -0.22637 -0.231322
-0.229907 -0.228657 -0.238748 -0.235092 -0.22637 -0.231347
-0.229889 -0.228635 -0.238795 -0.235092 -0.226442 -0.231347
-0.229836 -0.228635 -0.238795 -0.235139 -0.226457 -0.231412
-0.229889 -0.228657 -0.238748 -0.235073 -0.226514 -0.231372
-0.229889 -0.22859 -0.238795 -0.235139 -0.226529 -0.231437
-0.229836 -0.228613 -0.238748 -0.235139 -0.226601 -0.231437
-0.229889 -0.228613 -0.238795 -0.235115 -0.226529 -0.231437
-0.229907 -0.228613 -0.238727 -0.235139 -0.226472 -0.231502
-0.229889 -0.22859 -0.238795 -0.235163 -0.226544 -0.231462
-0.229889 -0.22859 -0.238795 -0.235139 -0.226544 -0.231437
-0.229889 -0.228657 -0.238795 -0.235139 -0.226544 -0.231437
-0.229889 -0.228613 -0.238748 -0.235163 -0.226529 -0.231437
-0.229889 -0.228657 -0.238748 -0.235163 -0.226544 -0.231502
-0.229907 -0.228635 -0.238773 -0.235163 -0.226472 -0.231462
-0.229907 -0.228635 -0.238773 -0.235163 -0.226529 -0.231437
-0.229889 -0.228702 -0.238702 -0.235186 -0.226472 -0.231437
-0.229889 -0.228657 -0.238727 -0.235163 -0.226457 -0.231437
-0.22996 -0.228702 -0.238748 -0.235186 -0.226442 -0.231397
-0.22996 -0.22868 -0.238727 -0.235234 -0.226457 -0.231397
-0.22996 -0.22868 -0.238727 -0.235252 -0.226385 -0.231397
-0.230013 -0.22868 -0.238727 -0.235276 -0.226457 -0.231372
-0.230066 -0.228724 -0.238773 -0.235257 -0.226442 -0.231397
-0.230013 -0.228769 -0.238727 -0.235234 -0.226442 -0.231397
-0.230066 -0.228747 -0.238706 -0.235257 -0.226442 -0.231397
-0.230013 -0.228747 -0.238795 -0.235257 -0.226385 -0.231356
-0.23003 -0.228747 -0.238727 -0.235299 -0.226442 -0.231397
-0.230066 -0.228702 -0.238727 -0.235323 -0.226442 -0.231437
-0.230013 -0.228747 -0.238727 -0.235257 -0.226442 -0.231397
-0.230084 -0.228702 -0.238773 -0.235281 -0.226499 -0.231397
-0.229996 -0.22868 -0.238795 -0.235257 -0.226499 -0.231437
-0.230013 -0.22868 -0.238773 -0.235299 -0.226499 -0.231437
-0.230066 -0.22868 -0.238748 -0.235257 -0.226442 -0.231397
-0.230013 -0.228702 -0.238727 -0.235299 -0.226472 -0.231397
-0.230013 -0.22868 -0.238773 -0.235342 -0.226571 -0.231437
-0.230013 -0.228702 -0.238748 -0.235257 -0.226514 -0.231422
-0.22996 -0.228635 -0.238773 -0.235323 -0.226529 -0.231462
-0.230013 -0.228635 -0.238748 -0.235257 -0.226457 -0.231462
-0.23003 -0.22868 -0.238773 -0.235347 -0.226457 -0.231397
-0.23003 -0.228702 -0.238748 -0.235323 -0.226514 -0.231422
-0.230013 -0.228747 -0.238773 -0.235299 -0.226571 -0.231397