-0.226659 -0.228071 -0.230618 -0.230304 -0.227495 -0.225634
-0.226659 -0.228071 -0.230679 -0.230304 -0.227512 -0.225579
-0.226642 -0.228034 -0.230739 -0.230304 -0.227495 -0.225579
-0.226659 -0.228088 -0.230666 -0.230304 -0.227512 -0.225579
-0.226676 -0.228034 -0.230666 -0.230304 -0.227549 -0.225579
-0.226659 -0.228088 -0.230679 -0.230304 -0.227495 -0.225579
-0.226642 -0.228142 -0.230666 -0.230365 -0.227512 -0.225579
-0.226659 -0.228034 -0.230739 -0.230292 -0.227549 -0.22565
-0.226659 -0.228088 -0.230666 -0.230317 -0.227495 -0.225579
-0.226642 -0.228071 -0.230679 -0.230378 -0.227549 -0.22565
-0.226659 -0.228071 -0.230739 -0.230304 -0.227549 -0.225634
-0.226659 -0.228088 -0.230727 -0.230304 -0.227495 -0.225579
-0.226659 -0.228034 -0.230679 -0.230304 -0.227549 -0.225579
-0.226642 -0.228088 -0.230679 -0.230304 -0.227549 -0.225579
-0.226659 -0.228088 -0.230666 -0.230317 -0.227495 -0.225634
-0.226642 -0.228071 -0.230679 -0.230304 -0.227566 -0.225634
-0.226659 -0.228034 -0.230666 -0.230304 -0.227549 -0.225634
-0.226659 -0.228088 -0.230679 -0.230365 -0.227512 -0.225634
-0.226713 -0.228071 -0.230679 -0.230304 -0.227512 -0.225634
-0.226659 -0.228071 -0.230679 -0.230317 -0.227512 -0.225634
-0.226713 -0.228071 -0.230679 -0.230317 -0.227512 -0.225634
-0.226659 -0.228034 -0.230679 -0.230378 -0.227495 -0.22565
-0.226659 -0.228034 -0.230739 -0.230304 -0.227566 -0.225579
-0.226659 -0.228088 -0.230679 -0.230304 -0.227495 -0.225579
-0.226659 -0.228034 -0.230666 -0.230304 -0.227512 -0.225634
-0.226642 -0.228088 -0.230679 -0.230304 -0.227549 -0.225579
-0.226713 -0.228088 -0.230679 -0.230304 -0.227512 -0.225579
-0.226659 -0.228071 -0.230666 -0.230365 -0.227495 -0.225634
-0.226642 -0.228088 -0.230679 -0.230317 -0.227512 -0.22565
-0.226659 -0.228034 -0.230727 -0.230365 -0.227512 -0.225634
-0.226713 -0.228071 -0.230666 -0.230304 -0.227495 -0.225579
-0.226642 -0.228088 -0.230679 -0.230365 -0.227495 -0.225634
-0.226659 -0.228088 -0.230679 -0.230292 -0.227566 -0.225634
-0.226659 -0.228088 -0.230679 -0.230304 -0.227495 -0.225579
-0.226659 -0.228088 -0.230727 -0.230292 -0.227549 -0.225634
-0.226659 -0.228034 -0.230727 -0.230304 -0.227495 -0.22565
-0.226659 -0.228088 -0.230606 -0.230304 -0.227495 -0.225634
-0.226659 -0.228088 -0.230679 -0.230317 -0.227566 -0.225579
-0.226642 -0.228071 -0.230679 -0.230365 -0.227495 -0.225579
-0.226642 -0.228088 -0.230679 -0.230304 -0.227512 -0.225634
-0.226642 -0.228071 -0.230679 -0.230365 -0.227549 -0.225596
-0.226713 -0.228071 -0.230739 -0.230304 -0.227495 -0.22565
-0.226713 -0.228088 -0.230739 -0.230292 -0.227495 -0.225579
-0.226659 -0.228071 -0.230679 -0.230304 -0.227512 -0.22565
-0.226642 -0.228071 -0.230679 -0.230304 -0.227495 -0.225579
-0.226659 -0.228088 -0.230727 -0.230304 -0.227512 -0.225579
-0.226642 -0.228088 -0.230666 -0.230304 -0.227512 -0.225579
-0.226642 -0.228017 -0.230679 -0.230304 -0.227549 -0.225634
-0.226642 -0.228071 -0.230606 -0.230304 -0.227495 -0.225579
-0.226713 -0.228088 -0.230666 -0.230304 -0.227549 -0.225634
-0.226696 -0.228088 -0.230666 -0.230304 -0.227566 -0.225634
-0.226659 -0.228088 -0.230739 -0.230365 -0.227549 -0.225596
-0.226588 -0.228088 -0.230666 -0.230365 -0.227512 -0.225634
-0.226659 -0.228071 -0.230666 -0.230304 -0.227495 -0.225579
-0.226713 -0.228088 -0.230739 -0.230365 -0.227458 -0.225634
-0.226659 -0.228071 -0.230679 -0.230304 -0.227512 -0.225596
-0.226713 -0.228088 -0.230606 -0.230317 -0.227512 -0.225596
-0.226642 -0.228088 -0.230727 -0.230304 -0.227512 -0.225579
-0.226659 -0.228088 -0.230727 -0.230304 -0.227495 -0.225579
-0.226696 -0.228088 -0.230679 -0.230365 -0.227495 -0.22565
-0.226659 -0.228088 -0.230666 -0.230365 -0.227512 -0.225579
-0.226659 -0.228034 -0.230739 -0.230317 -0.227512 -0.225579
-0.226659 -0.228071 -0.230666 -0.230304 -0.227566 -0.225634
-0.226642 -0.228088 -0.230666 -0.230304 -0.227512 -0.225634
-0.226659 -0.228088 -0.230679 -0.230304 -0.227495 -0.225579
-0.226676 -0.228071 -0.230727 -0.230304 -0.227566 -0.225634
-0.226605 -0.228088 -0.230679 -0.230304 -0.227495 -0.225579
-0.226642 -0.228071 -0.230666 -0.230304 -0.227566 -0.225579
-0.226659 -0.228088 -0.230666 -0.230292 -0.227512 -0.225634
-0.226676 -0.228088 -0.230666 -0.230304 -0.227495 -0.22565
-0.226659 -0.228017 -0.230666 -0.230365 -0.227495 -0.225579
-0.226659 -0.228071 -0.230679 -0.230304 -0.227458 -0.225579
-0.226605 -0.228071 -0.230666 -0.230365 -0.227512 -0.225634
-0.226676 -0.228088 -0.230679 -0.230304 -0.227495 -0.225579
-0.226659 -0.228071 -0.230666 -0.230365 -0.227458 -0.225596
-0.226659 -0.228088 -0.230739 -0.230304 -0.227495 -0.225579
-0.226659 -0.228034 -0.230727 -0.230304 -0.227512 -0.225634
-0.226659 -0.228088 -0.230666 -0.230317 -0.227512 -0.225634
-0.226659 -0.228071 -0.230727 -0.230304 -0.227566 -0.225634
-0.226659 -0.228088 -0.230666 -0.230304 -0.227549 -0.225634
-0.226659 -0.228071 -0.230739 -0.230304 -0.227495 -0.225579
-0.226659 -0.228071 -0.230666 -0.230304 -0.227495 -0.225579
-0.22673 -0.228071 -0.230679 -0.230304 -0.227441 -0.225634
-0.226659 -0.228034 -0.230727 -0.230365 -0.227495 -0.225634
-0.226713 -0.228071 -0.230739 -0.230304 -0.227512 -0.225579
-0.226659 -0.228088 -0.230679 -0.230365 -0.227512 -0.225579
-0.226642 -0.228017 -0.230679 -0.230365 -0.227549 -0.225579
-0.226659 -0.228071 -0.230679 -0.230317 -0.227566 -0.225579
-0.226642 -0.228125 -0.230727 -0.230378 -0.227495 -0.225579
-0.226659 -0.228071 -0.230739 -0.230304 -0.227512 -0.225617
-0.226659 -0.228071 -0.230727 -0.230365 -0.227512 -0.225634
-0.226642 -0.228071 -0.230679 -0.230304 -0.227566 -0.225634
-0.226642 -0.228034 -0.230666 -0.230304 -0.227549 -0.22565
-0.226659 -0.228071 -0.230679 -0.230304 -0.227512 -0.225596
-0.226659 -0.228088 -0.230727 -0.230317 -0.227495 -0.225634
-0.226659 -0.228088 -0.230679 -0.230304 -0.227512 -0.225634
-0.226659 -0.228071 -0.230739 -0.230304 -0.227512 -0.225596
-0.226659 -0.228088 -0.230679 -0.230365 -0.227512 -0.22565
-0.226676 -0.228071 -0.230727 -0.230304 -0.227495 -0.225579
-0.226659 -0.228071 -0.230739 -0.230304 -0.227495 -0.225579
-0.226605 -0.228088 -0.230666 -0.230317 -0.227495 -0.22565
-0.226659 -0.228071 -0.230679 -0.230365 -0.227512 -0.225579
-0.226696 -0.228088 -0.230679 -0.230352 -0.227512 -0.225579
-0.226659 -0.228142 -0.230679 -0.230304 -0.227495 -0.225579
-0.226659 -0.228017 -0.230666 -0.230365 -0.227495 -0.225596
-0.226659 -0.228088 -0.230666 -0.230304 -0.227512 -0.225634
-0.226659 -0.228088 -0.230679 -0.230304 -0.227512 -0.225634
-0.226659 -0.228088 -0.230679 -0.230317 -0.227458 -0.225579
-0.226659 -0.228034 -0.230727 -0.230317 -0.227512 -0.225579
-0.226713 -0.228088 -0.230739 -0.230304 -0.227512 -0.225634
-0.226659 -0.228034 -0.230666 -0.230365 -0.227495 -0.22565
-0.226659 -0.228088 -0.230666 -0.230304 -0.227549 -0.225579
-0.226605 -0.228088 -0.230666 -0.230365 -0.227495 -0.225596
-0.226659 -0.228071 -0.230739 -0.230365 -0.227495 -0.225634
-0.226659 -0.228071 -0.230739 -0.230304 -0.227512 -0.225634
-0.226659 -0.228071 -0.230679 -0.230365 -0.227549 -0.22565
-0.226659 -0.228071 -0.230739 -0.230365 -0.227566 -0.225634
-0.226659 -0.228088 -0.230666 -0.230317 -0.227512 -0.225579
-0.226676 -0.228088 -0.230666 -0.230304 -0.227549 -0.225634
-0.226642 -0.228088 -0.230666 -0.230304 -0.227495 -0.225579
-0.226659 -0.228088 -0.230739 -0.230292 -0.227495 -0.225579
-0.226659 -0.228071 -0.230666 -0.230292 -0.227495 -0.225634
-0.226659 -0.228071 -0.230679 -0.230304 -0.227495 -0.225579
-0.226659 -0.228088 -0.230679 -0.230317 -0.227495 -0.225634
-0.226659 -0.228088 -0.230679 -0.230304 -0.227549 -0.225634
-0.226659 -0.228071 -0.230666 -0.230304 -0.227512 -0.225634
-0.226659 -0.228088 -0.230666 -0.230304 -0.227495 -0.225634
-0.226659 -0.228088 -0.230666 -0.230292 -0.227512 -0.22565
-0.226659 -0.228034 -0.230679 -0.230352 -0.227458 -0.225634
-0.226659 -0.228088 -0.230679 -0.230365 -0.227495 -0.225579
-0.226713 -0.228034 -0.230666 -0.230304 -0.227495 -0.225579
-0.226676 -0.228034 -0.230739 -0.230378 -0.227495 -0.225634
-0.226659 -0.228071 -0.230679 -0.230317 -0.227512 -0.225579
-0.226659 -0.228071 -0.230666 -0.230365 -0.227495 -0.22565
-0.226659 -0.228071 -0.230679 -0.230365 -0.227512 -0.22565
-0.226659 -0.228034 -0.230679 -0.230304 -0.227512 -0.22565
-0.226659 -0.228088 -0.230739 -0.230365 -0.227512 -0.22565
-0.226713 -0.228142 -0.230739 -0.230317 -0.227495 -0.225634
-0.226659 -0.228034 -0.230666 -0.230378 -0.227495 -0.225579
-0.226659 -0.228034 -0.230679 -0.230292 -0.227495 -0.225579
-0.226642 -0.228071 -0.230679 -0.230378 -0.227441 -0.225634
-0.226659 -0.228071 -0.230666 -0.230378 -0.227495 -0.225579
-0.226605 -0.228088 -0.230679 -0.230365 -0.227458 -0.22565
-0.226659 -0.228071 -0.230679 -0.230292 -0.227512 -0.225579
-0.226642 -0.228034 -0.230666 -0.230352 -0.227549 -0.225634
-0.226642 -0.228088 -0.230666 -0.230365 -0.227495 -0.225596
-0.22622 -0.227754 -0.230727 -0.230352 -0.227212 -0.224994
-0.225691 -0.227437 -0.230714 -0.23034 -0.226824 -0.224359
-0.225428 -0.22712 -0.230689 -0.230133 -0.226419 -0.223861
-0.225022 -0.226733 -0.230409 -0.230034 -0.226119 -0.223401
-0.224705 -0.226217 -0.23031 -0.229996 -0.225818 -0.222903
-0.224334 -0.225917 -0.230078 -0.22991 -0.225521 -0.222514
-0.224158 -0.225633 -0.229603 -0.229859 -0.225275 -0.222212
-0.223928 -0.225549 -0.229504 -0.2297 -0.2251 -0.221982
-0.223858 -0.225461 -0.229492 -0.229687 -0.224958 -0.221949
-0.223895 -0.225498 -0.229418 -0.229601 -0.224887 -0.221916
-0.223895 -0.225464 -0.229454 -0.229601 -0.224941 -0.2219
-0.223895 -0.225518 -0.229454 -0.229528 -0.224924 -0.221938
-0.223824 -0.225484 -0.229247 -0.229455 -0.224782 -0.221905
-0.22379 -0.225413 -0.229173 -0.229308 -0.224694 -0.221817
-0.223719 -0.225272 -0.229087 -0.229222 -0.224553 -0.221746
-0.22356 -0.225147 -0.228954 -0.229124 -0.224448 -0.221642
-0.223472 -0.225059 -0.228868 -0.229038 -0.22436 -0.221516
-0.223401 -0.224934 -0.228756 -0.228904 -0.224256 -0.221411
-0.223367 -0.224917 -0.228744 -0.228818 -0.224239 -0.22134
-0.22335 -0.224776 -0.228572 -0.228805 -0.224205 -0.221324
-0.223246 -0.224759 -0.228534 -0.228611 -0.224188 -0.221252
-0.223158 -0.224634 -0.22846 -0.228586 -0.224047 -0.221219
-0.223107 -0.224492 -0.228314 -0.228439 -0.224047 -0.221148
-0.223019 -0.224458 -0.228215 -0.228305 -0.223959 -0.221132
-0.222914 -0.224317 -0.228069 -0.228267 -0.223854 -0.221006
-0.222772 -0.224158 -0.227922 -0.228108 -0.223783 -0.220918
-0.222701 -0.224124 -0.227909 -0.228082 -0.223803 -0.220847
-0.222596 -0.223982 -0.227823 -0.227996 -0.223716 -0.220759
-0.222525 -0.223894 -0.227871 -0.22791 -0.223645 -0.220742
-0.222454 -0.223823 -0.227712 -0.227824 -0.223628 -0.220655
-0.22242 -0.22379 -0.227578 -0.227678 -0.223557 -0.220621
-0.222366 -0.223702 -0.227444 -0.227458 -0.223486 -0.220534
-0.222278 -0.223614 -0.227358 -0.227311 -0.223415 -0.220484
-0.222225 -0.223526 -0.227259 -0.227238 -0.223327 -0.220451
-0.222083 -0.223421 -0.227113 -0.2272 -0.223185 -0.220308
-0.221995 -0.223316 -0.227014 -0.22698 -0.223026 -0.22022
-0.221836 -0.223228 -0.226941 -0.226954 -0.223009 -0.220095
-0.221819 -0.22307 -0.226867 -0.226735 -0.222868 -0.21999
-0.221748 -0.222911 -0.226781 -0.226636 -0.222834 -0.219848
-0.22166 -0.222823 -0.226708 -0.22655 -0.222692 -0.21976
-0.221572 -0.222789 -0.226549 -0.226416 -0.222675 -0.219705
-0.221447 -0.222701 -0.226463 -0.22633 -0.222533 -0.219655
-0.221376 -0.222596 -0.226329 -0.226269 -0.222553 -0.219584
-0.221413 -0.222579 -0.22629 -0.22617 -0.222445 -0.219567
-0.221271 -0.222491 -0.226156 -0.226097 -0.222303 -0.21948
-0.221183 -0.222403 -0.22607 -0.226011 -0.222252 -0.219463
-0.221113 -0.222386 -0.225972 -0.225864 -0.222182 -0.219375
-0.221061 -0.222227 -0.225764 -0.22573 -0.222165 -0.219358
-0.220954 -0.222139 -0.225678 -0.225584 -0.222077 -0.219287
-0.220849 -0.222051 -0.225544 -0.225498 -0.221935 -0.219216
-0.220778 -0.221963 -0.225531 -0.225412 -0.221884 -0.219128
-0.220707 -0.221946 -0.225311 -0.225338 -0.22185 -0.219057
-0.220602 -0.221875 -0.225299 -0.225265 -0.221779 -0.219057
-0.220531 -0.221841 -0.225213 -0.225131 -0.221691 -0.218986
-0.220352 -0.221716 -0.225152 -0.225105 -0.221674 -0.218952
-0.220389 -0.221682 -0.225078 -0.22485 -0.221549 -0.218952
-0.220193 -0.221648 -0.224992 -0.224898 -0.221498 -0.218881
-0.220176 -0.221523 -0.224858 -0.224825 -0.221444 -0.218864
-0.220051 -0.221469 -0.224772 -0.224665 -0.22141 -0.218848
-0.220071 -0.221452 -0.224686 -0.224604 -0.221268 -0.218776
-0.219929 -0.221418 -0.224623 -0.224566 -0.221197 -0.21876
-0.219895 -0.221347 -0.224549 -0.224432 -0.221164 -0.218743
-0.219807 -0.221313 -0.224438 -0.224285 -0.221022 -0.218617
-0.219719 -0.221188 -0.224425 -0.224199 -0.220988 -0.218584
-0.219648 -0.2211 -0.224218 -0.224113 -0.2209 -0.218496
-0.219543 -0.220976 -0.224144 -0.223979 -0.220812 -0.218408
-0.219472 -0.220941 -0.224045 -0.22388 -0.220724 -0.21832
-0.219438 -0.22087 -0.223911 -0.223806 -0.220528 -0.218194
-0.219296 -0.220729 -0.223704 -0.223733 -0.220494 -0.218178
-0.219278 -0.220694 -0.223617 -0.223634 -0.220352 -0.218107
-0.219154 -0.220677 -0.223531 -0.223561 -0.220318 -0.218002
-0.219137 -0.220535 -0.223445 -0.223475 -0.220301 -0.217985
-0.219049 -0.220572 -0.223346 -0.223328 -0.220105 -0.217914
-0.218997 -0.220447 -0.22326 -0.223193 -0.220071 -0.217826
-0.218872 -0.220377 -0.223161 -0.223156 -0.220037 -0.217738
-0.218801 -0.220306 -0.223075 -0.223021 -0.219878 -0.21765
-0.218767 -0.220271 -0.223002 -0.222922 -0.21979 -0.217633
-0.218625 -0.220183 -0.222855 -0.222824 -0.219702 -0.217529
-0.218554 -0.220095 -0.222842 -0.222738 -0.219597 -0.217441
-0.218537 -0.220061 -0.222743 -0.222591 -0.219438 -0.217298
-0.218395 -0.219919 -0.222609 -0.222492 -0.21935 -0.217265
-0.218395 -0.219885 -0.222584 -0.222345 -0.219261 -0.217122
-0.218307 -0.21985 -0.222497 -0.222211 -0.219191 -0.217089
-0.21829 -0.219762 -0.222411 -0.222185 -0.219173 -0.217001
-0.218256 -0.219674 -0.222338 -0.222099 -0.219085 -0.21693
-0.218185 -0.219657 -0.222252 -0.222026 -0.219051 -0.216913
-0.218114 -0.219622 -0.22214 -0.221952 -0.218926 -0.216896
-0.21806 -0.219551 -0.222067 -0.221866 -0.218892 -0.216862
-0.218026 -0.219534 -0.22198 -0.221767 -0.21875 -0.216791
-0.217884 -0.219392 -0.221846 -0.22162 -0.218662 -0.216649
-0.217867 -0.219428 -0.221687 -0.221473 -0.218662 -0.216615
-0.217779 -0.219304 -0.221661 -0.221448 -0.218503 -0.216527
-0.217691 -0.219216 -0.221466 -0.221301 -0.218361 -0.216473
-0.217602 -0.219128 -0.221393 -0.221288 -0.218327 -0.216439
-0.217568 -0.21904 -0.221393 -0.221141 -0.218256 -0.216351
-0.21748 -0.218881 -0.221233 -0.221042 -0.218185 -0.21628
-0.217446 -0.218793 -0.22116 -0.220981 -0.218114 -0.216209
-0.217304 -0.218704 -0.221086 -0.220834 -0.218097 -0.216137
-0.217287 -0.218616 -0.221035 -0.220847 -0.218009 -0.216049
-0.217216 -0.218492 -0.220901 -0.220761 -0.217992 -0.215978
-0.217127 -0.218457 -0.220789 -0.220649 -0.217921 -0.215944
-0.21711 -0.218369 -0.220716 -0.220576 -0.217833 -0.21589
-0.217039 -0.218262 -0.22069 -0.220551 -0.217815 -0.215819
-0.217022 -0.218245 -0.220678 -0.220551 -0.217744 -0.215873
-0.217005 -0.218191 -0.22069 -0.220416 -0.217744 -0.215819
-0.217005 -0.218174 -0.220665 -0.220416 -0.217744 -0.215802
-0.216951 -0.218174 -0.220591 -0.220416 -0.217744 -0.215802
-0.217059 -0.218174 -0.220591 -0.220404 -0.217744 -0.215802
-0.217041 -0.218245 -0.220543 -0.220416 -0.217744 -0.215802
-0.216951 -0.218174 -0.220665 -0.220404 -0.217744 -0.215802
-0.217005 -0.218157 -0.220652 -0.220416 -0.217744 -0.215802
-0.217005 -0.218174 -0.220591 -0.220404 -0.217744 -0.215802
-0.217059 -0.218174 -0.220591 -0.220404 -0.217744 -0.215819
-0.216934 -0.218174 -0.220531 -0.220391 -0.217744 -0.215748
-0.217041 -0.218174 -0.220531 -0.220391 -0.217762 -0.215748
-0.217059 -0.21812 -0.220579 -0.220404 -0.217727 -0.215802
-0.216988 -0.21812 -0.220579 -0.220391 -0.217744 -0.215748
-0.217059 -0.218157 -0.220591 -0.220464 -0.217727 -0.215802
-0.216988 -0.21812 -0.220591 -0.220464 -0.217727 -0.215802
-0.216988 -0.21812 -0.220518 -0.220404 -0.217744 -0.215802
-0.217024 -0.218174 -0.220591 -0.220404 -0.217727 -0.215802
-0.216988 -0.21812 -0.220518 -0.220404 -0.217691 -0.215748
-0.217024 -0.21812 -0.220591 -0.220404 -0.217673 -0.215802
-0.216988 -0.21812 -0.220591 -0.220404 -0.217673 -0.215748
-0.217024 -0.218174 -0.220591 -0.220404 -0.217673 -0.215802
-0.217041 -0.218157 -0.220591 -0.220404 -0.217673 -0.215748
-0.216988 -0.21812 -0.220652 -0.220404 -0.217691 -0.215785
-0.216988 -0.218157 -0.220518 -0.220391 -0.217727 -0.215748
-0.216988 -0.218174 -0.220531 -0.220343 -0.217673 -0.215819
-0.216917 -0.218174 -0.220591 -0.220404 -0.217673 -0.215802
-0.21697 -0.218174 -0.220531 -0.220404 -0.217673 -0.215802
-0.217041 -0.218174 -0.220518 -0.220404 -0.217673 -0.215748
-0.216988 -0.21812 -0.220518 -0.220404 -0.217691 -0.215748
-0.21697 -0.218174 -0.220591 -0.220391 -0.217727 -0.215748
-0.216988 -0.218174 -0.220518 -0.220404 -0.217673 -0.215802
-0.216988 -0.21812 -0.220591 -0.220404 -0.217727 -0.215802
-0.217024 -0.218157 -0.220566 -0.220391 -0.217673 -0.215731
-0.21697 -0.21812 -0.220566 -0.220404 -0.217727 -0.215802
-0.216988 -0.21812 -0.220518 -0.220404 -0.217673 -0.215748
-0.217024 -0.218174 -0.220579 -0.220404 -0.217673 -0.215802
-0.216988 -0.218174 -0.220604 -0.220464 -0.217656 -0.215748
-0.216988 -0.218174 -0.220579 -0.220404 -0.217673 -0.215802
-0.216988 -0.218174 -0.220531 -0.220404 -0.217673 -0.215748
-0.21697 -0.218174 -0.220531 -0.220404 -0.217727 -0.215748
-0.216988 -0.218174 -0.220531 -0.220452 -0.217691 -0.215731
-0.216988 -0.218174 -0.220531 -0.220391 -0.21771 -0.215748
-0.216988 -0.21812 -0.220531 -0.220391 -0.217673 -0.215748
-0.21697 -0.21812 -0.220518 -0.220391 -0.217656 -0.215802
-0.21697 -0.218174 -0.220531 -0.220404 -0.217656 -0.215748
-0.21697 -0.218157 -0.220518 -0.220404 -0.217656 -0.215748
-0.217024 -0.218174 -0.220518 -0.220391 -0.217691 -0.215802
-0.21697 -0.218157 -0.220531 -0.220391 -0.217727 -0.215802
-0.217041 -0.218103 -0.220579 -0.220391 -0.21771 -0.215748
-0.217024 -0.218174 -0.220531 -0.220343 -0.217673 -0.215802
-0.21697 -0.218103 -0.220518 -0.220391 -0.21771 -0.215802
-0.216917 -0.218174 -0.220531 -0.220391 -0.217673 -0.215748
-0.217024 -0.218157 -0.220531 -0.220391 -0.217673 -0.215802
-0.21697 -0.21812 -0.220531 -0.220391 -0.217673 -0.215748
-0.21697 -0.218174 -0.220531 -0.220343 -0.217656 -0.215802
-0.217024 -0.218174 -0.220579 -0.220391 -0.217673 -0.215802
-0.216988 -0.218174 -0.220531 -0.220378 -0.217673 -0.215748
-0.21697 -0.218174 -0.220518 -0.22033 -0.217673 -0.215748
-0.21697 -0.218157 -0.220531 -0.220404 -0.217673 -0.215748
-0.217041 -0.218157 -0.220518 -0.220391 -0.217673 -0.215802
-0.217007 -0.218157 -0.220518 -0.220391 -0.217673 -0.215802
-0.216934 -0.218174 -0.220531 -0.220404 -0.217673 -0.215802
-0.21697 -0.218174 -0.220531 -0.220404 -0.217727 -0.215748
-0.21697 -0.218157 -0.220531 -0.220391 -0.217673 -0.215748
-0.217041 -0.218157 -0.220518 -0.220391 -0.217673 -0.215748
-0.21697 -0.21812 -0.22047 -0.22033 -0.217673 -0.215802
-0.217041 -0.218103 -0.220518 -0.220343 -0.217656 -0.215748
-0.21697 -0.21812 -0.220531 -0.220391 -0.217656 -0.215802
-0.2169 -0.218103 -0.220531 -0.220391 -0.217602 -0.215748
-0.21697 -0.218174 -0.220518 -0.22033 -0.217656 -0.215748
-0.217024 -0.218103 -0.220518 -0.220391 -0.217656 -0.215748
-0.21697 -0.21812 -0.220518 -0.220391 -0.217656 -0.215748
-0.216988 -0.218227 -0.220531 -0.220404 -0.217727 -0.215748
-0.21697 -0.218157 -0.220531 -0.220439 -0.217673 -0.215748
-0.21697 -0.218174 -0.220543 -0.220404 -0.217656 -0.215748
-0.21697 -0.218174 -0.220518 -0.220391 -0.217673 -0.215748
-0.216988 -0.218067 -0.220518 -0.220391 -0.217656 -0.215748
-0.216988 -0.218157 -0.220579 -0.220391 -0.217673 -0.215731
-0.21697 -0.218157 -0.22047 -0.220391 -0.217656 -0.215731
-0.217024 -0.21812 -0.220531 -0.22033 -0.217656 -0.215748
-0.21697 -0.218174 -0.220591 -0.220404 -0.217656 -0.215802
-0.21697 -0.218157 -0.220531 -0.220391 -0.217673 -0.215802
-0.21697 -0.21812 -0.220518 -0.220452 -0.21771 -0.215748
-0.21697 -0.218157 -0.220531 -0.220452 -0.217673 -0.215802
-0.2169 -0.21812 -0.220531 -0.220404 -0.217656 -0.215748
-0.216917 -0.218157 -0.220591 -0.220391 -0.217673 -0.215802
-0.216917 -0.218103 -0.220518 -0.220391 -0.21771 -0.215748
-0.216988 -0.218103 -0.220531 -0.220391 -0.217673 -0.215748
-0.21697 -0.218103 -0.220579 -0.220391 -0.21771 -0.215748
-0.21697 -0.218174 -0.220531 -0.220391 -0.217656 -0.215748
-0.21697 -0.218103 -0.220531 -0.220404 -0.217602 -0.215748
-0.216917 -0.21812 -0.220579 -0.22033 -0.217673 -0.215802
-0.216917 -0.218174 -0.220531 -0.220391 -0.217673 -0.215748
-0.217024 -0.218103 -0.220518 -0.22033 -0.217656 -0.215748
-0.216988 -0.218174 -0.220518 -0.220391 -0.217656 -0.215748
-0.216951 -0.218174 -0.220518 -0.220391 -0.217673 -0.215748
-0.217041 -0.218174 -0.220457 -0.220378 -0.217656 -0.215748
-0.217041 -0.21812 -0.220518 -0.220391 -0.217656 -0.215785
-0.216988 -0.218103 -0.220518 -0.220391 -0.217673 -0.215748
-0.21697 -0.21812 -0.220531 -0.22033 -0.217691 -0.215748
-0.21697 -0.218174 -0.220531 -0.220391 -0.217673 -0.215802
-0.21697 -0.218157 -0.220531 -0.220391 -0.217693 -0.215748
-0.216917 -0.218174 -0.220518 -0.220464 -0.21771 -0.215748
-0.21697 -0.21812 -0.220531 -0.220391 -0.217673 -0.215731
-0.216953 -0.218174 -0.22047 -0.220391 -0.217727 -0.215731
-0.217024 -0.218157 -0.220579 -0.220452 -0.21762 -0.215748
-0.21697 -0.218174 -0.220518 -0.220391 -0.21771 -0.215802
-0.21697 -0.21812 -0.220457 -0.220391 -0.217673 -0.215802
-0.21697 -0.218174 -0.220531 -0.220391 -0.217656 -0.215731
-0.217024 -0.218103 -0.220457 -0.220391 -0.217673 -0.215748
-0.216988 -0.218227 -0.220531 -0.220391 -0.217673 -0.215731
-0.216917 -0.21812 -0.220531 -0.220391 -0.217656 -0.215748
-0.21697 -0.21812 -0.220457 -0.220391 -0.217673 -0.215748
-0.21697 -0.218103 -0.220531 -0.220378 -0.217656 -0.215748
-0.217007 -0.21812 -0.220531 -0.22033 -0.21762 -0.215748
-0.21697 -0.218174 -0.220531 -0.220404 -0.21771 -0.215748
-0.217041 -0.218174 -0.220457 -0.220391 -0.217656 -0.215748
-0.21697 -0.218157 -0.220531 -0.220391 -0.217673 -0.215748
-0.217024 -0.218157 -0.22047 -0.220391 -0.217673 -0.215802
-0.21697 -0.218067 -0.220518 -0.220391 -0.217727 -0.215748
-0.216988 -0.21812 -0.22047 -0.220404 -0.217656 -0.215748
-0.216917 -0.21812 -0.220444 -0.220391 -0.217656 -0.215748
-0.217041 -0.218103 -0.220518 -0.220452 -0.217673 -0.215748
-0.21697 -0.21812 -0.220531 -0.220378 -0.217656 -0.215802
-0.21697 -0.21812 -0.220457 -0.220378 -0.217656 -0.215748
-0.216953 -0.21812 -0.220531 -0.220391 -0.217727 -0.215748
-0.216988 -0.218103 -0.220518 -0.220391 -0.217744 -0.215748
-0.21697 -0.218174 -0.220457 -0.220378 -0.217656 -0.215748
-0.216988 -0.21812 -0.22047 -0.220391 -0.217656 -0.215802
-0.21697 -0.218067 -0.220531 -0.220378 -0.217656 -0.215802
-0.216988 -0.218103 -0.220531 -0.22033 -0.217673 -0.215748
-0.216934 -0.218103 -0.220518 -0.220391 -0.217673 -0.215748
-0.21697 -0.218067 -0.22047 -0.220391 -0.217673 -0.215748
-0.21697 -0.21812 -0.22047 -0.220391 -0.217673 -0.215748
-0.21697 -0.21812 -0.220457 -0.220391 -0.217673 -0.215748
-0.21697 -0.218103 -0.220457 -0.220391 -0.217673 -0.215748
-0.21697 -0.21812 -0.220531 -0.22033 -0.217656 -0.215748
-0.21697 -0.218103 -0.22047 -0.220391 -0.217656 -0.215748
-0.216988 -0.218103 -0.22047 -0.220378 -0.217673 -0.215748
-0.217024 -0.218103 -0.22047 -0.220391 -0.217656 -0.215748
-0.216988 -0.218174 -0.22047 -0.220391 -0.217602 -0.215748
-0.21697 -0.21812 -0.22047 -0.220391 -0.217673 -0.215748
-0.21697 -0.21812 -0.220531 -0.220391 -0.217656 -0.215748
-0.21697 -0.218157 -0.220531 -0.220391 -0.217727 -0.215731
-0.217046 -0.21846 -0.22229 -0.222048 -0.217908 -0.215135
-0.217366 -0.2183 -0.224516 -0.225442 -0.218389 -0.214254
-0.218143 -0.217835 -0.225793 -0.226994 -0.219062 -0.213257
-0.218566 -0.217886 -0.226178 -0.226863 -0.219291 -0.212968
-0.219184 -0.218363 -0.226506 -0.227427 -0.219468 -0.213128
-0.219503 -0.219161 -0.226852 -0.227947 -0.219503 -0.213433
-0.219839 -0.219993 -0.227048 -0.228555 -0.219521 -0.213793
-0.220474 -0.220469 -0.227293 -0.228915 -0.219539 -0.214077
-0.221021 -0.220802 -0.227784 -0.229089 -0.219839 -0.214166
-0.221638 -0.221012 -0.228452 -0.229203 -0.220174 -0.214183
-0.222377 -0.221078 -0.228816 -0.229346 -0.220508 -0.214091
-0.222871 -0.221305 -0.229342 -0.229416 -0.220772 -0.213999
-0.22324 -0.221535 -0.229632 -0.229503 -0.220824 -0.214033
-0.223435 -0.221819 -0.229701 -0.229676 -0.220807 -0.214088
-0.223524 -0.222031 -0.229729 -0.229821 -0.220807 -0.214176
-0.223612 -0.222102 -0.229729 -0.229863 -0.220807 -0.214176
-0.22356 -0.222102 -0.229833 -0.229921 -0.220823 -0.214193
-0.223525 -0.222049 -0.229774 -0.229863 -0.22091 -0.214067
-0.223472 -0.222049 -0.229774 -0.229863 -0.220874 -0.214067
-0.223402 -0.221978 -0.229729 -0.229805 -0.22084 -0.214121
-0.223384 -0.221978 -0.229715 -0.229863 -0.220821 -0.214176
-0.223366 -0.22187 -0.229715 -0.229863 -0.22091 -0.214193
-0.223348 -0.221799 -0.229715 -0.229921 -0.220892 -0.214301
-0.223366 -0.22187 -0.229774 -0.229921 -0.22098 -0.214389
-0.223314 -0.221836 -0.229729 -0.229921 -0.220998 -0.214444
-0.223243 -0.221765 -0.229729 -0.229863 -0.221121 -0.214477
-0.22312 -0.221694 -0.229787 -0.229921 -0.22128 -0.214637
-0.222997 -0.221623 -0.229801 -0.229921 -0.221509 -0.214758
-0.222909 -0.221606 -0.229874 -0.229965 -0.221563 -0.214935
-0.222856 -0.221535 -0.229888 -0.229921 -0.221757 -0.215111
-0.222856 -0.221572 -0.22996 -0.229994 -0.221898 -0.215304
-0.222891 -0.221481 -0.230019 -0.230066 -0.222109 -0.215463
-0.222873 -0.22141 -0.230164 -0.230167 -0.222338 -0.215639
-0.222873 -0.22141 -0.230223 -0.230181 -0.222426 -0.215761
-0.22282 -0.22141 -0.230178 -0.230253 -0.222551 -0.215903
-0.222803 -0.221464 -0.230237 -0.230384 -0.222622 -0.216046
-0.222785 -0.221481 -0.230237 -0.230353 -0.222694 -0.216167
-0.222838 -0.22141 -0.230282 -0.230426 -0.222765 -0.216217
-0.22282 -0.22141 -0.230295 -0.230382 -0.222817 -0.216272
-0.22282 -0.221427 -0.230282 -0.230396 -0.222887 -0.216305
-0.22282 -0.22141 -0.230295 -0.230396 -0.222869 -0.216305
-0.222767 -0.22141 -0.230237 -0.230396 -0.222869 -0.21636
-0.22275 -0.221427 -0.230295 -0.230454 -0.222887 -0.216305
-0.222767 -0.221427 -0.230309 -0.230468 -0.222817 -0.216305
-0.22282 -0.221427 -0.230309 -0.230454 -0.222835 -0.216305
-0.22282 -0.22141 -0.230295 -0.230396 -0.222835 -0.216251
-0.222925 -0.221427 -0.230295 -0.230454 -0.222835 -0.216251
-0.22282 -0.221427 -0.230309 -0.230382 -0.222835 -0.216251
-0.22282 -0.221427 -0.230295 -0.230396 -0.222817 -0.216234
-0.22282 -0.221427 -0.230295 -0.23044 -0.222835 -0.216234
-0.22289 -0.221481 -0.230295 -0.23044 -0.222817 -0.216234
-0.222855 -0.221481 -0.230309 -0.230382 -0.222835 -0.216234
-0.222873 -0.221481 -0.230295 -0.230454 -0.222835 -0.216234
-0.222873 -0.221464 -0.230295 -0.230498 -0.222835 -0.216234
-0.22282 -0.221427 -0.230368 -0.230454 -0.222887 -0.216234
-0.22282 -0.221427 -0.230354 -0.230382 -0.222835 -0.216234
-0.222873 -0.221427 -0.230295 -0.230512 -0.222887 -0.216289
-0.22282 -0.221481 -0.230309 -0.230396 -0.222835 -0.216289
-0.222873 -0.221427 -0.230309 -0.230454 -0.222887 -0.216289
-0.222855 -0.22141 -0.230309 -0.230454 -0.222887 -0.216234
-0.222873 -0.221427 -0.230309 -0.230382 -0.222887 -0.216305
-0.22282 -0.221481 -0.230295 -0.230454 -0.222905 -0.216251
-0.22282 -0.221427 -0.230309 -0.230454 -0.222905 -0.216305
-0.22282 -0.22141 -0.230368 -0.230396 -0.222976 -0.216305
-0.222802 -0.221427 -0.230295 -0.23044 -0.222923 -0.216289
-0.22282 -0.221373 -0.230309 -0.230454 -0.222923 -0.216289
-0.222873 -0.221427 -0.230382 -0.230454 -0.222976 -0.216305
-0.222873 -0.221427 -0.230368 -0.230454 -0.222923 -0.216305
-0.222855 -0.221427 -0.230323 -0.230396 -0.222905 -0.216289
-0.222873 -0.221427 -0.230323 -0.23044 -0.222923 -0.216289
-0.22289 -0.221481 -0.230427 -0.230512 -0.222923 -0.216305
-0.222873 -0.221427 -0.230368 -0.230454 -0.222923 -0.216305
-0.222855 -0.221427 -0.230382 -0.230454 -0.222905 -0.216289
-0.222873 -0.221427 -0.230368 -0.230454 -0.222871 -0.216305
-0.222802 -0.22141 -0.230368 -0.230468 -0.222853 -0.216305
-0.222873 -0.221427 -0.230309 -0.230454 -0.222905 -0.216305
-0.222873 -0.221427 -0.230251 -0.230468 -0.222923 -0.216305
-0.222873 -0.221427 -0.230309 -0.230454 -0.222871 -0.216305
-0.222873 -0.221427 -0.230251 -0.230454 -0.222923 -0.216289
-0.22282 -0.221427 -0.230309 -0.230454 -0.222923 -0.216289
-0.222873 -0.221427 -0.230382 -0.230454 -0.222976 -0.216305
-0.22282 -0.221481 -0.230323 -0.23044 -0.222976 -0.216305
-0.222802 -0.221427 -0.230382 -0.230454 -0.222941 -0.216289
-0.222873 -0.221427 -0.230309 -0.230512 -0.222941 -0.216289
-0.22282 -0.22141 -0.230382 -0.230454 -0.222871 -0.216289
-0.222873 -0.22141 -0.230382 -0.230468 -0.222941 -0.21636
-0.222802 -0.221427 -0.230309 -0.230454 -0.222889 -0.216343
-0.222873 -0.221427 -0.230382 -0.23044 -0.222941 -0.216305
-0.222873 -0.221427 -0.230323 -0.230512 -0.222941 -0.21636
-0.22282 -0.221427 -0.230427 -0.230454 -0.222941 -0.216305
-0.222873 -0.221373 -0.230382 -0.230454 -0.222923 -0.216305
-0.222873 -0.221427 -0.230309 -0.230396 -0.222941 -0.216289
-0.222873 -0.221464 -0.230323 -0.230498 -0.222941 -0.216289
-0.222873 -0.221427 -0.230382 -0.23044 -0.222923 -0.21636
-0.22282 -0.221427 -0.230323 -0.230454 -0.222941 -0.216289
-0.22282 -0.221427 -0.230382 -0.23044 -0.222993 -0.216289
-0.222873 -0.221427 -0.230382 -0.230454 -0.222871 -0.216289
-0.222873 -0.221481 -0.230382 -0.230396 -0.222923 -0.216289
-0.22282 -0.22141 -0.230382 -0.230512 -0.222906 -0.216289
-0.22282 -0.22141 -0.230382 -0.230512 -0.222941 -0.216289
-0.222855 -0.221427 -0.230396 -0.23044 -0.222941 -0.216305
-0.222855 -0.22141 -0.230396 -0.23044 -0.222959 -0.216305
-0.222873 -0.221427 -0.230396 -0.230454 -0.222959 -0.21636
-0.22282 -0.22141 -0.230396 -0.23044 -0.223029 -0.216343
-0.22282 -0.22141 -0.230396 -0.230512 -0.222977 -0.21636
-0.222873 -0.22141 -0.230409 -0.230454 -0.222959 -0.216305
-0.222873 -0.221427 -0.230351 -0.23044 -0.223011 -0.216343
-0.222873 -0.22141 -0.230437 -0.230512 -0.222977 -0.216343
-0.22282 -0.221427 -0.230464 -0.23044 -0.223047 -0.216343
-0.22289 -0.221356 -0.230464 -0.230512 -0.222995 -0.216343
-0.22282 -0.22141 -0.230478 -0.230512 -0.222995 -0.216343
-0.222802 -0.22141 -0.230492 -0.23044 -0.222995 -0.216398
-0.22289 -0.22141 -0.230492 -0.23044 -0.222995 -0.216343
-0.222873 -0.221464 -0.230492 -0.230571 -0.222995 -0.216398
-0.222873 -0.221464 -0.230447 -0.230498 -0.223065 -0.216398
-0.222838 -0.221447 -0.230505 -0.230571 -0.223013 -0.216452
-0.222873 -0.22141 -0.230519 -0.230571 -0.22303 -0.216506
-0.22282 -0.221393 -0.230519 -0.230629 -0.223083 -0.216506
-0.222767 -0.221393 -0.230519 -0.230557 -0.223101 -0.216578
-0.22282 -0.221447 -0.230519 -0.230629 -0.223101 -0.216506
-0.22282 -0.221464 -0.230519 -0.230571 -0.223048 -0.216561
-0.22282 -0.221447 -0.230533 -0.230557 -0.223101 -0.216615
-0.222767 -0.221447 -0.230474 -0.230615 -0.223136 -0.216561
-0.222838 -0.221501 -0.230487 -0.230615 -0.223136 -0.216632
-0.222785 -0.221484 -0.23056 -0.230629 -0.223172 -0.216615
-0.222838 -0.221501 -0.230574 -0.230673 -0.223172 -0.216615
-0.222785 -0.22143 -0.230574 -0.230687 -0.223155 -0.216669
-0.222803 -0.221484 -0.230601 -0.230673 -0.223261 -0.216669
-0.222803 -0.221467 -0.230601 -0.230731 -0.223279 -0.216795
-0.222803 -0.221484 -0.230615 -0.230804 -0.223279 -0.216778
-0.222838 -0.221504 -0.230642 -0.230862 -0.223244 -0.216832
-0.222838 -0.221521 -0.230642 -0.230848 -0.223314 -0.216886
-0.222838 -0.221521 -0.230655 -0.230775 -0.223332 -0.216815
-0.222873 -0.221504 -0.230714 -0.230775 -0.22342 -0.216886
-0.222873 -0.221487 -0.230669 -0.230819 -0.223437 -0.216869
-0.222785 -0.221487 -0.230669 -0.230834 -0.22342 -0.216852
-0.222838 -0.221523 -0.230682 -0.230819 -0.223543 -0.216923
-0.222856 -0.221523 -0.230696 -0.230819 -0.223508 -0.216906
-0.222856 -0.221523 -0.230709 -0.230819 -0.223508 -0.21696
-0.222926 -0.221523 -0.230736 -0.230877 -0.223526 -0.21696
-0.222874 -0.22156 -0.230809 -0.230863 -0.223543 -0.21696
-0.222891 -0.221577 -0.230777 -0.230863 -0.223526 -0.21696
-0.222891 -0.221577 -0.230849 -0.230863 -0.223526 -0.21696
-0.222926 -0.22156 -0.230803 -0.230877 -0.22349 -0.21696
-0.222944 -0.22156 -0.230876 -0.230863 -0.223526 -0.216997
-0.222891 -0.221667 -0.230844 -0.230921 -0.223543 -0.216997
-0.222926 -0.221613 -0.230857 -0.230863 -0.223543 -0.216997
-0.222891 -0.22156 -0.230884 -0.230921 -0.223596 -0.216997
-0.222962 -0.221613 -0.230937 -0.230921 -0.223561 -0.216997
-0.222962 -0.22156 -0.23095 -0.230921 -0.223561 -0.217034
-0.223085 -0.221276 -0.230685 -0.231875 -0.223737 -0.216642
-0.223631 -0.220391 -0.229863 -0.233916 -0.224424 -0.215633
-0.223648 -0.220112 -0.229479 -0.234324 -0.224547 -0.215303
-0.223894 -0.219885 -0.229121 -0.234771 -0.224723 -0.215116
-0.224139 -0.219678 -0.228405 -0.235202 -0.224951 -0.21455
-0.224261 -0.218638 -0.226751 -0.235576 -0.225197 -0.213208
-0.224417 -0.216619 -0.224481 -0.235734 -0.225284 -0.211142
-0.22454 -0.213339 -0.221189 -0.235864 -0.225477 -0.207938
-0.224874 -0.208943 -0.216637 -0.235734 -0.225477 -0.20351
-0.22496 -0.20328 -0.210751 -0.235676 -0.225477 -0.197932
-0.224799 -0.196612 -0.203646 -0.235676 -0.225388 -0.19126
-0.22462 -0.188697 -0.19554 -0.235575 -0.225157 -0.183498
-0.224422 -0.180006 -0.186811 -0.235359 -0.224925 -0.175054
-0.22433 -0.170455 -0.177229 -0.235142 -0.224657 -0.165737
-0.22406 -0.160499 -0.167268 -0.235039 -0.224458 -0.155824
-0.22388 -0.150066 -0.157302 -0.23498 -0.224155 -0.145441
-0.223713 -0.139675 -0.147858 -0.234861 -0.223884 -0.134979
-0.223653 -0.129646 -0.139105 -0.234655 -0.223704 -0.124875
-0.223577 -0.120101 -0.131251 -0.234549 -0.223558 -0.115193
-0.223478 -0.111277 -0.124541 -0.234474 -0.22334 -0.106403
-0.223521 -0.103368 -0.118889 -0.234479 -0.223138 -0.0984822
-0.223469 -0.0967052 -0.114126 -0.234555 -0.22299 -0.0917078
-0.223335 -0.091414 -0.110304 -0.234636 -0.222842 -0.0864001
-0.223233 -0.0878938 -0.107193 -0.234813 -0.222648 -0.0829053
-0.223026 -0.0859841 -0.105176 -0.235035 -0.222515 -0.0813084
-0.222834 -0.085636 -0.104595 -0.235367 -0.222342 -0.0812186
-0.222698 -0.0867544 -0.104997 -0.235517 -0.222357 -0.0822096
-0.222776 -0.0892594 -0.106793 -0.235682 -0.222262 -0.0845631
-0.222751 -0.0930979 -0.110086 -0.235848 -0.222199 -0.0884913
-0.22271 -0.0982691 -0.114663 -0.235973 -0.22235 -0.0937664
-0.222628 -0.104611 -0.120405 -0.236099 -0.222365 -0.100203
-0.222587 -0.111863 -0.127256 -0.236209 -0.222325 -0.107642
-0.222562 -0.119739 -0.134952 -0.236264 -0.222325 -0.115753
-0.222433 -0.128182 -0.142972 -0.236264 -0.222413 -0.124252
-0.22232 -0.136699 -0.151036 -0.236248 -0.222428 -0.132742
-0.222094 -0.145539 -0.159335 -0.236193 -0.222373 -0.141446
-0.222022 -0.153965 -0.167267 -0.236199 -0.222261 -0.149795
-0.221044 -0.162824 -0.176951 -0.234506 -0.221287 -0.158686
-0.219826 -0.173436 -0.191937 -0.23229 -0.219685 -0.169734
-0.219014 -0.184297 -0.207321 -0.230914 -0.218693 -0.181047
-0.217602 -0.194631 -0.221788 -0.228533 -0.217186 -0.191704
-0.215505 -0.203955 -0.227295 -0.225628 -0.215123 -0.201699
-0.214098 -0.211241 -0.227679 -0.221602 -0.21342 -0.207888
-0.211404 -0.210034 -0.224573 -0.216656 -0.210494 -0.205253
-0.20664 -0.211394 -0.222397 -0.213212 -0.207152 -0.205297
-0.201649 -0.211623 -0.218861 -0.211057 -0.201962 -0.205956
-0.196453 -0.211655 -0.217362 -0.207821 -0.195922 -0.206616
-0.190854 -0.211322 -0.216472 -0.202996 -0.190818 -0.205865
-0.184641 -0.211984 -0.215376 -0.195593 -0.1848 -0.205233
-0.177351 -0.212445 -0.215662 -0.187073 -0.177308 -0.205125
-0.168877 -0.212376 -0.216075 -0.178083 -0.16866 -0.205511
-0.159394 -0.212493 -0.216819 -0.169014 -0.159242 -0.206136
-0.149044 -0.213165 -0.21767 -0.159965 -0.149477 -0.207088
-0.138459 -0.214571 -0.218307 -0.151247 -0.13943 -0.208492
-0.128133 -0.216329 -0.2193 -0.142922 -0.129238 -0.210287
-0.118415 -0.218002 -0.220628 -0.135324 -0.119505 -0.211993
-0.109949 -0.219605 -0.22207 -0.128714 -0.110601 -0.213397
-0.102447 -0.221022 -0.223533 -0.12281 -0.102859 -0.214705
-0.0961269 -0.222569 -0.22511 -0.117372 -0.0962805 -0.215943
-0.0910152 -0.223857 -0.226864 -0.112632 -0.0910239 -0.217152
-0.0874931 -0.224908 -0.228328 -0.108924 -0.0874109 -0.218155
-0.086132 -0.225806 -0.229849 -0.106835 -0.0854711 -0.219052
-0.0860826 -0.226903 -0.230974 -0.105741 -0.0852173 -0.220082
-0.0872999 -0.227814 -0.231918 -0.106218 -0.0864177 -0.221187
-0.0902672 -0.228663 -0.232732 -0.108038 -0.0891819 -0.222232
-0.0934598 -0.229266 -0.233239 -0.110677 -0.0924062 -0.222795
-0.0986777 -0.230058 -0.233914 -0.115133 -0.097447 -0.223319
-0.105101 -0.230488 -0.234441 -0.120751 -0.10377 -0.223616
-0.112394 -0.23074 -0.234625 -0.127367 -0.110969 -0.223885
-0.1202 -0.230814 -0.235147 -0.134738 -0.118978 -0.223888
-0.128465 -0.230683 -0.235314 -0.14268 -0.127508 -0.223799
-0.136837 -0.230511 -0.235416 -0.15115 -0.136206 -0.223576
-0.145125 -0.230411 -0.235472 -0.15969 -0.14481 -0.223224
-0.153229 -0.230217 -0.235417 -0.168076 -0.153082 -0.222871
-0.16167 -0.229416 -0.234228 -0.177966 -0.161418 -0.221927
-0.172295 -0.227786 -0.230908 -0.192926 -0.172341 -0.219987
-0.183417 -0.226589 -0.228995 -0.206734 -0.183893 -0.218712
-0.192619 -0.225338 -0.227121 -0.219787 -0.194201 -0.217458
-0.20095 -0.223558 -0.224589 -0.230988 -0.204395 -0.215228
-0.208522 -0.220808 -0.221345 -0.231706 -0.21251 -0.212268
-0.211074 -0.218117 -0.217737 -0.230071 -0.211022 -0.209527
-0.211282 -0.212783 -0.214052 -0.227762 -0.210717 -0.20586
-0.211551 -0.208188 -0.211999 -0.224813 -0.211444 -0.20126
-0.211622 -0.203656 -0.208545 -0.222488 -0.212163 -0.196241
-0.211867 -0.198486 -0.202996 -0.221252 -0.212178 -0.191116
-0.21209 -0.192315 -0.195562 -0.220019 -0.21224 -0.185266
-0.212476 -0.185348 -0.187125 -0.220053 -0.21237 -0.178131
-0.212722 -0.177119 -0.178044 -0.220242 -0.212636 -0.169989
-0.213038 -0.168095 -0.168972 -0.22074 -0.213306 -0.160989
-0.213841 -0.158697 -0.159987 -0.221369 -0.214222 -0.151639
-0.215282 -0.148872 -0.150934 -0.222067 -0.215503 -0.141897
-0.216926 -0.139207 -0.142408 -0.222769 -0.21703 -0.132046
-0.218584 -0.129862 -0.134545 -0.223406 -0.218762 -0.122451
-0.220373 -0.12142 -0.127662 -0.22433 -0.220493 -0.113686
-0.221971 -0.113902 -0.121537 -0.225646 -0.222027 -0.105992
-0.223246 -0.107472 -0.11628 -0.226889 -0.223378 -0.0993682
-0.224316 -0.102243 -0.111722 -0.228322 -0.224338 -0.0940347
-0.225246 -0.0984533 -0.108285 -0.229765 -0.22531 -0.0902041
-0.226065 -0.0962788 -0.106207 -0.231187 -0.226123 -0.0881972
-0.226668 -0.0954968 -0.105942 -0.232414 -0.226994 -0.0878629
-0.227296 -0.0961249 -0.106531 -0.233335 -0.227768 -0.0885236
-0.22808 -0.0982241 -0.108453 -0.234065 -0.228664 -0.0905564
-0.228717 -0.10175 -0.111744 -0.234636 -0.229169 -0.0941236
-0.229052 -0.106703 -0.116239 -0.235181 -0.229637 -0.0990445
-0.229105 -0.114268 -0.123376 -0.235948 -0.230029 -0.106539
-0.229015 -0.121448 -0.130382 -0.23638 -0.230051 -0.114143
-0.228925 -0.129256 -0.138268 -0.236697 -0.23003 -0.122692
-0.228938 -0.137449 -0.146761 -0.236699 -0.229992 -0.131285
-0.228846 -0.146215 -0.155306 -0.236723 -0.229812 -0.13986
-0.228668 -0.154848 -0.16343 -0.236793 -0.229485 -0.148335
-0.228419 -0.163287 -0.17129 -0.236749 -0.229102 -0.156507
-0.227324 -0.171896 -0.180706 -0.235059 -0.228034 -0.165259
-0.226005 -0.181847 -0.194462 -0.232434 -0.226599 -0.17583
-0.225019 -0.191721 -0.208708 -0.230673 -0.22544 -0.186594
-0.223688 -0.201026 -0.221989 -0.228278 -0.223913 -0.196574
-0.221437 -0.208637 -0.231497 -0.225475 -0.221558 -0.206244
-0.218523 -0.207675 -0.231916 -0.222306 -0.218674 -0.207082
-0.214541 -0.206816 -0.228785 -0.220042 -0.214396 -0.206268
-0.211076 -0.207036 -0.227307 -0.216908 -0.210839 -0.206026
-0.206607 -0.206923 -0.225423 -0.213476 -0.206288 -0.206185
-0.20178 -0.206625 -0.223787 -0.209476 -0.201846 -0.205817
-0.195904 -0.206625 -0.222925 -0.203667 -0.196384 -0.205412
-0.18911 -0.207139 -0.222734 -0.196337 -0.189849 -0.205252
-0.182944 -0.207407 -0.222734 -0.189867 -0.183627 -0.205367
-0.17259 -0.207768 -0.223014 -0.179236 -0.173053 -0.205641
-0.163075 -0.208365 -0.223317 -0.169951 -0.163709 -0.206295
-0.15296 -0.209323 -0.223824 -0.160515 -0.15383 -0.207265
-0.142791 -0.210469 -0.224532 -0.151552 -0.143887 -0.208809
-0.132635 -0.212069 -0.225305 -0.143176 -0.134076 -0.210554
-0.122976 -0.213876 -0.226124 -0.135505 -0.124855 -0.212146
-0.114481 -0.215692 -0.227276 -0.128933 -0.116246 -0.213782
-0.107217 -0.217258 -0.228339 -0.123075 -0.108587 -0.215277
-0.101285 -0.218507 -0.229621 -0.11807 -0.102119 -0.216587
-0.0967581 -0.219853 -0.231162 -0.113637 -0.0970982 -0.217754
-0.0940178 -0.220902 -0.232405 -0.110135 -0.0938766 -0.218715
-0.0929089 -0.22197 -0.233867 -0.107884 -0.0922498 -0.219641
-0.0931329 -0.223018 -0.234748 -0.106948 -0.0922781 -0.220518
-0.0947144 -0.224073 -0.235329 -0.107819 -0.0937576 -0.221672
-0.0978531 -0.225075 -0.236122 -0.110153 -0.0966346 -0.222669
-0.102264 -0.225916 -0.236563 -0.113918 -0.101139 -0.223484
-0.107708 -0.226424 -0.236933 -0.118762 -0.106709 -0.224004
-0.114035 -0.226884 -0.237441 -0.124721 -0.113398 -0.224278
-0.121285 -0.227247 -0.237664 -0.131569 -0.121117 -0.224416
-0.129456 -0.227494 -0.237731 -0.138886 -0.12921 -0.224486
-0.137985 -0.227576 -0.237918 -0.146971 -0.137609 -0.224374
-0.146535 -0.227553 -0.237845 -0.155424 -0.145996 -0.224262
-0.154799 -0.227455 -0.237628 -0.163761 -0.154445 -0.224193
-0.162762 -0.227026 -0.237509 -0.172507 -0.162717 -0.223852
-0.17166 -0.22554 -0.235085 -0.184005 -0.171947 -0.222386
-0.182411 -0.223863 -0.232195 -0.198541 -0.18306 -0.220943
-0.192611 -0.223011 -0.23026 -0.211938 -0.193322 -0.219916
-0.201504 -0.221755 -0.22775 -0.224441 -0.202428 -0.218468
-0.209416 -0.219455 -0.225006 -0.230583 -0.211247 -0.215825
-0.214619 -0.217186 -0.221682 -0.230315 -0.213074 -0.213089
-0.214483 -0.213257 -0.218751 -0.228524 -0.212327 -0.209535
-0.21498 -0.209138 -0.216261 -0.226226 -0.212339 -0.205819
-0.214642 -0.205013 -0.213806 -0.224444 -0.213071 -0.201015
-0.214609 -0.200482 -0.209455 -0.223885 -0.212951 -0.196719
-0.214999 -0.194697 -0.202973 -0.222624 -0.212688 -0.191343
-0.21554 -0.188001 -0.195243 -0.222627 -0.212854 -0.184612
-0.215836 -0.18016 -0.187039 -0.222856 -0.213184 -0.176767
-0.216402 -0.171571 -0.178367 -0.223183 -0.214003 -0.168211
-0.217463 -0.16218 -0.169249 -0.223436 -0.214817 -0.158938
-0.219063 -0.152448 -0.159946 -0.223757 -0.216138 -0.14926
-0.220729 -0.142718 -0.150832 -0.224478 -0.217735 -0.139407
-0.222123 -0.133307 -0.142192 -0.225199 -0.219363 -0.129706
-0.22367 -0.124543 -0.134208 -0.226461 -0.220652 -0.120597
-0.224984 -0.116635 -0.127042 -0.227785 -0.221644 -0.112554
-0.226244 -0.109613 -0.120667 -0.229173 -0.222562 -0.105252
-0.22705 -0.103497 -0.115631 -0.230715 -0.223464 -0.0988792
-0.227933 -0.0985601 -0.111653 -0.232158 -0.224398 -0.0937781
-0.228835 -0.0951518 -0.10898 -0.233573 -0.22518 -0.0904759
-0.229745 -0.0932467 -0.107588 -0.234872 -0.225873 -0.0891229
-0.230389 -0.0927616 -0.107567 -0.235921 -0.226647 -0.0890928
-0.230984 -0.0937165 -0.108356 -0.236867 -0.227373 -0.0901576
-0.231735 -0.0959318 -0.110581 -0.237383 -0.228063 -0.0926135
-0.232451 -0.099802 -0.114311 -0.237968 -0.22854 -0.0966039
-0.232982 -0.105 -0.119425 -0.238545 -0.228999 -0.101881
-0.233068 -0.111435 -0.125752 -0.238962 -0.229473 -0.108358
-0.233104 -0.118712 -0.132876 -0.239592 -0.229575 -0.116152
-0.233158 -0.12661 -0.140802 -0.239942 -0.229607 -0.124798
-0.233091 -0.135076 -0.149178 -0.240019 -0.229552 -0.133433
-0.233015 -0.143876 -0.157566 -0.24016 -0.22962 -0.141902
-0.232877 -0.15261 -0.165927 -0.240242 -0.229561 -0.150263
-0.232763 -0.161032 -0.173923 -0.240162 -0.229484 -0.158374
-0.231881 -0.169868 -0.184207 -0.237978 -0.228392 -0.167466
-0.230785 -0.180194 -0.198028 -0.235396 -0.227074 -0.178164
-0.229782 -0.190446 -0.211514 -0.233394 -0.225755 -0.188944
-0.228361 -0.200527 -0.223728 -0.231067 -0.224063 -0.199137
-0.225745 -0.209785 -0.233589 -0.228479 -0.22162 -0.209236
-0.223085 -0.216239 -0.234013 -0.224819 -0.218791 -0.213258
-0.21935 -0.215569 -0.231341 -0.221643 -0.215116 -0.211262
-0.214711 -0.215585 -0.229011 -0.217733 -0.21151 -0.210395
-0.209089 -0.215503 -0.226035 -0.213406 -0.205066 -0.210555
-0.203779 -0.215252 -0.224349 -0.209303 -0.199761 -0.210094
-0.197548 -0.214831 -0.223364 -0.203388 -0.194019 -0.209554
-0.190512 -0.215185 -0.22282 -0.195826 -0.187212 -0.209279
-0.18257 -0.215232 -0.222675 -0.187461 -0.179505 -0.208914
-0.173725 -0.215257 -0.222846 -0.178416 -0.170726 -0.209163
-0.164189 -0.215279 -0.223175 -0.169204 -0.161279 -0.209685
-0.154035 -0.215782 -0.223731 -0.160119 -0.15158 -0.210522
-0.143833 -0.216824 -0.224376 -0.151353 -0.141713 -0.211857
-0.133802 -0.218252 -0.225093 -0.143248 -0.132055 -0.213414
-0.124476 -0.219905 -0.225928 -0.135774 -0.122717 -0.215012
-0.116362 -0.221528 -0.226694 -0.129316 -0.114225 -0.21663
-0.109573 -0.222884 -0.227793 -0.123648 -0.106922 -0.217974
-0.104132 -0.224032 -0.229082 -0.118768 -0.100914 -0.219126
-0.100227 -0.224928 -0.230413 -0.114527 -0.0965526 -0.220146
-0.0980845 -0.225755 -0.231875 -0.111251 -0.0939262 -0.220874
-0.0973855 -0.226605 -0.232977 -0.109291 -0.0927583 -0.221733
-0.097655 -0.22746 -0.233802 -0.109148 -0.0932238 -0.222608
-0.0993152 -0.228385 -0.234421 -0.11069 -0.0948961 -0.223589
-0.102454 -0.229239 -0.234749 -0.113619 -0.0981855 -0.224706
-0.107032 -0.229935 -0.235229 -0.117697 -0.102735 -0.225457
-0.1128 -0.230268 -0.235707 -0.122972 -0.108571 -0.22585
-0.119709 -0.230268 -0.236048 -0.129266 -0.115475 -0.226017
-0.127469 -0.230311 -0.236317 -0.136438 -0.123591 -0.226004
-0.135843 -0.230486 -0.236302 -0.144008 -0.131967 -0.225927
-0.144424 -0.230389 -0.236199 -0.15219 -0.140326 -0.225773
-0.152861 -0.230199 -0.235867 -0.160696 -0.148683 -0.225791
-0.160931 -0.23014 -0.235531 -0.169162 -0.156993 -0.22557
-0.168777 -0.229856 -0.235434 -0.177823 -0.1651 -0.225071
-0.17815 -0.228386 -0.232409 -0.19008 -0.174799 -0.22358
-0.189063 -0.227141 -0.229329 -0.203762 -0.186177 -0.222054
-0.198205 -0.226062 -0.227422 -0.215952 -0.196186 -0.220899
-0.205841 -0.224321 -0.225002 -0.227452 -0.205419 -0.219186
-0.212265 -0.222161 -0.221712 -0.228673 -0.21316 -0.21665
-0.21399 -0.21964 -0.218549 -0.226719 -0.212159 -0.21376
-0.214082 -0.215271 -0.215343 -0.224353 -0.211613 -0.210746
-0.214627 -0.210968 -0.213258 -0.221552 -0.212313 -0.206595
-0.214751 -0.206722 -0.210283 -0.219793 -0.213193 -0.201727
-0.214935 -0.20171 -0.205128 -0.218599 -0.213296 -0.196751
-0.215228 -0.19549 -0.198121 -0.217561 -0.213213 -0.190884
-0.215701 -0.18853 -0.189958 -0.217761 -0.213433 -0.183804
-0.215942 -0.180457 -0.181359 -0.217891 -0.213779 -0.175742
-0.216429 -0.171515 -0.172531 -0.218259 -0.214489 -0.166902
-0.217407 -0.162085 -0.163539 -0.218683 -0.215414 -0.157608
-0.218877 -0.152322 -0.154499 -0.219201 -0.216871 -0.148087
-0.220329 -0.142597 -0.145589 -0.219846 -0.218426 -0.138404
-0.221954 -0.133225 -0.137324 -0.220624 -0.219939 -0.128966
-0.223494 -0.124655 -0.129741 -0.22173 -0.221406 -0.120233
-0.224958 -0.116967 -0.123218 -0.222864 -0.222827 -0.1123
-0.225973 -0.110134 -0.117558 -0.224313 -0.223882 -0.105372
-0.227107 -0.104291 -0.112906 -0.225781 -0.224839 -0.0995035
-0.22806 -0.0998822 -0.109233 -0.227122 -0.225895 -0.0949186
-0.228997 -0.0969492 -0.106773 -0.228319 -0.226801 -0.092277
-0.229738 -0.0953749 -0.105884 -0.229352 -0.227695 -0.0913695
-0.230609 -0.0954649 -0.106042 -0.230382 -0.228636 -0.0916721
-0.231363 -0.097006 -0.107171 -0.231051 -0.229558 -0.0932091
-0.23227 -0.0999396 -0.109791 -0.231673 -0.230142 -0.0961441
-0.232891 -0.104464 -0.113806 -0.23216 -0.23062 -0.100465
-0.233227 -0.110189 -0.119053 -0.232711 -0.231024 -0.106052
-0.233387 -0.116938 -0.125545 -0.233235 -0.23115 -0.112899
-0.233402 -0.124275 -0.132998 -0.233673 -0.231374 -0.121022
-0.233573 -0.132249 -0.141405 -0.233973 -0.231333 -0.129344
-0.233654 -0.140918 -0.149833 -0.234078 -0.231291 -0.137789
-0.233527 -0.149604 -0.158119 -0.234244 -0.231405 -0.14617
-0.2334 -0.158324 -0.166256 -0.234306 -0.231256 -0.154441
-0.233126 -0.166642 -0.174079 -0.234112 -0.230993 -0.162524
-0.231782 -0.175783 -0.185333 -0.231648 -0.229544 -0.171919
-0.230511 -0.185786 -0.199796 -0.229481 -0.228174 -0.182417
-0.229332 -0.195455 -0.21328 -0.227719 -0.226701 -0.192435
-0.227544 -0.204788 -0.225995 -0.225194 -0.224935 -0.20207
-0.225186 -0.212648 -0.234547 -0.221906 -0.221924 -0.210873
-0.222279 -0.214576 -0.23504 -0.218263 -0.2185 -0.209424
-0.217165 -0.213617 -0.231953 -0.21538 -0.215016 -0.208
-0.213566 -0.213447 -0.229766 -0.211789 -0.211173 -0.207446
-0.20843 -0.213502 -0.228151 -0.208303 -0.206092 -0.207315
-0.203615 -0.212883 -0.226618 -0.20397 -0.201181 -0.206753
-0.197432 -0.21252 -0.225174 -0.197502 -0.195196 -0.206319
-0.190503 -0.213576 -0.224711 -0.189972 -0.188368 -0.206438
-0.182246 -0.213607 -0.224505 -0.18159 -0.180116 -0.206559
-0.17352 -0.213705 -0.224682 -0.172543 -0.171285 -0.207013
-0.163841 -0.21403 -0.225107 -0.163348 -0.161997 -0.207695
-0.153845 -0.214944 -0.225403 -0.154223 -0.152335 -0.208556
-0.143678 -0.216145 -0.225867 -0.145724 -0.142302 -0.209938
-0.131817 -0.217936 -0.22691 -0.136518 -0.130431 -0.211884
-0.122954 -0.219611 -0.227608 -0.12991 -0.121542 -0.213398
-0.115136 -0.221123 -0.228552 -0.124111 -0.113372 -0.214774
-0.10862 -0.222479 -0.229717 -0.11886 -0.106335 -0.216058
-0.103337 -0.223493 -0.230828 -0.114366 -0.100858 -0.217119
-0.0999376 -0.224439 -0.232202 -0.11048 -0.0968416 -0.218133
-0.0981023 -0.225132 -0.23353 -0.107512 -0.0946905 -0.218923
-0.0976453 -0.225895 -0.234632 -0.106006 -0.094033 -0.219532
-0.0982826 -0.226748 -0.235668 -0.105932 -0.0950289 -0.220208
-0.100459 -0.227468 -0.236173 -0.107104 -0.0972744 -0.221061
-0.10406 -0.228211 -0.236658 -0.109871 -0.10093 -0.221864
-0.108922 -0.229015 -0.237001 -0.114138 -0.10576 -0.222681
-0.114749 -0.229547 -0.237203 -0.119488 -0.111806 -0.22334
-0.121868 -0.229853 -0.237453 -0.126059 -0.119044 -0.223699
-0.129843 -0.230089 -0.237615 -0.13305 -0.127287 -0.223813
-0.138447 -0.23028 -0.23777 -0.140744 -0.135805 -0.223815
-0.147055 -0.230199 -0.237748 -0.14885 -0.144325 -0.223821
-0.155518 -0.22998 -0.237792 -0.157139 -0.152685 -0.223879
-0.163517 -0.22987 -0.237396 -0.165741 -0.160922 -0.223769
-0.171733 -0.229332 -0.236363 -0.175378 -0.169489 -0.222978
-0.181863 -0.227981 -0.23307 -0.19001 -0.180119 -0.221385
-0.19259 -0.227116 -0.230757 -0.203713 -0.191187 -0.220231
-0.201309 -0.225976 -0.228452 -0.21669 -0.200925 -0.219252
-0.208647 -0.224103 -0.225934 -0.226903 -0.210013 -0.217224
-0.215247 -0.221888 -0.222772 -0.227294 -0.215427 -0.214245
-0.215002 -0.218754 -0.219623 -0.224545 -0.214076 -0.211295
-0.215682 -0.214387 -0.216116 -0.222464 -0.214283 -0.208064
-0.21561 -0.210297 -0.214291 -0.219573 -0.21508 -0.203506
-0.215796 -0.206107 -0.210941 -0.217898 -0.216027 -0.199001
-0.215937 -0.200578 -0.205205 -0.216749 -0.216009 -0.193846
-0.216091 -0.194151 -0.197849 -0.21601 -0.216107 -0.187563
-0.216238 -0.186684 -0.189526 -0.216103 -0.216285 -0.180177
-0.216487 -0.178351 -0.180771 -0.216326 -0.216637 -0.171796
-0.217009 -0.169292 -0.171918 -0.216733 -0.217345 -0.162796
-0.218134 -0.159773 -0.162851 -0.217185 -0.218312 -0.153213
-0.219508 -0.149965 -0.153797 -0.217723 -0.21974 -0.143372
-0.221064 -0.140452 -0.144922 -0.218561 -0.221382 -0.133597
-0.222651 -0.131481 -0.136685 -0.21966 -0.222764 -0.124264
-0.223909 -0.123216 -0.129202 -0.220901 -0.223922 -0.115879
-0.224975 -0.115886 -0.122614 -0.222194 -0.22498 -0.10814
-0.226047 -0.10941 -0.117237 -0.223777 -0.226062 -0.101373
-0.227029 -0.103968 -0.112934 -0.225054 -0.226993 -0.0958007
-0.227911 -0.0999615 -0.109585 -0.226258 -0.227969 -0.0916385
-0.228727 -0.0973851 -0.107715 -0.227494 -0.228913 -0.0893148
-0.229325 -0.0959855 -0.107156 -0.228656 -0.229583 -0.0887763
-0.229929 -0.096357 -0.10766 -0.229569 -0.23031 -0.0891783
-0.23065 -0.0982632 -0.109278 -0.23032 -0.230977 -0.0909844
-0.23133 -0.101528 -0.112374 -0.230932 -0.231489 -0.0943192
-0.231758 -0.106266 -0.116786 -0.231483 -0.231911 -0.0990536
-0.231957 -0.112099 -0.122399 -0.232002 -0.232231 -0.104992
-0.231961 -0.118842 -0.129319 -0.232433 -0.232357 -0.112203
-0.232116 -0.126356 -0.137111 -0.232838 -0.232418 -0.120519
-0.231988 -0.134318 -0.145466 -0.233043 -0.232334 -0.129053
-0.231801 -0.143044 -0.153843 -0.233288 -0.232105 -0.13785
-0.231516 -0.15177 -0.16206 -0.233375 -0.231757 -0.146382
-0.231061 -0.161878 -0.171502 -0.233526 -0.231287 -0.156183
-0.230009 -0.170405 -0.181051 -0.231843 -0.230147 -0.164757
-0.228668 -0.180114 -0.195373 -0.229415 -0.228584 -0.175006
-0.227572 -0.189737 -0.210343 -0.227664 -0.227211 -0.185243
-0.226127 -0.19917 -0.223736 -0.225389 -0.225751 -0.194871
-0.223937 -0.207816 -0.233544 -0.222438 -0.223375 -0.204551
-0.221596 -0.212439 -0.235034 -0.218701 -0.220462 -0.208092
-0.217405 -0.210817 -0.232199 -0.21517 -0.217014 -0.206376
-0.213622 -0.210857 -0.230035 -0.212214 -0.213857 -0.205603
-0.208752 -0.210635 -0.228077 -0.208844 -0.208702 -0.20577
-0.20415 -0.210398 -0.226222 -0.205269 -0.203908 -0.205493
-0.198644 -0.210176 -0.224986 -0.199978 -0.198809 -0.204898
-0.19222 -0.21095 -0.224213 -0.192747 -0.19247 -0.204751
-0.184768 -0.211399 -0.22404 -0.184767 -0.184773 -0.204626
-0.17647 -0.211752 -0.224117 -0.176241 -0.17597 -0.20488
-0.167283 -0.212265 -0.224441 -0.167175 -0.166593 -0.20529
-0.157271 -0.213248 -0.224841 -0.158104 -0.156716 -0.206265
-0.147139 -0.214462 -0.225258 -0.149375 -0.14651 -0.207626
-0.13698 -0.215716 -0.226042 -0.141147 -0.136292 -0.209169
-0.127396 -0.217008 -0.226959 -0.133908 -0.126698 -0.210821
-0.118789 -0.218567 -0.228091 -0.127421 -0.117917 -0.212289
-0.111458 -0.220167 -0.229107 -0.121903 -0.11025 -0.213734
-0.105274 -0.22154 -0.230241 -0.117114 -0.103701 -0.215063
-0.100284 -0.222621 -0.23156 -0.112989 -0.0985828 -0.216234
-0.0969568 -0.223564 -0.232829 -0.109403 -0.0952265 -0.217314
-0.0955174 -0.224304 -0.234131 -0.106847 -0.0935589 -0.218302
-0.095551 -0.225243 -0.235131 -0.105575 -0.0937153 -0.219041
-0.097064 -0.22611 -0.235885 -0.105811 -0.0954249 -0.219797
-0.0997755 -0.226861 -0.236422 -0.107338 -0.0983948 -0.220593
-0.103748 -0.22778 -0.236968 -0.110289 -0.102706 -0.221554
-0.109013 -0.228469 -0.237085 -0.114713 -0.107976 -0.222392
-0.115208 -0.229146 -0.237249 -0.120205 -0.114381 -0.222956
-0.122499 -0.229468 -0.237618 -0.126814 -0.122038 -0.2233
-0.130578 -0.229851 -0.237768 -0.133914 -0.130353 -0.223402
-0.139129 -0.229983 -0.23798 -0.141567 -0.138815 -0.223383
-0.147698 -0.229729 -0.238362 -0.149815 -0.14721 -0.223241
-0.155899 -0.229345 -0.238515 -0.158219 -0.155646 -0.223079
-0.163858 -0.228918 -0.238935 -0.166832 -0.163791 -0.222598
-0.172439 -0.227832 -0.23751 -0.177469 -0.172508 -0.221384
-0.183321 -0.226481 -0.234077 -0.19167 -0.183433 -0.219925
-0.193832 -0.225783 -0.232238 -0.204542 -0.194302 -0.218854
-0.201664 -0.224266 -0.230129 -0.21726 -0.20318 -0.217419
-0.208567 -0.222279 -0.227534 -0.225354 -0.211611 -0.215182
-0.21525 -0.219582 -0.224376 -0.225339 -0.214289 -0.212014
-0.219734 -0.216344 -0.220518 -0.222572 -0.213019 -0.209007
-0.219873 -0.211348 -0.216951 -0.220533 -0.212778 -0.205857
-0.21992 -0.207018 -0.214745 -0.217049 -0.21331 -0.201343
-0.219999 -0.202181 -0.210987 -0.215169 -0.213941 -0.196419
-0.22018 -0.196624 -0.204835 -0.213171 -0.214091 -0.190869
-0.220496 -0.189998 -0.19722 -0.212124 -0.214259 -0.184389
-0.220847 -0.182549 -0.188556 -0.211887 -0.214562 -0.176795
-0.220784 -0.174301 -0.179463 -0.211908 -0.214877 -0.168466
-0.221145 -0.16523 -0.169967 -0.212238 -0.215407 -0.159402
-0.222069 -0.155931 -0.160811 -0.21242 -0.216276 -0.150041
-0.223352 -0.146585 -0.151803 -0.213 -0.217506 -0.14032
-0.224626 -0.137462 -0.143329 -0.21375 -0.219039 -0.13071
-0.22583 -0.128772 -0.135241 -0.214929 -0.220474 -0.121631
-0.227076 -0.120896 -0.127935 -0.21621 -0.221582 -0.113452
-0.228096 -0.113858 -0.121487 -0.217929 -0.222529 -0.106137
-0.22878 -0.107781 -0.116233 -0.219379 -0.223439 -0.0999016
-0.229744 -0.10265 -0.11197 -0.220902 -0.224472 -0.0946501
-0.230703 -0.0984795 -0.108913 -0.22223 -0.225655 -0.0908847
-0.231573 -0.0959794 -0.107664 -0.223448 -0.226736 -0.0888996
-0.232515 -0.0948006 -0.107414 -0.224816 -0.227644 -0.0883338
-0.233276 -0.0958809 -0.108489 -0.226137 -0.228692 -0.0894636
-0.233929 -0.0984774 -0.111011 -0.227152 -0.229352 -0.0920408
-0.234505 -0.102409 -0.11494 -0.22806 -0.229908 -0.0959962
-0.234974 -0.107477 -0.119867 -0.22873 -0.230448 -0.101065
-0.235243 -0.113764 -0.126037 -0.229468 -0.230867 -0.107337
-0.235318 -0.120839 -0.13338 -0.230045 -0.231107 -0.114762
-0.235299 -0.128578 -0.141261 -0.230641 -0.231274 -0.122705
-0.235198 -0.136723 -0.149394 -0.231014 -0.231226 -0.131181
-0.235247 -0.145305 -0.157596 -0.231268 -0.231245 -0.139718
-0.235168 -0.153898 -0.165754 -0.231432 -0.231172 -0.148038
-0.23515 -0.16222 -0.173612 -0.231427 -0.231062 -0.156115
-0.23418 -0.171115 -0.184233 -0.229168 -0.229934 -0.165381
-0.232836 -0.181245 -0.199034 -0.226588 -0.22858 -0.176055
-0.231703 -0.191233 -0.213393 -0.224735 -0.22716 -0.186475
-0.230112 -0.201171 -0.226051 -0.222554 -0.225503 -0.196584
-0.227773 -0.208757 -0.23681 -0.219651 -0.222804 -0.206635
-0.224131 -0.207288 -0.238243 -0.216254 -0.219142 -0.206942
-0.219706 -0.207186 -0.236027 -0.213161 -0.214504 -0.205819
-0.215561 -0.206325 -0.233919 -0.209844 -0.210364 -0.205134
-0.211108 -0.206045 -0.233104 -0.206634 -0.205959 -0.204522
-0.206248 -0.20514 -0.231654 -0.202484 -0.20209 -0.203393
-0.200445 -0.205047 -0.230233 -0.196355 -0.19658 -0.202659
-0.193795 -0.2058 -0.229636 -0.189352 -0.189944 -0.202495
-0.185952 -0.206177 -0.229151 -0.181354 -0.181728 -0.202706
-0.177301 -0.206749 -0.228838 -0.172572 -0.172549 -0.203179
-0.167807 -0.207357 -0.229094 -0.16358 -0.162979 -0.203876
-0.157963 -0.208499 -0.229349 -0.154539 -0.15283 -0.204931
-0.147844 -0.20969 -0.22977 -0.145938 -0.142647 -0.206301
-0.13804 -0.211257 -0.230199 -0.13816 -0.132577 -0.207896
-0.128808 -0.21296 -0.230904 -0.131219 -0.123035 -0.209463
-0.12051 -0.214249 -0.231873 -0.125229 -0.114391 -0.211
-0.113419 -0.215504 -0.232783 -0.120038 -0.10695 -0.212466
-0.10739 -0.216666 -0.233972 -0.115478 -0.100734 -0.213863
-0.102658 -0.217844 -0.23493 -0.111483 -0.0963792 -0.214965
-0.0997577 -0.21877 -0.23625 -0.108106 -0.0936922 -0.215929
-0.0987845 -0.219739 -0.237401 -0.10565 -0.092561 -0.216729
-0.0987609 -0.220638 -0.23832 -0.104408 -0.0933328 -0.217507
-0.100285 -0.221555 -0.239153 -0.104599 -0.095288 -0.218231
-0.103287 -0.222262 -0.239785 -0.106308 -0.0988545 -0.218989
-0.10763 -0.222812 -0.240305 -0.10943 -0.103538 -0.219649
-0.113125 -0.223528 -0.240754 -0.113942 -0.109192 -0.220162
-0.1196 -0.224031 -0.241196 -0.119398 -0.115837 -0.22075
-0.127159 -0.224592 -0.241287 -0.125809 -0.123248 -0.22109
-0.135354 -0.225095 -0.241552 -0.132979 -0.131314 -0.221492
-0.14378 -0.225374 -0.241692 -0.140684 -0.139753 -0.221842
-0.152274 -0.225521 -0.241751 -0.148982 -0.148269 -0.222012
-0.160531 -0.225671 -0.241573 -0.157416 -0.156616 -0.222092
-0.168418 -0.225485 -0.241695 -0.166065 -0.164695 -0.221847
-0.177463 -0.22434 -0.239504 -0.177586 -0.174048 -0.220505
-0.188687 -0.223297 -0.236378 -0.191157 -0.185831 -0.219058
-0.198607 -0.222681 -0.234413 -0.203214 -0.197001 -0.218186
-0.206081 -0.221434 -0.232157 -0.215239 -0.206354 -0.216692
-0.212514 -0.219239 -0.229345 -0.224427 -0.215321 -0.21389
-0.217358 -0.21623 -0.226018 -0.224318 -0.218279 -0.210685
-0.216671 -0.212068 -0.222845 -0.220803 -0.216996 -0.207256
-0.216793 -0.207737 -0.219633 -0.219044 -0.217141 -0.203318
-0.216212 -0.203304 -0.216912 -0.216144 -0.217328 -0.198725
-0.216324 -0.198518 -0.212408 -0.214507 -0.217267 -0.194226
-0.21648 -0.192539 -0.206016 -0.212594 -0.216992 -0.18855
-0.21675 -0.185509 -0.198079 -0.212069 -0.217089 -0.181574
-0.216701 -0.177672 -0.18958 -0.211886 -0.217405 -0.173771
-0.217064 -0.168932 -0.180572 -0.211827 -0.218037 -0.16506
-0.217912 -0.1597 -0.171273 -0.21226 -0.218709 -0.15592
-0.219019 -0.15029 -0.161996 -0.212677 -0.21962 -0.14643
-0.220184 -0.140932 -0.152712 -0.213755 -0.220687 -0.13693
-0.221285 -0.132078 -0.144219 -0.214838 -0.221822 -0.127643
-0.222502 -0.123801 -0.136128 -0.216402 -0.222761 -0.118865
-0.223595 -0.116063 -0.128942 -0.217812 -0.223636 -0.1108
-0.224488 -0.10923 -0.122893 -0.219425 -0.224792 -0.10343
-0.22573 -0.103219 -0.118101 -0.220996 -0.225778 -0.0971874
-0.226603 -0.0982914 -0.114068 -0.222618 -0.226542 -0.092259
-0.227346 -0.0947049 -0.111114 -0.224239 -0.227443 -0.0890112
-0.228057 -0.0925715 -0.109785 -0.225818 -0.228144 -0.0872931
-0.228942 -0.0916827 -0.109793 -0.227125 -0.228805 -0.0872741
-0.22968 -0.0925536 -0.111275 -0.228299 -0.229478 -0.0884269
-0.23039 -0.0949991 -0.11421 -0.229501 -0.229829 -0.0908863
-0.230867 -0.0994966 -0.119001 -0.230704 -0.230175 -0.0957722
-0.231266 -0.103564 -0.123125 -0.231208 -0.230435 -0.0999864
-0.231621 -0.110987 -0.130897 -0.232001 -0.230817 -0.107687
-0.231912 -0.116723 -0.136992 -0.232449 -0.230924 -0.11352
-0.232159 -0.124729 -0.145111 -0.232941 -0.230974 -0.121286
-0.232242 -0.134949 -0.154721 -0.233366 -0.231049 -0.131208
-0.232212 -0.143765 -0.162867 -0.233743 -0.230788 -0.139905
-0.232091 -0.152368 -0.170872 -0.233972 -0.230538 -0.148388
-0.231921 -0.160571 -0.178565 -0.233955 -0.230369 -0.156505
-0.230817 -0.169623 -0.190378 -0.231314 -0.228519 -0.16632
-0.229753 -0.179293 -0.205588 -0.229246 -0.226914 -0.177307
-0.228492 -0.188663 -0.219639 -0.227428 -0.225358 -0.187906
-0.226863 -0.197804 -0.232369 -0.225052 -0.223293 -0.198478
-0.224205 -0.205511 -0.238787 -0.221723 -0.220535 -0.208697
-0.221857 -0.211364 -0.238509 -0.218004 -0.217442 -0.207129
-0.217957 -0.21172 -0.235616 -0.214732 -0.214516 -0.205183
-0.212241 -0.211689 -0.233637 -0.210614 -0.210764 -0.204408
-0.207097 -0.212073 -0.23098 -0.206871 -0.204863 -0.20405
-0.201575 -0.211293 -0.229395 -0.202605 -0.199114 -0.203647
-0.195779 -0.21098 -0.22823 -0.196444 -0.193158 -0.203114
-0.188852 -0.211779 -0.227387 -0.188819 -0.18658 -0.202522
-0.181318 -0.212515 -0.226906 -0.180522 -0.178693 -0.20206
-0.17273 -0.212637 -0.227015 -0.17167 -0.169795 -0.202154
-0.163134 -0.212713 -0.227613 -0.162523 -0.160298 -0.202496
-0.15289 -0.213307 -0.228041 -0.153711 -0.150473 -0.203113
-0.142578 -0.21437 -0.228413 -0.145269 -0.140302 -0.204438
-0.132639 -0.215612 -0.228923 -0.137745 -0.130245 -0.206308
-0.123321 -0.217112 -0.229747 -0.131102 -0.12073 -0.208286
-0.115254 -0.218554 -0.230651 -0.125419 -0.111996 -0.210072
-0.108523 -0.219838 -0.231427 -0.120363 -0.104525 -0.211715
-0.103093 -0.220891 -0.232676 -0.116068 -0.0987857 -0.213153
-0.0991601 -0.221914 -0.233947 -0.112087 -0.0948577 -0.214231
-0.0970275 -0.222651 -0.235198 -0.108892 -0.0924738 -0.215081
-0.0962531 -0.223429 -0.236482 -0.106869 -0.0917157 -0.215883
-0.0969858 -0.224477 -0.237303 -0.106175 -0.0926545 -0.21668
-0.0991207 -0.225406 -0.238056 -0.107283 -0.0950019 -0.217639
-0.102502 -0.226255 -0.238645 -0.109717 -0.0988071 -0.2185
-0.107272 -0.226955 -0.238989 -0.113475 -0.10411 -0.219461
-0.112995 -0.227506 -0.239466 -0.118278 -0.110367 -0.220114
-0.11976 -0.227971 -0.239834 -0.124084 -0.117588 -0.22052
-0.127335 -0.228364 -0.240248 -0.130736 -0.125792 -0.220735
-0.135573 -0.228621 -0.240546 -0.137959 -0.134046 -0.220851
-0.14399 -0.228835 -0.240761 -0.145839 -0.142329 -0.221036
-0.152298 -0.228956 -0.240947 -0.154432 -0.150531 -0.221264
-0.160306 -0.229023 -0.240795 -0.163294 -0.158605 -0.221498
-0.168118 -0.228555 -0.240573 -0.171806 -0.1666 -0.221126
-0.1779 -0.227261 -0.237224 -0.185039 -0.177059 -0.219544
-0.189332 -0.226479 -0.234644 -0.198264 -0.189357 -0.218545
-0.198325 -0.22557 -0.23265 -0.210505 -0.199778 -0.217789
-0.205838 -0.224004 -0.230086 -0.222345 -0.20894 -0.21592
-0.212523 -0.221092 -0.227449 -0.232122 -0.216162 -0.212819
-0.219657 -0.217103 -0.224799 -0.232851 -0.21577 -0.209102
-0.221421 -0.212111 -0.221711 -0.231203 -0.214865 -0.205398
-0.220562 -0.2067 -0.218225 -0.228889 -0.214231 -0.201058
-0.22017 -0.202131 -0.214513 -0.226915 -0.213592 -0.19673
-0.219909 -0.197412 -0.209822 -0.224476 -0.212892 -0.191548
-0.219593 -0.191492 -0.203612 -0.222949 -0.212763 -0.185252
-0.219882 -0.184365 -0.19583 -0.221899 -0.212913 -0.17795
-0.220012 -0.176347 -0.187371 -0.221271 -0.213364 -0.169828
-0.220127 -0.167628 -0.178122 -0.221357 -0.213829 -0.161111
-0.220871 -0.158614 -0.168404 -0.221315 -0.214414 -0.152031
-0.221654 -0.149682 -0.158817 -0.221965 -0.215329 -0.142556
-0.222437 -0.14063 -0.149446 -0.222734 -0.216371 -0.133083
-0.223353 -0.131946 -0.140779 -0.223837 -0.217477 -0.123838
-0.224161 -0.125231 -0.1343 -0.224659 -0.21808 -0.116836
-0.225297 -0.117404 -0.127154 -0.22561 -0.219094 -0.108558
-0.226379 -0.11031 -0.121119 -0.226952 -0.220194 -0.101274
-0.227106 -0.104331 -0.116298 -0.228234 -0.221042 -0.0952935
-0.227708 -0.099615 -0.112245 -0.229976 -0.221986 -0.0908338
-0.228321 -0.0961809 -0.109662 -0.231107 -0.222545 -0.0879174
-0.229071 -0.0941879 -0.108724 -0.232449 -0.223192 -0.086633
-0.229595 -0.0938472 -0.108838 -0.233675 -0.22403 -0.0866605
-0.230186 -0.0953414 -0.110412 -0.234689 -0.224805 -0.0879213
-0.230661 -0.0981872 -0.11353 -0.235766 -0.225185 -0.0905851
-0.231108 -0.102344 -0.11758 -0.236438 -0.225724 -0.0946548
-0.231562 -0.107625 -0.122737 -0.236994 -0.22609 -0.0998865
-0.231822 -0.114005 -0.129248 -0.237732 -0.226538 -0.106268
-0.232107 -0.121263 -0.136853 -0.238288 -0.226786 -0.113533
-0.232314 -0.129321 -0.144971 -0.238678 -0.226952 -0.121543
-0.23233 -0.137692 -0.153084 -0.238939 -0.227067 -0.129896
-0.232341 -0.146368 -0.161251 -0.239325 -0.227274 -0.138529
-0.232288 -0.154936 -0.169297 -0.239516 -0.227268 -0.147064
-0.232188 -0.163106 -0.177201 -0.239688 -0.227333 -0.155299
-0.231011 -0.172422 -0.188743 -0.237072 -0.225737 -0.165288
-0.229709 -0.182704 -0.203437 -0.234809 -0.224091 -0.176487
-0.228165 -0.192834 -0.217029 -0.233107 -0.222568 -0.187182
-0.226339 -0.202709 -0.229351 -0.230732 -0.220807 -0.197719
-0.223638 -0.210958 -0.239262 -0.227465 -0.217963 -0.208017
-0.220846 -0.217397 -0.240802 -0.223663 -0.21509 -0.216321
-0.21812 -0.219435 -0.239304 -0.219191 -0.212721 -0.223128
-0.214427 -0.217577 -0.236685 -0.213406 -0.209429 -0.222733
-0.210302 -0.217552 -0.233799 -0.20933 -0.20394 -0.222124
-0.203557 -0.217411 -0.228747 -0.205102 -0.197585 -0.222215
-0.196935 -0.216808 -0.225916 -0.200341 -0.190296 -0.222271
-0.189688 -0.215948 -0.22548 -0.193606 -0.183914 -0.221153
-0.182282 -0.215268 -0.223484 -0.185607 -0.177216 -0.219958
-0.174589 -0.215244 -0.222899 -0.176919 -0.169366 -0.218866
-0.165649 -0.214811 -0.222868 -0.167902 -0.160468 -0.218223
-0.15599 -0.214406 -0.222767 -0.158971 -0.150236 -0.218283
-0.145468 -0.214686 -0.22349 -0.150522 -0.139916 -0.218668
-0.134925 -0.215793 -0.224069 -0.142762 -0.129826 -0.219554
-0.124688 -0.217382 -0.224551 -0.135648 -0.12031 -0.220764
-0.115692 -0.218796 -0.225579 -0.129289 -0.111493 -0.222102
-0.108273 -0.220005 -0.226989 -0.12383 -0.103886 -0.223328
-0.102539 -0.220819 -0.228342 -0.119307 -0.0979961 -0.224094
-0.0987595 -0.221614 -0.229817 -0.115198 -0.0937506 -0.224731
-0.0967586 -0.22226 -0.231482 -0.111778 -0.0910459 -0.225237
-0.096118 -0.22311 -0.232616 -0.109678 -0.0897777 -0.225989
-0.0965943 -0.224203 -0.233552 -0.109151 -0.0902453 -0.22696
-0.0983705 -0.225148 -0.234114 -0.110361 -0.092285 -0.228088
-0.101691 -0.226295 -0.234627 -0.112938 -0.0958633 -0.22911
-0.106429 -0.227248 -0.235125 -0.116578 -0.100686 -0.229747
-0.112548 -0.227897 -0.2357 -0.121546 -0.106569 -0.230118
-0.119808 -0.228166 -0.236244 -0.127375 -0.1135 -0.230345
-0.127721 -0.228379 -0.236607 -0.134172 -0.121232 -0.230293
-0.135848 -0.228363 -0.237066 -0.141399 -0.129282 -0.23016
-0.143837 -0.2281 -0.237326 -0.1492 -0.137753 -0.230206
-0.151823 -0.227835 -0.237566 -0.157566 -0.146297 -0.230146
-0.159611 -0.227516 -0.237569 -0.166028 -0.154591 -0.230014
-0.167283 -0.226974 -0.237481 -0.174894 -0.162451 -0.229528
-0.176353 -0.225878 -0.234728 -0.18719 -0.172539 -0.228108
-0.187054 -0.224895 -0.23199 -0.200608 -0.184608 -0.226902
-0.195705 -0.22394 -0.23024 -0.212086 -0.19509 -0.225863
-0.202815 -0.222201 -0.227529 -0.22347 -0.204468 -0.224004
-0.208967 -0.219658 -0.225153 -0.226126 -0.205058 -0.221637
-0.21105 -0.215589 -0.222935 -0.224943 -0.205216 -0.217814
-0.211597 -0.210841 -0.220082 -0.22239 -0.205069 -0.214905
-0.211877 -0.206844 -0.217362 -0.220964 -0.205457 -0.211214
-0.211651 -0.202758 -0.213667 -0.219256 -0.205229 -0.207074
-0.211702 -0.197924 -0.20824 -0.217689 -0.205194 -0.201922
-0.21206 -0.191837 -0.201283 -0.216581 -0.205052 -0.195525
-0.212689 -0.184723 -0.193472 -0.216198 -0.205757 -0.188107
-0.213147 -0.176719 -0.184965 -0.216068 -0.20651 -0.179888
-0.213904 -0.167934 -0.175847 -0.216024 -0.207569 -0.171113
-0.215084 -0.158814 -0.166281 -0.216136 -0.209047 -0.161839
-0.216187 -0.149478 -0.156802 -0.21679 -0.210592 -0.152289
-0.217464 -0.140237 -0.147594 -0.217653 -0.212058 -0.143063
-0.218603 -0.131327 -0.138794 -0.218867 -0.213635 -0.13426
-0.219867 -0.122879 -0.130843 -0.219905 -0.214857 -0.125804
-0.221488 -0.115147 -0.124275 -0.22118 -0.216327 -0.1179
-0.222854 -0.108187 -0.119023 -0.222462 -0.217711 -0.110878
-0.224376 -0.102195 -0.114542 -0.223889 -0.219282 -0.10509
-0.225725 -0.0975299 -0.11095 -0.225124 -0.220677 -0.100784
-0.226817 -0.0943855 -0.108523 -0.226468 -0.221922 -0.098011
-0.227875 -0.0927168 -0.107734 -0.22759 -0.222907 -0.0968789
-0.229031 -0.0926184 -0.107632 -0.228803 -0.223861 -0.0971032
-0.229899 -0.0939822 -0.108867 -0.229647 -0.224728 -0.0981096
-0.230819 -0.096787 -0.111595 -0.230457 -0.225645 -0.10056
-0.231458 -0.100938 -0.115523 -0.231113 -0.226306 -0.104477
-0.232056 -0.106267 -0.120823 -0.231788 -0.226954 -0.109741
-0.232634 -0.112745 -0.127112 -0.232184 -0.227403 -0.115908
-0.232991 -0.120259 -0.134582 -0.232537 -0.227645 -0.123149
-0.233306 -0.128561 -0.142693 -0.232745 -0.227921 -0.130872
-0.233434 -0.13726 -0.150886 -0.233003 -0.228158 -0.139298
-0.23341 -0.14594 -0.159049 -0.233194 -0.22818 -0.147898
-0.233456 -0.154379 -0.166997 -0.233243 -0.228236 -0.156449
-0.233523 -0.162475 -0.17461 -0.232835 -0.228091 -0.164542
-0.232485 -0.171742 -0.186311 -0.230099 -0.226594 -0.173818
-0.231019 -0.18421 -0.204292 -0.227319 -0.224845 -0.186027
-0.229755 -0.194515 -0.217585 -0.225593 -0.223051 -0.195457
-0.228552 -0.202508 -0.227495 -0.223548 -0.221414 -0.203199
-0.226072 -0.210742 -0.231631 -0.220233 -0.218604 -0.212566
-0.223686 -0.213274 -0.231253 -0.216051 -0.216602 -0.214576
-0.219793 -0.211759 -0.22869 -0.212235 -0.212957 -0.212087
-0.215428 -0.212295 -0.226472 -0.208191 -0.208566 -0.211894
-0.209628 -0.212155 -0.222585 -0.204821 -0.202699 -0.212116
-0.204143 -0.211588 -0.22096 -0.200811 -0.197264 -0.21194
-0.198078 -0.210946 -0.220143 -0.19478 -0.191962 -0.210689
-0.191179 -0.211084 -0.218997 -0.187179 -0.185636 -0.21013
-0.183442 -0.211406 -0.218859 -0.178891 -0.177914 -0.209322
-0.17432 -0.211315 -0.218914 -0.170017 -0.168846 -0.209121
-0.164543 -0.21143 -0.219177 -0.160953 -0.159004 -0.209393
-0.15393 -0.211997 -0.21973 -0.152282 -0.148755 -0.209915
-0.14332 -0.213149 -0.220341 -0.144057 -0.138498 -0.210956
-0.133 -0.214502 -0.221164 -0.136462 -0.128455 -0.212246
-0.123638 -0.215854 -0.222256 -0.129833 -0.119079 -0.213781
-0.115373 -0.217337 -0.223373 -0.124114 -0.110673 -0.215064
-0.108387 -0.218656 -0.224481 -0.119091 -0.103242 -0.216388
-0.10295 -0.219747 -0.225823 -0.114685 -0.0974156 -0.217641
-0.0985186 -0.221125 -0.227872 -0.11029 -0.0927937 -0.218741
-0.0969084 -0.222119 -0.229419 -0.107294 -0.0908056 -0.219307
-0.0967758 -0.223407 -0.231028 -0.105589 -0.090682 -0.219963
-0.0979323 -0.224939 -0.232294 -0.105095 -0.0919935 -0.220596
-0.100095 -0.225648 -0.233182 -0.106132 -0.0947499 -0.221444
-0.103653 -0.226393 -0.233896 -0.108742 -0.0986647 -0.222637
-0.108386 -0.227054 -0.234299 -0.112928 -0.104008 -0.223723
-0.114403 -0.227837 -0.234593 -0.118305 -0.110201 -0.224519
-0.121626 -0.228533 -0.235079 -0.12458 -0.117478 -0.225136
-0.129786 -0.228955 -0.235511 -0.131402 -0.125726 -0.225481
-0.138312 -0.229298 -0.235691 -0.138819 -0.133899 -0.225646
-0.14684 -0.229383 -0.235963 -0.146842 -0.142183 -0.225494
-0.155249 -0.229189 -0.236196 -0.155087 -0.150304 -0.225557
-0.163235 -0.228892 -0.236221 -0.163745 -0.15833 -0.225368
-0.171235 -0.228153 -0.235393 -0.173345 -0.16657 -0.224586
-0.181212 -0.227051 -0.231868 -0.187884 -0.177551 -0.222947
-0.191857 -0.226333 -0.229667 -0.201336 -0.18962 -0.222038
-0.200008 -0.225121 -0.227277 -0.214314 -0.199564 -0.221074
-0.207122 -0.223283 -0.224255 -0.223078 -0.208071 -0.218984
-0.213248 -0.220481 -0.221731 -0.223443 -0.207864 -0.216065
-0.213704 -0.216607 -0.219393 -0.220784 -0.207608 -0.213393
-0.215118 -0.211896 -0.216257 -0.219446 -0.207753 -0.210082
-0.21487 -0.207635 -0.213689 -0.217403 -0.207683 -0.205896
-0.214753 -0.20336 -0.209862 -0.21637 -0.207584 -0.201467
-0.214638 -0.198158 -0.20417 -0.215064 -0.207344 -0.195969
-0.215088 -0.191636 -0.196922 -0.214134 -0.207265 -0.189374
-0.215737 -0.184187 -0.189062 -0.213776 -0.207947 -0.181618
-0.216253 -0.175722 -0.180339 -0.21369 -0.208751 -0.172983
-0.217066 -0.166765 -0.171163 -0.21373 -0.209921 -0.163892
-0.218053 -0.157492 -0.1616 -0.213931 -0.211457 -0.154412
-0.219261 -0.148241 -0.152116 -0.214602 -0.212919 -0.145011
-0.220317 -0.139194 -0.143213 -0.21555 -0.214162 -0.135674
-0.221362 -0.13056 -0.134751 -0.216895 -0.215621 -0.126806
-0.222422 -0.122443 -0.127337 -0.218221 -0.216734 -0.118407
-0.223614 -0.11487 -0.121119 -0.219447 -0.21786 -0.110626
-0.224951 -0.108151 -0.116138 -0.220839 -0.219249 -0.103806
-0.226239 -0.10251 -0.112169 -0.222017 -0.220689 -0.0982545
-0.227326 -0.098114 -0.109016 -0.22352 -0.221929 -0.0942766
-0.227964 -0.0953976 -0.106772 -0.225192 -0.222952 -0.0920757
-0.228536 -0.094263 -0.105949 -0.226628 -0.223511 -0.0915784
-0.22912 -0.0947416 -0.106053 -0.228119 -0.224169 -0.0922544
-0.229647 -0.096664 -0.107786 -0.229114 -0.224809 -0.0938678
-0.23025 -0.0999663 -0.11106 -0.230009 -0.225431 -0.0968483
-0.230658 -0.104457 -0.115564 -0.230882 -0.226191 -0.101096
-0.231131 -0.110128 -0.121236 -0.231563 -0.226712 -0.106766
-0.231384 -0.116956 -0.128043 -0.232085 -0.227088 -0.113436
-0.231793 -0.124758 -0.135743 -0.232616 -0.227338 -0.120991
-0.231944 -0.133243 -0.144054 -0.232938 -0.227581 -0.129148
-0.231995 -0.142038 -0.152289 -0.233385 -0.227659 -0.137594
-0.231945 -0.150537 -0.160399 -0.233473 -0.227763 -0.14622
-0.231976 -0.15884 -0.168255 -0.233607 -0.227735 -0.154587
-0.231569 -0.167067 -0.177049 -0.232577 -0.227196 -0.162988
-0.230256 -0.176818 -0.190657 -0.229746 -0.225724 -0.173201
-0.228989 -0.18716 -0.206065 -0.227743 -0.224567 -0.183592
-0.227635 -0.197127 -0.219941 -0.225868 -0.222949 -0.193176
-0.225818 -0.206011 -0.231463 -0.223237 -0.220839 -0.202727
-0.223908 -0.21034 -0.233359 -0.21969 -0.218479 -0.211215
-0.221602 -0.207523 -0.231732 -0.215538 -0.216767 -0.215068
-0.218981 -0.207161 -0.229999 -0.211152 -0.212568 -0.21358
-0.21292 -0.206402 -0.22636 -0.206629 -0.206349 -0.213441
-0.207317 -0.205872 -0.224032 -0.203163 -0.200155 -0.21344
-0.201249 -0.204921 -0.223572 -0.198216 -0.195121 -0.212546
-0.194839 -0.20438 -0.222649 -0.191409 -0.1891 -0.211891
-0.187464 -0.204561 -0.22239 -0.183465 -0.181974 -0.211241
-0.178993 -0.204513 -0.222303 -0.175051 -0.173681 -0.210908
-0.169465 -0.204608 -0.222497 -0.166307 -0.164138 -0.210954
-0.159108 -0.205141 -0.223097 -0.157642 -0.153955 -0.211431
-0.148558 -0.206453 -0.223676 -0.149131 -0.143552 -0.212178
-0.138616 -0.208084 -0.224392 -0.141309 -0.13336 -0.21335
-0.129327 -0.209593 -0.225447 -0.134221 -0.123693 -0.214698
-0.120871 -0.210934 -0.226583 -0.128004 -0.11481 -0.216043
-0.113355 -0.212289 -0.227661 -0.122531 -0.107004 -0.217206
-0.106895 -0.21378 -0.228797 -0.117907 -0.100411 -0.218429
-0.10215 -0.215043 -0.230066 -0.113927 -0.09502 -0.219405
-0.0992076 -0.216484 -0.231399 -0.110478 -0.0912834 -0.220296
-0.0977965 -0.217623 -0.23261 -0.107953 -0.0893017 -0.221262
-0.0975578 -0.218673 -0.233494 -0.106703 -0.0892544 -0.222404
-0.0984905 -0.219762 -0.234276 -0.107113 -0.0908704 -0.223625
-0.100708 -0.220731 -0.234807 -0.108859 -0.0942145 -0.224717
-0.104541 -0.221509 -0.235283 -0.111844 -0.0986811 -0.225571
-0.109664 -0.222285 -0.235962 -0.115928 -0.104187 -0.226161
-0.116101 -0.222873 -0.236516 -0.121103 -0.110722 -0.226547
-0.123451 -0.223351 -0.236841 -0.127151 -0.118133 -0.227027
-0.131364 -0.223766 -0.237117 -0.134157 -0.125786 -0.227421
-0.139431 -0.224121 -0.237164 -0.14151 -0.134058 -0.22763
-0.147548 -0.224492 -0.237072 -0.149511 -0.142754 -0.227954
-0.155663 -0.224957 -0.237029 -0.157867 -0.15124 -0.228096
-0.163771 -0.225196 -0.237103 -0.166603 -0.159474 -0.227861
-0.172366 -0.224407 -0.235634 -0.177052 -0.168347 -0.226625
-0.183064 -0.222999 -0.232423 -0.190856 -0.180317 -0.225029
-0.193069 -0.222068 -0.230757 -0.203185 -0.192064 -0.223907
-0.200357 -0.220642 -0.228506 -0.215437 -0.20241 -0.222497
-0.206654 -0.218563 -0.226024 -0.226697 -0.206982 -0.220095
-0.213367 -0.214844 -0.224365 -0.227446 -0.207549 -0.216136
-0.217253 -0.21024 -0.222284 -0.225532 -0.206753 -0.213645
-0.21674 -0.205486 -0.219182 -0.223925 -0.206142 -0.210682
-0.216642 -0.201146 -0.215743 -0.222513 -0.205447 -0.20706
-0.216414 -0.19652 -0.211506 -0.220321 -0.20504 -0.202034
-0.216303 -0.191231 -0.205637 -0.219483 -0.205214 -0.195976
-0.216545 -0.184571 -0.198444 -0.21834 -0.205547 -0.189016
-0.217465 -0.176829 -0.190103 -0.217802 -0.206406 -0.18137
-0.217918 -0.168399 -0.180943 -0.217769 -0.206926 -0.173014
-0.218636 -0.159711 -0.171254 -0.218083 -0.207885 -0.164015
-0.21946 -0.150848 -0.161477 -0.218642 -0.208926 -0.154664
-0.220633 -0.141713 -0.151913 -0.219218 -0.210168 -0.145318
-0.222032 -0.132706 -0.143077 -0.220123 -0.211723 -0.135906
-0.223418 -0.123986 -0.13512 -0.22104 -0.21338 -0.126986
-0.224793 -0.115833 -0.128007 -0.222169 -0.214944 -0.118898
-0.226297 -0.108384 -0.121849 -0.223669 -0.216105 -0.111779
-0.227374 -0.102033 -0.116519 -0.225165 -0.217287 -0.105706
-0.228099 -0.0968438 -0.112251 -0.226661 -0.218333 -0.100688
-0.228906 -0.0928629 -0.109069 -0.228244 -0.219303 -0.0972478
-0.229765 -0.0904402 -0.107345 -0.229639 -0.220267 -0.0952821
-0.230416 -0.0895363 -0.106943 -0.230914 -0.221224 -0.0949325
-0.231352 -0.0902881 -0.107563 -0.231957 -0.222072 -0.095662
-0.232392 -0.0925358 -0.109813 -0.232732 -0.222887 -0.0974954
-0.233069 -0.0961425 -0.113512 -0.233464 -0.223689 -0.100699
-0.233542 -0.100988 -0.118116 -0.234239 -0.22427 -0.105324
-0.233859 -0.107095 -0.123831 -0.23505 -0.224539 -0.111496
-0.234029 -0.114188 -0.130989 -0.235668 -0.224664 -0.118775
-0.234457 -0.12219 -0.138927 -0.236143 -0.224569 -0.1266
-0.234464 -0.130779 -0.147027 -0.236548 -0.224538 -0.134602
-0.234284 -0.13942 -0.155447 -0.236878 -0.224725 -0.142833
-0.23428 -0.148005 -0.163594 -0.237 -0.224534 -0.151259
-0.234538 -0.156156 -0.17128 -0.236837 -0.224526 -0.15941
-0.234013 -0.164783 -0.180746 -0.235091 -0.223777 -0.167921
-0.232846 -0.1753 -0.194771 -0.23237 -0.22244 -0.177881
-0.231796 -0.186015 -0.20908 -0.230586 -0.221015 -0.18813
-0.230286 -0.194586 -0.221655 -0.228513 -0.219183 -0.197862
-0.227684 -0.195648 -0.229469 -0.226029 -0.216017 -0.208023
-0.224474 -0.195029 -0.230651 -0.223046 -0.211538 -0.213007
-0.221553 -0.1951 -0.228444 -0.220193 -0.207722 -0.211264
-0.218317 -0.195678 -0.227455 -0.216957 -0.204228 -0.210539
-0.214051 -0.195437 -0.226019 -0.213814 -0.20012 -0.210046
-0.209378 -0.196077 -0.224859 -0.20949 -0.195908 -0.209637
-0.201779 -0.198569 -0.223978 -0.202204 -0.189766 -0.209379
-0.194576 -0.204693 -0.223907 -0.194647 -0.183348 -0.209106
-0.186338 -0.208427 -0.224172 -0.186327 -0.175875 -0.208489
-0.17701 -0.209214 -0.223534 -0.17759 -0.166734 -0.20821
-0.168125 -0.210136 -0.223345 -0.168701 -0.156355 -0.208754
-0.15788 -0.211114 -0.223721 -0.159735 -0.145742 -0.209853
-0.147905 -0.212582 -0.224246 -0.151057 -0.135877 -0.210363
-0.138228 -0.214366 -0.224716 -0.143006 -0.12682 -0.211068
-0.129271 -0.215827 -0.225353 -0.135866 -0.118299 -0.211997
-0.120861 -0.216806 -0.226434 -0.129532 -0.110467 -0.213037
-0.113527 -0.21771 -0.227375 -0.124101 -0.103175 -0.214164
-0.107145 -0.218636 -0.22852 -0.119261 -0.0972248 -0.215244
-0.102429 -0.219672 -0.229253 -0.115306 -0.0929411 -0.216456
-0.099695 -0.220684 -0.23013 -0.11221 -0.0902562 -0.217638
-0.0987137 -0.221804 -0.231216 -0.1103 -0.0891474 -0.218539
-0.0988066 -0.222828 -0.232044 -0.109703 -0.0896109 -0.21941
-0.100483 -0.223758 -0.232719 -0.110603 -0.0915709 -0.220447
-0.103502 -0.224677 -0.233152 -0.112612 -0.0949318 -0.22131
-0.107673 -0.225399 -0.233691 -0.115947 -0.0994954 -0.221947
-0.112978 -0.226067 -0.234202 -0.120415 -0.105024 -0.222575
-0.119464 -0.226526 -0.234496 -0.125921 -0.111477 -0.223369
-0.126859 -0.227164 -0.234725 -0.132528 -0.118806 -0.223977
-0.134691 -0.227538 -0.234844 -0.139516 -0.126634 -0.224352
-0.143062 -0.227567 -0.235209 -0.147041 -0.134857 -0.224725
-0.151572 -0.227366 -0.235388 -0.155179 -0.143085 -0.224983
-0.159843 -0.227505 -0.235514 -0.163236 -0.151133 -0.225347
-0.167819 -0.227368 -0.23575 -0.171389 -0.158789 -0.225459
-0.176417 -0.226168 -0.233477 -0.18325 -0.168091 -0.224161
-0.186997 -0.225218 -0.2307 -0.197601 -0.180383 -0.222767
-0.196222 -0.224495 -0.228904 -0.210171 -0.191532 -0.221972
-0.202887 -0.223211 -0.226259 -0.215387 -0.20135 -0.220705
-0.208336 -0.221673 -0.223292 -0.214238 -0.204009 -0.219056
-0.215045 -0.218878 -0.220176 -0.213109 -0.2043 -0.216932
-0.216019 -0.214466 -0.217329 -0.21071 -0.204268 -0.215027
-0.216743 -0.210101 -0.215414 -0.207934 -0.205314 -0.211083
-0.217017 -0.205512 -0.21252 -0.206745 -0.20649 -0.206072
-0.217161 -0.200721 -0.207632 -0.205803 -0.207218 -0.200578
-0.217244 -0.194746 -0.200917 -0.205289 -0.207504 -0.194303
-0.217996 -0.187752 -0.192941 -0.205044 -0.207968 -0.186913
-0.218584 -0.179812 -0.184438 -0.205557 -0.208833 -0.178671
-0.219176 -0.171021 -0.175479 -0.206046 -0.210103 -0.169604
-0.220288 -0.161774 -0.166168 -0.206577 -0.211759 -0.160192
-0.221743 -0.152166 -0.156705 -0.20723 -0.213495 -0.150594
-0.223412 -0.142491 -0.147524 -0.208165 -0.215281 -0.14109
-0.224941 -0.133224 -0.138849 -0.209488 -0.217308 -0.131761
-0.226427 -0.124605 -0.130898 -0.211018 -0.21883 -0.122952
-0.227882 -0.116731 -0.124024 -0.212696 -0.220232 -0.115037
-0.229224 -0.10973 -0.118185 -0.214501 -0.221609 -0.107679
-0.230176 -0.103634 -0.113489 -0.216365 -0.222744 -0.101528
-0.231267 -0.098564 -0.109778 -0.218153 -0.223894 -0.0966584
-0.232497 -0.0949709 -0.106984 -0.219537 -0.224823 -0.0931808
-0.233618 -0.0929961 -0.105799 -0.220977 -0.225721 -0.0915417
-0.234774 -0.0923266 -0.105787 -0.222156 -0.226923 -0.0913616
-0.23577 -0.0933624 -0.107097 -0.223266 -0.228056 -0.0923472
-0.236684 -0.0958662 -0.109747 -0.224121 -0.228734 -0.0946611
-0.237515 -0.0999723 -0.113762 -0.225035 -0.229365 -0.0985291
-0.238394 -0.105456 -0.118568 -0.225827 -0.229659 -0.103546
-0.238789 -0.112183 -0.124555 -0.226357 -0.229857 -0.109702
-0.239079 -0.119671 -0.132088 -0.227008 -0.230059 -0.11685
-0.239245 -0.127579 -0.140151 -0.22748 -0.230044 -0.124919
-0.239306 -0.135932 -0.148091 -0.227906 -0.230186 -0.133264
-0.239338 -0.144366 -0.156145 -0.228091 -0.229985 -0.141954
-0.239505 -0.152806 -0.16408 -0.228388 -0.229893 -0.150479
-0.239521 -0.160978 -0.17164 -0.228274 -0.229559 -0.158598
-0.238582 -0.169899 -0.182019 -0.226039 -0.228175 -0.167747
-0.237301 -0.180054 -0.196898 -0.223809 -0.226677 -0.178018
-0.236112 -0.190055 -0.211206 -0.221999 -0.225081 -0.18821
-0.234826 -0.199837 -0.224182 -0.219587 -0.223042 -0.198304
-0.232324 -0.207466 -0.234617 -0.216595 -0.220197 -0.208513
-0.22924 -0.205489 -0.23498 -0.213103 -0.217057 -0.214518
-0.225832 -0.204339 -0.232658 -0.209905 -0.213254 -0.215589
-0.221844 -0.203637 -0.230748 -0.205884 -0.207677 -0.214668
-0.216599 -0.203433 -0.228741 -0.202401 -0.20303 -0.21421
-0.211503 -0.202616 -0.226226 -0.198487 -0.197878 -0.213673
-0.205274 -0.202265 -0.225179 -0.192435 -0.192481 -0.213436
-0.198243 -0.202822 -0.224224 -0.18516 -0.186255 -0.213331
-0.190197 -0.203528 -0.223604 -0.176932 -0.178583 -0.213147
-0.181465 -0.203861 -0.2235 -0.168109 -0.169801 -0.213432
-0.172156 -0.204587 -0.223766 -0.158987 -0.160347 -0.213651
-0.16213 -0.20567 -0.224365 -0.150138 -0.1504 -0.214117
-0.152105 -0.207085 -0.22512 -0.141813 -0.140338 -0.214917
-0.142161 -0.20855 -0.225908 -0.134365 -0.130533 -0.216029
-0.132646 -0.209961 -0.226795 -0.127902 -0.121249 -0.217454
-0.123777 -0.211589 -0.227702 -0.122287 -0.112939 -0.218837
-0.116106 -0.213011 -0.22879 -0.117399 -0.105578 -0.220217
-0.110241 -0.214364 -0.229882 -0.113036 -0.0994763 -0.221506
-0.106083 -0.215984 -0.230908 -0.109325 -0.0949716 -0.22254
-0.103759 -0.217284 -0.232088 -0.10621 -0.0921724 -0.223498
-0.103107 -0.218188 -0.233238 -0.104208 -0.0912666 -0.224518
-0.103684 -0.21907 -0.234141 -0.103186 -0.0921685 -0.225475
-0.105526 -0.21989 -0.235032 -0.103629 -0.094589 -0.226426
-0.108666 -0.2207 -0.2356 -0.105353 -0.0985109 -0.227179
-0.113073 -0.221369 -0.2361 -0.108345 -0.103218 -0.227898
-0.118819 -0.222029 -0.236475 -0.11278 -0.108974 -0.228656
-0.125643 -0.222581 -0.236781 -0.118211 -0.115619 -0.229271
-0.133216 -0.22302 -0.237098 -0.124648 -0.122949 -0.229787
-0.141328 -0.223275 -0.237329 -0.131573 -0.130851 -0.230056
-0.149621 -0.223415 -0.237445 -0.139041 -0.139323 -0.230223
-0.157878 -0.223795 -0.237463 -0.147038 -0.14786 -0.230307
-0.165992 -0.22418 -0.237443 -0.155368 -0.156144 -0.230219
-0.173797 -0.224022 -0.237453 -0.163577 -0.16405 -0.229889
-0.18279 -0.222908 -0.234521 -0.176566 -0.174204 -0.228455
-0.193273 -0.221916 -0.231887 -0.191377 -0.186579 -0.227355
-0.201509 -0.22101 -0.23007 -0.204057 -0.197401 -0.226584
-0.20767 -0.219363 -0.227361 -0.216277 -0.207226 -0.224643
-0.21287 -0.216789 -0.224381 -0.217627 -0.216567 -0.222099
-0.218529 -0.214458 -0.220404 -0.216877 -0.224913 -0.21998
-0.225352 -0.211198 -0.214461 -0.215672 -0.223829 -0.217149
-0.229972 -0.206735 -0.210017 -0.212376 -0.22278 -0.213715
-0.230133 -0.200514 -0.207228 -0.207969 -0.222865 -0.20928
-0.231155 -0.194712 -0.203806 -0.204233 -0.22363 -0.203966
-0.231419 -0.18869 -0.198822 -0.201574 -0.223889 -0.197714
-0.231309 -0.182164 -0.191706 -0.199825 -0.224047 -0.190921
-0.231215 -0.174752 -0.182755 -0.199063 -0.22376 -0.183351
-0.230998 -0.16652 -0.173232 -0.198861 -0.223264 -0.175059
-0.230757 -0.157717 -0.163626 -0.199454 -0.223058 -0.166141
-0.230893 -0.146747 -0.152721 -0.20037 -0.223466 -0.154834
-0.2315 -0.137462 -0.144467 -0.201236 -0.224124 -0.145328
-0.232576 -0.128203 -0.136753 -0.2021 -0.225308 -0.135942
-0.233905 -0.119487 -0.129767 -0.203486 -0.226676 -0.126947
-0.234875 -0.111637 -0.123451 -0.205028 -0.22775 -0.118605
-0.235842 -0.104917 -0.118001 -0.206805 -0.228577 -0.111518
-0.23684 -0.0996602 -0.113285 -0.208694 -0.229146 -0.105715
-0.237447 -0.0955114 -0.109514 -0.210699 -0.229535 -0.101192
-0.238151 -0.0925096 -0.107125 -0.212648 -0.230135 -0.0981147
-0.238814 -0.0905851 -0.106358 -0.214441 -0.230734 -0.0966059
-0.239546 -0.0903614 -0.106594 -0.215767 -0.231252 -0.0967192
-0.240517 -0.0915072 -0.108271 -0.217014 -0.231898 -0.0976919
-0.241321 -0.0941901 -0.111441 -0.218248 -0.232438 -0.100246
-0.241778 -0.0984146 -0.115684 -0.219587 -0.232845 -0.10423
-0.242033 -0.103793 -0.120922 -0.220775 -0.232966 -0.109664
-0.242197 -0.11026 -0.127283 -0.221818 -0.233 -0.116341
-0.242531 -0.117513 -0.134996 -0.222486 -0.233035 -0.123818
-0.242947 -0.125447 -0.143051 -0.223084 -0.23295 -0.13156
-0.242922 -0.133982 -0.151378 -0.223648 -0.232866 -0.139755
-0.24277 -0.142754 -0.159604 -0.224387 -0.232645 -0.148437
-0.242509 -0.151102 -0.167341 -0.224781 -0.232257 -0.156993
-0.242258 -0.159255 -0.175384 -0.224509 -0.231481 -0.165277
-0.240964 -0.16857 -0.188308 -0.221927 -0.229749 -0.174694
-0.239866 -0.178483 -0.204256 -0.220039 -0.228171 -0.184408
-0.238664 -0.188198 -0.218823 -0.218304 -0.226515 -0.193374
-0.237122 -0.197709 -0.231786 -0.215779 -0.224188 -0.201503
-0.234187 -0.205803 -0.236148 -0.212398 -0.220363 -0.200669
-0.23012 -0.209327 -0.234761 -0.209507 -0.216906 -0.199342
-0.225175 -0.208464 -0.232203 -0.206439 -0.214667 -0.198249
-0.221408 -0.209614 -0.230799 -0.202956 -0.210558 -0.197211
-0.216568 -0.209499 -0.228132 -0.199399 -0.205961 -0.196766
-0.211991 -0.209484 -0.226901 -0.194345 -0.200632 -0.196984
-0.205732 -0.210532 -0.225949 -0.187696 -0.194502 -0.196828
-0.19853 -0.212162 -0.224958 -0.179849 -0.187483 -0.197507
-0.190459 -0.213034 -0.224883 -0.171255 -0.17932 -0.197922
-0.181662 -0.213466 -0.225003 -0.162106 -0.170649 -0.198711
-0.171967 -0.214144 -0.225787 -0.152974 -0.161505 -0.199339
-0.161841 -0.215271 -0.226159 -0.144335 -0.151674 -0.200608
-0.151805 -0.216803 -0.226516 -0.136552 -0.141413 -0.202293
-0.141978 -0.218323 -0.227183 -0.129753 -0.131352 -0.204273
-0.132708 -0.219783 -0.228047 -0.123934 -0.121607 -0.206699
-0.124396 -0.221477 -0.22892 -0.118807 -0.113153 -0.208753
-0.117538 -0.223055 -0.229725 -0.11425 -0.106492 -0.210457
-0.112049 -0.224398 -0.230699 -0.110359 -0.101352 -0.211839
-0.108267 -0.225472 -0.232154 -0.106905 -0.0976977 -0.213037
-0.106172 -0.226288 -0.233218 -0.104159 -0.0954992 -0.214164
-0.105668 -0.227282 -0.234203 -0.102176 -0.0947196 -0.215043
-0.106114 -0.227785 -0.234967 -0.101251 -0.0956134 -0.216075
-0.108047 -0.228472 -0.235667 -0.102099 -0.0981164 -0.217252
-0.11114 -0.229099 -0.235986 -0.104261 -0.102094 -0.218339
-0.115793 -0.229568 -0.236438 -0.107432 -0.107122 -0.219133
-0.121832 -0.230171 -0.236703 -0.111839 -0.113171 -0.219679
-0.128975 -0.230432 -0.236929 -0.11729 -0.119938 -0.220361
-0.136879 -0.230643 -0.236944 -0.123506 -0.127457 -0.220857
-0.14506 -0.230798 -0.23687 -0.130234 -0.13537 -0.221241
-0.153497 -0.2307 -0.237007 -0.137584 -0.143727 -0.221554
-0.161685 -0.230622 -0.236876 -0.145416 -0.152133 -0.221776
-0.169669 -0.230266 -0.236552 -0.153503 -0.16006 -0.222078
-0.177681 -0.229621 -0.236101 -0.16241 -0.168096 -0.221647
-0.187392 -0.228487 -0.232875 -0.175229 -0.178656 -0.220259
-0.198256 -0.227749 -0.230389 -0.187882 -0.190869 -0.219224
-0.207756 -0.226321 -0.227537 -0.202254 -0.20251 -0.218136
-0.214293 -0.22411 -0.224634 -0.213965 -0.211337 -0.216239
-0.220458 -0.220839 -0.222047 -0.223631 -0.217843 -0.213293
-0.226403 -0.216473 -0.218582 -0.224374 -0.217968 -0.209538
-0.225822 -0.211018 -0.215137 -0.221813 -0.216889 -0.205478
-0.224787 -0.205696 -0.211836 -0.219585 -0.216571 -0.201087
-0.224204 -0.200853 -0.208246 -0.217501 -0.215881 -0.196493
-0.223849 -0.195956 -0.203147 -0.215275 -0.214823 -0.191017
-0.223691 -0.189807 -0.196447 -0.213867 -0.214263 -0.184372
-0.223849 -0.182742 -0.188438 -0.21304 -0.21405 -0.176771
-0.223797 -0.174765 -0.17965 -0.212578 -0.213976 -0.168421
-0.224073 -0.166083 -0.170426 -0.212652 -0.214283 -0.159617
-0.224687 -0.15711 -0.160927 -0.212855 -0.215067 -0.150356
-0.225359 -0.147936 -0.151693 -0.213476 -0.216057 -0.140827
-0.226247 -0.139048 -0.14314 -0.214336 -0.217135 -0.131318
-0.227131 -0.130421 -0.135095 -0.215209 -0.21809 -0.122149
-0.228204 -0.122378 -0.127876 -0.216405 -0.218978 -0.113487
-0.229245 -0.115128 -0.121545 -0.217795 -0.21989 -0.105599
-0.230024 -0.108922 -0.116407 -0.219264 -0.220974 -0.0987237
-0.230854 -0.103646 -0.112044 -0.220545 -0.221867 -0.0930811
-0.231665 -0.0995593 -0.108662 -0.222007 -0.222594 -0.0890682
-0.232337 -0.0967512 -0.106426 -0.223016 -0.22329 -0.0867735
-0.233315 -0.0953275 -0.105949 -0.224269 -0.224238 -0.0859637
-0.23421 -0.0955172 -0.106461 -0.225363 -0.225228 -0.0864514
-0.23487 -0.097368 -0.108386 -0.226062 -0.225949 -0.0884495
-0.235619 -0.100622 -0.111685 -0.227147 -0.226723 -0.0918618
-0.236155 -0.105288 -0.115991 -0.227927 -0.22699 -0.0964722
-0.236624 -0.111247 -0.121226 -0.22851 -0.227261 -0.102222
-0.237077 -0.11821 -0.127847 -0.229181 -0.227408 -0.109047
-0.23716 -0.125692 -0.135724 -0.229744 -0.227722 -0.116699
-0.237232 -0.133511 -0.143688 -0.230231 -0.227919 -0.124962
-0.237422 -0.141605 -0.151695 -0.230447 -0.228071 -0.133492
-0.237583 -0.150079 -0.159814 -0.23064 -0.228174 -0.142087
-0.237772 -0.158424 -0.167701 -0.230744 -0.228129 -0.150319
-0.237573 -0.166782 -0.176537 -0.229745 -0.227431 -0.158749
-0.236418 -0.175976 -0.19037 -0.227346 -0.225234 -0.168876
-0.23533 -0.185259 -0.205995 -0.225668 -0.223585 -0.179675
-0.23412 -0.194398 -0.219795 -0.223845 -0.221966 -0.190241
-0.231719 -0.204433 -0.232626 -0.22037 -0.219177 -0.203074
-0.229659 -0.210231 -0.233853 -0.216669 -0.216674 -0.210232
-0.227113 -0.208414 -0.231595 -0.212902 -0.213956 -0.207329
-0.222496 -0.208367 -0.229204 -0.209008 -0.210573 -0.206883
-0.217604 -0.208292 -0.225965 -0.205408 -0.205277 -0.206784
-0.211748 -0.207997 -0.223858 -0.201775 -0.199335 -0.207335
-0.205953 -0.207369 -0.223017 -0.196245 -0.194248 -0.206814
-0.199169 -0.207322 -0.221848 -0.188955 -0.188438 -0.206114
-0.191812 -0.207758 -0.221795 -0.180838 -0.181233 -0.205715
-0.183381 -0.207897 -0.221796 -0.172079 -0.172526 -0.205376
-0.174085 -0.208035 -0.222121 -0.162943 -0.162531 -0.205567
-0.163868 -0.20883 -0.222577 -0.154093 -0.152101 -0.206257
-0.155387 -0.209755 -0.222788 -0.147273 -0.143453 -0.207176
-0.144788 -0.211121 -0.223229 -0.139415 -0.132831 -0.208873
-0.134765 -0.212521 -0.224109 -0.132492 -0.122748 -0.210653
-0.125707 -0.213913 -0.225134 -0.12611 -0.113198 -0.212448
-0.118146 -0.215471 -0.225804 -0.120753 -0.105189 -0.214103
-0.112364 -0.21712 -0.226756 -0.116047 -0.0983562 -0.215486
-0.107778 -0.218542 -0.227923 -0.111921 -0.0930378 -0.21669
-0.104486 -0.219838 -0.229314 -0.108595 -0.0896392 -0.217912
-0.102817 -0.220824 -0.230628 -0.106062 -0.0881191 -0.219039
-0.102488 -0.221716 -0.23142 -0.1047 -0.088471 -0.219954
-0.103422 -0.222914 -0.232408 -0.104357 -0.0902464 -0.220984
-0.10564 -0.223845 -0.233069 -0.105643 -0.093321 -0.222109
-0.109101 -0.224639 -0.233451 -0.108068 -0.0976132 -0.223262
-0.113772 -0.22538 -0.233836 -0.111844 -0.103303 -0.224311
-0.11967 -0.225981 -0.234328 -0.116883 -0.109819 -0.225083
-0.126689 -0.226597 -0.234515 -0.122891 -0.117214 -0.225669
-0.134335 -0.227029 -0.234828 -0.129524 -0.125322 -0.226098
-0.142535 -0.227472 -0.234962 -0.13661 -0.133764 -0.226332
-0.150777 -0.227842 -0.234965 -0.144357 -0.14209 -0.226555
-0.159117 -0.227958 -0.235058 -0.152891 -0.15033 -0.226762
-0.167036 -0.227853 -0.235233 -0.161466 -0.158369 -0.226897
-0.175511 -0.227196 -0.233692 -0.171677 -0.16712 -0.225858
-0.18651 -0.226127 -0.230283 -0.18523 -0.178537 -0.224521
-0.197325 -0.225597 -0.228572 -0.197644 -0.190465 -0.223807
-0.205131 -0.224245 -0.226023 -0.209916 -0.199909 -0.222744
-0.211976 -0.222224 -0.223359 -0.221808 -0.208946 -0.220404
-0.218793 -0.218707 -0.220635 -0.228226 -0.217515 -0.216972
-0.221285 -0.214803 -0.216719 -0.227818 -0.220265 -0.213645
-0.219632 -0.210151 -0.213266 -0.224307 -0.218968 -0.208946
-0.219441 -0.206666 -0.210534 -0.223105 -0.21916 -0.205234
-0.218572 -0.201878 -0.207419 -0.219681 -0.219219 -0.200502
-0.218483 -0.196533 -0.202516 -0.217702 -0.219407 -0.195151
-0.218585 -0.189958 -0.195757 -0.215582 -0.219352 -0.188708
-0.219176 -0.182643 -0.187413 -0.214725 -0.2196 -0.181256
-0.219404 -0.174476 -0.178371 -0.214605 -0.219847 -0.173078
-0.219877 -0.165628 -0.168918 -0.214492 -0.220261 -0.164239
-0.220684 -0.156389 -0.159602 -0.214854 -0.220775 -0.155006
-0.221923 -0.147091 -0.150598 -0.215164 -0.221584 -0.145668
-0.223311 -0.137773 -0.142409 -0.215946 -0.223053 -0.136267
-0.22446 -0.12896 -0.134925 -0.2169 -0.224377 -0.127329
-0.225827 -0.120599 -0.127916 -0.21792 -0.225466 -0.118885
-0.227053 -0.113337 -0.121725 -0.219446 -0.226545 -0.111381
-0.227778 -0.107061 -0.116311 -0.221007 -0.227341 -0.104711
-0.228614 -0.101557 -0.111945 -0.222563 -0.227992 -0.0991198
-0.229463 -0.0973728 -0.108806 -0.224185 -0.228627 -0.094852
-0.230157 -0.0947857 -0.106648 -0.225727 -0.229094 -0.0922142
-0.230874 -0.0936721 -0.10623 -0.227096 -0.229555 -0.0914207
-0.231473 -0.0939506 -0.106774 -0.22832 -0.230242 -0.091859
-0.231928 -0.0957108 -0.108396 -0.229536 -0.230958 -0.0935221
-0.232553 -0.098799 -0.111672 -0.230562 -0.231338 -0.096722
-0.233028 -0.103145 -0.115844 -0.231582 -0.23161 -0.101109
-0.233439 -0.108741 -0.120893 -0.232434 -0.231859 -0.106698
-0.233682 -0.115718 -0.12735 -0.233033 -0.232109 -0.113319
-0.233956 -0.123136 -0.134892 -0.233602 -0.232263 -0.120932
-0.234253 -0.130907 -0.142965 -0.234131 -0.23227 -0.129039
-0.234365 -0.139063 -0.150947 -0.234411 -0.232314 -0.137542
-0.234481 -0.147506 -0.158896 -0.234717 -0.232344 -0.146117
-0.234528 -0.155795 -0.166614 -0.234839 -0.232257 -0.154546
-0.234222 -0.164052 -0.175374 -0.233985 -0.231758 -0.163041
-0.233007 -0.173126 -0.189009 -0.231487 -0.230208 -0.17341
-0.231687 -0.182411 -0.204316 -0.229706 -0.22892 -0.183794
-0.230396 -0.191817 -0.218046 -0.227747 -0.22734 -0.193593
-0.22863 -0.201101 -0.230664 -0.225054 -0.225253 -0.203541
-0.225633 -0.208701 -0.238195 -0.221701 -0.22277 -0.212286
-0.222819 -0.213935 -0.238108 -0.217993 -0.219865 -0.212118
-0.218257 -0.212294 -0.234606 -0.21391 -0.215342 -0.210213
-0.212887 -0.212368 -0.232099 -0.209405 -0.21137 -0.209547
-0.206865 -0.212168 -0.228952 -0.205525 -0.204802 -0.208648
-0.201435 -0.211387 -0.22712 -0.200551 -0.199063 -0.207731
-0.194921 -0.210583 -0.22611 -0.193896 -0.192856 -0.206596
-0.188166 -0.210991 -0.225391 -0.185905 -0.185835 -0.205548
-0.180544 -0.211034 -0.224918 -0.177409 -0.177745 -0.20461
-0.171874 -0.210802 -0.22505 -0.1684 -0.168713 -0.204233
-0.161879 -0.210815 -0.225367 -0.159392 -0.159037 -0.204463
-0.151599 -0.211272 -0.225893 -0.150733 -0.149094 -0.205116
-0.141106 -0.212213 -0.226429 -0.142708 -0.138917 -0.206345
-0.130829 -0.213664 -0.227118 -0.135329 -0.128927 -0.20793
-0.121696 -0.214901 -0.228039 -0.12892 -0.119479 -0.209614
-0.114065 -0.21636 -0.229147 -0.123273 -0.111007 -0.211341
-0.107526 -0.217852 -0.230362 -0.11865 -0.104375 -0.212846
-0.102453 -0.219205 -0.231546 -0.114528 -0.0995072 -0.214206
-0.0987358 -0.220373 -0.232887 -0.110955 -0.0963732 -0.21523
-0.0969736 -0.221751 -0.234146 -0.108274 -0.094628 -0.216236
-0.0965628 -0.22323 -0.235154 -0.106784 -0.0945568 -0.217245
-0.0977275 -0.224601 -0.235937 -0.106721 -0.0958045 -0.218473
-0.100294 -0.225274 -0.23648 -0.108377 -0.09845 -0.21985
-0.104119 -0.226049 -0.237105 -0.111277 -0.102776 -0.221126
-0.109195 -0.226762 -0.237618 -0.115079 -0.108355 -0.222012
-0.11551 -0.227508 -0.237954 -0.119924 -0.114836 -0.222655
-0.122825 -0.228073 -0.238274 -0.12589 -0.122123 -0.223161
-0.13075 -0.228438 -0.238473 -0.132528 -0.129685 -0.223548
-0.138997 -0.228906 -0.238423 -0.139797 -0.137482 -0.223924
-0.147297 -0.22905 -0.238348 -0.14794 -0.145356 -0.224233
-0.15539 -0.229268 -0.238209 -0.156592 -0.153325 -0.224461
-0.163306 -0.229409 -0.238075 -0.164846 -0.161252 -0.224438
-0.171355 -0.228808 -0.236953 -0.173413 -0.16933 -0.22344
-0.181998 -0.227819 -0.23358 -0.186028 -0.180311 -0.222053
-0.193428 -0.22713 -0.231802 -0.197387 -0.192245 -0.221224
-0.201551 -0.225943 -0.229443 -0.208699 -0.201382 -0.220223
-0.208779 -0.223874 -0.226553 -0.219693 -0.209685 -0.217988
-0.21532 -0.220743 -0.223941 -0.228458 -0.216296 -0.21484
-0.216323 -0.216329 -0.220999 -0.229192 -0.215786 -0.210961
-0.216298 -0.211117 -0.218584 -0.228523 -0.215627 -0.206162
-0.215557 -0.206356 -0.215346 -0.226501 -0.215216 -0.20116
-0.214759 -0.201859 -0.21127 -0.224775 -0.214773 -0.196525
-0.214214 -0.196624 -0.205788 -0.223042 -0.213414 -0.191558
-0.213847 -0.188718 -0.196688 -0.22118 -0.21321 -0.183651
-0.213937 -0.181169 -0.188522 -0.220341 -0.213318 -0.175967
-0.214308 -0.172745 -0.179825 -0.219648 -0.213778 -0.167573
-0.215011 -0.163645 -0.170555 -0.219606 -0.214623 -0.158581
-0.215869 -0.154432 -0.160922 -0.219672 -0.215613 -0.149429
-0.216896 -0.14521 -0.15149 -0.220332 -0.216878 -0.140091
-0.218049 -0.136215 -0.142606 -0.221175 -0.218141 -0.131092
-0.219182 -0.127695 -0.134485 -0.222277 -0.21927 -0.122268
-0.220076 -0.119667 -0.127248 -0.22359 -0.220287 -0.114069
-0.22098 -0.112553 -0.121181 -0.225054 -0.221125 -0.106682
-0.221914 -0.106303 -0.116179 -0.22661 -0.222044 -0.100117
-0.22275 -0.10121 -0.112267 -0.228128 -0.222882 -0.0947911
-0.223591 -0.0976351 -0.109455 -0.229591 -0.22367 -0.090833
-0.224343 -0.0953221 -0.107685 -0.230917 -0.22448 -0.0887291
-0.225125 -0.0941943 -0.107354 -0.232153 -0.22542 -0.0882987
-0.22584 -0.0949842 -0.107696 -0.233151 -0.226295 -0.0887763
-0.226507 -0.0972231 -0.109769 -0.234158 -0.22702 -0.0907365
-0.227155 -0.100701 -0.113081 -0.234902 -0.227526 -0.0941076
-0.227935 -0.105335 -0.117679 -0.23545 -0.228053 -0.0988274
-0.228655 -0.111195 -0.1234 -0.235873 -0.228536 -0.104642
-0.229168 -0.118077 -0.130433 -0.236386 -0.228904 -0.111572
-0.229387 -0.125515 -0.138189 -0.236797 -0.229053 -0.11948
-0.229581 -0.133458 -0.1461 -0.237112 -0.22929 -0.127976
-0.229776 -0.141889 -0.154282 -0.237336 -0.229381 -0.136629
-0.22997 -0.150335 -0.162309 -0.237464 -0.229362 -0.145212
-0.230005 -0.15857 -0.170145 -0.237319 -0.229504 -0.153475
-0.229452 -0.167199 -0.179888 -0.235839 -0.22872 -0.162441
-0.22797 -0.176675 -0.194138 -0.233504 -0.227126 -0.173112
-0.226514 -0.186505 -0.208851 -0.231795 -0.225733 -0.183796
-0.225099 -0.1966 -0.221889 -0.229779 -0.223768 -0.194408
-0.222983 -0.20559 -0.233446 -0.22697 -0.221264 -0.204934
-0.22036 -0.212556 -0.236017 -0.223229 -0.218374 -0.213964
-0.218079 -0.218093 -0.235239 -0.219101 -0.21641 -0.217406
-0.21491 -0.218935 -0.232496 -0.213962 -0.212846 -0.215015
-0.20847 -0.219058 -0.229454 -0.209113 -0.20863 -0.214096
-0.202354 -0.219243 -0.224573 -0.205196 -0.201292 -0.214184
-0.195849 -0.218723 -0.222607 -0.200433 -0.194528 -0.214038
-0.189291 -0.217767 -0.221604 -0.193663 -0.188041 -0.212654
-0.182495 -0.217692 -0.219971 -0.185678 -0.18138 -0.211324
-0.175171 -0.217611 -0.219818 -0.176996 -0.173342 -0.210502
-0.166089 -0.217076 -0.219865 -0.167991 -0.164299 -0.209814
-0.156211 -0.216937 -0.219983 -0.159029 -0.154535 -0.209895
-0.145354 -0.217181 -0.220554 -0.150612 -0.144362 -0.21047
-0.134434 -0.218326 -0.220913 -0.142683 -0.134121 -0.2117
-0.12419 -0.219685 -0.221619 -0.135395 -0.124226 -0.213269
-0.115547 -0.221064 -0.222661 -0.128997 -0.114686 -0.214897
-0.108496 -0.222106 -0.224097 -0.123539 -0.106658 -0.216054
-0.102655 -0.223191 -0.225581 -0.118859 -0.100493 -0.217026
-0.0981446 -0.224092 -0.226843 -0.114845 -0.0960712 -0.218176
-0.0948535 -0.224865 -0.228463 -0.111289 -0.0934199 -0.219328
-0.0932638 -0.225883 -0.229864 -0.108975 -0.0922125 -0.220243
-0.0929776 -0.226936 -0.230841 -0.107891 -0.0925484 -0.221225
-0.0945628 -0.228066 -0.231828 -0.108492 -0.0942622 -0.22222
-0.0975494 -0.229075 -0.232334 -0.11055 -0.0972307 -0.223392
-0.101666 -0.229956 -0.23291 -0.113771 -0.101707 -0.224271
-0.107158 -0.230664 -0.233601 -0.117987 -0.107428 -0.224908
-0.113835 -0.231047 -0.234251 -0.123353 -0.113979 -0.225402
-0.121264 -0.231354 -0.23471 -0.129682 -0.121501 -0.225647
-0.129123 -0.231599 -0.235013 -0.136713 -0.129899 -0.22584
-0.137141 -0.231723 -0.235241 -0.144205 -0.13802 -0.226054
-0.146997 -0.23176 -0.235429 -0.154564 -0.147724 -0.226111
-0.155159 -0.231553 -0.235683 -0.16319 -0.155679 -0.226118
-0.162878 -0.230959 -0.235677 -0.171416 -0.163312 -0.225802
-0.172564 -0.229631 -0.232758 -0.182715 -0.17298 -0.224559
-0.184611 -0.228572 -0.230399 -0.195751 -0.184853 -0.223352
-0.194545 -0.227976 -0.228239 -0.199453 -0.195281 -0.222561
-0.201418 -0.227457 -0.224423 -0.199709 -0.203046 -0.221787
-0.2004 -0.225764 -0.2208 -0.199173 -0.205599 -0.220182
-0.202029 -0.223534 -0.218948 -0.195505 -0.206218 -0.217578
-0.203576 -0.220299 -0.218114 -0.192817 -0.208041 -0.214315
-0.204189 -0.216469 -0.216147 -0.191015 -0.210344 -0.209995
-0.204867 -0.21193 -0.212089 -0.190181 -0.21077 -0.205828
-0.205204 -0.206528 -0.206148 -0.189445 -0.211177 -0.200619
-0.205629 -0.199992 -0.198585 -0.18912 -0.211054 -0.194123
-0.206354 -0.192433 -0.190762 -0.189419 -0.211898 -0.186428
-0.207361 -0.184116 -0.182679 -0.189805 -0.213429 -0.177849
-0.208813 -0.175174 -0.174322 -0.190067 -0.214708 -0.168744
-0.210899 -0.165544 -0.165311 -0.190551 -0.216829 -0.159247
-0.213128 -0.155742 -0.155969 -0.191375 -0.218779 -0.149657
-0.215236 -0.146269 -0.146718 -0.19287 -0.220779 -0.140188
-0.217133 -0.137078 -0.137773 -0.19444 -0.222604 -0.131108
-0.218965 -0.12843 -0.129856 -0.196331 -0.224219 -0.122312
-0.2209 -0.120419 -0.1231 -0.198244 -0.2259 -0.114182
-0.222704 -0.113176 -0.117905 -0.200395 -0.227615 -0.106772
-0.2245 -0.107091 -0.113635 -0.20213 -0.229386 -0.100236
-0.226194 -0.102588 -0.110259 -0.204083 -0.230996 -0.0952545
-0.227744 -0.0995527 -0.107616 -0.20593 -0.232569 -0.0917988
-0.229019 -0.0976964 -0.106266 -0.207807 -0.233623 -0.0901825
-0.230171 -0.0972583 -0.106043 -0.209608 -0.234652 -0.0902357
-0.231223 -0.0984673 -0.106865 -0.210834 -0.235652 -0.0912334
-0.232441 -0.100872 -0.109345 -0.211847 -0.236607 -0.093598
-0.233406 -0.104533 -0.11302 -0.212831 -0.237448 -0.0972896
-0.233889 -0.10947 -0.117821 -0.213715 -0.238223 -0.102272
-0.234246 -0.115506 -0.123575 -0.214593 -0.238525 -0.10856
-0.234527 -0.122549 -0.130548 -0.215349 -0.238672 -0.115993
-0.234654 -0.130494 -0.138475 -0.215789 -0.238702 -0.123992
-0.234765 -0.138804 -0.146596 -0.216203 -0.238806 -0.132148
-0.234796 -0.147356 -0.154882 -0.216349 -0.238922 -0.140672
-0.234664 -0.155532 -0.162816 -0.216384 -0.238988 -0.14899
-0.234695 -0.163517 -0.170515 -0.216231 -0.238917 -0.157197
-0.233517 -0.172364 -0.182759 -0.213568 -0.237543 -0.166932
-0.232397 -0.181831 -0.199248 -0.211899 -0.23605 -0.177548
-0.231028 -0.19142 -0.214971 -0.210264 -0.234556 -0.187826
-0.229218 -0.201414 -0.228436 -0.207887 -0.232681 -0.198326
-0.226842 -0.209479 -0.233982 -0.204692 -0.230135 -0.208234
-0.224769 -0.211255 -0.234304 -0.200476 -0.228239 -0.216357
-0.221648 -0.208802 -0.231842 -0.195448 -0.225819 -0.222688
-0.218731 -0.208473 -0.230117 -0.190753 -0.22158 -0.22339
-0.212495 -0.208343 -0.225999 -0.1869 -0.214634 -0.223502
-0.205855 -0.208443 -0.222159 -0.183553 -0.208634 -0.223217
-0.199456 -0.208023 -0.220764 -0.178285 -0.20199 -0.222515
-0.192826 -0.206876 -0.220021 -0.171031 -0.195385 -0.221738
-0.185732 -0.206647 -0.21873 -0.162487 -0.188099 -0.220527
-0.177564 -0.207035 -0.218292 -0.153717 -0.179821 -0.219888
-0.168299 -0.207446 -0.217981 -0.145452 -0.170608 -0.219863
-0.157962 -0.208161 -0.218053 -0.137792 -0.160563 -0.220254
-0.14504 -0.210189 -0.218462 -0.129819 -0.148227 -0.22137
-0.134427 -0.212244 -0.218874 -0.123995 -0.138696 -0.222411
-0.125158 -0.214511 -0.219372 -0.118785 -0.129906 -0.223643
-0.117441 -0.216083 -0.220417 -0.114054 -0.121841 -0.224774
-0.11127 -0.217168 -0.221852 -0.109845 -0.114981 -0.225753
-0.106162 -0.218033 -0.223399 -0.106419 -0.109289 -0.226566
-0.102633 -0.219083 -0.224508 -0.103358 -0.105084 -0.227386
-0.101069 -0.22018 -0.225672 -0.100564 -0.102348 -0.228043
-0.100864 -0.221416 -0.226752 -0.0986204 -0.101203 -0.228679
-0.101164 -0.222731 -0.227747 -0.0979748 -0.101696 -0.22949
-0.103058 -0.224576 -0.228624 -0.0983077 -0.104142 -0.2305
-0.106227 -0.226043 -0.229132 -0.0999598 -0.10829 -0.231264
-0.110637 -0.227576 -0.229536 -0.102806 -0.113753 -0.231677
-0.116302 -0.229068 -0.229999 -0.106944 -0.12019 -0.232103
-0.123158 -0.230089 -0.230355 -0.111894 -0.127241 -0.232385
-0.130625 -0.231146 -0.230545 -0.117761 -0.134815 -0.232459
-0.138514 -0.232431 -0.230603 -0.123949 -0.142686 -0.23245
-0.146603 -0.233982 -0.230541 -0.130588 -0.150836 -0.232368
-0.15453 -0.23516 -0.230561 -0.137729 -0.158999 -0.232205
-0.162414 -0.236003 -0.230525 -0.1453 -0.16692 -0.231852
-0.170131 -0.23641 -0.230046 -0.153911 -0.174672 -0.231191
-0.180071 -0.235586 -0.226768 -0.168364 -0.184059 -0.229556
-0.190934 -0.234427 -0.224599 -0.183763 -0.194672 -0.228506
-0.198758 -0.233384 -0.222392 -0.198481 -0.202402 -0.227553
-0.205932 -0.231476 -0.219779 -0.207115 -0.201615 -0.225292
-0.213634 -0.228621 -0.217984 -0.206891 -0.201276 -0.222744
-0.216615 -0.224706 -0.21476 -0.205364 -0.200039 -0.22102
-0.217126 -0.220428 -0.211514 -0.204092 -0.199331 -0.218614
-0.21706 -0.216884 -0.209339 -0.20241 -0.198605 -0.21465
-0.217071 -0.21261 -0.205626 -0.201402 -0.198764 -0.209546
-0.216813 -0.207168 -0.200042 -0.201123 -0.198552 -0.203768
-0.216757 -0.200355 -0.192895 -0.200768 -0.198406 -0.197161
-0.217431 -0.192565 -0.184879 -0.201549 -0.199033 -0.189635
-0.21778 -0.183992 -0.176307 -0.202148 -0.199939 -0.18122
-0.218421 -0.174804 -0.167453 -0.203098 -0.201428 -0.172117
-0.219567 -0.165245 -0.158704 -0.20401 -0.203117 -0.162648
-0.221077 -0.155925 -0.150182 -0.205083 -0.204927 -0.153109
-0.222779 -0.146963 -0.141765 -0.206676 -0.206982 -0.143713
-0.224275 -0.13827 -0.13388 -0.208492 -0.208812 -0.134801
-0.22599 -0.129896 -0.126906 -0.210251 -0.210316 -0.126528
-0.227729 -0.122336 -0.120914 -0.211986 -0.212041 -0.118794
-0.229437 -0.115695 -0.115836 -0.213666 -0.213931 -0.111675
-0.231053 -0.110146 -0.11178 -0.215474 -0.215956 -0.105788
-0.232515 -0.105674 -0.108476 -0.21725 -0.217925 -0.101406
-0.233859 -0.102495 -0.105638 -0.218769 -0.219814 -0.0988124
-0.235188 -0.100891 -0.104358 -0.220213 -0.22142 -0.097917
-0.236642 -0.100941 -0.104442 -0.221785 -0.223033 -0.0984852
-0.237665 -0.102747 -0.105748 -0.222858 -0.224357 -0.100033
-0.238792 -0.105991 -0.108513 -0.223815 -0.225574 -0.102926
-0.239504 -0.110414 -0.112483 -0.224586 -0.226524 -0.107189
-0.240079 -0.115775 -0.117535 -0.225399 -0.227356 -0.112829
-0.240617 -0.122256 -0.123882 -0.225704 -0.228085 -0.119668
-0.241204 -0.12958 -0.131031 -0.226041 -0.228723 -0.127163
-0.241544 -0.137631 -0.138862 -0.22623 -0.229076 -0.134966
-0.241702 -0.146116 -0.14665 -0.226454 -0.229397 -0.143088
-0.241689 -0.154926 -0.154535 -0.226519 -0.229584 -0.151485
-0.241623 -0.163413 -0.162162 -0.22664 -0.229594 -0.159751
-0.240993 -0.171792 -0.170977 -0.22549 -0.228948 -0.168147
-0.23982 -0.181065 -0.185053 -0.223167 -0.227446 -0.177565
-0.238532 -0.190696 -0.201533 -0.221832 -0.226113 -0.186738
-0.237157 -0.200345 -0.21588 -0.21999 -0.224534 -0.195432
-0.235236 -0.209804 -0.228541 -0.21734 -0.222424 -0.204684
-0.232263 -0.211679 -0.236214 -0.21402 -0.219407 -0.212906
-0.227478 -0.210414 -0.235703 -0.210452 -0.215922 -0.21996
-0.22499 -0.209093 -0.23331 -0.206167 -0.211279 -0.225296
-0.221119 -0.207407 -0.231713 -0.201176 -0.206176 -0.224958
-0.216253 -0.206249 -0.229407 -0.196693 -0.200394 -0.225899
-0.20991 -0.204557 -0.225611 -0.192272 -0.194815 -0.226972
-0.202807 -0.203558 -0.22403 -0.186121 -0.188408 -0.227016
-0.194835 -0.202797 -0.222795 -0.178589 -0.181309 -0.226439
-0.186637 -0.202233 -0.22036 -0.170111 -0.173211 -0.2259
-0.177935 -0.202008 -0.219424 -0.161189 -0.164545 -0.225419
-0.168735 -0.202077 -0.219282 -0.152364 -0.155495 -0.225133
-0.159417 -0.202483 -0.218937 -0.143951 -0.145767 -0.224896
-0.149889 -0.203511 -0.219372 -0.136397 -0.136028 -0.224987
-0.14066 -0.205093 -0.219635 -0.12973 -0.127086 -0.225277
-0.132336 -0.20668 -0.22033 -0.124064 -0.118531 -0.2259
-0.124514 -0.207996 -0.221417 -0.119076 -0.110714 -0.226783
-0.118103 -0.209284 -0.222615 -0.114715 -0.104432 -0.227675
-0.113303 -0.21086 -0.223633 -0.111044 -0.0997109 -0.228399
-0.110803 -0.212257 -0.225059 -0.108258 -0.0963419 -0.229097
-0.109634 -0.213355 -0.226287 -0.105991 -0.0944621 -0.22981
-0.109532 -0.214779 -0.227237 -0.104788 -0.0936809 -0.230747
-0.110174 -0.216345 -0.227651 -0.10451 -0.0945072 -0.231784
-0.112223 -0.217514 -0.22804 -0.105171 -0.0969996 -0.233143
-0.115506 -0.218281 -0.22844 -0.10734 -0.101135 -0.234175
-0.120071 -0.219205 -0.2291 -0.110824 -0.106382 -0.234941
-0.125934 -0.22018 -0.229567 -0.115365 -0.112599 -0.235426
-0.13277 -0.221095 -0.229759 -0.120961 -0.119801 -0.235865
-0.140269 -0.221724 -0.229974 -0.127332 -0.127649 -0.236071
-0.148003 -0.222291 -0.230316 -0.134236 -0.135589 -0.236059
-0.155994 -0.222704 -0.230377 -0.141582 -0.143588 -0.236069
-0.164088 -0.222804 -0.230591 -0.149423 -0.151562 -0.236045
-0.171889 -0.222862 -0.230581 -0.157726 -0.159439 -0.235945
-0.179727 -0.222637 -0.229447 -0.167203 -0.167682 -0.235093
-0.188924 -0.22194 -0.226123 -0.180793 -0.179478 -0.233466
-0.197448 -0.221538 -0.223989 -0.193617 -0.192162 -0.232469
-0.20305 -0.220467 -0.222145 -0.206169 -0.199039 -0.231181
-0.208395 -0.21781 -0.220357 -0.216507 -0.200024 -0.228346
-0.213717 -0.213139 -0.219203 -0.216285 -0.200919 -0.225788
-0.218404 -0.208852 -0.217029 -0.214471 -0.200447 -0.22364
-0.222675 -0.204953 -0.213069 -0.214882 -0.199101 -0.221151
-0.221998 -0.20027 -0.209123 -0.214295 -0.196666 -0.217625
-0.221671 -0.196179 -0.204796 -0.212979 -0.196325 -0.212238
-0.221883 -0.189079 -0.198532 -0.21084 -0.196965 -0.203973
-0.22294 -0.182014 -0.192119 -0.209604 -0.198473 -0.196096
-0.224184 -0.173959 -0.18397 -0.209052 -0.199975 -0.187896
-0.225303 -0.165517 -0.174761 -0.208707 -0.201361 -0.179587
-0.226432 -0.156695 -0.164926 -0.208816 -0.202725 -0.170813
-0.227287 -0.147619 -0.154843 -0.20948 -0.204096 -0.161936
-0.228226 -0.138425 -0.145464 -0.210513 -0.205724 -0.152721
-0.229276 -0.129463 -0.137581 -0.211652 -0.207613 -0.14364
-0.230527 -0.120869 -0.131042 -0.212871 -0.209386 -0.134798
-0.232153 -0.113132 -0.125157 -0.214122 -0.211233 -0.126609
-0.233701 -0.106361 -0.120188 -0.215655 -0.21306 -0.1192
-0.235217 -0.100613 -0.115872 -0.217001 -0.214527 -0.113032
-0.236616 -0.0954718 -0.112068 -0.218269 -0.215854 -0.108111
-0.238003 -0.0918776 -0.108946 -0.219818 -0.217224 -0.104292
-0.239053 -0.0895443 -0.106341 -0.220948 -0.218223 -0.102156
-0.240359 -0.0886635 -0.105321 -0.222294 -0.219426 -0.101783
-0.241368 -0.0894147 -0.105627 -0.223431 -0.2205 -0.102518
-0.242345 -0.0914791 -0.107374 -0.224164 -0.221711 -0.10462
-0.243431 -0.0948093 -0.110445 -0.224935 -0.222752 -0.107965
-0.244251 -0.0995554 -0.114947 -0.225511 -0.223628 -0.112589
-0.244929 -0.105418 -0.120348 -0.226096 -0.224112 -0.118317
-0.245281 -0.112649 -0.126843 -0.226832 -0.224512 -0.125435
-0.245308 -0.120574 -0.134281 -0.227561 -0.224549 -0.133264
-0.24521 -0.128885 -0.142151 -0.228114 -0.224467 -0.141612
-0.245038 -0.137053 -0.149881 -0.228338 -0.224399 -0.150157
-0.245004 -0.145206 -0.157672 -0.22862 -0.224369 -0.158538
-0.245023 -0.153097 -0.165233 -0.228484 -0.224313 -0.166636
-0.244294 -0.162199 -0.176227 -0.226509 -0.223197 -0.175187
-0.243336 -0.172631 -0.191851 -0.224533 -0.221783 -0.184146
-0.242343 -0.183488 -0.207927 -0.222999 -0.22035 -0.192711
-0.241031 -0.194687 -0.221915 -0.220727 -0.218547 -0.201424
-0.238988 -0.204788 -0.233802 -0.217585 -0.21583 -0.21027
-0.236046 -0.212957 -0.237307 -0.213443 -0.212845 -0.217768
-0.233198 -0.211786 -0.236405 -0.209012 -0.210213 -0.22397
-0.229732 -0.210504 -0.233442 -0.203831 -0.206459 -0.230088
-0.225459 -0.209508 -0.231055 -0.198576 -0.200778 -0.230663
-0.219097 -0.209036 -0.227 -0.19446 -0.193113 -0.230772
-0.212081 -0.20834 -0.223749 -0.190155 -0.186361 -0.229945
-0.204642 -0.207479 -0.222409 -0.183811 -0.179751 -0.229464
-0.196942 -0.206623 -0.221189 -0.176086 -0.173363 -0.228276
-0.189018 -0.206657 -0.219849 -0.167441 -0.165748 -0.227259
-0.180673 -0.206665 -0.219449 -0.158666 -0.157075 -0.226892
-0.171275 -0.206748 -0.219194 -0.150118 -0.147689 -0.226836
-0.161086 -0.207239 -0.219579 -0.142184 -0.137731 -0.22728
-0.15093 -0.208447 -0.220172 -0.135099 -0.127772 -0.227745
-0.141441 -0.210224 -0.220682 -0.128671 -0.118617 -0.22837
-0.133156 -0.211814 -0.221643 -0.123104 -0.110082 -0.229076
-0.125926 -0.213051 -0.222901 -0.118317 -0.102498 -0.230029
-0.119996 -0.214087 -0.224258 -0.113834 -0.0961267 -0.230962
-0.115191 -0.215525 -0.225172 -0.11007 -0.0914382 -0.231704
-0.112118 -0.216975 -0.226384 -0.106804 -0.0883309 -0.232685
-0.11089 -0.21797 -0.227802 -0.104699 -0.0864605 -0.233466
-0.110984 -0.219041 -0.229072 -0.103688 -0.0862918 -0.23423
-0.112935 -0.220194 -0.230265 -0.103887 -0.0885172 -0.235275
-0.116014 -0.221134 -0.230859 -0.105529 -0.0922111 -0.236218
-0.120028 -0.222249 -0.231316 -0.108495 -0.0972949 -0.237185
-0.125361 -0.223164 -0.231842 -0.112852 -0.10327 -0.237919
-0.13171 -0.22374 -0.232248 -0.118353 -0.110107 -0.238497
-0.138921 -0.224376 -0.232519 -0.124699 -0.11769 -0.238978
-0.146651 -0.224862 -0.23276 -0.1315 -0.125793 -0.239356
-0.154926 -0.225066 -0.232917 -0.138766 -0.134027 -0.239487
-0.163166 -0.224987 -0.233133 -0.146721 -0.142214 -0.239523
-0.171289 -0.224864 -0.233207 -0.155 -0.150243 -0.239434
-0.179143 -0.224672 -0.233212 -0.163397 -0.158004 -0.238858
-0.187619 -0.223971 -0.230671 -0.175477 -0.168484 -0.237195
-0.19665 -0.223465 -0.228273 -0.189415 -0.181721 -0.236042
-0.202788 -0.22274 -0.226225 -0.201905 -0.193593 -0.235133
-0.207449 -0.221202 -0.223844 -0.214182 -0.197593 -0.233404
-0.212137 -0.217616 -0.222502 -0.21707 -0.198818 -0.229917
-0.216886 -0.213319 -0.220959 -0.21606 -0.199231 -0.2278
-0.221388 -0.208974 -0.217791 -0.2159 -0.198459 -0.225554
-0.223787 -0.204702 -0.213621 -0.216088 -0.19666 -0.222659
-0.223079 -0.19995 -0.209408 -0.214994 -0.195098 -0.218299
-0.222918 -0.195279 -0.204572 -0.212781 -0.195112 -0.212248
-0.22309 -0.188925 -0.198541 -0.210188 -0.195821 -0.205034
-0.224118 -0.181634 -0.19156 -0.209243 -0.197471 -0.197067
-0.22498 -0.173413 -0.183106 -0.208628 -0.198926 -0.18873
-0.22603 -0.164899 -0.173791 -0.208497 -0.200047 -0.180308
-0.227048 -0.156025 -0.163792 -0.208679 -0.201182 -0.171355
-0.227707 -0.147103 -0.154188 -0.20943 -0.202318 -0.162393
-0.228281 -0.137958 -0.144841 -0.210215 -0.203897 -0.153215
-0.229419 -0.129065 -0.136828 -0.211185 -0.205689 -0.144365
-0.230931 -0.120679 -0.130232 -0.212298 -0.207535 -0.136071
-0.232629 -0.112956 -0.124516 -0.213419 -0.209576 -0.128341
-0.234333 -0.106079 -0.119321 -0.214732 -0.2116 -0.121456
-0.235851 -0.100348 -0.114593 -0.216035 -0.213344 -0.115732
-0.237139 -0.0960069 -0.110516 -0.217465 -0.214767 -0.111285
-0.238381 -0.0927928 -0.107098 -0.218909 -0.215944 -0.108005
-0.239405 -0.0907834 -0.105238 -0.220497 -0.217124 -0.106451
-0.240438 -0.0901072 -0.104927 -0.221909 -0.218081 -0.106637
-0.241464 -0.0911462 -0.106072 -0.223126 -0.219035 -0.107796
-0.242532 -0.0937621 -0.108562 -0.223943 -0.219995 -0.110353
-0.243557 -0.0977847 -0.112443 -0.224632 -0.22071 -0.113916
-0.244252 -0.102899 -0.117305 -0.225445 -0.221444 -0.118782
-0.244625 -0.109133 -0.123316 -0.226252 -0.221864 -0.125001
-0.244863 -0.116066 -0.130041 -0.226885 -0.222119 -0.132293
-0.245113 -0.123636 -0.137585 -0.227431 -0.222152 -0.140368
-0.245179 -0.131844 -0.145585 -0.227894 -0.222271 -0.148419
-0.245242 -0.140327 -0.153664 -0.228174 -0.222266 -0.156743
-0.245035 -0.148873 -0.161487 -0.2285 -0.222151 -0.164998
-0.244883 -0.157055 -0.169209 -0.228325 -0.222036 -0.173037
-0.243621 -0.16661 -0.181243 -0.226013 -0.220462 -0.181829
-0.242429 -0.177321 -0.197253 -0.22414 -0.219339 -0.190477
-0.241385 -0.188234 -0.212454 -0.22234 -0.217725 -0.197897
-0.239959 -0.199152 -0.225937 -0.219683 -0.215835 -0.20573
-0.237641 -0.20881 -0.234982 -0.216191 -0.212978 -0.213211
-0.235136 -0.21455 -0.235719 -0.211704 -0.210314 -0.21949
-0.232125 -0.212151 -0.233644 -0.206931 -0.208184 -0.224969
-0.229014 -0.211301 -0.232133 -0.201709 -0.204127 -0.229621
-0.223951 -0.210367 -0.228894 -0.197097 -0.197554 -0.229116
-0.217488 -0.210355 -0.224958 -0.193553 -0.190246 -0.228891
-0.210482 -0.209637 -0.223024 -0.188559 -0.183751 -0.228012
-0.202982 -0.20849 -0.222109 -0.181695 -0.177339 -0.227224
-0.193634 -0.207969 -0.220635 -0.172061 -0.16877 -0.225898
-0.185362 -0.208037 -0.219792 -0.163335 -0.160496 -0.225329
-0.176276 -0.208104 -0.219466 -0.154626 -0.151218 -0.225066
-0.166386 -0.208286 -0.219734 -0.146338 -0.141157 -0.225526
-0.156255 -0.209168 -0.220404 -0.138764 -0.131112 -0.225981
-0.146301 -0.210832 -0.220663 -0.131992 -0.121553 -0.226613
-0.137228 -0.212469 -0.221143 -0.126058 -0.112654 -0.227369
-0.129405 -0.213801 -0.222321 -0.120726 -0.104432 -0.228273
-0.122915 -0.214917 -0.223811 -0.11617 -0.0974301 -0.229209
-0.117808 -0.215897 -0.225095 -0.112057 -0.091714 -0.229946
-0.113863 -0.217086 -0.226238 -0.108512 -0.0876696 -0.230763
-0.111682 -0.218279 -0.227721 -0.105568 -0.0851183 -0.231517
-0.110887 -0.219199 -0.229085 -0.103925 -0.0841144 -0.232189
-0.11171 -0.220211 -0.230213 -0.103288 -0.0848833 -0.23275
-0.113749 -0.221011 -0.230847 -0.103825 -0.0873265 -0.233762
-0.117083 -0.222156 -0.231497 -0.10586 -0.0912716 -0.234941
-0.12131 -0.223096 -0.23188 -0.109348 -0.0967539 -0.236114
-0.126639 -0.223886 -0.232201 -0.114057 -0.103179 -0.236993
-0.13319 -0.224585 -0.232501 -0.119928 -0.110316 -0.237637
-0.140572 -0.225132 -0.232622 -0.126344 -0.118119 -0.238108
-0.148742 -0.225285 -0.23282 -0.133232 -0.126434 -0.238324
-0.157221 -0.225294 -0.233148 -0.140906 -0.13471 -0.238342
-0.165558 -0.225063 -0.233202 -0.148769 -0.142857 -0.238328
-0.173528 -0.224854 -0.23324 -0.156929 -0.150816 -0.238226
-0.181182 -0.224304 -0.232803 -0.165624 -0.158607 -0.237642
-0.189783 -0.223461 -0.22989 -0.178949 -0.169955 -0.236134
-0.198291 -0.22266 -0.227581 -0.192973 -0.183445 -0.235138
-0.204193 -0.221719 -0.225391 -0.205423 -0.194874 -0.234201
-0.208911 -0.220042 -0.223037 -0.216693 -0.19838 -0.232219
-0.213579 -0.216194 -0.22173 -0.217372 -0.199488 -0.228874
-0.218567 -0.212137 -0.21965 -0.216179 -0.199442 -0.227004
-0.225074 -0.207065 -0.215584 -0.21647 -0.198764 -0.223961
-0.230586 -0.202994 -0.211242 -0.216018 -0.196599 -0.220713
-0.232344 -0.198603 -0.206285 -0.214812 -0.194851 -0.215978
-0.231957 -0.192854 -0.200865 -0.211978 -0.194054 -0.209554
-0.232486 -0.186102 -0.194821 -0.209214 -0.194747 -0.20173
-0.233334 -0.17862 -0.187851 -0.208172 -0.196579 -0.192988
-0.233667 -0.170451 -0.179446 -0.207454 -0.197982 -0.184136
-0.234297 -0.16169 -0.169798 -0.206581 -0.199101 -0.175435
-0.235239 -0.152787 -0.159765 -0.206566 -0.199797 -0.166712
-0.235879 -0.14371 -0.150092 -0.207082 -0.200501 -0.157864
-0.236442 -0.134826 -0.141189 -0.208399 -0.201963 -0.149013
-0.237057 -0.126167 -0.133614 -0.20923 -0.203524 -0.14045
-0.238131 -0.117872 -0.127379 -0.210287 -0.205183 -0.132254
-0.239588 -0.110571 -0.122089 -0.21128 -0.207169 -0.124638
-0.241162 -0.104122 -0.117658 -0.212537 -0.209408 -0.117833
-0.242413 -0.0986865 -0.113802 -0.213919 -0.211163 -0.112589
-0.243581 -0.0947431 -0.110307 -0.215422 -0.212565 -0.10878
-0.244576 -0.0924868 -0.107597 -0.217004 -0.213564 -0.106162
-0.245506 -0.0915982 -0.106352 -0.218287 -0.214691 -0.105305
-0.246478 -0.0918659 -0.106599 -0.219418 -0.215873 -0.105795
-0.247326 -0.0934519 -0.107909 -0.220399 -0.217094 -0.10738
-0.248325 -0.0963078 -0.110572 -0.221151 -0.218347 -0.110213
-0.249174 -0.10043 -0.114533 -0.221981 -0.219377 -0.114321
-0.249815 -0.106019 -0.119634 -0.222656 -0.220165 -0.119846
-0.250232 -0.112937 -0.125988 -0.223221 -0.220773 -0.126548
-0.250558 -0.120561 -0.133195 -0.223888 -0.221034 -0.133992
-0.250595 -0.12843 -0.140942 -0.224434 -0.221357 -0.142023
-0.250535 -0.136656 -0.148843 -0.224742 -0.221635 -0.150421
-0.250525 -0.145057 -0.156918 -0.225212 -0.221738 -0.158918
-0.250533 -0.15319 -0.164583 -0.225263 -0.22171 -0.167255
-0.250122 -0.161706 -0.173542 -0.224269 -0.221301 -0.175424
-0.248755 -0.17176 -0.187797 -0.221818 -0.219907 -0.184411
-0.247508 -0.182336 -0.204159 -0.21997 -0.218724 -0.192759
-0.246149 -0.193382 -0.218626 -0.217767 -0.217099 -0.200415
-0.244337 -0.203883 -0.23142 -0.214813 -0.214836 -0.208314
-0.241654 -0.210658 -0.240614 -0.211291 -0.211619 -0.215487
-0.237495 -0.208851 -0.241113 -0.207386 -0.208715 -0.221387
-0.23422 -0.207426 -0.239464 -0.20348 -0.204284 -0.22638
-0.230322 -0.205378 -0.237455 -0.198917 -0.199394 -0.227722
-0.225871 -0.204105 -0.235257 -0.194411 -0.194079 -0.227277
-0.219628 -0.202912 -0.232091 -0.190283 -0.188053 -0.226676
-0.212352 -0.202556 -0.229918 -0.184751 -0.181819 -0.226419
-0.204205 -0.202303 -0.228629 -0.177494 -0.174437 -0.226029
-0.196141 -0.202043 -0.227141 -0.169378 -0.16645 -0.225841
-0.187636 -0.201824 -0.22658 -0.160539 -0.157973 -0.22568
-0.178744 -0.202236 -0.2265 -0.151505 -0.148664 -0.225672
-0.169593 -0.202621 -0.226632 -0.143245 -0.138884 -0.225879
-0.159967 -0.203525 -0.227186 -0.135767 -0.128987 -0.226522
-0.150453 -0.204919 -0.227702 -0.12919 -0.119445 -0.227177
-0.141466 -0.206775 -0.228341 -0.12336 -0.110228 -0.228018
-0.221094 -0.123857 -0.142513 -0.230004 -0.204392 -0.143496
-0.22124 -0.115632 -0.134292 -0.230726 -0.205408 -0.135696
-0.221538 -0.108198 -0.12783 -0.231517 -0.206528 -0.128448
-0.222146 -0.101561 -0.122534 -0.232289 -0.207958 -0.121761
-0.223123 -0.0951169 -0.11743 -0.233545 -0.209606 -0.114619
-0.224188 -0.0911394 -0.114025 -0.234651 -0.210989 -0.110023
-0.225387 -0.0882939 -0.111568 -0.235954 -0.212181 -0.107024
-0.226649 -0.0866857 -0.110744 -0.237077 -0.213318 -0.105876
-0.228188 -0.0866768 -0.110815 -0.237836 -0.214634 -0.106077
-0.229769 -0.0881331 -0.112333 -0.238741 -0.215751 -0.10726
-0.231311 -0.0908477 -0.115045 -0.239482 -0.216961 -0.109975
-0.232734 -0.0948803 -0.11909 -0.240061 -0.217968 -0.113844
-0.233976 -0.100154 -0.124038 -0.240945 -0.218823 -0.119103
-0.23458 -0.106362 -0.129933 -0.24173 -0.219436 -0.125434
-0.234991 -0.113481 -0.136511 -0.242414 -0.219741 -0.132695
-0.235251 -0.121402 -0.144145 -0.242997 -0.219819 -0.140591
-0.235873 -0.129591 -0.15216 -0.243155 -0.219936 -0.148391
-0.236208 -0.137807 -0.160367 -0.243339 -0.220019 -0.156647
-0.236592 -0.146146 -0.168338 -0.243102 -0.220333 -0.16469
-0.237023 -0.154056 -0.176094 -0.242559 -0.220473 -0.172695
-0.235981 -0.163847 -0.187597 -0.240122 -0.219555 -0.181365
-0.234589 -0.175511 -0.202677 -0.237704 -0.218424 -0.190016
-0.233515 -0.187507 -0.216038 -0.235837 -0.216933 -0.197258
-0.232125 -0.19842 -0.224881 -0.233391 -0.215076 -0.204709
-0.229615 -0.198116 -0.227147 -0.230253 -0.212406 -0.210347
-0.226777 -0.202289 -0.226067 -0.227031 -0.209199 -0.209601
-0.223079 -0.208902 -0.225667 -0.223701 -0.204782 -0.207687
-0.218678 -0.216609 -0.224719 -0.219283 -0.201291 -0.205672
-0.213594 -0.217716 -0.222073 -0.214863 -0.197284 -0.203343
-0.206386 -0.21842 -0.219243 -0.210326 -0.191571 -0.201856
-0.200227 -0.218104 -0.216477 -0.204497 -0.183852 -0.201298
-0.192686 -0.217684 -0.215305 -0.197305 -0.175273 -0.201856
-0.184525 -0.217325 -0.214223 -0.189427 -0.166976 -0.201406
-0.175959 -0.217507 -0.21324 -0.180653 -0.158635 -0.201039
-0.166918 -0.218158 -0.213217 -0.171491 -0.150146 -0.200669
-0.15744 -0.218492 -0.213341 -0.162353 -0.141064 -0.200535
-0.148022 -0.218661 -0.214179 -0.153503 -0.131536 -0.200965
-0.138783 -0.219176 -0.215237 -0.145411 -0.122324 -0.201889
-0.129749 -0.220303 -0.215548 -0.138292 -0.113375 -0.20321
-0.121338 -0.221919 -0.216206 -0.132225 -0.104973 -0.20486
-0.113974 -0.223508 -0.217 -0.126913 -0.0975942 -0.206809
-0.108239 -0.224975 -0.218272 -0.122433 -0.0915368 -0.208392
-0.104486 -0.226302 -0.21965 -0.118363 -0.087025 -0.209572
-0.102855 -0.227424 -0.221419 -0.115398 -0.084355 -0.210555
-0.102557 -0.227785 -0.223133 -0.113426 -0.0834632 -0.211402
-0.103467 -0.22783 -0.224737 -0.113033 -0.0844581 -0.212572
-0.105126 -0.228187 -0.226057 -0.114003 -0.0868984 -0.214138
-0.107949 -0.228942 -0.226929 -0.116852 -0.0907154 -0.215496
-0.112043 -0.229646 -0.227766 -0.121073 -0.0955452 -0.21681
-0.117656 -0.230117 -0.228675 -0.126464 -0.101216 -0.218075
-0.124376 -0.230542 -0.229246 -0.132865 -0.10776 -0.219118
-0.131757 -0.230693 -0.230092 -0.139776 -0.115051 -0.220005
-0.139764 -0.230658 -0.230695 -0.147197 -0.123036 -0.220805
-0.147843 -0.23048 -0.230994 -0.154977 -0.131346 -0.221485
-0.155965 -0.230401 -0.231208 -0.163268 -0.13972 -0.222102
-0.163968 -0.230165 -0.231451 -0.171726 -0.147883 -0.222685
-0.171728 -0.229266 -0.231461 -0.179838 -0.155506 -0.223134
-0.180906 -0.228175 -0.228061 -0.191867 -0.165751 -0.221883
-0.191769 -0.227206 -0.225057 -0.20493 -0.178537 -0.220951
-0.196555 -0.226147 -0.223504 -0.215802 -0.189459 -0.220449
-0.196781 -0.223897 -0.221818 -0.225799 -0.199559 -0.218493
-0.196547 -0.221237 -0.220667 -0.22878 -0.207386 -0.214842
-0.195657 -0.218549 -0.219497 -0.228524 -0.209438 -0.21109
-0.194867 -0.215399 -0.216343 -0.22798 -0.210056 -0.207834
-0.19438 -0.21155 -0.212434 -0.227343 -0.210449 -0.204821
-0.193787 -0.207373 -0.207982 -0.226658 -0.210957 -0.200796
-0.193772 -0.201938 -0.202721 -0.226024 -0.211411 -0.19532
-0.194443 -0.195395 -0.19604 -0.225272 -0.211935 -0.188497
-0.195389 -0.187813 -0.187905 -0.22534 -0.212981 -0.180539
-0.196788 -0.178017 -0.177498 -0.22525 -0.214503 -0.170022
-0.198255 -0.169089 -0.168451 -0.225561 -0.215981 -0.160953
-0.199568 -0.159802 -0.159124 -0.226068 -0.217506 -0.151673
-0.201056 -0.150413 -0.149843 -0.226771 -0.218767 -0.142371
-0.202729 -0.141075 -0.14125 -0.227667 -0.220373 -0.133127
-0.204534 -0.132243 -0.133685 -0.22873 -0.222071 -0.124217
-0.206366 -0.124052 -0.127347 -0.229776 -0.223696 -0.115824
-0.208154 -0.11669 -0.121883 -0.230942 -0.225242 -0.10799
-0.209452 -0.110479 -0.117261 -0.232201 -0.226657 -0.101127
-0.211089 -0.10533 -0.113336 -0.233276 -0.227702 -0.0954712
-0.212259 -0.101538 -0.110159 -0.234411 -0.228669 -0.0911205
-0.213471 -0.0989447 -0.107395 -0.235668 -0.229469 -0.0884735
-0.214465 -0.0974467 -0.10619 -0.23676 -0.230057 -0.0875542
-0.215401 -0.0974109 -0.106116 -0.237903 -0.230589 -0.0879329
-0.216413 -0.0989129 -0.107306 -0.238621 -0.231217 -0.0895487
-0.217762 -0.101887 -0.110082 -0.239064 -0.231578 -0.0924543
-0.218697 -0.106139 -0.114251 -0.239536 -0.23204 -0.0968261
-0.219448 -0.111526 -0.119361 -0.23998 -0.232347 -0.102442
-0.219902 -0.117993 -0.125652 -0.240375 -0.232611 -0.109223
-0.220411 -0.125135 -0.132598 -0.240794 -0.232762 -0.117037
-0.220924 -0.133301 -0.140581 -0.241048 -0.232517 -0.125484
-0.221366 -0.141934 -0.148629 -0.241273 -0.232332 -0.133984
-0.221444 -0.150626 -0.156571 -0.24146 -0.232001 -0.142672
-0.221518 -0.159202 -0.164426 -0.241679 -0.231663 -0.151122
-0.220933 -0.167603 -0.173145 -0.240564 -0.230952 -0.15972
-0.219198 -0.177531 -0.18673 -0.23769 -0.229475 -0.170408
-0.217713 -0.188006 -0.202444 -0.235672 -0.228073 -0.181646
-0.216725 -0.197794 -0.206282 -0.233374 -0.22647 -0.192322
-0.216824 -0.205278 -0.207293 -0.230356 -0.226036 -0.202129
-0.216171 -0.209628 -0.207183 -0.226108 -0.225583 -0.207906
-0.213456 -0.211591 -0.205898 -0.222259 -0.223329 -0.207775
-0.208373 -0.212811 -0.201773 -0.219914 -0.218603 -0.208686
-0.202526 -0.214581 -0.198615 -0.21778 -0.213118 -0.210491
-0.197212 -0.21576 -0.197257 -0.214418 -0.207592 -0.21135
-0.192294 -0.216308 -0.196051 -0.208838 -0.202745 -0.210912
-0.186603 -0.216865 -0.195421 -0.201637 -0.196953 -0.210298
-0.17955 -0.21771 -0.195606 -0.193727 -0.189785 -0.210044
-0.170746 -0.217952 -0.196223 -0.18533 -0.180957 -0.209886
-0.160882 -0.218233 -0.197497 -0.176528 -0.171047 -0.210067
-0.150279 -0.218766 -0.198808 -0.167486 -0.161054 -0.210248
-0.139616 -0.219994 -0.200105 -0.15829 -0.150499 -0.210659
-0.129162 -0.221431 -0.201422 -0.149608 -0.140146 -0.211519
-0.119044 -0.223539 -0.203171 -0.141532 -0.130184 -0.212762
-0.109673 -0.226372 -0.204729 -0.134395 -0.121063 -0.213961
-0.101132 -0.22916 -0.20629 -0.128288 -0.113028 -0.215227
-0.0941172 -0.230964 -0.208163 -0.123 -0.106152 -0.216579
-0.0891551 -0.232658 -0.209684 -0.118292 -0.100499 -0.218037
-0.0859617 -0.233948 -0.211487 -0.114462 -0.0966148 -0.21938
-0.0846847 -0.234809 -0.21345 -0.111852 -0.0947848 -0.220479
-0.0848229 -0.235296 -0.215148 -0.110626 -0.0947751 -0.22124
-0.0860215 -0.235758 -0.21655 -0.110835 -0.0961264 -0.222256
-0.0889125 -0.236198 -0.217574 -0.112531 -0.0989164 -0.223561
-0.0931919 -0.23672 -0.218874 -0.115425 -0.102873 -0.224334
-0.0986313 -0.236998 -0.2201 -0.119737 -0.107836 -0.224836
-0.104979 -0.236875 -0.221017 -0.125235 -0.113837 -0.225342
-0.112206 -0.236774 -0.221781 -0.131659 -0.121006 -0.225836
-0.119573 -0.2369 -0.222415 -0.138728 -0.128991 -0.226219
-0.127481 -0.236583 -0.222892 -0.146412 -0.137469 -0.226603
-0.135607 -0.236593 -0.2232 -0.154807 -0.145971 -0.226966
-0.143882 -0.236757 -0.223466 -0.163601 -0.154266 -0.227209
-0.151904 -0.236621 -0.223809 -0.172584 -0.162357 -0.227131
-0.160238 -0.235761 -0.223091 -0.182264 -0.170447 -0.226504
-0.171144 -0.23411 -0.21976 -0.196947 -0.18048 -0.225199
-0.182762 -0.233166 -0.217433 -0.210543 -0.19116 -0.224412
-0.191966 -0.232176 -0.215199 -0.224075 -0.199225 -0.223528
-0.200051 -0.230112 -0.212428 -0.233627 -0.206274 -0.221517
-0.206034 -0.227303 -0.209286 -0.234623 -0.212935 -0.21903
-0.204298 -0.223171 -0.204377 -0.232638 -0.221252 -0.215875
-0.204115 -0.220096 -0.199826 -0.231431 -0.228099 -0.211859
-0.202639 -0.216453 -0.196748 -0.228281 -0.228879 -0.206636
-0.203079 -0.211233 -0.193074 -0.225624 -0.229356 -0.201191
-0.2034 -0.204545 -0.188116 -0.22242 -0.229616 -0.195478
-0.203471 -0.197225 -0.181873 -0.220701 -0.230137 -0.189087
-0.203562 -0.189573 -0.174211 -0.219898 -0.230183 -0.181803
-0.203782 -0.181463 -0.165174 -0.21901 -0.23007 -0.173679
-0.203912 -0.172885 -0.155557 -0.219249 -0.229908 -0.164733
-0.204226 -0.163826 -0.146492 -0.219265 -0.230191 -0.155228
-0.205399 -0.15485 -0.138577 -0.219736 -0.23088 -0.145847
-0.206763 -0.14586 -0.131737 -0.220223 -0.231578 -0.136343
-0.208523 -0.137216 -0.125387 -0.221076 -0.23258 -0.127287
-0.209936 -0.129172 -0.119645 -0.222054 -0.233713 -0.118888
-0.211352 -0.121953 -0.114682 -0.223266 -0.234877 -0.11151
-0.212665 -0.115767 -0.110459 -0.224535 -0.235892 -0.105335
-0.213812 -0.110595 -0.106689 -0.225744 -0.23665 -0.100153
-0.215201 -0.107135 -0.103911 -0.227119 -0.237586 -0.0962652
-0.216391 -0.105219 -0.101925 -0.228569 -0.238155 -0.0939188
-0.21742 -0.104649 -0.101186 -0.229798 -0.238707 -0.093179
-0.218549 -0.105497 -0.101512 -0.230862 -0.239329 -0.0939323
-0.219491 -0.107418 -0.103189 -0.23182 -0.239972 -0.0960391
-0.220612 -0.110572 -0.106157 -0.232571 -0.240579 -0.0997717
-0.221588 -0.115196 -0.110243 -0.233311 -0.240883 -0.10462
-0.222294 -0.121138 -0.115339 -0.233983 -0.241226 -0.11061
-0.222718 -0.128388 -0.121789 -0.234703 -0.241407 -0.117799
-0.222915 -0.136225 -0.128915 -0.235368 -0.241373 -0.125898
-0.222942 -0.144485 -0.136638 -0.235884 -0.241218 -0.134576
-0.223068 -0.152786 -0.144655 -0.23616 -0.240916 -0.143199
-0.223401 -0.16123 -0.152493 -0.236468 -0.240695 -0.151606
-0.223653 -0.169427 -0.160147 -0.236378 -0.24053 -0.159612
-0.223323 -0.177526 -0.169478 -0.234639 -0.239654 -0.168426
-0.222599 -0.186078 -0.183596 -0.231714 -0.238303 -0.179422
-0.221649 -0.194523 -0.198714 -0.229648 -0.236975 -0.191103
-0.220321 -0.202728 -0.211647 -0.227469 -0.235198 -0.199189
-0.217916 -0.20495 -0.213578 -0.224999 -0.23173 -0.199149
-0.213137 -0.204206 -0.212276 -0.222744 -0.229503 -0.198571
-0.210476 -0.204347 -0.211697 -0.220529 -0.226708 -0.198027
-0.206685 -0.204552 -0.211465 -0.217781 -0.223783 -0.197273
-0.20344 -0.20408 -0.210258 -0.214534 -0.219595 -0.196639
-0.198861 -0.204249 -0.209548 -0.209623 -0.214563 -0.196387
-0.19263 -0.204998 -0.208796 -0.203268 -0.208583 -0.196288
-0.185237 -0.205825 -0.208206 -0.196067 -0.201421 -0.196601
-0.176767 -0.206947 -0.20902 -0.188128 -0.193376 -0.197227
-0.167254 -0.207741 -0.209211 -0.179365 -0.184478 -0.197958
-0.157576 -0.208954 -0.209941 -0.170198 -0.175228 -0.198669
-0.147387 -0.210294 -0.210801 -0.16095 -0.165497 -0.199715
-0.13729 -0.211734 -0.211873 -0.151918 -0.155371 -0.200689
-0.127479 -0.213121 -0.213023 -0.143604 -0.145383 -0.202096
-0.117979 -0.214736 -0.21422 -0.136107 -0.135892 -0.203762
-0.109095 -0.216501 -0.215224 -0.129571 -0.127088 -0.205516
-0.101065 -0.218354 -0.216502 -0.12407 -0.119237 -0.207319
-0.0944319 -0.220011 -0.218094 -0.119241 -0.11291 -0.20906
-0.0900576 -0.221605 -0.219625 -0.115087 -0.108088 -0.210468
-0.0878617 -0.223065 -0.221128 -0.111416 -0.104985 -0.211622
-0.0873609 -0.224496 -0.222629 -0.108964 -0.103415 -0.212936
-0.0877957 -0.225629 -0.224257 -0.107952 -0.103509 -0.21411
-0.0895082 -0.227146 -0.225598 -0.108759 -0.105211 -0.215378
-0.0932433 -0.228366 -0.226922 -0.111218 -0.109343 -0.216724
-0.09779 -0.229708 -0.227719 -0.114674 -0.113829 -0.217723
-0.103475 -0.230814 -0.228104 -0.119192 -0.119311 -0.218656
-0.110238 -0.231632 -0.228711 -0.12518 -0.125776 -0.219782
-0.117804 -0.232177 -0.229219 -0.132006 -0.13299 -0.220438
-0.125858 -0.232676 -0.229586 -0.139455 -0.141065 -0.220972
-0.134131 -0.233052 -0.229882 -0.147251 -0.149743 -0.221339
-0.142222 -0.233074 -0.229963 -0.155382 -0.158261 -0.221596
-0.150109 -0.233356 -0.230012 -0.163601 -0.166482 -0.221751
-0.157768 -0.233671 -0.230023 -0.172 -0.174557 -0.221682
-0.166701 -0.232849 -0.227253 -0.183959 -0.183439 -0.220173
-0.177951 -0.231905 -0.223859 -0.198496 -0.19441 -0.218864
-0.187958 -0.23125 -0.221971 -0.21134 -0.204408 -0.218011
-0.196117 -0.230197 -0.219066 -0.223409 -0.212859 -0.216416
-0.203226 -0.228155 -0.215625 -0.229981 -0.221201 -0.213677
-0.210364 -0.225124 -0.21223 -0.230723 -0.228941 -0.210756
-0.214527 -0.221915 -0.206974 -0.228862 -0.228414 -0.207825
-0.214219 -0.217033 -0.202655 -0.226203 -0.227377 -0.203847
-0.214261 -0.212276 -0.200461 -0.222316 -0.227219 -0.198941
-0.214225 -0.206975 -0.19723 -0.219109 -0.227733 -0.193145
-0.214073 -0.201101 -0.192068 -0.217308 -0.227726 -0.187218
-0.213958 -0.19417 -0.184719 -0.215821 -0.227251 -0.180733
-0.213881 -0.186668 -0.17593 -0.215427 -0.226793 -0.173213
-0.213323 -0.178276 -0.166577 -0.215675 -0.226274 -0.164931
-0.213171 -0.169194 -0.157141 -0.216068 -0.226312 -0.155863
-0.213645 -0.159528 -0.148482 -0.216691 -0.226564 -0.14628
-0.214667 -0.14984 -0.140621 -0.217053 -0.22731 -0.136508
-0.215889 -0.140421 -0.133246 -0.217914 -0.228475 -0.126812
-0.216892 -0.131556 -0.12657 -0.218832 -0.229607 -0.117676
-0.217965 -0.123544 -0.120463 -0.220048 -0.230656 -0.10942
-0.218866 -0.116476 -0.115083 -0.221559 -0.231458 -0.102289
-0.219672 -0.110352 -0.110654 -0.223339 -0.231919 -0.096192
-0.220172 -0.1055 -0.106914 -0.22503 -0.23224 -0.0914845
-0.220662 -0.102153 -0.104308 -0.226648 -0.232616 -0.0881859
-0.2214 -0.100036 -0.103125 -0.228229 -0.233004 -0.0868523
-0.221796 -0.0993277 -0.10298 -0.229788 -0.233307 -0.086649
-0.22232 -0.10035 -0.104067 -0.231165 -0.233734 -0.0880193
-0.222844 -0.102748 -0.106856 -0.232341 -0.234174 -0.0907519
-0.223423 -0.106556 -0.110693 -0.23337 -0.23456 -0.0949218
-0.223842 -0.111661 -0.115535 -0.234206 -0.234752 -0.100221
-0.224055 -0.118016 -0.121532 -0.235231 -0.234922 -0.106796
-0.224126 -0.125287 -0.128583 -0.23604 -0.234954 -0.114463
-0.224192 -0.133288 -0.136265 -0.236792 -0.234934 -0.122871
-0.224177 -0.141607 -0.144492 -0.237156 -0.23497 -0.13154
-0.224353 -0.150226 -0.152837 -0.237504 -0.235017 -0.140111
-0.224493 -0.158748 -0.160719 -0.23758 -0.235097 -0.148316
-0.224643 -0.16695 -0.168121 -0.2376 -0.235175 -0.156244
-0.223804 -0.177165 -0.181065 -0.234905 -0.233864 -0.167781
-0.223057 -0.186555 -0.19612 -0.232573 -0.232495 -0.179352
-0.221983 -0.195742 -0.210036 -0.230815 -0.231159 -0.190622
-0.220961 -0.204523 -0.214705 -0.22838 -0.229644 -0.2016
-0.21998 -0.211336 -0.216527 -0.224878 -0.228596 -0.211215
-0.218601 -0.214994 -0.215489 -0.220301 -0.227368 -0.209359
-0.213956 -0.214238 -0.213913 -0.216985 -0.224444 -0.20877
-0.208626 -0.21526 -0.209949 -0.214137 -0.219275 -0.209716
-0.20328 -0.215434 -0.206549 -0.211019 -0.212449 -0.210604
-0.197993 -0.215533 -0.2059 -0.206401 -0.20695 -0.210715
-0.191982 -0.215356 -0.204585 -0.199738 -0.200906 -0.209516
-0.185277 -0.215491 -0.204208 -0.191835 -0.193963 -0.208834
-0.177042 -0.215404 -0.204386 -0.183303 -0.185676 -0.20859
-0.167404 -0.215334 -0.204772 -0.17438 -0.176483 -0.208538
-0.156991 -0.215549 -0.205604 -0.165674 -0.166758 -0.208675
-0.146315 -0.216342 -0.206785 -0.156827 -0.156912 -0.209019
-0.13562 -0.217258 -0.20766 -0.148223 -0.146613 -0.209865
-0.125567 -0.218536 -0.208911 -0.140391 -0.13653 -0.21107
-0.116202 -0.219882 -0.210477 -0.133285 -0.126985 -0.212463
-0.107926 -0.221423 -0.212128 -0.127205 -0.118463 -0.213529
-0.100675 -0.222844 -0.21356 -0.122025 -0.111229 -0.214804
-0.0947458 -0.224256 -0.215028 -0.117386 -0.10526 -0.216142
-0.0906542 -0.225588 -0.216728 -0.113307 -0.101039 -0.217481
-0.0887537 -0.227125 -0.218458 -0.110358 -0.0985534 -0.218661
-0.088415 -0.228778 -0.220055 -0.108669 -0.0977085 -0.219635
-0.0893833 -0.230733 -0.22162 -0.108238 -0.0987987 -0.22056
-0.0914081 -0.231649 -0.222761 -0.109716 -0.101224 -0.221598
-0.0946935 -0.232384 -0.223588 -0.112181 -0.104909 -0.222686
-0.099171 -0.233178 -0.22427 -0.11591 -0.109382 -0.223812
-0.105193 -0.234095 -0.22492 -0.120832 -0.115138 -0.224724
-0.112166 -0.234954 -0.225397 -0.126939 -0.122112 -0.225377
-0.119999 -0.235583 -0.225759 -0.133869 -0.130088 -0.225865
-0.128497 -0.235844 -0.22611 -0.141497 -0.138321 -0.226163
-0.13693 -0.235839 -0.226365 -0.149521 -0.1466 -0.22632
-0.145117 -0.235951 -0.22661 -0.157711 -0.155025 -0.226461
-0.153074 -0.23577 -0.226494 -0.166145 -0.163298 -0.226327
-0.160863 -0.23563 -0.22665 -0.174651 -0.171202 -0.225958
-0.170076 -0.234495 -0.22371 -0.187736 -0.180809 -0.224194
-0.181072 -0.233562 -0.220919 -0.202204 -0.191973 -0.222732
-0.190241 -0.232543 -0.21864 -0.216005 -0.201713 -0.22183
-0.197848 -0.23112 -0.215638 -0.22805 -0.20965 -0.220008
-0.204481 -0.22871 -0.212187 -0.232186 -0.217599 -0.217034
-0.211224 -0.225781 -0.208216 -0.232248 -0.223963 -0.214067
-0.214302 -0.222395 -0.203101 -0.230808 -0.222608 -0.211214
-0.213569 -0.217552 -0.19902 -0.228566 -0.221229 -0.207337
-0.213613 -0.213017 -0.196604 -0.225698 -0.22115 -0.202459
-0.213552 -0.207281 -0.192084 -0.223127 -0.22102 -0.196526
-0.213353 -0.201001 -0.18607 -0.221751 -0.220701 -0.190345
-0.21342 -0.193642 -0.178498 -0.220948 -0.220419 -0.18325
-0.213329 -0.185642 -0.16986 -0.22098 -0.220089 -0.175368
-0.213407 -0.17672 -0.161106 -0.220991 -0.220148 -0.166511
-0.213938 -0.167423 -0.152744 -0.221384 -0.220762 -0.157327
-0.215016 -0.158054 -0.144958 -0.221798 -0.22167 -0.147847
-0.216466 -0.148891 -0.137527 -0.222393 -0.222932 -0.138374
-0.217911 -0.140143 -0.130681 -0.223296 -0.22426 -0.129278
-0.219215 -0.132069 -0.124301 -0.224372 -0.225516 -0.120704
-0.220507 -0.124713 -0.118644 -0.225798 -0.226693 -0.113042
-0.221619 -0.117996 -0.113597 -0.227194 -0.227647 -0.106223
-0.222533 -0.112227 -0.109537 -0.228605 -0.228834 -0.100667
-0.223543 -0.107606 -0.106177 -0.229997 -0.229839 -0.0965396
-0.224579 -0.104304 -0.103895 -0.231072 -0.230787 -0.0938599
-0.225467 -0.102747 -0.102907 -0.232365 -0.231775 -0.0929561
-0.22613 -0.102816 -0.102814 -0.233503 -0.232697 -0.0930966
-0.226745 -0.10424 -0.104043 -0.234351 -0.233523 -0.0948257
-0.227585 -0.107226 -0.106892 -0.235065 -0.234309 -0.0979984
-0.228278 -0.111409 -0.11084 -0.235694 -0.23513 -0.102541
-0.228841 -0.116939 -0.115793 -0.236282 -0.23576 -0.10825
-0.229203 -0.123685 -0.12192 -0.236858 -0.236183 -0.114895
-0.229476 -0.131461 -0.128895 -0.237209 -0.236371 -0.122348
-0.229584 -0.139906 -0.136233 -0.237673 -0.236417 -0.130275
-0.229425 -0.148464 -0.144187 -0.237941 -0.236599 -0.138578
-0.229325 -0.157052 -0.152081 -0.23828 -0.236709 -0.14723
-0.229155 -0.165367 -0.159893 -0.238439 -0.236594 -0.155756
-0.228947 -0.173484 -0.167935 -0.237854 -0.236338 -0.163965
-0.227917 -0.18206 -0.180479 -0.235246 -0.234798 -0.174198
-0.226837 -0.190797 -0.195732 -0.233629 -0.233415 -0.185345
-0.225572 -0.199225 -0.209569 -0.231693 -0.231908 -0.196242
-0.224326 -0.207023 -0.216389 -0.228957 -0.230006 -0.207052
-0.223034 -0.21274 -0.217865 -0.225228 -0.228189 -0.216126
-0.221169 -0.21588 -0.216377 -0.220729 -0.226375 -0.213602
-0.216953 -0.215633 -0.215081 -0.217229 -0.223632 -0.213182
-0.211449 -0.21596 -0.211139 -0.213926 -0.218636 -0.213773
-0.204575 -0.21584 -0.207885 -0.210035 -0.210938 -0.214179
-0.199197 -0.215771 -0.207513 -0.204954 -0.205551 -0.213444
-0.194049 -0.215633 -0.206316 -0.199441 -0.200828 -0.212445
-0.187229 -0.216016 -0.205796 -0.191487 -0.193781 -0.211563
-0.179109 -0.216028 -0.205956 -0.182979 -0.185295 -0.21103
-0.170024 -0.216018 -0.206373 -0.174237 -0.175845 -0.210911
-0.160081 -0.216264 -0.207084 -0.165253 -0.165898 -0.211141
-0.149562 -0.217124 -0.207727 -0.156321 -0.155877 -0.211793
-0.139155 -0.2185 -0.208706 -0.14791 -0.145617 -0.212885
-0.127239 -0.22016 -0.210173 -0.138711 -0.133533 -0.214642
-0.118316 -0.221562 -0.211474 -0.131958 -0.124363 -0.216119
-0.11053 -0.223003 -0.212921 -0.125968 -0.116587 -0.217546
-0.104082 -0.224351 -0.214118 -0.120778 -0.109814 -0.21906
-0.0989964 -0.225471 -0.215644 -0.116231 -0.104471 -0.220504
-0.0954978 -0.226652 -0.217488 -0.112526 -0.101167 -0.221473
-0.0938885 -0.227562 -0.219272 -0.10998 -0.0997755 -0.222328
-0.0936935 -0.228577 -0.220908 -0.108778 -0.100118 -0.223026
-0.0951485 -0.23014 -0.222218 -0.109294 -0.101885 -0.22388
-0.097822 -0.231484 -0.22331 -0.111386 -0.104849 -0.224932
-0.101546 -0.232488 -0.224208 -0.11452 -0.1088 -0.225708
-0.106642 -0.233207 -0.224915 -0.118958 -0.113776 -0.226387
-0.112572 -0.233616 -0.225624 -0.12479 -0.119698 -0.227079
-0.119652 -0.234124 -0.226163 -0.131565 -0.126923 -0.227635
-0.127405 -0.234611 -0.226519 -0.138799 -0.135117 -0.227975
-0.135524 -0.235038 -0.226704 -0.14645 -0.14383 -0.228282
-0.1438 -0.235339 -0.226954 -0.154812 -0.152234 -0.228441
-0.152114 -0.235468 -0.227203 -0.163661 -0.16056 -0.228383
-0.160209 -0.235287 -0.227506 -0.172102 -0.16857 -0.228028
-0.168289 -0.234435 -0.226678 -0.18113 -0.176742 -0.226989
-0.177869 -0.233023 -0.223279 -0.194854 -0.187266 -0.225276
-0.187773 -0.232387 -0.221162 -0.206301 -0.198696 -0.224106
-0.195095 -0.232308 -0.217961 -0.206693 -0.207572 -0.223117
-0.200743 -0.231832 -0.213232 -0.207415 -0.215457 -0.221965
-0.208557 -0.230476 -0.20858 -0.206923 -0.218364 -0.220145
-0.217326 -0.227192 -0.204763 -0.204291 -0.218141 -0.218036
-0.218064 -0.222026 -0.202406 -0.200533 -0.218808 -0.215267
-0.219303 -0.217466 -0.201113 -0.196988 -0.220329 -0.210411
-0.219897 -0.212412 -0.197837 -0.195033 -0.221108 -0.204878
-0.21992 -0.206834 -0.19196 -0.193178 -0.221309 -0.199023
-0.220077 -0.200188 -0.184203 -0.192409 -0.220898 -0.192524
-0.220588 -0.192702 -0.175795 -0.192032 -0.220669 -0.184814
-0.220784 -0.184121 -0.167296 -0.192265 -0.220677 -0.176153
-0.221198 -0.174875 -0.158931 -0.19227 -0.221425 -0.166797
-0.222469 -0.165033 -0.150574 -0.192797 -0.222433 -0.157305
-0.223976 -0.155318 -0.142513 -0.193478 -0.223911 -0.147914
-0.225309 -0.146072 -0.134902 -0.194652 -0.225472 -0.13868
-0.226459 -0.137342 -0.127823 -0.196065 -0.226915 -0.129759
-0.227845 -0.129342 -0.121551 -0.197738 -0.228299 -0.121419
-0.229294 -0.121957 -0.116219 -0.199762 -0.229425 -0.113964
-0.230412 -0.115518 -0.111739 -0.20173 -0.23051 -0.107586
-0.231692 -0.109937 -0.108184 -0.203594 -0.231693 -0.102346
-0.233078 -0.10602 -0.105493 -0.205349 -0.232696 -0.0983541
-0.234311 -0.103576 -0.103676 -0.206962 -0.233742 -0.0959059
-0.2354 -0.102494 -0.102896 -0.208559 -0.234945 -0.0950993
-0.236217 -0.10296 -0.102981 -0.209881 -0.235948 -0.0955291
-0.237074 -0.104746 -0.104687 -0.210802 -0.236988 -0.0976427
-0.238102 -0.108054 -0.10767 -0.211759 -0.23796 -0.100932
-0.238889 -0.112778 -0.111818 -0.212502 -0.238655 -0.105535
-0.239358 -0.118737 -0.117078 -0.213404 -0.23932 -0.111368
-0.239637 -0.125982 -0.123437 -0.214192 -0.239554 -0.118372
-0.239948 -0.134181 -0.130663 -0.214973 -0.239646 -0.1261
-0.239933 -0.142797 -0.138443 -0.215588 -0.239599 -0.134218
-0.239769 -0.151496 -0.146488 -0.216132 -0.239544 -0.142788
-0.239614 -0.159788 -0.154322 -0.216446 -0.239461 -0.151215
-0.239423 -0.167895 -0.162023 -0.216667 -0.239345 -0.159382
-0.238883 -0.175726 -0.170791 -0.215662 -0.238469 -0.16789
-0.237924 -0.183657 -0.184999 -0.213192 -0.236706 -0.178579
-0.237019 -0.191309 -0.201256 -0.211649 -0.235317 -0.189737
-0.235591 -0.198694 -0.215427 -0.209572 -0.233549 -0.197943
-0.23276 -0.206135 -0.227531 -0.207357 -0.229891 -0.197777
-0.226291 -0.213046 -0.239807 -0.204783 -0.225456 -0.198711
-0.219782 -0.217417 -0.249495 -0.202668 -0.220799 -0.198205
-0.213593 -0.220793 -0.252197 -0.199443 -0.217032 -0.196931
-0.208635 -0.220737 -0.252005 -0.19533 -0.213428 -0.193654
-0.204364 -0.218763 -0.250522 -0.189456 -0.20966 -0.190039
-0.199707 -0.217817 -0.247776 -0.183324 -0.20368 -0.187917
-0.193518 -0.217353 -0.244837 -0.177103 -0.196091 -0.187459
-0.185885 -0.217493 -0.24363 -0.169504 -0.187679 -0.187594
-0.177511 -0.217355 -0.242574 -0.16113 -0.179034 -0.187471
-0.168695 -0.217427 -0.241639 -0.152325 -0.171015 -0.187665
-0.159998 -0.217928 -0.241111 -0.143774 -0.162445 -0.187566
-0.151174 -0.218151 -0.240734 -0.136021 -0.153383 -0.188294
-0.142307 -0.21836 -0.240825 -0.129115 -0.144293 -0.189451
-0.133439 -0.218841 -0.241122 -0.122978 -0.135473 -0.19121
-0.124956 -0.219917 -0.2414 -0.117704 -0.127227 -0.193415
-0.117678 -0.221237 -0.241573 -0.113436 -0.11982 -0.195326
-0.111845 -0.22264 -0.242075 -0.110084 -0.113919 -0.197426
-0.107529 -0.223655 -0.24301 -0.107449 -0.109601 -0.199133
-0.104996 -0.224871 -0.243992 -0.105297 -0.106886 -0.200406
-0.104209 -0.226089 -0.245155 -0.103076 -0.105596 -0.201366
-0.104169 -0.226778 -0.246179 -0.101382 -0.105888 -0.202362
-0.105508 -0.228202 -0.246614 -0.100666 -0.107404 -0.20341
-0.107925 -0.229612 -0.246864 -0.101637 -0.109873 -0.204529
-0.111516 -0.229954 -0.247435 -0.103878 -0.11363 -0.205848
-0.116514 -0.230497 -0.247733 -0.107535 -0.118673 -0.207095
-0.122412 -0.231212 -0.24752 -0.112177 -0.124792 -0.208293
-0.129656 -0.231848 -0.247715 -0.11765 -0.132351 -0.209237
-0.137717 -0.232292 -0.247635 -0.123629 -0.140441 -0.209732
-0.146377 -0.232433 -0.247331 -0.130133 -0.148568 -0.210195
-0.155044 -0.23227 -0.247319 -0.13707 -0.156713 -0.21034
-0.163374 -0.23189 -0.247056 -0.144575 -0.164768 -0.210684
-0.172648 -0.231294 -0.246622 -0.154443 -0.173939 -0.21073
-0.181238 -0.230413 -0.243845 -0.165422 -0.182925 -0.20982
-0.191694 -0.229313 -0.240921 -0.179653 -0.194313 -0.208737
-0.201264 -0.22843 -0.238808 -0.192317 -0.204991 -0.208082
-0.208847 -0.226879 -0.236045 -0.204508 -0.212545 -0.206797
-0.216092 -0.2243 -0.233568 -0.211449 -0.213442 -0.204243
-0.22347 -0.220384 -0.231255 -0.21168 -0.213783 -0.200768
-0.228455 -0.216482 -0.227923 -0.209393 -0.212483 -0.19841
-0.227533 -0.212032 -0.224161 -0.208234 -0.21169 -0.195466
-0.226861 -0.208249 -0.220939 -0.206317 -0.211053 -0.190914
-0.226465 -0.203337 -0.216485 -0.204288 -0.211354 -0.184957
-0.226275 -0.197342 -0.210716 -0.203264 -0.211691 -0.178516
-0.226601 -0.190035 -0.203265 -0.202399 -0.212255 -0.171058
-0.227206 -0.182185 -0.195013 -0.202139 -0.212871 -0.163059
-0.227479 -0.173594 -0.186126 -0.202211 -0.213463 -0.154373
-0.228106 -0.164645 -0.176756 -0.202881 -0.214729 -0.145122
-0.228697 -0.155407 -0.167441 -0.203841 -0.215742 -0.135711
-0.229484 -0.146338 -0.158054 -0.20484 -0.216785 -0.126098
-0.230354 -0.137536 -0.149051 -0.206348 -0.217917 -0.116766
-0.231046 -0.129202 -0.140754 -0.207878 -0.219195 -0.107848
-0.232044 -0.121431 -0.133308 -0.209551 -0.220422 -0.0994094
-0.233038 -0.114423 -0.127051 -0.211258 -0.221756 -0.092095
-0.233879 -0.10832 -0.121764 -0.212988 -0.223118 -0.0860276
-0.234665 -0.10342 -0.117681 -0.214829 -0.224275 -0.0814889
-0.235411 -0.0999807 -0.114903 -0.216452 -0.225272 -0.0782569
-0.236067 -0.0978779 -0.113674 -0.218082 -0.226286 -0.0768719
-0.236634 -0.097224 -0.113715 -0.219554 -0.227351 -0.0765397
-0.237096 -0.0982327 -0.115259 -0.221048 -0.228517 -0.0775599
-0.237491 -0.100622 -0.118018 -0.222063 -0.229467 -0.0801275
-0.237973 -0.104179 -0.122082 -0.223107 -0.23033 -0.0840319
-0.238434 -0.109212 -0.127381 -0.224012 -0.231123 -0.0890368
-0.238681 -0.115413 -0.133758 -0.224824 -0.231844 -0.0952567
-0.238705 -0.122892 -0.14118 -0.225697 -0.232151 -0.102264
-0.238536 -0.130788 -0.149119 -0.226468 -0.232462 -0.110175
-0.238189 -0.139206 -0.157189 -0.227258 -0.232574 -0.118609
-0.237902 -0.147797 -0.165356 -0.227682 -0.232603 -0.127167
-0.237614 -0.156179 -0.173542 -0.228037 -0.232754 -0.135544
-0.237444 -0.16437 -0.181523 -0.227796 -0.232892 -0.143491
-0.236223 -0.17327 -0.193688 -0.225486 -0.231924 -0.153072
-0.23483 -0.182873 -0.209286 -0.223633 -0.23075 -0.164029
-0.233426 -0.192472 -0.223869 -0.222182 -0.229575 -0.174969
-0.23164 -0.202313 -0.236104 -0.220118 -0.227704 -0.186033
-0.229117 -0.202788 -0.241694 -0.217194 -0.225359 -0.196525
-0.225627 -0.201116 -0.241409 -0.21404 -0.222615 -0.205476
-0.223644 -0.199876 -0.239404 -0.21034 -0.218981 -0.213155
-0.220299 -0.198198 -0.238144 -0.205929 -0.215122 -0.215192
-0.215813 -0.197474 -0.235548 -0.202054 -0.209111 -0.215096
-0.209105 -0.197003 -0.232282 -0.197843 -0.204369 -0.215612
-0.201983 -0.197212 -0.230616 -0.192207 -0.198046 -0.215954
-0.194821 -0.197425 -0.230476 -0.185098 -0.191163 -0.215517
-0.187456 -0.197216 -0.229432 -0.177043 -0.183351 -0.215671
-0.179614 -0.197701 -0.228712 -0.168032 -0.174888 -0.215709
-0.170771 -0.198164 -0.228622 -0.158777 -0.165481 -0.216226
-0.161094 -0.198723 -0.22885 -0.149949 -0.155582 -0.217041
-0.151118 -0.199693 -0.229426 -0.141912 -0.145692 -0.217896
-0.141026 -0.201451 -0.229953 -0.134755 -0.135985 -0.218991
-0.131297 -0.203544 -0.230412 -0.128328 -0.126678 -0.22021
-0.12285 -0.205467 -0.231205 -0.122805 -0.117989 -0.221599
-0.117829 -0.215842 -0.241524 -0.112887 -0.11316 -0.229894
-0.12468 -0.216497 -0.241778 -0.118423 -0.119873 -0.230211
-0.132376 -0.217155 -0.242118 -0.124858 -0.127413 -0.230581
-0.140517 -0.217315 -0.242452 -0.131897 -0.135381 -0.230611
-0.150458 -0.217249 -0.242712 -0.141094 -0.145502 -0.230815
-0.158634 -0.217141 -0.24302 -0.149371 -0.153907 -0.230673
-0.166585 -0.217029 -0.243049 -0.157916 -0.162088 -0.23043
-0.174594 -0.216494 -0.242151 -0.167204 -0.17031 -0.229602
-0.184886 -0.215344 -0.239101 -0.180478 -0.181281 -0.228409
-0.193814 -0.214781 -0.237536 -0.190695 -0.190884 -0.227541
-0.203696 -0.213562 -0.234716 -0.204845 -0.202147 -0.226296
-0.210121 -0.211589 -0.232103 -0.216254 -0.207655 -0.224171
-0.210868 -0.207747 -0.231004 -0.2237 -0.207858 -0.220361
-0.212109 -0.202609 -0.229785 -0.223378 -0.209308 -0.216536
-0.211395 -0.198306 -0.227407 -0.220963 -0.209172 -0.2125
-0.210704 -0.194815 -0.223495 -0.220595 -0.208937 -0.208959
-0.210241 -0.190819 -0.2183 -0.219399 -0.207685 -0.204881
-0.209976 -0.18566 -0.21198 -0.218161 -0.207176 -0.199232
-0.210051 -0.179081 -0.204978 -0.217531 -0.20707 -0.192351
-0.211045 -0.171218 -0.197108 -0.216759 -0.207923 -0.184503
-0.211986 -0.162701 -0.188632 -0.216596 -0.208993 -0.176094
-0.213194 -0.153825 -0.179158 -0.216521 -0.210112 -0.167186
-0.214432 -0.144692 -0.169146 -0.216837 -0.211426 -0.158054
-0.215684 -0.135419 -0.159163 -0.217616 -0.212487 -0.1488
-0.216835 -0.126486 -0.149395 -0.218663 -0.213669 -0.139797
-0.218021 -0.117656 -0.140394 -0.219875 -0.214706 -0.13102
-0.219095 -0.10938 -0.132324 -0.221332 -0.215808 -0.122739
-0.22026 -0.101838 -0.125793 -0.222777 -0.216896 -0.11512
-0.221468 -0.0951516 -0.120549 -0.224183 -0.21811 -0.108525
-0.22271 -0.089734 -0.116113 -0.225719 -0.21937 -0.103058
-0.223692 -0.0857165 -0.112761 -0.227122 -0.220493 -0.0988818
-0.224586 -0.0828054 -0.110848 -0.22878 -0.221509 -0.0963658
-0.225457 -0.0814729 -0.11033 -0.230126 -0.222426 -0.0954708
-0.226469 -0.0819636 -0.110929 -0.231119 -0.223444 -0.0958619
-0.227598 -0.0837795 -0.113144 -0.232103 -0.224395 -0.0973036
-0.228681 -0.0868924 -0.116752 -0.232892 -0.225217 -0.100056
-0.229502 -0.0913818 -0.121332 -0.233585 -0.225848 -0.104191
-0.230106 -0.0970476 -0.126785 -0.234358 -0.22637 -0.109798
-0.230397 -0.103729 -0.133341 -0.235161 -0.226666 -0.116774
-0.230617 -0.111063 -0.140857 -0.235716 -0.226741 -0.124518
-0.230922 -0.118894 -0.148874 -0.235985 -0.226852 -0.13261
-0.231073 -0.12716 -0.157182 -0.236123 -0.22694 -0.140947
-0.231401 -0.135446 -0.165404 -0.236327 -0.227154 -0.149251
-0.231501 -0.143875 -0.173347 -0.236405 -0.227245 -0.157557
-0.231064 -0.152615 -0.182155 -0.235449 -0.226783 -0.16606
-0.229807 -0.163161 -0.195393 -0.23273 -0.2255 -0.176141
-0.228513 -0.174446 -0.210303 -0.230864 -0.224154 -0.186358
-0.226879 -0.186174 -0.223283 -0.229025 -0.222301 -0.195919
-0.224943 -0.197441 -0.235316 -0.226623 -0.220112 -0.205509
-0.222427 -0.20653 -0.240249 -0.223225 -0.217073 -0.213834
-0.219748 -0.206018 -0.240389 -0.219131 -0.21482 -0.220403
-0.215894 -0.204727 -0.23724 -0.214269 -0.211347 -0.22009
-0.211732 -0.205114 -0.23431 -0.20974 -0.204632 -0.219608
-0.204903 -0.204832 -0.230512 -0.205949 -0.198642 -0.220107
-0.199289 -0.204353 -0.228039 -0.201578 -0.191848 -0.219701
-0.192566 -0.203711 -0.227286 -0.195139 -0.186199 -0.218396
-0.185915 -0.203763 -0.226079 -0.1873 -0.179955 -0.217527
-0.178539 -0.203724 -0.225529 -0.178722 -0.17266 -0.216206
-0.170057 -0.203583 -0.225363 -0.16974 -0.164097 -0.216087
-0.160737 -0.203561 -0.225759 -0.160845 -0.154331 -0.216231
-0.150779 -0.203981 -0.22686 -0.152263 -0.144506 -0.216871
-0.140464 -0.204923 -0.22727 -0.144327 -0.13471 -0.217707
-0.130239 -0.206636 -0.227794 -0.137019 -0.125311 -0.218724
-0.120712 -0.208253 -0.228896 -0.130639 -0.1165 -0.219893
-0.112564 -0.20962 -0.23022 -0.125128 -0.108397 -0.220992
-0.105933 -0.211138 -0.231312 -0.120202 -0.10139 -0.221886
-0.101303 -0.212867 -0.232602 -0.115871 -0.0956822 -0.222745
-0.0982501 -0.214163 -0.23411 -0.112149 -0.0917671 -0.22362
-0.096715 -0.21535 -0.235392 -0.109384 -0.0894008 -0.224494
-0.0963423 -0.216199 -0.236404 -0.108015 -0.0892297 -0.225434
-0.0971389 -0.217549 -0.237248 -0.108161 -0.090548 -0.226565
-0.0993412 -0.218741 -0.237857 -0.110005 -0.093354 -0.227541
-0.103287 -0.219932 -0.238274 -0.112863 -0.0973694 -0.228474
-0.108434 -0.220784 -0.238558 -0.116788 -0.102602 -0.229297
-0.114742 -0.221485 -0.238998 -0.122103 -0.109077 -0.229835
-0.122003 -0.221747 -0.239517 -0.12838 -0.116463 -0.230125
-0.129918 -0.221979 -0.240046 -0.134984 -0.124757 -0.230104
-0.137965 -0.222415 -0.24003 -0.142264 -0.133474 -0.230178
-0.146015 -0.222677 -0.239935 -0.149922 -0.141818 -0.230203
-0.154 -0.223009 -0.239796 -0.158911 -0.149839 -0.230317
-0.161668 -0.222917 -0.239626 -0.167772 -0.157833 -0.23036
-0.169526 -0.222343 -0.23847 -0.176589 -0.166024 -0.229577
-0.179399 -0.221392 -0.23502 -0.188756 -0.177598 -0.228225
-0.189776 -0.220599 -0.233048 -0.200163 -0.190565 -0.227336
-0.197524 -0.219452 -0.230882 -0.210888 -0.201078 -0.22611
-0.204257 -0.217704 -0.228113 -0.221142 -0.210755 -0.223819
-0.210563 -0.214253 -0.225452 -0.227582 -0.213237 -0.220683
-0.216115 -0.209679 -0.222736 -0.226933 -0.213194 -0.21676
-0.215294 -0.204076 -0.220173 -0.224099 -0.212213 -0.213418
-0.214619 -0.199537 -0.216849 -0.222795 -0.211968 -0.209377
-0.213724 -0.195122 -0.212733 -0.221207 -0.211027 -0.20492
-0.213291 -0.189959 -0.207208 -0.218953 -0.210558 -0.199164
-0.213372 -0.183364 -0.200217 -0.217494 -0.210538 -0.192277
-0.213965 -0.175711 -0.19231 -0.216375 -0.211291 -0.184452
-0.214278 -0.167338 -0.183742 -0.215747 -0.212172 -0.176089
-0.214908 -0.158474 -0.174347 -0.215658 -0.213033 -0.167282
-0.215687 -0.149588 -0.164419 -0.216149 -0.214097 -0.158126
-0.216442 -0.140652 -0.154695 -0.216723 -0.214961 -0.148754
-0.217486 -0.13177 -0.145636 -0.217728 -0.215967 -0.139497
-0.218586 -0.12307 -0.137378 -0.218778 -0.21723 -0.130492
-0.22025 -0.113357 -0.128766 -0.220121 -0.218784 -0.120256
-0.221744 -0.10599 -0.122645 -0.221617 -0.22001 -0.112642
-0.223044 -0.0995597 -0.117546 -0.223015 -0.221269 -0.106272
-0.224361 -0.0943369 -0.11329 -0.224514 -0.222352 -0.101287
-0.225476 -0.0904457 -0.110005 -0.226069 -0.223344 -0.0978256
-0.226456 -0.0881967 -0.10823 -0.22767 -0.224237 -0.0959666
-0.227224 -0.0874108 -0.10768 -0.229239 -0.224916 -0.0957106
-0.228002 -0.0880615 -0.108391 -0.230334 -0.225643 -0.0964798
-0.228927 -0.0902491 -0.110785 -0.231355 -0.226433 -0.0984358
-0.22976 -0.0936893 -0.114569 -0.232139 -0.227241 -0.101623
-0.230387 -0.0984389 -0.119357 -0.232852 -0.228102 -0.106241
-0.230776 -0.104323 -0.125369 -0.233641 -0.228801 -0.112166
-0.231126 -0.111476 -0.132497 -0.234186 -0.22905 -0.119302
-0.231459 -0.119541 -0.140396 -0.234799 -0.229148 -0.127208
-0.231541 -0.128 -0.148507 -0.235107 -0.229394 -0.135339
-0.231521 -0.136528 -0.156745 -0.235403 -0.229454 -0.143715
-0.231549 -0.145052 -0.16488 -0.235483 -0.22958 -0.15215
-0.231668 -0.153181 -0.172743 -0.235329 -0.229619 -0.160415
-0.231059 -0.161886 -0.18223 -0.233559 -0.228854 -0.16911
-0.229623 -0.172162 -0.196535 -0.230988 -0.227428 -0.179292
-0.228302 -0.182814 -0.211173 -0.229121 -0.226091 -0.189335
-0.226861 -0.193724 -0.223901 -0.227025 -0.22417 -0.198955
-0.224524 -0.20381 -0.234456 -0.224274 -0.221632 -0.208657
-0.221778 -0.208554 -0.238311 -0.220619 -0.218637 -0.216853
-0.218011 -0.206148 -0.237259 -0.21673 -0.215885 -0.219006
-0.214589 -0.205808 -0.23429 -0.212549 -0.210497 -0.218065
-0.209079 -0.205086 -0.23162 -0.208383 -0.205681 -0.217667
-0.203825 -0.20483 -0.229225 -0.204516 -0.199427 -0.217397
-0.197944 -0.203968 -0.227901 -0.199262 -0.194307 -0.216077
-0.191342 -0.203832 -0.226408 -0.192183 -0.18798 -0.215367
-0.18374 -0.20449 -0.225689 -0.184357 -0.1808 -0.214918
-0.175187 -0.204795 -0.225291 -0.175851 -0.172328 -0.214744
-0.16589 -0.205212 -0.225541 -0.166847 -0.163214 -0.214651
-0.155653 -0.20597 -0.22623 -0.157742 -0.153787 -0.214692
-0.145295 -0.207289 -0.226513 -0.149092 -0.14383 -0.21512
-0.134905 -0.208807 -0.22727 -0.141222 -0.13394 -0.215882
-0.125023 -0.210407 -0.228146 -0.134147 -0.124431 -0.217081
-0.115855 -0.21184 -0.229129 -0.127823 -0.115529 -0.218302
-0.107914 -0.21324 -0.230256 -0.122469 -0.107729 -0.219665
-0.101543 -0.214678 -0.231286 -0.117897 -0.101588 -0.220775
-0.0968561 -0.216082 -0.232443 -0.113781 -0.0968377 -0.221987
-0.0942989 -0.217211 -0.233722 -0.110299 -0.0937832 -0.222882
-0.0936 -0.218172 -0.234904 -0.10782 -0.0922721 -0.223813
-0.0939631 -0.21923 -0.236044 -0.106688 -0.0926429 -0.224536
-0.0956526 -0.220057 -0.237166 -0.107292 -0.0945663 -0.225338
-0.0987955 -0.220761 -0.237877 -0.109544 -0.0978433 -0.226246
-0.103109 -0.221605 -0.238489 -0.112842 -0.102439 -0.226961
-0.108624 -0.222359 -0.239265 -0.117151 -0.107866 -0.227499
-0.115184 -0.222911 -0.239762 -0.122654 -0.114179 -0.228046
-0.122587 -0.223299 -0.240145 -0.128987 -0.121418 -0.228521
-0.130625 -0.223624 -0.24052 -0.135999 -0.129424 -0.228877
-0.138797 -0.223831 -0.240748 -0.143746 -0.137768 -0.229177
-0.146997 -0.223837 -0.241032 -0.151607 -0.146189 -0.229265
-0.155224 -0.223639 -0.241184 -0.159979 -0.154325 -0.229427
-0.163216 -0.223275 -0.241451 -0.168468 -0.162248 -0.229407
-0.171933 -0.222235 -0.239621 -0.179404 -0.171808 -0.228108
-0.184534 -0.221017 -0.236588 -0.195296 -0.186987 -0.2265
-0.193431 -0.220356 -0.234685 -0.207319 -0.198304 -0.225494
-0.200281 -0.218943 -0.232077 -0.219095 -0.208048 -0.223758
-0.206475 -0.216303 -0.229468 -0.229979 -0.217174 -0.220991
-0.21282 -0.212668 -0.22627 -0.231721 -0.221555 -0.217627
-0.218854 -0.208332 -0.222861 -0.232702 -0.220135 -0.213973
-0.218772 -0.202584 -0.21904 -0.234028 -0.21915 -0.210209
-0.219333 -0.196369 -0.215763 -0.234039 -0.219423 -0.205295
-0.218972 -0.190204 -0.211568 -0.238633 -0.219066 -0.199542
-0.219124 -0.183706 -0.205646 -0.242926 -0.219392 -0.193029
-0.218243 -0.177122 -0.198135 -0.240248 -0.219205 -0.185927
-0.216898 -0.170182 -0.189164 -0.237578 -0.218016 -0.178228
-0.215596 -0.162625 -0.179328 -0.23587 -0.216656 -0.170192
-0.214466 -0.154378 -0.169288 -0.234392 -0.214889 -0.161575
-0.21321 -0.145848 -0.159546 -0.233763 -0.213688 -0.152447
-0.212084 -0.137226 -0.150521 -0.233504 -0.212569 -0.143338
-0.211738 -0.128332 -0.142214 -0.233281 -0.21204 -0.134421
-0.211639 -0.119765 -0.134762 -0.233587 -0.211867 -0.125803
-0.211639 -0.111856 -0.128342 -0.234059 -0.21228 -0.117843
-0.211785 -0.104917 -0.123031 -0.234842 -0.212804 -0.111199
-0.212092 -0.0990227 -0.1184 -0.235754 -0.213122 -0.105772
-0.212604 -0.0943692 -0.114431 -0.236991 -0.213618 -0.101122
-0.212915 -0.0913587 -0.111418 -0.238292 -0.214087 -0.0975393
-0.213368 -0.0895479 -0.11021 -0.23957 -0.214562 -0.0957828
-0.214103 -0.0891321 -0.110188 -0.240528 -0.215342 -0.0955946
-0.214835 -0.0903198 -0.111934 -0.241403 -0.216328 -0.0964149
-0.215442 -0.0927808 -0.115118 -0.242806 -0.217188 -0.0987514
-0.21587 -0.0967147 -0.119235 -0.24396 -0.21769 -0.102542
-0.216306 -0.101963 -0.124233 -0.245133 -0.217993 -0.107763
-0.216503 -0.10862 -0.130303 -0.246122 -0.218216 -0.114084
-0.216754 -0.115992 -0.137808 -0.246848 -0.218506 -0.121322
-0.216864 -0.123626 -0.145867 -0.247644 -0.218757 -0.129115
-0.216937 -0.131666 -0.153865 -0.248074 -0.219245 -0.137388
-0.217103 -0.13992 -0.161981 -0.248351 -0.219525 -0.145946
-0.217375 -0.148302 -0.169878 -0.248592 -0.219684 -0.154424
-0.217412 -0.156594 -0.177524 -0.248447 -0.219713 -0.162536
-0.21589 -0.166803 -0.189132 -0.245795 -0.218872 -0.172083
-0.214459 -0.178746 -0.203783 -0.243307 -0.217761 -0.182557
-0.213329 -0.190364 -0.217013 -0.24138 -0.215992 -0.192268
-0.211923 -0.197071 -0.222702 -0.239123 -0.214166 -0.201265
-0.209553 -0.19756 -0.223584 -0.236191 -0.212273 -0.209595
-0.208994 -0.19892 -0.223407 -0.232556 -0.210777 -0.216967
-0.206285 -0.197198 -0.222932 -0.228813 -0.208275 -0.223815
-0.203335 -0.196609 -0.22119 -0.224465 -0.204449 -0.229953
-0.197967 -0.196275 -0.218294 -0.220621 -0.198389 -0.230115
-0.189365 -0.197755 -0.215327 -0.215244 -0.191197 -0.23053
-0.181227 -0.198474 -0.213412 -0.209342 -0.18432 -0.230627
-0.173791 -0.199093 -0.213699 -0.202047 -0.177304 -0.230283
-0.16758 -0.198851 -0.213525 -0.195385 -0.171236 -0.22989
-0.159525 -0.199115 -0.213648 -0.186464 -0.162944 -0.22941
-0.150633 -0.199172 -0.214407 -0.17726 -0.153432 -0.2291
-0.139006 -0.1995 -0.215114 -0.166471 -0.141175 -0.229292
-0.130678 -0.200479 -0.215998 -0.159471 -0.132924 -0.229703
-0.118192 -0.202479 -0.217198 -0.149702 -0.120491 -0.230607
-0.108376 -0.204215 -0.218196 -0.142279 -0.110986 -0.231355
-0.100051 -0.206359 -0.219338 -0.135441 -0.102717 -0.232252
-0.0936319 -0.208141 -0.220993 -0.129573 -0.0956873 -0.232776
-0.0890748 -0.209228 -0.22275 -0.124615 -0.0899358 -0.23329
-0.0860434 -0.210221 -0.224036 -0.12056 -0.0858147 -0.233995
-0.0843485 -0.211155 -0.225346 -0.117808 -0.0833024 -0.234952
-0.0838716 -0.2122 -0.226653 -0.116368 -0.0823123 -0.235798
-0.0842374 -0.213046 -0.227754 -0.116466 -0.0833139 -0.236573
-0.0860627 -0.214057 -0.228544 -0.118239 -0.0856875 -0.2374
-0.0898327 -0.215158 -0.22943 -0.121206 -0.0896063 -0.238089
-0.094875 -0.216098 -0.229955 -0.125204 -0.0946769 -0.238501
-0.101028 -0.216702 -0.23073 -0.13039 -0.100632 -0.238746
-0.108097 -0.21713 -0.231406 -0.136728 -0.107606 -0.239024
-0.115727 -0.217362 -0.231839 -0.144108 -0.115448 -0.23908
-0.123509 -0.217705 -0.232338 -0.151709 -0.123886 -0.239013
-0.131404 -0.217981 -0.23263 -0.159968 -0.132513 -0.238976
-0.139308 -0.218394 -0.232819 -0.168338 -0.141 -0.238933
-0.147251 -0.218767 -0.232962 -0.177252 -0.149183 -0.238766
-0.155044 -0.218384 -0.232823 -0.186129 -0.157122 -0.237895
-0.164917 -0.217207 -0.22973 -0.198928 -0.168163 -0.236291
-0.176327 -0.216377 -0.227475 -0.211506 -0.181294 -0.235189
-0.185437 -0.215387 -0.225829 -0.222433 -0.189005 -0.233936
-0.193555 -0.213149 -0.224609 -0.232558 -0.190993 -0.231146
-0.200727 -0.209114 -0.223179 -0.233587 -0.1975 -0.228331
-0.205987 -0.205409 -0.220908 -0.233493 -0.203266 -0.226107
-0.211304 -0.202704 -0.21631 -0.233434 -0.202809 -0.223275
-0.215266 -0.199099 -0.21114 -0.232199 -0.199586 -0.219958
-0.215121 -0.193587 -0.207011 -0.228204 -0.198542 -0.215516
-0.215942 -0.188253 -0.202541 -0.224125 -0.199107 -0.209252
-0.216494 -0.181105 -0.197065 -0.220723 -0.200534 -0.201914
-0.217373 -0.173855 -0.189663 -0.218465 -0.201914 -0.194173
-0.218173 -0.165792 -0.180654 -0.216253 -0.202871 -0.186189
-0.219628 -0.157447 -0.170848 -0.214945 -0.203464 -0.177817
-0.220354 -0.148528 -0.160699 -0.214608 -0.204204 -0.168994
-0.220954 -0.139457 -0.150859 -0.214766 -0.205023 -0.159956
-0.221842 -0.130362 -0.141765 -0.215683 -0.205911 -0.15111
-0.223167 -0.121475 -0.133661 -0.216559 -0.206603 -0.142521
-0.224404 -0.113188 -0.12656 -0.217843 -0.207609 -0.134246
-0.225479 -0.105425 -0.120702 -0.219258 -0.208574 -0.126487
-0.226928 -0.0985958 -0.115836 -0.220858 -0.20989 -0.11957
-0.228555 -0.0926727 -0.111869 -0.222201 -0.211022 -0.113834
-0.230249 -0.0882061 -0.108675 -0.22361 -0.212516 -0.109495
-0.231826 -0.0851049 -0.106268 -0.225038 -0.213945 -0.106667
-0.233091 -0.0834273 -0.105471 -0.226668 -0.215112 -0.105675
-0.234339 -0.0836128 -0.105424 -0.228206 -0.216218 -0.106319
-0.235768 -0.085482 -0.106773 -0.22942 -0.217155 -0.108101
-0.237213 -0.0887348 -0.109406 -0.230315 -0.217946 -0.111004
-0.23832 -0.0932524 -0.113673 -0.231095 -0.218976 -0.115057
-0.23907 -0.098794 -0.119078 -0.232074 -0.219934 -0.12038
-0.239674 -0.105351 -0.125385 -0.232757 -0.22045 -0.127047
-0.240096 -0.112678 -0.132641 -0.233639 -0.220639 -0.134928
-0.240473 -0.120731 -0.140405 -0.234308 -0.22073 -0.143302
-0.240478 -0.129337 -0.148509 -0.234862 -0.220689 -0.151598
-0.240483 -0.138039 -0.156555 -0.235242 -0.220664 -0.159861
-0.240545 -0.146514 -0.164469 -0.235469 -0.2206 -0.168032
-0.240543 -0.154695 -0.172751 -0.234811 -0.22046 -0.175921
-0.239796 -0.16395 -0.185726 -0.232238 -0.218936 -0.185648
-0.239008 -0.173777 -0.201352 -0.230655 -0.217472 -0.196213
-0.238255 -0.183673 -0.208457 -0.228736 -0.215867 -0.205753
-0.237923 -0.19301 -0.210053 -0.225721 -0.214715 -0.211702
-0.236803 -0.202141 -0.208823 -0.222062 -0.213081 -0.210056
-0.234359 -0.209175 -0.208233 -0.218892 -0.212148 -0.208984
-0.229266 -0.209599 -0.205413 -0.216434 -0.209144 -0.208904
-0.224089 -0.211371 -0.202561 -0.213883 -0.203931 -0.209456
-0.2188 -0.211911 -0.200762 -0.210445 -0.197559 -0.209499
-0.213676 -0.212301 -0.199797 -0.204917 -0.19114 -0.209022
-0.207359 -0.212405 -0.198716 -0.197751 -0.184227 -0.207802
-0.19983 -0.213045 -0.198394 -0.189643 -0.176206 -0.207415
-0.190964 -0.213427 -0.198734 -0.181305 -0.167562 -0.207352
-0.181419 -0.213907 -0.199134 -0.172503 -0.15818 -0.207654
-0.171183 -0.214778 -0.200012 -0.16334 -0.148482 -0.208278
-0.160964 -0.215869 -0.200898 -0.154382 -0.138512 -0.209248
-0.150745 -0.21679 -0.20183 -0.145777 -0.128518 -0.210759
-0.140718 -0.218003 -0.203287 -0.137977 -0.118825 -0.212376
-0.13141 -0.219184 -0.204723 -0.131227 -0.109899 -0.213924
-0.123298 -0.220473 -0.206308 -0.125323 -0.101852 -0.21549
-0.116247 -0.222026 -0.207657 -0.120043 -0.0948322 -0.21721
-0.110512 -0.223351 -0.209431 -0.115478 -0.0891954 -0.218973
-0.106702 -0.224178 -0.211499 -0.111698 -0.0854266 -0.220393
-0.105007 -0.224731 -0.213639 -0.108722 -0.0834945 -0.221384
-0.104529 -0.22516 -0.216304 -0.107067 -0.0834 -0.222306
-0.105776 -0.22556 -0.218089 -0.106935 -0.0848765 -0.223317
-0.108168 -0.225818 -0.219576 -0.108729 -0.0877668 -0.224573
-0.111807 -0.226288 -0.221114 -0.111873 -0.0922478 -0.225733
-0.116564 -0.226904 -0.222147 -0.116199 -0.0978322 -0.226794
-0.122633 -0.227493 -0.223158 -0.121619 -0.10414 -0.227795
-0.129821 -0.228119 -0.224081 -0.127996 -0.111516 -0.228665
-0.138034 -0.228536 -0.224649 -0.135226 -0.11944 -0.229337
-0.146546 -0.228553 -0.225392 -0.143216 -0.127541 -0.229991
-0.155009 -0.228446 -0.225884 -0.151675 -0.135591 -0.2307
-0.16327 -0.22842 -0.226158 -0.160317 -0.143883 -0.231072
-0.171178 -0.22794 -0.226397 -0.16851 -0.152014 -0.231388
-0.179037 -0.227071 -0.225699 -0.177748 -0.160336 -0.23086
-0.188229 -0.225937 -0.22245 -0.191916 -0.172376 -0.22923
-0.19753 -0.225394 -0.220295 -0.205325 -0.185075 -0.228431
-0.204535 -0.22406 -0.217955 -0.218143 -0.195223 -0.227703
-0.210623 -0.221822 -0.215559 -0.227787 -0.198782 -0.225638
-0.215944 -0.218255 -0.213886 -0.22751 -0.199525 -0.22202
-0.21583 -0.213745 -0.212341 -0.225396 -0.199672 -0.219751
-0.21583 -0.209315 -0.209634 -0.224483 -0.199767 -0.216954
-0.215476 -0.205399 -0.206411 -0.223093 -0.199431 -0.213073
-0.215432 -0.201837 -0.202129 -0.222057 -0.199544 -0.208162
-0.215435 -0.196743 -0.196248 -0.220982 -0.199443 -0.202236
-0.216003 -0.190091 -0.18877 -0.220117 -0.199824 -0.195358
-0.216979 -0.182339 -0.180701 -0.219912 -0.200681 -0.187524
-0.217794 -0.173992 -0.171889 -0.21979 -0.201917 -0.178982
-0.218766 -0.165097 -0.162617 -0.220115 -0.203442 -0.169843
-0.220143 -0.15588 -0.153121 -0.220384 -0.204878 -0.160234
-0.221586 -0.146941 -0.144335 -0.221101 -0.20643 -0.150902
-0.222732 -0.137853 -0.135905 -0.221959 -0.208325 -0.141443
-0.223984 -0.129103 -0.128566 -0.223 -0.210044 -0.132299
-0.225716 -0.119493 -0.121437 -0.224264 -0.212022 -0.122311
-0.226905 -0.111992 -0.116429 -0.225532 -0.213538 -0.114996
-0.228054 -0.105721 -0.11247 -0.226574 -0.214961 -0.10906
-0.22917 -0.100798 -0.109576 -0.227918 -0.216318 -0.104545
-0.230057 -0.0972642 -0.107158 -0.229193 -0.217483 -0.101504
-0.231015 -0.0950784 -0.105035 -0.230299 -0.218385 -0.0999464
-0.231862 -0.0942278 -0.104559 -0.231377 -0.219419 -0.0999396
-0.232582 -0.0951246 -0.105095 -0.232369 -0.220376 -0.10099
-0.233393 -0.0972835 -0.10656 -0.232924 -0.221075 -0.102881
-0.234254 -0.101105 -0.109128 -0.233502 -0.221758 -0.106065
-0.234816 -0.106161 -0.113299 -0.233994 -0.222525 -0.110659
-0.235165 -0.112124 -0.118467 -0.234524 -0.223024 -0.116442
-0.235407 -0.118951 -0.124669 -0.234928 -0.223292 -0.123532
-0.235765 -0.126477 -0.131766 -0.235281 -0.223455 -0.131431
-0.235961 -0.134744 -0.139721 -0.235413 -0.223431 -0.13964
-0.23596 -0.143354 -0.147632 -0.235453 -0.223608 -0.147873
-0.235922 -0.151896 -0.155588 -0.235377 -0.223646 -0.156124
-0.236005 -0.160362 -0.163075 -0.235195 -0.223739 -0.164158
-0.235457 -0.168759 -0.172343 -0.233286 -0.222775 -0.173184
-0.234234 -0.178377 -0.186455 -0.230473 -0.221219 -0.183948
-0.233003 -0.18817 -0.201235 -0.228466 -0.219703 -0.194959
-0.231419 -0.198034 -0.21433 -0.226186 -0.217682 -0.205428
-0.229201 -0.206769 -0.225056 -0.223287 -0.214774 -0.215912
-0.226855 -0.211793 -0.226251 -0.219246 -0.211499 -0.223788
-0.223785 -0.208761 -0.224113 -0.215276 -0.2084 -0.221298
-0.219689 -0.208836 -0.221643 -0.211324 -0.204476 -0.220387
-0.214389 -0.208485 -0.218986 -0.207182 -0.199505 -0.220186
-0.209124 -0.208535 -0.216596 -0.203694 -0.193713 -0.219875
-0.203489 -0.208192 -0.215545 -0.19889 -0.188078 -0.218754
-0.197118 -0.208334 -0.214899 -0.19209 -0.182233 -0.217947
-0.189667 -0.208401 -0.214804 -0.184214 -0.17535 -0.217239
-0.181161 -0.20823 -0.214959 -0.175831 -0.167066 -0.216897
-0.171792 -0.208062 -0.215558 -0.166967 -0.157726 -0.217117
-0.161641 -0.208598 -0.216153 -0.158097 -0.148081 -0.217681
-0.151014 -0.209596 -0.216697 -0.149444 -0.137971 -0.218622
-0.140782 -0.210806 -0.217773 -0.14166 -0.127775 -0.219881
-0.131145 -0.212037 -0.218845 -0.134601 -0.118054 -0.221341
-0.122545 -0.213524 -0.219887 -0.128318 -0.108952 -0.222735
-0.115223 -0.215151 -0.221062 -0.122663 -0.100802 -0.223987
-0.109399 -0.216494 -0.222194 -0.117741 -0.0940401 -0.225259
-0.105032 -0.217457 -0.223615 -0.113478 -0.0889324 -0.226371
-0.102112 -0.218271 -0.224916 -0.109782 -0.0859628 -0.227258
-0.100875 -0.219001 -0.226224 -0.107386 -0.0847601 -0.228096
-0.100878 -0.219696 -0.227405 -0.106336 -0.0854314 -0.229038
-0.102516 -0.220412 -0.228527 -0.10684 -0.0875003 -0.229975
-0.105452 -0.220967 -0.229185 -0.108754 -0.0908936 -0.230856
-0.109507 -0.22172 -0.229615 -0.112209 -0.0957598 -0.231785
-0.114691 -0.22244 -0.229901 -0.116905 -0.101747 -0.232681
-0.120981 -0.223013 -0.230307 -0.122569 -0.108516 -0.233475
-0.128103 -0.223286 -0.230822 -0.129088 -0.116179 -0.2339
-0.136141 -0.223528 -0.231257 -0.136237 -0.12479 -0.234008
-0.144582 -0.223699 -0.23158 -0.143937 -0.133331 -0.234069
-0.153148 -0.223718 -0.231854 -0.152212 -0.141793 -0.234299
-0.162857 -0.223621 -0.231981 -0.16218 -0.151571 -0.234415
-0.170577 -0.223404 -0.23232 -0.170623 -0.159443 -0.234324
-0.178918 -0.222081 -0.230111 -0.183035 -0.168716 -0.232865
-0.188925 -0.220876 -0.227003 -0.19816 -0.181167 -0.231534
-0.197375 -0.220186 -0.225205 -0.211133 -0.192475 -0.230609
-0.20432 -0.218775 -0.222659 -0.223865 -0.202196 -0.229097
-0.210267 -0.216273 -0.219949 -0.227503 -0.206097 -0.226724
-0.213875 -0.213144 -0.217646 -0.226405 -0.206834 -0.223451
-0.213553 -0.208556 -0.214889 -0.224078 -0.20622 -0.220575
-0.214319 -0.204411 -0.212193 -0.222334 -0.206699 -0.216671
-0.21409 -0.200259 -0.20906 -0.22113 -0.206593 -0.212531
-0.21413 -0.196015 -0.204035 -0.219784 -0.206308 -0.207578
-0.214459 -0.190217 -0.196978 -0.218598 -0.20584 -0.201407
-0.214872 -0.183215 -0.189244 -0.218255 -0.20604 -0.194099
-0.215413 -0.175209 -0.180872 -0.217805 -0.206527 -0.185939
-0.216266 -0.16637 -0.171997 -0.217686 -0.207451 -0.177191
-0.217617 -0.157075 -0.16276 -0.21777 -0.208461 -0.167845
-0.218965 -0.147801 -0.153496 -0.218149 -0.209817 -0.158263
-0.220373 -0.138459 -0.144604 -0.218961 -0.21127 -0.148918
-0.221536 -0.129603 -0.136263 -0.219883 -0.212741 -0.140003
-0.222688 -0.121276 -0.128852 -0.220982 -0.214019 -0.131572
-0.223955 -0.113342 -0.122548 -0.22209 -0.215375 -0.123671
-0.22519 -0.106249 -0.117353 -0.223341 -0.216879 -0.116605
-0.226499 -0.099987 -0.113218 -0.22463 -0.218228 -0.110839
-0.227538 -0.0950986 -0.109885 -0.225867 -0.219562 -0.106435
-0.228488 -0.0917342 -0.107156 -0.227424 -0.220463 -0.103423
-0.229315 -0.0900579 -0.105454 -0.228703 -0.221082 -0.101985
-0.229878 -0.0899389 -0.105095 -0.229951 -0.221783 -0.102026
-0.230556 -0.0911909 -0.106118 -0.230858 -0.222518 -0.102918
-0.23131 -0.093671 -0.108536 -0.231649 -0.223273 -0.105268
-0.231813 -0.0974521 -0.112254 -0.232252 -0.224065 -0.109032
-0.232196 -0.102529 -0.11712 -0.2329 -0.224624 -0.11419
-0.232515 -0.108903 -0.12304 -0.233449 -0.224844 -0.120647
-0.232682 -0.116384 -0.129991 -0.233951 -0.224953 -0.12802
-0.232839 -0.124681 -0.137833 -0.234283 -0.225023 -0.135863
-0.232879 -0.133218 -0.146013 -0.23444 -0.225114 -0.143981
-0.232947 -0.141966 -0.154256 -0.234531 -0.225338 -0.15236
-0.232868 -0.150473 -0.162331 -0.234515 -0.22551 -0.160822
-0.232706 -0.158577 -0.170052 -0.234064 -0.225567 -0.169142
-0.231451 -0.168158 -0.181728 -0.231178 -0.224197 -0.178778
-0.230193 -0.179089 -0.197001 -0.229001 -0.223152 -0.18937
-0.229077 -0.190271 -0.211622 -0.227171 -0.221589 -0.199073
-0.227782 -0.201168 -0.223013 -0.224654 -0.219566 -0.208386
-0.225852 -0.209284 -0.227038 -0.221154 -0.216915 -0.216659
-0.223034 -0.20668 -0.226652 -0.217094 -0.214763 -0.218006
-0.219936 -0.206207 -0.22454 -0.213921 -0.210629 -0.2164
-0.216119 -0.20595 -0.221905 -0.21075 -0.206268 -0.216068
-0.211546 -0.206192 -0.220012 -0.207421 -0.200903 -0.216597
-0.206259 -0.206366 -0.218955 -0.203564 -0.195962 -0.215378
-0.200459 -0.206436 -0.217833 -0.197572 -0.190057 -0.214925
-0.193833 -0.206937 -0.217644 -0.190186 -0.1832 -0.214514
-0.185724 -0.207397 -0.217684 -0.182243 -0.175244 -0.214347
-0.176859 -0.20796 -0.217708 -0.17354 -0.166198 -0.214605
-0.167079 -0.20869 -0.218307 -0.16461 -0.15644 -0.215111
-0.156901 -0.209881 -0.218568 -0.155642 -0.146231 -0.216251
-0.146389 -0.211206 -0.219128 -0.14717 -0.13597 -0.21748
-0.136294 -0.212742 -0.220092 -0.139379 -0.125943 -0.219109
-0.126757 -0.214268 -0.220962 -0.132366 -0.116669 -0.220595
-0.116776 -0.215768 -0.222215 -0.12517 -0.106646 -0.222163
-0.110035 -0.217057 -0.223428 -0.119823 -0.0995824 -0.223388
-0.10449 -0.218137 -0.224866 -0.115085 -0.0938805 -0.224456
-0.100651 -0.219057 -0.22639 -0.111207 -0.0898826 -0.225307
-0.0985623 -0.219614 -0.22782 -0.108208 -0.0877979 -0.226021
-0.0977712 -0.220304 -0.229021 -0.106744 -0.0876307 -0.226884
-0.0981137 -0.221126 -0.229972 -0.106468 -0.0886446 -0.227735
-0.100174 -0.222142 -0.230703 -0.107669 -0.0911376 -0.228732
-0.103815 -0.223052 -0.231226 -0.110407 -0.0949947 -0.229576
-0.108677 -0.223881 -0.231742 -0.114586 -0.100067 -0.230344
-0.114735 -0.224667 -0.232215 -0.12006 -0.106321 -0.230996
-0.121572 -0.2252 -0.232647 -0.126261 -0.113272 -0.231574
-0.129257 -0.225737 -0.23295 -0.133217 -0.121243 -0.232068
-0.137429 -0.22626 -0.233121 -0.140676 -0.13006 -0.232423
-0.145638 -0.226588 -0.233408 -0.148924 -0.138752 -0.23265
-0.153957 -0.226776 -0.233679 -0.157263 -0.147234 -0.232819
-0.16224 -0.226555 -0.233953 -0.165781 -0.155408 -0.23279
-0.170248 -0.225721 -0.233931 -0.174532 -0.163584 -0.232241
-0.179299 -0.224407 -0.231281 -0.188223 -0.174415 -0.230274
-0.188677 -0.223602 -0.229277 -0.20251 -0.186978 -0.228897
-0.195573 -0.222504 -0.227482 -0.215878 -0.197799 -0.22777
-0.201135 -0.220666 -0.224726 -0.224755 -0.20731 -0.225871
-0.206136 -0.218251 -0.222306 -0.224754 -0.208125 -0.223145
-0.212008 -0.214869 -0.219575 -0.222838 -0.208502 -0.220421
-0.212724 -0.210386 -0.216075 -0.221564 -0.207905 -0.217737
-0.212788 -0.206159 -0.21373 -0.219098 -0.207934 -0.214058
-0.212861 -0.201928 -0.210179 -0.217787 -0.207887 -0.209326
-0.212981 -0.197051 -0.204817 -0.216297 -0.208116 -0.203805
-0.212977 -0.190775 -0.19761 -0.215336 -0.208491 -0.197302
-0.213714 -0.18357 -0.189704 -0.215023 -0.209238 -0.190026
-0.214629 -0.175343 -0.181139 -0.214945 -0.209961 -0.181957
-0.215791 -0.166289 -0.172085 -0.21472 -0.210983 -0.172961
-0.217253 -0.157115 -0.162842 -0.215022 -0.212536 -0.163696
-0.218723 -0.147925 -0.153633 -0.215423 -0.21425 -0.154275
-0.220225 -0.139005 -0.144886 -0.21613 -0.215956 -0.145204
-0.221599 -0.130544 -0.136503 -0.217268 -0.217364 -0.13635
-0.222867 -0.122473 -0.129056 -0.218672 -0.218672 -0.128125
-0.224096 -0.115117 -0.122518 -0.220307 -0.219804 -0.120518
-0.225192 -0.108312 -0.117341 -0.221825 -0.221115 -0.11406
-0.226287 -0.102378 -0.11295 -0.2234 -0.222308 -0.108511
-0.22736 -0.0978752 -0.109808 -0.224787 -0.223479 -0.104289
-0.228381 -0.0951467 -0.107415 -0.226203 -0.224563 -0.101168
-0.229157 -0.0937448 -0.10622 -0.227761 -0.225412 -0.100073
-0.229693 -0.0939655 -0.106123 -0.229039 -0.226054 -0.100087
-0.230288 -0.0955744 -0.107276 -0.230173 -0.226777 -0.101853
-0.230997 -0.098507 -0.110134 -0.231191 -0.227328 -0.10503
-0.23157 -0.10284 -0.114445 -0.231911 -0.227732 -0.109511
-0.231942 -0.108382 -0.119872 -0.232621 -0.228031 -0.114837
-0.232371 -0.115288 -0.126335 -0.233196 -0.228226 -0.121457
-0.232608 -0.123137 -0.133825 -0.233659 -0.228239 -0.128941
-0.232646 -0.131538 -0.141891 -0.234141 -0.228202 -0.136934
-0.232537 -0.140027 -0.150096 -0.234448 -0.228296 -0.145353
-0.232509 -0.148484 -0.158218 -0.23458 -0.22818 -0.153856
-0.232373 -0.158239 -0.167642 -0.234629 -0.227998 -0.163784
-0.232265 -0.164794 -0.174133 -0.23384 -0.227754 -0.170358
-0.23105 -0.169409 -0.18641 -0.230892 -0.226195 -0.17912
-0.228369 -0.172078 -0.203356 -0.229139 -0.223161 -0.188408
-0.226467 -0.174081 -0.216777 -0.227936 -0.219503 -0.197115
-0.224511 -0.174925 -0.227531 -0.227075 -0.21603 -0.203918
-0.222804 -0.174898 -0.23156 -0.225992 -0.211763 -0.210557
-0.221925 -0.171874 -0.232534 -0.222569 -0.209324 -0.215953
-0.220832 -0.170223 -0.23274 -0.21909 -0.207784 -0.217009
-0.217447 -0.169237 -0.231501 -0.21525 -0.204357 -0.216214
-0.211803 -0.169185 -0.228253 -0.211357 -0.200278 -0.216683
-0.202699 -0.169835 -0.226426 -0.205104 -0.193489 -0.217384
-0.195139 -0.171558 -0.226119 -0.198383 -0.186986 -0.217961
-0.187351 -0.173458 -0.225859 -0.190359 -0.179655 -0.218814
-0.179477 -0.175318 -0.225545 -0.181402 -0.171686 -0.218945
-0.170965 -0.176771 -0.22551 -0.171922 -0.163157 -0.218896
-0.161942 -0.178417 -0.226443 -0.162284 -0.153832 -0.219034
-0.152433 -0.180126 -0.227463 -0.153111 -0.144327 -0.219268
-0.142403 -0.1821 -0.228481 -0.144722 -0.134916 -0.219957
-0.132397 -0.184584 -0.229429 -0.13744 -0.126029 -0.220954
-0.122946 -0.18684 -0.230293 -0.131158 -0.117757 -0.222546
-0.114499 -0.18923 -0.231207 -0.125821 -0.109954 -0.224131
-0.107824 -0.191523 -0.232328 -0.121266 -0.103528 -0.225597
-0.102989 -0.193825 -0.233477 -0.117189 -0.0985354 -0.226905
-0.100057 -0.196263 -0.234445 -0.113733 -0.0948308 -0.228102
-0.0989801 -0.198147 -0.235464 -0.111284 -0.0926408 -0.229193
-0.0988999 -0.199649 -0.236437 -0.109701 -0.0924629 -0.23033
-0.0999277 -0.201422 -0.237583 -0.109592 -0.0935473 -0.231366
-0.102167 -0.202584 -0.238328 -0.111054 -0.0963656 -0.232324
-0.105633 -0.203979 -0.239146 -0.113706 -0.100685 -0.233028
-0.110208 -0.20529 -0.240071 -0.117623 -0.105968 -0.233653
-0.116076 -0.206213 -0.240683 -0.122868 -0.112305 -0.234117
-0.12309 -0.207034 -0.241213 -0.128889 -0.11913 -0.234399
-0.130864 -0.207784 -0.241586 -0.135641 -0.126658 -0.234782
-0.138951 -0.208564 -0.241924 -0.14304 -0.134427 -0.234979
-0.147249 -0.209373 -0.242174 -0.150956 -0.142472 -0.23511
-0.155408 -0.209798 -0.242372 -0.159137 -0.150657 -0.2351
-0.16339 -0.210106 -0.242753 -0.167325 -0.158812 -0.234765
-0.171353 -0.20995 -0.241874 -0.176674 -0.167503 -0.233441
-0.18038 -0.209235 -0.238488 -0.190028 -0.180528 -0.231312
-0.189011 -0.208877 -0.236236 -0.201799 -0.194904 -0.229887
-0.194784 -0.208642 -0.233605 -0.201304 -0.207398 -0.228864
-0.198414 -0.207847 -0.229807 -0.201699 -0.219062 -0.227395
-0.203372 -0.207026 -0.225085 -0.202057 -0.231359 -0.22547
-0.209596 -0.204535 -0.220719 -0.20061 -0.234721 -0.223131
-0.21763 -0.199943 -0.216648 -0.19694 -0.235272 -0.219615
-0.224307 -0.193719 -0.213653 -0.193481 -0.235885 -0.215884
-0.224677 -0.186688 -0.211151 -0.190424 -0.236538 -0.211112
-0.225012 -0.181043 -0.206621 -0.187791 -0.237078 -0.205252
-0.224634 -0.174398 -0.200245 -0.186048 -0.237321 -0.198582
-0.224496 -0.167678 -0.192532 -0.185307 -0.236864 -0.191062
-0.224132 -0.159818 -0.183677 -0.184932 -0.236548 -0.183946
-0.224662 -0.15108 -0.174591 -0.184644 -0.236791 -0.176968
-0.225874 -0.141298 -0.165753 -0.184249 -0.237091 -0.169577
-0.227473 -0.131142 -0.156799 -0.184353 -0.237688 -0.161707
-0.229025 -0.121397 -0.147983 -0.184728 -0.238634 -0.153878
-0.230488 -0.112347 -0.139828 -0.185775 -0.239592 -0.146134
-0.23141 -0.103858 -0.13223 -0.187637 -0.24008 -0.138623
-0.232433 -0.0964879 -0.125547 -0.190293 -0.240425 -0.131355
-0.23293 -0.0904306 -0.120132 -0.193277 -0.240365 -0.124693
-0.233082 -0.0855716 -0.115903 -0.196472 -0.239734 -0.118696
-0.233458 -0.0816414 -0.113149 -0.199592 -0.238925 -0.114058
-0.234304 -0.07886 -0.111803 -0.202199 -0.238384 -0.110791
-0.235165 -0.077289 -0.111952 -0.204539 -0.238132 -0.108952
-0.236427 -0.0772077 -0.113252 -0.206547 -0.238306 -0.108509
-0.237441 -0.0784602 -0.116378 -0.208497 -0.238583 -0.109782
-0.238582 -0.081254 -0.120439 -0.209945 -0.238567 -0.112748
-0.23971 -0.0855719 -0.125058 -0.211319 -0.238776 -0.117323
-0.240548 -0.0913804 -0.130496 -0.212778 -0.238721 -0.123175
-0.240848 -0.0984367 -0.137298 -0.214121 -0.238538 -0.129755
-0.24078 -0.105927 -0.144739 -0.215611 -0.23815 -0.136982
-0.240844 -0.113947 -0.152468 -0.216483 -0.237702 -0.145012
-0.240878 -0.122096 -0.160347 -0.217465 -0.237431 -0.152983
-0.240953 -0.130388 -0.168525 -0.217947 -0.237153 -0.160729
-0.241062 -0.13869 -0.176466 -0.218331 -0.236985 -0.168342
-0.241048 -0.146981 -0.185164 -0.217654 -0.23605 -0.176112
-0.240231 -0.156084 -0.198441 -0.215179 -0.234187 -0.184598
-0.238996 -0.165667 -0.212903 -0.213938 -0.231389 -0.185493
-0.23628 -0.175338 -0.225203 -0.212923 -0.228735 -0.186555
-0.232742 -0.183808 -0.237216 -0.212373 -0.225369 -0.187659
-0.229301 -0.19046 -0.243721 -0.211053 -0.221813 -0.18767
-0.226599 -0.194747 -0.244109 -0.208727 -0.218904 -0.186449
-0.223802 -0.198989 -0.244173 -0.205213 -0.217582 -0.184417
-0.220295 -0.204623 -0.243821 -0.200404 -0.215144 -0.182158
-0.214272 -0.211779 -0.240919 -0.194189 -0.209838 -0.181051
-0.207666 -0.215399 -0.23862 -0.188121 -0.203508 -0.180909
-0.198874 -0.215504 -0.236796 -0.181214 -0.1957 -0.181353
-0.19086 -0.217366 -0.234596 -0.17339 -0.186172 -0.182101
-0.182463 -0.218752 -0.232865 -0.164549 -0.176282 -0.182609
-0.17409 -0.220325 -0.232083 -0.155165 -0.167225 -0.182773
-0.165284 -0.221646 -0.230922 -0.146128 -0.15896 -0.182359
-0.156132 -0.222806 -0.230575 -0.137751 -0.150464 -0.182862
-0.14676 -0.223959 -0.230844 -0.130287 -0.141909 -0.183571
-0.137541 -0.22492 -0.231246 -0.12404 -0.133555 -0.185091
-0.128861 -0.226179 -0.231756 -0.118721 -0.125964 -0.187265
-0.121226 -0.227762 -0.232276 -0.114333 -0.118854 -0.189909
-0.114654 -0.229164 -0.232799 -0.111081 -0.112566 -0.192738
-0.109553 -0.23034 -0.233461 -0.10829 -0.107467 -0.195479
-0.106846 -0.231459 -0.234419 -0.105553 -0.103976 -0.197864
-0.105812 -0.232297 -0.235226 -0.103019 -0.10193 -0.199851
-0.106028 -0.233396 -0.236123 -0.101078 -0.101415 -0.201624
-0.10742 -0.234212 -0.236928 -0.100392 -0.102747 -0.203322
-0.109703 -0.234844 -0.237429 -0.1012 -0.105766 -0.205128
-0.113217 -0.23558 -0.237823 -0.103628 -0.109959 -0.206764
-0.118193 -0.236482 -0.238151 -0.106766 -0.115289 -0.208224
-0.124427 -0.237304 -0.238566 -0.1111 -0.12171 -0.209632
-0.131995 -0.237981 -0.238776 -0.116824 -0.128904 -0.210938
-0.140267 -0.238383 -0.239007 -0.123091 -0.136792 -0.21228
-0.148774 -0.238648 -0.239052 -0.129913 -0.145162 -0.213476
-0.156996 -0.238708 -0.238812 -0.137254 -0.153381 -0.214339
-0.165 -0.238642 -0.238721 -0.145229 -0.161636 -0.214932
-0.172683 -0.238189 -0.238812 -0.153121 -0.169597 -0.215194
-0.180642 -0.237375 -0.237171 -0.163257 -0.178543 -0.214159
-0.189941 -0.236636 -0.234218 -0.17663 -0.190872 -0.212426
-0.198264 -0.236058 -0.23261 -0.189379 -0.203033 -0.211466
-0.203861 -0.235103 -0.230078 -0.201962 -0.21278 -0.209905
-0.208512 -0.23311 -0.227768 -0.213287 -0.214468 -0.206897
-0.213516 -0.229428 -0.225982 -0.223235 -0.215528 -0.202796
-0.218609 -0.224224 -0.223745 -0.226705 -0.216389 -0.198764
-0.222665 -0.219564 -0.220883 -0.225876 -0.215941 -0.194915
-0.225382 -0.215455 -0.215553 -0.225629 -0.213387 -0.191673
-0.224493 -0.209038 -0.207857 -0.224827 -0.20983 -0.186666
-0.223647 -0.203384 -0.202419 -0.222031 -0.208294 -0.179999
-0.223469 -0.19633 -0.19684 -0.219086 -0.208115 -0.171802
-0.22406 -0.188287 -0.189991 -0.21616 -0.209015 -0.162669
-0.22483 -0.179689 -0.181526 -0.214052 -0.210174 -0.153931
-0.225256 -0.170786 -0.171957 -0.212604 -0.211457 -0.145551
-0.225873 -0.161794 -0.161877 -0.21222 -0.212483 -0.13702
-0.225928 -0.152918 -0.1515 -0.212592 -0.213337 -0.128664
-0.226183 -0.144414 -0.141955 -0.213609 -0.214083 -0.120229
-0.226573 -0.136169 -0.133728 -0.214854 -0.21471 -0.112088
-0.227287 -0.128306 -0.126832 -0.216145 -0.215454 -0.104169
-0.228272 -0.121287 -0.1213 -0.217373 -0.216586 -0.0967278
-0.229443 -0.115262 -0.116939 -0.21852 -0.217766 -0.0899786
-0.230515 -0.110634 -0.113331 -0.21984 -0.21918 -0.0845877
-0.231664 -0.107274 -0.110547 -0.221132 -0.220558 -0.0808751
-0.232603 -0.104996 -0.109225 -0.222621 -0.221932 -0.0794387
-0.23349 -0.104029 -0.108876 -0.224142 -0.223378 -0.0792725
-0.234431 -0.104872 -0.109935 -0.225298 -0.224691 -0.0806604
-0.235243 -0.10713 -0.112573 -0.226585 -0.225731 -0.0834324
-0.235992 -0.110744 -0.116422 -0.227833 -0.226653 -0.0873804
-0.236552 -0.115582 -0.121108 -0.228875 -0.227378 -0.0923455
-0.236923 -0.121597 -0.1271 -0.229959 -0.227985 -0.0983715
-0.237414 -0.128648 -0.1341 -0.230871 -0.228255 -0.105469
-0.237657 -0.136222 -0.141865 -0.231603 -0.228586 -0.11328
-0.23766 -0.144302 -0.149767 -0.232034 -0.22914 -0.121532
-0.237809 -0.152682 -0.157983 -0.232333 -0.229727 -0.129802
-0.237971 -0.160974 -0.166127 -0.232629 -0.230382 -0.138225
-0.23821 -0.169191 -0.173765 -0.232674 -0.230664 -0.1464
-0.23756 -0.177602 -0.184188 -0.230923 -0.229958 -0.156408
-0.23627 -0.186387 -0.198752 -0.228753 -0.228604 -0.168214
-0.23496 -0.194858 -0.212956 -0.227271 -0.227122 -0.180593
-0.233384 -0.202873 -0.225144 -0.22526 -0.225293 -0.193075
-0.231437 -0.209246 -0.235973 -0.222384 -0.222682 -0.20538
-0.228574 -0.213605 -0.238728 -0.21883 -0.219224 -0.207457
-0.224224 -0.2176 -0.237147 -0.215585 -0.214607 -0.206292
-0.219264 -0.216725 -0.234239 -0.211326 -0.211449 -0.205613
-0.212972 -0.216134 -0.232622 -0.207321 -0.206159 -0.204933
-0.207308 -0.214879 -0.229657 -0.203254 -0.200815 -0.203675
-0.20131 -0.213806 -0.227861 -0.19732 -0.194552 -0.203307
-0.194742 -0.214059 -0.227165 -0.190339 -0.187867 -0.202506
-0.187283 -0.214462 -0.225767 -0.182136 -0.180031 -0.201962
-0.179064 -0.21477 -0.225179 -0.173191 -0.171429 -0.201691
-0.169956 -0.21503 -0.225377 -0.163995 -0.162291 -0.201708
-0.160203 -0.215443 -0.225687 -0.154811 -0.152769 -0.201901
-0.150234 -0.216048 -0.226325 -0.146114 -0.142649 -0.202569
-0.140485 -0.217121 -0.227151 -0.138424 -0.133049 -0.203576
-0.131414 -0.218663 -0.227831 -0.131525 -0.123817 -0.204706
-0.123487 -0.22016 -0.228801 -0.125536 -0.115025 -0.205957
-0.116695 -0.221652 -0.229824 -0.120341 -0.107187 -0.207719
-0.111017 -0.22289 -0.230488 -0.116196 -0.100827 -0.209717
-0.10651 -0.223851 -0.231435 -0.112568 -0.0961391 -0.211519
-0.103443 -0.224443 -0.232576 -0.109466 -0.0934883 -0.213289
-0.101964 -0.224963 -0.233844 -0.107169 -0.0924786 -0.214571
-0.101828 -0.225528 -0.234758 -0.106008 -0.0932949 -0.215707
-0.103213 -0.226278 -0.235448 -0.106246 -0.0952395 -0.216982
-0.106369 -0.226886 -0.235818 -0.108466 -0.0993762 -0.218742
-0.11042 -0.227323 -0.236033 -0.11189 -0.104344 -0.220275
-0.115656 -0.227791 -0.236254 -0.116617 -0.110118 -0.221461
-0.122399 -0.228247 -0.236481 -0.122298 -0.116839 -0.222207
-0.13009 -0.22839 -0.236534 -0.128683 -0.124728 -0.22278
-0.138627 -0.228531 -0.236666 -0.135695 -0.132927 -0.223148
-0.147118 -0.228337 -0.236852 -0.143061 -0.141099 -0.223386
-0.155528 -0.227942 -0.237105 -0.151003 -0.149376 -0.223487
-0.163621 -0.227399 -0.237223 -0.159647 -0.157483 -0.223488
-0.171341 -0.226371 -0.237337 -0.167896 -0.165393 -0.222956
-0.180628 -0.224858 -0.234667 -0.179478 -0.175185 -0.221909
-0.191988 -0.223546 -0.232091 -0.192964 -0.186904 -0.22114
-0.201559 -0.222459 -0.230386 -0.205174 -0.196462 -0.220491
-0.209497 -0.220469 -0.227765 -0.216762 -0.203678 -0.219008
-0.216507 -0.217713 -0.225014 -0.227082 -0.210796 -0.216192
-0.220954 -0.213894 -0.221355 -0.228858 -0.216951 -0.212973
-0.219391 -0.209207 -0.218154 -0.226945 -0.21678 -0.208949
-0.218581 -0.205018 -0.21472 -0.224424 -0.216194 -0.204274
-0.21808 -0.20026 -0.211492 -0.221742 -0.216166 -0.199637
-0.217582 -0.195511 -0.207458 -0.21893 -0.216288 -0.194444
-0.217389 -0.189523 -0.201278 -0.216829 -0.216344 -0.188205
-0.217567 -0.18279 -0.19346 -0.21558 -0.216349 -0.180994
-0.217681 -0.175167 -0.184457 -0.21493 -0.216289 -0.172968
-0.218108 -0.16681 -0.175142 -0.214481 -0.216145 -0.164339
-0.218798 -0.158112 -0.165484 -0.214566 -0.216173 -0.155162
-0.219914 -0.149062 -0.155989 -0.214732 -0.216534 -0.145785
-0.221248 -0.139937 -0.147372 -0.215157 -0.217582 -0.136376
-0.222441 -0.130876 -0.139359 -0.215824 -0.218929 -0.12709
-0.223826 -0.122045 -0.132191 -0.216441 -0.220174 -0.118585
-0.225334 -0.11422 -0.125869 -0.217429 -0.221644 -0.111125
-0.226599 -0.107644 -0.12077 -0.218669 -0.222834 -0.10444
-0.227444 -0.102023 -0.116295 -0.220216 -0.223737 -0.098704
-0.228366 -0.0976254 -0.112375 -0.221956 -0.224449 -0.0943924
-0.229088 -0.0946585 -0.109848 -0.223565 -0.224979 -0.0914804
-0.229666 -0.0930271 -0.108897 -0.224902 -0.225433 -0.090226
-0.230567 -0.0928166 -0.109348 -0.226251 -0.22623 -0.0904348
-0.231403 -0.0939248 -0.1105 -0.227339 -0.226855 -0.0916217
-0.232068 -0.0965052 -0.112928 -0.228402 -0.227524 -0.0940484
-0.232598 -0.100385 -0.116646 -0.229293 -0.228143 -0.0978883
-0.233118 -0.10549 -0.121449 -0.230157 -0.228653 -0.103027
-0.233507 -0.111691 -0.127498 -0.230763 -0.229117 -0.109273
-0.233625 -0.11887 -0.13452 -0.2314 -0.229538 -0.116419
-0.233788 -0.126787 -0.14239 -0.231894 -0.229827 -0.124272
-0.233739 -0.135203 -0.150307 -0.232305 -0.229929 -0.132323
-0.233754 -0.143904 -0.158311 -0.232629 -0.229943 -0.140751
-0.233687 -0.15244 -0.166077 -0.232873 -0.230009 -0.149028
-0.23355 -0.160608 -0.173809 -0.232722 -0.230013 -0.157017
-0.23237 -0.169186 -0.185582 -0.230448 -0.228533 -0.16716
-0.231132 -0.178134 -0.20093 -0.228692 -0.22688 -0.178421
-0.229633 -0.187025 -0.215335 -0.226985 -0.225234 -0.189585
-0.227781 -0.195748 -0.228311 -0.224599 -0.223256 -0.200626
-0.225496 -0.202598 -0.237816 -0.221427 -0.220293 -0.211228
-0.223007 -0.207222 -0.238718 -0.217576 -0.2175 -0.213851
-0.219525 -0.210073 -0.236046 -0.21381 -0.213415 -0.211805
-0.214203 -0.208952 -0.233797 -0.209343 -0.210716 -0.210367
-0.208895 -0.209117 -0.230483 -0.20532 -0.204128 -0.210101
-0.201259 -0.208757 -0.227605 -0.200094 -0.196772 -0.209525
-0.195208 -0.208212 -0.226619 -0.193737 -0.190443 -0.208713
-0.188186 -0.208403 -0.225878 -0.186068 -0.183715 -0.208046
-0.180498 -0.208856 -0.22513 -0.177549 -0.175889 -0.207615
-0.171765 -0.20893 -0.225215 -0.168401 -0.16707 -0.20746
-0.162315 -0.208746 -0.225898 -0.159276 -0.157799 -0.207813
-0.15224 -0.208996 -0.226409 -0.150318 -0.148562 -0.208441
-0.142045 -0.20999 -0.227018 -0.142288 -0.139066 -0.209639
-0.13195 -0.21132 -0.227872 -0.13525 -0.12922 -0.211362
-0.12255 -0.212917 -0.228663 -0.129048 -0.119729 -0.21326
-0.114708 -0.214437 -0.229348 -0.123665 -0.110847 -0.215111
-0.108404 -0.216037 -0.2304 -0.11881 -0.103319 -0.216731
-0.10365 -0.217463 -0.231568 -0.114466 -0.0974262 -0.21822
-0.100249 -0.21854 -0.232716 -0.110609 -0.0935417 -0.219457
-0.0985092 -0.219389 -0.233953 -0.107432 -0.0915012 -0.220415
-0.0978925 -0.220056 -0.235182 -0.105704 -0.0912196 -0.22125
-0.0986061 -0.220785 -0.23632 -0.105249 -0.0923997 -0.221965
-0.100764 -0.221332 -0.237059 -0.106276 -0.0951288 -0.222953
-0.104132 -0.221825 -0.237602 -0.108752 -0.0992574 -0.223971
-0.108616 -0.222567 -0.23791 -0.112574 -0.104865 -0.225147
-0.113954 -0.223126 -0.238243 -0.117527 -0.111296 -0.225935
-0.120681 -0.223595 -0.238551 -0.123615 -0.118575 -0.226677
-0.128226 -0.223963 -0.238859 -0.130122 -0.126675 -0.226947
-0.136585 -0.224218 -0.239022 -0.137306 -0.135197 -0.227054
-0.145051 -0.22412 -0.239131 -0.144927 -0.143504 -0.227198
-0.15333 -0.223872 -0.239491 -0.153214 -0.151811 -0.227293
-0.161262 -0.223578 -0.23968 -0.161864 -0.159749 -0.227194
-0.168924 -0.222897 -0.239433 -0.17015 -0.167568 -0.22651
-0.178687 -0.221467 -0.236255 -0.182509 -0.178059 -0.225192
-0.189897 -0.220417 -0.234042 -0.195304 -0.18981 -0.2244
-0.198994 -0.219289 -0.232366 -0.207169 -0.199145 -0.223574
-0.207225 -0.217615 -0.229738 -0.218352 -0.20662 -0.221626
-0.214731 -0.21491 -0.226735 -0.227763 -0.213958 -0.218497
-0.217643 -0.211032 -0.223252 -0.229139 -0.220847 -0.214909
-0.216285 -0.206427 -0.220057 -0.227265 -0.22276 -0.210481
-0.215381 -0.20235 -0.216662 -0.224572 -0.222008 -0.205119
-0.214934 -0.197545 -0.213031 -0.221827 -0.221927 -0.199932
-0.214416 -0.192119 -0.208581 -0.218832 -0.221782 -0.194611
-0.214324 -0.185768 -0.202276 -0.216781 -0.222011 -0.188556
-0.214958 -0.178539 -0.194154 -0.215409 -0.222112 -0.181389
-0.215341 -0.170508 -0.185157 -0.214709 -0.222085 -0.173506
-0.215518 -0.16216 -0.175616 -0.214747 -0.221972 -0.1649
-0.216069 -0.153246 -0.165818 -0.215014 -0.222012 -0.155864
-0.217174 -0.144019 -0.156147 -0.215375 -0.222317 -0.146688
-0.21893 -0.13299 -0.146051 -0.215981 -0.223285 -0.135565
-0.220176 -0.123969 -0.138493 -0.216809 -0.22465 -0.126734
-0.221571 -0.11557 -0.13159 -0.217842 -0.226077 -0.11859
-0.2229 -0.108224 -0.125465 -0.219068 -0.227198 -0.111535
-0.223914 -0.101964 -0.12013 -0.220727 -0.228264 -0.105321
-0.2246 -0.0967116 -0.115486 -0.222391 -0.228937 -0.100274
-0.225038 -0.0927 -0.111868 -0.22441 -0.229404 -0.0965255
-0.22541 -0.0901146 -0.109941 -0.226441 -0.229548 -0.0942672
-0.225926 -0.0890036 -0.109635 -0.228337 -0.229618 -0.0936255
-0.226495 -0.0893157 -0.110193 -0.229693 -0.229629 -0.0943294
-0.227093 -0.0911228 -0.112325 -0.230917 -0.229967 -0.0957807
-0.227755 -0.0942134 -0.116077 -0.232108 -0.230294 -0.0985625
-0.228231 -0.098355 -0.120515 -0.233147 -0.230776 -0.102799
-0.228576 -0.103831 -0.125973 -0.234243 -0.231233 -0.108534
-0.228801 -0.110327 -0.132512 -0.234889 -0.231727 -0.115559
-0.229042 -0.117809 -0.14029 -0.235731 -0.231797 -0.123237
-0.229246 -0.12601 -0.148143 -0.236301 -0.231842 -0.131218
-0.229129 -0.134486 -0.155986 -0.236682 -0.231876 -0.139345
-0.229205 -0.143213 -0.163905 -0.236933 -0.231911 -0.147496
-0.229285 -0.151651 -0.171648 -0.237094 -0.232025 -0.155638
-0.228844 -0.159919 -0.180432 -0.236223 -0.231636 -0.164128
-0.227472 -0.169177 -0.19345 -0.233775 -0.230271 -0.174591
-0.226102 -0.17896 -0.208393 -0.232045 -0.228917 -0.185515
-0.224668 -0.188844 -0.221001 -0.230186 -0.227266 -0.19572
-0.222797 -0.198521 -0.232596 -0.22759 -0.224858 -0.206179
-0.220452 -0.206253 -0.236401 -0.224343 -0.221936 -0.215301
-0.218109 -0.211967 -0.235936 -0.220498 -0.219784 -0.218162
-0.214495 -0.218746 -0.233253 -0.215556 -0.216084 -0.216303
-0.209634 -0.226048 -0.231302 -0.210436 -0.212973 -0.215042
-0.203197 -0.233315 -0.227497 -0.205795 -0.207014 -0.21388
-0.196223 -0.233895 -0.223822 -0.201046 -0.200415 -0.212567
-0.189069 -0.233719 -0.220751 -0.195247 -0.192254 -0.211249
-0.18243 -0.233692 -0.217531 -0.187719 -0.183253 -0.210258
-0.174812 -0.233664 -0.216078 -0.179249 -0.174283 -0.209469
-0.166913 -0.233192 -0.215341 -0.170078 -0.165398 -0.2077
-0.158204 -0.232808 -0.215077 -0.160715 -0.157094 -0.206709
-0.148672 -0.232446 -0.215483 -0.151768 -0.148603 -0.205741
-0.138504 -0.231969 -0.216149 -0.143414 -0.13988 -0.205758
-0.128077 -0.231654 -0.216951 -0.136129 -0.13112 -0.206752
-0.117908 -0.231899 -0.218186 -0.129994 -0.122525 -0.208188
-0.109032 -0.23284 -0.21897 -0.125056 -0.114508 -0.209986
-0.102194 -0.234341 -0.219919 -0.120595 -0.107406 -0.211899
-0.0974356 -0.235887 -0.221055 -0.116744 -0.101277 -0.213668
-0.094964 -0.236888 -0.222583 -0.11329 -0.0972967 -0.215048
-0.0942224 -0.237258 -0.22445 -0.110685 -0.0955613 -0.216506
-0.094601 -0.237831 -0.226212 -0.109267 -0.0961553 -0.217522
-0.0961308 -0.238195 -0.227889 -0.108953 -0.0982932 -0.218327
-0.0985 -0.238351 -0.229174 -0.110293 -0.101566 -0.219389
-0.101844 -0.238731 -0.230323 -0.11291 -0.106123 -0.22045
-0.106359 -0.239087 -0.231244 -0.117007 -0.11148 -0.221465
-0.112077 -0.239459 -0.231913 -0.122431 -0.117742 -0.222376
-0.118839 -0.239692 -0.232458 -0.128767 -0.124643 -0.223217
-0.126344 -0.239829 -0.232725 -0.135703 -0.131977 -0.223963
-0.134482 -0.239716 -0.23301 -0.143577 -0.13972 -0.224444
-0.142879 -0.239668 -0.233254 -0.152077 -0.147744 -0.224748
-0.151198 -0.239436 -0.233335 -0.160232 -0.155741 -0.224794
-0.159272 -0.238913 -0.233399 -0.16816 -0.163545 -0.224666
-0.167814 -0.237809 -0.231971 -0.178072 -0.172011 -0.223653
-0.178825 -0.236395 -0.228798 -0.191491 -0.182868 -0.222512
-0.190163 -0.235416 -0.226842 -0.203603 -0.193504 -0.221902
-0.199424 -0.23421 -0.224159 -0.215672 -0.20122 -0.220835
-0.205162 -0.231927 -0.2214 -0.227112 -0.208138 -0.218572
-0.204453 -0.226964 -0.219422 -0.237768 -0.216794 -0.214367
-0.204336 -0.223537 -0.217814 -0.24065 -0.222039 -0.210158
-0.202178 -0.218524 -0.214225 -0.239737 -0.225069 -0.20336
-0.199845 -0.214423 -0.209857 -0.238145 -0.224317 -0.198715
-0.198494 -0.209759 -0.204514 -0.23681 -0.223519 -0.194453
-0.197444 -0.203961 -0.198688 -0.234216 -0.222769 -0.189006
-0.197673 -0.197022 -0.191958 -0.232344 -0.222437 -0.182236
-0.198462 -0.189422 -0.184186 -0.230863 -0.22263 -0.174305
-0.198981 -0.181332 -0.175385 -0.230092 -0.22278 -0.165694
-0.199581 -0.172808 -0.165681 -0.229657 -0.223214 -0.156809
-0.200658 -0.163765 -0.15624 -0.229541 -0.223618 -0.148007
-0.202057 -0.154631 -0.147335 -0.229611 -0.224417 -0.139137
-0.203658 -0.145443 -0.139171 -0.229858 -0.225737 -0.130352
-0.205004 -0.136693 -0.132054 -0.230392 -0.227243 -0.121897
-0.206627 -0.128592 -0.126051 -0.231109 -0.228718 -0.114164
-0.208058 -0.12168 -0.120914 -0.232034 -0.230114 -0.107498
-0.209171 -0.116404 -0.11631 -0.233381 -0.231135 -0.101937
-0.20997 -0.112469 -0.112229 -0.234621 -0.231903 -0.0972497
-0.210606 -0.109151 -0.108997 -0.236197 -0.232455 -0.0939335
-0.211259 -0.106714 -0.107146 -0.237495 -0.232989 -0.0920795
-0.212021 -0.105622 -0.10662 -0.238371 -0.233759 -0.0917559
-0.212804 -0.106174 -0.107049 -0.239389 -0.234578 -0.0926771
-0.213583 -0.108149 -0.109178 -0.240045 -0.235313 -0.0947248
-0.214503 -0.111677 -0.112306 -0.240782 -0.235879 -0.0979876
-0.215388 -0.116638 -0.116688 -0.241387 -0.236454 -0.102586
-0.215786 -0.12275 -0.122264 -0.241811 -0.236996 -0.108396
-0.216236 -0.129702 -0.129066 -0.242261 -0.237619 -0.115302
-0.216425 -0.13738 -0.13648 -0.242618 -0.237916 -0.123187
-0.216718 -0.145496 -0.144371 -0.242881 -0.238123 -0.131526
-0.216993 -0.154112 -0.152507 -0.243083 -0.238138 -0.140117
-0.217277 -0.162789 -0.160501 -0.243227 -0.238148 -0.148411
-0.217449 -0.17101 -0.168132 -0.243126 -0.238104 -0.156484
-0.216534 -0.179444 -0.178772 -0.240946 -0.237107 -0.165921
-0.215172 -0.1884 -0.193676 -0.238233 -0.235949 -0.176788
-0.214044 -0.196996 -0.202759 -0.236157 -0.234924 -0.187954
-0.213951 -0.20491 -0.205579 -0.233729 -0.234573 -0.198127
-0.21325 -0.212644 -0.212388 -0.22997 -0.234387 -0.208153
-0.211792 -0.22017 -0.219001 -0.225564 -0.232923 -0.218996
-0.20801 -0.218215 -0.222913 -0.22127 -0.229656 -0.229732
-0.202706 -0.217291 -0.222615 -0.216645 -0.223825 -0.238573
-0.197557 -0.216229 -0.220166 -0.212287 -0.215622 -0.238429
-0.19096 -0.214819 -0.216723 -0.208 -0.209258 -0.236988
-0.184654 -0.212962 -0.21357 -0.203044 -0.202912 -0.234133
-0.177882 -0.211629 -0.21078 -0.196621 -0.196487 -0.231515
-0.170453 -0.209968 -0.209147 -0.189224 -0.189036 -0.229756
-0.162287 -0.209035 -0.207875 -0.181207 -0.180356 -0.2284
-0.153187 -0.208131 -0.207571 -0.17258 -0.171341 -0.227302
-0.143663 -0.207794 -0.207788 -0.163879 -0.162108 -0.226158
-0.133585 -0.207849 -0.208417 -0.155166 -0.152602 -0.225762
-0.123601 -0.208077 -0.209517 -0.147085 -0.143206 -0.225585
-0.113913 -0.208781 -0.210633 -0.139839 -0.134245 -0.225643
-0.104821 -0.20983 -0.212286 -0.133259 -0.125884 -0.226189
-0.0972285 -0.211226 -0.214103 -0.127566 -0.118156 -0.226826
-0.091382 -0.212275 -0.215637 -0.122862 -0.111505 -0.227675
-0.0869414 -0.213703 -0.217626 -0.118858 -0.106578 -0.22873
-0.0839563 -0.21502 -0.219663 -0.115901 -0.103564 -0.229716
-0.0826784 -0.215983 -0.221539 -0.113969 -0.102396 -0.230465
-0.0825501 -0.217068 -0.223284 -0.113355 -0.10278 -0.231113
-0.083954 -0.218276 -0.224991 -0.114498 -0.104722 -0.231913
-0.08688 -0.219321 -0.226229 -0.116934 -0.107717 -0.23268
-0.0911962 -0.220594 -0.227036 -0.120416 -0.111718 -0.233358
-0.0964515 -0.221735 -0.227785 -0.125007 -0.116822 -0.234029
-0.102957 -0.222464 -0.228748 -0.130627 -0.123127 -0.234527
-0.110197 -0.223157 -0.229535 -0.137491 -0.130602 -0.234804
-0.119607 -0.223621 -0.230076 -0.146169 -0.140658 -0.234706
-0.12775 -0.223897 -0.230547 -0.153827 -0.14926 -0.234476
-0.135883 -0.224073 -0.230732 -0.161937 -0.157537 -0.234267
-0.144008 -0.224379 -0.23092 -0.170551 -0.165437 -0.233927
-0.15179 -0.224038 -0.231769 -0.178941 -0.167967 -0.232906
-0.162167 -0.222015 -0.229941 -0.190715 -0.172357 -0.231357
-0.174069 -0.219724 -0.22857 -0.203941 -0.176683 -0.2303
-0.17658 -0.217306 -0.229248 -0.216969 -0.178756 -0.229488
-0.178338 -0.214619 -0.228925 -0.22601 -0.181341 -0.227707
-0.178625 -0.212931 -0.22754 -0.226814 -0.183377 -0.225556
-0.178197 -0.211448 -0.224906 -0.227606 -0.184234 -0.224359
-0.179195 -0.209783 -0.221233 -0.228172 -0.184845 -0.222632
-0.18003 -0.206762 -0.217264 -0.2277 -0.185491 -0.219206
-0.180797 -0.202317 -0.212596 -0.227513 -0.187243 -0.2142
-0.182499 -0.196535 -0.206734 -0.227035 -0.18864 -0.208097
-0.184397 -0.189576 -0.199269 -0.22637 -0.190283 -0.201104
-0.186809 -0.181916 -0.19105 -0.226459 -0.192167 -0.193393
-0.188803 -0.173548 -0.182109 -0.226438 -0.19428 -0.184918
-0.190804 -0.164823 -0.172548 -0.22665 -0.196466 -0.175997
-0.192698 -0.155782 -0.162628 -0.227194 -0.198563 -0.166651
-0.194888 -0.146561 -0.152616 -0.228363 -0.200646 -0.15703
-0.196651 -0.137458 -0.143167 -0.229483 -0.202454 -0.147661
-0.198606 -0.12871 -0.134554 -0.230908 -0.204057 -0.138525
-0.20072 -0.120132 -0.127455 -0.232304 -0.205768 -0.129662
-0.202984 -0.112129 -0.121411 -0.233576 -0.207625 -0.12161
-0.205457 -0.104689 -0.1164 -0.234703 -0.20951 -0.114443
-0.207755 -0.0983267 -0.112311 -0.236118 -0.211343 -0.108614
-0.209953 -0.0935442 -0.109022 -0.237283 -0.212849 -0.104118
-0.211944 -0.0906137 -0.106237 -0.238738 -0.214104 -0.101033
-0.213879 -0.0893513 -0.104751 -0.239848 -0.215127 -0.099668
-0.215573 -0.0897289 -0.104705 -0.240863 -0.216054 -0.0997657
-0.217387 -0.091333 -0.105762 -0.241795 -0.216763 -0.101085
-0.218985 -0.0944241 -0.10844 -0.242475 -0.217191 -0.103765
-0.220373 -0.0988656 -0.112187 -0.243169 -0.217785 -0.107774
-0.221248 -0.104494 -0.117179 -0.243816 -0.218893 -0.113013
-0.221703 -0.111249 -0.123112 -0.244309 -0.219975 -0.119329
-0.222118 -0.118787 -0.130102 -0.244728 -0.22052 -0.126617
-0.222445 -0.126787 -0.137871 -0.244878 -0.220812 -0.1346
-0.222813 -0.135104 -0.145968 -0.244988 -0.221096 -0.142854
-0.223104 -0.14358 -0.154139 -0.244874 -0.221242 -0.151422
-0.223309 -0.152006 -0.162104 -0.244726 -0.221117 -0.160003
-0.22338 -0.160199 -0.169815 -0.244112 -0.22101 -0.168516
-0.221969 -0.16994 -0.181242 -0.241055 -0.219762 -0.178616
-0.220628 -0.181353 -0.195666 -0.238724 -0.21863 -0.189748
-0.219188 -0.192374 -0.208764 -0.236898 -0.217066 -0.200345
-0.217285 -0.203243 -0.22083 -0.234295 -0.214753 -0.210422
-0.214973 -0.21206 -0.224151 -0.230911 -0.212201 -0.219556
-0.213157 -0.217294 -0.224417 -0.226069 -0.21071 -0.226861
-0.210769 -0.214738 -0.222376 -0.220449 -0.208983 -0.226859
-0.206733 -0.215257 -0.219561 -0.21625 -0.203428 -0.226277
-0.201105 -0.215135 -0.214973 -0.212704 -0.197719 -0.226662
-0.194904 -0.215184 -0.212583 -0.209225 -0.190773 -0.226692
-0.188606 -0.215415 -0.211428 -0.204115 -0.185682 -0.224771
0.0272937 -0.215738 -0.209122 -0.196479 -0.16554 -0.0827485
-0.175091 -0.216323 -0.208615 -0.189271 -0.171572 -0.222846
-0.166373 -0.216496 -0.20887 -0.180837 -0.163039 -0.222031
-0.156608 -0.215978 -0.209753 -0.171938 -0.153467 -0.221694
-0.146472 -0.215459 -0.211228 -0.163025 -0.144048 -0.221649
-0.135973 -0.215471 -0.211884 -0.154319 -0.134848 -0.22192
-0.125732 -0.216137 -0.212936 -0.146508 -0.125431 -0.222769
-0.115922 -0.216643 -0.214428 -0.13955 -0.116241 -0.224147
-0.107072 -0.217461 -0.215904 -0.133501 -0.108035 -0.22544
-0.0997446 -0.218545 -0.217449 -0.128231 -0.1009 -0.226527
-0.0942891 -0.219875 -0.218571 -0.123458 -0.0951579 -0.22745
-0.0904738 -0.221136 -0.219865 -0.119401 -0.0906976 -0.228284
-0.088543 -0.222102 -0.221525 -0.116394 -0.0877238 -0.228819
-0.0883133 -0.222683 -0.223255 -0.11479 -0.0864061 -0.229301
-0.089268 -0.223038 -0.22487 -0.114444 -0.0869805 -0.229661
-0.0913101 -0.223434 -0.226359 -0.115541 -0.089281 -0.230166
-0.0946168 -0.223915 -0.227781 -0.11785 -0.0929957 -0.230832
-0.100075 -0.224434 -0.229113 -0.122869 -0.0989215 -0.231562
-0.106153 -0.22493 -0.229989 -0.128368 -0.104923 -0.232022
-0.113029 -0.225526 -0.230433 -0.134912 -0.111934 -0.232645
-0.120908 -0.226258 -0.230765 -0.142379 -0.119428 -0.233158
-0.129148 -0.226716 -0.231046 -0.150744 -0.127325 -0.233568
-0.137685 -0.22699 -0.231418 -0.159151 -0.135661 -0.233737
-0.146153 -0.227267 -0.231763 -0.167908 -0.144196 -0.233508
-0.154384 -0.227578 -0.23211 -0.176352 -0.152424 -0.233269
-0.162231 -0.227146 -0.232094 -0.184655 -0.160422 -0.232478
-0.171493 -0.225705 -0.229166 -0.198229 -0.17107 -0.230319
-0.181708 -0.224521 -0.226952 -0.21256 -0.183713 -0.22883
-0.189991 -0.22357 -0.22517 -0.224348 -0.194703 -0.227508
-0.196726 -0.222156 -0.222566 -0.225887 -0.200623 -0.225635
-0.203406 -0.220005 -0.22042 -0.224119 -0.199972 -0.223135
-0.208406 -0.216806 -0.217436 -0.223525 -0.200246 -0.221064
-0.208632 -0.212077 -0.215019 -0.220938 -0.201297 -0.218472
-0.209192 -0.208204 -0.212711 -0.218982 -0.202233 -0.214829
-0.209263 -0.203758 -0.208852 -0.217082 -0.202998 -0.210155
-0.209811 -0.198441 -0.203105 -0.215856 -0.203481 -0.204798
-0.21037 -0.191892 -0.195926 -0.214994 -0.203488 -0.198484
-0.210961 -0.184422 -0.187788 -0.214858 -0.204339 -0.19113
-0.211259 -0.176264 -0.179201 -0.214788 -0.204993 -0.182897
-0.211733 -0.167382 -0.17013 -0.214897 -0.205901 -0.173948
-0.212933 -0.158063 -0.161061 -0.214922 -0.207153 -0.164647
-0.214638 -0.148617 -0.1522 -0.215049 -0.208405 -0.155238
-0.21679 -0.139406 -0.143863 -0.215493 -0.209933 -0.145949
-0.218712 -0.130575 -0.136169 -0.216005 -0.211693 -0.137107
-0.220741 -0.122424 -0.129138 -0.216708 -0.21331 -0.128849
-0.222661 -0.115132 -0.122988 -0.217741 -0.215229 -0.121364
-0.223915 -0.108769 -0.11758 -0.219054 -0.217025 -0.114716
-0.224886 -0.103337 -0.112777 -0.220535 -0.218306 -0.10947
-0.226133 -0.0989515 -0.108916 -0.222226 -0.219356 -0.105644
-0.227155 -0.0962681 -0.106268 -0.223753 -0.219808 -0.103143
-0.228106 -0.0950232 -0.105276 -0.225192 -0.220291 -0.102079
-0.2292 -0.0953596 -0.105452 -0.226395 -0.220839 -0.10208
-0.230121 -0.096956 -0.107131 -0.227365 -0.221676 -0.103477
-0.231036 -0.0998833 -0.110243 -0.228212 -0.222579 -0.106339
-0.231737 -0.104107 -0.114535 -0.228856 -0.223351 -0.110743
-0.232415 -0.109606 -0.119736 -0.229477 -0.223768 -0.116519
-0.232963 -0.116629 -0.125988 -0.23016 -0.223964 -0.123255
-0.233122 -0.124594 -0.133182 -0.230532 -0.224056 -0.130722
-0.233124 -0.133095 -0.141102 -0.230978 -0.224121 -0.138496
-0.233069 -0.141731 -0.149345 -0.231075 -0.224153 -0.146664
-0.233198 -0.150128 -0.157504 -0.231128 -0.224139 -0.154983
-0.23317 -0.158338 -0.165375 -0.230913 -0.224257 -0.16321
-0.232899 -0.16647 -0.173452 -0.230072 -0.223759 -0.171501
-0.23171 -0.175467 -0.185616 -0.226965 -0.221322 -0.182215
-0.230728 -0.184975 -0.200283 -0.224891 -0.219533 -0.193982
-0.229507 -0.194221 -0.213401 -0.222867 -0.217763 -0.204991
-0.227654 -0.202305 -0.225299 -0.220139 -0.215229 -0.215421
-0.225471 -0.208266 -0.229033 -0.216571 -0.212107 -0.220462
-0.222673 -0.212583 -0.228262 -0.21285 -0.208479 -0.218051
-0.218879 -0.212798 -0.226557 -0.208944 -0.206925 -0.215735
-0.213663 -0.212535 -0.224526 -0.205018 -0.203831 -0.214686
-0.208695 -0.212858 -0.221793 -0.201126 -0.198905 -0.214072
-0.202973 -0.212541 -0.219828 -0.197426 -0.192802 -0.214173
-0.197004 -0.21312 -0.219021 -0.192209 -0.186972 -0.213729
-0.190002 -0.213786 -0.21832 -0.184984 -0.180377 -0.213109
-0.182291 -0.214283 -0.218047 -0.176717 -0.17257 -0.212688
-0.173663 -0.214527 -0.218383 -0.167938 -0.163796 -0.212313
-0.162364 -0.214568 -0.21881 -0.157107 -0.152537 -0.212541
-0.152197 -0.215054 -0.2197 -0.148545 -0.142697 -0.213112
-0.14196 -0.21564 -0.220516 -0.140715 -0.13279 -0.214301
-0.132012 -0.21665 -0.221365 -0.133723 -0.123102 -0.215447
-0.122843 -0.21787 -0.222285 -0.127574 -0.113885 -0.216778
-0.115051 -0.219475 -0.223255 -0.122188 -0.105574 -0.218101
-0.108516 -0.22074 -0.224453 -0.117562 -0.0984639 -0.219198
-0.103639 -0.221658 -0.225895 -0.113593 -0.0932713 -0.22015
-0.100672 -0.222183 -0.227368 -0.110157 -0.0903106 -0.220967
-0.0993048 -0.222728 -0.22875 -0.107668 -0.0888504 -0.2216
-0.0990248 -0.22343 -0.230033 -0.106307 -0.0891611 -0.222323
-0.0997872 -0.223947 -0.230921 -0.106147 -0.0904383 -0.223226
-0.101857 -0.224349 -0.231659 -0.107514 -0.0932253 -0.224374
-0.105262 -0.225013 -0.232215 -0.110315 -0.0972583 -0.225287
-0.109969 -0.225784 -0.232468 -0.114347 -0.102254 -0.22601
-0.115944 -0.226316 -0.232908 -0.11942 -0.108166 -0.226852
-0.122973 -0.226754 -0.233122 -0.125657 -0.114915 -0.227553
-0.130778 -0.227057 -0.233209 -0.132583 -0.122433 -0.228004
-0.139019 -0.227455 -0.233398 -0.14003 -0.130994 -0.228325
-0.147321 -0.227719 -0.233557 -0.147899 -0.139637 -0.228577
-0.155583 -0.22806 -0.233635 -0.156052 -0.148057 -0.228618
-0.163675 -0.228102 -0.23374 -0.163987 -0.156133 -0.228673
-0.171608 -0.227581 -0.233499 -0.172323 -0.164044 -0.228231
-0.180579 -0.226133 -0.230416 -0.186528 -0.174599 -0.226485
-0.190385 -0.22502 -0.228154 -0.201723 -0.18673 -0.225113
-0.197796 -0.224131 -0.226562 -0.214817 -0.196966 -0.224041
-0.204021 -0.222464 -0.223874 -0.219739 -0.202467 -0.222446
-0.210475 -0.220261 -0.221635 -0.218674 -0.202604 -0.219814
-0.211515 -0.216603 -0.219544 -0.217186 -0.202429 -0.217953
-0.212674 -0.212492 -0.21704 -0.215207 -0.202677 -0.215251
-0.213059 -0.208702 -0.214425 -0.213914 -0.203115 -0.211603
-0.212878 -0.204944 -0.21054 -0.213083 -0.203818 -0.206868
-0.212969 -0.19985 -0.204852 -0.212379 -0.203964 -0.201441
-0.213759 -0.193327 -0.197548 -0.21163 -0.204206 -0.19509
-0.214794 -0.185777 -0.189632 -0.211981 -0.205007 -0.187545
-0.215438 -0.177335 -0.181144 -0.2122 -0.206103 -0.179045
-0.216486 -0.168475 -0.172094 -0.212876 -0.207555 -0.170021
-0.217727 -0.159196 -0.16265 -0.213564 -0.208891 -0.160691
-0.219278 -0.150015 -0.153289 -0.214473 -0.210558 -0.151405
-0.220573 -0.140993 -0.144501 -0.215411 -0.212359 -0.142033
-0.222143 -0.132188 -0.136538 -0.216495 -0.21426 -0.132873
-0.223711 -0.123874 -0.129414 -0.217817 -0.216108 -0.124413
-0.224945 -0.116187 -0.123058 -0.219275 -0.217862 -0.116736
-0.226127 -0.109499 -0.117698 -0.22111 -0.219207 -0.110272
-0.226985 -0.104028 -0.11315 -0.222884 -0.220251 -0.105135
-0.227785 -0.0999022 -0.109398 -0.224745 -0.220846 -0.101046
-0.228518 -0.0972545 -0.106755 -0.226427 -0.22148 -0.0979377
-0.229122 -0.095821 -0.105757 -0.22793 -0.222091 -0.0963827
-0.22968 -0.0958229 -0.105903 -0.229258 -0.222791 -0.0963418
-0.230278 -0.0972747 -0.10742 -0.230168 -0.223563 -0.0977188
-0.230958 -0.100185 -0.110362 -0.231137 -0.224244 -0.100357
-0.231684 -0.104693 -0.114547 -0.231835 -0.224854 -0.104431
-0.232045 -0.110478 -0.119674 -0.232393 -0.225334 -0.109817
-0.232229 -0.117472 -0.12603 -0.232793 -0.225969 -0.116262
-0.232306 -0.1253 -0.13369 -0.233321 -0.226362 -0.123915
-0.232176 -0.133378 -0.141682 -0.233626 -0.226587 -0.132283
-0.23212 -0.141727 -0.149643 -0.233974 -0.226651 -0.140836
-0.231974 -0.150242 -0.157886 -0.234253 -0.226582 -0.149524
-0.231911 -0.158653 -0.165898 -0.234289 -0.226275 -0.158043
-0.231571 -0.166832 -0.174065 -0.233773 -0.225728 -0.166252
-0.230504 -0.176214 -0.186552 -0.230772 -0.224029 -0.176171
-0.229464 -0.186218 -0.201796 -0.228744 -0.222672 -0.187156
-0.228249 -0.188489 -0.215721 -0.226936 -0.221206 -0.19751
-0.225387 -0.189773 -0.22632 -0.224638 -0.217686 -0.20799
-0.223761 -0.189739 -0.230081 -0.221793 -0.213377 -0.216904
-0.221894 -0.187229 -0.230449 -0.219237 -0.210219 -0.218889
-0.219636 -0.186363 -0.229644 -0.215612 -0.206987 -0.217314
-0.215811 -0.185451 -0.227918 -0.212137 -0.204581 -0.216664
-0.210802 -0.184917 -0.225174 -0.208863 -0.200373 -0.217001
-0.204759 -0.185075 -0.224271 -0.204449 -0.195486 -0.217322
-0.19789 -0.185668 -0.223167 -0.198257 -0.189264 -0.2177
-0.190374 -0.187327 -0.222449 -0.190818 -0.181993 -0.218169
-0.182372 -0.189138 -0.222298 -0.182521 -0.174007 -0.218429
-0.173833 -0.190798 -0.222239 -0.173513 -0.1651 -0.218523
-0.164804 -0.192125 -0.22293 -0.164099 -0.155638 -0.218689
-0.155359 -0.193167 -0.224094 -0.154995 -0.14594 -0.218965
-0.145663 -0.194254 -0.225135 -0.146531 -0.136209 -0.219177
-0.135981 -0.195359 -0.226301 -0.138799 -0.126619 -0.219899
-0.124772 -0.196709 -0.227517 -0.130655 -0.115695 -0.221647
-0.116267 -0.198127 -0.228606 -0.124832 -0.107332 -0.223366
-0.10873 -0.199717 -0.229356 -0.120002 -0.100177 -0.225071
-0.102925 -0.201624 -0.23034 -0.115786 -0.0947055 -0.22661
-0.0995032 -0.203653 -0.231481 -0.112115 -0.0909966 -0.227959
-0.0977348 -0.205714 -0.232524 -0.109144 -0.0889602 -0.22919
-0.0975407 -0.207233 -0.233527 -0.107279 -0.0887624 -0.230233
-0.0982265 -0.208344 -0.234373 -0.107236 -0.0899879 -0.231179
-0.100046 -0.209164 -0.234908 -0.108557 -0.0928978 -0.232236
-0.10342 -0.210113 -0.235345 -0.111223 -0.0970956 -0.232929
-0.108306 -0.210785 -0.235729 -0.115466 -0.102495 -0.233701
-0.114496 -0.211515 -0.236101 -0.120962 -0.108882 -0.234236
-0.121721 -0.212301 -0.236244 -0.127301 -0.115983 -0.234677
-0.129773 -0.213285 -0.236491 -0.13433 -0.123589 -0.234936
-0.138296 -0.214022 -0.236509 -0.142181 -0.131905 -0.235051
-0.146645 -0.214631 -0.236332 -0.150435 -0.140536 -0.235167
-0.154785 -0.215114 -0.236211 -0.15857 -0.149124 -0.235256
-0.162768 -0.215521 -0.236016 -0.16689 -0.157376 -0.23513
-0.170543 -0.215274 -0.235562 -0.17572 -0.165505 -0.234238
-0.179231 -0.214262 -0.232204 -0.189829 -0.176781 -0.232216
-0.188774 -0.213301 -0.229718 -0.203706 -0.189681 -0.230688
-0.195782 -0.212383 -0.227947 -0.207088 -0.200068 -0.229517
-0.201486 -0.211677 -0.224978 -0.206395 -0.199917 -0.227882
-0.208413 -0.209407 -0.222701 -0.205917 -0.200483 -0.226062
-0.216522 -0.205989 -0.221084 -0.204929 -0.200383 -0.224301
-0.220309 -0.202506 -0.218713 -0.203852 -0.200577 -0.222338
-0.220765 -0.198383 -0.215713 -0.202234 -0.20077 -0.2185
-0.221237 -0.194118 -0.21175 -0.201413 -0.201184 -0.213225
-0.221243 -0.18884 -0.206363 -0.200649 -0.201756 -0.206895
-0.221702 -0.182078 -0.19943 -0.20042 -0.202112 -0.200271
-0.223237 -0.174069 -0.191395 -0.20013 -0.202993 -0.19331
-0.224896 -0.165434 -0.182955 -0.200071 -0.204457 -0.185531
-0.226334 -0.156214 -0.174007 -0.199909 -0.206257 -0.177067
-0.227881 -0.146561 -0.164494 -0.200354 -0.208337 -0.16813
-0.229391 -0.137088 -0.154782 -0.201113 -0.210031 -0.159008
-0.230314 -0.127687 -0.145458 -0.202726 -0.21173 -0.149948
-0.23123 -0.118953 -0.13687 -0.204343 -0.213238 -0.141275
-0.23235 -0.110804 -0.129813 -0.206434 -0.214404 -0.13295
-0.233477 -0.103239 -0.123964 -0.208325 -0.215362 -0.12552
-0.234649 -0.0963717 -0.119116 -0.210213 -0.216594 -0.118565
-0.236061 -0.0906431 -0.114962 -0.21208 -0.217721 -0.112677
-0.237069 -0.0866463 -0.111794 -0.213879 -0.218584 -0.108351
-0.238245 -0.0842306 -0.109488 -0.215381 -0.219468 -0.105241
-0.239636 -0.0830214 -0.108798 -0.216567 -0.220436 -0.104095
-0.240866 -0.0830793 -0.109332 -0.217563 -0.221576 -0.104122
-0.241916 -0.0846683 -0.111303 -0.218502 -0.2228 -0.105883
-0.242673 -0.0877001 -0.114373 -0.219431 -0.223636 -0.109157
-0.243203 -0.0921667 -0.11862 -0.220269 -0.224158 -0.114042
-0.243735 -0.0982234 -0.124024 -0.221129 -0.224332 -0.119967
-0.243859 -0.105431 -0.130572 -0.221777 -0.224421 -0.127034
-0.243874 -0.113323 -0.138254 -0.222203 -0.224637 -0.134693
-0.24402 -0.121505 -0.146392 -0.222342 -0.224839 -0.142606
-0.244165 -0.129838 -0.154612 -0.222418 -0.224951 -0.15085
-0.244115 -0.138137 -0.162603 -0.222415 -0.225067 -0.159001
-0.243673 -0.146433 -0.170205 -0.222459 -0.225036 -0.16706
-0.242951 -0.156571 -0.18009 -0.221303 -0.224103 -0.177001
-0.241427 -0.166656 -0.192849 -0.218396 -0.222173 -0.187084
-0.240456 -0.175618 -0.204721 -0.216793 -0.220793 -0.195313
-0.238968 -0.186572 -0.217703 -0.215091 -0.218606 -0.196728
-0.234884 -0.199287 -0.231953 -0.212698 -0.214052 -0.197251
-0.230112 -0.207772 -0.242858 -0.210651 -0.210294 -0.19745
-0.224349 -0.210498 -0.252539 -0.208963 -0.206186 -0.196416
-0.2177 -0.210921 -0.255072 -0.206483 -0.202096 -0.194869
-0.21391 -0.210439 -0.253614 -0.20275 -0.19768 -0.192534
-0.210099 -0.209306 -0.252699 -0.19808 -0.193265 -0.189686
-0.206183 -0.208587 -0.251412 -0.19256 -0.188465 -0.188056
-0.200193 -0.208568 -0.248884 -0.185829 -0.182593 -0.187421
-0.192743 -0.209083 -0.247987 -0.178077 -0.175473 -0.187435
-0.184375 -0.209363 -0.247764 -0.169693 -0.167464 -0.188003
-0.175718 -0.209482 -0.247547 -0.160677 -0.158876 -0.188811
-0.166984 -0.210029 -0.247461 -0.151625 -0.150057 -0.189942
-0.157944 -0.211 -0.247507 -0.143351 -0.140748 -0.191431
-0.149081 -0.211966 -0.248011 -0.136076 -0.131368 -0.193307
-0.140283 -0.212839 -0.248947 -0.12956 -0.122376 -0.195235
-0.132091 -0.21407 -0.249794 -0.123644 -0.114108 -0.197079
-0.124719 -0.215769 -0.25043 -0.118606 -0.106799 -0.198959
-0.118414 -0.217349 -0.250997 -0.114497 -0.10052 -0.200772
-0.113441 -0.21865 -0.251742 -0.111397 -0.0954969 -0.202612
-0.110023 -0.219607 -0.252766 -0.108542 -0.0919976 -0.20411
-0.108689 -0.220118 -0.253766 -0.106178 -0.0901581 -0.205287
-0.108704 -0.220824 -0.254486 -0.104353 -0.090017 -0.206258
-0.110234 -0.221708 -0.255019 -0.103566 -0.0914904 -0.207225
-0.11268 -0.222075 -0.255629 -0.104502 -0.094235 -0.208256
-0.116407 -0.222383 -0.255845 -0.106795 -0.0982286 -0.209371
-0.121185 -0.222842 -0.255979 -0.110187 -0.103485 -0.210639
-0.12719 -0.223509 -0.255871 -0.115092 -0.109657 -0.211712
-0.134335 -0.224019 -0.255423 -0.121047 -0.116971 -0.212655
-0.142535 -0.224539 -0.255359 -0.127611 -0.124819 -0.213463
-0.15123 -0.224799 -0.255062 -0.134752 -0.133181 -0.214106
-0.159812 -0.224587 -0.254828 -0.142422 -0.141445 -0.214604
-0.168103 -0.224365 -0.254191 -0.150275 -0.149761 -0.215221
-0.176011 -0.224217 -0.253546 -0.157902 -0.157828 -0.215616
-0.184118 -0.223022 -0.251842 -0.168364 -0.166756 -0.214778
-0.193478 -0.221742 -0.248865 -0.18255 -0.179306 -0.213432
-0.202284 -0.220635 -0.246851 -0.195545 -0.191604 -0.212358
-0.209056 -0.218799 -0.244544 -0.208287 -0.201745 -0.211179
-0.214956 -0.216259 -0.241654 -0.219984 -0.211387 -0.208983
-0.220302 -0.213138 -0.238157 -0.220939 -0.22082 -0.206196
-0.225145 -0.210112 -0.233686 -0.219816 -0.228919 -0.203729
-0.228695 -0.206404 -0.227588 -0.218322 -0.227847 -0.200234
-0.227811 -0.201098 -0.222945 -0.214889 -0.226712 -0.195977
-0.227679 -0.194171 -0.219346 -0.2094 -0.227161 -0.189155
-0.226946 -0.188481 -0.214883 -0.206531 -0.228138 -0.182227
-0.226074 -0.182307 -0.208565 -0.204378 -0.228713 -0.175301
-0.225605 -0.175139 -0.200555 -0.202852 -0.228879 -0.167917
-0.225605 -0.167456 -0.191675 -0.202635 -0.228492 -0.159931
-0.225166 -0.158979 -0.182266 -0.202844 -0.22804 -0.151192
-0.224816 -0.150277 -0.173044 -0.203929 -0.228004 -0.142004
-0.225225 -0.141301 -0.164027 -0.205084 -0.227825 -0.132659
-0.22601 -0.132431 -0.155436 -0.20626 -0.22833 -0.123431
-0.226794 -0.123994 -0.147197 -0.20777 -0.228995 -0.114507
-0.22774 -0.116264 -0.139781 -0.209278 -0.229968 -0.105977
-0.228601 -0.109136 -0.133014 -0.210936 -0.230902 -0.0987279
-0.229709 -0.102917 -0.127274 -0.21272 -0.231806 -0.09276
-0.230672 -0.0979793 -0.123011 -0.214907 -0.232495 -0.0881331
-0.231106 -0.0942544 -0.120186 -0.217182 -0.232739 -0.0848587
-0.231714 -0.0920746 -0.119106 -0.219228 -0.23293 -0.0832001
-0.232379 -0.0913404 -0.119344 -0.221569 -0.232782 -0.082917
-0.232851 -0.0924696 -0.120955 -0.223597 -0.232558 -0.0836096
-0.233138 -0.0947077 -0.123908 -0.225365 -0.232439 -0.085621
-0.233595 -0.0981507 -0.127944 -0.226881 -0.23228 -0.0889874
-0.234105 -0.102717 -0.133219 -0.228234 -0.23231 -0.0936795
-0.234464 -0.108537 -0.139757 -0.229251 -0.232252 -0.0994993
-0.234843 -0.115498 -0.1474 -0.230251 -0.232344 -0.106461
-0.23528 -0.123023 -0.155502 -0.230872 -0.23229 -0.113993
-0.235578 -0.131115 -0.163641 -0.231399 -0.232366 -0.122005
-0.235637 -0.139732 -0.171945 -0.231957 -0.232407 -0.130547
-0.235524 -0.148262 -0.180199 -0.232496 -0.232256 -0.139013
-0.235452 -0.156586 -0.188012 -0.23276 -0.231931 -0.147471
-0.234363 -0.165537 -0.198255 -0.230727 -0.230635 -0.157059
-0.233096 -0.175622 -0.212133 -0.228449 -0.229232 -0.168386
-0.231988 -0.185387 -0.225184 -0.226639 -0.227559 -0.179709
-0.230518 -0.194972 -0.235131 -0.224437 -0.225521 -0.19096
-0.229358 -0.202776 -0.237255 -0.221476 -0.223243 -0.20166
-0.228202 -0.209189 -0.236435 -0.217494 -0.222081 -0.20906
-0.226291 -0.209417 -0.234675 -0.212998 -0.219905 -0.206631
-0.22035 -0.209864 -0.231797 -0.209252 -0.216098 -0.206817
-0.214925 -0.21062 -0.226824 -0.206154 -0.209481 -0.208074
-0.209019 -0.211792 -0.224839 -0.202541 -0.203501 -0.208077
-0.203159 -0.213995 -0.223011 -0.19679 -0.197793 -0.206473
-0.196661 -0.215252 -0.221047 -0.189441 -0.191007 -0.204522
-0.189322 -0.216258 -0.220364 -0.181127 -0.183074 -0.203951
-0.180444 -0.216529 -0.220245 -0.172048 -0.174087 -0.203823
-0.170903 -0.216333 -0.220718 -0.163016 -0.164927 -0.204033
-0.160505 -0.216251 -0.221383 -0.154188 -0.155468 -0.204419
-0.149892 -0.216845 -0.222276 -0.145683 -0.145743 -0.205344
-0.139462 -0.21771 -0.223134 -0.138052 -0.13608 -0.206678
-0.129714 -0.218622 -0.224229 -0.131409 -0.126856 -0.208183
-0.120795 -0.22008 -0.225337 -0.125631 -0.118594 -0.209772
-0.113395 -0.22201 -0.226276 -0.120799 -0.111432 -0.211654
-0.107631 -0.223731 -0.227399 -0.116643 -0.105677 -0.213466
-0.103401 -0.225428 -0.228578 -0.11329 -0.10121 -0.215025
-0.101115 -0.227022 -0.230474 -0.110408 -0.0985727 -0.216041
-0.100476 -0.228331 -0.232191 -0.108461 -0.0977884 -0.216538
-0.101061 -0.229462 -0.233653 -0.107668 -0.0985306 -0.216921
-0.103072 -0.2304 -0.235032 -0.108506 -0.1006 -0.217439
-0.106252 -0.231175 -0.236339 -0.110755 -0.103954 -0.21816
-0.110547 -0.231753 -0.237259 -0.113873 -0.108578 -0.218657
-0.115558 -0.233007 -0.237595 -0.118448 -0.113714 -0.219492
-0.122174 -0.234089 -0.238261 -0.124277 -0.119876 -0.220324
-0.129506 -0.234993 -0.238873 -0.131121 -0.127146 -0.220971
-0.137699 -0.23603 -0.239116 -0.138686 -0.135262 -0.221192
-0.145974 -0.236612 -0.239479 -0.146545 -0.143722 -0.221367
-0.154198 -0.237282 -0.239732 -0.155164 -0.15197 -0.221219
-0.162234 -0.237836 -0.239816 -0.163123 -0.159952 -0.220835
-0.16984 -0.238106 -0.240021 -0.170334 -0.167426 -0.220212
-0.178152 -0.238295 -0.237758 -0.180593 -0.17684 -0.218098
-0.187299 -0.238229 -0.23504 -0.192926 -0.189892 -0.21587
-0.194412 -0.238206 -0.233241 -0.203711 -0.203005 -0.214258
-0.199282 -0.237637 -0.230767 -0.214145 -0.214877 -0.212031
-0.20278 -0.235779 -0.228675 -0.224126 -0.218365 -0.208679
-0.206793 -0.231227 -0.226374 -0.227472 -0.219402 -0.203857
-0.209883 -0.22576 -0.224047 -0.226444 -0.219783 -0.200713
-0.21208 -0.221051 -0.2205 -0.224794 -0.219399 -0.197721
-0.213851 -0.216266 -0.215752 -0.224527 -0.217823 -0.194916
-0.217485 -0.210769 -0.209718 -0.223969 -0.215156 -0.190999
-0.218163 -0.204413 -0.203295 -0.222978 -0.212869 -0.185515
-0.218297 -0.197383 -0.196616 -0.221257 -0.211362 -0.178078
-0.218744 -0.187892 -0.187508 -0.219358 -0.211588 -0.167385
-0.218808 -0.179398 -0.179085 -0.218559 -0.212808 -0.157572
-0.219185 -0.170158 -0.169898 -0.217773 -0.214185 -0.148266
-0.220759 -0.160535 -0.160284 -0.217131 -0.215732 -0.139559
-0.221981 -0.15275 -0.152724 -0.216994 -0.216857 -0.13263
-0.22314 -0.142544 -0.142975 -0.217327 -0.218702 -0.123527
-0.223979 -0.133929 -0.134883 -0.217903 -0.220679 -0.115668
-0.22536 -0.126334 -0.127999 -0.217796 -0.222608 -0.108523
-0.22711 -0.118966 -0.121387 -0.219131 -0.223987 -0.100739
-0.228077 -0.114138 -0.117159 -0.220366 -0.225516 -0.0949455
-0.229087 -0.110381 -0.114154 -0.222162 -0.227279 -0.0901807
-0.230341 -0.107413 -0.112086 -0.223686 -0.228426 -0.0870141
-0.232065 -0.105394 -0.111345 -0.224966 -0.229508 -0.0860043
-0.233743 -0.105287 -0.111374 -0.226362 -0.230841 -0.0858768
-0.235083 -0.106638 -0.112708 -0.227468 -0.232246 -0.087197
-0.236493 -0.109414 -0.115265 -0.22856 -0.233473 -0.0899277
-0.237255 -0.113448 -0.119206 -0.229473 -0.234477 -0.094054
-0.237763 -0.11865 -0.124178 -0.230452 -0.235327 -0.0996908
-0.237893 -0.125116 -0.130263 -0.231511 -0.235835 -0.106423
-0.237493 -0.132674 -0.137266 -0.232641 -0.235782 -0.114125
-0.237126 -0.141205 -0.144896 -0.233523 -0.235291 -0.12212
-0.236211 -0.150032 -0.15306 -0.234089 -0.234447 -0.130462
-0.23556 -0.158798 -0.161343 -0.234566 -0.23364 -0.138949
-0.234945 -0.166863 -0.169539 -0.234695 -0.232789 -0.147264
-0.234044 -0.17472 -0.177682 -0.232995 -0.231804 -0.155228
-0.232326 -0.182188 -0.190121 -0.229982 -0.229589 -0.165458
-0.230174 -0.188966 -0.20523 -0.227465 -0.227202 -0.176903
-0.227371 -0.195518 -0.218032 -0.224725 -0.224698 -0.188257
-0.224431 -0.201488 -0.227987 -0.221505 -0.222038 -0.19985
-0.221054 -0.206087 -0.22957 -0.217886 -0.219211 -0.209765
-0.217662 -0.209822 -0.228139 -0.213258 -0.215819 -0.208315
-0.212905 -0.209738 -0.22464 -0.208483 -0.213233 -0.206863
-0.205776 -0.209121 -0.220994 -0.204788 -0.210757 -0.206274
-0.200759 -0.209742 -0.215655 -0.200797 -0.206404 -0.205961
-0.194021 -0.209922 -0.212503 -0.19709 -0.201105 -0.206112
-0.187811 -0.211022 -0.209683 -0.191923 -0.19564 -0.20569
-0.18036 -0.212171 -0.206045 -0.185265 -0.189371 -0.205111
-0.172556 -0.214154 -0.202838 -0.177727 -0.181353 -0.205844
-0.163614 -0.215722 -0.200336 -0.169737 -0.172743 -0.206754
-0.154024 -0.216763 -0.198479 -0.161256 -0.163497 -0.207672
-0.143815 -0.217974 -0.197774 -0.152726 -0.154337 -0.20858
-0.133702 -0.219049 -0.197622 -0.144729 -0.1454 -0.20904
-0.124501 -0.219996 -0.197703 -0.137345 -0.136653 -0.209397
-0.116489 -0.220767 -0.19886 -0.130723 -0.127988 -0.209925
-0.10935 -0.221503 -0.200466 -0.124449 -0.119818 -0.210562
-0.103592 -0.222357 -0.202006 -0.119376 -0.112567 -0.211402
-0.0991506 -0.223299 -0.203787 -0.115375 -0.106423 -0.212248
-0.0960257 -0.224238 -0.205653 -0.112182 -0.101718 -0.213149
-0.0947922 -0.22503 -0.208058 -0.109813 -0.0989679 -0.214093
-0.0948142 -0.225355 -0.210929 -0.108597 -0.0979223 -0.214674
-0.0961576 -0.225965 -0.213198 -0.108445 -0.0985514 -0.215239
-0.0989932 -0.226808 -0.21523 -0.109414 -0.100748 -0.216208
-0.103152 -0.227884 -0.216794 -0.111927 -0.104296 -0.217373
-0.108023 -0.229011 -0.217972 -0.115611 -0.108904 -0.218588
-0.113966 -0.230239 -0.219286 -0.120783 -0.114766 -0.219857
-0.120967 -0.2309 -0.220516 -0.126976 -0.121566 -0.220967
-0.128942 -0.231922 -0.221284 -0.133956 -0.129538 -0.22176
-0.13722 -0.232772 -0.221731 -0.141159 -0.13802 -0.222358
-0.145706 -0.233285 -0.222333 -0.14896 -0.146473 -0.222917
-0.1543 -0.233539 -0.222839 -0.157342 -0.154681 -0.223223
-0.162638 -0.233356 -0.223578 -0.165482 -0.162735 -0.223242
-0.170783 -0.232738 -0.223211 -0.173558 -0.170792 -0.222829
-0.180765 -0.231735 -0.219276 -0.186707 -0.181709 -0.221
-0.191083 -0.231245 -0.216848 -0.199823 -0.194528 -0.21983
-0.198387 -0.230567 -0.214907 -0.212154 -0.204376 -0.218727
-0.204751 -0.228717 -0.211738 -0.224145 -0.213127 -0.216638
-0.211068 -0.225752 -0.208828 -0.231951 -0.21918 -0.213386
-0.218071 -0.221772 -0.206016 -0.232117 -0.218398 -0.210094
-0.221417 -0.217323 -0.202311 -0.229573 -0.216744 -0.206907
-0.220609 -0.211877 -0.198287 -0.227574 -0.216058 -0.20326
-0.220201 -0.207423 -0.195579 -0.22529 -0.215467 -0.198822
-0.219605 -0.202129 -0.191249 -0.222786 -0.21583 -0.193079
-0.219155 -0.195967 -0.185402 -0.221372 -0.216381 -0.186718
-0.219228 -0.188732 -0.177678 -0.220144 -0.216548 -0.179444
-0.219584 -0.180843 -0.168741 -0.219709 -0.217214 -0.171555
-0.219695 -0.172232 -0.159174 -0.219909 -0.217757 -0.162825
-0.220068 -0.163263 -0.149712 -0.220163 -0.218847 -0.153637
-0.220819 -0.15207 -0.139024 -0.220981 -0.220044 -0.142474
-0.221857 -0.142965 -0.13116 -0.221641 -0.221127 -0.133342
-0.222815 -0.134152 -0.124326 -0.222465 -0.22204 -0.12452
-0.223836 -0.125851 -0.118487 -0.223366 -0.223307 -0.116257
-0.224905 -0.118306 -0.113602 -0.224448 -0.224343 -0.108789
-0.225935 -0.111781 -0.109694 -0.225445 -0.225426 -0.102229
-0.226805 -0.106466 -0.106437 -0.226688 -0.226388 -0.0968228
-0.227496 -0.102512 -0.1036 -0.22787 -0.227089 -0.0927128
-0.228007 -0.100145 -0.101835 -0.229074 -0.227687 -0.0902933
-0.228628 -0.0991226 -0.101229 -0.230247 -0.228243 -0.0895033
-0.229165 -0.0997212 -0.101565 -0.231271 -0.228629 -0.0899392
-0.22965 -0.101684 -0.102921 -0.232121 -0.228977 -0.0914928
-0.23023 -0.105049 -0.105828 -0.232857 -0.229319 -0.0944145
-0.23075 -0.109685 -0.110152 -0.233461 -0.229631 -0.0987263
-0.231202 -0.115438 -0.115266 -0.233933 -0.229833 -0.104287
-0.231519 -0.122212 -0.121528 -0.234343 -0.230172 -0.111001
-0.231773 -0.129852 -0.128644 -0.234836 -0.23035 -0.118462
-0.231891 -0.138305 -0.13629 -0.235233 -0.230271 -0.126751
-0.2318 -0.147015 -0.144044 -0.235626 -0.230131 -0.135378
-0.231459 -0.155661 -0.151756 -0.235982 -0.229813 -0.144138
-0.231223 -0.163898 -0.15919 -0.236174 -0.229506 -0.15244
-0.230685 -0.172012 -0.167944 -0.234992 -0.228603 -0.160978
-0.229249 -0.180849 -0.181907 -0.232117 -0.227007 -0.171212
-0.227559 -0.189744 -0.198455 -0.229999 -0.225442 -0.181813
-0.226007 -0.198567 -0.21353 -0.2279 -0.223641 -0.192161
-0.224191 -0.206674 -0.22724 -0.225117 -0.221195 -0.202587
-0.22207 -0.212705 -0.2304 -0.221496 -0.218402 -0.211613
-0.220197 -0.217179 -0.229548 -0.216855 -0.216933 -0.218897
-0.218247 -0.222206 -0.228134 -0.211196 -0.215376 -0.226336
-0.214108 -0.222905 -0.226599 -0.204946 -0.212142 -0.230311
-0.206024 -0.221929 -0.221877 -0.199404 -0.204095 -0.230406
-0.198629 -0.222041 -0.216441 -0.195448 -0.197048 -0.230345
-0.190126 -0.221472 -0.21363 -0.19054 -0.189096 -0.230029
-0.182799 -0.221912 -0.21253 -0.183591 -0.182113 -0.228307
-0.17566 -0.221796 -0.210004 -0.175639 -0.175062 -0.226071
-0.168518 -0.222254 -0.208431 -0.167038 -0.166754 -0.224891
-0.159695 -0.222076 -0.208662 -0.15838 -0.157792 -0.224129
-0.149964 -0.221269 -0.209205 -0.149912 -0.147996 -0.22378
-0.139595 -0.220432 -0.210497 -0.141922 -0.138369 -0.223935
-0.129208 -0.220734 -0.211319 -0.134724 -0.129214 -0.224318
-0.119419 -0.221641 -0.211781 -0.128509 -0.120641 -0.225045
-0.110703 -0.222732 -0.212938 -0.123273 -0.112478 -0.226358
-0.103461 -0.223689 -0.214198 -0.11899 -0.104997 -0.227853
-0.0986874 -0.224805 -0.215414 -0.115402 -0.0991503 -0.228949
-0.0965183 -0.226237 -0.216985 -0.111876 -0.095328 -0.229802
-0.0962819 -0.227534 -0.218559 -0.109316 -0.0931476 -0.230513
-0.0969058 -0.228532 -0.220214 -0.107964 -0.0929695 -0.231173
-0.0986837 -0.229099 -0.221619 -0.108041 -0.0945297 -0.231856
-0.101777 -0.229672 -0.223005 -0.110022 -0.0986769 -0.232974
-0.105618 -0.230344 -0.22397 -0.113073 -0.10342 -0.233847
-0.110499 -0.230892 -0.224935 -0.117422 -0.109123 -0.234537
-0.116642 -0.2314 -0.225659 -0.12315 -0.115735 -0.235008
-0.123846 -0.231961 -0.226088 -0.12987 -0.122939 -0.235563
-0.131777 -0.232372 -0.226372 -0.137102 -0.130572 -0.23596
-0.140017 -0.232622 -0.22666 -0.14484 -0.13846 -0.236318
-0.148329 -0.232662 -0.227073 -0.15299 -0.146425 -0.236456
-0.156628 -0.232563 -0.227442 -0.161443 -0.154709 -0.236411
-0.164471 -0.232196 -0.227761 -0.169456 -0.162734 -0.236112
-0.172664 -0.230957 -0.226504 -0.179615 -0.17153 -0.234779
-0.182075 -0.229713 -0.223551 -0.193349 -0.183441 -0.232871
-0.190999 -0.22896 -0.222231 -0.206011 -0.191365 -0.231723
-0.197762 -0.227281 -0.220867 -0.218572 -0.196674 -0.230007
-0.198629 -0.224032 -0.219542 -0.230281 -0.203631 -0.227652
-0.199339 -0.220196 -0.217363 -0.232493 -0.210368 -0.224397
-0.197893 -0.217166 -0.214766 -0.231713 -0.213243 -0.220814
-0.196737 -0.214181 -0.21084 -0.230934 -0.212359 -0.216966
-0.196976 -0.210262 -0.206704 -0.228623 -0.211425 -0.213181
-0.198372 -0.205039 -0.202216 -0.225739 -0.211076 -0.208519
-0.200768 -0.198717 -0.196225 -0.223722 -0.211031 -0.202513
-0.20439 -0.191334 -0.188671 -0.221758 -0.211165 -0.195448
-0.210213 -0.183522 -0.179988 -0.220975 -0.211081 -0.187716
-0.211221 -0.174708 -0.170436 -0.22006 -0.210212 -0.179589
-0.21179 -0.166308 -0.160943 -0.219214 -0.209574 -0.170754
-0.212255 -0.157587 -0.152026 -0.21817 -0.209581 -0.161259
-0.212632 -0.149078 -0.144062 -0.217795 -0.210197 -0.151766
-0.213706 -0.140529 -0.136912 -0.217663 -0.211115 -0.1428
-0.215867 -0.131957 -0.13028 -0.217073 -0.212499 -0.134785
-0.218268 -0.124037 -0.12452 -0.216979 -0.21435 -0.127149
-0.220223 -0.116888 -0.11959 -0.217022 -0.216806 -0.120204
-0.221858 -0.110825 -0.114973 -0.21768 -0.219204 -0.114308
-0.223598 -0.106085 -0.110704 -0.21877 -0.221148 -0.110228
-0.22488 -0.102806 -0.107174 -0.219929 -0.2227 -0.107579
-0.226083 -0.101086 -0.104751 -0.221384 -0.224026 -0.105884
-0.227251 -0.100669 -0.104061 -0.222744 -0.225071 -0.10546
-0.228748 -0.101836 -0.104401 -0.223784 -0.226188 -0.10595
-0.230061 -0.104169 -0.106285 -0.224575 -0.227483 -0.107746
-0.231463 -0.107642 -0.109527 -0.225475 -0.228612 -0.111104
-0.232676 -0.112129 -0.113885 -0.226013 -0.229748 -0.115941
-0.233811 -0.117812 -0.119261 -0.22648 -0.230549 -0.121835
-0.234656 -0.124855 -0.12569 -0.227013 -0.231314 -0.128722
-0.235177 -0.132779 -0.1331 -0.227454 -0.231888 -0.136556
-0.23546 -0.141364 -0.140976 -0.227827 -0.232266 -0.144659
-0.235469 -0.150047 -0.14887 -0.228234 -0.232376 -0.153054
-0.235594 -0.158391 -0.156622 -0.22846 -0.232281 -0.161389
-0.235477 -0.16646 -0.16412 -0.22834 -0.231881 -0.169401
-0.234628 -0.174867 -0.173574 -0.226784 -0.230983 -0.177663
-0.233229 -0.184136 -0.188561 -0.224314 -0.229481 -0.186935
-0.23206 -0.193126 -0.204847 -0.222425 -0.228005 -0.195536
-0.231603 -0.201574 -0.20857 -0.219933 -0.226529 -0.203521
-0.231402 -0.208491 -0.212865 -0.215811 -0.225922 -0.211019
-0.229949 -0.207014 -0.218519 -0.211049 -0.224718 -0.214852
-0.225273 -0.207681 -0.221406 -0.20757 -0.219425 -0.215591
-0.219298 -0.208593 -0.219879 -0.205789 -0.212984 -0.216665
-0.212354 -0.207985 -0.218438 -0.203286 -0.205844 -0.216321
-0.206451 -0.207479 -0.21577 -0.198743 -0.200384 -0.213625
-0.200543 -0.207182 -0.213288 -0.192342 -0.194893 -0.210916
-0.194003 -0.206643 -0.2119 -0.185179 -0.187568 -0.209836
-0.186404 -0.205853 -0.210769 -0.177644 -0.179573 -0.208869
-0.177532 -0.205671 -0.210042 -0.169346 -0.17114 -0.208237
-0.168205 -0.206081 -0.209861 -0.160617 -0.162387 -0.207668
-0.158621 -0.206815 -0.209904 -0.151786 -0.15334 -0.207247
-0.149386 -0.207438 -0.210353 -0.143445 -0.143971 -0.207295
-0.140446 -0.208329 -0.211591 -0.13596 -0.134569 -0.207798
-0.132005 -0.20926 -0.213157 -0.129485 -0.125529 -0.208434
-0.122794 -0.21073 -0.214907 -0.12279 -0.115492 -0.209267
-0.116051 -0.212229 -0.216731 -0.118121 -0.108192 -0.210397
-0.110274 -0.213665 -0.218175 -0.113854 -0.101913 -0.211523
-0.105358 -0.214992 -0.219884 -0.110311 -0.097398 -0.212881
-0.102195 -0.216425 -0.221665 -0.107314 -0.0947699 -0.214216
-0.100894 -0.217632 -0.22333 -0.105327 -0.0940829 -0.215574
-0.100992 -0.219055 -0.22478 -0.104386 -0.0948565 -0.216771
-0.10275 -0.220398 -0.225895 -0.104696 -0.0971482 -0.218289
-0.105906 -0.221614 -0.226714 -0.106299 -0.100574 -0.220077
-0.110043 -0.222917 -0.2273 -0.109346 -0.105279 -0.221428
-0.115322 -0.224255 -0.227886 -0.113812 -0.110863 -0.222746
-0.121985 -0.225381 -0.228359 -0.119385 -0.117467 -0.223918
-0.129473 -0.226481 -0.228591 -0.125911 -0.125301 -0.224697
-0.137669 -0.227168 -0.228818 -0.132862 -0.13373 -0.225309
-0.146065 -0.227769 -0.229051 -0.140349 -0.142339 -0.225705
-0.154484 -0.228207 -0.229189 -0.148232 -0.150828 -0.225999
-0.162682 -0.228437 -0.229205 -0.15637 -0.159035 -0.226206
-0.170477 -0.228013 -0.229057 -0.164713 -0.166901 -0.226038
-0.179359 -0.227038 -0.22625 -0.178244 -0.172378 -0.224081
-0.189689 -0.225764 -0.225032 -0.193189 -0.17687 -0.221906
-0.197443 -0.223622 -0.225494 -0.207402 -0.1781 -0.22118
-0.199581 -0.220058 -0.225722 -0.222584 -0.179991 -0.22056
-0.200417 -0.215639 -0.225131 -0.228139 -0.181965 -0.219189
-0.199599 -0.212985 -0.223491 -0.228747 -0.182046 -0.217395
-0.198434 -0.210921 -0.219362 -0.230666 -0.181257 -0.215349
-0.199026 -0.208498 -0.214703 -0.231138 -0.180019 -0.212257
-0.199592 -0.204641 -0.210145 -0.230592 -0.179805 -0.207495
-0.20034 -0.199257 -0.204688 -0.230297 -0.181227 -0.201148
-0.201563 -0.192509 -0.197732 -0.229866 -0.183015 -0.193822
-0.203369 -0.18481 -0.190035 -0.229879 -0.185797 -0.185866
-0.205105 -0.176562 -0.181256 -0.2299 -0.188363 -0.177364
-0.206572 -0.167923 -0.171443 -0.230222 -0.191039 -0.168459
-0.207646 -0.159036 -0.161016 -0.231113 -0.193698 -0.159027
-0.208693 -0.150044 -0.150827 -0.232227 -0.195805 -0.149707
-0.210026 -0.141115 -0.141276 -0.23362 -0.197817 -0.140247
-0.211411 -0.132336 -0.132761 -0.235158 -0.19954 -0.130875
-0.212853 -0.123921 -0.125643 -0.236886 -0.201264 -0.121878
-0.214485 -0.116097 -0.119938 -0.238183 -0.203091 -0.113604
-0.216299 -0.109025 -0.115317 -0.239273 -0.205122 -0.106291
-0.21819 -0.102759 -0.111637 -0.240115 -0.207275 -0.100212
-0.220029 -0.0977478 -0.108797 -0.240863 -0.209418 -0.0957428
-0.221445 -0.0943799 -0.106224 -0.241819 -0.21148 -0.092965
-0.222468 -0.0927143 -0.104853 -0.242622 -0.213207 -0.0919712
-0.223391 -0.0924444 -0.104277 -0.243646 -0.214696 -0.0924733
-0.224088 -0.0938319 -0.104996 -0.244366 -0.215872 -0.0940505
-0.224904 -0.0966444 -0.107482 -0.244808 -0.216704 -0.0966404
-0.22576 -0.100881 -0.111274 -0.245205 -0.217609 -0.100453
-0.226561 -0.10632 -0.116238 -0.245339 -0.218243 -0.105351
-0.227173 -0.112825 -0.122443 -0.245475 -0.218942 -0.111492
-0.227624 -0.120119 -0.12953 -0.245503 -0.219471 -0.118677
-0.227899 -0.128036 -0.137098 -0.24537 -0.219826 -0.126631
-0.228108 -0.136515 -0.144976 -0.245259 -0.219963 -0.135191
-0.228079 -0.145387 -0.152849 -0.245171 -0.21984 -0.14395
-0.227961 -0.154157 -0.160548 -0.244994 -0.219668 -0.152553
-0.227786 -0.16257 -0.168111 -0.24448 -0.219452 -0.160741
-0.22623 -0.172291 -0.179472 -0.241523 -0.218049 -0.170514
-0.224623 -0.183356 -0.194264 -0.23907 -0.216736 -0.181522
-0.223158 -0.194539 -0.208677 -0.236909 -0.214984 -0.19207
-0.221025 -0.205541 -0.221786 -0.234534 -0.212838 -0.202059
-0.218537 -0.209377 -0.226215 -0.23063 -0.209562 -0.213052
-0.215824 -0.206873 -0.22492 -0.226639 -0.207076 -0.220947
-0.214172 -0.205803 -0.223197 -0.222207 -0.202984 -0.22752
-0.21014 -0.204319 -0.22232 -0.217819 -0.197121 -0.227047
-0.205225 -0.203522 -0.219245 -0.213974 -0.192165 -0.226586
-0.198454 -0.203055 -0.216793 -0.210157 -0.186432 -0.22629
-0.191836 -0.203594 -0.216139 -0.205098 -0.181032 -0.225676
-0.186264 -0.203925 -0.215352 -0.199684 -0.175781 -0.225288
-0.177338 -0.205287 -0.214147 -0.190463 -0.166371 -0.22539
-0.168973 -0.206502 -0.214054 -0.182215 -0.157583 -0.22565
-0.159708 -0.207281 -0.214254 -0.173326 -0.148079 -0.225985
-0.151957 -0.207907 -0.215162 -0.165937 -0.140297 -0.226198
-0.142257 -0.208798 -0.216652 -0.156871 -0.130679 -0.226434
-0.132622 -0.209728 -0.217879 -0.148295 -0.121387 -0.22671
-0.123403 -0.210478 -0.219329 -0.140619 -0.112414 -0.227649
-0.11288 -0.211358 -0.221207 -0.132648 -0.102357 -0.228851
-0.105015 -0.212316 -0.222488 -0.126929 -0.0949346 -0.230087
-0.0989834 -0.213424 -0.223862 -0.121963 -0.0888202 -0.231252
-0.0953418 -0.214519 -0.224772 -0.118007 -0.0844378 -0.232317
-0.0936169 -0.215627 -0.225947 -0.115181 -0.0816929 -0.233271
-0.0933267 -0.216523 -0.227269 -0.11364 -0.0809349 -0.234253
-0.0943248 -0.217167 -0.228695 -0.11361 -0.0821006 -0.234817
-0.0966199 -0.217711 -0.229672 -0.114654 -0.0847666 -0.235289
-0.10012 -0.218092 -0.230629 -0.117139 -0.0886596 -0.235622
-0.104985 -0.218264 -0.231624 -0.121133 -0.09377 -0.235789
-0.110604 -0.218131 -0.232657 -0.126437 -0.0997726 -0.235914
-0.117229 -0.218098 -0.233501 -0.132858 -0.106549 -0.236008
-0.124627 -0.218159 -0.234148 -0.140297 -0.114191 -0.235991
-0.132332 -0.218331 -0.234497 -0.14826 -0.122286 -0.235973
-0.140374 -0.218169 -0.234665 -0.156772 -0.130809 -0.236028
-0.148442 -0.218429 -0.234775 -0.165204 -0.139317 -0.236005
-0.156504 -0.21865 -0.234637 -0.1743 -0.147504 -0.235909
-0.164352 -0.218333 -0.234707 -0.182602 -0.155467 -0.23549
-0.172924 -0.216984 -0.231935 -0.194615 -0.166121 -0.233548
-0.182707 -0.215827 -0.229334 -0.208653 -0.179783 -0.231806
-0.190891 -0.214846 -0.227601 -0.220484 -0.192625 -0.230615
-0.197057 -0.213346 -0.224769 -0.228205 -0.203948 -0.229063
-0.20259 -0.210953 -0.222158 -0.22761 -0.204531 -0.226349
-0.209409 -0.20763 -0.219918 -0.225801 -0.204363 -0.223598
-0.214583 -0.203172 -0.216353 -0.224801 -0.203873 -0.221232
-0.214235 -0.198749 -0.213819 -0.222435 -0.203579 -0.218262
-0.214044 -0.19502 -0.21088 -0.22068 -0.203631 -0.213845
-0.213666 -0.190044 -0.205996 -0.218864 -0.204287 -0.208562
-0.213328 -0.184315 -0.199638 -0.218071 -0.204244 -0.202275
-0.213229 -0.177393 -0.192182 -0.217473 -0.204551 -0.195192
-0.21363 -0.169458 -0.183904 -0.217115 -0.205034 -0.187243
-0.214213 -0.160633 -0.175165 -0.216808 -0.205968 -0.17862
-0.215117 -0.151429 -0.165986 -0.216678 -0.207285 -0.169568
-0.216591 -0.142124 -0.156789 -0.217149 -0.208698 -0.160225
-0.218137 -0.132841 -0.147896 -0.217855 -0.210185 -0.151086
-0.219624 -0.124096 -0.139513 -0.21898 -0.21166 -0.142314
-0.221148 -0.115894 -0.131586 -0.220278 -0.213056 -0.13394
-0.222555 -0.108314 -0.125053 -0.221578 -0.214203 -0.126356
-0.224045 -0.101389 -0.119793 -0.222692 -0.215274 -0.119281
-0.22543 -0.0952527 -0.115267 -0.224068 -0.216583 -0.113283
-0.226675 -0.0902489 -0.111473 -0.225403 -0.217776 -0.108674
-0.227801 -0.086811 -0.108763 -0.226736 -0.218693 -0.105683
-0.228766 -0.0851762 -0.10756 -0.22843 -0.219361 -0.104569
-0.229692 -0.0853267 -0.10728 -0.229644 -0.21972 -0.104817
-0.230613 -0.0866414 -0.108041 -0.230735 -0.220269 -0.105885
-0.231322 -0.0892145 -0.110568 -0.231593 -0.220817 -0.108312
-0.23191 -0.0929627 -0.114559 -0.232286 -0.221211 -0.112116
-0.232545 -0.0981105 -0.119578 -0.232975 -0.22167 -0.117227
-0.232941 -0.104547 -0.125824 -0.23346 -0.222112 -0.123663
-0.233314 -0.112151 -0.133173 -0.233922 -0.222324 -0.131102
-0.233553 -0.120441 -0.141254 -0.234297 -0.222165 -0.139054
-0.233689 -0.129285 -0.149379 -0.234603 -0.221913 -0.147366
-0.233685 -0.138002 -0.157492 -0.234858 -0.221683 -0.15589
-0.233721 -0.146531 -0.165566 -0.234948 -0.221298 -0.164405
-0.23379 -0.154721 -0.173151 -0.234538 -0.220899 -0.172303
-0.232664 -0.164279 -0.185013 -0.231434 -0.21927 -0.181459
-0.231824 -0.1752 -0.199994 -0.22902 -0.217841 -0.191521
-0.230861 -0.186001 -0.213935 -0.226899 -0.216104 -0.200668
-0.22949 -0.196683 -0.226443 -0.224364 -0.213768 -0.209687
-0.227736 -0.20365 -0.229032 -0.221017 -0.210902 -0.217004
-0.225049 -0.201669 -0.22788 -0.217388 -0.208186 -0.214519
-0.221759 -0.201733 -0.226092 -0.214381 -0.20468 -0.213332
-0.217163 -0.201946 -0.224049 -0.210992 -0.200239 -0.212969
-0.212432 -0.20243 -0.222442 -0.207585 -0.195367 -0.212929
-0.207281 -0.202951 -0.221332 -0.203491 -0.190864 -0.212059
-0.20138 -0.203892 -0.220406 -0.197524 -0.185352 -0.211614
-0.194019 -0.204896 -0.219782 -0.190096 -0.178541 -0.211433
-0.185632 -0.20579 -0.219963 -0.18211 -0.170442 -0.211655
-0.176385 -0.206485 -0.220382 -0.173503 -0.161389 -0.212068
-0.166318 -0.207368 -0.220723 -0.164482 -0.152 -0.21246
-0.155973 -0.208528 -0.221254 -0.155378 -0.142136 -0.213175
-0.14565 -0.209576 -0.222434 -0.146739 -0.131856 -0.214027
-0.135722 -0.210501 -0.223687 -0.138969 -0.121969 -0.215009
-0.126606 -0.211742 -0.224834 -0.131915 -0.11261 -0.216059
-0.118513 -0.213102 -0.225844 -0.125885 -0.104041 -0.217197
-0.111409 -0.214589 -0.226742 -0.120456 -0.0963164 -0.218539
-0.105384 -0.215983 -0.227796 -0.115833 -0.0900542 -0.219796
-0.100991 -0.217304 -0.229093 -0.111439 -0.0849215 -0.221231
-0.0995915 -0.218244 -0.230273 -0.108712 -0.0828455 -0.222025
-0.0994114 -0.219083 -0.231382 -0.107177 -0.0826262 -0.222839
-0.100204 -0.219636 -0.232399 -0.107089 -0.0841217 -0.223673
-0.10236 -0.220245 -0.232948 -0.108664 -0.08716 -0.224756
-0.105529 -0.220915 -0.233307 -0.111416 -0.0914851 -0.225855
-0.110154 -0.22183 -0.233637 -0.115563 -0.0968379 -0.226652
-0.116161 -0.222351 -0.23393 -0.121006 -0.103217 -0.227544
-0.12344 -0.222792 -0.234202 -0.127536 -0.110451 -0.228332
-0.13147 -0.223182 -0.234233 -0.134635 -0.118335 -0.22881
-0.139838 -0.223336 -0.234336 -0.142307 -0.126526 -0.229167
-0.148163 -0.222834 -0.234482 -0.150303 -0.135105 -0.229811
-0.156247 -0.222609 -0.234416 -0.158479 -0.14369 -0.230386
-0.164055 -0.222276 -0.23435 -0.166617 -0.151976 -0.230694
-0.171814 -0.221348 -0.233842 -0.175524 -0.160231 -0.230563
-0.180546 -0.220085 -0.230709 -0.189322 -0.171651 -0.228687
-0.189854 -0.219705 -0.228082 -0.191865 -0.184446 -0.22791
-0.196371 -0.219666 -0.224937 -0.19212 -0.195138 -0.228319
-0.2038 -0.219481 -0.221349 -0.193628 -0.200953 -0.227633
-0.213276 -0.218105 -0.218393 -0.191514 -0.201313 -0.225453
-0.216078 -0.214914 -0.21657 -0.189718 -0.202409 -0.224174
-0.217535 -0.210414 -0.215359 -0.186721 -0.204713 -0.22041
-0.218141 -0.206325 -0.213265 -0.185461 -0.206716 -0.215566
-0.217791 -0.201807 -0.209134 -0.183933 -0.208272 -0.210808
-0.217785 -0.196136 -0.203167 -0.18364 -0.209212 -0.205472
-0.218575 -0.189523 -0.195653 -0.18356 -0.209858 -0.19902
-0.218898 -0.182098 -0.187566 -0.184704 -0.211087 -0.191067
-0.219392 -0.173706 -0.179208 -0.185667 -0.21231 -0.182173
-0.220649 -0.164543 -0.170522 -0.186885 -0.213517 -0.172713
-0.222571 -0.155039 -0.161439 -0.187805 -0.214903 -0.162981
-0.224665 -0.145375 -0.152207 -0.188894 -0.216642 -0.153083
-0.226642 -0.135749 -0.143902 -0.190338 -0.218982 -0.143307
-0.228611 -0.12637 -0.135959 -0.192009 -0.221345 -0.134108
-0.230551 -0.117859 -0.128874 -0.193833 -0.223564 -0.125859
-0.232378 -0.11009 -0.122468 -0.195935 -0.22543 -0.118621
-0.233857 -0.103308 -0.117125 -0.198236 -0.226674 -0.112291
-0.235184 -0.0976843 -0.112629 -0.200656 -0.22762 -0.106946
-0.236443 -0.0932707 -0.108824 -0.203002 -0.228317 -0.102672
-0.237617 -0.0902673 -0.106389 -0.205069 -0.228821 -0.0996839
-0.238769 -0.0888504 -0.105581 -0.207047 -0.229379 -0.098431
-0.239866 -0.088906 -0.105813 -0.208925 -0.229955 -0.0984851
-0.24082 -0.0904694 -0.107428 -0.210244 -0.230408 -0.0996768
-0.241841 -0.0936503 -0.110489 -0.211571 -0.230826 -0.102446
-0.242676 -0.0981856 -0.114703 -0.212546 -0.230998 -0.106848
-0.243278 -0.103848 -0.119956 -0.213347 -0.231236 -0.112351
-0.243732 -0.110575 -0.126523 -0.213985 -0.231318 -0.11883
-0.244148 -0.118076 -0.134192 -0.214728 -0.231307 -0.12652
-0.2443 -0.126197 -0.14229 -0.21515 -0.231046 -0.134708
-0.244371 -0.134734 -0.15034 -0.215597 -0.23075 -0.143318
-0.24412 -0.143519 -0.158454 -0.215971 -0.23029 -0.151966
-0.243871 -0.152204 -0.166508 -0.216196 -0.229655 -0.160547
-0.243453 -0.160442 -0.17482 -0.215442 -0.228837 -0.168808
-0.242085 -0.169813 -0.188152 -0.212621 -0.226993 -0.178367
-0.241098 -0.179864 -0.204291 -0.210637 -0.225478 -0.18856
-0.240125 -0.189639 -0.219122 -0.208405 -0.223472 -0.197897
-0.238521 -0.198935 -0.232281 -0.205872 -0.220522 -0.199365
-0.234886 -0.201643 -0.237442 -0.203217 -0.215538 -0.199364
-0.229785 -0.200664 -0.237008 -0.200829 -0.21278 -0.198304
-0.226624 -0.201038 -0.235028 -0.198199 -0.209127 -0.197001
-0.222869 -0.20127 -0.235003 -0.195317 -0.205626 -0.195606
-0.219336 -0.200992 -0.233808 -0.191981 -0.201533 -0.194409
-0.214248 -0.201015 -0.232188 -0.186416 -0.196532 -0.194178
-0.207727 -0.202444 -0.231349 -0.179815 -0.190727 -0.194084
-0.200026 -0.203551 -0.230937 -0.172043 -0.183552 -0.194745
-0.191526 -0.204573 -0.230978 -0.163547 -0.17547 -0.195316
-0.182265 -0.205473 -0.231195 -0.154665 -0.166939 -0.196023
-0.172727 -0.206876 -0.231448 -0.146007 -0.15776 -0.196925
-0.16274 -0.208192 -0.231773 -0.138192 -0.147976 -0.198358
-0.15271 -0.209644 -0.232641 -0.131172 -0.137994 -0.199992
-0.142836 -0.21122 -0.23345 -0.125 -0.128466 -0.201311
-0.134282 -0.21295 -0.234292 -0.119775 -0.119934 -0.202587
-0.12678 -0.214542 -0.235429 -0.114961 -0.11178 -0.20399
-0.120562 -0.215889 -0.236124 -0.110743 -0.105038 -0.205461
-0.11557 -0.217292 -0.236951 -0.107178 -0.0994956 -0.206948
-0.112128 -0.21845 -0.237869 -0.104376 -0.0955384 -0.20864
-0.110065 -0.219362 -0.238585 -0.102036 -0.0933435 -0.210191
-0.109459 -0.220313 -0.239089 -0.100354 -0.0932003 -0.211709
-0.110636 -0.221395 -0.239636 -0.0996372 -0.0948125 -0.213562
-0.113021 -0.222057 -0.240106 -0.100448 -0.0977355 -0.214912
-0.116947 -0.22289 -0.2403 -0.102597 -0.101824 -0.216156
-0.122281 -0.223554 -0.24034 -0.105738 -0.107056 -0.217302
-0.128654 -0.223978 -0.240369 -0.110173 -0.113435 -0.218409
-0.135924 -0.224075 -0.240228 -0.115397 -0.1207 -0.2195
-0.143641 -0.224165 -0.2404 -0.121602 -0.128676 -0.220289
-0.151563 -0.224199 -0.240533 -0.128409 -0.13758 -0.220844
-0.159682 -0.223992 -0.24059 -0.135635 -0.146242 -0.221263
-0.167735 -0.223659 -0.240211 -0.143694 -0.154598 -0.221663
-0.175611 -0.223184 -0.240039 -0.151679 -0.162538 -0.222005
-0.183499 -0.22244 -0.239085 -0.161153 -0.170653 -0.221454
-0.19278 -0.221452 -0.235403 -0.175628 -0.182127 -0.219751
-0.201697 -0.22076 -0.233102 -0.189607 -0.194461 -0.218858
-0.207845 -0.219577 -0.230779 -0.203381 -0.204762 -0.217866
-0.212879 -0.217422 -0.227762 -0.216347 -0.213103 -0.215847
-0.218253 -0.213625 -0.225652 -0.220308 -0.213724 -0.212466
-0.223797 -0.209169 -0.22349 -0.219861 -0.214669 -0.209407
-0.228552 -0.204578 -0.219589 -0.218362 -0.213619 -0.206666
-0.230839 -0.2003 -0.214769 -0.217859 -0.212288 -0.203684
-0.229718 -0.195005 -0.21023 -0.216603 -0.209938 -0.199069
-0.229172 -0.190413 -0.204872 -0.214402 -0.209117 -0.192485
-0.228433 -0.184017 -0.198849 -0.21274 -0.209042 -0.184781
-0.228745 -0.176506 -0.1919 -0.211296 -0.209512 -0.176618
-0.22926 -0.168124 -0.18366 -0.21016 -0.210179 -0.168018
-0.229929 -0.159329 -0.174459 -0.209763 -0.211373 -0.159042
-0.230312 -0.15029 -0.164549 -0.209825 -0.213026 -0.149834
-0.230628 -0.14113 -0.154626 -0.21066 -0.214426 -0.140785
-0.231205 -0.132264 -0.145254 -0.211772 -0.215304 -0.131809
-0.231761 -0.123752 -0.136665 -0.213253 -0.21587 -0.122841
-0.232299 -0.115745 -0.129398 -0.214845 -0.216434 -0.114427
-0.232928 -0.108446 -0.123244 -0.216433 -0.217008 -0.106848
-0.233792 -0.101886 -0.11832 -0.217893 -0.217781 -0.100258
-0.234856 -0.0962652 -0.114294 -0.219447 -0.218809 -0.094934
-0.235694 -0.0920041 -0.111302 -0.220948 -0.219972 -0.0911357
-0.236411 -0.0891977 -0.11 -0.222517 -0.221121 -0.0891315
-0.237085 -0.0878233 -0.109537 -0.223947 -0.222312 -0.0888152
-0.237847 -0.0883851 -0.110488 -0.225072 -0.223359 -0.0896433
-0.238632 -0.0905207 -0.112898 -0.226141 -0.224205 -0.0916172
-0.239193 -0.0941264 -0.116521 -0.227249 -0.224836 -0.0949701
-0.239556 -0.0989187 -0.120923 -0.22818 -0.225307 -0.0996224
-0.239573 -0.104985 -0.126509 -0.229102 -0.225617 -0.105288
-0.239586 -0.111981 -0.1333 -0.229821 -0.225848 -0.11223
-0.239764 -0.119473 -0.141004 -0.230194 -0.226087 -0.119868
-0.24002 -0.127441 -0.149124 -0.230481 -0.226181 -0.127869
-0.240162 -0.135795 -0.15739 -0.230656 -0.226387 -0.136052
-0.240226 -0.144461 -0.165574 -0.230882 -0.226515 -0.144417
-0.24036 -0.15294 -0.173311 -0.230768 -0.226445 -0.152687
-0.239987 -0.161634 -0.182054 -0.229578 -0.226064 -0.16111
-0.238696 -0.171518 -0.195417 -0.226752 -0.224487 -0.171388
-0.237561 -0.181887 -0.210334 -0.22454 -0.223082 -0.182059
-0.236338 -0.192182 -0.22361 -0.222398 -0.221095 -0.192127
-0.234552 -0.20217 -0.235865 -0.219662 -0.218451 -0.202259
-0.231539 -0.202713 -0.244384 -0.21643 -0.215142 -0.211484
-0.227355 -0.201735 -0.244748 -0.212926 -0.21076 -0.216173
-0.224208 -0.201139 -0.241837 -0.208882 -0.204614 -0.214477
-0.219293 -0.200482 -0.24022 -0.204529 -0.20027 -0.213331
-0.214519 -0.200009 -0.238208 -0.200867 -0.194998 -0.212216
-0.208969 -0.199523 -0.235919 -0.195883 -0.19002 -0.211313
-0.202276 -0.199259 -0.234451 -0.189431 -0.183706 -0.210946
-0.194471 -0.20031 -0.233289 -0.1819 -0.176756 -0.211449
-0.185951 -0.200886 -0.232562 -0.173655 -0.168665 -0.211757
-0.177023 -0.201811 -0.23248 -0.16481 -0.160014 -0.212398
-0.167551 -0.202763 -0.2327 -0.155792 -0.151026 -0.212922
-0.157833 -0.20393 -0.23312 -0.147276 -0.141872 -0.213608
-0.147956 -0.205069 -0.234032 -0.139386 -0.132546 -0.214439
-0.138307 -0.206207 -0.234942 -0.132432 -0.123388 -0.215571
-0.129382 -0.207572 -0.236102 -0.126424 -0.114742 -0.216583
-0.121836 -0.209197 -0.237173 -0.121319 -0.106967 -0.217723
-0.115696 -0.210625 -0.237859 -0.116867 -0.100075 -0.21908
-0.110908 -0.212018 -0.239046 -0.113162 -0.0946207 -0.220733
-0.107822 -0.213259 -0.239809 -0.109955 -0.0908698 -0.222236
-0.106242 -0.214282 -0.240318 -0.10736 -0.0890075 -0.223589
-0.106057 -0.215314 -0.240911 -0.106163 -0.0891594 -0.224791
-0.107147 -0.216853 -0.241637 -0.106543 -0.0910731 -0.225986
-0.109615 -0.217635 -0.241925 -0.108359 -0.0942313 -0.226878
-0.113724 -0.218341 -0.242116 -0.111468 -0.0987515 -0.227621
-0.11911 -0.219102 -0.242197 -0.115368 -0.104386 -0.228218
-0.125234 -0.219586 -0.242281 -0.12033 -0.110876 -0.228641
-0.132454 -0.219806 -0.242447 -0.126491 -0.118343 -0.229005
-0.140243 -0.220044 -0.242458 -0.133312 -0.126564 -0.229226
-0.148427 -0.220147 -0.242245 -0.14066 -0.135319 -0.229334
-0.156639 -0.220155 -0.242051 -0.14852 -0.143816 -0.229371
-0.164842 -0.219948 -0.241665 -0.156766 -0.151919 -0.229517
-0.172749 -0.21971 -0.241504 -0.165472 -0.159732 -0.229567
-0.181551 -0.218672 -0.239149 -0.176768 -0.169217 -0.22826
-0.192004 -0.217355 -0.235991 -0.190954 -0.18121 -0.226703
-0.201035 -0.216428 -0.233888 -0.202953 -0.192475 -0.225595
-0.207716 -0.215261 -0.231359 -0.214904 -0.202023 -0.224193
-0.213935 -0.213112 -0.228506 -0.225478 -0.211663 -0.221558
-0.220074 -0.209883 -0.224789 -0.225855 -0.220773 -0.218257
-0.221529 -0.206773 -0.219958 -0.224251 -0.228575 -0.215082
-0.219407 -0.202813 -0.214487 -0.221951 -0.228789 -0.210843
-0.218808 -0.198437 -0.211043 -0.21813 -0.228212 -0.205592
-0.218647 -0.192487 -0.20825 -0.213567 -0.229081 -0.200139
-0.218431 -0.186029 -0.203701 -0.210689 -0.229997 -0.194447
-0.217914 -0.179019 -0.197123 -0.208637 -0.230718 -0.187924
-0.217666 -0.171461 -0.189017 -0.207241 -0.231357 -0.180743
-0.217485 -0.163356 -0.179828 -0.207291 -0.231011 -0.172907
-0.217399 -0.15483 -0.170173 -0.207372 -0.230689 -0.164222
-0.217479 -0.14598 -0.16071 -0.208569 -0.230362 -0.15485
-0.218063 -0.136925 -0.152106 -0.209415 -0.23021 -0.145678
-0.219412 -0.1279 -0.144428 -0.210403 -0.230518 -0.136637
-0.22104 -0.11916 -0.137366 -0.211522 -0.231282 -0.12801
-0.222761 -0.110985 -0.131066 -0.212669 -0.232344 -0.120167
-0.224231 -0.103544 -0.125357 -0.214023 -0.23353 -0.113268
-0.225813 -0.0975436 -0.120413 -0.2155 -0.234708 -0.107567
-0.226818 -0.092625 -0.11598 -0.217078 -0.235643 -0.103011
-0.227733 -0.0889313 -0.112411 -0.218792 -0.236262 -0.0995023
-0.22857 -0.0867498 -0.110605 -0.220585 -0.236798 -0.0975871
-0.229238 -0.0862491 -0.110198 -0.22211 -0.237041 -0.0974254
-0.230146 -0.0872683 -0.111586 -0.22325 -0.237153 -0.0982602
-0.231082 -0.0897183 -0.11435 -0.224571 -0.237308 -0.100289
-0.231732 -0.0934658 -0.118367 -0.225492 -0.23745 -0.103555
-0.232523 -0.0994189 -0.124611 -0.226853 -0.2374 -0.109398
-0.232909 -0.105421 -0.130849 -0.227781 -0.237188 -0.115748
-0.233341 -0.112307 -0.137994 -0.228418 -0.237026 -0.123091
-0.233701 -0.11998 -0.145866 -0.228949 -0.236601 -0.130941
-0.233996 -0.128255 -0.15403 -0.229446 -0.236388 -0.138943
-0.234069 -0.136754 -0.162118 -0.229859 -0.236083 -0.147309
-0.234163 -0.145367 -0.169986 -0.230093 -0.235548 -0.155541
-0.234309 -0.153507 -0.17774 -0.229974 -0.235068 -0.163579
-0.23333 -0.162837 -0.189502 -0.227505 -0.233479 -0.173076
-0.232167 -0.172983 -0.204645 -0.225309 -0.231979 -0.183154
-0.231124 -0.182787 -0.218777 -0.223429 -0.230253 -0.192693
-0.229811 -0.192594 -0.231831 -0.220852 -0.228037 -0.202246
-0.228035 -0.200956 -0.239931 -0.217803 -0.22498 -0.211332
-0.225564 -0.207505 -0.24032 -0.214014 -0.222284 -0.210706
-0.222067 -0.21126 -0.238238 -0.210612 -0.219071 -0.208789
-0.216699 -0.210551 -0.235727 -0.206505 -0.216036 -0.207691
-0.211695 -0.211641 -0.232475 -0.20293 -0.210475 -0.207534
-0.20574 -0.212187 -0.229639 -0.199058 -0.204172 -0.20713
-0.199581 -0.21287 -0.228486 -0.193063 -0.197886 -0.20678
-0.192419 -0.213847 -0.227319 -0.185553 -0.191333 -0.205602
-0.184965 -0.214957 -0.226561 -0.177354 -0.183711 -0.204903
-0.176417 -0.215633 -0.226673 -0.168344 -0.175471 -0.204013
-0.166808 -0.215854 -0.227048 -0.159133 -0.16665 -0.203768
-0.156429 -0.216163 -0.227868 -0.150136 -0.157394 -0.203844
-0.145821 -0.21672 -0.22863 -0.142014 -0.147949 -0.204521
-0.135212 -0.217903 -0.229412 -0.134796 -0.138185 -0.205793
-0.125297 -0.219433 -0.229941 -0.128484 -0.128692 -0.207481
-0.116859 -0.220905 -0.230715 -0.123055 -0.119614 -0.209555
-0.109886 -0.222608 -0.231518 -0.118318 -0.111632 -0.211502
-0.104367 -0.224502 -0.23219 -0.114184 -0.105324 -0.213354
-0.100552 -0.226343 -0.232925 -0.110522 -0.101034 -0.214936
-0.0984601 -0.227805 -0.233707 -0.107554 -0.0986971 -0.21606
-0.0979111 -0.228944 -0.234689 -0.105482 -0.0977376 -0.216952
-0.0984916 -0.229708 -0.235725 -0.104571 -0.0985551 -0.217707
-0.100495 -0.230183 -0.236431 -0.104933 -0.100883 -0.218406
-0.103815 -0.230856 -0.237064 -0.106736 -0.104731 -0.219109
-0.10826 -0.231342 -0.237773 -0.109626 -0.109935 -0.220039
-0.113641 -0.231763 -0.2379 -0.114274 -0.115689 -0.220956
-0.120138 -0.232259 -0.238173 -0.120254 -0.122515 -0.22188
-0.127766 -0.232667 -0.238496 -0.127031 -0.130418 -0.222531
-0.136009 -0.23316 -0.238438 -0.134237 -0.138602 -0.223052
-0.144596 -0.233266 -0.238549 -0.142132 -0.146612 -0.223592
-0.153073 -0.233295 -0.238619 -0.150268 -0.154814 -0.223956
-0.161192 -0.233297 -0.238476 -0.158646 -0.162872 -0.224096
-0.168999 -0.232741 -0.238567 -0.166576 -0.170841 -0.223802
-0.177848 -0.231863 -0.235663 -0.178048 -0.180982 -0.22206
-0.187786 -0.23094 -0.233023 -0.191672 -0.19355 -0.220869
-0.195594 -0.230275 -0.231378 -0.203641 -0.204467 -0.219967
-0.201712 -0.228919 -0.228687 -0.21536 -0.213943 -0.218335
-0.207304 -0.226113 -0.226016 -0.225696 -0.220418 -0.215565
-0.213435 -0.222031 -0.223529 -0.228497 -0.220753 -0.211599
-0.216213 -0.216911 -0.22076 -0.22794 -0.220427 -0.207896
-0.214052 -0.211394 -0.217475 -0.225667 -0.219732 -0.204271
-0.213065 -0.206544 -0.213274 -0.224444 -0.219006 -0.200164
-0.211827 -0.201921 -0.208349 -0.222337 -0.217914 -0.195053
-0.211116 -0.196119 -0.202217 -0.220939 -0.217861 -0.188582
-0.211418 -0.188991 -0.19483 -0.219729 -0.21802 -0.181182
-0.212154 -0.181014 -0.186905 -0.218406 -0.218603 -0.172918
-0.21291 -0.172333 -0.177942 -0.218025 -0.219697 -0.164277
-0.213688 -0.163298 -0.168392 -0.217733 -0.220948 -0.155179
-0.214587 -0.15421 -0.158677 -0.218004 -0.222354 -0.146071
-0.21539 -0.145455 -0.149344 -0.218541 -0.223648 -0.137139
-0.216406 -0.13675 -0.140511 -0.219581 -0.224753 -0.128167
-0.217133 -0.128531 -0.132467 -0.220786 -0.225754 -0.119592
-0.217894 -0.121063 -0.125825 -0.222301 -0.226704 -0.111819
-0.218707 -0.114474 -0.120294 -0.223818 -0.227408 -0.105181
-0.219614 -0.108847 -0.115715 -0.225116 -0.228055 -0.0995522
-0.220665 -0.104228 -0.112181 -0.22655 -0.228945 -0.0951591
-0.221721 -0.100958 -0.110072 -0.227767 -0.229654 -0.0920338
-0.223127 -0.0986171 -0.109226 -0.229213 -0.230583 -0.0906569
-0.22411 -0.0982027 -0.109321 -0.23002 -0.231355 -0.0907311
-0.225459 -0.0999413 -0.111467 -0.230856 -0.232596 -0.0925985
-0.226748 -0.10277 -0.11476 -0.231494 -0.233443 -0.0957198
-0.227609 -0.107057 -0.118853 -0.231952 -0.234161 -0.0998926
-0.228247 -0.11274 -0.123903 -0.23257 -0.234722 -0.105306
-0.228628 -0.119641 -0.130326 -0.233191 -0.235069 -0.11189
-0.229032 -0.127304 -0.137475 -0.23368 -0.235051 -0.119286
-0.229244 -0.135632 -0.145217 -0.23422 -0.234938 -0.127331
-0.229253 -0.144381 -0.153147 -0.234599 -0.234742 -0.135489
-0.229404 -0.153069 -0.161351 -0.234742 -0.234526 -0.14387
-0.229697 -0.161494 -0.169472 -0.234687 -0.234168 -0.152181
-0.229955 -0.169701 -0.17774 -0.233791 -0.233768 -0.160247
-0.229061 -0.178253 -0.190692 -0.231229 -0.23221 -0.170057
-0.228306 -0.18679 -0.206337 -0.229217 -0.230839 -0.180799
-0.227476 -0.195097 -0.220275 -0.227192 -0.229119 -0.191645
-0.225731 -0.202886 -0.232607 -0.224413 -0.226785 -0.202888
-0.223208 -0.209236 -0.240869 -0.221008 -0.223632 -0.213286
-0.220353 -0.213952 -0.241002 -0.217313 -0.219845 -0.212374
-0.216275 -0.216068 -0.238197 -0.213726 -0.215762 -0.210492
-0.210918 -0.215502 -0.236192 -0.209409 -0.212041 -0.209228
-0.206013 -0.215962 -0.232858 -0.20539 -0.206159 -0.207833
-0.200294 -0.215675 -0.23006 -0.201078 -0.20019 -0.206935
-0.194023 -0.215737 -0.228308 -0.194859 -0.193957 -0.206062
-0.186685 -0.216411 -0.227022 -0.18731 -0.187392 -0.204796
-0.178617 -0.216925 -0.226364 -0.178868 -0.179416 -0.204029
-0.169955 -0.217007 -0.226467 -0.169966 -0.170899 -0.203271
-0.160283 -0.216628 -0.226835 -0.160906 -0.161894 -0.203071
-0.149733 -0.21674 -0.227488 -0.152041 -0.152362 -0.203236
-0.139056 -0.217076 -0.228009 -0.143802 -0.142718 -0.204045
-0.128489 -0.217837 -0.228699 -0.136519 -0.132976 -0.205346
-0.118771 -0.219021 -0.229501 -0.129984 -0.123582 -0.206856
-0.110691 -0.22043 -0.230369 -0.124517 -0.115095 -0.208278
-0.103976 -0.222213 -0.231129 -0.119677 -0.107816 -0.209659
-0.0988783 -0.223747 -0.231938 -0.115459 -0.102261 -0.211159
-0.095425 -0.225011 -0.233058 -0.111773 -0.0990712 -0.212509
-0.0936702 -0.225779 -0.234444 -0.108923 -0.0974857 -0.213405
-0.093415 -0.226549 -0.235519 -0.107349 -0.0977399 -0.214362
-0.0944418 -0.227323 -0.236422 -0.107275 -0.0992003 -0.215305
-0.0969729 -0.227835 -0.237281 -0.108841 -0.101963 -0.216467
-0.100684 -0.228317 -0.237628 -0.111745 -0.105709 -0.21752
-0.105283 -0.228888 -0.23811 -0.115666 -0.110525 -0.218411
-0.111219 -0.229334 -0.238473 -0.120798 -0.116277 -0.219222
-0.118046 -0.229761 -0.238699 -0.126883 -0.123282 -0.220004
-0.12575 -0.230233 -0.238931 -0.133674 -0.131077 -0.220489
-0.133793 -0.230598 -0.239055 -0.140878 -0.139432 -0.220812
-0.142293 -0.230653 -0.239088 -0.148465 -0.147813 -0.221087
-0.150665 -0.230535 -0.23909 -0.156687 -0.15599 -0.221424
-0.158684 -0.230374 -0.238902 -0.165454 -0.164078 -0.221692
-0.166758 -0.229721 -0.237766 -0.17478 -0.172409 -0.221184
-0.176804 -0.228584 -0.234328 -0.188101 -0.18348 -0.219838
-0.187817 -0.227826 -0.232297 -0.20076 -0.195421 -0.218891
-0.196777 -0.226979 -0.230045 -0.212929 -0.204759 -0.21806
-0.204687 -0.225121 -0.227221 -0.224305 -0.212856 -0.215951
-0.212441 -0.221877 -0.224565 -0.233716 -0.219129 -0.212894
-0.216426 -0.217601 -0.221458 -0.236084 -0.218864 -0.209125
-0.215477 -0.211704 -0.2192 -0.237429 -0.218703 -0.204535
-0.215105 -0.20638 -0.21611 -0.238274 -0.21898 -0.199215
-0.214069 -0.201122 -0.21243 -0.236828 -0.219448 -0.193994
-0.212351 -0.196195 -0.207311 -0.234822 -0.218751 -0.189021
-0.211516 -0.190244 -0.200088 -0.233085 -0.218297 -0.183097
-0.211207 -0.183256 -0.191918 -0.232235 -0.217627 -0.175954
-0.211059 -0.175351 -0.183267 -0.231458 -0.217349 -0.1677
-0.211234 -0.167039 -0.174475 -0.23125 -0.217224 -0.158894
-0.21174 -0.158192 -0.165478 -0.231227 -0.217463 -0.149643
-0.212605 -0.149043 -0.15627 -0.231249 -0.21804 -0.140475
-0.213734 -0.139981 -0.147521 -0.231646 -0.218768 -0.131372
-0.214679 -0.131423 -0.13949 -0.232055 -0.219836 -0.122621
-0.215501 -0.123119 -0.132051 -0.232852 -0.22098 -0.114393
-0.216243 -0.115598 -0.125483 -0.233738 -0.222036 -0.107143
-0.217031 -0.108864 -0.11979 -0.23499 -0.222871 -0.100852
-0.21758 -0.10342 -0.115234 -0.236376 -0.223355 -0.0957296
-0.218141 -0.0996128 -0.111448 -0.237757 -0.223542 -0.091597
-0.218632 -0.0972129 -0.109285 -0.239167 -0.223758 -0.0889845
-0.21934 -0.0958536 -0.108943 -0.240206 -0.223922 -0.0878989
-0.220302 -0.0960876 -0.109468 -0.241092 -0.224466 -0.0879347
-0.220957 -0.0978811 -0.111601 -0.242041 -0.225019 -0.0895154
-0.221652 -0.101045 -0.115161 -0.242816 -0.225569 -0.0924423
-0.222248 -0.105513 -0.119405 -0.243621 -0.22588 -0.0968923
-0.222731 -0.111267 -0.124688 -0.244172 -0.226215 -0.102564
-0.222955 -0.117956 -0.131432 -0.24473 -0.226732 -0.109303
-0.223048 -0.125364 -0.138956 -0.245279 -0.227014 -0.116842
-0.22321 -0.133239 -0.146952 -0.245614 -0.22724 -0.125008
-0.223498 -0.141814 -0.154987 -0.245914 -0.227191 -0.133527
-0.223757 -0.15073 -0.163149 -0.246063 -0.227035 -0.142062
-0.224078 -0.159323 -0.17112 -0.246149 -0.226923 -0.150308
-0.224025 -0.167628 -0.179922 -0.245096 -0.226287 -0.158764
-0.22321 -0.176661 -0.193514 -0.242301 -0.224879 -0.169414
-0.222411 -0.185465 -0.208643 -0.240598 -0.223379 -0.180938
-0.221315 -0.194367 -0.222014 -0.238543 -0.221668 -0.192249
-0.219813 -0.202449 -0.229896 -0.235794 -0.2196 -0.20353
-0.218322 -0.208204 -0.231086 -0.23233 -0.217437 -0.213376
-0.216706 -0.213382 -0.229786 -0.227752 -0.21639 -0.216651
-0.213149 -0.219942 -0.228299 -0.222766 -0.212722 -0.215165
-0.20721 -0.222174 -0.225076 -0.218643 -0.209528 -0.214705
-0.199192 -0.222523 -0.220751 -0.214591 -0.203153 -0.214663
-0.193088 -0.224044 -0.21777 -0.210245 -0.195899 -0.213737
-0.185716 -0.22421 -0.215135 -0.202801 -0.187112 -0.212779
-0.178922 -0.225077 -0.213922 -0.195025 -0.179647 -0.211168
-0.171147 -0.225213 -0.213328 -0.186348 -0.171264 -0.21008
-0.162647 -0.22484 -0.213672 -0.177329 -0.162262 -0.208984
-0.152587 -0.224216 -0.214784 -0.168275 -0.153044 -0.208432
-0.141928 -0.223838 -0.215852 -0.159373 -0.14367 -0.20821
-0.130963 -0.223729 -0.217093 -0.150928 -0.134054 -0.208496
-0.120266 -0.223886 -0.21829 -0.14307 -0.12438 -0.209779
-0.111029 -0.224679 -0.219272 -0.136255 -0.115242 -0.211429
-0.103223 -0.225852 -0.220254 -0.130335 -0.10657 -0.21345
-0.0971552 -0.227359 -0.221389 -0.125296 -0.099182 -0.215349
-0.0927246 -0.228968 -0.22244 -0.121176 -0.0938047 -0.216925
-0.090048 -0.230115 -0.223765 -0.117764 -0.0906125 -0.218435
-0.0889891 -0.231038 -0.224968 -0.115447 -0.0892057 -0.219463
-0.0890912 -0.231689 -0.226644 -0.114341 -0.0895874 -0.220288
-0.090376 -0.231913 -0.228585 -0.114883 -0.0915372 -0.220746
-0.0928627 -0.231826 -0.230108 -0.116592 -0.0949586 -0.221346
-0.0967501 -0.231586 -0.23143 -0.119892 -0.0997577 -0.221829
-0.101658 -0.231453 -0.232661 -0.124804 -0.105653 -0.222572
-0.107616 -0.231364 -0.233455 -0.131066 -0.111942 -0.223341
-0.114346 -0.23143 -0.234129 -0.138284 -0.118997 -0.224079
-0.121848 -0.231621 -0.234591 -0.145935 -0.126926 -0.224741
-0.130212 -0.231984 -0.234654 -0.154217 -0.13512 -0.225348
-0.138819 -0.232222 -0.23466 -0.163358 -0.143546 -0.22563
-0.147381 -0.232109 -0.23481 -0.171909 -0.151786 -0.225509
-0.155534 -0.23167 -0.234978 -0.179596 -0.159636 -0.225246
-0.16436 -0.230774 -0.23361 -0.188969 -0.168542 -0.223937
-0.175605 -0.229946 -0.230306 -0.201223 -0.180873 -0.222344
-0.186819 -0.229083 -0.229007 -0.211593 -0.185132 -0.220851
-0.19472 -0.226519 -0.228397 -0.221419 -0.186632 -0.219043
-0.195339 -0.221992 -0.22788 -0.225851 -0.188701 -0.216841
-0.196339 -0.218377 -0.227158 -0.226099 -0.190769 -0.214139
-0.195186 -0.21506 -0.224521 -0.225534 -0.190529 -0.211684
-0.195412 -0.212559 -0.220342 -0.225543 -0.190545 -0.20935
-0.195665 -0.209147 -0.215831 -0.224687 -0.190128 -0.205827
-0.114122 -0.226652 -0.229869 -0.129082 -0.113847 -0.230859
-0.121948 -0.227008 -0.230214 -0.136385 -0.12131 -0.231137
-0.130417 -0.22725 -0.230517 -0.144392 -0.129451 -0.231378
-0.138769 -0.22723 -0.230881 -0.152694 -0.137902 -0.231558
-0.147091 -0.227307 -0.231138 -0.161227 -0.146364 -0.231545
-0.15523 -0.227448 -0.231435 -0.169778 -0.154757 -0.231407
-0.164873 -0.226808 -0.230654 -0.180824 -0.164754 -0.230333
-0.174513 -0.225576 -0.227388 -0.195415 -0.176223 -0.228268
-0.184336 -0.224671 -0.225546 -0.209112 -0.188347 -0.227035
-0.191724 -0.223605 -0.223416 -0.22204 -0.19878 -0.225843
-0.198309 -0.222024 -0.220474 -0.224827 -0.208 -0.223694
-0.205085 -0.219854 -0.217732 -0.223461 -0.20783 -0.221077
-0.211241 -0.216395 -0.213731 -0.222035 -0.20714 -0.218852
-0.211927 -0.211294 -0.210607 -0.220055 -0.206787 -0.216158
-0.212281 -0.206949 -0.20857 -0.217103 -0.207344 -0.212214
-0.212316 -0.202204 -0.204612 -0.215358 -0.207929 -0.207191
-0.212255 -0.196901 -0.199011 -0.213633 -0.208377 -0.201518
-0.212378 -0.190365 -0.192064 -0.212339 -0.208665 -0.194936
-0.213132 -0.182811 -0.183908 -0.21183 -0.209261 -0.187391
-0.213498 -0.174222 -0.175065 -0.211718 -0.210222 -0.178935
-0.214174 -0.165327 -0.166147 -0.211919 -0.211264 -0.170173
-0.215092 -0.15628 -0.157184 -0.212503 -0.212478 -0.160989
-0.21616 -0.147084 -0.148387 -0.213307 -0.213634 -0.151576
-0.217323 -0.138177 -0.139942 -0.214294 -0.214907 -0.142319
-0.218514 -0.129436 -0.132269 -0.215614 -0.216353 -0.133453
-0.22008 -0.121238 -0.125625 -0.216827 -0.217676 -0.125184
-0.221833 -0.113587 -0.120155 -0.218101 -0.219161 -0.117857
-0.223519 -0.106998 -0.115756 -0.219372 -0.220659 -0.11143
-0.225012 -0.101454 -0.111913 -0.22083 -0.221943 -0.10633
-0.226182 -0.0974372 -0.108511 -0.222237 -0.222952 -0.102529
-0.227252 -0.0950128 -0.105808 -0.223793 -0.223584 -0.100112
-0.22832 -0.0939885 -0.104703 -0.225201 -0.224022 -0.0993723
-0.229182 -0.0946774 -0.10476 -0.226499 -0.224576 -0.0997176
-0.230041 -0.0967252 -0.106542 -0.227493 -0.225186 -0.101317
-0.230992 -0.100079 -0.109757 -0.22812 -0.225675 -0.104313
-0.231919 -0.104831 -0.114182 -0.228586 -0.226268 -0.108618
-0.23277 -0.110817 -0.119657 -0.228828 -0.226843 -0.114079
-0.233251 -0.117713 -0.126161 -0.2292 -0.22743 -0.120634
-0.233567 -0.125692 -0.133835 -0.229548 -0.227768 -0.128373
-0.233786 -0.134021 -0.141668 -0.229785 -0.227657 -0.136691
-0.23366 -0.142734 -0.149617 -0.230159 -0.227424 -0.145393
-0.233395 -0.151403 -0.157515 -0.23032 -0.227089 -0.154103
-0.233268 -0.159767 -0.165232 -0.230281 -0.226587 -0.162531
-0.23279 -0.167998 -0.174102 -0.229035 -0.225573 -0.170854
-0.23129 -0.177643 -0.187929 -0.226246 -0.22373 -0.180892
-0.230309 -0.187279 -0.203646 -0.224246 -0.222233 -0.191064
-0.229493 -0.196183 -0.217768 -0.222018 -0.220253 -0.200878
-0.228076 -0.20431 -0.228382 -0.219159 -0.217659 -0.210557
-0.225804 -0.210319 -0.230289 -0.21538 -0.214975 -0.219161
-0.223462 -0.207753 -0.228544 -0.211042 -0.213254 -0.218146
-0.219774 -0.207458 -0.226153 -0.207345 -0.208875 -0.217608
-0.215157 -0.207341 -0.223112 -0.203935 -0.204036 -0.217615
-0.209314 -0.207472 -0.22065 -0.200793 -0.198136 -0.217833
-0.203856 -0.208027 -0.219579 -0.196229 -0.193355 -0.216408
-0.197405 -0.208414 -0.218237 -0.189536 -0.187249 -0.21567
-0.190259 -0.209393 -0.217766 -0.181536 -0.180154 -0.215192
-0.181914 -0.209834 -0.217855 -0.173204 -0.171913 -0.21471
-0.172696 -0.20996 -0.218279 -0.164139 -0.162714 -0.214713
-0.162664 -0.210357 -0.219497 -0.155204 -0.153266 -0.214895
-0.152014 -0.210895 -0.220221 -0.146656 -0.143653 -0.215438
-0.141342 -0.211846 -0.221104 -0.138786 -0.133786 -0.216253
-0.130992 -0.212885 -0.222127 -0.131855 -0.124089 -0.217704
-0.121615 -0.214106 -0.223008 -0.125901 -0.114876 -0.21922
-0.113833 -0.215631 -0.224046 -0.120731 -0.106752 -0.220708
-0.107597 -0.217129 -0.22522 -0.116212 -0.0997831 -0.221855
-0.102946 -0.218492 -0.226464 -0.112334 -0.0945925 -0.222729
-0.10003 -0.219423 -0.22783 -0.10907 -0.0914211 -0.223488
-0.0985313 -0.220403 -0.228904 -0.106336 -0.0896954 -0.224245
-0.0981365 -0.221398 -0.229982 -0.104807 -0.0898779 -0.224979
-0.09894 -0.222641 -0.230842 -0.10448 -0.0914305 -0.225801
-0.101373 -0.223365 -0.231621 -0.105831 -0.0945183 -0.226594
-0.105126 -0.223888 -0.232182 -0.108601 -0.0990224 -0.227327
-0.110161 -0.224465 -0.232553 -0.112577 -0.104569 -0.228089
-0.116246 -0.225104 -0.23283 -0.117981 -0.110678 -0.228841
-0.123586 -0.225723 -0.233167 -0.124394 -0.117882 -0.229482
-0.131615 -0.226042 -0.233278 -0.131492 -0.126152 -0.229995
-0.140091 -0.22629 -0.233232 -0.139279 -0.134445 -0.230219
-0.148767 -0.226687 -0.233538 -0.147412 -0.142788 -0.230382
-0.157244 -0.226583 -0.233747 -0.155702 -0.151107 -0.230225
-0.16545 -0.226316 -0.233972 -0.164025 -0.159167 -0.229786
-0.173423 -0.225363 -0.233256 -0.173296 -0.167529 -0.228812
-0.182655 -0.223983 -0.23002 -0.187779 -0.179224 -0.226876
-0.191518 -0.223364 -0.228022 -0.201857 -0.191777 -0.225509
-0.197963 -0.222199 -0.22591 -0.215388 -0.202423 -0.224357
-0.203581 -0.22015 -0.22307 -0.221426 -0.206814 -0.22233
-0.209189 -0.217264 -0.221189 -0.221179 -0.207449 -0.218945
-0.215297 -0.21353 -0.218362 -0.220348 -0.206517 -0.217013
-0.216044 -0.209206 -0.214541 -0.219151 -0.205786 -0.214687
-0.215919 -0.205151 -0.211595 -0.217719 -0.205121 -0.210818
-0.215696 -0.20083 -0.207474 -0.216412 -0.20487 -0.205707
-0.21549 -0.195491 -0.201831 -0.215099 -0.205142 -0.199659
-0.215884 -0.188759 -0.195067 -0.21421 -0.20545 -0.192757
-0.216994 -0.180928 -0.187053 -0.213883 -0.206219 -0.185109
-0.217821 -0.172473 -0.17811 -0.213754 -0.207071 -0.176603
-0.218719 -0.16347 -0.168695 -0.213832 -0.208201 -0.167414
-0.219695 -0.154179 -0.159221 -0.214387 -0.209715 -0.158185
-0.221052 -0.144806 -0.14993 -0.214997 -0.211118 -0.148955
-0.222573 -0.135851 -0.141407 -0.215975 -0.212553 -0.139766
-0.223651 -0.127315 -0.133519 -0.217258 -0.214044 -0.130853
-0.224868 -0.119236 -0.126675 -0.218868 -0.215295 -0.122693
-0.226067 -0.112132 -0.120728 -0.22059 -0.21622 -0.115647
-0.227007 -0.105963 -0.116122 -0.222085 -0.217261 -0.109583
-0.22847 -0.0997754 -0.111764 -0.223874 -0.218581 -0.103964
-0.229683 -0.0956849 -0.109194 -0.225068 -0.219609 -0.100493
-0.230725 -0.0932949 -0.107509 -0.226299 -0.220875 -0.0986256
-0.231829 -0.0922746 -0.107073 -0.227516 -0.221812 -0.0982981
-0.232765 -0.0928324 -0.107502 -0.228345 -0.222594 -0.0990787
-0.233656 -0.0949359 -0.109322 -0.229015 -0.223599 -0.101201
-0.234522 -0.0983524 -0.112555 -0.229593 -0.224447 -0.104681
-0.2352 -0.103218 -0.117066 -0.230099 -0.225137 -0.109517
-0.235673 -0.109533 -0.122811 -0.230535 -0.225591 -0.115679
-0.236036 -0.117006 -0.129775 -0.230988 -0.225833 -0.122722
-0.236289 -0.125407 -0.137547 -0.231355 -0.225934 -0.130486
-0.236467 -0.134085 -0.1456 -0.23162 -0.225926 -0.138567
-0.236555 -0.142912 -0.153895 -0.231784 -0.226042 -0.146944
-0.236579 -0.151512 -0.162068 -0.231773 -0.226133 -0.15534
-0.236699 -0.159708 -0.169757 -0.231611 -0.226094 -0.163581
-0.23595 -0.168262 -0.179135 -0.22986 -0.225091 -0.172306
-0.234645 -0.177943 -0.19299 -0.22747 -0.223392 -0.182752
-0.233503 -0.187993 -0.207354 -0.225827 -0.221624 -0.186766
-0.231183 -0.198407 -0.219871 -0.22423 -0.21836 -0.186781
-0.227124 -0.207052 -0.227895 -0.222572 -0.215496 -0.187592
-0.223427 -0.210725 -0.229786 -0.220743 -0.212185 -0.186555
-0.219625 -0.210344 -0.228806 -0.218105 -0.21092 -0.18391
-0.21704 -0.210835 -0.228136 -0.214973 -0.208344 -0.182414
-0.213333 -0.210804 -0.226639 -0.211861 -0.204232 -0.181685
-0.208647 -0.210391 -0.226327 -0.20723 -0.198982 -0.181954
-0.202321 -0.210783 -0.22561 -0.200874 -0.19346 -0.181695
-0.195244 -0.21213 -0.225136 -0.19337 -0.187006 -0.181958
-0.187432 -0.212938 -0.225386 -0.185125 -0.179159 -0.182647
-0.178977 -0.213503 -0.225352 -0.176113 -0.170417 -0.183713
-0.16971 -0.213898 -0.225545 -0.166644 -0.160905 -0.185066
-0.160049 -0.214749 -0.225948 -0.15753 -0.15126 -0.186571
-0.150131 -0.215768 -0.226419 -0.148837 -0.141569 -0.188491
-0.140455 -0.21736 -0.22731 -0.140933 -0.131759 -0.190425
-0.131291 -0.218904 -0.227969 -0.134033 -0.122656 -0.192534
-0.122866 -0.220626 -0.228686 -0.128101 -0.114325 -0.194653
-0.115537 -0.222344 -0.2295 -0.122964 -0.107057 -0.196769
-0.109392 -0.223879 -0.230385 -0.118497 -0.100766 -0.198523
-0.104627 -0.224913 -0.231606 -0.114488 -0.0959072 -0.200159
-0.102067 -0.225923 -0.232711 -0.110876 -0.092562 -0.201639
-0.101403 -0.226708 -0.234015 -0.108199 -0.09093 -0.203044
-0.101604 -0.227402 -0.235294 -0.106963 -0.0908858 -0.204564
-0.103236 -0.227596 -0.236354 -0.107467 -0.092466 -0.206416
-0.105971 -0.227934 -0.237296 -0.109193 -0.095409 -0.209168
-0.110818 -0.22846 -0.237843 -0.11241 -0.100838 -0.215899
-0.116716 -0.228253 -0.238328 -0.116419 -0.106533 -0.224224
-0.123659 -0.227797 -0.239106 -0.121846 -0.113227 -0.232827
-0.131739 -0.226756 -0.240083 -0.128019 -0.12038 -0.240868
-0.139885 -0.225228 -0.240355 -0.134842 -0.127729 -0.244069
-0.147406 -0.224046 -0.2394 -0.14258 -0.134966 -0.244505
-0.154236 -0.223718 -0.238122 -0.151801 -0.143592 -0.244855
-0.161468 -0.223349 -0.23698 -0.161594 -0.152045 -0.245018
-0.169377 -0.222726 -0.236444 -0.169932 -0.160361 -0.243709
-0.178861 -0.221112 -0.232922 -0.181319 -0.169974 -0.241767
-0.191124 -0.219746 -0.229026 -0.195225 -0.181379 -0.240181
-0.201505 -0.219276 -0.225725 -0.195266 -0.191442 -0.239425
-0.208784 -0.219124 -0.221349 -0.195884 -0.200151 -0.238404
-0.213803 -0.218592 -0.216839 -0.196262 -0.206315 -0.236768
-0.21444 -0.215667 -0.214506 -0.193148 -0.206745 -0.233959
-0.216883 -0.212591 -0.213454 -0.189761 -0.208185 -0.231237
-0.217411 -0.208125 -0.212744 -0.186793 -0.211361 -0.227116
-0.217878 -0.203606 -0.210226 -0.184803 -0.214538 -0.222938
-0.217753 -0.197924 -0.205284 -0.182831 -0.216451 -0.21814
-0.217929 -0.19152 -0.198321 -0.182254 -0.217665 -0.212077
-0.218124 -0.184474 -0.190321 -0.182507 -0.218338 -0.204882
-0.218394 -0.176434 -0.181867 -0.183526 -0.219256 -0.196607
-0.218788 -0.167536 -0.173027 -0.184866 -0.219877 -0.187403
-0.219283 -0.158575 -0.164163 -0.186551 -0.220559 -0.178
-0.219445 -0.149454 -0.155088 -0.188731 -0.221723 -0.168346
-0.220516 -0.140035 -0.146531 -0.190211 -0.222917 -0.158609
-0.222713 -0.130701 -0.138643 -0.19202 -0.224136 -0.149481
-0.224777 -0.121895 -0.131224 -0.193627 -0.225433 -0.140912
-0.226781 -0.113745 -0.124524 -0.195383 -0.227258 -0.133142
-0.228386 -0.106533 -0.118689 -0.197578 -0.228876 -0.126449
-0.229513 -0.100318 -0.113833 -0.199695 -0.23018 -0.121484
-0.230784 -0.0956131 -0.110191 -0.202495 -0.231442 -0.117635
-0.231718 -0.0926972 -0.107731 -0.205152 -0.232219 -0.114908
-0.232586 -0.0914849 -0.106576 -0.208045 -0.232885 -0.113485
-0.233366 -0.091905 -0.106509 -0.210391 -0.233417 -0.113728
-0.233881 -0.0934484 -0.108252 -0.212828 -0.234055 -0.114943
-0.234496 -0.0960858 -0.11132 -0.214819 -0.234541 -0.11719
-0.235208 -0.100064 -0.115257 -0.216428 -0.235296 -0.120589
-0.236058 -0.10514 -0.120308 -0.2173 -0.236177 -0.125142
-0.236756 -0.111293 -0.126663 -0.218082 -0.237284 -0.130895
-0.237324 -0.118352 -0.134269 -0.218705 -0.238402 -0.137901
-0.237782 -0.12589 -0.142187 -0.219411 -0.23932 -0.145582
-0.238119 -0.134096 -0.150174 -0.220091 -0.240165 -0.153761
-0.23806 -0.142596 -0.158125 -0.220955 -0.240751 -0.162733
-0.237786 -0.151154 -0.166036 -0.221544 -0.240982 -0.171464
-0.23751 -0.159381 -0.173735 -0.222458 -0.241041 -0.179926
-0.235589 -0.168779 -0.185461 -0.220434 -0.239925 -0.188759
-0.234039 -0.179549 -0.200798 -0.218856 -0.238804 -0.197517
-0.232985 -0.190042 -0.215616 -0.217276 -0.23806 -0.204936
-0.231368 -0.20008 -0.229228 -0.215213 -0.236656 -0.21177
-0.228681 -0.203403 -0.239016 -0.21284 -0.234416 -0.217269
-0.224645 -0.202142 -0.239882 -0.210092 -0.230588 -0.216134
-0.221189 -0.20202 -0.23822 -0.207865 -0.225986 -0.214829
-0.217351 -0.20191 -0.237351 -0.204439 -0.221799 -0.213555
-0.213704 -0.202057 -0.23653 -0.2001 -0.217414 -0.212486
-0.208778 -0.201439 -0.234761 -0.195225 -0.212329 -0.211169
-0.202665 -0.201587 -0.233816 -0.188677 -0.206109 -0.210251
-0.195315 -0.201925 -0.233417 -0.180736 -0.198617 -0.20996
-0.18687 -0.202015 -0.233239 -0.172052 -0.19033 -0.20996
-0.177718 -0.202409 -0.233328 -0.162765 -0.181408 -0.210031
-0.168259 -0.203307 -0.233328 -0.153624 -0.172002 -0.210257
-0.158317 -0.204744 -0.233393 -0.144897 -0.162161 -0.210873
-0.14859 -0.206215 -0.233436 -0.137049 -0.152223 -0.21173
-0.13928 -0.207818 -0.2337 -0.130279 -0.142652 -0.21291
-0.130466 -0.209086 -0.234399 -0.124391 -0.133685 -0.213881
-0.122606 -0.210451 -0.235027 -0.119195 -0.125991 -0.214931
-0.115812 -0.212268 -0.235643 -0.114595 -0.119452 -0.215818
-0.110584 -0.214243 -0.236541 -0.110451 -0.114157 -0.216794
-0.106837 -0.216587 -0.237301 -0.106969 -0.110072 -0.21775
-0.104651 -0.220459 -0.238108 -0.104177 -0.107339 -0.218488
-0.103981 -0.224683 -0.239308 -0.102154 -0.106718 -0.218816
-0.10423 -0.229024 -0.240361 -0.10097 -0.107596 -0.218961
-0.105565 -0.233901 -0.24087 -0.101301 -0.109906 -0.219342
-0.1083 -0.238709 -0.240853 -0.103076 -0.113203 -0.219932
-0.112085 -0.239263 -0.240394 -0.106729 -0.117127 -0.220777
-0.116853 -0.239712 -0.239486 -0.111823 -0.122104 -0.221974
-0.123805 -0.240517 -0.238155 -0.118389 -0.1281 -0.223048
-0.130922 -0.241207 -0.237418 -0.12537 -0.135357 -0.223852
-0.139548 -0.24226 -0.236392 -0.132611 -0.143805 -0.223401
-0.148359 -0.242905 -0.235625 -0.140136 -0.152588 -0.222782
-0.157218 -0.242905 -0.235447 -0.147491 -0.161345 -0.221668
-0.165657 -0.242036 -0.235424 -0.154922 -0.169796 -0.22056
-0.173515 -0.240357 -0.235371 -0.162045 -0.177877 -0.219506
-0.181995 -0.239031 -0.232365 -0.173359 -0.188032 -0.217176
-0.190752 -0.23802 -0.22987 -0.18809 -0.200081 -0.21557
-0.197224 -0.236577 -0.227829 -0.202554 -0.209665 -0.214422
-0.20242 -0.234373 -0.22486 -0.216473 -0.217437 -0.21291
-0.207593 -0.231926 -0.221807 -0.216873 -0.223658 -0.210556
-0.210134 -0.229247 -0.217568 -0.215623 -0.228222 -0.208737
-0.209785 -0.225969 -0.212764 -0.214414 -0.227135 -0.206295
-0.20972 -0.222661 -0.209598 -0.211015 -0.226485 -0.201963
-0.209825 -0.217789 -0.206783 -0.206806 -0.227891 -0.196617
-0.210461 -0.211673 -0.202352 -0.204108 -0.229212 -0.191274
-0.210676 -0.20472 -0.196164 -0.201523 -0.230335 -0.185233
-0.210938 -0.197166 -0.188532 -0.200315 -0.232076 -0.178329
-0.211195 -0.189176 -0.179809 -0.199649 -0.232366 -0.170896
-0.211564 -0.180763 -0.170359 -0.199547 -0.232735 -0.162514
-0.21161 -0.172017 -0.160817 -0.200773 -0.233232 -0.153255
-0.211457 -0.163222 -0.151261 -0.202195 -0.233646 -0.14332
-0.212047 -0.154511 -0.142366 -0.203599 -0.234079 -0.133401
-0.21306 -0.145772 -0.134464 -0.204954 -0.23456 -0.123702
-0.214417 -0.137601 -0.12787 -0.206008 -0.23568 -0.114453
-0.21569 -0.129871 -0.122206 -0.207279 -0.237175 -0.105928
-0.217108 -0.12284 -0.117364 -0.208607 -0.2389 -0.0988528
-0.218379 -0.117162 -0.113351 -0.209869 -0.240487 -0.0934654
-0.219185 -0.113162 -0.110059 -0.211774 -0.242023 -0.0897526
-0.219814 -0.11096 -0.107707 -0.213338 -0.243234 -0.0879075
-0.220455 -0.109942 -0.106841 -0.215155 -0.244143 -0.0877515
-0.220977 -0.11051 -0.107266 -0.216638 -0.244903 -0.0883604
-0.221633 -0.112077 -0.108922 -0.217809 -0.245417 -0.0899786
-0.222264 -0.114927 -0.111964 -0.219188 -0.245767 -0.0927602
-0.22272 -0.118996 -0.115902 -0.220098 -0.245891 -0.0967762
-0.223261 -0.124361 -0.120997 -0.220768 -0.246125 -0.102035
-0.223966 -0.131032 -0.127471 -0.221301 -0.246564 -0.108523
-0.224638 -0.138436 -0.135169 -0.221668 -0.24711 -0.116059
-0.224918 -0.146034 -0.142867 -0.222078 -0.247663 -0.124161
-0.225255 -0.154147 -0.150701 -0.222441 -0.247926 -0.132832
-0.225331 -0.162611 -0.158599 -0.222801 -0.247915 -0.141654
-0.22546 -0.171095 -0.166411 -0.22318 -0.247619 -0.1503
-0.225232 -0.179408 -0.174353 -0.22272 -0.246881 -0.158454
-0.223577 -0.188181 -0.187278 -0.220327 -0.245459 -0.168084
-0.222447 -0.196767 -0.203473 -0.218688 -0.243961 -0.178553
-0.221391 -0.203347 -0.218447 -0.216826 -0.242311 -0.188639
-0.219512 -0.202413 -0.231636 -0.214294 -0.240026 -0.198906
-0.216667 -0.201899 -0.242706 -0.211486 -0.235681 -0.208007
-0.213164 -0.201014 -0.244669 -0.208833 -0.229967 -0.206374
-0.208936 -0.200695 -0.244953 -0.206276 -0.225529 -0.205301
-0.204908 -0.199683 -0.244438 -0.202859 -0.220973 -0.204072
-0.200465 -0.198949 -0.243326 -0.199014 -0.216883 -0.20197
-0.195472 -0.198049 -0.24189 -0.193498 -0.211659 -0.201027
-0.189022 -0.19799 -0.240477 -0.186825 -0.205687 -0.200679
-0.181195 -0.199109 -0.240087 -0.179074 -0.198577 -0.20033
-0.172579 -0.199823 -0.239311 -0.170504 -0.190638 -0.20021
-0.163412 -0.200554 -0.239141 -0.16139 -0.182007 -0.20007
-0.153916 -0.201568 -0.23916 -0.152149 -0.172926 -0.200099
-0.144274 -0.202974 -0.239037 -0.143526 -0.163395 -0.200218
-0.134377 -0.204139 -0.239338 -0.135694 -0.153754 -0.200901
-0.124695 -0.205491 -0.239902 -0.128802 -0.144362 -0.201901
-0.115536 -0.20698 -0.240322 -0.12275 -0.135543 -0.203059
-0.107181 -0.208555 -0.240956 -0.117587 -0.127567 -0.204222
-0.100201 -0.210258 -0.24153 -0.112989 -0.120753 -0.205307
-0.0949405 -0.211758 -0.242439 -0.10916 -0.115401 -0.206562
-0.0913517 -0.213091 -0.243335 -0.106209 -0.111702 -0.207622
-0.0895902 -0.214301 -0.244017 -0.103561 -0.109758 -0.208739
-0.0890471 -0.215454 -0.245011 -0.101721 -0.109761 -0.209723
-0.0898001 -0.216509 -0.245815 -0.100967 -0.111246 -0.210509
-0.0920966 -0.217576 -0.246091 -0.102124 -0.113976 -0.211523
-0.0959975 -0.218787 -0.246481 -0.104617 -0.117829 -0.212381
-0.101006 -0.219855 -0.246761 -0.108147 -0.122787 -0.213048
-0.107132 -0.220775 -0.247057 -0.113171 -0.128833 -0.213848
-0.114097 -0.221442 -0.247487 -0.119046 -0.136136 -0.214528
-0.121829 -0.222268 -0.247546 -0.125473 -0.144448 -0.214976
-0.130019 -0.223082 -0.247563 -0.132205 -0.153093 -0.215277
-0.138335 -0.223702 -0.247333 -0.139852 -0.161492 -0.215706
-0.146748 -0.224121 -0.247258 -0.148118 -0.169741 -0.216016
-0.15479 -0.224269 -0.247048 -0.156567 -0.177799 -0.215975
-0.163093 -0.223989 -0.245827 -0.165529 -0.186161 -0.215234
-0.17388 -0.223269 -0.242105 -0.178683 -0.19665 -0.21384
-0.185227 -0.222986 -0.240166 -0.191341 -0.20803 -0.212701
-0.193884 -0.222048 -0.23826 -0.203586 -0.211632 -0.211493
-0.202216 -0.219405 -0.236737 -0.215219 -0.211891 -0.208417
-0.210175 -0.214862 -0.235775 -0.220071 -0.212455 -0.205659
-0.216424 -0.210428 -0.233765 -0.220831 -0.212705 -0.202754
-0.220832 -0.206655 -0.229937 -0.220486 -0.210272 -0.201019
-0.221708 -0.2031 -0.225199 -0.220922 -0.207305 -0.198341
-0.221065 -0.198747 -0.220329 -0.219894 -0.204304 -0.193695
-0.220983 -0.193508 -0.214903 -0.218292 -0.203294 -0.18705
-0.221046 -0.186639 -0.208702 -0.216139 -0.203526 -0.179112
-0.22182 -0.178807 -0.201673 -0.214766 -0.204696 -0.170548
-0.222939 -0.170064 -0.193443 -0.213223 -0.206291 -0.161792
-0.224322 -0.160733 -0.184214 -0.212439 -0.208044 -0.152993
-0.225467 -0.151255 -0.174264 -0.21217 -0.210255 -0.144059
-0.226086 -0.141917 -0.164112 -0.212684 -0.212253 -0.135058
-0.226548 -0.132747 -0.154016 -0.214099 -0.213791 -0.12611
-0.22706 -0.124219 -0.144426 -0.21575 -0.214891 -0.117646
-0.227495 -0.116345 -0.13592 -0.218003 -0.215533 -0.109519
-0.228136 -0.109201 -0.128868 -0.219781 -0.216083 -0.101878
-0.229042 -0.102598 -0.123219 -0.221621 -0.216686 -0.0947941
-0.230156 -0.0967714 -0.119022 -0.223086 -0.217583 -0.0888085
-0.231469 -0.0920974 -0.115882 -0.224502 -0.21877 -0.0843751
-0.232442 -0.0889449 -0.114374 -0.225677 -0.220228 -0.0820128
-0.23352 -0.087359 -0.114158 -0.226806 -0.221917 -0.0814
-0.234624 -0.0876232 -0.11478 -0.227854 -0.223458 -0.0821538
-0.235101 -0.0896664 -0.11687 -0.229051 -0.224775 -0.0841267
-0.235394 -0.093315 -0.119925 -0.230259 -0.22576 -0.087379
-0.235456 -0.0981735 -0.124316 -0.231596 -0.226266 -0.092018
-0.23506 -0.104384 -0.130043 -0.232525 -0.22656 -0.0977721
-0.234895 -0.111592 -0.136933 -0.233531 -0.226598 -0.104577
-0.234835 -0.119409 -0.145079 -0.234205 -0.226442 -0.112076
-0.234912 -0.127735 -0.153417 -0.234785 -0.226253 -0.119813
-0.235115 -0.136286 -0.161865 -0.235104 -0.22628 -0.127953
-0.235204 -0.14492 -0.170316 -0.23541 -0.226373 -0.136353
-0.235085 -0.153242 -0.178444 -0.235495 -0.226552 -0.144872
-0.234588 -0.161619 -0.187291 -0.234513 -0.226064 -0.153748
-0.233293 -0.171061 -0.200359 -0.232203 -0.224642 -0.1648
-0.232007 -0.18117 -0.214628 -0.230618 -0.223124 -0.176067
-0.230495 -0.191558 -0.226981 -0.228909 -0.221453 -0.186995
-0.228665 -0.201353 -0.233922 -0.226099 -0.219183 -0.198031
-0.226902 -0.208865 -0.235183 -0.222444 -0.217049 -0.207461
-0.225467 -0.210301 -0.233165 -0.217887 -0.215924 -0.21197
-0.220626 -0.209532 -0.230947 -0.213368 -0.211491 -0.210729
-0.215877 -0.209839 -0.226424 -0.209485 -0.206496 -0.211332
-0.208923 -0.210019 -0.222704 -0.20635 -0.199286 -0.211985
-0.203043 -0.211135 -0.2218 -0.201505 -0.194079 -0.211091
-0.196482 -0.211563 -0.219576 -0.194577 -0.188041 -0.209541
-0.189835 -0.212412 -0.218353 -0.186566 -0.18059 -0.209147
-0.181926 -0.212938 -0.218169 -0.177817 -0.172125 -0.208782
-0.173011 -0.212938 -0.218224 -0.168525 -0.162677 -0.208675
-0.163292 -0.212726 -0.219372 -0.159206 -0.152875 -0.208627
-0.153033 -0.212731 -0.220867 -0.150314 -0.143002 -0.208809
-0.142914 -0.21333 -0.221946 -0.141985 -0.132957 -0.209364
-0.133078 -0.214133 -0.223085 -0.134672 -0.123002 -0.21072
-0.123794 -0.215447 -0.224177 -0.128283 -0.113329 -0.212598
-0.115531 -0.217138 -0.224958 -0.123244 -0.104563 -0.214617
-0.108541 -0.218941 -0.225629 -0.118858 -0.0973865 -0.216802
-0.103368 -0.220979 -0.226686 -0.114811 -0.0920588 -0.21852
-0.100301 -0.222533 -0.22787 -0.111337 -0.0889598 -0.219918
-0.099125 -0.223746 -0.229325 -0.108851 -0.0876994 -0.220848
-0.0991053 -0.22452 -0.230865 -0.107334 -0.0885297 -0.221398
-0.100358 -0.224882 -0.232419 -0.107363 -0.0906855 -0.221933
-0.102801 -0.22514 -0.233663 -0.108756 -0.0943739 -0.222693
-0.106464 -0.225645 -0.234371 -0.111866 -0.0990372 -0.223502
-0.111196 -0.22604 -0.235209 -0.116519 -0.104639 -0.224236
-0.117166 -0.226487 -0.23605 -0.12241 -0.110832 -0.224835
-0.124269 -0.226983 -0.236428 -0.12915 -0.118013 -0.225426
-0.132149 -0.227572 -0.236664 -0.136406 -0.125829 -0.225954
-0.140571 -0.228029 -0.236696 -0.144348 -0.133866 -0.226364
-0.149155 -0.228276 -0.23693 -0.152796 -0.142138 -0.226378
-0.157596 -0.228269 -0.236995 -0.161019 -0.150185 -0.226319
-0.165804 -0.228087 -0.237083 -0.168715 -0.158066 -0.226061
-0.174197 -0.227514 -0.235518 -0.17815 -0.167063 -0.224754
-0.184605 -0.226811 -0.232546 -0.19062 -0.179832 -0.22319
-0.194084 -0.226223 -0.230946 -0.201899 -0.192816 -0.221833
-0.200613 -0.224632 -0.228618 -0.213185 -0.203532 -0.220593
-0.206575 -0.222666 -0.225886 -0.223846 -0.213924 -0.218028
-0.21266 -0.219353 -0.222583 -0.227661 -0.223148 -0.214669
-0.218553 -0.215834 -0.218753 -0.227309 -0.223294 -0.211205
-0.224258 -0.211422 -0.21393 -0.224114 -0.221402 -0.207413
-0.22698 -0.206158 -0.209306 -0.221976 -0.220194 -0.203551
-0.226594 -0.200231 -0.205988 -0.217956 -0.219443 -0.198714
-0.226436 -0.194522 -0.201111 -0.215437 -0.219372 -0.192414
-0.225765 -0.18793 -0.194936 -0.212878 -0.22026 -0.185365
-0.225428 -0.18061 -0.187307 -0.211701 -0.220772 -0.177907
-0.225547 -0.172319 -0.178398 -0.210399 -0.221021 -0.169948
-0.225617 -0.163406 -0.168592 -0.210049 -0.221408 -0.161344
-0.225714 -0.154387 -0.158896 -0.210369 -0.221962 -0.152391
-0.226282 -0.14528 -0.149732 -0.211149 -0.222798 -0.143071
-0.226818 -0.136289 -0.14142 -0.212188 -0.223496 -0.134125
-0.227576 -0.127565 -0.133803 -0.213334 -0.224459 -0.125268
-0.228419 -0.119634 -0.127087 -0.214646 -0.225353 -0.117197
-0.229201 -0.112558 -0.121647 -0.215963 -0.226106 -0.110125
-0.230353 -0.105227 -0.115987 -0.217694 -0.227098 -0.102797
-0.231255 -0.100215 -0.112054 -0.219315 -0.227867 -0.0978854
-0.231839 -0.096504 -0.108922 -0.220901 -0.228454 -0.0942458
-0.23252 -0.0941916 -0.107059 -0.22236 -0.229162 -0.0925082
-0.233199 -0.0935759 -0.106589 -0.223765 -0.229743 -0.0924295
-0.23373 -0.094771 -0.107445 -0.225063 -0.230223 -0.0932944
-0.234283 -0.0973941 -0.109785 -0.226048 -0.230779 -0.0955041
-0.234776 -0.101312 -0.113474 -0.226975 -0.231104 -0.0992104
-0.235166 -0.106228 -0.118367 -0.227683 -0.231682 -0.104012
-0.235507 -0.112358 -0.124388 -0.228289 -0.232114 -0.110039
-0.235702 -0.119325 -0.131695 -0.229004 -0.232388 -0.117215
-0.235824 -0.127115 -0.139611 -0.229524 -0.232521 -0.125005
-0.235846 -0.135505 -0.147703 -0.230013 -0.232506 -0.13332
-0.235712 -0.144237 -0.155935 -0.230369 -0.232284 -0.141844
-0.235561 -0.152812 -0.164028 -0.230716 -0.231864 -0.150326
-0.235536 -0.160965 -0.171705 -0.230759 -0.231487 -0.158504
-0.234644 -0.169698 -0.1824 -0.228689 -0.230178 -0.167517
-0.233359 -0.179488 -0.197886 -0.226427 -0.228637 -0.17758
-0.232243 -0.189135 -0.213105 -0.224764 -0.226983 -0.187254
-0.230957 -0.198753 -0.226499 -0.222671 -0.224897 -0.196971
-0.22968 -0.205494 -0.231413 -0.220237 -0.222919 -0.204923
-0.22751 -0.211271 -0.232197 -0.215478 -0.220501 -0.210447
-0.223699 -0.208965 -0.228956 -0.2117 -0.217456 -0.208345
-0.219127 -0.209223 -0.226539 -0.20781 -0.213677 -0.208533
-0.213482 -0.209478 -0.222875 -0.204494 -0.207296 -0.208802
-0.207862 -0.210258 -0.22102 -0.200195 -0.201968 -0.208508
-0.20176 -0.210766 -0.219273 -0.193978 -0.196431 -0.207152
-0.195322 -0.21168 -0.217999 -0.186376 -0.189711 -0.206656
-0.187899 -0.212246 -0.217912 -0.178227 -0.182046 -0.206244
-0.179289 -0.212381 -0.218022 -0.169323 -0.173543 -0.205762
-0.169411 -0.212471 -0.218717 -0.160213 -0.164563 -0.20547
-0.158899 -0.212629 -0.219999 -0.151378 -0.155255 -0.205449
-0.148326 -0.213036 -0.221133 -0.142938 -0.145405 -0.205836
-0.140056 -0.213759 -0.221979 -0.136738 -0.137406 -0.206537
-0.130435 -0.215114 -0.222877 -0.129845 -0.127724 -0.207985
-0.120277 -0.217341 -0.224063 -0.123234 -0.116709 -0.210106
-0.113046 -0.218995 -0.224675 -0.11878 -0.108678 -0.212124
-0.107021 -0.220581 -0.225514 -0.11504 -0.102183 -0.214223
-0.102612 -0.222222 -0.226392 -0.111604 -0.0978012 -0.216034
-0.100305 -0.223656 -0.227323 -0.108509 -0.0951078 -0.217385
-0.0997855 -0.224783 -0.228529 -0.106571 -0.0941667 -0.21811
-0.100094 -0.225898 -0.22986 -0.105344 -0.0946746 -0.218807
-0.102177 -0.226762 -0.231043 -0.105678 -0.0971053 -0.219619
-0.104746 -0.226985 -0.231582 -0.106851 -0.100036 -0.220354
-0.109655 -0.227509 -0.23251 -0.110462 -0.106064 -0.221373
-0.113787 -0.228217 -0.233218 -0.11416 -0.110922 0.222267
-0.120109 -0.228587 -0.233995 -0.120056 -0.117736 -0.22288
-0.127466 -0.22918 -0.234248 -0.126795 -0.125458 -0.223614
-0.135319 -0.229904 -0.234337 -0.133841 -0.133589 -0.224196
-0.143447 -0.230465 -0.234647 -0.14151 -0.141776 -0.224703
-0.151748 -0.230953 -0.234764 -0.149993 -0.149738 -0.225
-0.160032 -0.231116 -0.234782 -0.158097 -0.157733 -0.225292
-0.167797 -0.231063 -0.234764 -0.165743 -0.165279 -0.225199
-0.176449 -0.230475 -0.232451 -0.17572 -0.174992 -0.223764
-0.186583 -0.230002 -0.229761 -0.18815 -0.188298 -0.222246
-0.194768 -0.229539 -0.228156 -0.199062 -0.200917 -0.22117
-0.200497 -0.228765 -0.22548 -0.210249 -0.211418 -0.219702
-0.20567 -0.2265 -0.222701 -0.22036 -0.221563 -0.216962
-0.211407 -0.222977 -0.220014 -0.2267 -0.226766 -0.213357
-0.216792 -0.218457 -0.216369 -0.226378 -0.226343 -0.209088
-0.221278 -0.213053 -0.212679 -0.223584 -0.225534 -0.205438
-0.220356 -0.20741 -0.208527 -0.221449 -0.224599 -0.201698
-0.219398 -0.201984 -0.204 -0.219352 -0.223267 -0.19701
-0.218547 -0.196124 -0.198397 -0.216607 -0.222479 -0.190651
-0.217748 -0.189618 -0.191783 -0.215075 -0.222614 -0.183345
-0.226057 -0.209382 -0.235663 -0.217224 -0.223124 -0.212918
-0.223919 -0.213841 -0.234015 -0.213092 -0.221201 -0.212239
-0.219953 -0.213036 -0.232276 -0.208318 -0.217411 -0.213827
-0.214512 -0.213003 -0.229353 -0.203322 -0.212843 -0.220178
-0.209657 -0.212363 -0.2258 -0.198776 -0.20575 -0.225266
-0.203187 -0.21157 -0.22376 -0.193941 -0.198809 -0.225755
-0.195804 -0.212621 -0.221027 -0.187548 -0.192104 -0.223709
-0.187003 -0.213397 -0.219111 -0.179968 -0.185407 -0.22169
-0.177945 -0.214728 -0.217879 -0.171664 -0.177431 -0.219953
-0.168384 -0.215234 -0.217052 -0.162975 -0.168699 -0.217957
-0.158573 -0.215914 -0.215965 -0.154242 -0.159391 -0.216967
-0.14844 -0.21763 -0.214975 -0.145887 -0.149824 -0.216328
-0.138512 -0.219795 -0.213975 -0.138332 -0.140092 -0.216551
-0.129194 -0.222374 -0.21351 -0.131699 -0.130539 -0.217029
-0.120745 -0.224716 -0.21348 -0.125944 -0.122102 -0.217585
-0.113574 -0.226734 -0.21341 -0.120942 -0.114967 -0.218131
-0.10804 -0.22896 -0.213956 -0.116726 -0.10936 -0.218577
-0.103991 -0.231523 -0.214723 -0.11312 -0.105003 -0.21924
-0.101737 -0.23398 -0.215753 -0.110057 -0.10217 -0.219823
-0.100703 -0.235867 -0.216484 -0.107754 -0.10081 -0.220579
-0.100627 -0.237351 -0.216951 -0.106533 -0.100432 -0.221779
-0.101467 -0.238154 -0.217249 -0.106708 -0.101379 -0.223015
-0.103562 -0.238967 -0.217376 -0.10862 -0.103879 -0.224535
-0.107445 -0.239817 -0.217282 -0.111746 -0.107632 -0.225807
-0.112753 -0.240754 -0.21699 -0.115665 -0.112417 -0.226916
-0.119417 -0.241822 -0.216615 -0.120931 -0.118524 -0.227909
-0.127086 -0.242447 -0.2165 -0.127255 -0.125673 -0.228705
-0.135103 -0.242805 -0.216531 -0.13403 -0.13319 -0.229354
-0.143187 -0.242812 -0.216411 -0.141467 -0.141653 -0.229774
-0.151172 -0.242832 -0.216391 -0.149204 -0.1504 -0.230183
-0.158868 -0.242968 -0.216403 -0.157065 -0.158758 -0.230522
-0.166408 -0.242859 -0.216349 -0.164719 -0.16664 -0.230883
-0.174307 -0.241901 -0.214723 -0.174985 -0.174917 -0.230267
-0.184344 -0.240515 -0.211249 -0.190355 -0.185398 -0.22895
-0.193641 -0.239437 -0.209375 -0.204442 -0.195572 -0.228064
-0.200481 -0.238257 -0.206808 -0.218338 -0.202403 -0.226749
-0.207262 -0.236382 -0.203728 -0.223186 -0.203874 -0.224716
-0.20896 -0.233109 -0.201979 -0.222176 -0.203497 -0.222486
-0.209437 -0.229048 -0.199659 -0.22052 -0.203546 -0.219664
-0.20941 -0.225353 -0.197355 -0.219099 -0.204006 -0.216177
-0.209012 -0.221304 -0.194502 -0.216954 -0.204697 -0.211921
-0.20922 -0.21618 -0.189958 -0.216046 -0.205388 -0.206606
-0.20926 -0.209867 -0.183389 -0.215016 -0.205972 -0.200277
-0.209703 -0.202598 -0.17571 -0.214771 -0.207335 -0.19279
-0.210715 -0.194581 -0.167678 -0.214754 -0.208567 -0.18467
-0.211823 -0.185837 -0.15908 -0.214768 -0.210009 -0.175874
-0.213097 -0.176939 -0.150582 -0.215067 -0.211722 -0.166591
-0.21468 -0.167596 -0.14219 -0.215641 -0.213677 -0.15696
-0.216591 -0.158362 -0.134335 -0.21637 -0.215775 -0.147443
-0.218416 -0.14954 -0.127308 -0.217105 -0.21779 -0.138192
-0.220272 -0.141063 -0.120932 -0.218058 -0.219819 -0.129371
-0.22203 -0.133157 -0.115321 -0.219436 -0.221783 -0.121222
-0.223431 -0.126007 -0.110731 -0.220747 -0.223362 -0.114113
-0.225125 -0.119702 -0.10686 -0.221882 -0.224891 -0.107991
-0.226697 -0.114857 -0.103857 -0.223343 -0.226112 -0.10311
-0.22801 -0.111795 -0.101665 -0.224574 -0.227192 -0.0993329
-0.229368 -0.109974 -0.0998579 -0.225923 -0.228166 -0.0974028
-0.23036 -0.109725 -0.0988508 -0.226969 -0.228747 -0.0971434
-0.231296 -0.110824 -0.0988845 -0.227867 -0.229521 -0.0979162
-0.23224 -0.113125 -0.0998424 -0.228496 -0.230372 -0.100206
-0.23332 -0.116495 -0.102571 -0.228853 -0.231178 -0.103787
-0.234326 -0.121296 -0.106748 -0.229158 -0.232041 -0.108672
-0.235167 -0.127383 -0.111711 -0.229273 -0.232723 -0.114801
-0.235711 -0.134823 -0.117807 -0.229427 -0.23325 -0.121889
-0.235947 -0.142966 -0.12487 -0.22963 -0.23342 -0.12979
-0.235879 -0.151404 -0.132309 -0.229917 -0.233505 -0.138351
-0.235955 -0.159925 -0.139757 -0.230143 -0.233413 -0.146991
-0.236095 -0.168315 -0.147321 -0.230421 -0.233082 -0.155434
-0.236258 -0.17643 -0.154686 -0.230013 -0.232595 -0.163448
-0.235437 -0.184658 -0.165743 -0.227935 -0.231054 -0.172518
-0.234334 -0.192931 -0.18214 -0.225913 -0.229379 -0.18262
-0.233387 -0.200252 -0.198895 -0.224341 -0.227759 -0.192351
-0.232485 -0.207275 -0.214113 -0.221777 -0.225817 -0.202279
-0.230857 -0.212596 -0.222392 -0.218321 -0.223202 -0.21221
-0.228861 -0.216135 -0.224796 -0.214201 -0.220875 -0.215239
-0.225935 -0.220074 -0.224744 -0.209849 -0.217455 -0.213
-0.221145 -0.219771 -0.224566 -0.205499 -0.214833 -0.211685
-0.214191 -0.219724 -0.222803 -0.201358 -0.209422 -0.211141
-0.207438 -0.220292 -0.219721 -0.197285 -0.203133 -0.210571
-0.200764 -0.219438 -0.217516 -0.192295 -0.196313 -0.209092
-0.194108 -0.218862 -0.216591 -0.185383 -0.188521 -0.207482
-0.186904 -0.218358 -0.214197 -0.177275 -0.180235 -0.205929
-0.178864 -0.218149 -0.212089 -0.16866 -0.171348 -0.204626
-0.169467 -0.217859 -0.21156 -0.159795 -0.162596 -0.20383
-0.159248 -0.217271 -0.211755 -0.150917 -0.153531 -0.203134
-0.148981 -0.216739 -0.212671 -0.142473 -0.144754 -0.202755
-0.139136 -0.216699 -0.214011 -0.134873 -0.135966 -0.202874
-0.130155 -0.216731 -0.214754 -0.128422 -0.127456 -0.203397
-0.122082 -0.21713 -0.215605 -0.122917 -0.119308 -0.20466
-0.115009 -0.217804 -0.216819 -0.118146 -0.111572 -0.206321
-0.109064 -0.218622 -0.218144 -0.114417 -0.104919 -0.20827
-0.10434 -0.219845 -0.219438 -0.111102 -0.100137 -0.209973
-0.101883 -0.221306 -0.220744 -0.108473 -0.0971748 -0.211467
-0.10113 -0.222339 -0.22194 -0.106482 -0.0962499 -0.212869
-0.101539 -0.223561 -0.223328 -0.105366 -0.0970572 -0.214115
-0.103114 -0.224681 -0.224736 -0.105602 -0.0992139 -0.215356
-0.105918 -0.225357 -0.225969 -0.107243 -0.102828 -0.216601
-0.110065 -0.226417 -0.226817 -0.110226 -0.107479 -0.217887
-0.115098 -0.227672 -0.22728 -0.114508 -0.113144 -0.219257
-0.121312 -0.228826 -0.227579 -0.119971 -0.119581 -0.22075
-0.128508 -0.229811 -0.227932 -0.126499 -0.126768 -0.222018
-0.136447 -0.230694 -0.228268 -0.133552 -0.134679 -0.223155
-0.144834 -0.231438 -0.22843 -0.1412 -0.143282 -0.223948
-0.155 -0.232314 -0.228671 -0.151095 -0.153385 -0.224714
-0.163154 -0.232644 -0.228828 -0.159578 -0.161545 -0.224949
-0.171235 -0.23245 -0.228704 -0.168135 -0.169481 -0.224725
-0.181216 -0.231539 -0.225445 -0.181137 -0.179976 -0.223274
-0.192552 -0.230745 -0.22391 -0.19452 -0.184837 -0.222108
-0.19441 -0.22848 -0.224346 -0.206449 -0.186165 -0.220873
-0.198469 -0.224834 -0.224898 -0.220013 -0.189113 -0.219334
-0.201699 -0.221463 -0.224701 -0.223282 -0.191288 -0.217244
-0.203262 -0.217362 -0.222578 -0.224058 -0.192082 -0.215303
-0.204177 -0.214629 -0.217786 -0.225208 -0.19117 -0.213456
-0.208134 -0.211463 -0.212177 -0.226086 -0.189282 -0.210318
-0.211656 -0.207932 -0.206774 -0.226952 -0.186997 -0.205541
-0.210977 -0.202612 -0.20134 -0.227044 -0.185267 -0.199109
-0.211368 -0.196592 -0.194928 -0.226461 -0.184701 -0.191203
-0.212495 -0.189104 -0.187241 -0.225698 -0.185949 -0.182269
-0.214214 -0.180589 -0.179187 -0.225093 -0.187756 -0.172867
-0.216304 -0.170773 -0.170225 -0.223678 -0.189926 -0.163674
-0.218983 -0.160738 -0.161091 -0.222845 -0.193405 -0.154497
-0.220746 -0.152755 -0.153673 -0.222529 -0.196454 -0.147225
-0.221984 -0.141162 -0.142827 -0.222731 -0.200974 -0.136559
-0.222566 -0.132623 -0.134457 -0.22406 -0.203849 -0.128247
-0.223062 -0.124987 -0.127067 -0.22592 -0.205497 -0.12039
-0.223391 -0.118347 -0.120629 -0.228096 -0.206402 -0.113089
-0.22373 -0.112527 -0.115575 -0.230335 -0.206934 -0.106442
-0.22446 -0.107163 -0.111771 -0.232023 -0.207557 -0.100381
-0.225953 -0.10266 -0.108925 -0.233364 -0.208348 -0.095322
-0.227937 -0.0992302 -0.106625 -0.234155 -0.209686 -0.0916644
-0.229927 -0.0970096 -0.105372 -0.234398 -0.211816 -0.0901985
-0.231991 -0.0964059 -0.105583 -0.234578 -0.214549 -0.0902389
-0.233619 -0.0974935 -0.106802 -0.234652 -0.217471 -0.0918542
-0.235213 -0.10049 -0.109331 -0.234726 -0.219933 -0.0949254
-0.235935 -0.10531 -0.113018 -0.235094 -0.221696 -0.0995438
-0.236007 -0.112004 -0.117676 -0.235718 -0.222773 -0.105598
-0.235486 -0.119675 -0.123322 -0.236637 -0.223016 -0.112475
-0.234929 -0.128019 -0.130021 -0.237756 -0.222535 -0.120142
-0.23448 -0.136537 -0.137399 -0.238391 -0.221641 -0.127894
-0.234396 -0.144815 -0.145346 -0.238887 -0.220996 -0.135739
-0.234396 -0.153123 -0.153545 -0.238892 -0.220478 -0.143583
-0.234724 -0.161108 -0.161389 -0.238595 -0.220304 -0.151495
-0.234472 -0.168977 -0.169541 -0.237671 -0.220071 -0.159583
-0.233158 -0.177908 -0.182546 -0.234979 -0.218565 -0.169239
-0.231828 -0.187763 -0.198451 -0.233264 -0.217305 -0.179394
-0.230356 -0.197829 -0.212537 -0.231336 -0.215742 -0.188943
-0.228886 -0.208176 -0.215921 -0.22831 -0.214044 -0.198366
-0.227431 -0.216564 -0.216568 -0.224443 -0.213186 -0.206236
-0.225644 -0.214748 -0.214715 -0.21926 -0.211639 -0.213917
-0.222171 -0.213757 -0.213138 -0.214598 -0.208265 -0.22392
-0.218436 -0.212615 -0.209286 -0.210578 -0.202136 -0.227762
-0.212313 -0.212725 -0.206397 -0.207024 -0.19386 -0.227447
-0.206324 -0.212367 -0.204682 -0.203644 -0.189181 -0.225902
-0.198843 -0.211728 -0.201801 -0.197998 -0.182524 -0.223931
-0.190996 -0.211566 -0.200536 -0.190913 -0.175835 -0.222358
-0.182524 -0.211605 -0.199379 -0.183072 -0.167615 -0.221744
-0.17387 -0.211537 -0.19844 -0.174708 -0.158455 -0.221897
-0.164178 -0.211987 -0.198848 -0.165757 -0.14895 -0.221796
-0.154584 -0.212759 -0.199337 -0.156755 -0.1392 -0.221964
-0.144964 -0.213666 -0.20058 -0.147891 -0.129442 -0.222203
-0.135492 -0.214526 -0.201971 -0.139881 -0.119972 -0.222722
-0.126837 -0.215656 -0.203595 -0.132738 -0.110974 -0.22357
-0.118939 -0.216628 -0.205676 -0.126827 -0.102621 -0.224672
-0.112261 -0.21771 -0.20724 -0.121603 -0.0950073 -0.226103
-0.10672 -0.21915 -0.208964 -0.117256 -0.0889346 -0.227588
-0.102925 -0.220612 -0.210823 -0.113599 -0.084657 -0.229016
-0.100793 -0.221848 -0.212407 -0.111041 -0.082281 -0.230358
-0.100222 -0.223394 -0.214545 -0.109223 -0.0817795 -0.231774
-0.100737 -0.224394 -0.215942 -0.109157 -0.0830865 -0.232758
-0.103049 -0.22516 -0.217226 -0.110813 -0.0859067 -0.233891
-0.106686 -0.225871 -0.218271 -0.113695 -0.0902523 -0.234981
-0.111405 -0.226604 -0.219246 -0.117688 -0.0959741 -0.235791
-0.117368 -0.227262 -0.219933 -0.123144 -0.102355 -0.236513
-0.124506 -0.227768 -0.220785 -0.129772 -0.109353 -0.237289
-0.132423 -0.228225 -0.221456 -0.137164 -0.117394 -0.237984
-0.140744 -0.228584 -0.221662 -0.145187 -0.126058 -0.238538
-0.149075 -0.228947 -0.221855 -0.153781 -0.13458 -0.238975
-0.157384 -0.229177 -0.222078 -0.162611 -0.142907 -0.239058
-0.165393 -0.229011 -0.222477 -0.170823 -0.150786 -0.238753
-0.17352 -0.228255 -0.221728 -0.17987 -0.158886 -0.237893
-0.183265 -0.227351 -0.218133 -0.193841 -0.170203 -0.236066
-0.19258 -0.226842 -0.216005 -0.207287 -0.182672 -0.234849
-0.198687 -0.225726 -0.213895 -0.220483 -0.192928 -0.233745
-0.198563 -0.223529 -0.21137 -0.23096 -0.202712 -0.231465
-0.198181 -0.220554 -0.210145 -0.2307 -0.203661 -0.228809
-0.197923 -0.216807 -0.208177 -0.228012 -0.204768 -0.224066
-0.197486 -0.212845 -0.205315 -0.22679 -0.206074 -0.220959
-0.196284 -0.208899 -0.202221 -0.225285 -0.207054 -0.217688
-0.195914 -0.204234 -0.197831 -0.22429 -0.207593 -0.213509
-0.195877 -0.19859 -0.191903 -0.223496 -0.207634 -0.208039
-0.195658 -0.192143 -0.184678 -0.223195 -0.207984 -0.201265
-0.195999 -0.184685 -0.176522 -0.223486 -0.208878 -0.193377
-0.196736 -0.176413 -0.167858 -0.223881 -0.209686 -0.184919
-0.198113 -0.167242 -0.158715 -0.224036 -0.210623 -0.175869
-0.200025 -0.15799 -0.149955 -0.224251 -0.212084 -0.16663
-0.202181 -0.148285 -0.141781 -0.224503 -0.214146 -0.157212
-0.204555 -0.138552 -0.134033 -0.225047 -0.216646 -0.148096
-0.206918 -0.129194 -0.126896 -0.225632 -0.219042 -0.139555
-0.209254 -0.12056 -0.120768 -0.226458 -0.221423 -0.131667
-0.211121 -0.113235 -0.115402 -0.227573 -0.223373 -0.124493
-0.212848 -0.107018 -0.110804 -0.228879 -0.224934 -0.118131
-0.214549 -0.102236 -0.10683 -0.230461 -0.226042 -0.112694
-0.215908 -0.0988448 -0.104062 -0.232077 -0.226554 -0.108537
-0.217247 -0.0968088 -0.10186 -0.233668 -0.226938 -0.105907
-0.218601 -0.0960813 -0.101178 -0.235062 -0.227132 -0.104998
-0.220184 -0.0967992 -0.101279 -0.235956 -0.227335 -0.105278
-0.222031 -0.0985823 -0.102792 -0.236592 -0.227776 -0.106769
-0.223958 -0.101784 -0.106081 -0.236925 -0.228514 -0.10954
-0.225377 -0.106485 -0.110174 -0.237147 -0.229275 -0.113845
-0.226439 -0.112343 -0.115085 -0.237408 -0.229797 -0.119667
-0.227201 -0.119147 -0.120904 -0.237863 -0.23011 -0.126833
-0.227529 -0.126976 -0.127648 -0.238429 -0.229858 -0.13494
-0.227666 -0.135549 -0.134958 -0.238951 -0.229307 -0.143502
-0.227538 -0.144277 -0.142671 -0.239468 -0.228516 -0.152146
-0.227409 -0.153095 -0.150484 -0.239815 -0.227484 -0.160897
-0.227626 -0.161371 -0.158188 -0.239773 -0.226482 -0.169141
-0.227399 -0.169672 -0.167134 -0.238279 -0.225285 -0.177262
-0.226254 -0.17919 -0.181348 -0.235528 -0.223517 -0.18623
-0.225639 -0.188689 -0.198121 -0.233539 -0.22187 -0.195368
-0.225048 -0.197804 -0.2133 -0.231406 -0.21983 -0.203605
-0.223732 -0.206286 -0.226769 -0.228395 -0.217358 -0.212412
-0.221533 -0.213234 -0.228988 -0.224198 -0.214272 -0.220655
-0.219378 -0.218185 -0.228089 -0.219469 -0.212615 -0.220215
-0.215995 -0.219081 -0.225985 -0.214818 -0.209181 -0.217698
-0.209419 -0.218586 -0.223041 -0.210449 -0.205424 -0.217049
-0.20431 -0.219427 -0.218428 -0.206582 -0.198958 -0.217018
-0.197824 -0.219999 -0.21619 -0.20243 -0.192464 -0.2163
-0.191474 -0.220483 -0.214709 -0.196735 -0.186252 -0.214877
-0.184168 -0.221292 -0.213434 -0.189046 -0.179213 -0.213392
-0.176316 -0.221761 -0.213274 -0.180546 -0.17116 -0.212193
-0.167296 -0.22176 -0.213698 -0.171462 -0.162423 -0.210911
-0.157575 -0.221468 -0.214956 -0.162185 -0.153167 -0.210221
-0.147241 -0.221085 -0.216318 -0.15337 -0.143632 -0.209633
-0.136843 -0.221109 -0.217696 -0.145154 -0.133915 -0.209919
-0.126728 -0.221493 -0.218862 -0.13801 -0.124227 -0.210707
-0.117275 -0.222482 -0.219868 -0.131536 -0.115173 -0.212029
-0.109136 -0.223673 -0.220891 -0.12625 -0.106521 -0.213448
-0.102819 -0.225034 -0.222001 -0.121796 -0.0994467 -0.214962
-0.0979393 -0.226495 -0.22309 -0.117801 -0.0940325 -0.216426
-0.0948782 -0.228029 -0.224529 -0.114338 -0.0907793 -0.217679
-0.0936787 -0.228957 -0.225988 -0.111998 -0.0893784 -0.218632
-0.0937229 -0.229477 -0.227382 -0.110722 -0.0898161 -0.219175
-0.0951706 -0.230221 -0.228676 -0.111064 -0.0918465 -0.219875
-0.0979439 -0.230212 -0.229992 -0.11297 -0.0951727 -0.220551
-0.101879 -0.230396 -0.231122 -0.115896 -0.0999404 -0.221202
-0.106998 -0.230611 -0.231859 -0.120382 -0.105425 -0.221784
-0.113045 -0.230809 -0.232702 -0.126132 -0.111734 -0.222604
-0.119963 -0.231022 -0.233146 -0.133009 -0.118819 -0.223367
-0.127645 -0.231425 -0.233362 -0.140349 -0.126741 -0.223966
-0.135842 -0.231789 -0.233614 -0.14859 -0.135035 -0.224388
-0.144269 -0.23207 -0.233597 -0.157385 -0.143282 -0.224682
-0.152793 -0.232271 -0.233788 -0.166041 -0.151537 -0.224857
-0.16088 -0.231953 -0.234 -0.174286 -0.159446 -0.224795
-0.169129 -0.23123 -0.232502 -0.184252 -0.168434 -0.223471
-0.178923 -0.230573 -0.229412 -0.197993 -0.180953 -0.221472
-0.188123 -0.229929 -0.227493 -0.210599 -0.193469 -0.220333
-0.194779 -0.228578 -0.22518 -0.222898 -0.203956 -0.219126
-0.200724 -0.226366 -0.222807 -0.224864 -0.205305 -0.216605
-0.207172 -0.223228 -0.221037 -0.22305 -0.206052 -0.21389
-0.210122 -0.219221 -0.217773 -0.222605 -0.205392 -0.211525
-0.209581 -0.214679 -0.214681 -0.220739 -0.205144 -0.208923
-0.209138 -0.210741 -0.211382 -0.219625 -0.205372 -0.204919
-0.208494 -0.206155 -0.206701 -0.218392 -0.205865 -0.199739
-0.208374 -0.200262 -0.200805 -0.21768 -0.206153 -0.19378
-0.209106 -0.193261 -0.193612 -0.216786 -0.206873 -0.18678
-0.209576 -0.185319 -0.185618 -0.216737 -0.20828 -0.178704
-0.210183 -0.176733 -0.176702 -0.216719 -0.209635 -0.169917
-0.211519 -0.16773 -0.167421 -0.2169 -0.211383 -0.160741
-0.212864 -0.158504 -0.15797 -0.217194 -0.213007 -0.151361
-0.214158 -0.149218 -0.148464 -0.21814 -0.214766 -0.141772
-0.215432 -0.140269 -0.139412 -0.219184 -0.216572 -0.132515
-0.21689 -0.131644 -0.13127 -0.220404 -0.217961 -0.123656
-0.218172 -0.123591 -0.124381 -0.221694 -0.21909 -0.115684
-0.219589 -0.11644 -0.118598 -0.223098 -0.220238 -0.108254
-0.220961 -0.110192 -0.113697 -0.224571 -0.221316 -0.101535
-0.222389 -0.105139 -0.10995 -0.225804 -0.222289 -0.0962788
-0.223948 -0.101435 -0.107062 -0.22718 -0.22306 -0.0925837
-0.225174 -0.099106 -0.105397 -0.228387 -0.223883 -0.0905739
-0.226444 -0.0984299 -0.105075 -0.229294 -0.224693 -0.0900316
-0.227758 -0.0993167 -0.105967 -0.229994 -0.225596 -0.0905235
-0.229021 -0.101512 -0.108233 -0.230625 -0.226447 -0.0926144
-0.229884 -0.105387 -0.111792 -0.231053 -0.227169 -0.0962099
-0.23057 -0.110437 -0.116528 -0.2317 -0.227631 -0.101293
-0.230925 -0.116505 -0.122294 -0.232187 -0.227939 -0.107714
-0.231297 -0.123582 -0.129143 -0.23268 -0.228129 -0.115251
-0.231694 -0.131652 -0.136976 -0.233159 -0.227945 -0.123292
-0.231936 -0.140428 -0.145165 -0.233453 -0.227719 -0.131746
-0.232072 -0.149086 -0.153529 -0.233598 -0.227572 -0.140411
-0.232291 -0.15755 -0.161737 -0.233616 -0.227425 -0.149113
-0.232414 -0.165697 -0.169635 -0.233501 -0.227167 -0.157426
-0.232028 -0.173748 -0.179047 -0.231589 -0.226017 -0.166547
-0.231179 -0.182865 -0.193003 -0.228842 -0.224123 -0.177846
-0.23035 -0.192061 -0.207234 -0.226923 -0.222416 -0.189455
-0.229169 -0.200827 -0.21957 -0.224762 -0.220396 -0.200856
-0.227156 -0.208282 -0.227531 -0.221624 -0.217544 -0.212081
-0.224762 -0.213791 -0.228619 -0.217679 -0.214507 -0.216408
-0.221799 -0.216528 -0.22636 -0.213787 -0.210982 -0.213274
-0.217188 -0.215136 -0.224281 -0.209613 -0.208445 -0.212751
-0.212375 -0.21563 -0.221145 -0.20584 -0.202965 -0.212873
-0.20631 -0.215351 -0.217944 -0.202361 -0.197261 -0.213218
-0.200425 -0.215997 -0.216335 -0.197467 -0.19202 -0.212586
-0.193461 -0.21721 -0.214686 -0.19049 -0.185849 -0.211764
-0.186218 -0.218547 -0.214099 -0.18256 -0.178141 -0.211281
-0.177802 -0.219163 -0.214168 -0.17396 -0.169849 -0.21057
-0.168659 -0.219301 -0.215035 -0.164658 -0.160873 -0.210031
-0.158804 -0.219393 -0.216347 -0.155438 -0.15169 -0.209556
-0.148682 -0.219393 -0.217831 -0.146848 -0.14243 -0.209507
-0.138714 -0.219705 -0.219247 -0.139234 -0.133131 -0.210001
-0.129027 -0.220201 -0.220625 -0.132641 -0.12414 -0.211105
-0.120034 -0.221286 -0.221592 -0.127061 -0.11557 -0.212611
-0.112655 -0.222798 -0.222026 -0.122219 -0.107613 -0.214461
-0.106728 -0.224374 -0.222804 -0.118429 -0.100957 -0.21626
-0.10238 -0.226057 -0.223882 -0.115098 -0.0960328 -0.217701
-0.100231 -0.2276 -0.225235 -0.112407 -0.0930068 -0.218565
-0.099528 -0.228494 -0.22667 -0.110488 -0.0919116 -0.219197
-0.0999434 -0.229025 -0.227893 -0.109424 -0.0928502 -0.219638
-0.101756 -0.229276 -0.228999 -0.109987 -0.094977 -0.220211
-0.104784 -0.229335 -0.229902 -0.111702 -0.0985235 -0.221007
-0.108673 -0.229819 -0.23031 -0.11515 -0.103298 -0.221852
-0.113785 -0.230423 -0.230632 -0.12016 -0.10881 -0.222621
-0.120089 -0.230933 -0.231018 -0.126297 -0.115079 -0.223494
-0.127623 -0.231498 -0.231031 -0.13335 -0.122385 -0.22424
-0.135479 -0.232028 -0.231034 -0.140889 -0.130314 -0.224748
-0.143648 -0.23258 -0.231205 -0.148758 -0.138793 -0.225045
-0.152006 -0.232958 -0.231235 -0.156751 -0.147113 -0.225003
-0.160202 -0.233248 -0.231334 -0.164866 -0.155286 -0.224931
-0.168029 -0.232803 -0.231763 -0.172464 -0.163027 -0.22475
-0.176309 -0.231945 -0.229594 -0.183062 -0.17257 -0.223075
-0.185881 -0.231031 -0.226272 -0.196864 -0.185465 -0.221353
-0.193416 -0.230664 -0.224322 -0.201578 -0.197199 -0.220385
-0.198499 -0.230392 -0.221688 -0.202032 -0.20064 -0.220024
-0.20499 -0.22847 -0.21879 -0.201838 -0.201594 -0.218123
-0.210658 -0.225616 -0.21659 -0.201035 -0.200942 -0.21695
-0.211634 -0.22151 -0.214456 -0.198668 -0.201085 -0.214678
-0.212301 -0.218247 -0.211919 -0.19793 -0.202044 -0.210899
-0.2118 -0.214097 -0.208299 -0.196815 -0.20387 -0.206163
-0.211723 -0.20909 -0.203302 -0.196477 -0.205481 -0.200702
-0.212565 -0.202548 -0.19688 -0.195603 -0.205979 -0.19444
-0.213742 -0.195207 -0.18937 -0.195821 -0.207369 -0.18696
-0.214434 -0.187304 -0.180986 -0.195934 -0.209203 -0.178518
-0.21557 -0.178869 -0.171926 -0.196126 -0.211275 -0.16932
-0.217326 -0.169976 -0.162806 -0.196613 -0.213026 -0.159928
-0.219022 -0.160911 -0.153332 -0.197136 -0.215118 -0.15019
-0.220545 -0.151818 -0.144329 -0.198338 -0.217359 -0.140573
-0.22219 -0.142711 -0.135706 -0.199569 -0.219392 -0.131463
-0.224012 -0.133946 -0.12842 -0.201022 -0.221215 -0.122923
-0.225567 -0.125737 -0.122014 -0.202819 -0.222868 -0.115173
-0.227055 -0.118413 -0.116695 -0.20475 -0.224371 -0.108233
-0.228384 -0.112159 -0.112025 -0.206722 -0.225594 -0.102116
-0.229747 -0.107316 -0.108399 -0.208765 -0.226515 -0.0971845
-0.230842 -0.103794 -0.105545 -0.210858 -0.227393 -0.0937024
-0.231752 -0.101709 -0.104099 -0.212901 -0.228073 -0.0920037
-0.232598 -0.101127 -0.103969 -0.21462 -0.228666 -0.0918658
-0.233916 -0.102039 -0.105294 -0.215837 -0.229348 -0.0927614
-0.235469 -0.104441 -0.108102 -0.216764 -0.230171 -0.0949067
-0.236668 -0.108238 -0.112117 -0.217388 -0.231276 -0.098605
-0.237618 -0.113269 -0.117348 -0.217981 -0.232357 -0.103541
-0.238087 -0.119488 -0.123263 -0.218586 -0.233198 -0.110178
-0.238447 -0.126545 -0.130044 -0.219056 -0.233647 -0.117954
-0.23887 -0.134399 -0.137483 -0.219477 -0.233627 -0.126403
-0.238982 -0.143144 -0.145473 -0.21992 -0.233575 -0.134964
-0.238828 -0.15203 -0.153656 -0.220177 -0.23337 -0.143619
-0.238848 -0.160568 -0.161715 -0.220456 -0.233119 -0.151979
-0.238838 -0.168812 -0.169566 -0.220123 -0.232661 -0.160171
-0.237737 -0.177639 -0.181821 -0.217327 -0.230798 -0.169742
-0.236929 -0.186983 -0.198419 -0.215201 -0.229367 -0.180625
-0.235935 -0.195831 -0.214351 -0.213404 -0.227826 -0.191289
-0.234892 -0.204151 -0.228271 -0.210909 -0.225752 -0.201911
-0.232518 -0.210987 -0.235526 -0.207682 -0.222641 -0.207777
-0.229462 -0.216315 -0.235543 -0.204205 -0.218854 -0.205936
-0.225751 -0.221058 -0.232559 -0.200329 -0.217025 -0.203776
-0.221255 -0.221555 -0.231011 -0.19622 -0.213902 -0.202448
-0.215214 -0.222328 -0.228658 -0.192354 -0.209228 -0.201869
-0.210118 -0.222412 -0.225174 -0.189068 -0.203151 -0.202071
-0.204193 -0.223362 -0.223638 -0.183712 -0.196606 -0.202279
-0.197214 -0.224819 -0.222482 -0.176629 -0.189649 -0.201982
-0.189804 -0.226035 -0.221704 -0.168639 -0.181419 -0.201733
-0.181717 -0.22646 -0.22215 -0.160491 -0.173137 -0.201329
-0.172379 -0.226254 -0.222858 -0.152305 -0.164333 -0.201048
-0.16233 -0.225966 -0.224 -0.145064 -0.15527 -0.201107
-0.151883 -0.225384 -0.225256 -0.138963 -0.145921 -0.201351
-0.141344 -0.225048 -0.226261 -0.13375 -0.136302 -0.202213
-0.131346 -0.22516 -0.227326 -0.129467 -0.126944 -0.203611
-0.122034 -0.22552 -0.228052 -0.126246 -0.118188 -0.205254
-0.114427 -0.226417 -0.228602 -0.123714 -0.110514 -0.207308
-0.108583 -0.227759 -0.228958 -0.121964 -0.10457 -0.209285
-0.104674 -0.229099 -0.229327 -0.120735 -0.10052 -0.211077
-0.103128 -0.230112 -0.230009 -0.11984 -0.0980859 -0.212358
-0.102991 -0.230945 -0.230629 -0.118998 -0.0976463 -0.213329
-0.104218 -0.231671 -0.231036 -0.118732 -0.0985993 -0.214115
-0.106649 -0.232036 -0.231597 -0.119494 -0.101028 -0.21467
-0.110242 -0.231771 -0.231918 -0.121316 -0.104869 -0.215155
-0.114668 -0.231485 -0.232143 -0.124184 -0.109812 -0.215571
-0.12022 -0.231294 -0.23246 -0.12796 -0.115734 -0.216001
-0.12691 -0.231551 -0.232707 -0.132787 -0.122434 -0.216518
-0.134447 -0.232165 -0.232527 -0.138313 -0.129744 -0.216957
-0.144152 -0.233265 -0.232193 -0.145469 -0.138985 -0.217365
-0.152654 -0.234071 -0.232027 -0.151962 -0.14705 -0.217544
-0.160901 -0.2343 -0.231667 -0.158502 -0.154988 -0.217741
-0.169111 -0.23461 -0.231224 -0.165112 -0.162825 -0.217919
-0.176942 -0.234549 -0.230642 -0.172209 -0.170609 -0.217352
-0.186362 -0.234149 -0.226939 -0.1846 -0.180775 -0.215446
-0.197035 -0.233934 -0.223838 -0.197115 -0.192506 -0.214166
-0.205032 -0.233109 -0.221565 -0.209157 -0.202327 -0.213239
-0.209373 -0.231481 -0.218913 -0.214426 -0.211378 -0.211135
-0.2076 -0.228992 -0.2164 -0.213154 -0.221217 -0.208426
-0.206855 -0.226989 -0.213043 -0.212238 -0.226016 -0.205461
-0.206524 -0.223713 -0.209793 -0.210346 -0.226348 -0.201515
-0.206447 -0.219298 -0.207637 -0.207309 -0.226984 -0.197699
-0.206717 -0.213648 -0.204576 -0.205017 -0.228621 -0.193144
-0.206547 -0.207616 -0.199675 -0.203686 -0.229704 -0.188123
-0.206286 -0.200763 -0.192871 -0.202927 -0.230803 -0.181992
-0.206268 -0.193342 -0.184596 -0.20328 -0.231344 -0.174955
-0.206285 -0.185173 -0.175498 -0.203893 -0.23134 -0.166878
-0.206615 -0.176291 -0.16601 -0.204817 -0.231626 -0.157987
-0.207302 -0.167062 -0.156899 -0.205938 -0.23168 -0.148588
-0.208501 -0.157522 -0.148053 -0.207042 -0.232215 -0.138814
-0.209951 -0.148017 -0.139688 -0.208301 -0.23308 -0.129077
-0.211597 -0.138734 -0.132076 -0.209355 -0.234264 -0.119715
-0.213425 -0.129851 -0.125396 -0.210382 -0.235572 -0.11116
-0.21531 -0.121522 -0.11968 -0.211331 -0.237184 -0.103542
-0.217117 -0.114311 -0.114934 -0.212428 -0.238748 -0.096799
-0.218636 -0.108583 -0.110948 -0.213809 -0.240183 -0.0913485
-0.219581 -0.104665 -0.107525 -0.215564 -0.241135 -0.0871661
-0.22025 -0.102717 -0.104701 -0.217508 -0.241663 -0.0849717
-0.220821 -0.102118 -0.10372 -0.219028 -0.241659 -0.0843699
-0.221538 -0.102623 -0.104014 -0.220526 -0.241692 -0.084746
-0.222262 -0.104372 -0.10571 -0.22143 -0.241848 -0.0863654
-0.223132 -0.107679 -0.109128 -0.222402 -0.241979 -0.0894508
-0.224138 -0.112297 -0.11347 -0.223135 -0.242048 -0.0936024
-0.224999 -0.11793 -0.118948 -0.223407 -0.242274 -0.0991885
-0.225825 -0.12458 -0.125498 -0.223693 -0.2429 -0.105888
-0.226425 -0.131892 -0.133195 -0.223887 -0.243265 -0.113736
-0.226788 -0.139386 -0.140831 -0.22416 -0.243608 -0.122392
-0.226887 -0.147504 -0.148819 -0.224536 -0.243533 -0.13125
-0.226836 -0.156152 -0.156714 -0.224908 -0.243153 -0.140171
-0.22671 -0.164792 -0.164311 -0.225303 -0.242139 -0.14865
-0.225983 -0.17326 -0.172902 -0.224218 -0.240777 -0.157342
-0.224364 -0.18229 -0.186984 -0.221531 -0.238783 -0.167623
-0.223393 -0.190955 -0.203924 -0.219522 -0.236995 -0.178729
-0.222373 -0.198794 -0.219492 -0.217248 -0.235022 -0.189508
-0.220735 -0.205611 -0.233619 -0.214508 -0.232632 -0.200316
-0.218624 -0.210311 -0.239319 -0.210979 -0.229403 -0.208604
-0.216001 -0.212785 -0.239042 -0.207305 -0.22587 -0.206317
-0.211853 -0.214327 -0.236327 -0.203581 -0.223478 -0.204296
-0.207353 -0.217359 -0.234069 -0.199433 -0.21913 -0.203271
-0.202396 -0.221907 -0.231542 -0.195529 -0.214077 -0.202603
-0.196553 -0.225605 -0.229328 -0.191002 -0.208799 -0.20183
-0.189413 -0.226194 -0.226687 -0.185015 -0.203049 -0.200944
-0.181673 -0.226998 -0.224207 -0.177882 -0.1955 -0.200739
-0.173246 -0.227776 -0.222395 -0.170112 -0.186599 -0.200975
-0.164154 -0.22858 -0.221877 -0.161607 -0.177652 -0.200833
-0.154689 -0.229239 -0.221354 -0.153143 -0.16886 -0.200306
-0.145045 -0.23016 -0.221485 -0.145 -0.159732 -0.200117
-0.135249 -0.230541 -0.222043 -0.137795 -0.150504 -0.200174
-0.125642 -0.230727 -0.22302 -0.1316 -0.141473 -0.200751
-0.116346 -0.230803 -0.224523 -0.126616 -0.133101 -0.201569
-0.107708 -0.230921 -0.22557 -0.122748 -0.125565 -0.202819
-0.100318 -0.231448 -0.22653 -0.119795 -0.11891 -0.20436
-0.0949048 -0.232415 -0.227077 -0.117658 -0.112984 -0.206282
-0.091628 -0.233501 -0.227899 -0.116102 -0.108743 -0.208061
-0.0900766 -0.234401 -0.228665 -0.115225 -0.106488 -0.209553
-0.0898431 -0.235337 -0.229707 -0.115264 -0.106281 -0.210969
-0.0910636 -0.236352 -0.230391 -0.116342 -0.107775 -0.212
-0.0939023 -0.237315 -0.230812 -0.118183 -0.110962 -0.212945
-0.0981231 -0.238238 -0.231312 -0.1208 -0.115352 -0.213647
-0.103465 -0.238818 -0.231788 -0.124293 -0.120545 -0.214098
-0.109731 -0.23917 -0.232229 -0.128974 -0.126927 -0.21462
-0.11659 -0.239178 -0.2325 -0.134555 -0.134367 -0.215025
-0.12428 -0.23936 -0.232591 -0.141079 -0.142304 -0.215407
-0.132497 -0.239652 -0.232501 -0.147876 -0.150395 -0.215763
-0.14103 -0.239841 -0.23226 -0.155319 -0.158345 -0.215998
-0.149536 -0.240029 -0.231862 -0.162727 -0.166365 -0.216166
-0.157685 -0.240004 -0.231856 -0.169786 -0.174178 -0.216011
-0.166227 -0.239696 -0.230959 -0.177894 -0.18219 -0.215136
-0.177241 -0.238877 -0.227425 -0.190776 -0.19172 -0.213202
-0.188943 -0.23846 -0.225215 -0.202873 -0.201827 -0.211747
-0.197972 -0.237886 -0.223055 -0.214705 -0.209734 -0.210263
-0.205887 -0.236666 -0.220048 -0.215145 -0.216911 -0.207845
-0.213249 -0.234677 -0.216667 -0.213189 -0.217139 -0.205296
-0.221991 -0.231713 -0.212218 -0.212923 -0.216159 -0.202792
-0.222526 -0.227022 -0.208972 -0.211035 -0.214729 -0.200163
-0.222631 -0.22261 -0.206722 -0.208061 -0.215213 -0.196063
-0.222558 -0.217403 -0.202991 -0.206804 -0.215549 -0.191058
-0.22632 -0.151 -0.139123 -0.206337 -0.222786 -0.125981
-0.227177 -0.142136 -0.131219 -0.207781 -0.223839 -0.116917
-0.228091 -0.133535 -0.12422 -0.20928 -0.224847 -0.108528
-0.229203 -0.12589 -0.118693 -0.210781 -0.225631 -0.101269
-0.230368 -0.119147 -0.113993 -0.212052 -0.226598 -0.0946694
-0.231462 -0.113884 -0.110402 -0.213438 -0.22813 -0.0881733
-0.23273 -0.109704 -0.106874 -0.21508 -0.229265 -0.0844336
-0.233427 -0.107964 -0.105273 -0.216217 -0.230065 -0.0828584
-0.233929 -0.107169 -0.104871 -0.217553 -0.231118 -0.0824454
-0.234454 -0.107851 -0.105345 -0.218725 -0.232 -0.0831957
-0.235093 -0.109692 -0.107052 -0.219646 -0.232587 -0.0851211
-0.235538 -0.113185 -0.110142 -0.220563 -0.232939 -0.0885057
-0.235664 -0.118176 -0.11477 -0.221519 -0.233388 -0.0930698
-0.235542 -0.124094 -0.120505 -0.222387 -0.2337 -0.098875
-0.235558 -0.1307 -0.1272 -0.222939 -0.233954 -0.106088
-0.235838 -0.139458 -0.136451 -0.223442 -0.233937 -0.115584
-0.235911 -0.146102 -0.143092 -0.223665 -0.23392 -0.122104
-0.235762 -0.154372 -0.151283 -0.223932 -0.234075 -0.130498
-0.23562 -0.164303 -0.160931 -0.224061 -0.234012 -0.140688
-0.235549 -0.170645 -0.167246 -0.224108 -0.233939 -0.147347
-0.234577 -0.180087 -0.179513 -0.222063 -0.232633 -0.158336
-0.233652 -0.18827 -0.194752 -0.219876 -0.231158 -0.169641
-0.232758 -0.195911 -0.210105 -0.218167 -0.229846 -0.181529
-0.231251 -0.203122 -0.225264 -0.21581 -0.228234 -0.193877
-0.229053 -0.20945 -0.233484 -0.21299 -0.225815 -0.206124
-0.228079 -0.214047 -0.235057 -0.209313 -0.224318 -0.212749
-0.225879 -0.219143 -0.232751 -0.204701 -0.221682 -0.210933
-0.222046 -0.224184 -0.229965 -0.200887 -0.220152 -0.211318
-0.216379 -0.223887 -0.226586 -0.197685 -0.215305 -0.211997
-0.209997 -0.224374 -0.223182 -0.194046 -0.208465 -0.213221
-0.203344 -0.224779 -0.220952 -0.189764 -0.201112 -0.213425
-0.196365 -0.225964 -0.219445 -0.183581 -0.194135 -0.213236
-0.188727 -0.227661 -0.21771 -0.175791 -0.185906 -0.21271
-0.180975 -0.228816 -0.216923 -0.167472 -0.176838 -0.212239
-0.172138 -0.229121 -0.2173 -0.158724 -0.167785 -0.21173
-0.16452 -0.228914 -0.218137 -0.151807 -0.160482 -0.211297
-0.15253 -0.22818 -0.219724 -0.142595 -0.149804 -0.210654
-0.142373 -0.227753 -0.220858 -0.135965 -0.140932 -0.210878
-0.132408 -0.227377 -0.221848 -0.130726 -0.131923 -0.211801
-0.122747 -0.226923 -0.223188 -0.126703 -0.123418 -0.213274
-0.113936 -0.226854 -0.224256 -0.123358 -0.11562 -0.214954
-0.1068 -0.227644 -0.224603 -0.120558 -0.10864 -0.216869
-0.102074 -0.229018 -0.224865 -0.118357 -0.103341 -0.21886
-0.0995016 -0.230783 -0.225334 -0.116663 -0.0998824 -0.220747
-0.0987556 -0.232488 -0.226024 -0.115529 -0.098349 -0.222206
-0.0995183 -0.233768 -0.22677 -0.115253 -0.0988699 -0.223252
-0.101559 -0.235015 -0.22756 -0.115891 -0.100901 -0.223799
-0.104811 -0.235881 -0.228589 -0.117354 -0.104487 -0.224218
-0.109289 -0.236354 -0.229579 -0.119722 -0.109273 -0.224222
-0.11475 -0.236461 -0.230416 -0.123343 -0.115242 -0.224205
-0.121365 -0.236215 -0.231286 -0.128305 -0.121908 -0.224441
-0.128632 -0.235749 -0.231872 -0.134611 -0.129159 -0.224756
-0.136294 -0.235593 -0.231998 -0.141516 -0.136985 -0.225068
-0.144597 -0.2357 -0.231861 -0.148876 -0.145009 -0.225492
-0.153078 -0.235769 -0.231752 -0.15629 -0.152867 -0.225804
-0.161721 -0.235916 -0.231449 -0.16351 -0.160841 -0.225985
-0.170227 -0.236141 -0.231292 -0.170482 -0.168747 -0.225782
-0.179896 -0.235269 -0.228659 -0.180467 -0.176974 -0.224404
-0.191432 -0.233727 -0.225108 -0.193811 -0.186531 -0.222536
-0.20253 -0.232992 -0.22312 -0.207089 -0.196276 -0.221529
-0.213071 -0.232323 -0.220799 -0.217665 -0.20643 -0.2202
-0.215982 -0.23163 -0.218548 -0.21788 -0.216253 -0.218924
-0.214178 -0.229619 -0.216163 -0.216423 -0.216973 -0.217711
-0.214841 -0.229135 -0.214764 -0.21456 -0.217434 -0.214323
-0.215283 -0.227935 -0.215205 -0.212619 -0.218061 -0.213367
-0.215812 -0.22669 -0.216507 -0.211744 -0.219427 -0.21206
-0.216068 -0.226267 -0.217544 -0.211036 -0.220616 -0.21186
-0.216386 -0.226363 -0.218105 -0.211048 -0.221409 -0.212447
-0.216385 -0.226603 -0.218265 -0.211451 -0.221815 -0.213456
-0.216751 -0.227138 -0.218627 -0.211937 -0.22208 -0.21448
-0.217481 -0.227842 -0.219079 -0.212324 -0.222289 -0.215152
-0.218143 -0.22809 -0.219665 -0.212633 -0.222798 -0.215474
-0.219005 -0.22825 -0.220476 -0.212654 -0.223591 -0.215564
-0.219798 -0.2282 -0.221308 -0.212675 -0.224367 -0.215605
-0.220351 -0.228151 -0.222006 -0.212717 -0.225355 -0.215624
-0.220656 -0.228081 -0.222613 -0.212758 -0.22597 -0.21576
-0.220911 -0.228111 -0.223063 -0.212855 -0.226461 -0.21599
-0.22107 -0.22821 -0.223398 -0.212978 -0.226883 -0.216151
-0.221135 -0.22827 -0.223576 -0.213005 -0.227108 -0.216222
-0.221307 -0.22826 -0.223909 -0.212942 -0.227333 -0.216339
-0.22144 -0.22823 -0.224063 -0.212885 -0.22759 -0.216409
-0.221554 -0.228171 -0.224264 -0.212849 -0.227812 -0.216547
-0.221578 -0.228151 -0.224373 -0.212743 -0.228021 -0.216753
-0.221653 -0.228111 -0.224436 -0.212753 -0.228155 -0.217028
-0.221505 -0.228189 -0.224499 -0.21281 -0.228216 -0.217324
-0.221421 -0.228385 -0.22445 -0.213046 -0.228211 -0.217574
-0.221286 -0.22858 -0.224354 -0.213259 -0.228135 -0.217914
-0.221117 -0.228823 -0.224236 -0.213494 -0.227988 -0.21823
-0.22105 -0.229141 -0.224118 -0.213774 -0.227768 -0.218455
-0.220862 -0.229252 -0.223973 -0.214006 -0.227438 -0.218657
-0.220602 -0.229615 -0.223803 -0.21426 -0.227218 -0.218881
-0.220394 -0.229964 -0.223499 -0.214352 -0.226926 -0.219105
-0.220185 -0.230292 -0.22331 -0.214627 -0.226688 -0.219262
-0.219975 -0.230523 -0.223215 -0.214789 -0.226506 -0.219397
-0.219923 -0.23068 -0.223215 -0.214857 -0.226323 -0.219464
-0.219923 -0.230796 -0.223215 -0.21497 -0.226291 -0.21942
-0.220028 -0.230947 -0.223283 -0.214992 -0.226291 -0.219443
-0.220028 -0.230988 -0.223283 -0.21506 -0.226204 -0.219465
-0.219975 -0.231104 -0.223262 -0.215104 -0.226188 -0.219465
-0.220046 -0.231125 -0.223336 -0.215172 -0.226101 -0.219421
-0.220151 -0.231166 -0.223262 -0.215238 -0.225997 -0.219444
-0.220203 -0.231187 -0.223262 -0.215304 -0.225981 -0.219376
-0.220307 -0.231207 -0.223336 -0.215258 -0.225965 -0.219376
-0.220307 -0.231207 -0.223357 -0.21528 -0.225981 -0.219399
-0.220289 -0.231139 -0.223404 -0.215258 -0.226037 -0.219444
-0.220341 -0.231139 -0.223425 -0.21528 -0.226092 -0.219377
-0.22036 -0.231091 -0.223404 -0.215234 -0.226259 -0.219422
-0.22036 -0.231044 -0.223473 -0.215212 -0.22633 -0.219445
-0.22036 -0.230955 -0.223588 -0.215119 -0.226512 -0.21949
-0.22036 -0.23077 -0.223704 -0.215095 -0.22671 -0.219423
-0.220394 -0.230606 -0.22384 -0.215027 -0.22694 -0.219446
-0.220394 -0.230517 -0.22393 -0.214981 -0.227098 -0.219559
-0.220412 -0.230497 -0.223951 -0.215027 -0.227186 -0.219604
-0.220394 -0.230476 -0.224014 -0.215002 -0.227273 -0.219626
-0.220394 -0.230429 -0.224103 -0.215002 -0.227289 -0.219694
-0.220394 -0.230388 -0.22413 -0.215002 -0.227432 -0.219761
-0.220341 -0.230319 -0.22413 -0.214981 -0.227551 -0.219762
-0.220394 -0.230299 -0.224151 -0.214934 -0.227655 -0.219897
-0.22036 -0.230278 -0.224151 -0.215049 -0.227655 -0.219987
-0.220341 -0.230278 -0.224151 -0.214981 -0.227655 -0.22001
-0.220412 -0.230278 -0.224151 -0.215027 -0.227639 -0.22001
-0.220412 -0.230347 -0.224151 -0.214981 -0.227639 -0.219987
-0.220412 -0.230347 -0.224198 -0.215002 -0.227639 -0.22001
-0.220412 -0.230367 -0.224198 -0.214981 -0.227639 -0.219987
-0.220394 -0.230408 -0.224151 -0.215027 -0.227623 -0.219965
-0.220446 -0.230476 -0.224198 -0.215002 -0.227551 -0.219942
-0.220568 -0.230517 -0.224151 -0.215002 -0.22748 -0.219942
-0.220672 -0.23049 -0.224198 -0.215002 -0.227519 -0.219897
-0.220724 -0.230558 -0.224245 -0.215024 -0.227464 -0.219875
-0.220776 -0.23051